siteID,year,genus,<0,0-8,8-28,-48,-68,-88,>88,max_diam,max_hgt,leaf_area_ind,basal_area,total_biomC,pl_biomC_std,total_biomN,pl_biomN_std
349,10,Abies',0,10,0,0,0,0,0,4.127026557922363,3.725468873977661,4.93569438457489,0.013644718502366468,16.39661750793457,366.63951348804943,0.00010773029068484849,2.408922532071331
349,10,Acer',0,1917,5,0,0,0,0,11.151302337646484,7.5315423011779785,773.8189493396756,2.2745387560630967,3485.2734444516154,5870.799655165597,0.01888460577366897,31.631700344975528
349,10,Aesculus',0,0,0,0,0,0,0,0.0,0.0,0.0,0.0,0.0,0.0,0.0,0.0
349,10,Ailanthus',0,0,0,0,0,0,0,0.0,0.0,0.0,0.0,0.0,0.0,0.0,0.0
349,10,Alnus',0,33,0,0,0,0,0,7.1959428787231445,5.531126976013184,6.777146933953972,0.01822538416043052,26.306949267834426,415.82005857937304,0.00015602068127359945,2.394750581248519
349,10,Amelanchier',0,0,0,0,0,0,0,0.0,0.0,0.0,0.0,0.0,0.0,0.0,0.0
349,10,Arbutus',0,0,0,0,0,0,0,0.0,0.0,0.0,0.0,0.0,0.0,0.0,0.0
349,10,Asimina',0,0,0,0,0,0,0,0.0,0.0,0.0,0.0,0.0,0.0,0.0,0.0
349,10,Betula',0,1560,9,0,0,0,0,9.01718521118164,6.113875865936279,599.6384160713399,1.7821019790575163,2464.9035379080474,4896.656691347811,0.01410969153583363,27.540077315440058
349,10,Calocedrus',0,0,0,0,0,0,0,0.0,0.0,0.0,0.0,0.0,0.0,0.0,0.0
349,10,Carpinus',0,0,0,0,0,0,0,0.0,0.0,0.0,0.0,0.0,0.0,0.0,0.0
349,10,Carya',0,0,0,0,0,0,0,0.0,0.0,0.0,0.0,0.0,0.0,0.0,0.0
349,10,Castanea',0,0,0,0,0,0,0,0.0,0.0,0.0,0.0,0.0,0.0,0.0,0.0
349,10,Catalpa',0,0,0,0,0,0,0,0.0,0.0,0.0,0.0,0.0,0.0,0.0,0.0
349,10,Celtis',0,0,0,0,0,0,0,0.0,0.0,0.0,0.0,0.0,0.0,0.0,0.0
349,10,Cercis',0,0,0,0,0,0,0,0.0,0.0,0.0,0.0,0.0,0.0,0.0,0.0
349,10,Cercocarpus',0,0,0,0,0,0,0,0.0,0.0,0.0,0.0,0.0,0.0,0.0,0.0
349,10,Chamaecyparis',0,0,0,0,0,0,0,0.0,0.0,0.0,0.0,0.0,0.0,0.0,0.0
349,10,Chilopsis',0,0,0,0,0,0,0,0.0,0.0,0.0,0.0,0.0,0.0,0.0,0.0
349,10,Chrysolepis',0,0,0,0,0,0,0,0.0,0.0,0.0,0.0,0.0,0.0,0.0,0.0
349,10,Cladrastis',0,0,0,0,0,0,0,0.0,0.0,0.0,0.0,0.0,0.0,0.0,0.0
349,10,Comus',0,0,0,0,0,0,0,0.0,0.0,0.0,0.0,0.0,0.0,0.0,0.0
349,10,Cornus',0,0,0,0,0,0,0,0.0,0.0,0.0,0.0,0.0,0.0,0.0,0.0
349,10,Crataegus',0,0,0,0,0,0,0,0.0,0.0,0.0,0.0,0.0,0.0,0.0,0.0
349,10,Cupressus',0,0,0,0,0,0,0,0.0,0.0,0.0,0.0,0.0,0.0,0.0,0.0
349,10,Diospyros',0,0,0,0,0,0,0,0.0,0.0,0.0,0.0,0.0,0.0,0.0,0.0
349,10,Elaeagnus',0,433,0,0,0,0,0,7.295853137969971,4.250741481781006,182.88489721408936,0.7282564425017383,837.8930923561752,3166.5547620225243,0.004494714354197728,16.81655950043884
349,10,Fagus',0,6,0,0,0,0,0,3.163297653198242,3.236016035079956,1.8500151041942305,0.00484117421879439,7.796496275663376,174.33495658707213,4.3957543969154354e-05,0.9829205643896566
349,10,Fraxinus',0,499,0,0,0,0,0,5.5998663902282715,3.934140205383301,168.57036859928803,0.4753809906651417,715.4292571729421,2402.3544685182783,0.004016506903313797,13.76134362773918
349,10,Gleditsia',0,0,0,0,0,0,0,0.0,0.0,0.0,0.0,0.0,0.0,0.0,0.0
349,10,Gordonia',0,0,0,0,0,0,0,0.0,0.0,0.0,0.0,0.0,0.0,0.0,0.0
349,10,Gymnocladus',0,0,0,0,0,0,0,0.0,0.0,0.0,0.0,0.0,0.0,0.0,0.0
349,10,Halesia',0,0,0,0,0,0,0,0.0,0.0,0.0,0.0,0.0,0.0,0.0,0.0
349,10,Ilex',0,0,0,0,0,0,0,0.0,0.0,0.0,0.0,0.0,0.0,0.0,0.0
349,10,Juglans',0,0,0,0,0,0,0,0.0,0.0,0.0,0.0,0.0,0.0,0.0,0.0
349,10,Juniperus',0,0,0,0,0,0,0,0.0,0.0,0.0,0.0,0.0,0.0,0.0,0.0
349,10,Larix',0,0,0,0,0,0,0,0.0,0.0,0.0,0.0,0.0,0.0,0.0,0.0
349,10,Liquidambar',0,0,0,0,0,0,0,0.0,0.0,0.0,0.0,0.0,0.0,0.0,0.0
349,10,Liriodendron',0,0,0,0,0,0,0,0.0,0.0,0.0,0.0,0.0,0.0,0.0,0.0
349,10,Lithocarpus',0,0,0,0,0,0,0,0.0,0.0,0.0,0.0,0.0,0.0,0.0,0.0
349,10,Maclura',0,0,0,0,0,0,0,0.0,0.0,0.0,0.0,0.0,0.0,0.0,0.0
349,10,Magnolia',0,0,0,0,0,0,0,0.0,0.0,0.0,0.0,0.0,0.0,0.0,0.0
349,10,Malus',0,0,0,0,0,0,0,0.0,0.0,0.0,0.0,0.0,0.0,0.0,0.0
349,10,Morus',0,0,0,0,0,0,0,0.0,0.0,0.0,0.0,0.0,0.0,0.0,0.0
349,10,Nyssa',0,0,0,0,0,0,0,0.0,0.0,0.0,0.0,0.0,0.0,0.0,0.0
349,10,Olneya',0,0,0,0,0,0,0,0.0,0.0,0.0,0.0,0.0,0.0,0.0,0.0
349,10,Ostrya',0,0,0,0,0,0,0,0.0,0.0,0.0,0.0,0.0,0.0,0.0,0.0
349,10,Oxydendron',0,0,0,0,0,0,0,0.0,0.0,0.0,0.0,0.0,0.0,0.0,0.0
349,10,Paulownia',0,0,0,0,0,0,0,0.0,0.0,0.0,0.0,0.0,0.0,0.0,0.0
349,10,Persea',0,0,0,0,0,0,0,0.0,0.0,0.0,0.0,0.0,0.0,0.0,0.0
349,10,Picea',0,10,0,0,0,0,0,1.6944010257720947,2.543076753616333,1.0232628020644188,0.0023180105454258908,3.4007825896143915,76.04381047075609,2.2337757451770227e-05,0.49948744127060385
349,10,Pinus',0,184,0,0,0,0,0,7.2513861656188965,5.8822479248046875,88.10874518960713,0.3294079864112604,401.5150006005168,2435.533361287752,0.0021649374203242667,13.027880402566854
349,10,Planera',0,0,0,0,0,0,0,0.0,0.0,0.0,0.0,0.0,0.0,0.0,0.0
349,10,Platanus',0,10,0,0,0,0,0,2.0028300285339355,1.8956102132797241,2.307652023774159,0.0032387034534844612,8.321917133331299,186.0837241324897,5.171308192610749e-05,1.1563396651279207
349,10,Populus',0,1541,7,0,0,0,0,9.15946102142334,7.949075698852539,619.4034920582146,2.1611485725709603,2171.310280860886,4213.656076137914,0.013741791342582549,26.34098824500348
349,10,Prosopis',0,0,0,0,0,0,0,0.0,0.0,0.0,0.0,0.0,0.0,0.0,0.0
349,10,Prunus',0,369,4,0,0,0,0,8.154799461364746,5.771529197692871,222.93953686693231,0.730179333483408,790.7610257327557,3012.9011070127676,0.004966585210853026,18.552813550556124
349,10,Pseudotsuga',0,0,0,0,0,0,0,0.0,0.0,0.0,0.0,0.0,0.0,0.0,0.0
349,10,Quercus',0,75,0,0,0,0,0,4.831090450286865,3.976522445678711,28.845893292676042,0.07420959682718417,123.9117478865385,1187.1676704027893,0.0006906120967147864,6.658187547639515
349,10,Robinia',0,0,0,0,0,0,0,0.0,0.0,0.0,0.0,0.0,0.0,0.0,0.0
349,10,Salix',0,467,4,0,0,0,0,8.337691307067871,5.310002326965332,159.4453896353422,0.46281467994367786,498.5016412110627,2084.8690939481994,0.003403086387872342,14.46111295461301
349,10,Sassafras',0,0,0,0,0,0,0,0.0,0.0,0.0,0.0,0.0,0.0,0.0,0.0
349,10,Sequoia',0,0,0,0,0,0,0,0.0,0.0,0.0,0.0,0.0,0.0,0.0,0.0
349,10,Sequoiadendron',0,0,0,0,0,0,0,0.0,0.0,0.0,0.0,0.0,0.0,0.0,0.0
349,10,Sorbus',0,0,0,0,0,0,0,0.0,0.0,0.0,0.0,0.0,0.0,0.0,0.0
349,10,Taxodium',0,0,0,0,0,0,0,0.0,0.0,0.0,0.0,0.0,0.0,0.0,0.0
349,10,Taxus',0,0,0,0,0,0,0,0.0,0.0,0.0,0.0,0.0,0.0,0.0,0.0
349,10,Thuja',0,10,0,0,0,0,0,5.77841854095459,4.671804904937744,9.463861718177794,0.026958826687205988,31.099406580924988,695.4038717485265,0.0002058100188796724,4.602051926654628
349,10,Tilia',0,0,0,0,0,0,0,0.0,0.0,0.0,0.0,0.0,0.0,0.0,0.0
349,10,Torreya',0,0,0,0,0,0,0,0.0,0.0,0.0,0.0,0.0,0.0,0.0,0.0
349,10,Tsuga',0,10,0,0,0,0,0,5.617024898529053,3.822218894958496,9.06590677499771,0.025275674336366374,32.928499853610994,736.3036406976589,0.00020412643428891852,4.564405830746639
349,10,Ulmus',0,103,0,0,0,0,0,6.113157749176025,4.531325340270996,39.612588808412035,0.14512644964518912,173.49134222477676,1232.1704952235034,0.000955781536187043,6.672630261624958
349,10,Umbellularia',0,0,0,0,0,0,0,0.0,0.0,0.0,0.0,0.0,0.0,0.0,0.0
349,20,Abies',0,10,0,0,0,0,0,5.657997131347656,4.5606913566589355,1.6616499245166778,0.025645755587882638,16.15048890709877,361.13591066128595,5.98915857076646e-05,1.3392165692259062
349,20,Acer',0,1504,24,0,0,0,0,11.686502456665039,8.254104614257812,677.0837452108206,2.6112374514199854,3797.344414811209,7672.761471933146,0.01818553981917375,36.14989546330002
349,20,Aesculus',0,0,0,0,0,0,0,0.0,0.0,0.0,0.0,0.0,0.0,0.0,0.0
349,20,Ailanthus',0,0,0,0,0,0,0,0.0,0.0,0.0,0.0,0.0,0.0,0.0,0.0
349,20,Alnus',0,30,0,0,0,0,0,14.181251525878906,7.823357582092285,4.5715949839994865,0.012362358527916707,19.813422192037105,287.21399006233196,0.00010984047602512873,1.5199585405728948
349,20,Amelanchier',0,0,0,0,0,0,0,0.0,0.0,0.0,0.0,0.0,0.0,0.0,0.0
349,20,Arbutus',0,0,0,0,0,0,0,0.0,0.0,0.0,0.0,0.0,0.0,0.0,0.0
349,20,Asimina',0,0,0,0,0,0,0,0.0,0.0,0.0,0.0,0.0,0.0,0.0,0.0
349,20,Betula',0,1586,169,0,0,0,0,13.393956184387207,8.067840576171875,778.7746829743484,3.5502469309399944,4287.303031911329,8347.310280629546,0.0207382343221045,37.82599079968425
349,20,Calocedrus',0,0,0,0,0,0,0,0.0,0.0,0.0,0.0,0.0,0.0,0.0,0.0
349,20,Carpinus',0,10,0,0,0,0,0,2.243479013442993,2.7799785137176514,1.6839854381506953,0.0040637503378679945,7.062410310506821,157.92029539288728,3.993615053221602e-05,0.892999473497003
349,20,Carya',0,0,0,0,0,0,0,0.0,0.0,0.0,0.0,0.0,0.0,0.0,0.0
349,20,Castanea',0,0,0,0,0,0,0,0.0,0.0,0.0,0.0,0.0,0.0,0.0,0.0
349,20,Catalpa',0,0,0,0,0,0,0,0.0,0.0,0.0,0.0,0.0,0.0,0.0,0.0
349,20,Celtis',0,0,0,0,0,0,0,0.0,0.0,0.0,0.0,0.0,0.0,0.0,0.0
349,20,Cercis',0,0,0,0,0,0,0,0.0,0.0,0.0,0.0,0.0,0.0,0.0,0.0
349,20,Cercocarpus',0,0,0,0,0,0,0,0.0,0.0,0.0,0.0,0.0,0.0,0.0,0.0
349,20,Chamaecyparis',0,0,0,0,0,0,0,0.0,0.0,0.0,0.0,0.0,0.0,0.0,0.0
349,20,Chilopsis',0,0,0,0,0,0,0,0.0,0.0,0.0,0.0,0.0,0.0,0.0,0.0
349,20,Chrysolepis',0,0,0,0,0,0,0,0.0,0.0,0.0,0.0,0.0,0.0,0.0,0.0
349,20,Cladrastis',0,0,0,0,0,0,0,0.0,0.0,0.0,0.0,0.0,0.0,0.0,0.0
349,20,Comus',0,0,0,0,0,0,0,0.0,0.0,0.0,0.0,0.0,0.0,0.0,0.0
349,20,Cornus',0,0,0,0,0,0,0,0.0,0.0,0.0,0.0,0.0,0.0,0.0,0.0
349,20,Crataegus',0,0,0,0,0,0,0,0.0,0.0,0.0,0.0,0.0,0.0,0.0,0.0
349,20,Cupressus',0,0,0,0,0,0,0,0.0,0.0,0.0,0.0,0.0,0.0,0.0,0.0
349,20,Diospyros',0,0,0,0,0,0,0,0.0,0.0,0.0,0.0,0.0,0.0,0.0,0.0
349,20,Elaeagnus',0,323,73,0,0,0,0,10.662726402282715,5.200050354003906,168.17189640919617,0.9997582807325187,1028.7897860717774,4775.931633445127,0.004707127424548142,20.421435194764243
349,20,Fagus',0,6,0,0,0,0,0,4.23324728012085,3.865771532058716,3.0985442784768114,0.008669975486538039,14.054766323566437,314.27412907369376,7.583807890117149e-05,1.6957909970601133
349,20,Fraxinus',0,366,13,0,0,0,0,9.1026611328125,5.424086093902588,119.12861405671396,0.6379083028793637,756.695133869648,3325.074464536273,0.0033964673322890867,14.475367490175854
349,20,Gleditsia',0,0,0,0,0,0,0,0.0,0.0,0.0,0.0,0.0,0.0,0.0,0.0
349,20,Gordonia',0,0,0,0,0,0,0,0.0,0.0,0.0,0.0,0.0,0.0,0.0,0.0
349,20,Gymnocladus',0,0,0,0,0,0,0,0.0,0.0,0.0,0.0,0.0,0.0,0.0,0.0
349,20,Halesia',0,0,0,0,0,0,0,0.0,0.0,0.0,0.0,0.0,0.0,0.0,0.0
349,20,Ilex',0,0,0,0,0,0,0,0.0,0.0,0.0,0.0,0.0,0.0,0.0,0.0
349,20,Juglans',0,0,0,0,0,0,0,0.0,0.0,0.0,0.0,0.0,0.0,0.0,0.0
349,20,Juniperus',0,0,0,0,0,0,0,0.0,0.0,0.0,0.0,0.0,0.0,0.0,0.0
349,20,Larix',0,0,0,0,0,0,0,0.0,0.0,0.0,0.0,0.0,0.0,0.0,0.0
349,20,Liquidambar',0,0,0,0,0,0,0,0.0,0.0,0.0,0.0,0.0,0.0,0.0,0.0
349,20,Liriodendron',0,0,0,0,0,0,0,0.0,0.0,0.0,0.0,0.0,0.0,0.0,0.0
349,20,Lithocarpus',0,0,0,0,0,0,0,0.0,0.0,0.0,0.0,0.0,0.0,0.0,0.0
349,20,Maclura',0,0,0,0,0,0,0,0.0,0.0,0.0,0.0,0.0,0.0,0.0,0.0
349,20,Magnolia',0,0,0,0,0,0,0,0.0,0.0,0.0,0.0,0.0,0.0,0.0,0.0
349,20,Malus',0,0,0,0,0,0,0,0.0,0.0,0.0,0.0,0.0,0.0,0.0,0.0
349,20,Morus',0,0,0,0,0,0,0,0.0,0.0,0.0,0.0,0.0,0.0,0.0,0.0
349,20,Nyssa',0,0,0,0,0,0,0,0.0,0.0,0.0,0.0,0.0,0.0,0.0,0.0
349,20,Olneya',0,0,0,0,0,0,0,0.0,0.0,0.0,0.0,0.0,0.0,0.0,0.0
349,20,Ostrya',0,4,0,0,0,0,0,2.198441505432129,3.1613693237304688,0.0,0.0016550312560878132,2.5544268441200257,57.118720670026086,5.676503856666386e-06,0.1269304849804582
349,20,Oxydendron',0,0,0,0,0,0,0,0.0,0.0,0.0,0.0,0.0,0.0,0.0,0.0
349,20,Paulownia',0,0,0,0,0,0,0,0.0,0.0,0.0,0.0,0.0,0.0,0.0,0.0
349,20,Persea',0,0,0,0,0,0,0,0.0,0.0,0.0,0.0,0.0,0.0,0.0,0.0
349,20,Picea',0,10,0,0,0,0,0,4.098707675933838,4.215126037597656,4.726621503829956,0.013563659731844346,17.923101511001587,400.77273346229094,0.00010810253643554989,2.4172462001003643
349,20,Pinus',0,119,96,0,0,0,0,15.319613456726074,9.023749351501465,131.85595857948064,0.9117774368688845,957.6742722383142,5281.88302310603,0.004032751103177044,21.482632985356922
349,20,Planera',0,0,0,0,0,0,0,0.0,0.0,0.0,0.0,0.0,0.0,0.0,0.0
349,20,Platanus',0,10,0,0,0,0,0,3.24261474609375,2.2591018676757812,4.610534985608692,0.008489335606362556,14.995205624103546,335.302991120827,9.96938908398156e-05,2.229223168592715
349,20,Populus',0,1399,163,0,0,0,0,13.034523010253906,10.215432167053223,597.9055318699654,2.9861060840035303,2699.7831955914944,6239.360583280792,0.01460670051776468,31.333141089677284
349,20,Prosopis',0,0,0,0,0,0,0,0.0,0.0,0.0,0.0,0.0,0.0,0.0,0.0
349,20,Prunus',0,148,92,0,0,0,0,12.524918556213379,7.3393683433532715,155.97116417286892,1.0787981397082436,914.2869563795626,4279.552072445957,0.004277040331983243,19.090851478858756
349,20,Pseudotsuga',0,0,0,0,0,0,0,0.0,0.0,0.0,0.0,0.0,0.0,0.0,0.0
349,20,Quercus',0,67,11,0,0,0,0,9.247602462768555,6.264786243438721,35.91158263008051,0.14664318059164527,213.82390380382537,2188.524174697266,0.000992131419165991,10.09901426345937
349,20,Robinia',0,0,0,0,0,0,0,0.0,0.0,0.0,0.0,0.0,0.0,0.0,0.0
349,20,Salix',0,419,10,0,0,0,0,16.049392700195312,8.156258583068848,141.81311221416047,0.47906889742065384,485.0565267674625,2238.171460413703,0.003119381927552164,13.7104777934469
349,20,Sassafras',0,0,0,0,0,0,0,0.0,0.0,0.0,0.0,0.0,0.0,0.0,0.0
349,20,Sequoia',0,0,0,0,0,0,0,0.0,0.0,0.0,0.0,0.0,0.0,0.0,0.0
349,20,Sequoiadendron',0,0,0,0,0,0,0,0.0,0.0,0.0,0.0,0.0,0.0,0.0,0.0
349,20,Sorbus',0,0,0,0,0,0,0,0.0,0.0,0.0,0.0,0.0,0.0,0.0,0.0
349,20,Taxodium',0,0,0,0,0,0,0,0.0,0.0,0.0,0.0,0.0,0.0,0.0,0.0
349,20,Taxus',0,0,0,0,0,0,0,0.0,0.0,0.0,0.0,0.0,0.0,0.0,0.0
349,20,Thuja',0,0,10,0,0,0,0,9.804922103881836,6.673899173736572,10.681012263298035,0.07761958054225905,60.95854409694672,1363.0744841019173,0.00028974471582969097,6.478888807165496
349,20,Tilia',0,0,0,0,0,0,0,0.0,0.0,0.0,0.0,0.0,0.0,0.0,0.0
349,20,Torreya',0,0,0,0,0,0,0,0.0,0.0,0.0,0.0,0.0,0.0,0.0,0.0
349,20,Tsuga',0,19,10,0,0,0,0,8.635833740234375,5.084899425506592,12.95330551803112,0.0648629492655222,67.31934952676296,1328.5819662105946,0.0003367018533080493,6.635663479076365
349,20,Ulmus',0,81,23,0,0,0,0,9.303275108337402,5.666573524475098,53.64107085651234,0.29665682155298595,303.4111797243357,2140.888495532527,0.0014464400766016937,9.569842661942667
349,20,Umbellularia',0,0,0,0,0,0,0,0.0,0.0,0.0,0.0,0.0,0.0,0.0,0.0
349,30,Abies',0,10,0,0,0,0,0,6.861930847167969,5.19440221786499,0.9995210140943527,0.03772095914624733,21.870080468058585,489.0298659996971,6.303770288825046e-05,1.4095658880356265
349,30,Acer',0,1293,130,0,0,0,0,17.67402458190918,10.528911590576172,732.139323332901,3.4024401820783905,4675.365858420953,10083.499262075133,0.02092925421286144,43.01554587080132
349,30,Aesculus',0,0,0,0,0,0,0,0.0,0.0,0.0,0.0,0.0,0.0,0.0,0.0
349,30,Ailanthus',0,0,0,0,0,0,0,0.0,0.0,0.0,0.0,0.0,0.0,0.0,0.0
349,30,Alnus',0,27,0,0,0,0,0,4.521803855895996,4.7698893547058105,5.891520249409766,0.025896308812238297,28.9409054890275,417.427438380709,0.00014912483144085875,2.340921776543832
349,30,Amelanchier',0,0,0,0,0,0,0,0.0,0.0,0.0,0.0,0.0,0.0,0.0,0.0
349,30,Arbutus',0,0,0,0,0,0,0,0.0,0.0,0.0,0.0,0.0,0.0,0.0,0.0
349,30,Asimina',0,0,0,0,0,0,0,0.0,0.0,0.0,0.0,0.0,0.0,0.0,0.0
349,30,Betula',0,1583,435,0,0,0,0,16.065200805664062,9.038052558898926,903.7805920607067,5.627280023978109,6411.313787957952,13023.503501699715,0.027257787689302232,49.16180728366708
349,30,Calocedrus',0,0,0,0,0,0,0,0.0,0.0,0.0,0.0,0.0,0.0,0.0,0.0
349,30,Carpinus',0,0,0,0,0,0,0,0.0,0.0,0.0,0.0,0.0,0.0,0.0,0.0
349,30,Carya',0,0,0,0,0,0,0,0.0,0.0,0.0,0.0,0.0,0.0,0.0,0.0
349,30,Castanea',0,0,0,0,0,0,0,0.0,0.0,0.0,0.0,0.0,0.0,0.0,0.0
349,30,Catalpa',0,0,0,0,0,0,0,0.0,0.0,0.0,0.0,0.0,0.0,0.0,0.0
349,30,Celtis',0,0,0,0,0,0,0,0.0,0.0,0.0,0.0,0.0,0.0,0.0,0.0
349,30,Cercis',0,0,0,0,0,0,0,0.0,0.0,0.0,0.0,0.0,0.0,0.0,0.0
349,30,Cercocarpus',0,0,0,0,0,0,0,0.0,0.0,0.0,0.0,0.0,0.0,0.0,0.0
349,30,Chamaecyparis',0,0,0,0,0,0,0,0.0,0.0,0.0,0.0,0.0,0.0,0.0,0.0
349,30,Chilopsis',0,0,0,0,0,0,0,0.0,0.0,0.0,0.0,0.0,0.0,0.0,0.0
349,30,Chrysolepis',0,0,0,0,0,0,0,0.0,0.0,0.0,0.0,0.0,0.0,0.0,0.0
349,30,Cladrastis',0,0,0,0,0,0,0,0.0,0.0,0.0,0.0,0.0,0.0,0.0,0.0
349,30,Comus',0,0,0,0,0,0,0,0.0,0.0,0.0,0.0,0.0,0.0,0.0,0.0
349,30,Cornus',0,0,0,0,0,0,0,0.0,0.0,0.0,0.0,0.0,0.0,0.0,0.0
349,30,Crataegus',0,0,0,0,0,0,0,0.0,0.0,0.0,0.0,0.0,0.0,0.0,0.0
349,30,Cupressus',0,0,0,0,0,0,0,0.0,0.0,0.0,0.0,0.0,0.0,0.0,0.0
349,30,Diospyros',0,0,0,0,0,0,0,0.0,0.0,0.0,0.0,0.0,0.0,0.0,0.0
349,30,Elaeagnus',0,214,40,0,0,0,0,14.360772132873535,6.025570392608643,96.30336939298276,0.6313517720198664,643.6558399125934,4667.136914452664,0.002816686805501109,17.27249362690818
349,30,Fagus',0,0,0,0,0,0,0,0.0,0.0,0.0,0.0,0.0,0.0,0.0,0.0
349,30,Fraxinus',0,289,52,0,0,0,0,14.807781219482422,7.617685794830322,121.02305541274761,0.7249293041106719,850.0277550480515,4683.925790414411,0.0036311446544933126,17.323875383592295
349,30,Gleditsia',0,0,0,0,0,0,0,0.0,0.0,0.0,0.0,0.0,0.0,0.0,0.0
349,30,Gordonia',0,0,0,0,0,0,0,0.0,0.0,0.0,0.0,0.0,0.0,0.0,0.0
349,30,Gymnocladus',0,0,0,0,0,0,0,0.0,0.0,0.0,0.0,0.0,0.0,0.0,0.0
349,30,Halesia',0,0,0,0,0,0,0,0.0,0.0,0.0,0.0,0.0,0.0,0.0,0.0
349,30,Ilex',0,0,0,0,0,0,0,0.0,0.0,0.0,0.0,0.0,0.0,0.0,0.0
349,30,Juglans',0,0,0,0,0,0,0,0.0,0.0,0.0,0.0,0.0,0.0,0.0,0.0
349,30,Juniperus',0,0,0,0,0,0,0,0.0,0.0,0.0,0.0,0.0,0.0,0.0,0.0
349,30,Larix',0,0,0,0,0,0,0,0.0,0.0,0.0,0.0,0.0,0.0,0.0,0.0
349,30,Liquidambar',0,0,0,0,0,0,0,0.0,0.0,0.0,0.0,0.0,0.0,0.0,0.0
349,30,Liriodendron',0,0,0,0,0,0,0,0.0,0.0,0.0,0.0,0.0,0.0,0.0,0.0
349,30,Lithocarpus',0,0,0,0,0,0,0,0.0,0.0,0.0,0.0,0.0,0.0,0.0,0.0
349,30,Maclura',0,0,0,0,0,0,0,0.0,0.0,0.0,0.0,0.0,0.0,0.0,0.0
349,30,Magnolia',0,0,0,0,0,0,0,0.0,0.0,0.0,0.0,0.0,0.0,0.0,0.0
349,30,Malus',0,0,0,0,0,0,0,0.0,0.0,0.0,0.0,0.0,0.0,0.0,0.0
349,30,Morus',0,0,0,0,0,0,0,0.0,0.0,0.0,0.0,0.0,0.0,0.0,0.0
349,30,Nyssa',0,0,0,0,0,0,0,0.0,0.0,0.0,0.0,0.0,0.0,0.0,0.0
349,30,Olneya',0,0,0,0,0,0,0,0.0,0.0,0.0,0.0,0.0,0.0,0.0,0.0
349,30,Ostrya',0,0,0,0,0,0,0,0.0,0.0,0.0,0.0,0.0,0.0,0.0,0.0
349,30,Oxydendron',0,0,0,0,0,0,0,0.0,0.0,0.0,0.0,0.0,0.0,0.0,0.0
349,30,Paulownia',0,0,0,0,0,0,0,0.0,0.0,0.0,0.0,0.0,0.0,0.0,0.0
349,30,Persea',0,0,0,0,0,0,0,0.0,0.0,0.0,0.0,0.0,0.0,0.0,0.0
349,30,Picea',0,21,0,0,0,0,0,5.941705703735352,5.42754602432251,11.501881335377693,0.04519863675594461,51.75963977992535,823.9662705065757,0.0002811597072586092,4.433240284241759
349,30,Pinus',0,214,117,0,0,0,0,23.91294288635254,11.941065788269043,194.0278840614855,1.8122558702256573,1879.6377632273734,9683.94655919052,0.006979597804182602,33.09526835211309
349,30,Planera',0,0,0,0,0,0,0,0.0,0.0,0.0,0.0,0.0,0.0,0.0,0.0
349,30,Platanus',0,20,0,0,0,0,0,2.729166269302368,2.1090428829193115,6.718291549742976,0.011138352728257054,22.62586888074875,357.74314288552176,0.0001469932475499802,2.3246745067647967
349,30,Populus',0,1337,157,0,0,0,0,12.393614768981934,9.86012077331543,644.8674395733476,3.05133751140498,2853.536910308972,6992.17528538985,0.01562441821049257,33.90474721818751
349,30,Prosopis',0,0,0,0,0,0,0,0.0,0.0,0.0,0.0,0.0,0.0,0.0,0.0
349,30,Prunus',0,145,35,0,0,0,0,17.22542953491211,8.588172912597656,96.19719068743758,0.5912021800702474,540.8874843777717,3484.436677029442,0.002586784193726486,15.472972032924918
349,30,Pseudotsuga',0,0,0,0,0,0,0,0.0,0.0,0.0,0.0,0.0,0.0,0.0,0.0
349,30,Quercus',0,36,21,0,0,0,0,12.554442405700684,7.859708786010742,40.89507478513294,0.23567918332115942,312.95090710997584,3332.116323915188,0.0012841537872096517,12.903536581523856
349,30,Robinia',0,0,0,0,0,0,0,0.0,0.0,0.0,0.0,0.0,0.0,0.0,0.0
349,30,Salix',0,531,11,0,0,0,0,14.653250694274902,7.693068504333496,183.80921539791586,0.7386470820262888,696.8180851744115,3053.056951826139,0.004194520400766514,17.248511301293586
349,30,Sassafras',0,0,0,0,0,0,0,0.0,0.0,0.0,0.0,0.0,0.0,0.0,0.0
349,30,Sequoia',0,0,0,0,0,0,0,0.0,0.0,0.0,0.0,0.0,0.0,0.0,0.0
349,30,Sequoiadendron',0,0,0,0,0,0,0,0.0,0.0,0.0,0.0,0.0,0.0,0.0,0.0
349,30,Sorbus',0,0,0,0,0,0,0,0.0,0.0,0.0,0.0,0.0,0.0,0.0,0.0
349,30,Taxodium',0,0,0,0,0,0,0,0.0,0.0,0.0,0.0,0.0,0.0,0.0,0.0
349,30,Taxus',0,0,0,0,0,0,0,0.0,0.0,0.0,0.0,0.0,0.0,0.0,0.0
349,30,Thuja',0,10,10,0,0,0,0,13.717594146728516,8.383935928344727,10.81862287029624,0.15295655122984023,108.77747492775322,2391.932517182679,0.0003979967070909537,8.614305595440005
349,30,Tilia',0,0,0,0,0,0,0,0.0,0.0,0.0,0.0,0.0,0.0,0.0,0.0
349,30,Torreya',0,0,0,0,0,0,0,0.0,0.0,0.0,0.0,0.0,0.0,0.0,0.0
349,30,Tsuga',0,9,0,0,0,0,0,5.836169719696045,3.91599702835083,8.95088222026825,0.025146269222992863,32.84004852771759,734.3258089236821,0.00020226840916400126,4.522859125914467
349,30,Ulmus',0,40,46,0,0,0,0,13.747723579406738,8.012271881103516,56.037253307626585,0.5705134106802399,536.1433378602565,4205.215061002959,0.001998117034314204,14.922919668108399
349,30,Umbellularia',0,0,0,0,0,0,0,0.0,0.0,0.0,0.0,0.0,0.0,0.0,0.0
349,40,Abies',0,20,10,0,0,0,0,12.51463794708252,7.916930198669434,17.54234111726284,0.13811876977331988,122.83080151021481,2407.565316340754,0.000526346708549807,9.532424596130205
349,40,Acer',0,1040,257,0,0,0,0,22.083698272705078,13.067578315734863,704.6267969616912,3.9222827165948755,5323.918556755073,12514.149381048208,0.021974424405788676,48.33695856740043
349,40,Aesculus',0,0,0,0,0,0,0,0.0,0.0,0.0,0.0,0.0,0.0,0.0,0.0
349,40,Ailanthus',0,0,0,0,0,0,0,0.0,0.0,0.0,0.0,0.0,0.0,0.0,0.0
349,40,Alnus',0,20,6,0,0,0,0,8.042448043823242,6.346559524536133,17.774577754773667,0.10213770366456698,103.09902500808239,1344.3599822633505,0.00048498385932296524,6.43866238142593
349,40,Amelanchier',0,0,0,0,0,0,0,0.0,0.0,0.0,0.0,0.0,0.0,0.0,0.0
349,40,Arbutus',0,0,0,0,0,0,0,0.0,0.0,0.0,0.0,0.0,0.0,0.0,0.0
349,40,Asimina',0,0,0,0,0,0,0,0.0,0.0,0.0,0.0,0.0,0.0,0.0,0.0
349,40,Betula',0,1710,377,0,0,0,0,20.53079605102539,10.806811332702637,934.6251239483774,6.226814979147798,7147.111817498058,15459.719897570083,0.029336918655745923,52.84021244509191
349,40,Calocedrus',0,0,0,0,0,0,0,0.0,0.0,0.0,0.0,0.0,0.0,0.0,0.0
349,40,Carpinus',0,0,0,0,0,0,0,0.0,0.0,0.0,0.0,0.0,0.0,0.0,0.0
349,40,Carya',0,0,0,0,0,0,0,0.0,0.0,0.0,0.0,0.0,0.0,0.0,0.0
349,40,Castanea',0,0,0,0,0,0,0,0.0,0.0,0.0,0.0,0.0,0.0,0.0,0.0
349,40,Catalpa',0,0,0,0,0,0,0,0.0,0.0,0.0,0.0,0.0,0.0,0.0,0.0
349,40,Celtis',0,0,0,0,0,0,0,0.0,0.0,0.0,0.0,0.0,0.0,0.0,0.0
349,40,Cercis',0,0,0,0,0,0,0,0.0,0.0,0.0,0.0,0.0,0.0,0.0,0.0
349,40,Cercocarpus',0,0,0,0,0,0,0,0.0,0.0,0.0,0.0,0.0,0.0,0.0,0.0
349,40,Chamaecyparis',0,0,0,0,0,0,0,0.0,0.0,0.0,0.0,0.0,0.0,0.0,0.0
349,40,Chilopsis',0,0,0,0,0,0,0,0.0,0.0,0.0,0.0,0.0,0.0,0.0,0.0
349,40,Chrysolepis',0,0,0,0,0,0,0,0.0,0.0,0.0,0.0,0.0,0.0,0.0,0.0
349,40,Cladrastis',0,0,0,0,0,0,0,0.0,0.0,0.0,0.0,0.0,0.0,0.0,0.0
349,40,Comus',0,0,0,0,0,0,0,0.0,0.0,0.0,0.0,0.0,0.0,0.0,0.0
349,40,Cornus',0,0,0,0,0,0,0,0.0,0.0,0.0,0.0,0.0,0.0,0.0,0.0
349,40,Crataegus',0,0,0,0,0,0,0,0.0,0.0,0.0,0.0,0.0,0.0,0.0,0.0
349,40,Cupressus',0,0,0,0,0,0,0,0.0,0.0,0.0,0.0,0.0,0.0,0.0,0.0
349,40,Diospyros',0,0,0,0,0,0,0,0.0,0.0,0.0,0.0,0.0,0.0,0.0,0.0
349,40,Elaeagnus',0,164,49,0,0,0,0,18.517253875732422,6.741382598876953,112.85706929697453,0.8836452463836421,873.5622646136582,6512.473056081208,0.0035658896741773954,21.07325661291897
349,40,Fagus',0,0,0,0,0,0,0,0.0,0.0,0.0,0.0,0.0,0.0,0.0,0.0
349,40,Fraxinus',0,199,21,0,0,0,0,20.311805725097656,9.488109588623047,101.88122355037285,0.5199707194843458,640.8280693523586,3990.1842389543926,0.0028906992031086766,16.279425874962225
349,40,Gleditsia',0,0,0,0,0,0,0,0.0,0.0,0.0,0.0,0.0,0.0,0.0,0.0
349,40,Gordonia',0,0,0,0,0,0,0,0.0,0.0,0.0,0.0,0.0,0.0,0.0,0.0
349,40,Gymnocladus',0,0,0,0,0,0,0,0.0,0.0,0.0,0.0,0.0,0.0,0.0,0.0
349,40,Halesia',0,0,0,0,0,0,0,0.0,0.0,0.0,0.0,0.0,0.0,0.0,0.0
349,40,Ilex',0,0,0,0,0,0,0,0.0,0.0,0.0,0.0,0.0,0.0,0.0,0.0
349,40,Juglans',0,0,0,0,0,0,0,0.0,0.0,0.0,0.0,0.0,0.0,0.0,0.0
349,40,Juniperus',0,0,0,0,0,0,0,0.0,0.0,0.0,0.0,0.0,0.0,0.0,0.0
349,40,Larix',0,0,0,0,0,0,0,0.0,0.0,0.0,0.0,0.0,0.0,0.0,0.0
349,40,Liquidambar',0,0,0,0,0,0,0,0.0,0.0,0.0,0.0,0.0,0.0,0.0,0.0
349,40,Liriodendron',0,0,0,0,0,0,0,0.0,0.0,0.0,0.0,0.0,0.0,0.0,0.0
349,40,Lithocarpus',0,0,0,0,0,0,0,0.0,0.0,0.0,0.0,0.0,0.0,0.0,0.0
349,40,Maclura',0,0,0,0,0,0,0,0.0,0.0,0.0,0.0,0.0,0.0,0.0,0.0
349,40,Magnolia',0,0,0,0,0,0,0,0.0,0.0,0.0,0.0,0.0,0.0,0.0,0.0
349,40,Malus',0,0,0,0,0,0,0,0.0,0.0,0.0,0.0,0.0,0.0,0.0,0.0
349,40,Morus',0,0,0,0,0,0,0,0.0,0.0,0.0,0.0,0.0,0.0,0.0,0.0
349,40,Nyssa',0,0,0,0,0,0,0,0.0,0.0,0.0,0.0,0.0,0.0,0.0,0.0
349,40,Olneya',0,0,0,0,0,0,0,0.0,0.0,0.0,0.0,0.0,0.0,0.0,0.0
349,40,Ostrya',0,0,0,0,0,0,0,0.0,0.0,0.0,0.0,0.0,0.0,0.0,0.0
349,40,Oxydendron',0,0,0,0,0,0,0,0.0,0.0,0.0,0.0,0.0,0.0,0.0,0.0
349,40,Paulownia',0,0,0,0,0,0,0,0.0,0.0,0.0,0.0,0.0,0.0,0.0,0.0
349,40,Persea',0,0,0,0,0,0,0,0.0,0.0,0.0,0.0,0.0,0.0,0.0,0.0
349,40,Picea',0,10,10,0,0,0,0,9.75288200378418,7.756921768188477,23.700265374183655,0.12873937896311374,147.40590940952302,2303.9518362998765,0.000669905846282838,10.321712029592078
349,40,Pinus',0,269,148,1,0,0,0,32.22987365722656,14.085942268371582,240.80374166443943,2.891754819503265,3001.506227590889,14559.870695153515,0.010148290094089855,43.74336001109217
349,40,Planera',0,0,0,0,0,0,0,0.0,0.0,0.0,0.0,0.0,0.0,0.0,0.0
349,40,Platanus',0,10,0,0,0,0,0,3.6135947704315186,2.3671040534973145,5.410581138692324,0.010460897608201623,17.394528168439866,388.9534742116688,0.00011654283005744164,2.605976902986489
349,40,Populus',0,1355,203,0,0,0,0,15.595881462097168,11.563384056091309,633.568219588362,3.552576761365064,3294.879315482751,9243.823708965892,0.01644252055551225,37.23066145268583
349,40,Prosopis',0,0,0,0,0,0,0,0.0,0.0,0.0,0.0,0.0,0.0,0.0,0.0
349,40,Prunus',0,60,37,0,0,0,0,22.39605140686035,9.579072952270508,74.99776395532902,0.7293756976608643,608.9709929132462,4985.560090260809,0.002432903321660825,18.311822060301978
349,40,Pseudotsuga',0,0,0,0,0,0,0,0.0,0.0,0.0,0.0,0.0,0.0,0.0,0.0
349,40,Quercus',0,29,13,0,0,0,0,14.604055404663086,8.761429786682129,34.2673001749606,0.27915721569751323,344.9969031405449,4312.593056908345,0.0012599565937798489,13.947000435319962
349,40,Robinia',0,0,0,0,0,0,0,0.0,0.0,0.0,0.0,0.0,0.0,0.0,0.0
349,40,Salix',0,476,18,0,0,0,0,12.422430038452148,6.9073052406311035,174.84812112713726,0.6189397577440005,613.621063220352,2620.90386905044,0.0038806382001314844,16.29436318840375
349,40,Sassafras',0,0,0,0,0,0,0,0.0,0.0,0.0,0.0,0.0,0.0,0.0,0.0
349,40,Sequoia',0,0,0,0,0,0,0,0.0,0.0,0.0,0.0,0.0,0.0,0.0,0.0
349,40,Sequoiadendron',0,0,0,0,0,0,0,0.0,0.0,0.0,0.0,0.0,0.0,0.0,0.0
349,40,Sorbus',0,0,0,0,0,0,0,0.0,0.0,0.0,0.0,0.0,0.0,0.0,0.0
349,40,Taxodium',0,0,0,0,0,0,0,0.0,0.0,0.0,0.0,0.0,0.0,0.0,0.0
349,40,Taxus',0,0,0,0,0,0,0,0.0,0.0,0.0,0.0,0.0,0.0,0.0,0.0
349,40,Thuja',0,20,10,0,0,0,0,17.428861618041992,9.81692123413086,15.537653229236602,0.26516507622872776,191.63078576683998,3801.3023982243794,0.0006502789708155544,11.265727433269108
349,40,Tilia',0,0,0,0,0,0,0,0.0,0.0,0.0,0.0,0.0,0.0,0.0,0.0
349,40,Torreya',0,0,0,0,0,0,0,0.0,0.0,0.0,0.0,0.0,0.0,0.0,0.0
349,40,Tsuga',0,20,9,0,0,0,0,8.124465942382812,4.8753767013549805,19.588178324699403,0.092551625717391,93.9830220103264,1337.5617113756196,0.0004917915125486137,7.167705454009879
349,40,Ulmus',0,101,43,0,0,0,0,19.726024627685547,9.73161792755127,74.79293273785444,0.7962448997084413,800.1120781612397,6365.782305870509,0.0028547126714931837,20.17328577158631
349,40,Umbellularia',0,0,0,0,0,0,0,0.0,0.0,0.0,0.0,0.0,0.0,0.0,0.0
349,50,Abies',0,15,0,0,0,0,0,3.5999655723571777,3.4301018714904785,4.1335794466733935,0.010545405522157358,13.061746482253074,206.51001375058922,8.873336210024237e-05,1.4021510583696681
349,50,Acer',0,1022,297,0,0,0,0,30.892528533935547,15.432857513427734,675.0758856061043,3.942472549887087,5404.625460204035,14274.640398452313,0.021728371157123227,51.4384240854651
349,50,Aesculus',0,0,0,0,0,0,0,0.0,0.0,0.0,0.0,0.0,0.0,0.0,0.0
349,50,Ailanthus',0,0,0,0,0,0,0,0.0,0.0,0.0,0.0,0.0,0.0,0.0,0.0
349,50,Alnus',0,40,10,0,0,0,0,9.150876998901367,6.366239070892334,7.912731433075062,0.07945689367205958,71.27020622238517,1260.2394652373075,0.00027228639168763773,4.4040265428997225
349,50,Amelanchier',0,3,0,0,0,0,0,1.2821846008300781,2.1727001667022705,0.0,0.00046482929992657955,1.0119429588317872,22.62773245300126,2.2487621521577238e-06,0.05028385037453409
349,50,Arbutus',0,0,0,0,0,0,0,0.0,0.0,0.0,0.0,0.0,0.0,0.0,0.0
349,50,Asimina',0,0,0,0,0,0,0,0.0,0.0,0.0,0.0,0.0,0.0,0.0,0.0
349,50,Betula',0,1686,397,0,0,0,0,23.186389923095703,11.331836700439453,996.5010254455235,6.621251700676994,7696.680566827804,17275.164722046295,0.03144892048633075,56.79437963332046
349,50,Calocedrus',0,0,0,0,0,0,0,0.0,0.0,0.0,0.0,0.0,0.0,0.0,0.0
349,50,Carpinus',0,0,0,0,0,0,0,0.0,0.0,0.0,0.0,0.0,0.0,0.0,0.0
349,50,Carya',0,0,0,0,0,0,0,0.0,0.0,0.0,0.0,0.0,0.0,0.0,0.0
349,50,Castanea',0,0,0,0,0,0,0,0.0,0.0,0.0,0.0,0.0,0.0,0.0,0.0
349,50,Catalpa',0,0,0,0,0,0,0,0.0,0.0,0.0,0.0,0.0,0.0,0.0,0.0
349,50,Celtis',0,0,0,0,0,0,0,0.0,0.0,0.0,0.0,0.0,0.0,0.0,0.0
349,50,Cercis',0,0,0,0,0,0,0,0.0,0.0,0.0,0.0,0.0,0.0,0.0,0.0
349,50,Cercocarpus',0,0,0,0,0,0,0,0.0,0.0,0.0,0.0,0.0,0.0,0.0,0.0
349,50,Chamaecyparis',0,0,0,0,0,0,0,0.0,0.0,0.0,0.0,0.0,0.0,0.0,0.0
349,50,Chilopsis',0,0,0,0,0,0,0,0.0,0.0,0.0,0.0,0.0,0.0,0.0,0.0
349,50,Chrysolepis',0,0,0,0,0,0,0,0.0,0.0,0.0,0.0,0.0,0.0,0.0,0.0
349,50,Cladrastis',0,0,0,0,0,0,0,0.0,0.0,0.0,0.0,0.0,0.0,0.0,0.0
349,50,Comus',0,0,0,0,0,0,0,0.0,0.0,0.0,0.0,0.0,0.0,0.0,0.0
349,50,Cornus',0,0,0,0,0,0,0,0.0,0.0,0.0,0.0,0.0,0.0,0.0,0.0
349,50,Crataegus',0,0,0,0,0,0,0,0.0,0.0,0.0,0.0,0.0,0.0,0.0,0.0
349,50,Cupressus',0,0,0,0,0,0,0,0.0,0.0,0.0,0.0,0.0,0.0,0.0,0.0
349,50,Diospyros',0,0,0,0,0,0,0,0.0,0.0,0.0,0.0,0.0,0.0,0.0,0.0
349,50,Elaeagnus',0,119,24,0,0,0,0,13.537368774414062,5.858848571777344,47.171572241224816,0.39232467856957715,383.6923803597689,3725.6120089156775,0.0015317107354863551,12.562456224345564
349,50,Fagus',0,0,0,0,0,0,0,0.0,0.0,0.0,0.0,0.0,0.0,0.0,0.0
349,50,Fraxinus',0,150,50,0,0,0,0,28.67430305480957,11.929405212402344,97.14614528596778,0.7395210715740281,864.8318436393142,5683.758453065143,0.0033203213061715913,19.588272960551436
349,50,Gleditsia',0,0,0,0,0,0,0,0.0,0.0,0.0,0.0,0.0,0.0,0.0,0.0
349,50,Gordonia',0,0,0,0,0,0,0,0.0,0.0,0.0,0.0,0.0,0.0,0.0,0.0
349,50,Gymnocladus',0,0,0,0,0,0,0,0.0,0.0,0.0,0.0,0.0,0.0,0.0,0.0
349,50,Halesia',0,0,0,0,0,0,0,0.0,0.0,0.0,0.0,0.0,0.0,0.0,0.0
349,50,Ilex',0,0,0,0,0,0,0,0.0,0.0,0.0,0.0,0.0,0.0,0.0,0.0
349,50,Juglans',0,0,0,0,0,0,0,0.0,0.0,0.0,0.0,0.0,0.0,0.0,0.0
349,50,Juniperus',0,0,0,0,0,0,0,0.0,0.0,0.0,0.0,0.0,0.0,0.0,0.0
349,50,Larix',0,0,0,0,0,0,0,0.0,0.0,0.0,0.0,0.0,0.0,0.0,0.0
349,50,Liquidambar',0,0,0,0,0,0,0,0.0,0.0,0.0,0.0,0.0,0.0,0.0,0.0
349,50,Liriodendron',0,0,0,0,0,0,0,0.0,0.0,0.0,0.0,0.0,0.0,0.0,0.0
349,50,Lithocarpus',0,0,0,0,0,0,0,0.0,0.0,0.0,0.0,0.0,0.0,0.0,0.0
349,50,Maclura',0,0,0,0,0,0,0,0.0,0.0,0.0,0.0,0.0,0.0,0.0,0.0
349,50,Magnolia',0,0,0,0,0,0,0,0.0,0.0,0.0,0.0,0.0,0.0,0.0,0.0
349,50,Malus',0,0,0,0,0,0,0,0.0,0.0,0.0,0.0,0.0,0.0,0.0,0.0
349,50,Morus',0,0,0,0,0,0,0,0.0,0.0,0.0,0.0,0.0,0.0,0.0,0.0
349,50,Nyssa',0,0,0,0,0,0,0,0.0,0.0,0.0,0.0,0.0,0.0,0.0,0.0
349,50,Olneya',0,0,0,0,0,0,0,0.0,0.0,0.0,0.0,0.0,0.0,0.0,0.0
349,50,Ostrya',0,0,0,0,0,0,0,0.0,0.0,0.0,0.0,0.0,0.0,0.0,0.0
349,50,Oxydendron',0,0,0,0,0,0,0,0.0,0.0,0.0,0.0,0.0,0.0,0.0,0.0
349,50,Paulownia',0,0,0,0,0,0,0,0.0,0.0,0.0,0.0,0.0,0.0,0.0,0.0
349,50,Persea',0,0,0,0,0,0,0,0.0,0.0,0.0,0.0,0.0,0.0,0.0,0.0
349,50,Picea',0,19,21,0,0,0,0,17.171958923339844,11.677083015441895,28.849052858054637,0.24613217343337027,262.508904735744,3624.870612053631,0.0010000616692593303,13.330412440410559
349,50,Pinus',0,169,228,1,0,0,0,39.84596633911133,15.601449966430664,280.98968299418686,4.165214890520826,4479.222239902318,21475.748725086785,0.014012567005708272,60.25964258830249
349,50,Planera',0,0,0,0,0,0,0,0.0,0.0,0.0,0.0,0.0,0.0,0.0,0.0
349,50,Platanus',0,0,0,0,0,0,0,0.0,0.0,0.0,0.0,0.0,0.0,0.0,0.0
349,50,Populus',0,1576,141,0,0,0,0,18.683090209960938,13.045005798339844,691.0075924840248,3.3111128029028496,3232.1485719031098,9165.771432880652,0.017129990565890693,37.957179066040105
349,50,Prosopis',0,0,0,0,0,0,0,0.0,0.0,0.0,0.0,0.0,0.0,0.0,0.0
349,50,Prunus',0,69,50,0,0,0,0,17.466495513916016,8.642313957214355,54.296814477236204,0.6700345816297155,515.7766346926987,5201.350841408735,0.0019278030698044433,17.451397421186055
349,50,Pseudotsuga',0,0,0,0,0,0,0,0.0,0.0,0.0,0.0,0.0,0.0,0.0,0.0
349,50,Quercus',0,13,22,0,0,0,0,17.182422637939453,9.947075843811035,35.184844096627415,0.40682490944811517,499.81192301392554,6003.180405182934,0.0016171985556362165,17.29123617625374
349,50,Robinia',0,0,0,0,0,0,0,0.0,0.0,0.0,0.0,0.0,0.0,0.0,0.0
349,50,Salix',0,444,10,0,0,0,0,11.82483959197998,6.686825752258301,157.90729849941178,0.5831895440221719,568.5668099950254,2816.245773059877,0.0035366450892735635,15.951622631511775
349,50,Sassafras',0,0,0,0,0,0,0,0.0,0.0,0.0,0.0,0.0,0.0,0.0,0.0
349,50,Sequoia',0,0,0,0,0,0,0,0.0,0.0,0.0,0.0,0.0,0.0,0.0,0.0
349,50,Sequoiadendron',0,0,0,0,0,0,0,0.0,0.0,0.0,0.0,0.0,0.0,0.0,0.0
349,50,Sorbus',0,0,0,0,0,0,0,0.0,0.0,0.0,0.0,0.0,0.0,0.0,0.0
349,50,Taxodium',0,0,0,0,0,0,0,0.0,0.0,0.0,0.0,0.0,0.0,0.0,0.0
349,50,Taxus',0,0,0,0,0,0,0,0.0,0.0,0.0,0.0,0.0,0.0,0.0,0.0
349,50,Thuja',0,31,10,0,0,0,0,8.839418411254883,6.217416286468506,19.825685163140296,0.07786541389986394,78.15740742862225,1371.7562769332853,0.0004600541357986341,7.648227701348764
349,50,Tilia',0,0,0,0,0,0,0,0.0,0.0,0.0,0.0,0.0,0.0,0.0,0.0
349,50,Torreya',0,0,0,0,0,0,0,0.0,0.0,0.0,0.0,0.0,0.0,0.0,0.0
349,50,Tsuga',0,1,29,0,0,0,0,10.068981170654297,5.662839889526367,26.022523033618924,0.20659267906485695,176.6077068924904,2291.4299073237444,0.0007683424733299765,9.908575129240386
349,50,Ulmus',0,42,45,0,0,0,0,25.154382705688477,11.076362609863281,71.76953922155536,0.7367680915574281,780.1692808759212,6734.79065044205,0.002766871903298421,21.31998194278153
349,50,Umbellularia',0,0,0,0,0,0,0,0.0,0.0,0.0,0.0,0.0,0.0,0.0,0.0
349,60,Abies',0,8,0,0,0,0,0,5.5478949546813965,4.501735210418701,5.530583328008651,0.015920364365597166,19.60885633826256,377.531032196749,0.00012346143865957877,2.3555763773668925
349,60,Acer',0,829,247,0,0,0,0,35.19761276245117,16.746435165405273,544.625620957511,3.537863514939826,4889.990194251537,15055.327376126026,0.018706833346679094,50.173367203715095
349,60,Aesculus',0,0,0,0,0,0,0,0.0,0.0,0.0,0.0,0.0,0.0,0.0,0.0
349,60,Ailanthus',0,0,0,0,0,0,0,0.0,0.0,0.0,0.0,0.0,0.0,0.0,0.0
349,60,Alnus',0,58,10,0,0,0,0,11.694326400756836,7.526814937591553,21.944750549531058,0.16907956495154572,167.93309749230744,2330.730642860402,0.0006890915341745125,8.559805452069941
349,60,Amelanchier',0,0,0,0,0,0,0,0.0,0.0,0.0,0.0,0.0,0.0,0.0,0.0
349,60,Arbutus',0,0,0,0,0,0,0,0.0,0.0,0.0,0.0,0.0,0.0,0.0,0.0
349,60,Asimina',0,0,0,0,0,0,0,0.0,0.0,0.0,0.0,0.0,0.0,0.0,0.0
349,60,Betula',0,1675,442,0,0,0,0,26.232364654541016,12.652488708496094,926.5596783016159,7.516110737100909,8592.31437637873,21237.08214955432,0.03243237331156597,62.24770583416223
349,60,Calocedrus',0,0,0,0,0,0,0,0.0,0.0,0.0,0.0,0.0,0.0,0.0,0.0
349,60,Carpinus',0,0,0,0,0,0,0,0.0,0.0,0.0,0.0,0.0,0.0,0.0,0.0
349,60,Carya',0,0,0,0,0,0,0,0.0,0.0,0.0,0.0,0.0,0.0,0.0,0.0
349,60,Castanea',0,0,0,0,0,0,0,0.0,0.0,0.0,0.0,0.0,0.0,0.0,0.0
349,60,Catalpa',0,0,0,0,0,0,0,0.0,0.0,0.0,0.0,0.0,0.0,0.0,0.0
349,60,Celtis',0,0,0,0,0,0,0,0.0,0.0,0.0,0.0,0.0,0.0,0.0,0.0
349,60,Cercis',0,0,0,0,0,0,0,0.0,0.0,0.0,0.0,0.0,0.0,0.0,0.0
349,60,Cercocarpus',0,0,0,0,0,0,0,0.0,0.0,0.0,0.0,0.0,0.0,0.0,0.0
349,60,Chamaecyparis',0,0,0,0,0,0,0,0.0,0.0,0.0,0.0,0.0,0.0,0.0,0.0
349,60,Chilopsis',0,0,0,0,0,0,0,0.0,0.0,0.0,0.0,0.0,0.0,0.0,0.0
349,60,Chrysolepis',0,0,0,0,0,0,0,0.0,0.0,0.0,0.0,0.0,0.0,0.0,0.0
349,60,Cladrastis',0,0,0,0,0,0,0,0.0,0.0,0.0,0.0,0.0,0.0,0.0,0.0
349,60,Comus',0,0,0,0,0,0,0,0.0,0.0,0.0,0.0,0.0,0.0,0.0,0.0
349,60,Cornus',0,0,0,0,0,0,0,0.0,0.0,0.0,0.0,0.0,0.0,0.0,0.0
349,60,Crataegus',0,0,0,0,0,0,0,0.0,0.0,0.0,0.0,0.0,0.0,0.0,0.0
349,60,Cupressus',0,0,0,0,0,0,0,0.0,0.0,0.0,0.0,0.0,0.0,0.0,0.0
349,60,Diospyros',0,0,0,0,0,0,0,0.0,0.0,0.0,0.0,0.0,0.0,0.0,0.0
349,60,Elaeagnus',0,101,0,0,0,0,0,5.151177883148193,3.5258424282073975,38.90931884251252,0.10223634388079889,143.99833260193466,1227.5022169209408,0.0008801175608751354,7.742526053173872
349,60,Fagus',0,0,0,0,0,0,0,0.0,0.0,0.0,0.0,0.0,0.0,0.0,0.0
349,60,Fraxinus',0,162,81,0,0,0,0,33.9476432800293,13.253077507019043,115.94450848860829,1.1904336045873916,1362.9846698653698,8602.662850011951,0.004697940473082241,25.52676906637626
349,60,Gleditsia',0,0,0,0,0,0,0,0.0,0.0,0.0,0.0,0.0,0.0,0.0,0.0
349,60,Gordonia',0,0,0,0,0,0,0,0.0,0.0,0.0,0.0,0.0,0.0,0.0,0.0
349,60,Gymnocladus',0,0,0,0,0,0,0,0.0,0.0,0.0,0.0,0.0,0.0,0.0,0.0
349,60,Halesia',0,0,0,0,0,0,0,0.0,0.0,0.0,0.0,0.0,0.0,0.0,0.0
349,60,Ilex',0,0,0,0,0,0,0,0.0,0.0,0.0,0.0,0.0,0.0,0.0,0.0
349,60,Juglans',0,0,0,0,0,0,0,0.0,0.0,0.0,0.0,0.0,0.0,0.0,0.0
349,60,Juniperus',0,0,0,0,0,0,0,0.0,0.0,0.0,0.0,0.0,0.0,0.0,0.0
349,60,Larix',0,0,0,0,0,0,0,0.0,0.0,0.0,0.0,0.0,0.0,0.0,0.0
349,60,Liquidambar',0,0,0,0,0,0,0,0.0,0.0,0.0,0.0,0.0,0.0,0.0,0.0
349,60,Liriodendron',0,0,0,0,0,0,0,0.0,0.0,0.0,0.0,0.0,0.0,0.0,0.0
349,60,Lithocarpus',0,0,0,0,0,0,0,0.0,0.0,0.0,0.0,0.0,0.0,0.0,0.0
349,60,Maclura',0,0,0,0,0,0,0,0.0,0.0,0.0,0.0,0.0,0.0,0.0,0.0
349,60,Magnolia',0,0,0,0,0,0,0,0.0,0.0,0.0,0.0,0.0,0.0,0.0,0.0
349,60,Malus',0,0,0,0,0,0,0,0.0,0.0,0.0,0.0,0.0,0.0,0.0,0.0
349,60,Morus',0,0,0,0,0,0,0,0.0,0.0,0.0,0.0,0.0,0.0,0.0,0.0
349,60,Nyssa',0,0,0,0,0,0,0,0.0,0.0,0.0,0.0,0.0,0.0,0.0,0.0
349,60,Olneya',0,0,0,0,0,0,0,0.0,0.0,0.0,0.0,0.0,0.0,0.0,0.0
349,60,Ostrya',0,0,0,0,0,0,0,0.0,0.0,0.0,0.0,0.0,0.0,0.0,0.0
349,60,Oxydendron',0,0,0,0,0,0,0,0.0,0.0,0.0,0.0,0.0,0.0,0.0,0.0
349,60,Paulownia',0,0,0,0,0,0,0,0.0,0.0,0.0,0.0,0.0,0.0,0.0,0.0
349,60,Persea',0,0,0,0,0,0,0,0.0,0.0,0.0,0.0,0.0,0.0,0.0,0.0
349,60,Picea',0,29,21,0,0,0,0,23.632699966430664,14.523575782775879,39.699486511349676,0.42555442209313143,451.56872110664847,5568.793394301157,0.0015769230550428213,18.18830168856286
349,60,Pinus',0,208,248,1,0,0,0,47.630550384521484,17.128997802734375,286.16814887344833,5.351141813777865,5751.608396942615,27927.41904817529,0.01691489188592985,73.01429621445004
349,60,Planera',0,0,0,0,0,0,0,0.0,0.0,0.0,0.0,0.0,0.0,0.0,0.0
349,60,Platanus',0,0,0,0,0,0,0,0.0,0.0,0.0,0.0,0.0,0.0,0.0,0.0
349,60,Populus',0,1299,249,0,0,0,0,21.493112564086914,14.26960563659668,712.5124851267643,4.272330175940218,4014.198763306737,12276.269148477377,0.019177454774742895,43.944683398502775
349,60,Prosopis',0,0,0,0,0,0,0,0.0,0.0,0.0,0.0,0.0,0.0,0.0,0.0
349,60,Prunus',0,57,25,0,0,0,0,14.328781127929688,7.865131855010986,61.545425270554375,0.5197313955860622,419.9295194923878,3982.9004170296434,0.0018191572768371561,15.079877558684604
349,60,Pseudotsuga',0,0,0,0,0,0,0,0.0,0.0,0.0,0.0,0.0,0.0,0.0,0.0
349,60,Quercus',0,18,32,0,0,0,0,20.18722915649414,11.217347145080566,51.711885800962385,0.571624349764619,747.8491659624129,8635.372977924028,0.002406308350001458,25.379515322628215
349,60,Robinia',0,0,0,0,0,0,0,0.0,0.0,0.0,0.0,0.0,0.0,0.0,0.0
349,60,Salix',0,465,29,0,0,0,0,9.991189002990723,5.982576370239258,182.96534855484583,0.7300144698038545,691.1817252379656,3086.2078280842607,0.004169847226295389,17.88743689865392
349,60,Sassafras',0,0,0,0,0,0,0,0.0,0.0,0.0,0.0,0.0,0.0,0.0,0.0
349,60,Sequoia',0,0,0,0,0,0,0,0.0,0.0,0.0,0.0,0.0,0.0,0.0,0.0
349,60,Sequoiadendron',0,0,0,0,0,0,0,0.0,0.0,0.0,0.0,0.0,0.0,0.0,0.0
349,60,Sorbus',0,0,0,0,0,0,0,0.0,0.0,0.0,0.0,0.0,0.0,0.0,0.0
349,60,Taxodium',0,0,0,0,0,0,0,0.0,0.0,0.0,0.0,0.0,0.0,0.0,0.0
349,60,Taxus',0,0,0,0,0,0,0,0.0,0.0,0.0,0.0,0.0,0.0,0.0,0.0
349,60,Thuja',0,80,10,0,0,0,0,12.925986289978027,8.055277824401855,39.44981214314699,0.24941764411078182,201.13418448716402,2288.1590269909193,0.001016795477683813,9.688726151468124
349,60,Tilia',0,0,0,0,0,0,0,0.0,0.0,0.0,0.0,0.0,0.0,0.0,0.0
349,60,Torreya',0,0,0,0,0,0,0,0.0,0.0,0.0,0.0,0.0,0.0,0.0,0.0
349,60,Tsuga',0,19,29,0,0,0,0,13.16142749786377,6.864654541015625,32.545062817931175,0.3628206273702237,303.16093074023723,3852.2227536454084,0.001143786293465255,14.323755152666514
349,60,Ulmus',0,40,32,0,0,0,0,16.950448989868164,8.928776741027832,38.30429374700105,0.6052907072010641,574.0982127183676,6137.436928154321,0.0018271854122839896,16.974242005736873
349,60,Umbellularia',0,0,0,0,0,0,0,0.0,0.0,0.0,0.0,0.0,0.0,0.0,0.0
349,70,Abies',0,5,2,0,0,0,0,10.718254089355469,7.094965934753418,9.365155159235,0.045947973169400046,50.328742166757586,832.8387363214788,0.0002471161149181425,4.218820008164647
349,70,Acer',0,788,154,0,0,0,0,29.768836975097656,17.072710037231445,513.7722244874067,2.889721894273896,4073.9117032969743,13703.234869038659,0.016449173652849158,46.76247421793163
349,70,Aesculus',0,0,0,0,0,0,0,0.0,0.0,0.0,0.0,0.0,0.0,0.0,0.0
349,70,Ailanthus',0,0,0,0,0,0,0,0.0,0.0,0.0,0.0,0.0,0.0,0.0,0.0
349,70,Alnus',0,22,0,0,0,0,0,4.662034034729004,4.06873893737793,1.8188240827073023,0.0038117295611289448,6.60514182806015,97.09627970024145,4.0861075757536977e-05,0.6072835165539567
349,70,Amelanchier',0,0,0,0,0,0,0,0.0,0.0,0.0,0.0,0.0,0.0,0.0,0.0
349,70,Arbutus',0,0,0,0,0,0,0,0.0,0.0,0.0,0.0,0.0,0.0,0.0,0.0
349,70,Asimina',0,0,0,0,0,0,0,0.0,0.0,0.0,0.0,0.0,0.0,0.0,0.0
349,70,Betula',0,1862,473,0,0,0,0,22.112634658813477,11.347054481506348,985.4521986121853,8.164064327188909,9502.698928994314,23606.195211991217,0.035303240730768425,67.25891607547733
349,70,Calocedrus',0,0,0,0,0,0,0,0.0,0.0,0.0,0.0,0.0,0.0,0.0,0.0
349,70,Carpinus',0,0,0,0,0,0,0,0.0,0.0,0.0,0.0,0.0,0.0,0.0,0.0
349,70,Carya',0,0,0,0,0,0,0,0.0,0.0,0.0,0.0,0.0,0.0,0.0,0.0
349,70,Castanea',0,0,0,0,0,0,0,0.0,0.0,0.0,0.0,0.0,0.0,0.0,0.0
349,70,Catalpa',0,0,0,0,0,0,0,0.0,0.0,0.0,0.0,0.0,0.0,0.0,0.0
349,70,Celtis',0,0,0,0,0,0,0,0.0,0.0,0.0,0.0,0.0,0.0,0.0,0.0
349,70,Cercis',0,0,0,0,0,0,0,0.0,0.0,0.0,0.0,0.0,0.0,0.0,0.0
349,70,Cercocarpus',0,0,0,0,0,0,0,0.0,0.0,0.0,0.0,0.0,0.0,0.0,0.0
349,70,Chamaecyparis',0,0,0,0,0,0,0,0.0,0.0,0.0,0.0,0.0,0.0,0.0,0.0
349,70,Chilopsis',0,0,0,0,0,0,0,0.0,0.0,0.0,0.0,0.0,0.0,0.0,0.0
349,70,Chrysolepis',0,0,0,0,0,0,0,0.0,0.0,0.0,0.0,0.0,0.0,0.0,0.0
349,70,Cladrastis',0,0,0,0,0,0,0,0.0,0.0,0.0,0.0,0.0,0.0,0.0,0.0
349,70,Comus',0,0,0,0,0,0,0,0.0,0.0,0.0,0.0,0.0,0.0,0.0,0.0
349,70,Cornus',0,0,0,0,0,0,0,0.0,0.0,0.0,0.0,0.0,0.0,0.0,0.0
349,70,Crataegus',0,0,0,0,0,0,0,0.0,0.0,0.0,0.0,0.0,0.0,0.0,0.0
349,70,Cupressus',0,0,0,0,0,0,0,0.0,0.0,0.0,0.0,0.0,0.0,0.0,0.0
349,70,Diospyros',0,0,0,0,0,0,0,0.0,0.0,0.0,0.0,0.0,0.0,0.0,0.0
349,70,Elaeagnus',0,102,4,0,0,0,0,8.648761749267578,4.657803535461426,32.80813902569345,0.09637835399213135,133.9633438500762,1109.8483900511394,0.0007699877084014003,6.5156714645938845
349,70,Fagus',0,0,0,0,0,0,0,0.0,0.0,0.0,0.0,0.0,0.0,0.0,0.0
349,70,Fraxinus',0,213,57,0,0,0,0,38.430179595947266,14.263465881347656,126.84522948404654,1.067735505911346,1318.6845918136835,8095.500336234551,0.004756417729978912,25.75859356607379
349,70,Gleditsia',0,0,0,0,0,0,0,0.0,0.0,0.0,0.0,0.0,0.0,0.0,0.0
349,70,Gordonia',0,0,0,0,0,0,0,0.0,0.0,0.0,0.0,0.0,0.0,0.0,0.0
349,70,Gymnocladus',0,0,0,0,0,0,0,0.0,0.0,0.0,0.0,0.0,0.0,0.0,0.0
349,70,Halesia',0,0,0,0,0,0,0,0.0,0.0,0.0,0.0,0.0,0.0,0.0,0.0
349,70,Ilex',0,0,0,0,0,0,0,0.0,0.0,0.0,0.0,0.0,0.0,0.0,0.0
349,70,Juglans',0,0,0,0,0,0,0,0.0,0.0,0.0,0.0,0.0,0.0,0.0,0.0
349,70,Juniperus',0,0,0,0,0,0,0,0.0,0.0,0.0,0.0,0.0,0.0,0.0,0.0
349,70,Larix',0,0,0,0,0,0,0,0.0,0.0,0.0,0.0,0.0,0.0,0.0,0.0
349,70,Liquidambar',0,0,0,0,0,0,0,0.0,0.0,0.0,0.0,0.0,0.0,0.0,0.0
349,70,Liriodendron',0,0,0,0,0,0,0,0.0,0.0,0.0,0.0,0.0,0.0,0.0,0.0
349,70,Lithocarpus',0,0,0,0,0,0,0,0.0,0.0,0.0,0.0,0.0,0.0,0.0,0.0
349,70,Maclura',0,0,0,0,0,0,0,0.0,0.0,0.0,0.0,0.0,0.0,0.0,0.0
349,70,Magnolia',0,0,0,0,0,0,0,0.0,0.0,0.0,0.0,0.0,0.0,0.0,0.0
349,70,Malus',0,0,0,0,0,0,0,0.0,0.0,0.0,0.0,0.0,0.0,0.0,0.0
349,70,Morus',0,0,0,0,0,0,0,0.0,0.0,0.0,0.0,0.0,0.0,0.0,0.0
349,70,Nyssa',0,0,0,0,0,0,0,0.0,0.0,0.0,0.0,0.0,0.0,0.0,0.0
349,70,Olneya',0,0,0,0,0,0,0,0.0,0.0,0.0,0.0,0.0,0.0,0.0,0.0
349,70,Ostrya',0,4,0,0,0,0,0,2.952468156814575,3.7397031784057617,1.0783816902320593,0.002985017044380523,5.330978041291237,119.20429286885988,2.7370521672069973e-05,0.612023470383797
349,70,Oxydendron',0,0,0,0,0,0,0,0.0,0.0,0.0,0.0,0.0,0.0,0.0,0.0
349,70,Paulownia',0,0,0,0,0,0,0,0.0,0.0,0.0,0.0,0.0,0.0,0.0,0.0
349,70,Persea',0,0,0,0,0,0,0,0.0,0.0,0.0,0.0,0.0,0.0,0.0,0.0
349,70,Picea',0,30,40,0,0,0,0,28.197193145751953,16.26377296447754,48.673669765293596,0.6784220827575177,701.2504268056155,7869.9467864562375,0.0022613984056668477,23.50472511493773
349,70,Pinus',0,303,258,2,1,0,0,54.76698303222656,18.543785095214844,313.57630423381926,6.835869681549243,7587.797457031459,37056.03166184771,0.021391207384256625,92.74281134367806
349,70,Planera',0,0,0,0,0,0,0,0.0,0.0,0.0,0.0,0.0,0.0,0.0,0.0
349,70,Platanus',0,0,0,0,0,0,0,0.0,0.0,0.0,0.0,0.0,0.0,0.0,0.0
349,70,Populus',0,1456,142,0,0,0,0,19.75067138671875,13.52354907989502,637.5757016045853,3.209792386055433,2994.552106858343,7684.730881877784,0.015832816653207873,34.74199607356884
349,70,Prosopis',0,0,0,0,0,0,0,0.0,0.0,0.0,0.0,0.0,0.0,0.0,0.0
349,70,Prunus',0,30,27,0,0,0,0,11.938470840454102,7.154430389404297,34.568649347918694,0.2725286835789543,224.84281840831042,2444.5802192903884,0.0009972856161920352,9.83685439745662
349,70,Pseudotsuga',0,0,0,0,0,0,0,0.0,0.0,0.0,0.0,0.0,0.0,0.0,0.0
349,70,Quercus',0,18,19,0,0,0,0,13.792330741882324,8.434155464172363,30.615586319678943,0.2836591062136803,357.5719834172726,4724.602137889725,0.0012353327579461063,15.214472738734734
349,70,Robinia',0,0,0,0,0,0,0,0.0,0.0,0.0,0.0,0.0,0.0,0.0,0.0
349,70,Salix',0,362,16,0,0,0,0,12.55243968963623,6.954699993133545,142.8411558857541,0.5871904201034406,548.7698047147692,2661.5955144044324,0.003275766248861681,15.563893758899434
349,70,Sassafras',0,0,0,0,0,0,0,0.0,0.0,0.0,0.0,0.0,0.0,0.0,0.0
349,70,Sequoia',0,0,0,0,0,0,0,0.0,0.0,0.0,0.0,0.0,0.0,0.0,0.0
349,70,Sequoiadendron',0,0,0,0,0,0,0,0.0,0.0,0.0,0.0,0.0,0.0,0.0,0.0
349,70,Sorbus',0,10,0,0,0,0,0,2.8958370685577393,2.6438798904418945,2.975710273920735,0.0067179736991006996,9.978697139024735,223.13045129741988,6.50118845002723e-05,1.453709930879739
349,70,Taxodium',0,0,0,0,0,0,0,0.0,0.0,0.0,0.0,0.0,0.0,0.0,0.0
349,70,Taxus',0,0,0,0,0,0,0,0.0,0.0,0.0,0.0,0.0,0.0,0.0,0.0
349,70,Thuja',0,76,51,0,0,0,0,17.132612228393555,9.708771705627441,89.12063251763581,0.6467902990899409,526.934956612885,4778.72289683759,0.002458264592086505,19.69326970379001
349,70,Tilia',0,0,0,0,0,0,0,0.0,0.0,0.0,0.0,0.0,0.0,0.0,0.0
349,70,Torreya',0,0,0,0,0,0,0,0.0,0.0,0.0,0.0,0.0,0.0,0.0,0.0
349,70,Tsuga',0,24,29,0,0,0,0,15.88692569732666,7.874562740325928,49.270225957632064,0.5986558037214237,507.7442451989651,5605.863599102888,0.0018400015810728066,18.88261764402527
349,70,Ulmus',0,30,42,0,0,0,0,18.15580177307129,10.733744621276855,49.268526382084126,0.6650273196776065,641.5220323085786,6224.476305214206,0.0021348522732090197,18.99832745523885
349,70,Umbellularia',0,0,0,0,0,0,0,0.0,0.0,0.0,0.0,0.0,0.0,0.0,0.0
349,80,Abies',0,10,8,0,0,0,0,17.562042236328125,10.030031204223633,23.67814084649086,0.1405692018015819,160.82065185546875,2540.912522826791,0.0006993968197686292,11.047483672268903
349,80,Acer',0,723,171,0,0,0,0,16.97029685974121,11.457942008972168,488.2084942750538,3.209370160821549,4440.307711714507,15760.070138643632,0.016895382938016908,50.28065974450759
349,80,Aesculus',0,0,0,0,0,0,0,0.0,0.0,0.0,0.0,0.0,0.0,0.0,0.0
349,80,Ailanthus',0,0,0,0,0,0,0,0.0,0.0,0.0,0.0,0.0,0.0,0.0,0.0
349,80,Alnus',0,30,1,0,0,0,0,8.476543426513672,6.042115688323975,13.032743186701701,0.05332564589032107,60.35826218545437,771.2165003319128,0.0003217430532122958,4.409437301252231
349,80,Amelanchier',0,0,0,0,0,0,0,0.0,0.0,0.0,0.0,0.0,0.0,0.0,0.0
349,80,Arbutus',0,0,0,0,0,0,0,0.0,0.0,0.0,0.0,0.0,0.0,0.0,0.0
349,80,Asimina',0,0,0,0,0,0,0,0.0,0.0,0.0,0.0,0.0,0.0,0.0,0.0
349,80,Betula',0,1819,496,0,0,0,0,21.374675750732422,10.658493041992188,1050.7823746667914,9.46182805794328,10788.912029906363,25397.849601730974,0.03910195615750202,70.41817756413204
349,80,Calocedrus',0,0,0,0,0,0,0,0.0,0.0,0.0,0.0,0.0,0.0,0.0,0.0
349,80,Carpinus',0,0,0,0,0,0,0,0.0,0.0,0.0,0.0,0.0,0.0,0.0,0.0
349,80,Carya',0,0,0,0,0,0,0,0.0,0.0,0.0,0.0,0.0,0.0,0.0,0.0
349,80,Castanea',0,0,0,0,0,0,0,0.0,0.0,0.0,0.0,0.0,0.0,0.0,0.0
349,80,Catalpa',0,0,0,0,0,0,0,0.0,0.0,0.0,0.0,0.0,0.0,0.0,0.0
349,80,Celtis',0,0,0,0,0,0,0,0.0,0.0,0.0,0.0,0.0,0.0,0.0,0.0
349,80,Cercis',0,0,0,0,0,0,0,0.0,0.0,0.0,0.0,0.0,0.0,0.0,0.0
349,80,Cercocarpus',0,0,0,0,0,0,0,0.0,0.0,0.0,0.0,0.0,0.0,0.0,0.0
349,80,Chamaecyparis',0,0,0,0,0,0,0,0.0,0.0,0.0,0.0,0.0,0.0,0.0,0.0
349,80,Chilopsis',0,0,0,0,0,0,0,0.0,0.0,0.0,0.0,0.0,0.0,0.0,0.0
349,80,Chrysolepis',0,0,0,0,0,0,0,0.0,0.0,0.0,0.0,0.0,0.0,0.0,0.0
349,80,Cladrastis',0,0,0,0,0,0,0,0.0,0.0,0.0,0.0,0.0,0.0,0.0,0.0
349,80,Comus',0,0,0,0,0,0,0,0.0,0.0,0.0,0.0,0.0,0.0,0.0,0.0
349,80,Cornus',0,0,0,0,0,0,0,0.0,0.0,0.0,0.0,0.0,0.0,0.0,0.0
349,80,Crataegus',0,0,0,0,0,0,0,0.0,0.0,0.0,0.0,0.0,0.0,0.0,0.0
349,80,Cupressus',0,0,0,0,0,0,0,0.0,0.0,0.0,0.0,0.0,0.0,0.0,0.0
349,80,Diospyros',0,0,0,0,0,0,0,0.0,0.0,0.0,0.0,0.0,0.0,0.0,0.0
349,80,Elaeagnus',0,76,16,0,0,0,0,14.1962890625,5.992988586425781,43.21577314664668,0.23832341090545123,259.5845245268941,2442.4647348210274,0.001198969549733914,10.532145860222744
349,80,Fagus',0,0,0,0,0,0,0,0.0,0.0,0.0,0.0,0.0,0.0,0.0,0.0
349,80,Fraxinus',0,218,57,0,0,0,0,29.69883155822754,12.198747634887695,114.7254840515648,1.2116370043825875,1400.1414168807864,9830.081431133316,0.0047629623712282625,27.749474112609626
349,80,Gleditsia',0,0,0,0,0,0,0,0.0,0.0,0.0,0.0,0.0,0.0,0.0,0.0
349,80,Gordonia',0,0,0,0,0,0,0,0.0,0.0,0.0,0.0,0.0,0.0,0.0,0.0
349,80,Gymnocladus',0,0,0,0,0,0,0,0.0,0.0,0.0,0.0,0.0,0.0,0.0,0.0
349,80,Halesia',0,0,0,0,0,0,0,0.0,0.0,0.0,0.0,0.0,0.0,0.0,0.0
349,80,Ilex',0,0,0,0,0,0,0,0.0,0.0,0.0,0.0,0.0,0.0,0.0,0.0
349,80,Juglans',0,0,0,0,0,0,0,0.0,0.0,0.0,0.0,0.0,0.0,0.0,0.0
349,80,Juniperus',0,0,0,0,0,0,0,0.0,0.0,0.0,0.0,0.0,0.0,0.0,0.0
349,80,Larix',0,0,0,0,0,0,0,0.0,0.0,0.0,0.0,0.0,0.0,0.0,0.0
349,80,Liquidambar',0,0,0,0,0,0,0,0.0,0.0,0.0,0.0,0.0,0.0,0.0,0.0
349,80,Liriodendron',0,0,0,0,0,0,0,0.0,0.0,0.0,0.0,0.0,0.0,0.0,0.0
349,80,Lithocarpus',0,0,0,0,0,0,0,0.0,0.0,0.0,0.0,0.0,0.0,0.0,0.0
349,80,Maclura',0,0,0,0,0,0,0,0.0,0.0,0.0,0.0,0.0,0.0,0.0,0.0
349,80,Magnolia',0,0,0,0,0,0,0,0.0,0.0,0.0,0.0,0.0,0.0,0.0,0.0
349,80,Malus',0,0,0,0,0,0,0,0.0,0.0,0.0,0.0,0.0,0.0,0.0,0.0
349,80,Morus',0,0,0,0,0,0,0,0.0,0.0,0.0,0.0,0.0,0.0,0.0,0.0
349,80,Nyssa',0,0,0,0,0,0,0,0.0,0.0,0.0,0.0,0.0,0.0,0.0,0.0
349,80,Olneya',0,0,0,0,0,0,0,0.0,0.0,0.0,0.0,0.0,0.0,0.0,0.0
349,80,Ostrya',0,0,0,0,0,0,0,0.0,0.0,0.0,0.0,0.0,0.0,0.0,0.0
349,80,Oxydendron',0,0,0,0,0,0,0,0.0,0.0,0.0,0.0,0.0,0.0,0.0,0.0
349,80,Paulownia',0,0,0,0,0,0,0,0.0,0.0,0.0,0.0,0.0,0.0,0.0,0.0
349,80,Persea',0,0,0,0,0,0,0,0.0,0.0,0.0,0.0,0.0,0.0,0.0,0.0
349,80,Picea',0,20,50,0,0,0,0,19.486360549926758,12.752423286437988,45.77245748847723,0.9182435844941155,910.4679671284557,10249.616427267945,0.00268441984042005,28.553446952694436
349,80,Pinus',0,299,273,11,1,0,0,60.64706802368164,19.71294593811035,368.00441190734506,8.03120581639484,9035.109867755324,41688.94218069021,0.025393641343206434,103.67079648435187
349,80,Planera',0,0,0,0,0,0,0,0.0,0.0,0.0,0.0,0.0,0.0,0.0,0.0
349,80,Platanus',0,0,0,0,0,0,0,0.0,0.0,0.0,0.0,0.0,0.0,0.0,0.0
349,80,Populus',0,1354,193,0,0,0,0,16.942501068115234,12.228076934814453,644.4565712718316,4.056063357715204,3595.934474433884,10141.472819138515,0.017268275844202947,38.91423215817706
349,80,Prosopis',0,0,0,0,0,0,0,0.0,0.0,0.0,0.0,0.0,0.0,0.0,0.0
349,80,Prunus',0,48,10,0,0,0,0,16.10069465637207,8.323799133300781,26.99375119649722,0.2618233224268506,216.39812963053583,3523.0137016595118,0.0008694747906324891,11.531655423375229
349,80,Pseudotsuga',0,0,0,0,0,0,0,0.0,0.0,0.0,0.0,0.0,0.0,0.0,0.0
349,80,Quercus',0,0,37,0,0,0,0,15.623741149902344,9.262248039245605,30.064003946660435,0.4280629050024068,512.7759541869164,6432.639308682784,0.0015722901914864771,19.102731899041906
349,80,Robinia',0,0,0,0,0,0,0,0.0,0.0,0.0,0.0,0.0,0.0,0.0,0.0
349,80,Salix',0,433,11,0,0,0,0,8.586230278015137,5.413451194763184,151.63286180636265,0.6417042938121277,578.3385589761288,2796.593552767847,0.003468036076014746,15.619500916787686
349,80,Sassafras',0,0,0,0,0,0,0,0.0,0.0,0.0,0.0,0.0,0.0,0.0,0.0
349,80,Sequoia',0,0,0,0,0,0,0,0.0,0.0,0.0,0.0,0.0,0.0,0.0,0.0
349,80,Sequoiadendron',0,0,0,0,0,0,0,0.0,0.0,0.0,0.0,0.0,0.0,0.0,0.0
349,80,Sorbus',0,0,0,0,0,0,0,0.0,0.0,0.0,0.0,0.0,0.0,0.0,0.0
349,80,Taxodium',0,0,0,0,0,0,0,0.0,0.0,0.0,0.0,0.0,0.0,0.0,0.0
349,80,Taxus',0,0,0,0,0,0,0,0.0,0.0,0.0,0.0,0.0,0.0,0.0,0.0
349,80,Thuja',0,70,70,0,0,0,0,23.19367218017578,11.72689151763916,101.5679478085041,1.1839082941245576,881.0386847770214,7399.172683312628,0.00342495633377135,25.182642110113626
349,80,Tilia',0,0,0,0,0,0,0,0.0,0.0,0.0,0.0,0.0,0.0,0.0,0.0
349,80,Torreya',0,0,0,0,0,0,0,0.0,0.0,0.0,0.0,0.0,0.0,0.0,0.0
349,80,Tsuga',0,3,50,0,0,0,0,18.408315658569336,8.769540786743164,41.4423914361,0.8702753614235554,701.1825717568398,7545.1376581546765,0.002156795847321549,21.785512915653577
349,80,Ulmus',0,41,43,0,0,0,0,22.0407657623291,12.308656692504883,46.073276055623076,0.5512918658333543,564.9827933944762,5239.008909818359,0.001918767723913767,16.615380593789215
349,80,Umbellularia',0,0,0,0,0,0,0,0.0,0.0,0.0,0.0,0.0,0.0,0.0,0.0
349,90,Abies',0,0,8,0,0,0,0,23.37395477294922,12.141507148742676,24.67940511703491,0.2322748161809893,247.9757571220398,3918.3854629767256,0.0009075375379621967,14.344871598933118
349,90,Acer',0,723,175,0,0,0,0,18.888708114624023,12.195490837097168,437.92914959224805,3.061822307779122,4161.18234738864,16030.139290088067,0.015551305319228666,49.27353414937255
349,90,Aesculus',0,0,0,0,0,0,0,0.0,0.0,0.0,0.0,0.0,0.0,0.0,0.0
349,90,Ailanthus',0,0,0,0,0,0,0,0.0,0.0,0.0,0.0,0.0,0.0,0.0,0.0
349,90,Alnus',0,32,12,0,0,0,0,14.181203842163086,8.572528839111328,19.841718112554727,0.10483836883180342,118.1792330890894,1514.443553211207,0.0005482530830008911,6.752294106138592
349,90,Amelanchier',0,0,0,0,0,0,0,0.0,0.0,0.0,0.0,0.0,0.0,0.0,0.0
349,90,Arbutus',0,0,0,0,0,0,0,0.0,0.0,0.0,0.0,0.0,0.0,0.0,0.0
349,90,Asimina',0,0,0,0,0,0,0,0.0,0.0,0.0,0.0,0.0,0.0,0.0,0.0
349,90,Betula',0,1724,530,0,0,0,0,23.498971939086914,11.555685043334961,928.6976735931643,8.74092094928151,10048.960993749277,25213.89359677645,0.035700143483114545,69.76603177735817
349,90,Calocedrus',0,0,0,0,0,0,0,0.0,0.0,0.0,0.0,0.0,0.0,0.0,0.0
349,90,Carpinus',0,0,0,0,0,0,0,0.0,0.0,0.0,0.0,0.0,0.0,0.0,0.0
349,90,Carya',0,0,0,0,0,0,0,0.0,0.0,0.0,0.0,0.0,0.0,0.0,0.0
349,90,Castanea',0,0,0,0,0,0,0,0.0,0.0,0.0,0.0,0.0,0.0,0.0,0.0
349,90,Catalpa',0,0,0,0,0,0,0,0.0,0.0,0.0,0.0,0.0,0.0,0.0,0.0
349,90,Celtis',0,0,0,0,0,0,0,0.0,0.0,0.0,0.0,0.0,0.0,0.0,0.0
349,90,Cercis',0,0,0,0,0,0,0,0.0,0.0,0.0,0.0,0.0,0.0,0.0,0.0
349,90,Cercocarpus',0,0,0,0,0,0,0,0.0,0.0,0.0,0.0,0.0,0.0,0.0,0.0
349,90,Chamaecyparis',0,0,0,0,0,0,0,0.0,0.0,0.0,0.0,0.0,0.0,0.0,0.0
349,90,Chilopsis',0,0,0,0,0,0,0,0.0,0.0,0.0,0.0,0.0,0.0,0.0,0.0
349,90,Chrysolepis',0,0,0,0,0,0,0,0.0,0.0,0.0,0.0,0.0,0.0,0.0,0.0
349,90,Cladrastis',0,0,0,0,0,0,0,0.0,0.0,0.0,0.0,0.0,0.0,0.0,0.0
349,90,Comus',0,0,0,0,0,0,0,0.0,0.0,0.0,0.0,0.0,0.0,0.0,0.0
349,90,Cornus',0,0,0,0,0,0,0,0.0,0.0,0.0,0.0,0.0,0.0,0.0,0.0
349,90,Crataegus',0,0,0,0,0,0,0,0.0,0.0,0.0,0.0,0.0,0.0,0.0,0.0
349,90,Cupressus',0,0,0,0,0,0,0,0.0,0.0,0.0,0.0,0.0,0.0,0.0,0.0
349,90,Diospyros',0,0,0,0,0,0,0,0.0,0.0,0.0,0.0,0.0,0.0,0.0,0.0
349,90,Elaeagnus',0,108,0,0,0,0,0,5.590304374694824,3.682765007019043,43.984233224882345,0.11216224552626715,157.80873721897603,1225.965519107663,0.0009838635542755935,7.603012088928996
349,90,Fagus',0,0,0,0,0,0,0,0.0,0.0,0.0,0.0,0.0,0.0,0.0,0.0
349,90,Fraxinus',0,173,57,0,0,0,0,35.04328155517578,13.50932788848877,120.5377354444582,1.4194655534929226,1632.4226258170604,12008.301170685392,0.005362813505556438,32.59819286639206
349,90,Gleditsia',0,0,0,0,0,0,0,0.0,0.0,0.0,0.0,0.0,0.0,0.0,0.0
349,90,Gordonia',0,0,0,0,0,0,0,0.0,0.0,0.0,0.0,0.0,0.0,0.0,0.0
349,90,Gymnocladus',0,0,0,0,0,0,0,0.0,0.0,0.0,0.0,0.0,0.0,0.0,0.0
349,90,Halesia',0,0,0,0,0,0,0,0.0,0.0,0.0,0.0,0.0,0.0,0.0,0.0
349,90,Ilex',0,0,0,0,0,0,0,0.0,0.0,0.0,0.0,0.0,0.0,0.0,0.0
349,90,Juglans',0,0,0,0,0,0,0,0.0,0.0,0.0,0.0,0.0,0.0,0.0,0.0
349,90,Juniperus',0,0,0,0,0,0,0,0.0,0.0,0.0,0.0,0.0,0.0,0.0,0.0
349,90,Larix',0,0,0,0,0,0,0,0.0,0.0,0.0,0.0,0.0,0.0,0.0,0.0
349,90,Liquidambar',0,0,0,0,0,0,0,0.0,0.0,0.0,0.0,0.0,0.0,0.0,0.0
349,90,Liriodendron',0,0,0,0,0,0,0,0.0,0.0,0.0,0.0,0.0,0.0,0.0,0.0
349,90,Lithocarpus',0,0,0,0,0,0,0,0.0,0.0,0.0,0.0,0.0,0.0,0.0,0.0
349,90,Maclura',0,0,0,0,0,0,0,0.0,0.0,0.0,0.0,0.0,0.0,0.0,0.0
349,90,Magnolia',0,0,0,0,0,0,0,0.0,0.0,0.0,0.0,0.0,0.0,0.0,0.0
349,90,Malus',0,0,0,0,0,0,0,0.0,0.0,0.0,0.0,0.0,0.0,0.0,0.0
349,90,Morus',0,0,0,0,0,0,0,0.0,0.0,0.0,0.0,0.0,0.0,0.0,0.0
349,90,Nyssa',0,0,0,0,0,0,0,0.0,0.0,0.0,0.0,0.0,0.0,0.0,0.0
349,90,Olneya',0,0,0,0,0,0,0,0.0,0.0,0.0,0.0,0.0,0.0,0.0,0.0
349,90,Ostrya',0,0,0,0,0,0,0,0.0,0.0,0.0,0.0,0.0,0.0,0.0,0.0
349,90,Oxydendron',0,0,0,0,0,0,0,0.0,0.0,0.0,0.0,0.0,0.0,0.0,0.0
349,90,Paulownia',0,0,0,0,0,0,0,0.0,0.0,0.0,0.0,0.0,0.0,0.0,0.0
349,90,Persea',0,0,0,0,0,0,0,0.0,0.0,0.0,0.0,0.0,0.0,0.0,0.0
349,90,Picea',0,32,29,0,0,0,0,23.48601722717285,14.46413803100586,45.63606297552585,0.7713008190836208,817.8843766242265,10257.300608870606,0.0024767083199348683,28.157123529449688
349,90,Pinus',0,358,332,21,0,0,0,33.061737060546875,20.715662002563477,413.8376928496361,9.350001133771775,10170.767921784818,42371.69746812155,0.028579362208487894,104.85968358406183
349,90,Planera',0,0,0,0,0,0,0,0.0,0.0,0.0,0.0,0.0,0.0,0.0,0.0
349,90,Platanus',0,0,0,0,0,0,0,0.0,0.0,0.0,0.0,0.0,0.0,0.0,0.0
349,90,Populus',0,1409,140,0,0,0,0,20.240253448486328,13.737482070922852,584.0402950528019,3.1799924196663882,2931.8487155607345,8470.98223526268,0.014922803897303931,35.201292141140776
349,90,Prosopis',0,0,0,0,0,0,0,0.0,0.0,0.0,0.0,0.0,0.0,0.0,0.0
349,90,Prunus',0,30,20,0,0,0,0,19.90436363220215,9.143815040588379,21.202213638874735,0.44457474823641246,335.45282688565555,5564.217588402294,0.0010506683701019517,15.456993349780062
349,90,Pseudotsuga',0,0,0,0,0,0,0,0.0,0.0,0.0,0.0,0.0,0.0,0.0,0.0
349,90,Quercus',0,10,28,0,0,0,0,14.86855411529541,8.923890113830566,22.900326297252988,0.4348994311579951,481.94874953746796,6347.930603013009,0.0014006601601950807,18.391428973241297
349,90,Robinia',0,0,0,0,0,0,0,0.0,0.0,0.0,0.0,0.0,0.0,0.0,0.0
349,90,Salix',0,257,21,0,0,0,0,13.838319778442383,7.412694454193115,126.26635224240111,0.5846927616958754,529.0276150545478,3323.998120013436,0.002993291221045767,15.875186332242395
349,90,Sassafras',0,0,0,0,0,0,0,0.0,0.0,0.0,0.0,0.0,0.0,0.0,0.0
349,90,Sequoia',0,0,0,0,0,0,0,0.0,0.0,0.0,0.0,0.0,0.0,0.0,0.0
349,90,Sequoiadendron',0,0,0,0,0,0,0,0.0,0.0,0.0,0.0,0.0,0.0,0.0,0.0
349,90,Sorbus',0,0,0,0,0,0,0,0.0,0.0,0.0,0.0,0.0,0.0,0.0,0.0
349,90,Taxodium',0,0,0,0,0,0,0,0.0,0.0,0.0,0.0,0.0,0.0,0.0,0.0
349,90,Taxus',0,0,0,0,0,0,0,0.0,0.0,0.0,0.0,0.0,0.0,0.0,0.0
349,90,Thuja',0,61,100,0,0,0,0,28.186729431152344,13.11543083190918,132.27395767778157,2.045435351689413,1528.597721783817,11368.26633737857,0.005307507684133638,34.789906567022385
349,90,Tilia',0,10,0,0,0,0,0,0.8560143113136292,1.7929075956344604,0.453202403680999,0.0005916229968833534,1.3587300904840232,30.382128453966985,9.543500525993338e-06,0.21339915919426092
349,90,Torreya',0,0,0,0,0,0,0,0.0,0.0,0.0,0.0,0.0,0.0,0.0,0.0
349,90,Tsuga',0,24,50,0,0,0,0,20.868976593017578,9.608046531677246,37.91168059408665,1.1898626835573654,959.7845447134972,10064.671267481415,0.0026804676816286573,26.62464483230524
349,90,Ulmus',0,20,34,0,0,0,0,25.67298126220703,13.664447784423828,40.120932923842076,0.5509983086168713,570.034706864357,5830.776624598464,0.0018443068979745688,17.86277196186318
349,90,Umbellularia',0,0,0,0,0,0,0,0.0,0.0,0.0,0.0,0.0,0.0,0.0,0.0
349,100,Abies',0,10,0,0,0,0,0,2.0616917610168457,2.544389486312866,0.0,0.0034051600060030045,3.1235783100128174,69.84533434232584,6.941284658387302e-06,0.15521184347330425
349,100,Acer',0,700,167,0,0,0,0,17.91927719116211,11.927289962768555,426.6718973296612,2.5676837941928086,3480.87745847743,12136.253400675327,0.01387746217614389,42.27058955514571
349,100,Aesculus',0,0,0,0,0,0,0,0.0,0.0,0.0,0.0,0.0,0.0,0.0,0.0
349,100,Ailanthus',0,0,0,0,0,0,0,0.0,0.0,0.0,0.0,0.0,0.0,0.0,0.0
349,100,Alnus',0,10,1,0,0,0,0,19.187114715576172,10.437807083129883,12.24694494865363,0.054792996002940096,86.75613437116147,1792.506766405155,0.0003690929822577163,7.275922400633407
349,100,Amelanchier',0,0,0,0,0,0,0,0.0,0.0,0.0,0.0,0.0,0.0,0.0,0.0
349,100,Arbutus',0,0,0,0,0,0,0,0.0,0.0,0.0,0.0,0.0,0.0,0.0,0.0
349,100,Asimina',0,0,0,0,0,0,0,0.0,0.0,0.0,0.0,0.0,0.0,0.0,0.0
349,100,Betula',0,1786,557,0,0,0,0,25.93810272216797,12.383021354675293,1123.5537715223204,9.883543925319795,11505.18495923102,27520.99756434654,0.041741258461602516,76.64762688786153
349,100,Calocedrus',0,0,0,0,0,0,0,0.0,0.0,0.0,0.0,0.0,0.0,0.0,0.0
349,100,Carpinus',0,0,0,0,0,0,0,0.0,0.0,0.0,0.0,0.0,0.0,0.0,0.0
349,100,Carya',0,0,0,0,0,0,0,0.0,0.0,0.0,0.0,0.0,0.0,0.0,0.0
349,100,Castanea',0,0,0,0,0,0,0,0.0,0.0,0.0,0.0,0.0,0.0,0.0,0.0
349,100,Catalpa',0,0,0,0,0,0,0,0.0,0.0,0.0,0.0,0.0,0.0,0.0,0.0
349,100,Celtis',0,0,0,0,0,0,0,0.0,0.0,0.0,0.0,0.0,0.0,0.0,0.0
349,100,Cercis',0,0,0,0,0,0,0,0.0,0.0,0.0,0.0,0.0,0.0,0.0,0.0
349,100,Cercocarpus',0,0,0,0,0,0,0,0.0,0.0,0.0,0.0,0.0,0.0,0.0,0.0
349,100,Chamaecyparis',0,0,0,0,0,0,0,0.0,0.0,0.0,0.0,0.0,0.0,0.0,0.0
349,100,Chilopsis',0,0,0,0,0,0,0,0.0,0.0,0.0,0.0,0.0,0.0,0.0,0.0
349,100,Chrysolepis',0,0,0,0,0,0,0,0.0,0.0,0.0,0.0,0.0,0.0,0.0,0.0
349,100,Cladrastis',0,0,0,0,0,0,0,0.0,0.0,0.0,0.0,0.0,0.0,0.0,0.0
349,100,Comus',0,0,0,0,0,0,0,0.0,0.0,0.0,0.0,0.0,0.0,0.0,0.0
349,100,Cornus',0,0,0,0,0,0,0,0.0,0.0,0.0,0.0,0.0,0.0,0.0,0.0
349,100,Crataegus',0,0,0,0,0,0,0,0.0,0.0,0.0,0.0,0.0,0.0,0.0,0.0
349,100,Cupressus',0,0,0,0,0,0,0,0.0,0.0,0.0,0.0,0.0,0.0,0.0,0.0
349,100,Diospyros',0,0,0,0,0,0,0,0.0,0.0,0.0,0.0,0.0,0.0,0.0,0.0
349,100,Elaeagnus',0,103,13,0,0,0,0,9.748682975769043,4.962893009185791,35.922509216338014,0.15442482543552558,184.5146178343892,1894.674654205671,0.0009271569643556141,8.7782810416091
349,100,Fagus',0,10,0,0,0,0,0,0.8855726718902588,1.8533921241760254,0.4280184124466739,0.0006282586333816838,2.021478456258774,45.201632432459945,1.0653737046523043e-05,0.2382248025043354
349,100,Fraxinus',0,173,68,0,0,0,0,16.725265502929688,8.295190811157227,114.48785872587673,0.9891391214476151,1099.9434352213145,7630.863613075288,0.004092435097504408,24.125201368771968
349,100,Gleditsia',0,0,0,0,0,0,0,0.0,0.0,0.0,0.0,0.0,0.0,0.0,0.0
349,100,Gordonia',0,0,0,0,0,0,0,0.0,0.0,0.0,0.0,0.0,0.0,0.0,0.0
349,100,Gymnocladus',0,0,0,0,0,0,0,0.0,0.0,0.0,0.0,0.0,0.0,0.0,0.0
349,100,Halesia',0,0,0,0,0,0,0,0.0,0.0,0.0,0.0,0.0,0.0,0.0,0.0
349,100,Ilex',0,0,0,0,0,0,0,0.0,0.0,0.0,0.0,0.0,0.0,0.0,0.0
349,100,Juglans',0,0,0,0,0,0,0,0.0,0.0,0.0,0.0,0.0,0.0,0.0,0.0
349,100,Juniperus',0,0,0,0,0,0,0,0.0,0.0,0.0,0.0,0.0,0.0,0.0,0.0
349,100,Larix',0,0,0,0,0,0,0,0.0,0.0,0.0,0.0,0.0,0.0,0.0,0.0
349,100,Liquidambar',0,0,0,0,0,0,0,0.0,0.0,0.0,0.0,0.0,0.0,0.0,0.0
349,100,Liriodendron',0,0,0,0,0,0,0,0.0,0.0,0.0,0.0,0.0,0.0,0.0,0.0
349,100,Lithocarpus',0,0,0,0,0,0,0,0.0,0.0,0.0,0.0,0.0,0.0,0.0,0.0
349,100,Maclura',0,0,0,0,0,0,0,0.0,0.0,0.0,0.0,0.0,0.0,0.0,0.0
349,100,Magnolia',0,0,0,0,0,0,0,0.0,0.0,0.0,0.0,0.0,0.0,0.0,0.0
349,100,Malus',0,0,0,0,0,0,0,0.0,0.0,0.0,0.0,0.0,0.0,0.0,0.0
349,100,Morus',0,0,0,0,0,0,0,0.0,0.0,0.0,0.0,0.0,0.0,0.0,0.0
349,100,Nyssa',0,0,0,0,0,0,0,0.0,0.0,0.0,0.0,0.0,0.0,0.0,0.0
349,100,Olneya',0,0,0,0,0,0,0,0.0,0.0,0.0,0.0,0.0,0.0,0.0,0.0
349,100,Ostrya',0,0,0,0,0,0,0,0.0,0.0,0.0,0.0,0.0,0.0,0.0,0.0
349,100,Oxydendron',0,0,0,0,0,0,0,0.0,0.0,0.0,0.0,0.0,0.0,0.0,0.0
349,100,Paulownia',0,0,0,0,0,0,0,0.0,0.0,0.0,0.0,0.0,0.0,0.0,0.0
349,100,Persea',0,0,0,0,0,0,0,0.0,0.0,0.0,0.0,0.0,0.0,0.0,0.0
349,100,Picea',0,32,39,0,0,0,0,28.450977325439453,16.354570388793945,60.311102349758144,1.0516134898832148,1146.3897563171388,13126.30679739155,0.0034186931440960623,35.58628084964103
349,100,Pinus',0,292,413,25,0,0,0,38.641849517822266,21.60875701904297,521.348159981221,12.038768796066634,13491.081539883762,53144.65109081041,0.03751076588950107,130.7479820328677
349,100,Planera',0,0,0,0,0,0,0,0.0,0.0,0.0,0.0,0.0,0.0,0.0,0.0
349,100,Platanus',0,0,0,0,0,0,0,0.0,0.0,0.0,0.0,0.0,0.0,0.0,0.0
349,100,Populus',0,1198,174,0,0,0,0,14.917750358581543,10.988116264343262,601.2482707649233,3.041197913203082,2867.4869335032254,7832.077808296485,0.015027496030720771,35.39426563406349
349,100,Prosopis',0,0,0,0,0,0,0,0.0,0.0,0.0,0.0,0.0,0.0,0.0,0.0
349,100,Prunus',0,41,0,0,0,0,0,7.380893707275391,5.443325519561768,22.694616117337834,0.08928879659736653,85.54196747273207,1136.6738023437042,0.0005167948642277602,6.654962025891744
349,100,Pseudotsuga',0,0,0,0,0,0,0,0.0,0.0,0.0,0.0,0.0,0.0,0.0,0.0
349,100,Quercus',0,0,28,0,0,0,0,18.16511344909668,9.750070571899414,22.273079453012606,0.642467956071777,712.2948370230198,9270.202962503223,0.0019035107540488199,24.70986200124716
349,100,Robinia',0,0,0,0,0,0,0,0.0,0.0,0.0,0.0,0.0,0.0,0.0,0.0
349,100,Salix',0,394,35,0,0,0,0,17.388845443725586,8.581063270568848,203.25340873762207,0.8307335571583296,786.1204896517098,3629.9680274158854,0.004672880160607631,19.56514059993653
349,100,Sassafras',0,0,0,0,0,0,0,0.0,0.0,0.0,0.0,0.0,0.0,0.0,0.0
349,100,Sequoia',0,0,0,0,0,0,0,0.0,0.0,0.0,0.0,0.0,0.0,0.0,0.0
349,100,Sequoiadendron',0,0,0,0,0,0,0,0.0,0.0,0.0,0.0,0.0,0.0,0.0,0.0
349,100,Sorbus',0,0,0,0,0,0,0,0.0,0.0,0.0,0.0,0.0,0.0,0.0,0.0
349,100,Taxodium',0,0,0,0,0,0,0,0.0,0.0,0.0,0.0,0.0,0.0,0.0,0.0
349,100,Taxus',0,0,0,0,0,0,0,0.0,0.0,0.0,0.0,0.0,0.0,0.0,0.0
349,100,Thuja',0,92,89,0,0,0,0,32.91535568237305,14.238212585449219,149.7587461270392,2.882876107388548,2232.0826001024247,16706.704727490007,0.00712336545037475,47.87535415967602
349,100,Tilia',0,0,0,0,0,0,0,0.0,0.0,0.0,0.0,0.0,0.0,0.0,0.0
349,100,Torreya',0,0,0,0,0,0,0,0.0,0.0,0.0,0.0,0.0,0.0,0.0,0.0
349,100,Tsuga',0,26,54,0,0,0,0,23.089195251464844,10.336160659790039,53.883265331983566,1.5676133808566493,1319.4629803645612,13159.965091002485,0.0037104538043579113,34.225192193305475
349,100,Ulmus',0,39,32,1,0,0,0,29.197114944458008,14.88050651550293,51.46237192840515,0.6626742690343036,728.829779459238,6966.346868617837,0.0023604511729190094,20.362877404563307
349,100,Umbellularia',0,0,0,0,0,0,0,0.0,0.0,0.0,0.0,0.0,0.0,0.0,0.0
349,110,Abies',0,10,0,0,0,0,0,4.259613513946533,3.7991321086883545,2.13417235314846,0.014535515732673423,11.157353612780572,249.48601127180254,5.5621053762733924e-05,1.243724571936426
349,110,Acer',0,664,152,0,0,0,0,17.261545181274414,11.602971076965332,405.3639666918853,2.508875550865988,3431.6593602987377,12894.214080247331,0.013461349258909926,43.40957862650403
349,110,Aesculus',0,0,0,0,0,0,0,0.0,0.0,0.0,0.0,0.0,0.0,0.0,0.0
349,110,Ailanthus',0,0,0,0,0,0,0,0.0,0.0,0.0,0.0,0.0,0.0,0.0,0.0
349,110,Alnus',0,61,0,0,0,0,0,4.508648872375488,4.015290260314941,16.384207292966824,0.04055865112372313,54.46353585228324,613.857817647633,0.000356889845984521,3.9652779797406184
349,110,Amelanchier',0,0,0,0,0,0,0,0.0,0.0,0.0,0.0,0.0,0.0,0.0,0.0
349,110,Arbutus',0,0,0,0,0,0,0,0.0,0.0,0.0,0.0,0.0,0.0,0.0,0.0
349,110,Asimina',0,0,0,0,0,0,0,0.0,0.0,0.0,0.0,0.0,0.0,0.0,0.0
349,110,Betula',0,1732,562,0,0,0,0,27.879844665527344,13.015033721923828,998.8866377380216,9.491715756800689,10875.317949784026,27217.613249444796,0.038546901384573985,74.10374366776509
349,110,Calocedrus',0,0,0,0,0,0,0,0.0,0.0,0.0,0.0,0.0,0.0,0.0,0.0
349,110,Carpinus',0,0,0,0,0,0,0,0.0,0.0,0.0,0.0,0.0,0.0,0.0,0.0
349,110,Carya',0,0,0,0,0,0,0,0.0,0.0,0.0,0.0,0.0,0.0,0.0,0.0
349,110,Castanea',0,0,0,0,0,0,0,0.0,0.0,0.0,0.0,0.0,0.0,0.0,0.0
349,110,Catalpa',0,0,0,0,0,0,0,0.0,0.0,0.0,0.0,0.0,0.0,0.0,0.0
349,110,Celtis',0,0,0,0,0,0,0,0.0,0.0,0.0,0.0,0.0,0.0,0.0,0.0
349,110,Cercis',0,0,0,0,0,0,0,0.0,0.0,0.0,0.0,0.0,0.0,0.0,0.0
349,110,Cercocarpus',0,0,0,0,0,0,0,0.0,0.0,0.0,0.0,0.0,0.0,0.0,0.0
349,110,Chamaecyparis',0,0,0,0,0,0,0,0.0,0.0,0.0,0.0,0.0,0.0,0.0,0.0
349,110,Chilopsis',0,0,0,0,0,0,0,0.0,0.0,0.0,0.0,0.0,0.0,0.0,0.0
349,110,Chrysolepis',0,0,0,0,0,0,0,0.0,0.0,0.0,0.0,0.0,0.0,0.0,0.0
349,110,Cladrastis',0,0,0,0,0,0,0,0.0,0.0,0.0,0.0,0.0,0.0,0.0,0.0
349,110,Comus',0,0,0,0,0,0,0,0.0,0.0,0.0,0.0,0.0,0.0,0.0,0.0
349,110,Cornus',0,0,0,0,0,0,0,0.0,0.0,0.0,0.0,0.0,0.0,0.0,0.0
349,110,Crataegus',0,0,0,0,0,0,0,0.0,0.0,0.0,0.0,0.0,0.0,0.0,0.0
349,110,Cupressus',0,0,0,0,0,0,0,0.0,0.0,0.0,0.0,0.0,0.0,0.0,0.0
349,110,Diospyros',0,0,0,0,0,0,0,0.0,0.0,0.0,0.0,0.0,0.0,0.0,0.0
349,110,Elaeagnus',0,50,1,0,0,0,0,8.580180168151855,4.638034820556641,16.173347556798518,0.03575714663704322,56.99906483143568,553.9970034856891,0.0003594889115886762,3.4122016288129946
349,110,Fagus',0,0,0,0,0,0,0,0.0,0.0,0.0,0.0,0.0,0.0,0.0,0.0
349,110,Fraxinus',0,117,30,0,0,0,0,16.40318489074707,8.183380126953125,47.68483193355459,0.6282236492421586,675.1328003628552,6992.527681666275,0.0021867447366272106,18.89789380803832
349,110,Gleditsia',0,0,0,0,0,0,0,0.0,0.0,0.0,0.0,0.0,0.0,0.0,0.0
349,110,Gordonia',0,0,0,0,0,0,0,0.0,0.0,0.0,0.0,0.0,0.0,0.0,0.0
349,110,Gymnocladus',0,0,0,0,0,0,0,0.0,0.0,0.0,0.0,0.0,0.0,0.0,0.0
349,110,Halesia',0,0,0,0,0,0,0,0.0,0.0,0.0,0.0,0.0,0.0,0.0,0.0
349,110,Ilex',0,0,0,0,0,0,0,0.0,0.0,0.0,0.0,0.0,0.0,0.0,0.0
349,110,Juglans',0,0,0,0,0,0,0,0.0,0.0,0.0,0.0,0.0,0.0,0.0,0.0
349,110,Juniperus',0,0,0,0,0,0,0,0.0,0.0,0.0,0.0,0.0,0.0,0.0,0.0
349,110,Larix',0,0,0,0,0,0,0,0.0,0.0,0.0,0.0,0.0,0.0,0.0,0.0
349,110,Liquidambar',0,0,0,0,0,0,0,0.0,0.0,0.0,0.0,0.0,0.0,0.0,0.0
349,110,Liriodendron',0,0,0,0,0,0,0,0.0,0.0,0.0,0.0,0.0,0.0,0.0,0.0
349,110,Lithocarpus',0,0,0,0,0,0,0,0.0,0.0,0.0,0.0,0.0,0.0,0.0,0.0
349,110,Maclura',0,0,0,0,0,0,0,0.0,0.0,0.0,0.0,0.0,0.0,0.0,0.0
349,110,Magnolia',0,0,0,0,0,0,0,0.0,0.0,0.0,0.0,0.0,0.0,0.0,0.0
349,110,Malus',0,0,0,0,0,0,0,0.0,0.0,0.0,0.0,0.0,0.0,0.0,0.0
349,110,Morus',0,0,0,0,0,0,0,0.0,0.0,0.0,0.0,0.0,0.0,0.0,0.0
349,110,Nyssa',0,0,0,0,0,0,0,0.0,0.0,0.0,0.0,0.0,0.0,0.0,0.0
349,110,Olneya',0,0,0,0,0,0,0,0.0,0.0,0.0,0.0,0.0,0.0,0.0,0.0
349,110,Ostrya',0,0,0,0,0,0,0,0.0,0.0,0.0,0.0,0.0,0.0,0.0,0.0
349,110,Oxydendron',0,0,0,0,0,0,0,0.0,0.0,0.0,0.0,0.0,0.0,0.0,0.0
349,110,Paulownia',0,0,0,0,0,0,0,0.0,0.0,0.0,0.0,0.0,0.0,0.0,0.0
349,110,Persea',0,0,0,0,0,0,0,0.0,0.0,0.0,0.0,0.0,0.0,0.0,0.0
349,110,Picea',0,20,41,0,0,0,0,33.53030014038086,18.050735473632812,52.628315847516056,0.8940647740241514,964.2701385122538,10523.183974677388,0.0029030092797810133,29.183148412021637
349,110,Pinus',0,297,478,31,0,0,0,45.912498474121094,22.379894256591797,492.4569744539261,14.859397733010377,16680.664157164694,63691.198332496206,0.04418141045777272,151.99001498930602
349,110,Planera',0,0,0,0,0,0,0,0.0,0.0,0.0,0.0,0.0,0.0,0.0,0.0
349,110,Platanus',0,0,0,0,0,0,0,0.0,0.0,0.0,0.0,0.0,0.0,0.0,0.0
349,110,Populus',0,1433,148,0,0,0,0,19.211257934570312,9.452244758605957,624.5703808456965,3.311949498110995,3022.4221642907337,8184.815679328541,0.01570753131615674,35.40717793998452
349,110,Prosopis',0,0,0,0,0,0,0,0.0,0.0,0.0,0.0,0.0,0.0,0.0,0.0
349,110,Prunus',0,38,10,0,0,0,0,10.413180351257324,6.638329029083252,20.167313514725315,0.1255275544148799,108.20987868458033,1537.710387569568,0.0005307860754276626,6.599755099364007
349,110,Pseudotsuga',0,0,0,0,0,0,0,0.0,0.0,0.0,0.0,0.0,0.0,0.0,0.0
349,110,Quercus',0,0,20,0,0,0,0,18.87250328063965,10.503127098083496,13.786254606292216,0.5610325148980505,653.6563635337353,10372.131128658193,0.0016510304857790506,26.14002858652942
349,110,Robinia',0,0,0,0,0,0,0,0.0,0.0,0.0,0.0,0.0,0.0,0.0,0.0
349,110,Salix',0,367,29,0,0,0,0,12.552563667297363,6.954744815826416,137.0462079655049,0.5769906902664134,541.5528389124572,2851.578798971591,0.0031763070621334483,15.400065880521094
349,110,Sassafras',0,0,0,0,0,0,0,0.0,0.0,0.0,0.0,0.0,0.0,0.0,0.0
349,110,Sequoia',0,0,0,0,0,0,0,0.0,0.0,0.0,0.0,0.0,0.0,0.0,0.0
349,110,Sequoiadendron',0,0,0,0,0,0,0,0.0,0.0,0.0,0.0,0.0,0.0,0.0,0.0
349,110,Sorbus',0,5,0,0,0,0,0,1.4607936143875122,2.010098457336426,0.5702158431463603,0.000951953950715989,2.0654227828979494,46.18425744836597,1.2798402194865037e-05,0.286180973111007
349,110,Taxodium',0,0,0,0,0,0,0,0.0,0.0,0.0,0.0,0.0,0.0,0.0,0.0
349,110,Taxus',0,0,0,0,0,0,0,0.0,0.0,0.0,0.0,0.0,0.0,0.0,0.0
349,110,Thuja',0,57,143,10,0,0,0,30.117631912231445,13.594834327697754,179.59781357735395,3.9993355075661325,3134.4728870111703,21731.909518125725,0.009559685944328423,57.989728300365975
349,110,Tilia',0,0,0,0,0,0,0,0.0,0.0,0.0,0.0,0.0,0.0,0.0,0.0
349,110,Torreya',0,0,0,0,0,0,0,0.0,0.0,0.0,0.0,0.0,0.0,0.0,0.0
349,110,Tsuga',0,10,64,0,0,0,0,25.140077590942383,10.985620498657227,55.28393895387649,2.0212608146766478,1730.0226234555246,16419.281284747987,0.004643040576885141,40.72901062809904
349,110,Ulmus',0,11,32,1,0,0,0,32.95246124267578,16.076885223388672,29.257296476088744,0.7440325793393305,826.6015540245176,9077.448107308122,0.00225806737553561,23.92261632842237
349,110,Umbellularia',0,0,0,0,0,0,0,0.0,0.0,0.0,0.0,0.0,0.0,0.0,0.0
349,120,Abies',0,20,0,0,0,0,0,5.9744157791137695,4.72918176651001,3.559219917654991,0.03199328993627768,23.074625864624977,425.2030991085576,0.00010268789946800133,1.7344534872789068
349,120,Acer',0,566,101,0,0,0,0,18.736452102661133,12.324116706848145,285.71773072197743,1.9748547230103641,2712.2656817739457,13336.356783086901,0.010140322552757333,41.18909893943641
349,120,Aesculus',0,0,0,0,0,0,0,0.0,0.0,0.0,0.0,0.0,0.0,0.0,0.0
349,120,Ailanthus',0,0,0,0,0,0,0,0.0,0.0,0.0,0.0,0.0,0.0,0.0,0.0
349,120,Alnus',0,38,0,0,0,0,0,7.437832832336426,5.528749942779541,19.964186581252495,0.07659894828751207,87.30052741408348,1218.4473672060944,0.00048139673103857715,6.434165430737368
349,120,Amelanchier',0,10,0,0,0,0,0,2.6293280124664307,3.01304292678833,2.2817874492346486,0.005581777654368174,10.546535914540291,235.8277123205491,5.628434527665376e-05,1.2585562210766732
349,120,Arbutus',0,0,0,0,0,0,0,0.0,0.0,0.0,0.0,0.0,0.0,0.0,0.0
349,120,Asimina',0,0,0,0,0,0,0,0.0,0.0,0.0,0.0,0.0,0.0,0.0,0.0
349,120,Betula',0,1748,496,4,0,0,0,29.97645378112793,13.672019958496094,1088.5856710685582,9.06533371297795,10608.395416690708,26036.76036566333,0.0392450075370235,73.60403548590907
349,120,Calocedrus',0,0,0,0,0,0,0,0.0,0.0,0.0,0.0,0.0,0.0,0.0,0.0
349,120,Carpinus',0,0,0,0,0,0,0,0.0,0.0,0.0,0.0,0.0,0.0,0.0,0.0
349,120,Carya',0,0,0,0,0,0,0,0.0,0.0,0.0,0.0,0.0,0.0,0.0,0.0
349,120,Castanea',0,0,0,0,0,0,0,0.0,0.0,0.0,0.0,0.0,0.0,0.0,0.0
349,120,Catalpa',0,0,0,0,0,0,0,0.0,0.0,0.0,0.0,0.0,0.0,0.0,0.0
349,120,Celtis',0,0,0,0,0,0,0,0.0,0.0,0.0,0.0,0.0,0.0,0.0,0.0
349,120,Cercis',0,0,0,0,0,0,0,0.0,0.0,0.0,0.0,0.0,0.0,0.0,0.0
349,120,Cercocarpus',0,0,0,0,0,0,0,0.0,0.0,0.0,0.0,0.0,0.0,0.0,0.0
349,120,Chamaecyparis',0,0,0,0,0,0,0,0.0,0.0,0.0,0.0,0.0,0.0,0.0,0.0
349,120,Chilopsis',0,0,0,0,0,0,0,0.0,0.0,0.0,0.0,0.0,0.0,0.0,0.0
349,120,Chrysolepis',0,0,0,0,0,0,0,0.0,0.0,0.0,0.0,0.0,0.0,0.0,0.0
349,120,Cladrastis',0,0,0,0,0,0,0,0.0,0.0,0.0,0.0,0.0,0.0,0.0,0.0
349,120,Comus',0,0,0,0,0,0,0,0.0,0.0,0.0,0.0,0.0,0.0,0.0,0.0
349,120,Cornus',0,0,0,0,0,0,0,0.0,0.0,0.0,0.0,0.0,0.0,0.0,0.0
349,120,Crataegus',0,0,0,0,0,0,0,0.0,0.0,0.0,0.0,0.0,0.0,0.0,0.0
349,120,Cupressus',0,0,0,0,0,0,0,0.0,0.0,0.0,0.0,0.0,0.0,0.0,0.0
349,120,Diospyros',0,0,0,0,0,0,0,0.0,0.0,0.0,0.0,0.0,0.0,0.0,0.0
349,120,Elaeagnus',0,137,0,0,0,0,0,6.897505283355713,4.1237688064575195,34.976730548505536,0.12480013133111752,156.78928845643998,1250.697247228857,0.0008519301106545583,7.040850612291873
349,120,Fagus',0,0,0,0,0,0,0,0.0,0.0,0.0,0.0,0.0,0.0,0.0,0.0
349,120,Fraxinus',0,176,20,0,0,0,0,15.772834777832031,7.962244510650635,71.97453686413412,0.5055394932625826,589.5525652568788,5434.18641810476,0.002346230246907562,17.32102401330963
349,120,Gleditsia',0,0,0,0,0,0,0,0.0,0.0,0.0,0.0,0.0,0.0,0.0,0.0
349,120,Gordonia',0,0,0,0,0,0,0,0.0,0.0,0.0,0.0,0.0,0.0,0.0,0.0
349,120,Gymnocladus',0,0,0,0,0,0,0,0.0,0.0,0.0,0.0,0.0,0.0,0.0,0.0
349,120,Halesia',0,0,0,0,0,0,0,0.0,0.0,0.0,0.0,0.0,0.0,0.0,0.0
349,120,Ilex',0,0,0,0,0,0,0,0.0,0.0,0.0,0.0,0.0,0.0,0.0,0.0
349,120,Juglans',0,0,0,0,0,0,0,0.0,0.0,0.0,0.0,0.0,0.0,0.0,0.0
349,120,Juniperus',0,0,0,0,0,0,0,0.0,0.0,0.0,0.0,0.0,0.0,0.0,0.0
349,120,Larix',0,0,0,0,0,0,0,0.0,0.0,0.0,0.0,0.0,0.0,0.0,0.0
349,120,Liquidambar',0,0,0,0,0,0,0,0.0,0.0,0.0,0.0,0.0,0.0,0.0,0.0
349,120,Liriodendron',0,0,0,0,0,0,0,0.0,0.0,0.0,0.0,0.0,0.0,0.0,0.0
349,120,Lithocarpus',0,0,0,0,0,0,0,0.0,0.0,0.0,0.0,0.0,0.0,0.0,0.0
349,120,Maclura',0,0,0,0,0,0,0,0.0,0.0,0.0,0.0,0.0,0.0,0.0,0.0
349,120,Magnolia',0,0,0,0,0,0,0,0.0,0.0,0.0,0.0,0.0,0.0,0.0,0.0
349,120,Malus',0,0,0,0,0,0,0,0.0,0.0,0.0,0.0,0.0,0.0,0.0,0.0
349,120,Morus',0,0,0,0,0,0,0,0.0,0.0,0.0,0.0,0.0,0.0,0.0,0.0
349,120,Nyssa',0,0,0,0,0,0,0,0.0,0.0,0.0,0.0,0.0,0.0,0.0,0.0
349,120,Olneya',0,0,0,0,0,0,0,0.0,0.0,0.0,0.0,0.0,0.0,0.0,0.0
349,120,Ostrya',0,0,0,0,0,0,0,0.0,0.0,0.0,0.0,0.0,0.0,0.0,0.0
349,120,Oxydendron',0,0,0,0,0,0,0,0.0,0.0,0.0,0.0,0.0,0.0,0.0,0.0
349,120,Paulownia',0,0,0,0,0,0,0,0.0,0.0,0.0,0.0,0.0,0.0,0.0,0.0
349,120,Persea',0,0,0,0,0,0,0,0.0,0.0,0.0,0.0,0.0,0.0,0.0,0.0
349,120,Picea',0,46,51,0,0,0,0,39.16630172729492,19.687183380126953,69.17167532160877,1.2836886496622855,1402.0330584155024,13946.182696341388,0.004114775444659119,37.69884246056484
349,120,Pinus',0,442,411,70,0,0,0,51.669681549072266,23.05575180053711,524.9269102685154,16.684274990450973,19283.08699108139,75024.13554690314,0.05043358163541982,177.79803134822316
349,120,Planera',0,0,0,0,0,0,0,0.0,0.0,0.0,0.0,0.0,0.0,0.0,0.0
349,120,Platanus',0,0,0,0,0,0,0,0.0,0.0,0.0,0.0,0.0,0.0,0.0,0.0
349,120,Populus',0,1213,153,0,0,0,0,15.681323051452637,11.391253471374512,575.828846836156,3.3255889693057394,3026.514558802694,8630.46380194143,0.015014964020648966,36.54870886043738
349,120,Prosopis',0,0,0,0,0,0,0,0.0,0.0,0.0,0.0,0.0,0.0,0.0,0.0
349,120,Prunus',0,30,10,0,0,0,0,8.7266263961792,6.003432273864746,27.958666819348174,0.1340149513383975,134.45665128014983,1762.9352404551873,0.0007012731102367406,8.952856328562097
349,120,Pseudotsuga',0,0,0,0,0,0,0,0.0,0.0,0.0,0.0,0.0,0.0,0.0,0.0
349,120,Quercus',0,10,10,0,0,0,0,20.33485984802246,11.278107643127441,14.59484513518931,0.3440600900204728,480.7290795260668,10381.491031240077,0.001278387731105094,26.549682515010073
349,120,Robinia',0,0,0,0,0,0,0,0.0,0.0,0.0,0.0,0.0,0.0,0.0,0.0
349,120,Salix',0,388,6,0,0,0,0,11.857866287231445,6.699124813079834,164.85939851007126,0.527401236881371,549.5459250763059,2571.892670210581,0.0035944557987883452,16.481186590774637
349,120,Sassafras',0,0,0,0,0,0,0,0.0,0.0,0.0,0.0,0.0,0.0,0.0,0.0
349,120,Sequoia',0,0,0,0,0,0,0,0.0,0.0,0.0,0.0,0.0,0.0,0.0,0.0
349,120,Sequoiadendron',0,0,0,0,0,0,0,0.0,0.0,0.0,0.0,0.0,0.0,0.0,0.0
349,120,Sorbus',0,0,0,0,0,0,0,0.0,0.0,0.0,0.0,0.0,0.0,0.0,0.0
349,120,Taxodium',0,0,0,0,0,0,0,0.0,0.0,0.0,0.0,0.0,0.0,0.0,0.0
349,120,Taxus',0,0,0,0,0,0,0,0.0,0.0,0.0,0.0,0.0,0.0,0.0,0.0
349,120,Thuja',0,41,144,19,0,0,0,33.38735580444336,14.341107368469238,211.7125029602647,5.585165032594987,4469.419027582705,29160.24742314672,0.012990111707565519,76.17374054880716
349,120,Tilia',0,0,0,0,0,0,0,0.0,0.0,0.0,0.0,0.0,0.0,0.0,0.0
349,120,Torreya',0,0,0,0,0,0,0,0.0,0.0,0.0,0.0,0.0,0.0,0.0,0.0
349,120,Tsuga',0,12,74,0,0,0,0,27.04601287841797,11.569934844970703,57.57265918135643,2.523235138692374,2197.3098056811095,20035.63262655567,0.005714515840605129,49.14914071585608
349,120,Ulmus',0,28,11,3,0,0,0,36.24795913696289,17.04851722717285,29.964113111100804,0.4317349352765286,637.6808727694303,8588.263301604353,0.001848418669052193,23.077767969498787
349,120,Umbellularia',0,0,0,0,0,0,0,0.0,0.0,0.0,0.0,0.0,0.0,0.0,0.0
349,130,Abies',0,20,0,0,0,0,0,7.241758346557617,5.390224456787109,6.369356542825699,0.05585221334222892,41.605605107545856,670.3007171778297,0.000184458718309179,2.9625629365807575
349,130,Acer',0,691,107,0,0,0,0,20.097702026367188,12.970409393310547,360.4648917031627,2.1811429967019627,3020.2064651244877,14258.849991125137,0.01190066237906134,43.54350971380488
349,130,Aesculus',0,0,0,0,0,0,0,0.0,0.0,0.0,0.0,0.0,0.0,0.0,0.0
349,130,Ailanthus',0,0,0,0,0,0,0,0.0,0.0,0.0,0.0,0.0,0.0,0.0,0.0
349,130,Alnus',0,40,0,0,0,0,0,7.304183483123779,5.461429119110107,12.237411524298825,0.0690592726501262,69.72684734076262,1134.1168370325922,0.00033111288580833895,5.53288699378332
349,130,Amelanchier',0,0,0,0,0,0,0,0.0,0.0,0.0,0.0,0.0,0.0,0.0,0.0
349,130,Arbutus',0,0,0,0,0,0,0,0.0,0.0,0.0,0.0,0.0,0.0,0.0,0.0
349,130,Asimina',0,0,0,0,0,0,0,0.0,0.0,0.0,0.0,0.0,0.0,0.0,0.0
349,130,Betula',0,1715,573,4,0,0,0,31.81535530090332,14.227298736572266,1166.7133447530243,10.612568119922017,12520.37004221782,30674.745256576465,0.04461853108813974,83.9114112167813
349,130,Calocedrus',0,0,0,0,0,0,0,0.0,0.0,0.0,0.0,0.0,0.0,0.0,0.0
349,130,Carpinus',0,0,0,0,0,0,0,0.0,0.0,0.0,0.0,0.0,0.0,0.0,0.0
349,130,Carya',0,0,0,0,0,0,0,0.0,0.0,0.0,0.0,0.0,0.0,0.0,0.0
349,130,Castanea',0,0,0,0,0,0,0,0.0,0.0,0.0,0.0,0.0,0.0,0.0,0.0
349,130,Catalpa',0,0,0,0,0,0,0,0.0,0.0,0.0,0.0,0.0,0.0,0.0,0.0
349,130,Celtis',0,0,0,0,0,0,0,0.0,0.0,0.0,0.0,0.0,0.0,0.0,0.0
349,130,Cercis',0,0,0,0,0,0,0,0.0,0.0,0.0,0.0,0.0,0.0,0.0,0.0
349,130,Cercocarpus',0,0,0,0,0,0,0,0.0,0.0,0.0,0.0,0.0,0.0,0.0,0.0
349,130,Chamaecyparis',0,0,0,0,0,0,0,0.0,0.0,0.0,0.0,0.0,0.0,0.0,0.0
349,130,Chilopsis',0,0,0,0,0,0,0,0.0,0.0,0.0,0.0,0.0,0.0,0.0,0.0
349,130,Chrysolepis',0,0,0,0,0,0,0,0.0,0.0,0.0,0.0,0.0,0.0,0.0,0.0
349,130,Cladrastis',0,0,0,0,0,0,0,0.0,0.0,0.0,0.0,0.0,0.0,0.0,0.0
349,130,Comus',0,0,0,0,0,0,0,0.0,0.0,0.0,0.0,0.0,0.0,0.0,0.0
349,130,Cornus',0,0,0,0,0,0,0,0.0,0.0,0.0,0.0,0.0,0.0,0.0,0.0
349,130,Crataegus',0,0,0,0,0,0,0,0.0,0.0,0.0,0.0,0.0,0.0,0.0,0.0
349,130,Cupressus',0,0,0,0,0,0,0,0.0,0.0,0.0,0.0,0.0,0.0,0.0,0.0
349,130,Diospyros',0,0,0,0,0,0,0,0.0,0.0,0.0,0.0,0.0,0.0,0.0,0.0
349,130,Elaeagnus',0,101,10,0,0,0,0,8.22497844696045,4.534196853637695,51.134838957009435,0.23124891327175148,256.9622625440359,2172.852284909343,0.0013071416649417986,10.734711375723673
349,130,Fagus',0,0,0,0,0,0,0,0.0,0.0,0.0,0.0,0.0,0.0,0.0,0.0
349,130,Fraxinus',0,106,63,0,0,0,0,18.709869384765625,8.966917991638184,82.06038348034872,0.8365637175994417,938.8054109921306,8577.23689622109,0.003267539084890391,24.882922594947733
349,130,Gleditsia',0,0,0,0,0,0,0,0.0,0.0,0.0,0.0,0.0,0.0,0.0,0.0
349,130,Gordonia',0,0,0,0,0,0,0,0.0,0.0,0.0,0.0,0.0,0.0,0.0,0.0
349,130,Gymnocladus',0,0,0,0,0,0,0,0.0,0.0,0.0,0.0,0.0,0.0,0.0,0.0
349,130,Halesia',0,0,0,0,0,0,0,0.0,0.0,0.0,0.0,0.0,0.0,0.0,0.0
349,130,Ilex',0,0,0,0,0,0,0,0.0,0.0,0.0,0.0,0.0,0.0,0.0,0.0
349,130,Juglans',0,0,0,0,0,0,0,0.0,0.0,0.0,0.0,0.0,0.0,0.0,0.0
349,130,Juniperus',0,0,0,0,0,0,0,0.0,0.0,0.0,0.0,0.0,0.0,0.0,0.0
349,130,Larix',0,0,0,0,0,0,0,0.0,0.0,0.0,0.0,0.0,0.0,0.0,0.0
349,130,Liquidambar',0,0,0,0,0,0,0,0.0,0.0,0.0,0.0,0.0,0.0,0.0,0.0
349,130,Liriodendron',0,0,0,0,0,0,0,0.0,0.0,0.0,0.0,0.0,0.0,0.0,0.0
349,130,Lithocarpus',0,0,0,0,0,0,0,0.0,0.0,0.0,0.0,0.0,0.0,0.0,0.0
349,130,Maclura',0,0,0,0,0,0,0,0.0,0.0,0.0,0.0,0.0,0.0,0.0,0.0
349,130,Magnolia',0,0,0,0,0,0,0,0.0,0.0,0.0,0.0,0.0,0.0,0.0,0.0
349,130,Malus',0,0,0,0,0,0,0,0.0,0.0,0.0,0.0,0.0,0.0,0.0,0.0
349,130,Morus',0,0,0,0,0,0,0,0.0,0.0,0.0,0.0,0.0,0.0,0.0,0.0
349,130,Nyssa',0,0,0,0,0,0,0,0.0,0.0,0.0,0.0,0.0,0.0,0.0,0.0
349,130,Olneya',0,0,0,0,0,0,0,0.0,0.0,0.0,0.0,0.0,0.0,0.0,0.0
349,130,Ostrya',0,0,0,0,0,0,0,0.0,0.0,0.0,0.0,0.0,0.0,0.0,0.0
349,130,Oxydendron',0,0,0,0,0,0,0,0.0,0.0,0.0,0.0,0.0,0.0,0.0,0.0
349,130,Paulownia',0,0,0,0,0,0,0,0.0,0.0,0.0,0.0,0.0,0.0,0.0,0.0
349,130,Persea',0,0,0,0,0,0,0,0.0,0.0,0.0,0.0,0.0,0.0,0.0,0.0
349,130,Picea',0,40,51,0,0,0,0,44.985572814941406,21.142044067382812,65.14545067548751,1.4657328383674495,1653.757308959961,17148.570703576763,0.004616006134905623,45.01347655723205
349,130,Pinus',0,323,432,104,0,0,0,56.037174224853516,23.670551300048828,601.1180604706705,18.919705713461926,22457.221994698793,85958.55166942377,0.058587753913189856,203.519153041182
349,130,Planera',0,0,0,0,0,0,0,0.0,0.0,0.0,0.0,0.0,0.0,0.0,0.0
349,130,Platanus',0,0,0,0,0,0,0,0.0,0.0,0.0,0.0,0.0,0.0,0.0,0.0
349,130,Populus',0,1347,126,0,0,0,0,20.011585235595703,13.63798713684082,601.639456577316,3.084708513907236,3010.760313001871,8700.102610833308,0.015351512661049614,37.10626457848078
349,130,Prosopis',0,0,0,0,0,0,0,0.0,0.0,0.0,0.0,0.0,0.0,0.0,0.0
349,130,Prunus',0,30,10,0,0,0,0,9.813754081726074,6.420770168304443,23.869777301067035,0.12503938891912733,112.31800968796016,1528.0985800112705,0.0005932142809487413,7.737454167907188
349,130,Pseudotsuga',0,0,0,0,0,0,0,0.0,0.0,0.0,0.0,0.0,0.0,0.0,0.0
349,130,Quercus',0,20,10,0,0,0,0,22.075469970703125,11.983154296875,23.417106283993657,0.43360650455686534,630.8575031673909,12591.271645816041,0.0017390077913450046,31.49618093299604
349,130,Robinia',0,0,0,0,0,0,0,0.0,0.0,0.0,0.0,0.0,0.0,0.0,0.0
349,130,Salix',0,323,13,0,0,0,0,11.003125190734863,6.37648344039917,155.51665602676286,0.5569547594222267,550.3514362920821,2809.6876256313426,0.0034617518449977574,16.91647272464695
349,130,Sassafras',0,0,0,0,0,0,0,0.0,0.0,0.0,0.0,0.0,0.0,0.0,0.0
349,130,Sequoia',0,0,0,0,0,0,0,0.0,0.0,0.0,0.0,0.0,0.0,0.0,0.0
349,130,Sequoiadendron',0,0,0,0,0,0,0,0.0,0.0,0.0,0.0,0.0,0.0,0.0,0.0
349,130,Sorbus',0,0,0,0,0,0,0,0.0,0.0,0.0,0.0,0.0,0.0,0.0,0.0
349,130,Taxodium',0,0,0,0,0,0,0,0.0,0.0,0.0,0.0,0.0,0.0,0.0,0.0
349,130,Taxus',0,0,0,0,0,0,0,0.0,0.0,0.0,0.0,0.0,0.0,0.0,0.0
349,130,Thuja',0,49,85,60,0,0,0,43.578346252441406,16.217920303344727,187.2329651224613,6.2756690805229685,5153.5984109556675,35390.50521552951,0.014156917139687872,89.67436463540446
349,130,Tilia',0,0,0,0,0,0,0,0.0,0.0,0.0,0.0,0.0,0.0,0.0,0.0
349,130,Torreya',0,0,0,0,0,0,0,0.0,0.0,0.0,0.0,0.0,0.0,0.0,0.0
349,130,Tsuga',0,10,63,0,0,0,0,27.3321590423584,11.656096458435059,47.99908465743064,2.3350849433773924,2043.552174807787,20059.253582180543,0.005234547051369834,48.61431091897884
349,130,Ulmus',0,34,11,3,0,0,0,39.61697769165039,17.971773147583008,40.07485434177178,0.5798063191852835,868.9635115334391,11040.29473698969,0.002507929816376417,28.818098291278563
349,130,Umbellularia',0,0,0,0,0,0,0,0.0,0.0,0.0,0.0,0.0,0.0,0.0,0.0
349,140,Abies',0,10,0,0,0,0,0,5.728384017944336,4.598292827606201,4.637621659040451,0.02628780363018242,22.301603096723557,498.6790053149335,0.0001165469868760559,2.6060698522763515
349,140,Acer',0,539,97,0,0,0,0,21.36878204345703,13.557648658752441,325.62289134481375,2.151131109883934,2979.1925673428923,15491.713731805894,0.011307950308548876,44.54921179143808
349,140,Aesculus',0,0,0,0,0,0,0,0.0,0.0,0.0,0.0,0.0,0.0,0.0,0.0
349,140,Ailanthus',0,0,0,0,0,0,0,0.0,0.0,0.0,0.0,0.0,0.0,0.0,0.0
349,140,Alnus',0,10,10,0,0,0,0,10.621106147766113,7.048772811889648,17.711463712061505,0.1185328706034001,120.58069161295892,2031.693385669344,0.0005229234554804861,8.330141186304559
349,140,Amelanchier',0,0,0,0,0,0,0,0.0,0.0,0.0,0.0,0.0,0.0,0.0,0.0
349,140,Arbutus',0,0,0,0,0,0,0,0.0,0.0,0.0,0.0,0.0,0.0,0.0,0.0
349,140,Asimina',0,0,0,0,0,0,0,0.0,0.0,0.0,0.0,0.0,0.0,0.0,0.0
349,140,Betula',0,1708,639,0,0,0,0,27.02796745300293,12.26936149597168,1099.048369034205,11.590148628819136,13328.514343513623,31846.084915785465,0.04544033262968411,84.213335054234
349,140,Calocedrus',0,0,0,0,0,0,0,0.0,0.0,0.0,0.0,0.0,0.0,0.0,0.0
349,140,Carpinus',0,0,0,0,0,0,0,0.0,0.0,0.0,0.0,0.0,0.0,0.0,0.0
349,140,Carya',0,0,0,0,0,0,0,0.0,0.0,0.0,0.0,0.0,0.0,0.0,0.0
349,140,Castanea',0,0,0,0,0,0,0,0.0,0.0,0.0,0.0,0.0,0.0,0.0,0.0
349,140,Catalpa',0,0,0,0,0,0,0,0.0,0.0,0.0,0.0,0.0,0.0,0.0,0.0
349,140,Celtis',0,0,0,0,0,0,0,0.0,0.0,0.0,0.0,0.0,0.0,0.0,0.0
349,140,Cercis',0,0,0,0,0,0,0,0.0,0.0,0.0,0.0,0.0,0.0,0.0,0.0
349,140,Cercocarpus',0,0,0,0,0,0,0,0.0,0.0,0.0,0.0,0.0,0.0,0.0,0.0
349,140,Chamaecyparis',0,0,0,0,0,0,0,0.0,0.0,0.0,0.0,0.0,0.0,0.0,0.0
349,140,Chilopsis',0,0,0,0,0,0,0,0.0,0.0,0.0,0.0,0.0,0.0,0.0,0.0
349,140,Chrysolepis',0,0,0,0,0,0,0,0.0,0.0,0.0,0.0,0.0,0.0,0.0,0.0
349,140,Cladrastis',0,0,0,0,0,0,0,0.0,0.0,0.0,0.0,0.0,0.0,0.0,0.0
349,140,Comus',0,0,0,0,0,0,0,0.0,0.0,0.0,0.0,0.0,0.0,0.0,0.0
349,140,Cornus',0,0,0,0,0,0,0,0.0,0.0,0.0,0.0,0.0,0.0,0.0,0.0
349,140,Crataegus',0,0,0,0,0,0,0,0.0,0.0,0.0,0.0,0.0,0.0,0.0,0.0
349,140,Cupressus',0,0,0,0,0,0,0,0.0,0.0,0.0,0.0,0.0,0.0,0.0,0.0
349,140,Diospyros',0,0,0,0,0,0,0,0.0,0.0,0.0,0.0,0.0,0.0,0.0,0.0
349,140,Elaeagnus',0,89,0,0,0,0,0,5.36350154876709,3.6022865772247314,23.270373171831988,0.0753842064693836,101.22758588373661,917.5861368387257,0.0005599401440988289,5.382914305264191
349,140,Fagus',0,0,0,0,0,0,0,0.0,0.0,0.0,0.0,0.0,0.0,0.0,0.0
349,140,Fraxinus',0,119,13,0,0,0,0,12.00503158569336,7.584021091461182,43.33153932543966,0.26653874192116833,307.3305550856143,2824.3205386163454,0.0013067383796190836,10.325969580211073
349,140,Gleditsia',0,0,0,0,0,0,0,0.0,0.0,0.0,0.0,0.0,0.0,0.0,0.0
349,140,Gordonia',0,0,0,0,0,0,0,0.0,0.0,0.0,0.0,0.0,0.0,0.0,0.0
349,140,Gymnocladus',0,0,0,0,0,0,0,0.0,0.0,0.0,0.0,0.0,0.0,0.0,0.0
349,140,Halesia',0,0,0,0,0,0,0,0.0,0.0,0.0,0.0,0.0,0.0,0.0,0.0
349,140,Ilex',0,0,0,0,0,0,0,0.0,0.0,0.0,0.0,0.0,0.0,0.0,0.0
349,140,Juglans',0,0,0,0,0,0,0,0.0,0.0,0.0,0.0,0.0,0.0,0.0,0.0
349,140,Juniperus',0,0,0,0,0,0,0,0.0,0.0,0.0,0.0,0.0,0.0,0.0,0.0
349,140,Larix',0,0,0,0,0,0,0,0.0,0.0,0.0,0.0,0.0,0.0,0.0,0.0
349,140,Liquidambar',0,0,0,0,0,0,0,0.0,0.0,0.0,0.0,0.0,0.0,0.0,0.0
349,140,Liriodendron',0,0,0,0,0,0,0,0.0,0.0,0.0,0.0,0.0,0.0,0.0,0.0
349,140,Lithocarpus',0,0,0,0,0,0,0,0.0,0.0,0.0,0.0,0.0,0.0,0.0,0.0
349,140,Maclura',0,0,0,0,0,0,0,0.0,0.0,0.0,0.0,0.0,0.0,0.0,0.0
349,140,Magnolia',0,0,0,0,0,0,0,0.0,0.0,0.0,0.0,0.0,0.0,0.0,0.0
349,140,Malus',0,0,0,0,0,0,0,0.0,0.0,0.0,0.0,0.0,0.0,0.0,0.0
349,140,Morus',0,0,0,0,0,0,0,0.0,0.0,0.0,0.0,0.0,0.0,0.0,0.0
349,140,Nyssa',0,0,0,0,0,0,0,0.0,0.0,0.0,0.0,0.0,0.0,0.0,0.0
349,140,Olneya',0,0,0,0,0,0,0,0.0,0.0,0.0,0.0,0.0,0.0,0.0,0.0
349,140,Ostrya',0,0,0,0,0,0,0,0.0,0.0,0.0,0.0,0.0,0.0,0.0,0.0
349,140,Oxydendron',0,0,0,0,0,0,0,0.0,0.0,0.0,0.0,0.0,0.0,0.0,0.0
349,140,Paulownia',0,0,0,0,0,0,0,0.0,0.0,0.0,0.0,0.0,0.0,0.0,0.0
349,140,Persea',0,0,0,0,0,0,0,0.0,0.0,0.0,0.0,0.0,0.0,0.0,0.0
349,140,Picea',0,42,51,0,0,0,0,50.53154754638672,22.33713150024414,59.56921668052673,1.694496481891761,1927.21205606699,20479.422140607185,0.005143137724882289,51.35405226117109
349,140,Pinus',0,373,361,129,3,0,0,52.48183822631836,24.230850219726562,529.5342293699085,20.57548038744545,24925.01565715596,97693.80968850438,0.06303775139601744,228.14964401645483
349,140,Planera',0,0,0,0,0,0,0,0.0,0.0,0.0,0.0,0.0,0.0,0.0,0.0
349,140,Platanus',0,0,0,0,0,0,0,0.0,0.0,0.0,0.0,0.0,0.0,0.0,0.0
349,140,Populus',0,1294,206,0,0,0,0,18.657363891601562,13.0332670211792,572.1314388381528,3.158452264200522,2934.4888727146385,9042.113233016456,0.014757236316320624,36.01032718393766
349,140,Prosopis',0,0,0,0,0,0,0,0.0,0.0,0.0,0.0,0.0,0.0,0.0,0.0
349,140,Prunus',0,10,10,0,0,0,0,10.138002395629883,6.5395283699035645,6.2307425975045065,0.08274281082554269,60.011926947534086,1323.5252140992723,0.00022305483433068831,4.946692066188289
349,140,Pseudotsuga',0,0,0,0,0,0,0,0.0,0.0,0.0,0.0,0.0,0.0,0.0,0.0
349,140,Quercus',0,10,20,0,0,0,0,23.668718338012695,12.610547065734863,19.31015284378317,0.5152452923927372,750.7159302258492,14835.270403022554,0.0019462379752211302,35.9067388708326
349,140,Robinia',0,0,0,0,0,0,0,0.0,0.0,0.0,0.0,0.0,0.0,0.0,0.0
349,140,Salix',0,322,50,0,0,0,0,11.540083885192871,6.580229759216309,126.58772360533474,0.6692472594593678,576.4115447208286,3145.985064342008,0.0031032151454612636,15.468674285727026
349,140,Sassafras',0,0,0,0,0,0,0,0.0,0.0,0.0,0.0,0.0,0.0,0.0,0.0
349,140,Sequoia',0,0,0,0,0,0,0,0.0,0.0,0.0,0.0,0.0,0.0,0.0,0.0
349,140,Sequoiadendron',0,0,0,0,0,0,0,0.0,0.0,0.0,0.0,0.0,0.0,0.0,0.0
349,140,Sorbus',0,0,0,0,0,0,0,0.0,0.0,0.0,0.0,0.0,0.0,0.0,0.0
349,140,Taxodium',0,0,0,0,0,0,0,0.0,0.0,0.0,0.0,0.0,0.0,0.0,0.0
349,140,Taxus',0,0,0,0,0,0,0,0.0,0.0,0.0,0.0,0.0,0.0,0.0,0.0
349,140,Thuja',0,97,88,38,1,0,0,53.020668029785156,17.481201171875,195.36609118580816,6.569857947475322,5463.108527749777,37849.96085126097,0.014962195818320641,94.28543227799011
349,140,Tilia',0,0,0,0,0,0,0,0.0,0.0,0.0,0.0,0.0,0.0,0.0,0.0
349,140,Torreya',0,0,0,0,0,0,0,0.0,0.0,0.0,0.0,0.0,0.0,0.0,0.0
349,140,Tsuga',0,0,53,0,0,0,0,27.90531349182129,11.827468872070312,41.77920792818069,2.1037902365470513,1849.216259777546,19061.57603094383,0.004712847017318015,46.517833950700755
349,140,Ulmus',0,10,28,3,0,0,0,42.814083099365234,18.786977767944336,33.29483672410627,0.8161305160386173,1138.0405788731575,13472.364698419304,0.003008276765085759,32.91679511943319
349,140,Umbellularia',0,0,0,0,0,0,0,0.0,0.0,0.0,0.0,0.0,0.0,0.0,0.0
349,150,Abies',0,10,0,0,0,0,0,1.04445481300354,1.9387952089309692,0.5449709658324718,0.0008807695810444603,1.8315579514205456,40.954880841065496,1.1941931576856127e-05,0.26702970788501557
349,150,Acer',0,612,184,0,0,0,0,22.739154815673828,14.173667907714844,428.05395467360086,2.937638705774543,4155.754140027985,19335.61897351736,0.015397083740765477,55.95161947160682
349,150,Aesculus',0,0,0,0,0,0,0,0.0,0.0,0.0,0.0,0.0,0.0,0.0,0.0
349,150,Ailanthus',0,0,0,0,0,0,0,0.0,0.0,0.0,0.0,0.0,0.0,0.0,0.0
349,150,Alnus',0,9,10,0,0,0,0,9.275476455688477,6.425355434417725,11.731273273501213,0.07522849124581049,75.69399871230125,1535.2673143335965,0.0003370870764907462,6.519582883734991
349,150,Amelanchier',0,0,0,0,0,0,0,0.0,0.0,0.0,0.0,0.0,0.0,0.0,0.0
349,150,Arbutus',0,0,0,0,0,0,0,0.0,0.0,0.0,0.0,0.0,0.0,0.0,0.0
349,150,Asimina',0,0,0,0,0,0,0,0.0,0.0,0.0,0.0,0.0,0.0,0.0,0.0
349,150,Betula',0,1816,625,12,0,0,0,29.280412673950195,13.529995918273926,1220.0674758276227,11.10758805882172,12956.942772573233,29266.794027167907,0.04635675544143315,80.7313458422725
349,150,Calocedrus',0,0,0,0,0,0,0,0.0,0.0,0.0,0.0,0.0,0.0,0.0,0.0
349,150,Carpinus',0,0,0,0,0,0,0,0.0,0.0,0.0,0.0,0.0,0.0,0.0,0.0
349,150,Carya',0,0,0,0,0,0,0,0.0,0.0,0.0,0.0,0.0,0.0,0.0,0.0
349,150,Castanea',0,0,0,0,0,0,0,0.0,0.0,0.0,0.0,0.0,0.0,0.0,0.0
349,150,Catalpa',0,0,0,0,0,0,0,0.0,0.0,0.0,0.0,0.0,0.0,0.0,0.0
349,150,Celtis',0,0,0,0,0,0,0,0.0,0.0,0.0,0.0,0.0,0.0,0.0,0.0
349,150,Cercis',0,0,0,0,0,0,0,0.0,0.0,0.0,0.0,0.0,0.0,0.0,0.0
349,150,Cercocarpus',0,0,0,0,0,0,0,0.0,0.0,0.0,0.0,0.0,0.0,0.0,0.0
349,150,Chamaecyparis',0,0,0,0,0,0,0,0.0,0.0,0.0,0.0,0.0,0.0,0.0,0.0
349,150,Chilopsis',0,0,0,0,0,0,0,0.0,0.0,0.0,0.0,0.0,0.0,0.0,0.0
349,150,Chrysolepis',0,0,0,0,0,0,0,0.0,0.0,0.0,0.0,0.0,0.0,0.0,0.0
349,150,Cladrastis',0,0,0,0,0,0,0,0.0,0.0,0.0,0.0,0.0,0.0,0.0,0.0
349,150,Comus',0,0,0,0,0,0,0,0.0,0.0,0.0,0.0,0.0,0.0,0.0,0.0
349,150,Cornus',0,0,0,0,0,0,0,0.0,0.0,0.0,0.0,0.0,0.0,0.0,0.0
349,150,Crataegus',0,0,0,0,0,0,0,0.0,0.0,0.0,0.0,0.0,0.0,0.0,0.0
349,150,Cupressus',0,0,0,0,0,0,0,0.0,0.0,0.0,0.0,0.0,0.0,0.0,0.0
349,150,Diospyros',0,0,0,0,0,0,0,0.0,0.0,0.0,0.0,0.0,0.0,0.0,0.0
349,150,Elaeagnus',0,98,0,0,0,0,0,7.089085578918457,4.185253143310547,36.06948059570939,0.133142216502518,158.19185217499734,1403.5835007154853,0.0008707776611130685,7.205539716409721
349,150,Fagus',0,0,0,0,0,0,0,0.0,0.0,0.0,0.0,0.0,0.0,0.0,0.0
349,150,Fraxinus',0,86,13,0,0,0,0,15.895835876464844,8.005636215209961,47.880379836770544,0.24719995571808365,319.401631487608,3072.501049886518,0.0013990460701077225,12.163004241793322
349,150,Gleditsia',0,0,0,0,0,0,0,0.0,0.0,0.0,0.0,0.0,0.0,0.0,0.0
349,150,Gordonia',0,0,0,0,0,0,0,0.0,0.0,0.0,0.0,0.0,0.0,0.0,0.0
349,150,Gymnocladus',0,0,0,0,0,0,0,0.0,0.0,0.0,0.0,0.0,0.0,0.0,0.0
349,150,Halesia',0,0,0,0,0,0,0,0.0,0.0,0.0,0.0,0.0,0.0,0.0,0.0
349,150,Ilex',0,0,0,0,0,0,0,0.0,0.0,0.0,0.0,0.0,0.0,0.0,0.0
349,150,Juglans',0,0,0,0,0,0,0,0.0,0.0,0.0,0.0,0.0,0.0,0.0,0.0
349,150,Juniperus',0,0,0,0,0,0,0,0.0,0.0,0.0,0.0,0.0,0.0,0.0,0.0
349,150,Larix',0,0,0,0,0,0,0,0.0,0.0,0.0,0.0,0.0,0.0,0.0,0.0
349,150,Liquidambar',0,0,0,0,0,0,0,0.0,0.0,0.0,0.0,0.0,0.0,0.0,0.0
349,150,Liriodendron',0,0,0,0,0,0,0,0.0,0.0,0.0,0.0,0.0,0.0,0.0,0.0
349,150,Lithocarpus',0,0,0,0,0,0,0,0.0,0.0,0.0,0.0,0.0,0.0,0.0,0.0
349,150,Maclura',0,0,0,0,0,0,0,0.0,0.0,0.0,0.0,0.0,0.0,0.0,0.0
349,150,Magnolia',0,0,0,0,0,0,0,0.0,0.0,0.0,0.0,0.0,0.0,0.0,0.0
349,150,Malus',0,0,0,0,0,0,0,0.0,0.0,0.0,0.0,0.0,0.0,0.0,0.0
349,150,Morus',0,0,0,0,0,0,0,0.0,0.0,0.0,0.0,0.0,0.0,0.0,0.0
349,150,Nyssa',0,0,0,0,0,0,0,0.0,0.0,0.0,0.0,0.0,0.0,0.0,0.0
349,150,Olneya',0,0,0,0,0,0,0,0.0,0.0,0.0,0.0,0.0,0.0,0.0,0.0
349,150,Ostrya',0,10,0,0,0,0,0,2.9727864265441895,3.754889965057373,2.5742308550243136,0.007135270052890771,12.75021230697632,285.103414459535,6.539128974266375e-05,1.46219369000981
349,150,Oxydendron',0,0,0,0,0,0,0,0.0,0.0,0.0,0.0,0.0,0.0,0.0,0.0
349,150,Paulownia',0,0,0,0,0,0,0,0.0,0.0,0.0,0.0,0.0,0.0,0.0,0.0
349,150,Persea',0,0,0,0,0,0,0,0.0,0.0,0.0,0.0,0.0,0.0,0.0,0.0
349,150,Picea',0,51,32,8,0,0,0,28.813711166381836,16.483304977416992,50.111145849078895,1.46003636405473,1644.4863829623164,20866.55287862834,0.004378241946513226,51.56705669217559
349,150,Pinus',0,431,396,102,4,0,0,56.99875259399414,24.74307632446289,527.0755915901065,21.05206049780179,26013.955546840727,104925.20181123335,0.0654221036833327,243.8188752953624
349,150,Planera',0,0,0,0,0,0,0,0.0,0.0,0.0,0.0,0.0,0.0,0.0,0.0
349,150,Platanus',0,0,0,0,0,0,0,0.0,0.0,0.0,0.0,0.0,0.0,0.0,0.0
349,150,Populus',0,1299,163,0,0,0,0,20.06233787536621,13.660134315490723,575.8631635938264,3.2316258845995,3046.1834034983813,8937.841508330694,0.01505916664861818,36.981147548364
349,150,Prosopis',0,0,0,0,0,0,0,0.0,0.0,0.0,0.0,0.0,0.0,0.0,0.0
349,150,Prunus',0,4,0,0,0,0,0,5.972248554229736,4.800911903381348,5.231773777853084,0.013670533117825914,16.64931653022766,372.29003540500537,0.00011231277015060185,2.5113898879805685
349,150,Pseudotsuga',0,0,0,0,0,0,0,0.0,0.0,0.0,0.0,0.0,0.0,0.0,0.0
349,150,Quercus',0,0,10,0,0,0,0,10.47537899017334,6.86740255355835,12.590420472471019,0.08859770753576919,119.94208401679992,2681.986532245557,0.00044778406798839563,10.012756152634415
349,150,Robinia',0,0,0,0,0,0,0,0.0,0.0,0.0,0.0,0.0,0.0,0.0,0.0
349,150,Salix',0,223,28,0,0,0,0,15.816366195678711,8.080421447753906,107.39239773371173,0.6832441896644734,591.4980265793205,4672.639305940473,0.0028604132736274055,17.70337739289412
349,150,Sassafras',0,0,0,0,0,0,0,0.0,0.0,0.0,0.0,0.0,0.0,0.0,0.0
349,150,Sequoia',0,0,0,0,0,0,0,0.0,0.0,0.0,0.0,0.0,0.0,0.0,0.0
349,150,Sequoiadendron',0,0,0,0,0,0,0,0.0,0.0,0.0,0.0,0.0,0.0,0.0,0.0
349,150,Sorbus',0,0,0,0,0,0,0,0.0,0.0,0.0,0.0,0.0,0.0,0.0,0.0
349,150,Taxodium',0,0,0,0,0,0,0,0.0,0.0,0.0,0.0,0.0,0.0,0.0,0.0
349,150,Taxus',0,0,0,0,0,0,0,0.0,0.0,0.0,0.0,0.0,0.0,0.0,0.0
349,150,Thuja',0,75,128,25,4,0,0,60.65614318847656,18.25422477722168,197.18200937509536,7.5099043187137,6315.098430669308,42954.65477745255,0.016881736787714364,105.05162309015623
349,150,Tilia',0,0,0,0,0,0,0,0.0,0.0,0.0,0.0,0.0,0.0,0.0,0.0
349,150,Torreya',0,0,0,0,0,0,0,0.0,0.0,0.0,0.0,0.0,0.0,0.0,0.0
349,150,Tsuga',0,30,33,0,0,0,0,25.90795135498047,11.223228454589844,38.55054659634828,1.292538093658945,1132.939634397924,13153.63119042847,0.0030744848523511633,32.62046531887899
349,150,Ulmus',0,10,28,3,0,0,0,45.61518096923828,19.455669403076172,32.77901623445221,1.0900881198936847,1494.5271196293832,16669.50346033363,0.0037930434896815543,39.99832363067094
349,150,Umbellularia',0,0,0,0,0,0,0,0.0,0.0,0.0,0.0,0.0,0.0,0.0,0.0
349,160,Abies',0,20,0,0,0,0,0,1.6609183549880981,2.30771803855896,1.854209571778774,0.0036888226682529417,5.839067335426807,93.21827643965543,3.975873172484962e-05,0.6355305753516027
349,160,Acer',0,640,165,0,0,0,0,21.56342124938965,13.783697128295898,439.5855211096379,2.826487796329082,3930.6333641017973,14323.297063033882,0.015062818573770115,47.4149613662796
349,160,Aesculus',0,0,0,0,0,0,0,0.0,0.0,0.0,0.0,0.0,0.0,0.0,0.0
349,160,Ailanthus',0,0,0,0,0,0,0,0.0,0.0,0.0,0.0,0.0,0.0,0.0,0.0
349,160,Alnus',0,22,10,0,0,0,0,12.6705961227417,7.94743013381958,18.32360438743158,0.15786860938694233,158.61856599703432,2754.313341021705,0.0006162641813557156,9.638841064327908
349,160,Amelanchier',0,0,0,0,0,0,0,0.0,0.0,0.0,0.0,0.0,0.0,0.0,0.0
349,160,Arbutus',0,0,0,0,0,0,0,0.0,0.0,0.0,0.0,0.0,0.0,0.0,0.0
349,160,Asimina',0,0,0,0,0,0,0,0.0,0.0,0.0,0.0,0.0,0.0,0.0,0.0
349,160,Betula',0,1792,553,8,0,0,0,32.78644943237305,14.457430839538574,1149.6383929851497,11.457882997770612,13403.871233265103,32319.165555954038,0.04633606379528959,85.96697313063788
349,160,Calocedrus',0,0,0,0,0,0,0,0.0,0.0,0.0,0.0,0.0,0.0,0.0,0.0
349,160,Carpinus',0,0,0,0,0,0,0,0.0,0.0,0.0,0.0,0.0,0.0,0.0,0.0
349,160,Carya',0,0,0,0,0,0,0,0.0,0.0,0.0,0.0,0.0,0.0,0.0,0.0
349,160,Castanea',0,0,0,0,0,0,0,0.0,0.0,0.0,0.0,0.0,0.0,0.0,0.0
349,160,Catalpa',0,0,0,0,0,0,0,0.0,0.0,0.0,0.0,0.0,0.0,0.0,0.0
349,160,Celtis',0,0,0,0,0,0,0,0.0,0.0,0.0,0.0,0.0,0.0,0.0,0.0
349,160,Cercis',0,0,0,0,0,0,0,0.0,0.0,0.0,0.0,0.0,0.0,0.0,0.0
349,160,Cercocarpus',0,0,0,0,0,0,0,0.0,0.0,0.0,0.0,0.0,0.0,0.0,0.0
349,160,Chamaecyparis',0,0,0,0,0,0,0,0.0,0.0,0.0,0.0,0.0,0.0,0.0,0.0
349,160,Chilopsis',0,0,0,0,0,0,0,0.0,0.0,0.0,0.0,0.0,0.0,0.0,0.0
349,160,Chrysolepis',0,0,0,0,0,0,0,0.0,0.0,0.0,0.0,0.0,0.0,0.0,0.0
349,160,Cladrastis',0,0,0,0,0,0,0,0.0,0.0,0.0,0.0,0.0,0.0,0.0,0.0
349,160,Comus',0,0,0,0,0,0,0,0.0,0.0,0.0,0.0,0.0,0.0,0.0,0.0
349,160,Cornus',0,0,0,0,0,0,0,0.0,0.0,0.0,0.0,0.0,0.0,0.0,0.0
349,160,Crataegus',0,0,0,0,0,0,0,0.0,0.0,0.0,0.0,0.0,0.0,0.0,0.0
349,160,Cupressus',0,0,0,0,0,0,0,0.0,0.0,0.0,0.0,0.0,0.0,0.0,0.0
349,160,Diospyros',0,0,0,0,0,0,0,0.0,0.0,0.0,0.0,0.0,0.0,0.0,0.0
349,160,Elaeagnus',0,92,1,0,0,0,0,8.273879051208496,4.548637866973877,41.869262986451005,0.18193166982033476,202.43779552787544,1685.8608638726423,0.0010525930734779675,8.644033349617343
349,160,Fagus',0,0,0,0,0,0,0,0.0,0.0,0.0,0.0,0.0,0.0,0.0,0.0
349,160,Fraxinus',0,105,5,0,0,0,0,9.786971092224121,6.531062126159668,29.63416971950025,0.12030156076725401,164.76362081542612,1483.3865433735398,0.0007927417229376732,6.661111470071922
349,160,Gleditsia',0,0,0,0,0,0,0,0.0,0.0,0.0,0.0,0.0,0.0,0.0,0.0
349,160,Gordonia',0,0,0,0,0,0,0,0.0,0.0,0.0,0.0,0.0,0.0,0.0,0.0
349,160,Gymnocladus',0,0,0,0,0,0,0,0.0,0.0,0.0,0.0,0.0,0.0,0.0,0.0
349,160,Halesia',0,0,0,0,0,0,0,0.0,0.0,0.0,0.0,0.0,0.0,0.0,0.0
349,160,Ilex',0,0,0,0,0,0,0,0.0,0.0,0.0,0.0,0.0,0.0,0.0,0.0
349,160,Juglans',0,0,0,0,0,0,0,0.0,0.0,0.0,0.0,0.0,0.0,0.0,0.0
349,160,Juniperus',0,0,0,0,0,0,0,0.0,0.0,0.0,0.0,0.0,0.0,0.0,0.0
349,160,Larix',0,0,0,0,0,0,0,0.0,0.0,0.0,0.0,0.0,0.0,0.0,0.0
349,160,Liquidambar',0,0,0,0,0,0,0,0.0,0.0,0.0,0.0,0.0,0.0,0.0,0.0
349,160,Liriodendron',0,0,0,0,0,0,0,0.0,0.0,0.0,0.0,0.0,0.0,0.0,0.0
349,160,Lithocarpus',0,0,0,0,0,0,0,0.0,0.0,0.0,0.0,0.0,0.0,0.0,0.0
349,160,Maclura',0,0,0,0,0,0,0,0.0,0.0,0.0,0.0,0.0,0.0,0.0,0.0
349,160,Magnolia',0,0,0,0,0,0,0,0.0,0.0,0.0,0.0,0.0,0.0,0.0,0.0
349,160,Malus',0,0,0,0,0,0,0,0.0,0.0,0.0,0.0,0.0,0.0,0.0,0.0
349,160,Morus',0,0,0,0,0,0,0,0.0,0.0,0.0,0.0,0.0,0.0,0.0,0.0
349,160,Nyssa',0,0,0,0,0,0,0,0.0,0.0,0.0,0.0,0.0,0.0,0.0,0.0
349,160,Olneya',0,0,0,0,0,0,0,0.0,0.0,0.0,0.0,0.0,0.0,0.0,0.0
349,160,Ostrya',0,0,0,0,0,0,0,0.0,0.0,0.0,0.0,0.0,0.0,0.0,0.0
349,160,Oxydendron',0,0,0,0,0,0,0,0.0,0.0,0.0,0.0,0.0,0.0,0.0,0.0
349,160,Paulownia',0,0,0,0,0,0,0,0.0,0.0,0.0,0.0,0.0,0.0,0.0,0.0
349,160,Persea',0,0,0,0,0,0,0,0.0,0.0,0.0,0.0,0.0,0.0,0.0,0.0
349,160,Picea',0,40,42,8,0,0,0,30.494592666625977,17.06418228149414,62.1922115060687,1.7404776997140194,2004.2727334663273,24025.26362840591,0.0053522714453271255,58.29854242836084
349,160,Pinus',0,448,320,115,8,0,0,61.0,25.20844268798828,618.7149871085584,20.17399546255092,25911.439465854914,109458.02233477503,0.06651797097859914,253.5756073992984
349,160,Planera',0,0,0,0,0,0,0,0.0,0.0,0.0,0.0,0.0,0.0,0.0,0.0
349,160,Platanus',0,0,0,0,0,0,0,0.0,0.0,0.0,0.0,0.0,0.0,0.0,0.0
349,160,Populus',0,1012,164,0,0,0,0,16.47761344909668,12.001906394958496,588.7590227636825,3.3209967829819176,3126.5841769441963,9132.980237486681,0.015423478038726028,37.628188999547135
349,160,Prosopis',0,0,0,0,0,0,0,0.0,0.0,0.0,0.0,0.0,0.0,0.0,0.0
349,160,Prunus',0,10,4,0,0,0,0,9.410786628723145,6.269575119018555,7.810598144991488,0.04100874289048434,36.10833375513554,650.6794967662665,0.0001926786407269535,3.2283725933152563
349,160,Pseudotsuga',0,0,0,0,0,0,0,0.0,0.0,0.0,0.0,0.0,0.0,0.0,0.0
349,160,Quercus',0,3,10,0,0,0,0,12.477137565612793,7.823434352874756,12.715278954445559,0.12746191412952604,167.50130365371703,3687.666424373578,0.0005552686123615106,12.287452192201043
349,160,Robinia',0,0,0,0,0,0,0,0.0,0.0,0.0,0.0,0.0,0.0,0.0,0.0
349,160,Salix',0,287,25,0,0,0,0,11.640336036682129,6.617872714996338,123.14661177228899,0.5668592562796995,508.27804848492144,2924.8433919082595,0.002902270648930103,14.97592262622829
349,160,Sassafras',0,0,0,0,0,0,0,0.0,0.0,0.0,0.0,0.0,0.0,0.0,0.0
349,160,Sequoia',0,0,0,0,0,0,0,0.0,0.0,0.0,0.0,0.0,0.0,0.0,0.0
349,160,Sequoiadendron',0,0,0,0,0,0,0,0.0,0.0,0.0,0.0,0.0,0.0,0.0,0.0
349,160,Sorbus',0,0,0,0,0,0,0,0.0,0.0,0.0,0.0,0.0,0.0,0.0,0.0
349,160,Taxodium',0,0,0,0,0,0,0,0.0,0.0,0.0,0.0,0.0,0.0,0.0,0.0
349,160,Taxus',0,0,0,0,0,0,0,0.0,0.0,0.0,0.0,0.0,0.0,0.0,0.0
349,160,Thuja',0,114,144,20,4,0,0,48.98637771606445,16.988428115844727,207.20408374458552,8.552755901410992,7075.55028173104,49324.178125896695,0.018716393068857688,119.65736382258657
349,160,Tilia',0,0,0,0,0,0,0,0.0,0.0,0.0,0.0,0.0,0.0,0.0,0.0
349,160,Torreya',0,0,0,0,0,0,0,0.0,0.0,0.0,0.0,0.0,0.0,0.0,0.0
349,160,Tsuga',0,8,33,2,0,0,0,31.096040725708008,12.752644538879395,50.64344045639038,1.2922991027879902,1213.7704696655273,14915.372751110555,0.003428784038965898,37.18466681663013
349,160,Ulmus',0,10,22,1,1,0,0,48.09831619262695,20.01503562927246,28.406625582447532,1.2303548632750265,1761.6674704670907,20090.838704332124,0.004323745801161974,47.852474679838835
349,160,Umbellularia',0,0,0,0,0,0,0,0.0,0.0,0.0,0.0,0.0,0.0,0.0,0.0
349,170,Abies',0,20,0,0,0,0,0,4.856457233428955,4.127583980560303,6.622299242019653,0.021137476256925372,25.231050621271134,515.5465172686406,0.00015172443513060077,3.2809078805399023
349,170,Acer',0,574,153,0,0,0,0,24.47637939453125,15.076713562011719,364.7705521196409,2.564373601912416,3488.0309352524578,13882.653260110585,0.013002254632886982,44.252843076468565
349,170,Aesculus',0,0,0,0,0,0,0,0.0,0.0,0.0,0.0,0.0,0.0,0.0,0.0
349,170,Ailanthus',0,0,0,0,0,0,0,0.0,0.0,0.0,0.0,0.0,0.0,0.0,0.0
349,170,Alnus',0,29,0,0,0,0,0,4.579501628875732,4.802097320556641,8.078039548348022,0.023718376680615574,31.378813394010066,534.365315628179,0.00018601856084773255,3.2751727817202876
349,170,Amelanchier',0,0,0,0,0,0,0,0.0,0.0,0.0,0.0,0.0,0.0,0.0,0.0
349,170,Arbutus',0,0,0,0,0,0,0,0.0,0.0,0.0,0.0,0.0,0.0,0.0,0.0
349,170,Asimina',0,0,0,0,0,0,0,0.0,0.0,0.0,0.0,0.0,0.0,0.0,0.0
349,170,Betula',0,1548,701,1,0,0,0,28.128185272216797,13.094212532043457,1052.5333061203642,11.824603177405274,13581.154632230551,31043.260439386657,0.04533214535724103,83.09368653258883
349,170,Calocedrus',0,0,0,0,0,0,0,0.0,0.0,0.0,0.0,0.0,0.0,0.0,0.0
349,170,Carpinus',0,10,0,0,0,0,0,1.2194381952285767,2.1316986083984375,0.6318760906122153,0.0011912684525812957,2.7609438948333263,61.73658230910473,1.5231638594996234e-05,0.3405897930712157
349,170,Carya',0,0,0,0,0,0,0,0.0,0.0,0.0,0.0,0.0,0.0,0.0,0.0
349,170,Castanea',0,0,0,0,0,0,0,0.0,0.0,0.0,0.0,0.0,0.0,0.0,0.0
349,170,Catalpa',0,0,0,0,0,0,0,0.0,0.0,0.0,0.0,0.0,0.0,0.0,0.0
349,170,Celtis',0,0,0,0,0,0,0,0.0,0.0,0.0,0.0,0.0,0.0,0.0,0.0
349,170,Cercis',0,0,0,0,0,0,0,0.0,0.0,0.0,0.0,0.0,0.0,0.0,0.0
349,170,Cercocarpus',0,0,0,0,0,0,0,0.0,0.0,0.0,0.0,0.0,0.0,0.0,0.0
349,170,Chamaecyparis',0,0,0,0,0,0,0,0.0,0.0,0.0,0.0,0.0,0.0,0.0,0.0
349,170,Chilopsis',0,0,0,0,0,0,0,0.0,0.0,0.0,0.0,0.0,0.0,0.0,0.0
349,170,Chrysolepis',0,0,0,0,0,0,0,0.0,0.0,0.0,0.0,0.0,0.0,0.0,0.0
349,170,Cladrastis',0,0,0,0,0,0,0,0.0,0.0,0.0,0.0,0.0,0.0,0.0,0.0
349,170,Comus',0,0,0,0,0,0,0,0.0,0.0,0.0,0.0,0.0,0.0,0.0,0.0
349,170,Cornus',0,0,0,0,0,0,0,0.0,0.0,0.0,0.0,0.0,0.0,0.0,0.0
349,170,Crataegus',0,0,0,0,0,0,0,0.0,0.0,0.0,0.0,0.0,0.0,0.0,0.0
349,170,Cupressus',0,0,0,0,0,0,0,0.0,0.0,0.0,0.0,0.0,0.0,0.0,0.0
349,170,Diospyros',0,0,0,0,0,0,0,0.0,0.0,0.0,0.0,0.0,0.0,0.0,0.0
349,170,Elaeagnus',0,91,11,0,0,0,0,13.003210067749023,5.7457275390625,33.33627531988711,0.25740121423382056,254.8708269417286,2899.9616762249275,0.0010462738269860835,10.198665411936581
349,170,Fagus',0,0,0,0,0,0,0,0.0,0.0,0.0,0.0,0.0,0.0,0.0,0.0
349,170,Fraxinus',0,184,10,0,0,0,0,9.111642837524414,5.427761077880859,56.67634715691585,0.2171219145206971,290.5618739013374,2092.535615697993,0.0014615805458992235,9.215929695073683
349,170,Gleditsia',0,0,0,0,0,0,0,0.0,0.0,0.0,0.0,0.0,0.0,0.0,0.0
349,170,Gordonia',0,0,0,0,0,0,0,0.0,0.0,0.0,0.0,0.0,0.0,0.0,0.0
349,170,Gymnocladus',0,0,0,0,0,0,0,0.0,0.0,0.0,0.0,0.0,0.0,0.0,0.0
349,170,Halesia',0,0,0,0,0,0,0,0.0,0.0,0.0,0.0,0.0,0.0,0.0,0.0
349,170,Ilex',0,0,0,0,0,0,0,0.0,0.0,0.0,0.0,0.0,0.0,0.0,0.0
349,170,Juglans',0,0,0,0,0,0,0,0.0,0.0,0.0,0.0,0.0,0.0,0.0,0.0
349,170,Juniperus',0,0,0,0,0,0,0,0.0,0.0,0.0,0.0,0.0,0.0,0.0,0.0
349,170,Larix',0,0,0,0,0,0,0,0.0,0.0,0.0,0.0,0.0,0.0,0.0,0.0
349,170,Liquidambar',0,0,0,0,0,0,0,0.0,0.0,0.0,0.0,0.0,0.0,0.0,0.0
349,170,Liriodendron',0,0,0,0,0,0,0,0.0,0.0,0.0,0.0,0.0,0.0,0.0,0.0
349,170,Lithocarpus',0,0,0,0,0,0,0,0.0,0.0,0.0,0.0,0.0,0.0,0.0,0.0
349,170,Maclura',0,0,0,0,0,0,0,0.0,0.0,0.0,0.0,0.0,0.0,0.0,0.0
349,170,Magnolia',0,0,0,0,0,0,0,0.0,0.0,0.0,0.0,0.0,0.0,0.0,0.0
349,170,Malus',0,0,0,0,0,0,0,0.0,0.0,0.0,0.0,0.0,0.0,0.0,0.0
349,170,Morus',0,0,0,0,0,0,0,0.0,0.0,0.0,0.0,0.0,0.0,0.0,0.0
349,170,Nyssa',0,0,0,0,0,0,0,0.0,0.0,0.0,0.0,0.0,0.0,0.0,0.0
349,170,Olneya',0,0,0,0,0,0,0,0.0,0.0,0.0,0.0,0.0,0.0,0.0,0.0
349,170,Ostrya',0,0,0,0,0,0,0,0.0,0.0,0.0,0.0,0.0,0.0,0.0,0.0
349,170,Oxydendron',0,0,0,0,0,0,0,0.0,0.0,0.0,0.0,0.0,0.0,0.0,0.0
349,170,Paulownia',0,0,0,0,0,0,0,0.0,0.0,0.0,0.0,0.0,0.0,0.0,0.0
349,170,Persea',0,0,0,0,0,0,0,0.0,0.0,0.0,0.0,0.0,0.0,0.0,0.0
349,170,Picea',0,29,51,20,0,0,0,32.16669464111328,17.61725425720215,67.62157509475946,2.1635958788399403,2485.7676843324302,27667.022181190583,0.006500684244950937,66.070393063007
349,170,Pinus',0,316,416,119,9,0,0,55.54899597167969,25.64521026611328,575.08022740677,22.911316690223654,28871.33499852255,119340.9836523516,0.07246523602086062,274.99470039410204
349,170,Planera',0,0,0,0,0,0,0,0.0,0.0,0.0,0.0,0.0,0.0,0.0,0.0
349,170,Platanus',0,0,0,0,0,0,0,0.0,0.0,0.0,0.0,0.0,0.0,0.0,0.0
349,170,Populus',0,1308,146,0,0,0,0,16.69415855407715,12.107684135437012,608.9029400522195,3.2516082108322,3057.7184305951,8499.890304966142,0.015560425931615569,35.93803113906358
349,170,Prosopis',0,0,0,0,0,0,0,0.0,0.0,0.0,0.0,0.0,0.0,0.0,0.0
349,170,Prunus',0,0,4,0,0,0,0,14.066141128540039,7.792439937591553,8.356762113450447,0.07583324568285416,64.81866413116455,1449.3893920800942,0.000264341709196567,5.910860310519995
349,170,Pseudotsuga',0,0,0,0,0,0,0,0.0,0.0,0.0,0.0,0.0,0.0,0.0,0.0
349,170,Quercus',0,0,10,0,0,0,0,14.445205688476562,8.73231029510498,12.509526749954945,0.16847305705834123,220.08719499349596,4921.299289827086,0.0006691642377376524,14.962967236932183
349,170,Robinia',0,0,0,0,0,0,0,0.0,0.0,0.0,0.0,0.0,0.0,0.0,0.0
349,170,Salix',0,303,33,0,0,0,0,15.899077415466309,8.107405662536621,120.85871658653397,0.6649282557292042,579.5642017120123,4077.4738081226988,0.0030277488053569103,16.08178567959805
349,170,Sassafras',0,0,0,0,0,0,0,0.0,0.0,0.0,0.0,0.0,0.0,0.0,0.0
349,170,Sequoia',0,0,0,0,0,0,0,0.0,0.0,0.0,0.0,0.0,0.0,0.0,0.0
349,170,Sequoiadendron',0,0,0,0,0,0,0,0.0,0.0,0.0,0.0,0.0,0.0,0.0,0.0
349,170,Sorbus',0,0,0,0,0,0,0,0.0,0.0,0.0,0.0,0.0,0.0,0.0,0.0
349,170,Taxodium',0,0,0,0,0,0,0,0.0,0.0,0.0,0.0,0.0,0.0,0.0,0.0
349,170,Taxus',0,0,0,0,0,0,0,0.0,0.0,0.0,0.0,0.0,0.0,0.0,0.0
349,170,Thuja',0,112,145,60,4,0,0,52.95549392700195,17.473743438720703,244.44193377047776,10.769293872360766,9044.663204264045,59002.89368399263,0.023630079646237784,142.47748797551063
349,170,Tilia',0,0,0,0,0,0,0,0.0,0.0,0.0,0.0,0.0,0.0,0.0,0.0
349,170,Torreya',0,0,0,0,0,0,0,0.0,0.0,0.0,0.0,0.0,0.0,0.0,0.0
349,170,Tsuga',0,33,28,2,0,0,0,36.15637969970703,14.124307632446289,41.90183600664139,0.9562185642609969,894.2459172153473,11321.685850179727,0.00259246190642193,29.58002607974499
349,170,Ulmus',0,38,11,1,1,0,0,49.67805862426758,16.097457885742188,25.833930415631848,0.8655517116532663,1205.2866047149896,16868.804512743416,0.003050308482666499,39.313044139571616
349,170,Umbellularia',0,0,0,0,0,0,0,0.0,0.0,0.0,0.0,0.0,0.0,0.0,0.0
349,180,Abies',0,10,10,0,0,0,0,8.90984058380127,6.227545261383057,25.298690500259397,0.09941990527294593,112.6329071521759,1808.7594645099266,0.0006157208822816606,9.781504839698904
349,180,Acer',0,592,139,0,0,0,0,17.761924743652344,11.850103378295898,383.45865545959407,2.4725580079261444,3504.7168556508423,15417.334937747419,0.013308360025895511,47.91481330397532
349,180,Aesculus',0,0,0,0,0,0,0,0.0,0.0,0.0,0.0,0.0,0.0,0.0,0.0
349,180,Ailanthus',0,0,0,0,0,0,0,0.0,0.0,0.0,0.0,0.0,0.0,0.0,0.0
349,180,Alnus',0,10,0,0,0,0,0,1.5025049448013306,2.6896748542785645,0.0,0.0018085139916185012,1.9685246497392654,44.01754932200987,4.374499234836548e-06,0.09781677656615362
349,180,Amelanchier',0,0,0,0,0,0,0,0.0,0.0,0.0,0.0,0.0,0.0,0.0,0.0
349,180,Arbutus',0,0,0,0,0,0,0,0.0,0.0,0.0,0.0,0.0,0.0,0.0,0.0
349,180,Asimina',0,0,0,0,0,0,0,0.0,0.0,0.0,0.0,0.0,0.0,0.0,0.0
349,180,Betula',0,1663,674,6,0,0,0,31.572187423706055,14.154969215393066,1063.1477533422315,13.083331592706761,15178.216772371828,35918.02357546647,0.04903397296511229,93.70622473779697
349,180,Calocedrus',0,0,0,0,0,0,0,0.0,0.0,0.0,0.0,0.0,0.0,0.0,0.0
349,180,Carpinus',0,0,0,0,0,0,0,0.0,0.0,0.0,0.0,0.0,0.0,0.0,0.0
349,180,Carya',0,0,0,0,0,0,0,0.0,0.0,0.0,0.0,0.0,0.0,0.0,0.0
349,180,Castanea',0,0,0,0,0,0,0,0.0,0.0,0.0,0.0,0.0,0.0,0.0,0.0
349,180,Catalpa',0,0,0,0,0,0,0,0.0,0.0,0.0,0.0,0.0,0.0,0.0,0.0
349,180,Celtis',0,0,0,0,0,0,0,0.0,0.0,0.0,0.0,0.0,0.0,0.0,0.0
349,180,Cercis',0,0,0,0,0,0,0,0.0,0.0,0.0,0.0,0.0,0.0,0.0,0.0
349,180,Cercocarpus',0,0,0,0,0,0,0,0.0,0.0,0.0,0.0,0.0,0.0,0.0,0.0
349,180,Chamaecyparis',0,0,0,0,0,0,0,0.0,0.0,0.0,0.0,0.0,0.0,0.0,0.0
349,180,Chilopsis',0,0,0,0,0,0,0,0.0,0.0,0.0,0.0,0.0,0.0,0.0,0.0
349,180,Chrysolepis',0,0,0,0,0,0,0,0.0,0.0,0.0,0.0,0.0,0.0,0.0,0.0
349,180,Cladrastis',0,0,0,0,0,0,0,0.0,0.0,0.0,0.0,0.0,0.0,0.0,0.0
349,180,Comus',0,0,0,0,0,0,0,0.0,0.0,0.0,0.0,0.0,0.0,0.0,0.0
349,180,Cornus',0,0,0,0,0,0,0,0.0,0.0,0.0,0.0,0.0,0.0,0.0,0.0
349,180,Crataegus',0,0,0,0,0,0,0,0.0,0.0,0.0,0.0,0.0,0.0,0.0,0.0
349,180,Cupressus',0,0,0,0,0,0,0,0.0,0.0,0.0,0.0,0.0,0.0,0.0,0.0
349,180,Diospyros',0,0,0,0,0,0,0,0.0,0.0,0.0,0.0,0.0,0.0,0.0,0.0
349,180,Elaeagnus',0,108,11,0,0,0,0,11.312874794006348,5.360209941864014,50.045716238172744,0.246311765134421,269.29925893068315,2103.1179407579125,0.0013188786930232322,9.839424689654459
349,180,Fagus',0,0,0,0,0,0,0,0.0,0.0,0.0,0.0,0.0,0.0,0.0,0.0
349,180,Fraxinus',0,147,10,0,0,0,0,8.411874771118164,5.847370624542236,47.81351026902093,0.2660148211829508,313.34205670326946,2169.704211519609,0.0013846177233117637,9.291627168345332
349,180,Gleditsia',0,0,0,0,0,0,0,0.0,0.0,0.0,0.0,0.0,0.0,0.0,0.0
349,180,Gordonia',0,0,0,0,0,0,0,0.0,0.0,0.0,0.0,0.0,0.0,0.0,0.0
349,180,Gymnocladus',0,0,0,0,0,0,0,0.0,0.0,0.0,0.0,0.0,0.0,0.0,0.0
349,180,Halesia',0,0,0,0,0,0,0,0.0,0.0,0.0,0.0,0.0,0.0,0.0,0.0
349,180,Ilex',0,0,0,0,0,0,0,0.0,0.0,0.0,0.0,0.0,0.0,0.0,0.0
349,180,Juglans',0,0,0,0,0,0,0,0.0,0.0,0.0,0.0,0.0,0.0,0.0,0.0
349,180,Juniperus',0,0,0,0,0,0,0,0.0,0.0,0.0,0.0,0.0,0.0,0.0,0.0
349,180,Larix',0,0,0,0,0,0,0,0.0,0.0,0.0,0.0,0.0,0.0,0.0,0.0
349,180,Liquidambar',0,0,0,0,0,0,0,0.0,0.0,0.0,0.0,0.0,0.0,0.0,0.0
349,180,Liriodendron',0,0,0,0,0,0,0,0.0,0.0,0.0,0.0,0.0,0.0,0.0,0.0
349,180,Lithocarpus',0,0,0,0,0,0,0,0.0,0.0,0.0,0.0,0.0,0.0,0.0,0.0
349,180,Maclura',0,0,0,0,0,0,0,0.0,0.0,0.0,0.0,0.0,0.0,0.0,0.0
349,180,Magnolia',0,0,0,0,0,0,0,0.0,0.0,0.0,0.0,0.0,0.0,0.0,0.0
349,180,Malus',0,0,0,0,0,0,0,0.0,0.0,0.0,0.0,0.0,0.0,0.0,0.0
349,180,Morus',0,0,0,0,0,0,0,0.0,0.0,0.0,0.0,0.0,0.0,0.0,0.0
349,180,Nyssa',0,0,0,0,0,0,0,0.0,0.0,0.0,0.0,0.0,0.0,0.0,0.0
349,180,Olneya',0,0,0,0,0,0,0,0.0,0.0,0.0,0.0,0.0,0.0,0.0,0.0
349,180,Ostrya',0,0,0,0,0,0,0,0.0,0.0,0.0,0.0,0.0,0.0,0.0,0.0
349,180,Oxydendron',0,0,0,0,0,0,0,0.0,0.0,0.0,0.0,0.0,0.0,0.0,0.0
349,180,Paulownia',0,0,0,0,0,0,0,0.0,0.0,0.0,0.0,0.0,0.0,0.0,0.0
349,180,Persea',0,0,0,0,0,0,0,0.0,0.0,0.0,0.0,0.0,0.0,0.0,0.0
349,180,Picea',0,40,61,20,0,0,0,34.65215301513672,18.395963668823242,98.70012910604477,2.7423868635522117,3164.893525848389,31533.192595607696,0.008458765285234099,76.07260738111512
349,180,Pinus',0,386,369,154,9,0,0,60.84927749633789,26.03660011291504,574.3332415188848,25.48371484848951,32231.806534038933,131966.20894896466,0.07992216171677882,303.1487906971163
349,180,Planera',0,0,0,0,0,0,0,0.0,0.0,0.0,0.0,0.0,0.0,0.0,0.0
349,180,Platanus',0,0,0,0,0,0,0,0.0,0.0,0.0,0.0,0.0,0.0,0.0,0.0
349,180,Populus',0,1250,184,0,0,0,0,19.873476028442383,13.577533721923828,620.3850247440977,3.7111736332463074,3444.837667847052,11068.747078801938,0.01658598192662443,40.77427023593991
349,180,Prosopis',0,0,0,0,0,0,0,0.0,0.0,0.0,0.0,0.0,0.0,0.0,0.0
349,180,Prunus',0,10,0,0,0,0,0,2.286353826522827,2.8061718940734863,1.9705582876937295,0.004220558047570584,5.094786918461323,113.92289880556255,3.968903025565653e-05,0.8874736961269453
349,180,Pseudotsuga',0,0,0,0,0,0,0,0.0,0.0,0.0,0.0,0.0,0.0,0.0,0.0
349,180,Quercus',0,28,10,0,0,0,0,16.348453521728516,9.582908630371094,14.294682468605945,0.225843511263613,305.0298384720087,6368.819299163262,0.0008836239810353146,17.99335134847564
349,180,Robinia',0,0,0,0,0,0,0,0.0,0.0,0.0,0.0,0.0,0.0,0.0,0.0
349,180,Salix',0,206,26,0,0,0,0,11.953900337219238,6.7348103523254395,109.93069185356643,0.4550635752627895,443.87168046809734,2877.389826224146,0.0025688948858362797,14.824423446219004
349,180,Sassafras',0,0,0,0,0,0,0,0.0,0.0,0.0,0.0,0.0,0.0,0.0,0.0
349,180,Sequoia',0,0,0,0,0,0,0,0.0,0.0,0.0,0.0,0.0,0.0,0.0,0.0
349,180,Sequoiadendron',0,0,0,0,0,0,0,0.0,0.0,0.0,0.0,0.0,0.0,0.0,0.0
349,180,Sorbus',0,0,0,0,0,0,0,0.0,0.0,0.0,0.0,0.0,0.0,0.0,0.0
349,180,Taxodium',0,0,0,0,0,0,0,0.0,0.0,0.0,0.0,0.0,0.0,0.0,0.0
349,180,Taxus',0,0,0,0,0,0,0,0.0,0.0,0.0,0.0,0.0,0.0,0.0,0.0
349,180,Thuja',0,60,160,84,4,0,0,57.171173095703125,17.925073623657227,238.08030350178478,11.643675993030577,9771.58377428949,62711.65186725576,0.025153568010932523,149.44632158846022
349,180,Tilia',0,0,0,0,0,0,0,0.0,0.0,0.0,0.0,0.0,0.0,0.0,0.0
349,180,Torreya',0,0,0,0,0,0,0,0.0,0.0,0.0,0.0,0.0,0.0,0.0,0.0
349,180,Tsuga',0,10,38,2,0,0,0,40.62091827392578,15.243605613708496,42.77411813020706,1.2544415036250482,1174.069829583168,13960.507493320074,0.0032268924264674966,35.09338578775954
349,180,Ulmus',0,32,11,1,1,0,0,53.04879379272461,16.830032348632812,35.431094366726995,1.065417856215061,1513.5763346201181,19985.589790806487,0.003873553253959866,46.524354522349086
349,180,Umbellularia',0,0,0,0,0,0,0,0.0,0.0,0.0,0.0,0.0,0.0,0.0,0.0
349,190,Abies',0,7,20,0,0,0,0,12.377954483032227,7.855737209320068,24.18780099868774,0.2068548660107151,179.2110223197937,2829.892922877371,0.0007476260541438446,11.578732198342403
349,190,Acer',0,619,150,0,0,0,0,18.611310958862305,12.263782501220703,378.5164930340185,2.4045179485749424,3345.959406152889,14785.775689615297,0.012884420515411303,46.15665391300904
349,190,Aesculus',0,0,0,0,0,0,0,0.0,0.0,0.0,0.0,0.0,0.0,0.0,0.0
349,190,Ailanthus',0,0,0,0,0,0,0,0.0,0.0,0.0,0.0,0.0,0.0,0.0,0.0
349,190,Alnus',0,10,0,0,0,0,0,2.7890496253967285,3.678464889526367,2.5099161427609524,0.0062805182141518244,8.087124300599099,180.8335967863007,5.410302492137987e-05,1.2097804151257034
349,190,Amelanchier',0,0,0,0,0,0,0,0.0,0.0,0.0,0.0,0.0,0.0,0.0,0.0
349,190,Arbutus',0,0,0,0,0,0,0,0.0,0.0,0.0,0.0,0.0,0.0,0.0,0.0
349,190,Asimina',0,0,0,0,0,0,0,0.0,0.0,0.0,0.0,0.0,0.0,0.0,0.0
349,190,Betula',0,1613,661,19,0,0,0,35.11882400512695,15.177818298339844,1078.1959049315249,14.512526028308095,17236.527470652833,43057.48281124416,0.05382462349617156,107.49110998992029
349,190,Calocedrus',0,0,0,0,0,0,0,0.0,0.0,0.0,0.0,0.0,0.0,0.0,0.0
349,190,Carpinus',0,0,0,0,0,0,0,0.0,0.0,0.0,0.0,0.0,0.0,0.0,0.0
349,190,Carya',0,0,0,0,0,0,0,0.0,0.0,0.0,0.0,0.0,0.0,0.0,0.0
349,190,Castanea',0,0,0,0,0,0,0,0.0,0.0,0.0,0.0,0.0,0.0,0.0,0.0
349,190,Catalpa',0,0,0,0,0,0,0,0.0,0.0,0.0,0.0,0.0,0.0,0.0,0.0
349,190,Celtis',0,0,0,0,0,0,0,0.0,0.0,0.0,0.0,0.0,0.0,0.0,0.0
349,190,Cercis',0,0,0,0,0,0,0,0.0,0.0,0.0,0.0,0.0,0.0,0.0,0.0
349,190,Cercocarpus',0,0,0,0,0,0,0,0.0,0.0,0.0,0.0,0.0,0.0,0.0,0.0
349,190,Chamaecyparis',0,0,0,0,0,0,0,0.0,0.0,0.0,0.0,0.0,0.0,0.0,0.0
349,190,Chilopsis',0,0,0,0,0,0,0,0.0,0.0,0.0,0.0,0.0,0.0,0.0,0.0
349,190,Chrysolepis',0,0,0,0,0,0,0,0.0,0.0,0.0,0.0,0.0,0.0,0.0,0.0
349,190,Cladrastis',0,0,0,0,0,0,0,0.0,0.0,0.0,0.0,0.0,0.0,0.0,0.0
349,190,Comus',0,0,0,0,0,0,0,0.0,0.0,0.0,0.0,0.0,0.0,0.0,0.0
349,190,Cornus',0,0,0,0,0,0,0,0.0,0.0,0.0,0.0,0.0,0.0,0.0,0.0
349,190,Crataegus',0,0,0,0,0,0,0,0.0,0.0,0.0,0.0,0.0,0.0,0.0,0.0
349,190,Cupressus',0,0,0,0,0,0,0,0.0,0.0,0.0,0.0,0.0,0.0,0.0,0.0
349,190,Diospyros',0,0,0,0,0,0,0,0.0,0.0,0.0,0.0,0.0,0.0,0.0,0.0
349,190,Elaeagnus',0,141,25,0,0,0,0,15.339859008789062,6.212336540222168,66.76742056785504,0.4202057746140657,433.71171808063986,3821.318604007534,0.001924957924429326,13.869862882366863
349,190,Fagus',0,0,0,0,0,0,0,0.0,0.0,0.0,0.0,0.0,0.0,0.0,0.0
349,190,Fraxinus',0,88,28,0,0,0,0,9.641549110412598,5.643274784088135,45.24903092993116,0.3303025872871699,360.5672993930429,2936.447189016328,0.0014526456124223746,11.316059356382624
349,190,Gleditsia',0,0,0,0,0,0,0,0.0,0.0,0.0,0.0,0.0,0.0,0.0,0.0
349,190,Gordonia',0,0,0,0,0,0,0,0.0,0.0,0.0,0.0,0.0,0.0,0.0,0.0
349,190,Gymnocladus',0,0,0,0,0,0,0,0.0,0.0,0.0,0.0,0.0,0.0,0.0,0.0
349,190,Halesia',0,0,0,0,0,0,0,0.0,0.0,0.0,0.0,0.0,0.0,0.0,0.0
349,190,Ilex',0,0,0,0,0,0,0,0.0,0.0,0.0,0.0,0.0,0.0,0.0,0.0
349,190,Juglans',0,0,0,0,0,0,0,0.0,0.0,0.0,0.0,0.0,0.0,0.0,0.0
349,190,Juniperus',0,0,0,0,0,0,0,0.0,0.0,0.0,0.0,0.0,0.0,0.0,0.0
349,190,Larix',0,0,0,0,0,0,0,0.0,0.0,0.0,0.0,0.0,0.0,0.0,0.0
349,190,Liquidambar',0,0,0,0,0,0,0,0.0,0.0,0.0,0.0,0.0,0.0,0.0,0.0
349,190,Liriodendron',0,0,0,0,0,0,0,0.0,0.0,0.0,0.0,0.0,0.0,0.0,0.0
349,190,Lithocarpus',0,0,0,0,0,0,0,0.0,0.0,0.0,0.0,0.0,0.0,0.0,0.0
349,190,Maclura',0,0,0,0,0,0,0,0.0,0.0,0.0,0.0,0.0,0.0,0.0,0.0
349,190,Magnolia',0,0,0,0,0,0,0,0.0,0.0,0.0,0.0,0.0,0.0,0.0,0.0
349,190,Malus',0,0,0,0,0,0,0,0.0,0.0,0.0,0.0,0.0,0.0,0.0,0.0
349,190,Morus',0,0,0,0,0,0,0,0.0,0.0,0.0,0.0,0.0,0.0,0.0,0.0
349,190,Nyssa',0,0,0,0,0,0,0,0.0,0.0,0.0,0.0,0.0,0.0,0.0,0.0
349,190,Olneya',0,0,0,0,0,0,0,0.0,0.0,0.0,0.0,0.0,0.0,0.0,0.0
349,190,Ostrya',0,0,0,0,0,0,0,0.0,0.0,0.0,0.0,0.0,0.0,0.0,0.0
349,190,Oxydendron',0,0,0,0,0,0,0,0.0,0.0,0.0,0.0,0.0,0.0,0.0,0.0
349,190,Paulownia',0,0,0,0,0,0,0,0.0,0.0,0.0,0.0,0.0,0.0,0.0,0.0
349,190,Persea',0,0,0,0,0,0,0,0.0,0.0,0.0,0.0,0.0,0.0,0.0,0.0
349,190,Picea',0,20,70,20,0,0,0,40.41905975341797,20.019332885742188,82.3057000362873,3.1900399598579625,3689.9440989387035,35651.95267549216,0.00938873599858891,84.2830956167296
349,190,Pinus',0,245,461,151,6,0,0,51.745521545410156,26.717111587524414,550.1025754263997,26.115413931966234,33139.68033511311,140657.08763954855,0.08158966013391754,322.15609805552594
349,190,Planera',0,0,0,0,0,0,0,0.0,0.0,0.0,0.0,0.0,0.0,0.0,0.0
349,190,Platanus',0,10,0,0,0,0,0,2.049022912979126,1.9092243909835815,0.0,0.003389819906946716,7.020802795886993,156.98992308223862,1.5601783990859982e-05,0.3488664957383062
349,190,Populus',0,1226,225,0,0,0,0,22.740543365478516,14.77821159362793,613.5619487482583,4.410635280162586,4040.4301750767977,14278.156264195184,0.017811298864240405,45.8439702207805
349,190,Prosopis',0,0,0,0,0,0,0,0.0,0.0,0.0,0.0,0.0,0.0,0.0,0.0
349,190,Prunus',0,8,0,0,0,0,0,2.8927876949310303,3.2125115394592285,2.3760716975489746,0.005809988452975292,8.180620470046998,182.92423469151262,5.238402918353668e-05,1.1713425018972046
349,190,Pseudotsuga',0,0,0,0,0,0,0,0.0,0.0,0.0,0.0,0.0,0.0,0.0,0.0
349,190,Quercus',0,10,10,0,0,0,0,18.280550003051758,10.418815612792969,16.132897423415244,0.30786447983097964,406.4306631553173,8180.9365514017145,0.0011354212794378402,21.96378431289663
349,190,Robinia',0,0,0,0,0,0,0,0.0,0.0,0.0,0.0,0.0,0.0,0.0,0.0
349,190,Salix',0,250,16,0,0,0,0,23.45430564880371,10.286581039428711,93.80744323040109,0.45121112267032193,434.83689693391324,2668.0053759385783,0.0023167144870952497,13.735525254326078
349,190,Sassafras',0,0,0,0,0,0,0,0.0,0.0,0.0,0.0,0.0,0.0,0.0,0.0
349,190,Sequoia',0,0,0,0,0,0,0,0.0,0.0,0.0,0.0,0.0,0.0,0.0,0.0
349,190,Sequoiadendron',0,0,0,0,0,0,0,0.0,0.0,0.0,0.0,0.0,0.0,0.0,0.0
349,190,Sorbus',0,0,0,0,0,0,0,0.0,0.0,0.0,0.0,0.0,0.0,0.0,0.0
349,190,Taxodium',0,0,0,0,0,0,0,0.0,0.0,0.0,0.0,0.0,0.0,0.0,0.0
349,190,Taxus',0,0,0,0,0,0,0,0.0,0.0,0.0,0.0,0.0,0.0,0.0,0.0
349,190,Thuja',0,112,160,63,15,0,0,60.58708190917969,18.248056411743164,247.57359752506017,12.868393313557842,10912.469111836255,70319.83063644517,0.027825994342997002,166.6506309699991
349,190,Tilia',0,0,0,0,0,0,0,0.0,0.0,0.0,0.0,0.0,0.0,0.0,0.0
349,190,Torreya',0,0,0,0,0,0,0,0.0,0.0,0.0,0.0,0.0,0.0,0.0,0.0
349,190,Tsuga',0,20,28,0,0,0,0,18.406131744384766,8.768781661987305,33.82692521333694,0.6249588704033077,510.30954823970796,6138.197077436289,0.0016226323351819674,18.453490105806335
349,190,Ulmus',0,36,10,2,1,0,0,57.245323181152344,17.703655242919922,30.234497372013855,0.7600344922446964,1067.961459427774,16336.260965582425,0.0028084901520740134,38.952512788003084
349,190,Umbellularia',0,0,0,0,0,0,0,0.0,0.0,0.0,0.0,0.0,0.0,0.0,0.0
349,200,Abies',0,3,20,0,0,0,0,15.29061508178711,9.113536834716797,18.15265893638134,0.3326704705450748,258.82783271014694,4092.186622902081,0.0008373780403449179,13.059692503180573
349,200,Acer',0,666,138,0,0,0,0,16.030447006225586,10.983922004699707,371.6542629014606,2.067351055354732,2808.6260170256346,10092.324225924356,0.011591560780359672,37.160623138011005
349,200,Aesculus',0,0,0,0,0,0,0,0.0,0.0,0.0,0.0,0.0,0.0,0.0,0.0
349,200,Ailanthus',0,0,0,0,0,0,0,0.0,0.0,0.0,0.0,0.0,0.0,0.0,0.0
349,200,Alnus',0,60,0,0,0,0,0,5.71252965927124,5.387154579162598,18.9951222394652,0.07348656414321945,85.07423693239689,1059.386692613324,0.0004624991975208387,5.792797824630017
349,200,Amelanchier',0,0,0,0,0,0,0,0.0,0.0,0.0,0.0,0.0,0.0,0.0,0.0
349,200,Arbutus',0,0,0,0,0,0,0,0.0,0.0,0.0,0.0,0.0,0.0,0.0,0.0
349,200,Asimina',0,0,0,0,0,0,0,0.0,0.0,0.0,0.0,0.0,0.0,0.0,0.0
349,200,Betula',0,1680,626,6,0,0,0,38.82554626464844,16.176340103149414,1077.4166767355762,13.371304656800174,15609.823355624378,39659.496489885365,0.0501985079600406,101.22392391740802
349,200,Calocedrus',0,0,0,0,0,0,0,0.0,0.0,0.0,0.0,0.0,0.0,0.0,0.0
349,200,Carpinus',0,0,0,0,0,0,0,0.0,0.0,0.0,0.0,0.0,0.0,0.0,0.0
349,200,Carya',0,0,0,0,0,0,0,0.0,0.0,0.0,0.0,0.0,0.0,0.0,0.0
349,200,Castanea',0,0,0,0,0,0,0,0.0,0.0,0.0,0.0,0.0,0.0,0.0,0.0
349,200,Catalpa',0,0,0,0,0,0,0,0.0,0.0,0.0,0.0,0.0,0.0,0.0,0.0
349,200,Celtis',0,0,0,0,0,0,0,0.0,0.0,0.0,0.0,0.0,0.0,0.0,0.0
349,200,Cercis',0,0,0,0,0,0,0,0.0,0.0,0.0,0.0,0.0,0.0,0.0,0.0
349,200,Cercocarpus',0,0,0,0,0,0,0,0.0,0.0,0.0,0.0,0.0,0.0,0.0,0.0
349,200,Chamaecyparis',0,0,0,0,0,0,0,0.0,0.0,0.0,0.0,0.0,0.0,0.0,0.0
349,200,Chilopsis',0,0,0,0,0,0,0,0.0,0.0,0.0,0.0,0.0,0.0,0.0,0.0
349,200,Chrysolepis',0,0,0,0,0,0,0,0.0,0.0,0.0,0.0,0.0,0.0,0.0,0.0
349,200,Cladrastis',0,0,0,0,0,0,0,0.0,0.0,0.0,0.0,0.0,0.0,0.0,0.0
349,200,Comus',0,0,0,0,0,0,0,0.0,0.0,0.0,0.0,0.0,0.0,0.0,0.0
349,200,Cornus',0,0,0,0,0,0,0,0.0,0.0,0.0,0.0,0.0,0.0,0.0,0.0
349,200,Crataegus',0,0,0,0,0,0,0,0.0,0.0,0.0,0.0,0.0,0.0,0.0,0.0
349,200,Cupressus',0,0,0,0,0,0,0,0.0,0.0,0.0,0.0,0.0,0.0,0.0,0.0
349,200,Diospyros',0,0,0,0,0,0,0,0.0,0.0,0.0,0.0,0.0,0.0,0.0,0.0
349,200,Elaeagnus',0,106,10,0,0,0,0,10.520584106445312,5.164106369018555,48.530480358631735,0.21703259393574273,246.64625764347613,2306.1923192638865,0.001246726033797489,10.638161078851457
349,200,Fagus',0,0,0,0,0,0,0,0.0,0.0,0.0,0.0,0.0,0.0,0.0,0.0
349,200,Fraxinus',0,86,24,0,0,0,0,12.37946605682373,6.717586040496826,51.404137744839424,0.34586364354494614,406.9699980393052,3692.7486578953894,0.0016443688966478187,13.82466436781314
349,200,Gleditsia',0,0,0,0,0,0,0,0.0,0.0,0.0,0.0,0.0,0.0,0.0,0.0
349,200,Gordonia',0,0,0,0,0,0,0,0.0,0.0,0.0,0.0,0.0,0.0,0.0,0.0
349,200,Gymnocladus',0,0,0,0,0,0,0,0.0,0.0,0.0,0.0,0.0,0.0,0.0,0.0
349,200,Halesia',0,0,0,0,0,0,0,0.0,0.0,0.0,0.0,0.0,0.0,0.0,0.0
349,200,Ilex',0,0,0,0,0,0,0,0.0,0.0,0.0,0.0,0.0,0.0,0.0,0.0
349,200,Juglans',0,0,0,0,0,0,0,0.0,0.0,0.0,0.0,0.0,0.0,0.0,0.0
349,200,Juniperus',0,0,0,0,0,0,0,0.0,0.0,0.0,0.0,0.0,0.0,0.0,0.0
349,200,Larix',0,0,0,0,0,0,0,0.0,0.0,0.0,0.0,0.0,0.0,0.0,0.0
349,200,Liquidambar',0,0,0,0,0,0,0,0.0,0.0,0.0,0.0,0.0,0.0,0.0,0.0
349,200,Liriodendron',0,0,0,0,0,0,0,0.0,0.0,0.0,0.0,0.0,0.0,0.0,0.0
349,200,Lithocarpus',0,0,0,0,0,0,0,0.0,0.0,0.0,0.0,0.0,0.0,0.0,0.0
349,200,Maclura',0,0,0,0,0,0,0,0.0,0.0,0.0,0.0,0.0,0.0,0.0,0.0
349,200,Magnolia',0,0,0,0,0,0,0,0.0,0.0,0.0,0.0,0.0,0.0,0.0,0.0
349,200,Malus',0,0,0,0,0,0,0,0.0,0.0,0.0,0.0,0.0,0.0,0.0,0.0
349,200,Morus',0,0,0,0,0,0,0,0.0,0.0,0.0,0.0,0.0,0.0,0.0,0.0
349,200,Nyssa',0,0,0,0,0,0,0,0.0,0.0,0.0,0.0,0.0,0.0,0.0,0.0
349,200,Olneya',0,0,0,0,0,0,0,0.0,0.0,0.0,0.0,0.0,0.0,0.0,0.0
349,200,Ostrya',0,0,0,0,0,0,0,0.0,0.0,0.0,0.0,0.0,0.0,0.0,0.0
349,200,Oxydendron',0,0,0,0,0,0,0,0.0,0.0,0.0,0.0,0.0,0.0,0.0,0.0
349,200,Paulownia',0,0,0,0,0,0,0,0.0,0.0,0.0,0.0,0.0,0.0,0.0,0.0
349,200,Persea',0,0,0,0,0,0,0,0.0,0.0,0.0,0.0,0.0,0.0,0.0,0.0
349,200,Picea',0,20,60,20,0,0,0,45.88246154785156,21.34724235534668,98.36100657463074,3.210434507022469,3883.769879561663,38280.20895415851,0.010051369715092733,90.83147193955665
349,200,Pinus',0,184,474,140,10,0,0,53.318050384521484,27.61195182800293,587.5805229988694,29.5694983427359,37708.11501624018,148320.61298424297,0.09228308405085388,340.0949091799453
349,200,Planera',0,0,0,0,0,0,0,0.0,0.0,0.0,0.0,0.0,0.0,0.0,0.0
349,200,Platanus',0,0,0,0,0,0,0,0.0,0.0,0.0,0.0,0.0,0.0,0.0,0.0
349,200,Populus',0,1421,234,0,0,0,0,27.443347930908203,16.519567489624023,679.5892562101818,3.584165757108529,3415.2241211882233,9019.412370694055,0.017372451789190897,38.829951489014135
349,200,Prosopis',0,0,0,0,0,0,0,0.0,0.0,0.0,0.0,0.0,0.0,0.0,0.0
349,200,Prunus',0,0,0,0,0,0,0,0.0,0.0,0.0,0.0,0.0,0.0,0.0,0.0
349,200,Pseudotsuga',0,0,0,0,0,0,0,0.0,0.0,0.0,0.0,0.0,0.0,0.0,0.0
349,200,Quercus',0,0,20,0,0,0,0,20.067922592163086,11.168133735656738,17.684559571214866,0.43188996401566476,556.1435808885097,10292.789014267284,0.0014904537238925695,26.600585688995444
349,200,Robinia',0,0,0,0,0,0,0,0.0,0.0,0.0,0.0,0.0,0.0,0.0,0.0
349,200,Salix',0,322,18,0,0,0,0,8.705095291137695,5.46262788772583,143.87228251022248,0.5159902115977701,502.92271050065756,2485.018270209152,0.0031887274600332556,15.334223379316294
349,200,Sassafras',0,0,0,0,0,0,0,0.0,0.0,0.0,0.0,0.0,0.0,0.0,0.0
349,200,Sequoia',0,0,0,0,0,0,0,0.0,0.0,0.0,0.0,0.0,0.0,0.0,0.0
349,200,Sequoiadendron',0,0,0,0,0,0,0,0.0,0.0,0.0,0.0,0.0,0.0,0.0,0.0
349,200,Sorbus',0,0,0,0,0,0,0,0.0,0.0,0.0,0.0,0.0,0.0,0.0,0.0
349,200,Taxodium',0,0,0,0,0,0,0,0.0,0.0,0.0,0.0,0.0,0.0,0.0,0.0
349,200,Taxus',0,0,0,0,0,0,0,0.0,0.0,0.0,0.0,0.0,0.0,0.0,0.0
349,200,Thuja',0,148,168,53,10,0,0,50.91455841064453,17.232009887695312,282.47723338991403,12.22460351187853,10230.83659463212,67181.95503849136,0.026815419273880904,160.2690025123348
349,200,Tilia',0,0,0,0,0,0,0,0.0,0.0,0.0,0.0,0.0,0.0,0.0,0.0
349,200,Torreya',0,0,0,0,0,0,0,0.0,0.0,0.0,0.0,0.0,0.0,0.0,0.0
349,200,Tsuga',0,10,49,0,0,0,0,21.383359909057617,9.779101371765137,59.947275786399835,0.9491343090847917,820.5652201795579,8664.230306979885,0.0026893833860245873,25.756105199625686
349,200,Ulmus',0,21,10,2,1,0,0,59.8275146484375,18.22083282470703,41.01986684188057,0.9518148767953073,1331.1514973962308,18564.302954569765,0.003548618207341061,43.782078253873564
349,200,Umbellularia',0,0,0,0,0,0,0,0.0,0.0,0.0,0.0,0.0,0.0,0.0,0.0
349,210,Abies',0,10,10,0,0,0,0,16.29824447631836,9.52683162689209,15.265612956285477,0.22534774246938372,187.6177250659466,3913.051736937336,0.0006374315650972205,12.449512233896442
349,210,Acer',0,642,156,0,0,0,0,15.234501838684082,9.646455764770508,393.5546359353804,2.49373469913693,3267.4962084180115,11573.082746425414,0.012926540335478486,40.89196152415245
349,210,Aesculus',0,0,0,0,0,0,0,0.0,0.0,0.0,0.0,0.0,0.0,0.0,0.0
349,210,Ailanthus',0,0,0,0,0,0,0,0.0,0.0,0.0,0.0,0.0,0.0,0.0,0.0
349,210,Alnus',0,24,10,0,0,0,0,8.27752685546875,5.945091724395752,10.960447718448275,0.06703770153775875,65.59692265868188,1157.364375305823,0.0003035526672946281,4.935519424156559
349,210,Amelanchier',0,0,0,0,0,0,0,0.0,0.0,0.0,0.0,0.0,0.0,0.0,0.0
349,210,Arbutus',0,0,0,0,0,0,0,0.0,0.0,0.0,0.0,0.0,0.0,0.0,0.0
349,210,Asimina',0,0,0,0,0,0,0,0.0,0.0,0.0,0.0,0.0,0.0,0.0,0.0
349,210,Betula',0,1863,518,6,0,0,0,42.10847854614258,17.004383087158203,1078.143181041048,11.67639864468083,13777.9837539386,35923.94932145531,0.04613821160645389,92.70775383136952
349,210,Calocedrus',0,0,0,0,0,0,0,0.0,0.0,0.0,0.0,0.0,0.0,0.0,0.0
349,210,Carpinus',0,0,0,0,0,0,0,0.0,0.0,0.0,0.0,0.0,0.0,0.0,0.0
349,210,Carya',0,0,0,0,0,0,0,0.0,0.0,0.0,0.0,0.0,0.0,0.0,0.0
349,210,Castanea',0,0,0,0,0,0,0,0.0,0.0,0.0,0.0,0.0,0.0,0.0,0.0
349,210,Catalpa',0,0,0,0,0,0,0,0.0,0.0,0.0,0.0,0.0,0.0,0.0,0.0
349,210,Celtis',0,0,0,0,0,0,0,0.0,0.0,0.0,0.0,0.0,0.0,0.0,0.0
349,210,Cercis',0,0,0,0,0,0,0,0.0,0.0,0.0,0.0,0.0,0.0,0.0,0.0
349,210,Cercocarpus',0,0,0,0,0,0,0,0.0,0.0,0.0,0.0,0.0,0.0,0.0,0.0
349,210,Chamaecyparis',0,0,0,0,0,0,0,0.0,0.0,0.0,0.0,0.0,0.0,0.0,0.0
349,210,Chilopsis',0,0,0,0,0,0,0,0.0,0.0,0.0,0.0,0.0,0.0,0.0,0.0
349,210,Chrysolepis',0,0,0,0,0,0,0,0.0,0.0,0.0,0.0,0.0,0.0,0.0,0.0
349,210,Cladrastis',0,0,0,0,0,0,0,0.0,0.0,0.0,0.0,0.0,0.0,0.0,0.0
349,210,Comus',0,0,0,0,0,0,0,0.0,0.0,0.0,0.0,0.0,0.0,0.0,0.0
349,210,Cornus',0,0,0,0,0,0,0,0.0,0.0,0.0,0.0,0.0,0.0,0.0,0.0
349,210,Crataegus',0,0,0,0,0,0,0,0.0,0.0,0.0,0.0,0.0,0.0,0.0,0.0
349,210,Cupressus',0,0,0,0,0,0,0,0.0,0.0,0.0,0.0,0.0,0.0,0.0,0.0
349,210,Diospyros',0,0,0,0,0,0,0,0.0,0.0,0.0,0.0,0.0,0.0,0.0,0.0
349,210,Elaeagnus',0,121,20,0,0,0,0,14.790599822998047,6.109055519104004,54.03501336804673,0.3574705147892909,365.08659595787526,3666.8241811034695,0.001589167583581061,12.019760247181924
349,210,Fagus',0,0,0,0,0,0,0,0.0,0.0,0.0,0.0,0.0,0.0,0.0,0.0
349,210,Fraxinus',0,123,18,0,0,0,0,12.98155689239502,6.945270538330078,46.2136788583726,0.3020488408845998,348.5911698897183,2871.3785890936633,0.0014399186164229208,10.355359233900378
349,210,Gleditsia',0,0,0,0,0,0,0,0.0,0.0,0.0,0.0,0.0,0.0,0.0,0.0
349,210,Gordonia',0,0,0,0,0,0,0,0.0,0.0,0.0,0.0,0.0,0.0,0.0,0.0
349,210,Gymnocladus',0,0,0,0,0,0,0,0.0,0.0,0.0,0.0,0.0,0.0,0.0,0.0
349,210,Halesia',0,0,0,0,0,0,0,0.0,0.0,0.0,0.0,0.0,0.0,0.0,0.0
349,210,Ilex',0,0,0,0,0,0,0,0.0,0.0,0.0,0.0,0.0,0.0,0.0,0.0
349,210,Juglans',0,0,0,0,0,0,0,0.0,0.0,0.0,0.0,0.0,0.0,0.0,0.0
349,210,Juniperus',0,0,0,0,0,0,0,0.0,0.0,0.0,0.0,0.0,0.0,0.0,0.0
349,210,Larix',0,0,0,0,0,0,0,0.0,0.0,0.0,0.0,0.0,0.0,0.0,0.0
349,210,Liquidambar',0,0,0,0,0,0,0,0.0,0.0,0.0,0.0,0.0,0.0,0.0,0.0
349,210,Liriodendron',0,0,0,0,0,0,0,0.0,0.0,0.0,0.0,0.0,0.0,0.0,0.0
349,210,Lithocarpus',0,0,0,0,0,0,0,0.0,0.0,0.0,0.0,0.0,0.0,0.0,0.0
349,210,Maclura',0,0,0,0,0,0,0,0.0,0.0,0.0,0.0,0.0,0.0,0.0,0.0
349,210,Magnolia',0,0,0,0,0,0,0,0.0,0.0,0.0,0.0,0.0,0.0,0.0,0.0
349,210,Malus',0,0,0,0,0,0,0,0.0,0.0,0.0,0.0,0.0,0.0,0.0,0.0
349,210,Morus',0,0,0,0,0,0,0,0.0,0.0,0.0,0.0,0.0,0.0,0.0,0.0
349,210,Nyssa',0,0,0,0,0,0,0,0.0,0.0,0.0,0.0,0.0,0.0,0.0,0.0
349,210,Olneya',0,0,0,0,0,0,0,0.0,0.0,0.0,0.0,0.0,0.0,0.0,0.0
349,210,Ostrya',0,0,0,0,0,0,0,0.0,0.0,0.0,0.0,0.0,0.0,0.0,0.0
349,210,Oxydendron',0,0,0,0,0,0,0,0.0,0.0,0.0,0.0,0.0,0.0,0.0,0.0
349,210,Paulownia',0,0,0,0,0,0,0,0.0,0.0,0.0,0.0,0.0,0.0,0.0,0.0
349,210,Persea',0,0,0,0,0,0,0,0.0,0.0,0.0,0.0,0.0,0.0,0.0,0.0
349,210,Picea',0,40,50,19,1,0,0,51.12211227416992,22.454484939575195,72.60649583250284,3.4222796200429704,4208.716157080233,42437.40974676835,0.010401463052391221,99.36401358105094
349,210,Pinus',0,309,451,138,6,0,0,54.757957458496094,27.064329147338867,533.7975738237798,29.29371941800217,37503.708956148475,153669.14169325226,0.09105198568017753,350.82223572169
349,210,Planera',0,0,0,0,0,0,0,0.0,0.0,0.0,0.0,0.0,0.0,0.0,0.0
349,210,Platanus',0,0,0,0,0,0,0,0.0,0.0,0.0,0.0,0.0,0.0,0.0,0.0
349,210,Populus',0,1341,130,0,0,0,0,33.31200408935547,18.348834991455078,597.9870948919295,2.869536557736741,2788.623919515908,7410.27308381821,0.01480529843268764,33.77461995202423
349,210,Prosopis',0,0,0,0,0,0,0,0.0,0.0,0.0,0.0,0.0,0.0,0.0,0.0
349,210,Prunus',0,3,0,0,0,0,0,2.9448280334472656,3.1992294788360596,0.9132654012381275,0.002097782583167611,2.424989760518074,54.224419492593306,1.8535828615538747e-05,0.41447372803630284
349,210,Pseudotsuga',0,0,0,0,0,0,0,0.0,0.0,0.0,0.0,0.0,0.0,0.0,0.0
349,210,Quercus',0,11,20,0,0,0,0,21.889127731323242,11.908663749694824,17.75790152434684,0.5729424523568187,737.2498288366198,12899.23660936418,0.0018939677802645633,32.097632475936756
349,210,Robinia',0,0,0,0,0,0,0,0.0,0.0,0.0,0.0,0.0,0.0,0.0,0.0
349,210,Salix',0,207,30,0,0,0,0,13.361607551574707,7.245161056518555,104.71835000228276,0.5137490529929561,452.8084597104788,3154.2261098759304,0.002513719833454582,14.278939262318506
349,210,Sassafras',0,0,0,0,0,0,0,0.0,0.0,0.0,0.0,0.0,0.0,0.0,0.0
349,210,Sequoia',0,0,0,0,0,0,0,0.0,0.0,0.0,0.0,0.0,0.0,0.0,0.0
349,210,Sequoiadendron',0,0,0,0,0,0,0,0.0,0.0,0.0,0.0,0.0,0.0,0.0,0.0
349,210,Sorbus',0,0,0,0,0,0,0,0.0,0.0,0.0,0.0,0.0,0.0,0.0,0.0
349,210,Taxodium',0,0,0,0,0,0,0,0.0,0.0,0.0,0.0,0.0,0.0,0.0,0.0
349,210,Taxus',0,0,0,0,0,0,0,0.0,0.0,0.0,0.0,0.0,0.0,0.0,0.0
349,210,Thuja',0,66,209,59,10,0,0,53.063358306884766,17.4860782623291,284.998978793025,15.019205745895013,12636.523181031347,76558.99968908171,0.032197814560790385,180.13082956114349
349,210,Tilia',0,5,0,0,0,0,0,1.5358035564422607,2.1792843341827393,0.548463203484499,0.0010299971211199328,1.4279829573631286,31.930669633751364,1.106872797315006e-05,0.24750428172416986
349,210,Torreya',0,0,0,0,0,0,0,0.0,0.0,0.0,0.0,0.0,0.0,0.0,0.0
349,210,Tsuga',0,20,48,0,0,0,0,29.51073455810547,12.299015045166016,36.346227310299874,1.2738141345602443,1059.8039186638593,11253.802635619668,0.0028801208330144486,29.297129179219695
349,210,Ulmus',0,4,18,1,1,0,0,62.21784210205078,18.686216354370117,20.90710178772105,0.922109396000115,1247.840362790823,19785.572249564568,0.003073947930268942,45.3734557572764
349,210,Umbellularia',0,0,0,0,0,0,0,0.0,0.0,0.0,0.0,0.0,0.0,0.0,0.0
349,220,Abies',0,8,20,0,0,0,0,18.8814640045166,10.53792667388916,18.96181031346321,0.3463841687681332,287.4176706445217,5232.024356861155,0.0009125987634531509,14.753112084939428
349,220,Acer',0,583,148,0,0,0,0,14.9266357421875,10.524596214294434,291.2261668999408,2.082365712691701,2666.0791446206717,10926.5719725089,0.0101169827777415,36.22713475815296
349,220,Aesculus',0,0,0,0,0,0,0,0.0,0.0,0.0,0.0,0.0,0.0,0.0,0.0
349,220,Ailanthus',0,0,0,0,0,0,0,0.0,0.0,0.0,0.0,0.0,0.0,0.0,0.0
349,220,Alnus',0,0,0,0,0,0,0,0.0,0.0,0.0,0.0,0.0,0.0,0.0,0.0
349,220,Amelanchier',0,0,0,0,0,0,0,0.0,0.0,0.0,0.0,0.0,0.0,0.0,0.0
349,220,Arbutus',0,0,0,0,0,0,0,0.0,0.0,0.0,0.0,0.0,0.0,0.0,0.0
349,220,Asimina',0,0,0,0,0,0,0,0.0,0.0,0.0,0.0,0.0,0.0,0.0,0.0
349,220,Betula',0,1709,524,3,0,0,0,45.0978889465332,17.715166091918945,1018.5657010992539,11.0028939010898,12919.377684694007,33864.19166392888,0.0433725474010287,87.70201370377933
349,220,Calocedrus',0,0,0,0,0,0,0,0.0,0.0,0.0,0.0,0.0,0.0,0.0,0.0
349,220,Carpinus',0,0,0,0,0,0,0,0.0,0.0,0.0,0.0,0.0,0.0,0.0,0.0
349,220,Carya',0,0,0,0,0,0,0,0.0,0.0,0.0,0.0,0.0,0.0,0.0,0.0
349,220,Castanea',0,0,0,0,0,0,0,0.0,0.0,0.0,0.0,0.0,0.0,0.0,0.0
349,220,Catalpa',0,0,0,0,0,0,0,0.0,0.0,0.0,0.0,0.0,0.0,0.0,0.0
349,220,Celtis',0,0,0,0,0,0,0,0.0,0.0,0.0,0.0,0.0,0.0,0.0,0.0
349,220,Cercis',0,0,0,0,0,0,0,0.0,0.0,0.0,0.0,0.0,0.0,0.0,0.0
349,220,Cercocarpus',0,0,0,0,0,0,0,0.0,0.0,0.0,0.0,0.0,0.0,0.0,0.0
349,220,Chamaecyparis',0,0,0,0,0,0,0,0.0,0.0,0.0,0.0,0.0,0.0,0.0,0.0
349,220,Chilopsis',0,0,0,0,0,0,0,0.0,0.0,0.0,0.0,0.0,0.0,0.0,0.0
349,220,Chrysolepis',0,0,0,0,0,0,0,0.0,0.0,0.0,0.0,0.0,0.0,0.0,0.0
349,220,Cladrastis',0,0,0,0,0,0,0,0.0,0.0,0.0,0.0,0.0,0.0,0.0,0.0
349,220,Comus',0,0,0,0,0,0,0,0.0,0.0,0.0,0.0,0.0,0.0,0.0,0.0
349,220,Cornus',0,0,0,0,0,0,0,0.0,0.0,0.0,0.0,0.0,0.0,0.0,0.0
349,220,Crataegus',0,0,0,0,0,0,0,0.0,0.0,0.0,0.0,0.0,0.0,0.0,0.0
349,220,Cupressus',0,0,0,0,0,0,0,0.0,0.0,0.0,0.0,0.0,0.0,0.0,0.0
349,220,Diospyros',0,0,0,0,0,0,0,0.0,0.0,0.0,0.0,0.0,0.0,0.0,0.0
349,220,Elaeagnus',0,96,15,0,0,0,0,12.562668800354004,5.6493730545043945,60.467719515031085,0.3040281084003336,330.82015351541344,2652.9961927121944,0.0016056223228587802,12.299771217453944
349,220,Fagus',0,0,0,0,0,0,0,0.0,0.0,0.0,0.0,0.0,0.0,0.0,0.0
349,220,Fraxinus',0,163,8,0,0,0,0,11.649272918701172,6.437376022338867,48.120116507398734,0.24472258793663704,301.17571129731834,2393.28626794089,0.0013619951722393727,9.278735506762063
349,220,Gleditsia',0,0,0,0,0,0,0,0.0,0.0,0.0,0.0,0.0,0.0,0.0,0.0
349,220,Gordonia',0,0,0,0,0,0,0,0.0,0.0,0.0,0.0,0.0,0.0,0.0,0.0
349,220,Gymnocladus',0,0,0,0,0,0,0,0.0,0.0,0.0,0.0,0.0,0.0,0.0,0.0
349,220,Halesia',0,0,0,0,0,0,0,0.0,0.0,0.0,0.0,0.0,0.0,0.0,0.0
349,220,Ilex',0,0,0,0,0,0,0,0.0,0.0,0.0,0.0,0.0,0.0,0.0,0.0
349,220,Juglans',0,0,0,0,0,0,0,0.0,0.0,0.0,0.0,0.0,0.0,0.0,0.0
349,220,Juniperus',0,0,0,0,0,0,0,0.0,0.0,0.0,0.0,0.0,0.0,0.0,0.0
349,220,Larix',0,0,0,0,0,0,0,0.0,0.0,0.0,0.0,0.0,0.0,0.0,0.0
349,220,Liquidambar',0,0,0,0,0,0,0,0.0,0.0,0.0,0.0,0.0,0.0,0.0,0.0
349,220,Liriodendron',0,0,0,0,0,0,0,0.0,0.0,0.0,0.0,0.0,0.0,0.0,0.0
349,220,Lithocarpus',0,0,0,0,0,0,0,0.0,0.0,0.0,0.0,0.0,0.0,0.0,0.0
349,220,Maclura',0,0,0,0,0,0,0,0.0,0.0,0.0,0.0,0.0,0.0,0.0,0.0
349,220,Magnolia',0,0,0,0,0,0,0,0.0,0.0,0.0,0.0,0.0,0.0,0.0,0.0
349,220,Malus',0,0,0,0,0,0,0,0.0,0.0,0.0,0.0,0.0,0.0,0.0,0.0
349,220,Morus',0,0,0,0,0,0,0,0.0,0.0,0.0,0.0,0.0,0.0,0.0,0.0
349,220,Nyssa',0,0,0,0,0,0,0,0.0,0.0,0.0,0.0,0.0,0.0,0.0,0.0
349,220,Olneya',0,0,0,0,0,0,0,0.0,0.0,0.0,0.0,0.0,0.0,0.0,0.0
349,220,Ostrya',0,0,0,0,0,0,0,0.0,0.0,0.0,0.0,0.0,0.0,0.0,0.0
349,220,Oxydendron',0,0,0,0,0,0,0,0.0,0.0,0.0,0.0,0.0,0.0,0.0,0.0
349,220,Paulownia',0,0,0,0,0,0,0,0.0,0.0,0.0,0.0,0.0,0.0,0.0,0.0
349,220,Persea',0,0,0,0,0,0,0,0.0,0.0,0.0,0.0,0.0,0.0,0.0,0.0
349,220,Picea',0,78,10,19,1,0,0,56.016082763671875,23.36033058166504,49.3153332850337,2.9904711226731715,3910.3393476209044,45359.56201554708,0.009401975551280799,103.70950032219783
349,220,Pinus',0,324,424,146,6,0,0,56.28878402709961,27.37875747680664,515.9551884123683,32.62027015096426,41995.55426234513,167868.89664847372,0.10077613961415441,381.35937905361027
349,220,Planera',0,0,0,0,0,0,0,0.0,0.0,0.0,0.0,0.0,0.0,0.0,0.0
349,220,Platanus',0,0,0,0,0,0,0,0.0,0.0,0.0,0.0,0.0,0.0,0.0,0.0
349,220,Populus',0,1268,173,0,0,0,0,38.048885345458984,19.58970832824707,551.5167339861723,3.074712629984916,2928.992103645727,9243.704364612671,0.014448261131200464,35.853265321060626
349,220,Prosopis',0,0,0,0,0,0,0,0.0,0.0,0.0,0.0,0.0,0.0,0.0,0.0
349,220,Prunus',0,0,0,0,0,0,0,0.0,0.0,0.0,0.0,0.0,0.0,0.0,0.0
349,220,Pseudotsuga',0,0,0,0,0,0,0,0.0,0.0,0.0,0.0,0.0,0.0,0.0,0.0
349,220,Quercus',0,0,11,0,0,0,0,23.460918426513672,12.529675483703613,8.633811671899844,0.4553552075394061,656.4411581337453,14376.656636871707,0.0015830466594398025,34.09730729872508
349,220,Robinia',0,0,0,0,0,0,0,0.0,0.0,0.0,0.0,0.0,0.0,0.0,0.0
349,220,Salix',0,276,32,0,0,0,0,12.598926544189453,6.971597194671631,130.72000146690235,0.5655204272359701,527.5513594995439,2721.4297830142236,0.0030541233995674427,15.25354579480313
349,220,Sassafras',0,0,0,0,0,0,0,0.0,0.0,0.0,0.0,0.0,0.0,0.0,0.0
349,220,Sequoia',0,0,0,0,0,0,0,0.0,0.0,0.0,0.0,0.0,0.0,0.0,0.0
349,220,Sequoiadendron',0,0,0,0,0,0,0,0.0,0.0,0.0,0.0,0.0,0.0,0.0,0.0
349,220,Sorbus',0,0,0,0,0,0,0,0.0,0.0,0.0,0.0,0.0,0.0,0.0,0.0
349,220,Taxodium',0,0,0,0,0,0,0,0.0,0.0,0.0,0.0,0.0,0.0,0.0,0.0
349,220,Taxus',0,0,0,0,0,0,0,0.0,0.0,0.0,0.0,0.0,0.0,0.0,0.0
349,220,Thuja',0,50,190,67,3,0,0,52.10222244262695,17.37462615966797,297.00276110768317,13.591580258656546,11310.809890896679,62799.574314070305,0.029425173018601834,151.42223939945941
349,220,Tilia',0,0,0,0,0,0,0,0.0,0.0,0.0,0.0,0.0,0.0,0.0,0.0
349,220,Torreya',0,0,0,0,0,0,0,0.0,0.0,0.0,0.0,0.0,0.0,0.0,0.0
349,220,Tsuga',0,30,48,0,0,0,0,26.412843704223633,11.377839088439941,39.02729379177093,1.6150013720070893,1366.2079938602449,14257.090212848103,0.0035997453537251122,35.642734788995135
349,220,Ulmus',0,4,23,1,1,0,0,65.50955963134766,19.306716918945312,26.15729308958295,1.152903797935152,1550.9304040026666,22818.84802034327,0.003823060572434217,52.039996086391234
349,220,Umbellularia',0,0,0,0,0,0,0,0.0,0.0,0.0,0.0,0.0,0.0,0.0,0.0
349,230,Abies',0,8,10,0,0,0,0,21.32921600341797,11.434964179992676,9.452764904499054,0.37653229548111633,313.26063650131226,6760.677269538028,0.0008326747224743769,17.03803287517149
349,230,Acer',0,555,134,0,0,0,0,16.424745559692383,11.183914184570312,327.7686762921158,2.388056124136749,3060.0194289593774,13049.327342397857,0.01151845529942453,42.20982099992051
349,230,Aesculus',0,0,0,0,0,0,0,0.0,0.0,0.0,0.0,0.0,0.0,0.0,0.0
349,230,Ailanthus',0,0,0,0,0,0,0,0.0,0.0,0.0,0.0,0.0,0.0,0.0,0.0
349,230,Alnus',0,1,0,0,0,0,0,4.561634063720703,4.013423442840576,0.7391260960434055,0.0019611554244296056,2.590569627285004,57.92689787055566,1.6396951787173754e-05,0.3666469881990715
349,230,Amelanchier',0,0,0,0,0,0,0,0.0,0.0,0.0,0.0,0.0,0.0,0.0,0.0
349,230,Arbutus',0,0,0,0,0,0,0,0.0,0.0,0.0,0.0,0.0,0.0,0.0,0.0
349,230,Asimina',0,0,0,0,0,0,0,0.0,0.0,0.0,0.0,0.0,0.0,0.0,0.0
349,230,Betula',0,1585,573,3,0,0,0,47.99925231933594,18.367820739746094,1121.8810338344235,10.998795752134207,13332.898205997124,33266.67189883368,0.04577876347902054,89.59433772492288
349,230,Calocedrus',0,0,0,0,0,0,0,0.0,0.0,0.0,0.0,0.0,0.0,0.0,0.0
349,230,Carpinus',0,0,0,0,0,0,0,0.0,0.0,0.0,0.0,0.0,0.0,0.0,0.0
349,230,Carya',0,0,0,0,0,0,0,0.0,0.0,0.0,0.0,0.0,0.0,0.0,0.0
349,230,Castanea',0,0,0,0,0,0,0,0.0,0.0,0.0,0.0,0.0,0.0,0.0,0.0
349,230,Catalpa',0,0,0,0,0,0,0,0.0,0.0,0.0,0.0,0.0,0.0,0.0,0.0
349,230,Celtis',0,0,0,0,0,0,0,0.0,0.0,0.0,0.0,0.0,0.0,0.0,0.0
349,230,Cercis',0,0,0,0,0,0,0,0.0,0.0,0.0,0.0,0.0,0.0,0.0,0.0
349,230,Cercocarpus',0,0,0,0,0,0,0,0.0,0.0,0.0,0.0,0.0,0.0,0.0,0.0
349,230,Chamaecyparis',0,0,0,0,0,0,0,0.0,0.0,0.0,0.0,0.0,0.0,0.0,0.0
349,230,Chilopsis',0,0,0,0,0,0,0,0.0,0.0,0.0,0.0,0.0,0.0,0.0,0.0
349,230,Chrysolepis',0,0,0,0,0,0,0,0.0,0.0,0.0,0.0,0.0,0.0,0.0,0.0
349,230,Cladrastis',0,0,0,0,0,0,0,0.0,0.0,0.0,0.0,0.0,0.0,0.0,0.0
349,230,Comus',0,0,0,0,0,0,0,0.0,0.0,0.0,0.0,0.0,0.0,0.0,0.0
349,230,Cornus',0,0,0,0,0,0,0,0.0,0.0,0.0,0.0,0.0,0.0,0.0,0.0
349,230,Crataegus',0,0,0,0,0,0,0,0.0,0.0,0.0,0.0,0.0,0.0,0.0,0.0
349,230,Cupressus',0,0,0,0,0,0,0,0.0,0.0,0.0,0.0,0.0,0.0,0.0,0.0
349,230,Diospyros',0,0,0,0,0,0,0,0.0,0.0,0.0,0.0,0.0,0.0,0.0,0.0
349,230,Elaeagnus',0,68,22,0,0,0,0,18.294628143310547,6.707831859588623,34.08954068263874,0.37450076662993925,352.59867793619634,3948.308550764491,0.0012742904708739396,13.1226006779559
349,230,Fagus',0,0,0,0,0,0,0,0.0,0.0,0.0,0.0,0.0,0.0,0.0,0.0
349,230,Fraxinus',0,196,11,0,0,0,0,14.118127822875977,7.366929054260254,81.25717222655214,0.4787501933584898,567.0797984961421,3906.3979807069245,0.0024299194769619504,14.311582097808614
349,230,Gleditsia',0,0,0,0,0,0,0,0.0,0.0,0.0,0.0,0.0,0.0,0.0,0.0
349,230,Gordonia',0,0,0,0,0,0,0,0.0,0.0,0.0,0.0,0.0,0.0,0.0,0.0
349,230,Gymnocladus',0,0,0,0,0,0,0,0.0,0.0,0.0,0.0,0.0,0.0,0.0,0.0
349,230,Halesia',0,0,0,0,0,0,0,0.0,0.0,0.0,0.0,0.0,0.0,0.0,0.0
349,230,Ilex',0,0,0,0,0,0,0,0.0,0.0,0.0,0.0,0.0,0.0,0.0,0.0
349,230,Juglans',0,0,0,0,0,0,0,0.0,0.0,0.0,0.0,0.0,0.0,0.0,0.0
349,230,Juniperus',0,0,0,0,0,0,0,0.0,0.0,0.0,0.0,0.0,0.0,0.0,0.0
349,230,Larix',0,0,0,0,0,0,0,0.0,0.0,0.0,0.0,0.0,0.0,0.0,0.0
349,230,Liquidambar',0,0,0,0,0,0,0,0.0,0.0,0.0,0.0,0.0,0.0,0.0,0.0
349,230,Liriodendron',0,0,0,0,0,0,0,0.0,0.0,0.0,0.0,0.0,0.0,0.0,0.0
349,230,Lithocarpus',0,0,0,0,0,0,0,0.0,0.0,0.0,0.0,0.0,0.0,0.0,0.0
349,230,Maclura',0,0,0,0,0,0,0,0.0,0.0,0.0,0.0,0.0,0.0,0.0,0.0
349,230,Magnolia',0,0,0,0,0,0,0,0.0,0.0,0.0,0.0,0.0,0.0,0.0,0.0
349,230,Malus',0,0,0,0,0,0,0,0.0,0.0,0.0,0.0,0.0,0.0,0.0,0.0
349,230,Morus',0,0,0,0,0,0,0,0.0,0.0,0.0,0.0,0.0,0.0,0.0,0.0
349,230,Nyssa',0,0,0,0,0,0,0,0.0,0.0,0.0,0.0,0.0,0.0,0.0,0.0
349,230,Olneya',0,0,0,0,0,0,0,0.0,0.0,0.0,0.0,0.0,0.0,0.0,0.0
349,230,Ostrya',0,10,0,0,0,0,0,3.9262986183166504,4.445018768310547,4.278376947475385,0.012446568981657797,23.21164581298828,519.0281790749005,0.00011317104617506296,2.530581523322093
349,230,Oxydendron',0,0,0,0,0,0,0,0.0,0.0,0.0,0.0,0.0,0.0,0.0,0.0
349,230,Paulownia',0,0,0,0,0,0,0,0.0,0.0,0.0,0.0,0.0,0.0,0.0,0.0
349,230,Persea',0,0,0,0,0,0,0,0.0,0.0,0.0,0.0,0.0,0.0,0.0,0.0
349,230,Picea',0,60,29,19,1,0,0,60.975460052490234,24.16740608215332,63.57731007009745,3.4160636330839154,4501.654846324027,50356.89319760904,0.010922016683152643,115.5780846700579
349,230,Pinus',0,365,422,150,21,0,0,57.72710418701172,27.662822723388672,555.8318192800879,32.33806253552118,42526.38545976073,177585.01904314343,0.10253176063923565,403.18643797659604
349,230,Planera',0,0,0,0,0,0,0,0.0,0.0,0.0,0.0,0.0,0.0,0.0,0.0
349,230,Platanus',0,0,0,0,0,0,0,0.0,0.0,0.0,0.0,0.0,0.0,0.0,0.0
349,230,Populus',0,1275,202,0,0,0,0,16.70812225341797,11.353524208068848,594.6196499123839,3.596450455001468,3282.875669218078,9301.057179692856,0.015855159508891197,37.567610027706095
349,230,Prosopis',0,0,0,0,0,0,0,0.0,0.0,0.0,0.0,0.0,0.0,0.0,0.0
349,230,Prunus',0,12,0,0,0,0,0,4.826566696166992,4.232283592224121,7.636246565682223,0.019185054225923388,22.58871851652861,489.49052453595436,0.00016012516420870016,3.459149702756142
349,230,Pseudotsuga',0,0,0,0,0,0,0,0.0,0.0,0.0,0.0,0.0,0.0,0.0,0.0
349,230,Quercus',0,0,11,0,0,0,0,24.99348258972168,13.119482040405273,15.789068944846525,0.5416530960379227,812.9935615682602,17068.286412603404,0.0020339448796510783,41.391066346268715
349,230,Robinia',0,0,0,0,0,0,0,0.0,0.0,0.0,0.0,0.0,0.0,0.0,0.0
349,230,Salix',0,248,15,0,0,0,0,9.762675285339355,5.891793251037598,96.78470349835254,0.3576947107759351,354.27594639405606,2177.328950389038,0.002180549465786896,12.92694247219195
349,230,Sassafras',0,0,0,0,0,0,0,0.0,0.0,0.0,0.0,0.0,0.0,0.0,0.0
349,230,Sequoia',0,0,0,0,0,0,0,0.0,0.0,0.0,0.0,0.0,0.0,0.0,0.0
349,230,Sequoiadendron',0,0,0,0,0,0,0,0.0,0.0,0.0,0.0,0.0,0.0,0.0,0.0
349,230,Sorbus',0,0,0,0,0,0,0,0.0,0.0,0.0,0.0,0.0,0.0,0.0,0.0
349,230,Taxodium',0,0,0,0,0,0,0,0.0,0.0,0.0,0.0,0.0,0.0,0.0,0.0
349,230,Taxus',0,0,0,0,0,0,0,0.0,0.0,0.0,0.0,0.0,0.0,0.0,0.0
349,230,Thuja',0,93,138,76,3,0,0,57.89530563354492,17.996566772460938,282.40205707550047,12.666267634208848,10730.353928470611,63339.2492931889,0.027924371556912485,153.17662663636727
349,230,Tilia',0,0,0,0,0,0,0,0.0,0.0,0.0,0.0,0.0,0.0,0.0,0.0
349,230,Torreya',0,0,0,0,0,0,0,0.0,0.0,0.0,0.0,0.0,0.0,0.0,0.0
349,230,Tsuga',0,20,51,7,0,0,0,29.066146850585938,12.169669151306152,56.4500151926279,2.0718406849821203,1820.0071432203056,17926.890543947007,0.004859849465201607,44.583251935970985
349,230,Ulmus',0,39,13,1,0,1,0,68.56649017333984,19.86250114440918,44.77967805688893,1.155005005210115,1700.8051770985128,25407.210501187823,0.004424195373398248,58.29689908436937
349,230,Umbellularia',0,0,0,0,0,0,0,0.0,0.0,0.0,0.0,0.0,0.0,0.0,0.0
349,240,Abies',0,19,10,0,0,0,0,23.44375228881836,12.16496467590332,14.516508177518844,0.4805919438688872,413.31683517813684,8428.484255743731,0.0011281647589622642,20.61137783509954
349,240,Acer',0,544,131,0,0,0,0,17.85666847229004,11.896608352661133,297.0152362037591,2.1208282880407374,2817.4218925128876,13306.366430260612,0.010536636829678897,41.71585646530963
349,240,Aesculus',0,0,0,0,0,0,0,0.0,0.0,0.0,0.0,0.0,0.0,0.0,0.0
349,240,Ailanthus',0,0,0,0,0,0,0,0.0,0.0,0.0,0.0,0.0,0.0,0.0,0.0
349,240,Alnus',0,0,0,0,0,0,0,0.0,0.0,0.0,0.0,0.0,0.0,0.0,0.0
349,240,Amelanchier',0,0,0,0,0,0,0,0.0,0.0,0.0,0.0,0.0,0.0,0.0,0.0
349,240,Arbutus',0,0,0,0,0,0,0,0.0,0.0,0.0,0.0,0.0,0.0,0.0,0.0
349,240,Asimina',0,0,0,0,0,0,0,0.0,0.0,0.0,0.0,0.0,0.0,0.0,0.0
349,240,Betula',0,1561,598,5,1,0,0,50.68906784057617,18.94187355041504,1119.1520121064084,11.849093877957813,14185.422219840437,35769.64215885942,0.047633975569298805,94.8790977756251
349,240,Calocedrus',0,0,0,0,0,0,0,0.0,0.0,0.0,0.0,0.0,0.0,0.0,0.0
349,240,Carpinus',0,0,0,0,0,0,0,0.0,0.0,0.0,0.0,0.0,0.0,0.0,0.0
349,240,Carya',0,0,0,0,0,0,0,0.0,0.0,0.0,0.0,0.0,0.0,0.0,0.0
349,240,Castanea',0,0,0,0,0,0,0,0.0,0.0,0.0,0.0,0.0,0.0,0.0,0.0
349,240,Catalpa',0,0,0,0,0,0,0,0.0,0.0,0.0,0.0,0.0,0.0,0.0,0.0
349,240,Celtis',0,0,0,0,0,0,0,0.0,0.0,0.0,0.0,0.0,0.0,0.0,0.0
349,240,Cercis',0,0,0,0,0,0,0,0.0,0.0,0.0,0.0,0.0,0.0,0.0,0.0
349,240,Cercocarpus',0,0,0,0,0,0,0,0.0,0.0,0.0,0.0,0.0,0.0,0.0,0.0
349,240,Chamaecyparis',0,0,0,0,0,0,0,0.0,0.0,0.0,0.0,0.0,0.0,0.0,0.0
349,240,Chilopsis',0,0,0,0,0,0,0,0.0,0.0,0.0,0.0,0.0,0.0,0.0,0.0
349,240,Chrysolepis',0,0,0,0,0,0,0,0.0,0.0,0.0,0.0,0.0,0.0,0.0,0.0
349,240,Cladrastis',0,0,0,0,0,0,0,0.0,0.0,0.0,0.0,0.0,0.0,0.0,0.0
349,240,Comus',0,0,0,0,0,0,0,0.0,0.0,0.0,0.0,0.0,0.0,0.0,0.0
349,240,Cornus',0,0,0,0,0,0,0,0.0,0.0,0.0,0.0,0.0,0.0,0.0,0.0
349,240,Crataegus',0,0,0,0,0,0,0,0.0,0.0,0.0,0.0,0.0,0.0,0.0,0.0
349,240,Cupressus',0,0,0,0,0,0,0,0.0,0.0,0.0,0.0,0.0,0.0,0.0,0.0
349,240,Diospyros',0,0,0,0,0,0,0,0.0,0.0,0.0,0.0,0.0,0.0,0.0,0.0
349,240,Elaeagnus',0,104,17,0,0,0,0,16.685588836669922,6.450057029724121,42.894529295448635,0.3334048946548979,334.13995901450517,3585.259594798877,0.0013600238150567763,12.287833126006378
349,240,Fagus',0,0,0,0,0,0,0,0.0,0.0,0.0,0.0,0.0,0.0,0.0,0.0
349,240,Fraxinus',0,167,44,0,0,0,0,16.172908782958984,8.102952003479004,63.48499695463931,0.5876560238545887,650.1403997346014,5003.862712194461,0.0023586582368211803,15.520053586146139
349,240,Gleditsia',0,0,0,0,0,0,0,0.0,0.0,0.0,0.0,0.0,0.0,0.0,0.0
349,240,Gordonia',0,0,0,0,0,0,0,0.0,0.0,0.0,0.0,0.0,0.0,0.0,0.0
349,240,Gymnocladus',0,0,0,0,0,0,0,0.0,0.0,0.0,0.0,0.0,0.0,0.0,0.0
349,240,Halesia',0,0,0,0,0,0,0,0.0,0.0,0.0,0.0,0.0,0.0,0.0,0.0
349,240,Ilex',0,0,0,0,0,0,0,0.0,0.0,0.0,0.0,0.0,0.0,0.0,0.0
349,240,Juglans',0,0,0,0,0,0,0,0.0,0.0,0.0,0.0,0.0,0.0,0.0,0.0
349,240,Juniperus',0,0,0,0,0,0,0,0.0,0.0,0.0,0.0,0.0,0.0,0.0,0.0
349,240,Larix',0,0,0,0,0,0,0,0.0,0.0,0.0,0.0,0.0,0.0,0.0,0.0
349,240,Liquidambar',0,0,0,0,0,0,0,0.0,0.0,0.0,0.0,0.0,0.0,0.0,0.0
349,240,Liriodendron',0,0,0,0,0,0,0,0.0,0.0,0.0,0.0,0.0,0.0,0.0,0.0
349,240,Lithocarpus',0,0,0,0,0,0,0,0.0,0.0,0.0,0.0,0.0,0.0,0.0,0.0
349,240,Maclura',0,0,0,0,0,0,0,0.0,0.0,0.0,0.0,0.0,0.0,0.0,0.0
349,240,Magnolia',0,0,0,0,0,0,0,0.0,0.0,0.0,0.0,0.0,0.0,0.0,0.0
349,240,Malus',0,0,0,0,0,0,0,0.0,0.0,0.0,0.0,0.0,0.0,0.0,0.0
349,240,Morus',0,0,0,0,0,0,0,0.0,0.0,0.0,0.0,0.0,0.0,0.0,0.0
349,240,Nyssa',0,0,0,0,0,0,0,0.0,0.0,0.0,0.0,0.0,0.0,0.0,0.0
349,240,Olneya',0,0,0,0,0,0,0,0.0,0.0,0.0,0.0,0.0,0.0,0.0,0.0
349,240,Ostrya',0,10,0,0,0,0,0,6.429190635681152,6.061682224273682,6.92210434924198,0.0333730272422591,55.017310918569564,1230.2244715316358,0.00022190823116153532,4.962018896439266
349,240,Oxydendron',0,0,0,0,0,0,0,0.0,0.0,0.0,0.0,0.0,0.0,0.0,0.0
349,240,Paulownia',0,0,0,0,0,0,0,0.0,0.0,0.0,0.0,0.0,0.0,0.0,0.0
349,240,Persea',0,0,0,0,0,0,0,0.0,0.0,0.0,0.0,0.0,0.0,0.0,0.0
349,240,Picea',0,82,40,8,1,0,0,65.45783233642578,24.81211280822754,74.78220721602439,2.8025838900863067,3696.3724845284223,44833.909769362144,0.009294348354149521,104.53399395311871
349,240,Pinus',0,418,403,155,20,0,0,59.04459762573242,27.913724899291992,611.6479378012567,30.202149827550933,39465.355717604536,170653.25586579443,0.09653570598021918,387.049168719454
349,240,Planera',0,0,0,0,0,0,0,0.0,0.0,0.0,0.0,0.0,0.0,0.0,0.0
349,240,Platanus',0,0,0,0,0,0,0,0.0,0.0,0.0,0.0,0.0,0.0,0.0,0.0
349,240,Populus',0,1231,172,0,0,0,0,19.86379623413086,12.845059394836426,588.8388702216781,3.575769918208428,3358.8154024973514,10686.618570911189,0.015940696794961514,39.212292282985935
349,240,Prosopis',0,0,0,0,0,0,0,0.0,0.0,0.0,0.0,0.0,0.0,0.0,0.0
349,240,Prunus',0,41,0,0,0,0,0,4.311104774475098,3.9620041847229004,14.667685809014717,0.0348926134916254,40.73916313648224,517.128578653907,0.0003016809572400527,3.7898731197671625
349,240,Pseudotsuga',0,0,0,0,0,0,0,0.0,0.0,0.0,0.0,0.0,0.0,0.0,0.0
349,240,Quercus',0,0,11,0,0,0,0,27.951215744018555,13.751791000366211,17.398934518989126,0.6484324178467704,999.7316475510597,20017.350869463193,0.0024720931848883627,47.548904794925086
349,240,Robinia',0,0,0,0,0,0,0,0.0,0.0,0.0,0.0,0.0,0.0,0.0,0.0
349,240,Salix',0,321,19,0,0,0,0,9.635958671569824,5.841156005859375,127.5418068825774,0.46995479314615946,455.7940999054164,2529.1752645002625,0.0028489109435568052,14.516207887979014
349,240,Sassafras',0,0,0,0,0,0,0,0.0,0.0,0.0,0.0,0.0,0.0,0.0,0.0
349,240,Sequoia',0,0,0,0,0,0,0,0.0,0.0,0.0,0.0,0.0,0.0,0.0,0.0
349,240,Sequoiadendron',0,0,0,0,0,0,0,0.0,0.0,0.0,0.0,0.0,0.0,0.0,0.0
349,240,Sorbus',0,0,0,0,0,0,0,0.0,0.0,0.0,0.0,0.0,0.0,0.0,0.0
349,240,Taxodium',0,0,0,0,0,0,0,0.0,0.0,0.0,0.0,0.0,0.0,0.0,0.0
349,240,Taxus',0,0,0,0,0,0,0,0.0,0.0,0.0,0.0,0.0,0.0,0.0,0.0
349,240,Thuja',0,149,141,69,0,0,0,46.492393493652344,16.649869918823242,281.0756910291314,12.566021378414485,10621.812693224698,66026.86861447201,0.02766401024739556,157.04016007217533
349,240,Tilia',0,0,0,0,0,0,0,0.0,0.0,0.0,0.0,0.0,0.0,0.0,0.0
349,240,Torreya',0,0,0,0,0,0,0,0.0,0.0,0.0,0.0,0.0,0.0,0.0,0.0
349,240,Tsuga',0,2,61,7,0,0,0,31.043926239013672,12.737918853759766,42.68618023633957,2.5354965991620912,2232.4097566103937,21609.974017420504,0.0055774886506634565,52.06559133727751
349,240,Ulmus',0,30,38,0,1,1,0,70.87041473388672,20.268781661987305,36.79731368735621,1.443043675697606,2039.8062699180841,28068.94317855094,0.005062620443504306,64.0732099113737
349,240,Umbellularia',0,0,0,0,0,0,0,0.0,0.0,0.0,0.0,0.0,0.0,0.0,0.0
349,250,Abies',0,10,19,0,0,0,0,25.52468490600586,12.844999313354492,21.60251975417137,0.6317296764012729,555.5217310082912,10605.489191448598,0.0015465290585694228,27.04173350516131
349,250,Acer',0,467,108,0,0,0,0,19.331470489501953,12.608863830566406,287.89082125230107,1.8341887815735016,2572.5507580657304,13612.554028738643,0.009861127739852754,41.3017070728261
349,250,Aesculus',0,0,0,0,0,0,0,0.0,0.0,0.0,0.0,0.0,0.0,0.0,0.0
349,250,Ailanthus',0,0,0,0,0,0,0,0.0,0.0,0.0,0.0,0.0,0.0,0.0,0.0
349,250,Alnus',0,10,0,0,0,0,0,2.998414993286133,3.128483295440674,3.005704923143869,0.007258827531232881,9.557155331373215,213.70448992475164,6.450691531226013e-05,1.4424184765703685
349,250,Amelanchier',0,0,0,0,0,0,0,0.0,0.0,0.0,0.0,0.0,0.0,0.0,0.0
349,250,Arbutus',0,0,0,0,0,0,0,0.0,0.0,0.0,0.0,0.0,0.0,0.0,0.0
349,250,Asimina',0,0,0,0,0,0,0,0.0,0.0,0.0,0.0,0.0,0.0,0.0,0.0
349,250,Betula',0,1757,546,8,1,0,0,53.48985290527344,19.509523391723633,1054.8055133421585,10.931482080384262,13307.537084243,34874.37227878608,0.0447568159293708,91.80251924416949
349,250,Calocedrus',0,0,0,0,0,0,0,0.0,0.0,0.0,0.0,0.0,0.0,0.0,0.0
349,250,Carpinus',0,0,0,0,0,0,0,0.0,0.0,0.0,0.0,0.0,0.0,0.0,0.0
349,250,Carya',0,0,0,0,0,0,0,0.0,0.0,0.0,0.0,0.0,0.0,0.0,0.0
349,250,Castanea',0,0,0,0,0,0,0,0.0,0.0,0.0,0.0,0.0,0.0,0.0,0.0
349,250,Catalpa',0,0,0,0,0,0,0,0.0,0.0,0.0,0.0,0.0,0.0,0.0,0.0
349,250,Celtis',0,0,0,0,0,0,0,0.0,0.0,0.0,0.0,0.0,0.0,0.0,0.0
349,250,Cercis',0,0,0,0,0,0,0,0.0,0.0,0.0,0.0,0.0,0.0,0.0,0.0
349,250,Cercocarpus',0,0,0,0,0,0,0,0.0,0.0,0.0,0.0,0.0,0.0,0.0,0.0
349,250,Chamaecyparis',0,0,0,0,0,0,0,0.0,0.0,0.0,0.0,0.0,0.0,0.0,0.0
349,250,Chilopsis',0,0,0,0,0,0,0,0.0,0.0,0.0,0.0,0.0,0.0,0.0,0.0
349,250,Chrysolepis',0,0,0,0,0,0,0,0.0,0.0,0.0,0.0,0.0,0.0,0.0,0.0
349,250,Cladrastis',0,0,0,0,0,0,0,0.0,0.0,0.0,0.0,0.0,0.0,0.0,0.0
349,250,Comus',0,0,0,0,0,0,0,0.0,0.0,0.0,0.0,0.0,0.0,0.0,0.0
349,250,Cornus',0,0,0,0,0,0,0,0.0,0.0,0.0,0.0,0.0,0.0,0.0,0.0
349,250,Crataegus',0,0,0,0,0,0,0,0.0,0.0,0.0,0.0,0.0,0.0,0.0,0.0
349,250,Cupressus',0,0,0,0,0,0,0,0.0,0.0,0.0,0.0,0.0,0.0,0.0,0.0
349,250,Diospyros',0,0,0,0,0,0,0,0.0,0.0,0.0,0.0,0.0,0.0,0.0,0.0
349,250,Elaeagnus',0,94,10,0,0,0,0,15.440832138061523,6.230917930603027,38.70049321953254,0.2951787765157577,296.5599741101265,3713.2154478556495,0.0012161372599373565,11.318448365248482
349,250,Fagus',0,0,0,0,0,0,0,0.0,0.0,0.0,0.0,0.0,0.0,0.0,0.0
349,250,Fraxinus',0,131,20,0,0,0,0,12.175732612609863,7.002821445465088,40.13856578854065,0.32410157622123725,370.3393952566385,3685.3785237575003,0.0014007933930198179,11.930309992689036
349,250,Gleditsia',0,0,0,0,0,0,0,0.0,0.0,0.0,0.0,0.0,0.0,0.0,0.0
349,250,Gordonia',0,0,0,0,0,0,0,0.0,0.0,0.0,0.0,0.0,0.0,0.0,0.0
349,250,Gymnocladus',0,0,0,0,0,0,0,0.0,0.0,0.0,0.0,0.0,0.0,0.0,0.0
349,250,Halesia',0,0,0,0,0,0,0,0.0,0.0,0.0,0.0,0.0,0.0,0.0,0.0
349,250,Ilex',0,0,0,0,0,0,0,0.0,0.0,0.0,0.0,0.0,0.0,0.0,0.0
349,250,Juglans',0,0,0,0,0,0,0,0.0,0.0,0.0,0.0,0.0,0.0,0.0,0.0
349,250,Juniperus',0,0,0,0,0,0,0,0.0,0.0,0.0,0.0,0.0,0.0,0.0,0.0
349,250,Larix',0,0,0,0,0,0,0,0.0,0.0,0.0,0.0,0.0,0.0,0.0,0.0
349,250,Liquidambar',0,0,0,0,0,0,0,0.0,0.0,0.0,0.0,0.0,0.0,0.0,0.0
349,250,Liriodendron',0,0,0,0,0,0,0,0.0,0.0,0.0,0.0,0.0,0.0,0.0,0.0
349,250,Lithocarpus',0,0,0,0,0,0,0,0.0,0.0,0.0,0.0,0.0,0.0,0.0,0.0
349,250,Maclura',0,0,0,0,0,0,0,0.0,0.0,0.0,0.0,0.0,0.0,0.0,0.0
349,250,Magnolia',0,0,0,0,0,0,0,0.0,0.0,0.0,0.0,0.0,0.0,0.0,0.0
349,250,Malus',0,0,0,0,0,0,0,0.0,0.0,0.0,0.0,0.0,0.0,0.0,0.0
349,250,Morus',0,0,0,0,0,0,0,0.0,0.0,0.0,0.0,0.0,0.0,0.0,0.0
349,250,Nyssa',0,0,0,0,0,0,0,0.0,0.0,0.0,0.0,0.0,0.0,0.0,0.0
349,250,Olneya',0,0,0,0,0,0,0,0.0,0.0,0.0,0.0,0.0,0.0,0.0,0.0
349,250,Ostrya',0,10,10,0,0,0,0,8.300297737121582,7.106321811676025,10.325614700588996,0.062213804187564406,97.04894386053085,1924.9865818529993,0.0003643072784580307,6.923021921605413
349,250,Oxydendron',0,0,0,0,0,0,0,0.0,0.0,0.0,0.0,0.0,0.0,0.0,0.0
349,250,Paulownia',0,0,0,0,0,0,0,0.0,0.0,0.0,0.0,0.0,0.0,0.0,0.0
349,250,Persea',0,0,0,0,0,0,0,0.0,0.0,0.0,0.0,0.0,0.0,0.0,0.0
349,250,Picea',0,40,63,18,0,1,0,69.82469177246094,25.371604919433594,96.78720566362142,3.325777230580958,4364.286212927401,49397.19064221877,0.011096451506550944,114.91960502283294
349,250,Pinus',0,377,492,152,19,0,0,60.21895980834961,28.130128860473633,603.8357968556136,30.732393863468644,39578.329084642755,168987.5182651307,0.09667391418470875,383.40148996578125
349,250,Planera',0,0,0,0,0,0,0,0.0,0.0,0.0,0.0,0.0,0.0,0.0,0.0
349,250,Platanus',0,8,0,0,0,0,0,2.379591226577759,2.0064902305603027,2.4916718013678922,0.003895818410464531,8.584266021251679,191.95002360460578,5.494514695554993e-05,1.228610836263246
349,250,Populus',0,1185,161,0,0,0,0,18.677396774291992,13.04240894317627,582.9429728606173,3.538008020193464,3243.736621846557,10233.876317370903,0.01560009152431821,38.19545843189677
349,250,Prosopis',0,0,0,0,0,0,0,0.0,0.0,0.0,0.0,0.0,0.0,0.0,0.0
349,250,Prunus',0,0,0,0,0,0,0,0.0,0.0,0.0,0.0,0.0,0.0,0.0,0.0
349,250,Pseudotsuga',0,0,0,0,0,0,0,0.0,0.0,0.0,0.0,0.0,0.0,0.0,0.0
349,250,Quercus',0,5,0,11,0,0,0,34.98600387573242,14.276966094970703,17.30700784846197,0.7632900505724263,1189.8837302350998,22806.91810393067,0.0028933300353288648,53.00960087170723
349,250,Robinia',0,0,0,0,0,0,0,0.0,0.0,0.0,0.0,0.0,0.0,0.0,0.0
349,250,Salix',0,261,34,0,0,0,0,14.136738777160645,7.516238689422607,90.81380652641003,0.6010994265757428,496.38300664409996,3544.6888810327673,0.002410388542552947,14.501796414613192
349,250,Sassafras',0,0,0,0,0,0,0,0.0,0.0,0.0,0.0,0.0,0.0,0.0,0.0
349,250,Sequoia',0,0,0,0,0,0,0,0.0,0.0,0.0,0.0,0.0,0.0,0.0,0.0
349,250,Sequoiadendron',0,0,0,0,0,0,0,0.0,0.0,0.0,0.0,0.0,0.0,0.0,0.0
349,250,Sorbus',0,0,0,0,0,0,0,0.0,0.0,0.0,0.0,0.0,0.0,0.0,0.0
349,250,Taxodium',0,0,0,0,0,0,0,0.0,0.0,0.0,0.0,0.0,0.0,0.0,0.0
349,250,Taxus',0,0,0,0,0,0,0,0.0,0.0,0.0,0.0,0.0,0.0,0.0,0.0
349,250,Thuja',0,189,128,79,10,0,0,48.56462478637695,16.93308448791504,294.14866945564745,13.879528294825853,11947.120634537638,74358.66107186288,0.03079797130987053,175.09666833398353
349,250,Tilia',0,0,0,0,0,0,0,0.0,0.0,0.0,0.0,0.0,0.0,0.0,0.0
349,250,Torreya',0,0,0,0,0,0,0,0.0,0.0,0.0,0.0,0.0,0.0,0.0,0.0
349,250,Tsuga',0,18,51,7,0,0,0,32.82997512817383,13.235503196716309,35.76214783847332,2.375213418423121,2106.307511931062,21398.351876869383,0.005197247676321462,50.782490037921875
349,250,Ulmus',0,14,34,0,1,1,0,73.59359741210938,20.73545265197754,31.985355218565914,1.6160316775733374,2293.179808008075,31189.289687980203,0.005556402236444869,70.9347095175079
349,250,Umbellularia',0,0,0,0,0,0,0,0.0,0.0,0.0,0.0,0.0,0.0,0.0,0.0
349,260,Abies',0,29,10,0,0,0,0,27.489553451538086,13.454000473022461,16.647742072939874,0.6410136283920269,592.9201387518644,12447.947211056391,0.0015580676712387562,30.26595074701966
349,260,Acer',0,489,100,0,0,0,0,19.746116638183594,12.805227279663086,295.6211198347655,1.6608274352427888,2353.222548906207,9796.626281847679,0.009485013642477808,34.24425189245631
349,260,Aesculus',0,0,0,0,0,0,0,0.0,0.0,0.0,0.0,0.0,0.0,0.0,0.0
349,260,Ailanthus',0,0,0,0,0,0,0,0.0,0.0,0.0,0.0,0.0,0.0,0.0,0.0
349,260,Alnus',0,26,0,0,0,0,0,7.214483261108398,5.41608190536499,9.766920637103574,0.05450815409497583,55.89743802189827,810.4171177204364,0.0002648167758109039,4.023250855118957
349,260,Amelanchier',0,0,0,0,0,0,0,0.0,0.0,0.0,0.0,0.0,0.0,0.0,0.0
349,260,Arbutus',0,0,0,0,0,0,0,0.0,0.0,0.0,0.0,0.0,0.0,0.0,0.0
349,260,Asimina',0,0,0,0,0,0,0,0.0,0.0,0.0,0.0,0.0,0.0,0.0,0.0
349,260,Betula',0,1612,564,2,0,0,0,49.816097259521484,18.75874137878418,990.9236895535847,11.157983128427382,13240.128625074178,33868.79235419786,0.043687405144470046,89.51313313741396
349,260,Calocedrus',0,0,0,0,0,0,0,0.0,0.0,0.0,0.0,0.0,0.0,0.0,0.0
349,260,Carpinus',0,0,0,0,0,0,0,0.0,0.0,0.0,0.0,0.0,0.0,0.0,0.0
349,260,Carya',0,0,0,0,0,0,0,0.0,0.0,0.0,0.0,0.0,0.0,0.0,0.0
349,260,Castanea',0,0,0,0,0,0,0,0.0,0.0,0.0,0.0,0.0,0.0,0.0,0.0
349,260,Catalpa',0,0,0,0,0,0,0,0.0,0.0,0.0,0.0,0.0,0.0,0.0,0.0
349,260,Celtis',0,0,0,0,0,0,0,0.0,0.0,0.0,0.0,0.0,0.0,0.0,0.0
349,260,Cercis',0,0,0,0,0,0,0,0.0,0.0,0.0,0.0,0.0,0.0,0.0,0.0
349,260,Cercocarpus',0,0,0,0,0,0,0,0.0,0.0,0.0,0.0,0.0,0.0,0.0,0.0
349,260,Chamaecyparis',0,0,0,0,0,0,0,0.0,0.0,0.0,0.0,0.0,0.0,0.0,0.0
349,260,Chilopsis',0,0,0,0,0,0,0,0.0,0.0,0.0,0.0,0.0,0.0,0.0,0.0
349,260,Chrysolepis',0,0,0,0,0,0,0,0.0,0.0,0.0,0.0,0.0,0.0,0.0,0.0
349,260,Cladrastis',0,0,0,0,0,0,0,0.0,0.0,0.0,0.0,0.0,0.0,0.0,0.0
349,260,Comus',0,0,0,0,0,0,0,0.0,0.0,0.0,0.0,0.0,0.0,0.0,0.0
349,260,Cornus',0,0,0,0,0,0,0,0.0,0.0,0.0,0.0,0.0,0.0,0.0,0.0
349,260,Crataegus',0,0,0,0,0,0,0,0.0,0.0,0.0,0.0,0.0,0.0,0.0,0.0
349,260,Cupressus',0,0,0,0,0,0,0,0.0,0.0,0.0,0.0,0.0,0.0,0.0,0.0
349,260,Diospyros',0,0,0,0,0,0,0,0.0,0.0,0.0,0.0,0.0,0.0,0.0,0.0
349,260,Elaeagnus',0,82,0,0,0,0,0,7.932889938354492,4.446959972381592,33.7464482969121,0.08804253298357385,121.35639727830888,1007.2283532186623,0.0007554797571254875,6.242373312783637
349,260,Fagus',0,0,0,0,0,0,0,0.0,0.0,0.0,0.0,0.0,0.0,0.0,0.0
349,260,Fraxinus',0,90,10,0,0,0,0,15.912074089050293,8.011356353759766,33.48344358603788,0.30160868422295367,346.4914541092515,4903.402471663838,0.0012519938050396774,14.109424187549937
349,260,Gleditsia',0,0,0,0,0,0,0,0.0,0.0,0.0,0.0,0.0,0.0,0.0,0.0
349,260,Gordonia',0,0,0,0,0,0,0,0.0,0.0,0.0,0.0,0.0,0.0,0.0,0.0
349,260,Gymnocladus',0,0,0,0,0,0,0,0.0,0.0,0.0,0.0,0.0,0.0,0.0,0.0
349,260,Halesia',0,0,0,0,0,0,0,0.0,0.0,0.0,0.0,0.0,0.0,0.0,0.0
349,260,Ilex',0,0,0,0,0,0,0,0.0,0.0,0.0,0.0,0.0,0.0,0.0,0.0
349,260,Juglans',0,0,0,0,0,0,0,0.0,0.0,0.0,0.0,0.0,0.0,0.0,0.0
349,260,Juniperus',0,0,0,0,0,0,0,0.0,0.0,0.0,0.0,0.0,0.0,0.0,0.0
349,260,Larix',0,0,0,0,0,0,0,0.0,0.0,0.0,0.0,0.0,0.0,0.0,0.0
349,260,Liquidambar',0,0,0,0,0,0,0,0.0,0.0,0.0,0.0,0.0,0.0,0.0,0.0
349,260,Liriodendron',0,0,0,0,0,0,0,0.0,0.0,0.0,0.0,0.0,0.0,0.0,0.0
349,260,Lithocarpus',0,0,0,0,0,0,0,0.0,0.0,0.0,0.0,0.0,0.0,0.0,0.0
349,260,Maclura',0,0,0,0,0,0,0,0.0,0.0,0.0,0.0,0.0,0.0,0.0,0.0
349,260,Magnolia',0,0,0,0,0,0,0,0.0,0.0,0.0,0.0,0.0,0.0,0.0,0.0
349,260,Malus',0,0,0,0,0,0,0,0.0,0.0,0.0,0.0,0.0,0.0,0.0,0.0
349,260,Morus',0,0,0,0,0,0,0,0.0,0.0,0.0,0.0,0.0,0.0,0.0,0.0
349,260,Nyssa',0,0,0,0,0,0,0,0.0,0.0,0.0,0.0,0.0,0.0,0.0,0.0
349,260,Olneya',0,0,0,0,0,0,0,0.0,0.0,0.0,0.0,0.0,0.0,0.0,0.0
349,260,Ostrya',0,10,10,0,0,0,0,10.292101860046387,8.084537506103516,17.947598163840137,0.11343130356111875,186.12212632894517,3135.9287826411437,0.00067197037807107,10.873951552813804
349,260,Oxydendron',0,0,0,0,0,0,0,0.0,0.0,0.0,0.0,0.0,0.0,0.0,0.0
349,260,Paulownia',0,0,0,0,0,0,0,0.0,0.0,0.0,0.0,0.0,0.0,0.0,0.0
349,260,Persea',0,0,0,0,0,0,0,0.0,0.0,0.0,0.0,0.0,0.0,0.0,0.0
349,260,Picea',0,30,70,18,0,1,0,73.99020385742188,25.848976135253906,84.73430639505386,3.7892705019107256,4945.3374215519425,54268.69771314018,0.01221357863975228,125.57444687419499
349,260,Pinus',0,353,474,160,34,0,0,61.378807067871094,28.33736801147461,604.8330667221546,31.576722823127206,40934.15067929298,173851.04768882232,0.09970125571101625,394.14120081622025
349,260,Planera',0,0,0,0,0,0,0,0.0,0.0,0.0,0.0,0.0,0.0,0.0,0.0
349,260,Platanus',0,8,0,0,0,0,0,4.501562595367432,2.624195098876953,6.609647785183749,0.013941855414569422,21.07068429350853,471.15482412722724,0.00014197329600155404,3.1746194084917296
349,260,Populus',0,1368,177,0,0,0,0,21.87071990966797,14.425759315490723,658.9441964485316,3.96918695160134,3680.021101486385,11758.535293589157,0.017663692466501957,42.48183364838254
349,260,Prosopis',0,0,0,0,0,0,0,0.0,0.0,0.0,0.0,0.0,0.0,0.0,0.0
349,260,Prunus',0,10,0,0,0,0,0,5.060640335083008,4.351999282836914,3.845526164845575,0.02011411026854027,16.330226957798004,365.15497565636235,9.164787922054485e-05,2.0493088793083003
349,260,Pseudotsuga',0,0,0,0,0,0,0,0.0,0.0,0.0,0.0,0.0,0.0,0.0,0.0
349,260,Quercus',0,15,0,11,0,0,0,41.43682098388672,14.79790210723877,28.68634942400304,0.906964789361503,1454.8804873573781,26274.499703225905,0.003646023649554692,61.79980003057825
349,260,Robinia',0,0,0,0,0,0,0,0.0,0.0,0.0,0.0,0.0,0.0,0.0,0.0
349,260,Salix',0,209,26,0,0,0,0,11.061197280883789,6.398692607879639,95.38244057517451,0.43429045995535226,399.15908571973443,2353.2359600877135,0.0022601034166557944,11.841137938118615
349,260,Sassafras',0,0,0,0,0,0,0,0.0,0.0,0.0,0.0,0.0,0.0,0.0,0.0
349,260,Sequoia',0,0,0,0,0,0,0,0.0,0.0,0.0,0.0,0.0,0.0,0.0,0.0
349,260,Sequoiadendron',0,0,0,0,0,0,0,0.0,0.0,0.0,0.0,0.0,0.0,0.0,0.0
349,260,Sorbus',0,0,0,0,0,0,0,0.0,0.0,0.0,0.0,0.0,0.0,0.0,0.0
349,260,Taxodium',0,0,0,0,0,0,0,0.0,0.0,0.0,0.0,0.0,0.0,0.0,0.0
349,260,Taxus',0,0,0,0,0,0,0,0.0,0.0,0.0,0.0,0.0,0.0,0.0,0.0
349,260,Thuja',0,62,200,88,16,0,0,50.575931549072266,17.190330505371094,354.3953400339186,15.341073863051209,13197.874948449284,75681.47846131078,0.034447654726545776,180.60127841555285
349,260,Tilia',0,0,0,0,0,0,0,0.0,0.0,0.0,0.0,0.0,0.0,0.0,0.0
349,260,Torreya',0,0,0,0,0,0,0,0.0,0.0,0.0,0.0,0.0,0.0,0.0,0.0
349,260,Tsuga',0,33,43,7,0,0,0,34.738582611083984,13.751388549804688,56.69293376982212,2.2596939181227675,2073.813062341809,21775.572941394792,0.0054273715572667695,52.420922335875645
349,260,Ulmus',0,20,38,0,1,1,0,75.89991760253906,21.119525909423828,43.49124003343189,1.9706099180466803,2757.5154811471702,34386.22394991009,0.006753892722580578,78.0132754942925
349,260,Umbellularia',0,0,0,0,0,0,0,0.0,0.0,0.0,0.0,0.0,0.0,0.0,0.0
349,270,Abies',0,28,8,10,0,0,0,29.088085174560547,13.926876068115234,23.584282504618166,0.7783493907139236,729.9206914249063,14296.670012208142,0.00196270780369624,34.09318532544839
349,270,Acer',0,514,57,0,0,0,0,18.769533157348633,10.991561889648438,265.0434920038509,1.4822603440826008,2106.1020288987456,9773.949376908673,0.008495675060466633,33.39396363311709
349,270,Aesculus',0,0,0,0,0,0,0,0.0,0.0,0.0,0.0,0.0,0.0,0.0,0.0
349,270,Ailanthus',0,0,0,0,0,0,0,0.0,0.0,0.0,0.0,0.0,0.0,0.0,0.0
349,270,Alnus',0,15,0,0,0,0,0,4.212355613708496,4.592886447906494,5.758935280049903,0.014971477238002984,20.629266743063926,433.8727190692821,0.00012874588680895918,2.698394948414734
349,270,Amelanchier',0,0,0,0,0,0,0,0.0,0.0,0.0,0.0,0.0,0.0,0.0,0.0
349,270,Arbutus',0,0,0,0,0,0,0,0.0,0.0,0.0,0.0,0.0,0.0,0.0,0.0
349,270,Asimina',0,0,0,0,0,0,0,0.0,0.0,0.0,0.0,0.0,0.0,0.0,0.0
349,270,Betula',0,1606,571,0,1,0,0,54.285274505615234,19.665355682373047,945.0728106568272,12.155316607495351,14551.60898795955,37953.10866216277,0.04594175721464818,97.75050234924146
349,270,Calocedrus',0,0,0,0,0,0,0,0.0,0.0,0.0,0.0,0.0,0.0,0.0,0.0
349,270,Carpinus',0,0,0,0,0,0,0,0.0,0.0,0.0,0.0,0.0,0.0,0.0,0.0
349,270,Carya',0,0,0,0,0,0,0,0.0,0.0,0.0,0.0,0.0,0.0,0.0,0.0
349,270,Castanea',0,0,0,0,0,0,0,0.0,0.0,0.0,0.0,0.0,0.0,0.0,0.0
349,270,Catalpa',0,0,0,0,0,0,0,0.0,0.0,0.0,0.0,0.0,0.0,0.0,0.0
349,270,Celtis',0,0,0,0,0,0,0,0.0,0.0,0.0,0.0,0.0,0.0,0.0,0.0
349,270,Cercis',0,0,0,0,0,0,0,0.0,0.0,0.0,0.0,0.0,0.0,0.0,0.0
349,270,Cercocarpus',0,0,0,0,0,0,0,0.0,0.0,0.0,0.0,0.0,0.0,0.0,0.0
349,270,Chamaecyparis',0,0,0,0,0,0,0,0.0,0.0,0.0,0.0,0.0,0.0,0.0,0.0
349,270,Chilopsis',0,0,0,0,0,0,0,0.0,0.0,0.0,0.0,0.0,0.0,0.0,0.0
349,270,Chrysolepis',0,0,0,0,0,0,0,0.0,0.0,0.0,0.0,0.0,0.0,0.0,0.0
349,270,Cladrastis',0,0,0,0,0,0,0,0.0,0.0,0.0,0.0,0.0,0.0,0.0,0.0
349,270,Comus',0,0,0,0,0,0,0,0.0,0.0,0.0,0.0,0.0,0.0,0.0,0.0
349,270,Cornus',0,0,0,0,0,0,0,0.0,0.0,0.0,0.0,0.0,0.0,0.0,0.0
349,270,Crataegus',0,0,0,0,0,0,0,0.0,0.0,0.0,0.0,0.0,0.0,0.0,0.0
349,270,Cupressus',0,0,0,0,0,0,0,0.0,0.0,0.0,0.0,0.0,0.0,0.0,0.0
349,270,Diospyros',0,0,0,0,0,0,0,0.0,0.0,0.0,0.0,0.0,0.0,0.0,0.0
349,270,Elaeagnus',0,90,3,0,0,0,0,9.318986892700195,4.846344947814941,29.65659439988151,0.14016033971021122,155.0201828673482,1479.7259887582288,0.0007714124388457267,6.703770038201409
349,270,Fagus',0,0,0,0,0,0,0,0.0,0.0,0.0,0.0,0.0,0.0,0.0,0.0
349,270,Fraxinus',0,129,20,0,0,0,0,18.727712631225586,8.972825050354004,41.16506418649437,0.436390928344022,504.2440617888421,7152.5911136247505,0.00171313636822882,18.946056093807364
349,270,Gleditsia',0,0,0,0,0,0,0,0.0,0.0,0.0,0.0,0.0,0.0,0.0,0.0
349,270,Gordonia',0,0,0,0,0,0,0,0.0,0.0,0.0,0.0,0.0,0.0,0.0,0.0
349,270,Gymnocladus',0,0,0,0,0,0,0,0.0,0.0,0.0,0.0,0.0,0.0,0.0,0.0
349,270,Halesia',0,0,0,0,0,0,0,0.0,0.0,0.0,0.0,0.0,0.0,0.0,0.0
349,270,Ilex',0,0,0,0,0,0,0,0.0,0.0,0.0,0.0,0.0,0.0,0.0,0.0
349,270,Juglans',0,0,0,0,0,0,0,0.0,0.0,0.0,0.0,0.0,0.0,0.0,0.0
349,270,Juniperus',0,0,0,0,0,0,0,0.0,0.0,0.0,0.0,0.0,0.0,0.0,0.0
349,270,Larix',0,0,0,0,0,0,0,0.0,0.0,0.0,0.0,0.0,0.0,0.0,0.0
349,270,Liquidambar',0,0,0,0,0,0,0,0.0,0.0,0.0,0.0,0.0,0.0,0.0,0.0
349,270,Liriodendron',0,0,0,0,0,0,0,0.0,0.0,0.0,0.0,0.0,0.0,0.0,0.0
349,270,Lithocarpus',0,0,0,0,0,0,0,0.0,0.0,0.0,0.0,0.0,0.0,0.0,0.0
349,270,Maclura',0,0,0,0,0,0,0,0.0,0.0,0.0,0.0,0.0,0.0,0.0,0.0
349,270,Magnolia',0,0,0,0,0,0,0,0.0,0.0,0.0,0.0,0.0,0.0,0.0,0.0
349,270,Malus',0,0,0,0,0,0,0,0.0,0.0,0.0,0.0,0.0,0.0,0.0,0.0
349,270,Morus',0,0,0,0,0,0,0,0.0,0.0,0.0,0.0,0.0,0.0,0.0,0.0
349,270,Nyssa',0,0,0,0,0,0,0,0.0,0.0,0.0,0.0,0.0,0.0,0.0,0.0
349,270,Olneya',0,0,0,0,0,0,0,0.0,0.0,0.0,0.0,0.0,0.0,0.0,0.0
349,270,Ostrya',0,0,10,0,0,0,0,12.258465766906738,8.931282043457031,9.177174047578738,0.12132637815093249,178.60584695339205,3993.748149667078,0.0005290124087929747,11.82907707001995
349,270,Oxydendron',0,0,0,0,0,0,0,0.0,0.0,0.0,0.0,0.0,0.0,0.0,0.0
349,270,Paulownia',0,0,0,0,0,0,0,0.0,0.0,0.0,0.0,0.0,0.0,0.0,0.0
349,270,Persea',0,0,0,0,0,0,0,0.0,0.0,0.0,0.0,0.0,0.0,0.0,0.0
349,270,Picea',0,69,81,8,0,0,0,43.984066009521484,20.907155990600586,103.91386174023151,2.779232961084122,3354.2257462239268,43776.91199635639,0.008954813052742438,101.33093894223646
349,270,Pinus',0,408,427,165,27,0,0,62.534950256347656,28.5377254486084,600.707666227892,31.295410281122145,40646.53711851008,175620.98861031048,0.09900252541943963,398.5552362867776
349,270,Planera',0,0,0,0,0,0,0,0.0,0.0,0.0,0.0,0.0,0.0,0.0,0.0
349,270,Platanus',0,8,0,0,0,0,0,5.597968578338623,2.9388887882232666,9.509267376948007,0.021560305006448854,30.691644616127014,686.286037029246,0.00020509483997896227,4.586060040274017
349,270,Populus',0,1210,193,0,0,0,0,21.246135711669922,12.4900541305542,626.6617818839281,3.453688035585818,3240.3545086288455,9072.179286389666,0.016221932312084006,38.73986525734827
349,270,Prosopis',0,0,0,0,0,0,0,0.0,0.0,0.0,0.0,0.0,0.0,0.0,0.0
349,270,Prunus',0,0,0,0,0,0,0,0.0,0.0,0.0,0.0,0.0,0.0,0.0,0.0
349,270,Pseudotsuga',0,0,0,0,0,0,0,0.0,0.0,0.0,0.0,0.0,0.0,0.0,0.0
349,270,Quercus',0,13,5,11,0,0,0,47.57741928100586,15.233358383178711,28.74933310336421,1.057118685388335,1709.3572385556251,29336.04417073944,0.004212434077231448,67.87897787159214
349,270,Robinia',0,0,0,0,0,0,0,0.0,0.0,0.0,0.0,0.0,0.0,0.0,0.0
349,270,Salix',0,237,30,0,0,0,0,14.627795219421387,7.684423923492432,142.27715356405113,0.6799612888679017,612.1774114260822,3820.9219732942947,0.0034085528950396657,17.58394254785051
349,270,Sassafras',0,0,0,0,0,0,0,0.0,0.0,0.0,0.0,0.0,0.0,0.0,0.0
349,270,Sequoia',0,0,0,0,0,0,0,0.0,0.0,0.0,0.0,0.0,0.0,0.0,0.0
349,270,Sequoiadendron',0,0,0,0,0,0,0,0.0,0.0,0.0,0.0,0.0,0.0,0.0,0.0
349,270,Sorbus',0,0,0,0,0,0,0,0.0,0.0,0.0,0.0,0.0,0.0,0.0,0.0
349,270,Taxodium',0,0,0,0,0,0,0,0.0,0.0,0.0,0.0,0.0,0.0,0.0,0.0
349,270,Taxus',0,0,0,0,0,0,0,0.0,0.0,0.0,0.0,0.0,0.0,0.0,0.0
349,270,Thuja',0,78,188,105,16,0,0,52.808135986328125,17.45682144165039,357.5870825641602,17.746363012045776,15287.028427502737,83930.71584404376,0.03913632053107146,197.92771703155313
349,270,Tilia',0,0,0,0,0,0,0,0.0,0.0,0.0,0.0,0.0,0.0,0.0,0.0
349,270,Torreya',0,0,0,0,0,0,0,0.0,0.0,0.0,0.0,0.0,0.0,0.0,0.0
349,270,Tsuga',0,28,59,0,0,0,0,26.471893310546875,11.395838737487793,44.01389030173421,1.9442966195500255,1694.8387483783067,17754.067841047512,0.004402064516689001,43.108837054591504
349,270,Ulmus',0,20,43,0,1,1,0,78.37066650390625,21.519947052001953,36.71704482428635,2.2684178614414128,3176.127888536453,38086.91177787255,0.007586624311095105,86.18876965982511
349,270,Umbellularia',0,0,0,0,0,0,0,0.0,0.0,0.0,0.0,0.0,0.0,0.0,0.0
349,280,Abies',0,8,8,10,0,0,0,30.755634307861328,14.399540901184082,29.929997012615203,0.9163153243125309,875.5976287531853,16481.85878326871,0.0023780945942215637,40.03643153581799
349,280,Acer',0,537,68,0,0,0,0,16.353404998779297,9.956198692321777,268.8573426201562,1.270983140977171,1787.0591172227264,6997.180557531857,0.007841593240619402,28.868335405977753
349,280,Aesculus',0,0,0,0,0,0,0,0.0,0.0,0.0,0.0,0.0,0.0,0.0,0.0
349,280,Ailanthus',0,0,0,0,0,0,0,0.0,0.0,0.0,0.0,0.0,0.0,0.0,0.0
349,280,Alnus',0,20,0,0,0,0,0,3.173572540283203,3.942739248275757,3.573693474401024,0.008839882530108149,11.771946029514075,237.67743103282587,7.76051830403737e-05,1.5585880695078642
349,280,Amelanchier',0,0,0,0,0,0,0,0.0,0.0,0.0,0.0,0.0,0.0,0.0,0.0
349,280,Arbutus',0,0,0,0,0,0,0,0.0,0.0,0.0,0.0,0.0,0.0,0.0,0.0
349,280,Asimina',0,0,0,0,0,0,0,0.0,0.0,0.0,0.0,0.0,0.0,0.0,0.0
349,280,Betula',0,1556,533,8,0,0,0,32.15229415893555,14.29613208770752,970.7680218426298,11.749433635153082,13975.15254406035,37574.51108326712,0.045030639646487874,95.57597528059502
349,280,Calocedrus',0,0,0,0,0,0,0,0.0,0.0,0.0,0.0,0.0,0.0,0.0,0.0
349,280,Carpinus',0,0,0,0,0,0,0,0.0,0.0,0.0,0.0,0.0,0.0,0.0,0.0
349,280,Carya',0,0,0,0,0,0,0,0.0,0.0,0.0,0.0,0.0,0.0,0.0,0.0
349,280,Castanea',0,0,0,0,0,0,0,0.0,0.0,0.0,0.0,0.0,0.0,0.0,0.0
349,280,Catalpa',0,0,0,0,0,0,0,0.0,0.0,0.0,0.0,0.0,0.0,0.0,0.0
349,280,Celtis',0,0,0,0,0,0,0,0.0,0.0,0.0,0.0,0.0,0.0,0.0,0.0
349,280,Cercis',0,0,0,0,0,0,0,0.0,0.0,0.0,0.0,0.0,0.0,0.0,0.0
349,280,Cercocarpus',0,0,0,0,0,0,0,0.0,0.0,0.0,0.0,0.0,0.0,0.0,0.0
349,280,Chamaecyparis',0,0,0,0,0,0,0,0.0,0.0,0.0,0.0,0.0,0.0,0.0,0.0
349,280,Chilopsis',0,0,0,0,0,0,0,0.0,0.0,0.0,0.0,0.0,0.0,0.0,0.0
349,280,Chrysolepis',0,0,0,0,0,0,0,0.0,0.0,0.0,0.0,0.0,0.0,0.0,0.0
349,280,Cladrastis',0,0,0,0,0,0,0,0.0,0.0,0.0,0.0,0.0,0.0,0.0,0.0
349,280,Comus',0,0,0,0,0,0,0,0.0,0.0,0.0,0.0,0.0,0.0,0.0,0.0
349,280,Cornus',0,0,0,0,0,0,0,0.0,0.0,0.0,0.0,0.0,0.0,0.0,0.0
349,280,Crataegus',0,0,0,0,0,0,0,0.0,0.0,0.0,0.0,0.0,0.0,0.0,0.0
349,280,Cupressus',0,0,0,0,0,0,0,0.0,0.0,0.0,0.0,0.0,0.0,0.0,0.0
349,280,Diospyros',0,0,0,0,0,0,0,0.0,0.0,0.0,0.0,0.0,0.0,0.0,0.0
349,280,Elaeagnus',0,65,0,0,0,0,0,7.339083194732666,4.264320373535156,23.287087037711387,0.07472166846712609,95.46227202720941,1118.7397440021516,0.0005473689348478805,5.870740023478104
349,280,Fagus',0,0,0,0,0,0,0,0.0,0.0,0.0,0.0,0.0,0.0,0.0,0.0
349,280,Fraxinus',0,78,27,0,0,0,0,21.57649040222168,9.886781692504883,33.52744988590196,0.634344462724325,712.2712416962535,10194.082928821768,0.00206547123035323,25.477132433624853
349,280,Gleditsia',0,0,0,0,0,0,0,0.0,0.0,0.0,0.0,0.0,0.0,0.0,0.0
349,280,Gordonia',0,0,0,0,0,0,0,0.0,0.0,0.0,0.0,0.0,0.0,0.0,0.0
349,280,Gymnocladus',0,0,0,0,0,0,0,0.0,0.0,0.0,0.0,0.0,0.0,0.0,0.0
349,280,Halesia',0,0,0,0,0,0,0,0.0,0.0,0.0,0.0,0.0,0.0,0.0,0.0
349,280,Ilex',0,0,0,0,0,0,0,0.0,0.0,0.0,0.0,0.0,0.0,0.0,0.0
349,280,Juglans',0,0,0,0,0,0,0,0.0,0.0,0.0,0.0,0.0,0.0,0.0,0.0
349,280,Juniperus',0,0,0,0,0,0,0,0.0,0.0,0.0,0.0,0.0,0.0,0.0,0.0
349,280,Larix',0,0,0,0,0,0,0,0.0,0.0,0.0,0.0,0.0,0.0,0.0,0.0
349,280,Liquidambar',0,0,0,0,0,0,0,0.0,0.0,0.0,0.0,0.0,0.0,0.0,0.0
349,280,Liriodendron',0,0,0,0,0,0,0,0.0,0.0,0.0,0.0,0.0,0.0,0.0,0.0
349,280,Lithocarpus',0,0,0,0,0,0,0,0.0,0.0,0.0,0.0,0.0,0.0,0.0,0.0
349,280,Maclura',0,0,0,0,0,0,0,0.0,0.0,0.0,0.0,0.0,0.0,0.0,0.0
349,280,Magnolia',0,0,0,0,0,0,0,0.0,0.0,0.0,0.0,0.0,0.0,0.0,0.0
349,280,Malus',0,0,0,0,0,0,0,0.0,0.0,0.0,0.0,0.0,0.0,0.0,0.0
349,280,Morus',0,0,0,0,0,0,0,0.0,0.0,0.0,0.0,0.0,0.0,0.0,0.0
349,280,Nyssa',0,0,0,0,0,0,0,0.0,0.0,0.0,0.0,0.0,0.0,0.0,0.0
349,280,Olneya',0,0,0,0,0,0,0,0.0,0.0,0.0,0.0,0.0,0.0,0.0,0.0
349,280,Ostrya',0,0,10,0,0,0,0,14.10517692565918,9.631854057312012,8.75838843563312,0.16079195860327855,234.8956390157342,5246.048086080041,0.0006480721557857444,14.457016315172451
349,280,Oxydendron',0,0,0,0,0,0,0,0.0,0.0,0.0,0.0,0.0,0.0,0.0,0.0
349,280,Paulownia',0,0,0,0,0,0,0,0.0,0.0,0.0,0.0,0.0,0.0,0.0,0.0
349,280,Persea',0,0,0,0,0,0,0,0.0,0.0,0.0,0.0,0.0,0.0,0.0,0.0
349,280,Picea',0,48,84,8,0,0,0,44.988929748535156,21.142822265625,100.70667693853378,3.139229457235321,3794.711318662167,46843.14768661615,0.009887343685915866,107.65235944437447
349,280,Pinus',0,451,424,163,27,0,0,63.67690658569336,28.729707717895508,619.7232579448819,34.3019297323656,45232.35377017826,188986.48296871645,0.10946789971172978,427.4423852231332
349,280,Planera',0,0,0,0,0,0,0,0.0,0.0,0.0,0.0,0.0,0.0,0.0,0.0
349,280,Platanus',0,0,0,0,0,0,0,0.0,0.0,0.0,0.0,0.0,0.0,0.0,0.0
349,280,Populus',0,1239,188,0,0,0,0,21.74109649658203,14.3723726272583,625.7703181579001,3.8565603886127806,3621.4933753003925,11558.065132638267,0.017056074418817752,42.38069126731857
349,280,Prosopis',0,0,0,0,0,0,0,0.0,0.0,0.0,0.0,0.0,0.0,0.0,0.0
349,280,Prunus',0,30,0,0,0,0,0,3.3907341957092285,3.4558136463165283,4.5751165381715255,0.011018234823632745,13.440072847008706,240.69586633200547,9.572817282122526e-05,1.8017026479818965
349,280,Pseudotsuga',0,0,0,0,0,0,0,0.0,0.0,0.0,0.0,0.0,0.0,0.0,0.0
349,280,Quercus',0,7,10,10,1,0,0,53.834754943847656,15.69149112701416,24.473565780097925,1.1743976376786924,1944.722318829894,33276.471685787415,0.00467391592526902,77.53344904211639
349,280,Robinia',0,0,0,0,0,0,0,0.0,0.0,0.0,0.0,0.0,0.0,0.0,0.0
349,280,Salix',0,218,61,0,0,0,0,10.067230224609375,6.01263427734375,114.5741382111571,0.6079174673339036,517.5413672275841,3037.7432233584104,0.002799450306057003,15.090510755173822
349,280,Sassafras',0,0,0,0,0,0,0,0.0,0.0,0.0,0.0,0.0,0.0,0.0,0.0
349,280,Sequoia',0,0,0,0,0,0,0,0.0,0.0,0.0,0.0,0.0,0.0,0.0,0.0
349,280,Sequoiadendron',0,0,0,0,0,0,0,0.0,0.0,0.0,0.0,0.0,0.0,0.0,0.0
349,280,Sorbus',0,0,0,0,0,0,0,0.0,0.0,0.0,0.0,0.0,0.0,0.0,0.0
349,280,Taxodium',0,0,0,0,0,0,0,0.0,0.0,0.0,0.0,0.0,0.0,0.0,0.0
349,280,Taxus',0,0,0,0,0,0,0,0.0,0.0,0.0,0.0,0.0,0.0,0.0,0.0
349,280,Thuja',0,30,215,97,20,0,0,56.12452697753906,17.8187198638916,367.8238073131442,21.050024825819353,18224.087856601775,95209.00809398529,0.04581098359657358,224.32080652994415
349,280,Tilia',0,0,0,0,0,0,0,0.0,0.0,0.0,0.0,0.0,0.0,0.0,0.0
349,280,Torreya',0,0,0,0,0,0,0,0.0,0.0,0.0,0.0,0.0,0.0,0.0,0.0
349,280,Tsuga',0,21,55,0,0,0,0,27.615581512451172,11.741040229797363,54.791442315280435,1.793215914197778,1580.887235238254,17062.319516203926,0.004304514766519429,42.71425166362647
349,280,Ulmus',0,31,33,0,1,0,0,60.050025939941406,18.264690399169922,31.699094551179225,1.130170360837219,1534.8056860169768,18788.693785441203,0.0038670054324180863,43.27290016276336
349,280,Umbellularia',0,0,0,0,0,0,0,0.0,0.0,0.0,0.0,0.0,0.0,0.0,0.0
349,290,Abies',0,20,17,10,0,0,0,32.43461990356445,14.855066299438477,34.07199979841709,1.1507333022312898,1086.9715651625395,18814.081197327836,0.0029076435750098823,44.5725888367431
349,290,Acer',0,576,114,0,0,0,0,17.971921920776367,10.655821800231934,316.59863129753285,1.654978470609843,2291.682488489896,9044.173350167486,0.00965024090360594,34.259906171618844
349,290,Aesculus',0,0,0,0,0,0,0,0.0,0.0,0.0,0.0,0.0,0.0,0.0,0.0
349,290,Ailanthus',0,0,0,0,0,0,0,0.0,0.0,0.0,0.0,0.0,0.0,0.0,0.0
349,290,Alnus',0,12,0,0,0,0,0,2.577950954437256,2.882688045501709,1.4309605776886394,0.002876215081310687,4.536761434078216,73.5278422938207,3.068116482160993e-05,0.4964187082809188
349,290,Amelanchier',0,0,0,0,0,0,0,0.0,0.0,0.0,0.0,0.0,0.0,0.0,0.0
349,290,Arbutus',0,0,0,0,0,0,0,0.0,0.0,0.0,0.0,0.0,0.0,0.0,0.0
349,290,Asimina',0,0,0,0,0,0,0,0.0,0.0,0.0,0.0,0.0,0.0,0.0,0.0
349,290,Betula',0,1698,540,5,0,0,0,32.5422477722168,12.915194511413574,994.3748428166807,11.6870521156042,13827.483291069195,38876.02764454604,0.04504231866760694,98.46098302171414
349,290,Calocedrus',0,0,0,0,0,0,0,0.0,0.0,0.0,0.0,0.0,0.0,0.0,0.0
349,290,Carpinus',0,0,0,0,0,0,0,0.0,0.0,0.0,0.0,0.0,0.0,0.0,0.0
349,290,Carya',0,0,0,0,0,0,0,0.0,0.0,0.0,0.0,0.0,0.0,0.0,0.0
349,290,Castanea',0,0,0,0,0,0,0,0.0,0.0,0.0,0.0,0.0,0.0,0.0,0.0
349,290,Catalpa',0,0,0,0,0,0,0,0.0,0.0,0.0,0.0,0.0,0.0,0.0,0.0
349,290,Celtis',0,0,0,0,0,0,0,0.0,0.0,0.0,0.0,0.0,0.0,0.0,0.0
349,290,Cercis',0,0,0,0,0,0,0,0.0,0.0,0.0,0.0,0.0,0.0,0.0,0.0
349,290,Cercocarpus',0,0,0,0,0,0,0,0.0,0.0,0.0,0.0,0.0,0.0,0.0,0.0
349,290,Chamaecyparis',0,0,0,0,0,0,0,0.0,0.0,0.0,0.0,0.0,0.0,0.0,0.0
349,290,Chilopsis',0,0,0,0,0,0,0,0.0,0.0,0.0,0.0,0.0,0.0,0.0,0.0
349,290,Chrysolepis',0,0,0,0,0,0,0,0.0,0.0,0.0,0.0,0.0,0.0,0.0,0.0
349,290,Cladrastis',0,0,0,0,0,0,0,0.0,0.0,0.0,0.0,0.0,0.0,0.0,0.0
349,290,Comus',0,0,0,0,0,0,0,0.0,0.0,0.0,0.0,0.0,0.0,0.0,0.0
349,290,Cornus',0,0,0,0,0,0,0,0.0,0.0,0.0,0.0,0.0,0.0,0.0,0.0
349,290,Crataegus',0,0,0,0,0,0,0,0.0,0.0,0.0,0.0,0.0,0.0,0.0,0.0
349,290,Cupressus',0,0,0,0,0,0,0,0.0,0.0,0.0,0.0,0.0,0.0,0.0,0.0
349,290,Diospyros',0,0,0,0,0,0,0,0.0,0.0,0.0,0.0,0.0,0.0,0.0,0.0
349,290,Elaeagnus',0,118,0,0,0,0,0,7.622826099395752,4.352488994598389,40.73319670425939,0.14282316534726658,180.51693390786647,1381.4268581733832,0.0009875257327361018,7.770673237933545
349,290,Fagus',0,0,0,0,0,0,0,0.0,0.0,0.0,0.0,0.0,0.0,0.0,0.0
349,290,Fraxinus',0,95,17,0,0,0,0,16.583263397216797,8.245991706848145,39.29826654965364,0.39669030240080505,451.0862359118462,5680.737702863016,0.001568134241981899,16.37518040105595
349,290,Gleditsia',0,0,0,0,0,0,0,0.0,0.0,0.0,0.0,0.0,0.0,0.0,0.0
349,290,Gordonia',0,0,0,0,0,0,0,0.0,0.0,0.0,0.0,0.0,0.0,0.0,0.0
349,290,Gymnocladus',0,0,0,0,0,0,0,0.0,0.0,0.0,0.0,0.0,0.0,0.0,0.0
349,290,Halesia',0,0,0,0,0,0,0,0.0,0.0,0.0,0.0,0.0,0.0,0.0,0.0
349,290,Ilex',0,0,0,0,0,0,0,0.0,0.0,0.0,0.0,0.0,0.0,0.0,0.0
349,290,Juglans',0,0,0,0,0,0,0,0.0,0.0,0.0,0.0,0.0,0.0,0.0,0.0
349,290,Juniperus',0,0,0,0,0,0,0,0.0,0.0,0.0,0.0,0.0,0.0,0.0,0.0
349,290,Larix',0,0,0,0,0,0,0,0.0,0.0,0.0,0.0,0.0,0.0,0.0,0.0
349,290,Liquidambar',0,0,0,0,0,0,0,0.0,0.0,0.0,0.0,0.0,0.0,0.0,0.0
349,290,Liriodendron',0,0,0,0,0,0,0,0.0,0.0,0.0,0.0,0.0,0.0,0.0,0.0
349,290,Lithocarpus',0,0,0,0,0,0,0,0.0,0.0,0.0,0.0,0.0,0.0,0.0,0.0
349,290,Maclura',0,0,0,0,0,0,0,0.0,0.0,0.0,0.0,0.0,0.0,0.0,0.0
349,290,Magnolia',0,0,0,0,0,0,0,0.0,0.0,0.0,0.0,0.0,0.0,0.0,0.0
349,290,Malus',0,0,0,0,0,0,0,0.0,0.0,0.0,0.0,0.0,0.0,0.0,0.0
349,290,Morus',0,0,0,0,0,0,0,0.0,0.0,0.0,0.0,0.0,0.0,0.0,0.0
349,290,Nyssa',0,0,0,0,0,0,0,0.0,0.0,0.0,0.0,0.0,0.0,0.0,0.0
349,290,Olneya',0,0,0,0,0,0,0,0.0,0.0,0.0,0.0,0.0,0.0,0.0,0.0
349,290,Ostrya',0,10,0,0,0,0,0,4.5568647384643555,4.877976894378662,5.642132819453371,0.016765452178875376,32.43576976776123,725.2858610324655,0.0001533011275716126,3.4279174227749216
349,290,Oxydendron',0,0,0,0,0,0,0,0.0,0.0,0.0,0.0,0.0,0.0,0.0,0.0
349,290,Paulownia',0,0,0,0,0,0,0,0.0,0.0,0.0,0.0,0.0,0.0,0.0,0.0
349,290,Persea',0,0,0,0,0,0,0,0.0,0.0,0.0,0.0,0.0,0.0,0.0,0.0
349,290,Picea',0,69,91,8,0,0,0,46.08469772338867,21.392850875854492,117.5946819499135,3.8953517279617236,4650.843512890637,51090.76412287996,0.01203379760873427,117.99227808995967
349,290,Pinus',0,538,452,127,28,0,0,64.86531829833984,28.923446655273438,683.914998018369,32.04801772247684,42272.871318117155,187817.0139079273,0.10381848614873278,425.206732185727
349,290,Planera',0,0,0,0,0,0,0,0.0,0.0,0.0,0.0,0.0,0.0,0.0,0.0
349,290,Platanus',0,0,0,0,0,0,0,0.0,0.0,0.0,0.0,0.0,0.0,0.0,0.0
349,290,Populus',0,1252,226,0,0,0,0,25.952062606811523,15.996070861816406,676.2053878753904,4.4592634438527226,4129.6418064300715,12163.225237060105,0.018911333953698026,44.81244649195781
349,290,Prosopis',0,0,0,0,0,0,0,0.0,0.0,0.0,0.0,0.0,0.0,0.0,0.0
349,290,Prunus',0,35,0,0,0,0,0,6.491518497467041,5.044740676879883,21.62145644709279,0.07015424990950499,73.51858941257,990.626284639907,0.00047462752269999985,6.293724880498393
349,290,Pseudotsuga',0,0,0,0,0,0,0,0.0,0.0,0.0,0.0,0.0,0.0,0.0,0.0
349,290,Quercus',0,14,0,10,0,0,0,33.479312896728516,16.12218475341797,18.2041133544113,0.9361166344255508,1612.0018816876411,34850.39878593379,0.0038442848615199503,79.33348405050046
349,290,Robinia',0,0,0,0,0,0,0,0.0,0.0,0.0,0.0,0.0,0.0,0.0,0.0
349,290,Salix',0,301,15,0,0,0,0,10.790708541870117,6.294882774353027,98.61646439078487,0.4261978605657584,400.35536145359276,2516.4994959707724,0.002309317371251063,13.754133317417494
349,290,Sassafras',0,0,0,0,0,0,0,0.0,0.0,0.0,0.0,0.0,0.0,0.0,0.0
349,290,Sequoia',0,0,0,0,0,0,0,0.0,0.0,0.0,0.0,0.0,0.0,0.0,0.0
349,290,Sequoiadendron',0,0,0,0,0,0,0,0.0,0.0,0.0,0.0,0.0,0.0,0.0,0.0
349,290,Sorbus',0,0,0,0,0,0,0,0.0,0.0,0.0,0.0,0.0,0.0,0.0,0.0
349,290,Taxodium',0,0,0,0,0,0,0,0.0,0.0,0.0,0.0,0.0,0.0,0.0,0.0
349,290,Taxus',0,0,0,0,0,0,0,0.0,0.0,0.0,0.0,0.0,0.0,0.0,0.0
349,290,Thuja',0,60,181,95,33,0,0,59.22323226928711,18.123382568359375,343.28555665671826,24.803429285407482,21852.479126707018,110209.32875558444,0.053519634163916995,257.9606660154
349,290,Tilia',0,0,0,0,0,0,0,0.0,0.0,0.0,0.0,0.0,0.0,0.0,0.0
349,290,Torreya',0,0,0,0,0,0,0,0.0,0.0,0.0,0.0,0.0,0.0,0.0,0.0
349,290,Tsuga',0,0,53,2,0,0,0,31.210901260375977,12.785056114196777,57.84855108976364,1.5311943989950485,1369.943118789196,14674.563598630404,0.0038799082121327624,38.69881254307507
349,290,Ulmus',0,10,45,0,1,0,0,62.44324493408203,18.72945213317871,39.293956455739234,1.459290692856858,1967.750440092683,22314.139188089266,0.004938437085557719,52.04567934259189
349,290,Umbellularia',0,0,0,0,0,0,0,0.0,0.0,0.0,0.0,0.0,0.0,0.0,0.0
349,300,Abies',0,0,27,0,0,0,0,19.881317138671875,10.911299705505371,26.900248901844023,0.45644147022402226,382.21992400407794,5664.103702358015,0.001237936764289935,16.850449425855082
349,300,Acer',0,492,115,0,0,0,0,15.359784126281738,10.639978408813477,313.03060465374415,1.7890221794951768,2403.808427279666,9334.237876943833,0.009848045963397473,34.054709479226794
349,300,Aesculus',0,0,0,0,0,0,0,0.0,0.0,0.0,0.0,0.0,0.0,0.0,0.0
349,300,Ailanthus',0,0,0,0,0,0,0,0.0,0.0,0.0,0.0,0.0,0.0,0.0,0.0
349,300,Alnus',0,18,0,0,0,0,0,3.5798873901367188,3.4629158973693848,1.4761932321552989,0.006093480599920196,7.78374304741621,103.82968651443701,3.8547828359063704e-05,0.553904226963809
349,300,Amelanchier',0,0,0,0,0,0,0,0.0,0.0,0.0,0.0,0.0,0.0,0.0,0.0
349,300,Arbutus',0,0,0,0,0,0,0,0.0,0.0,0.0,0.0,0.0,0.0,0.0,0.0
349,300,Asimina',0,0,0,0,0,0,0,0.0,0.0,0.0,0.0,0.0,0.0,0.0,0.0
349,300,Betula',0,1749,450,11,0,0,0,34.532501220703125,13.391802787780762,1057.7786468183974,11.308452309587214,13625.962659695,38858.33185788047,0.04550722817418774,98.82288487282081
349,300,Calocedrus',0,0,0,0,0,0,0,0.0,0.0,0.0,0.0,0.0,0.0,0.0,0.0
349,300,Carpinus',0,0,0,0,0,0,0,0.0,0.0,0.0,0.0,0.0,0.0,0.0,0.0
349,300,Carya',0,0,0,0,0,0,0,0.0,0.0,0.0,0.0,0.0,0.0,0.0,0.0
349,300,Castanea',0,0,0,0,0,0,0,0.0,0.0,0.0,0.0,0.0,0.0,0.0,0.0
349,300,Catalpa',0,0,0,0,0,0,0,0.0,0.0,0.0,0.0,0.0,0.0,0.0,0.0
349,300,Celtis',0,0,0,0,0,0,0,0.0,0.0,0.0,0.0,0.0,0.0,0.0,0.0
349,300,Cercis',0,0,0,0,0,0,0,0.0,0.0,0.0,0.0,0.0,0.0,0.0,0.0
349,300,Cercocarpus',0,0,0,0,0,0,0,0.0,0.0,0.0,0.0,0.0,0.0,0.0,0.0
349,300,Chamaecyparis',0,0,0,0,0,0,0,0.0,0.0,0.0,0.0,0.0,0.0,0.0,0.0
349,300,Chilopsis',0,0,0,0,0,0,0,0.0,0.0,0.0,0.0,0.0,0.0,0.0,0.0
349,300,Chrysolepis',0,0,0,0,0,0,0,0.0,0.0,0.0,0.0,0.0,0.0,0.0,0.0
349,300,Cladrastis',0,0,0,0,0,0,0,0.0,0.0,0.0,0.0,0.0,0.0,0.0,0.0
349,300,Comus',0,0,0,0,0,0,0,0.0,0.0,0.0,0.0,0.0,0.0,0.0,0.0
349,300,Cornus',0,0,0,0,0,0,0,0.0,0.0,0.0,0.0,0.0,0.0,0.0,0.0
349,300,Crataegus',0,0,0,0,0,0,0,0.0,0.0,0.0,0.0,0.0,0.0,0.0,0.0
349,300,Cupressus',0,0,0,0,0,0,0,0.0,0.0,0.0,0.0,0.0,0.0,0.0,0.0
349,300,Diospyros',0,0,0,0,0,0,0,0.0,0.0,0.0,0.0,0.0,0.0,0.0,0.0
349,300,Elaeagnus',0,109,6,0,0,0,0,12.029319763183594,5.528894424438477,46.327158577174316,0.17768755955119303,216.7864259555936,1979.5791315794963,0.0011486527920602809,9.486523604548207
349,300,Fagus',0,0,0,0,0,0,0,0.0,0.0,0.0,0.0,0.0,0.0,0.0,0.0
349,300,Fraxinus',0,149,13,0,0,0,0,19.409561157226562,9.196826934814453,69.23769371607634,0.539331002840176,651.2796600544452,7601.634637861757,0.0024440031924992853,20.011012075261316
349,300,Gleditsia',0,0,0,0,0,0,0,0.0,0.0,0.0,0.0,0.0,0.0,0.0,0.0
349,300,Gordonia',0,0,0,0,0,0,0,0.0,0.0,0.0,0.0,0.0,0.0,0.0,0.0
349,300,Gymnocladus',0,0,0,0,0,0,0,0.0,0.0,0.0,0.0,0.0,0.0,0.0,0.0
349,300,Halesia',0,0,0,0,0,0,0,0.0,0.0,0.0,0.0,0.0,0.0,0.0,0.0
349,300,Ilex',0,0,0,0,0,0,0,0.0,0.0,0.0,0.0,0.0,0.0,0.0,0.0
349,300,Juglans',0,0,0,0,0,0,0,0.0,0.0,0.0,0.0,0.0,0.0,0.0,0.0
349,300,Juniperus',0,0,0,0,0,0,0,0.0,0.0,0.0,0.0,0.0,0.0,0.0,0.0
349,300,Larix',0,0,0,0,0,0,0,0.0,0.0,0.0,0.0,0.0,0.0,0.0,0.0
349,300,Liquidambar',0,0,0,0,0,0,0,0.0,0.0,0.0,0.0,0.0,0.0,0.0,0.0
349,300,Liriodendron',0,0,0,0,0,0,0,0.0,0.0,0.0,0.0,0.0,0.0,0.0,0.0
349,300,Lithocarpus',0,0,0,0,0,0,0,0.0,0.0,0.0,0.0,0.0,0.0,0.0,0.0
349,300,Maclura',0,0,0,0,0,0,0,0.0,0.0,0.0,0.0,0.0,0.0,0.0,0.0
349,300,Magnolia',0,0,0,0,0,0,0,0.0,0.0,0.0,0.0,0.0,0.0,0.0,0.0
349,300,Malus',0,0,0,0,0,0,0,0.0,0.0,0.0,0.0,0.0,0.0,0.0,0.0
349,300,Morus',0,0,0,0,0,0,0,0.0,0.0,0.0,0.0,0.0,0.0,0.0,0.0
349,300,Nyssa',0,0,0,0,0,0,0,0.0,0.0,0.0,0.0,0.0,0.0,0.0,0.0
349,300,Olneya',0,0,0,0,0,0,0,0.0,0.0,0.0,0.0,0.0,0.0,0.0,0.0
349,300,Ostrya',0,10,0,0,0,0,0,7.010782241821289,6.400396347045898,8.423802841313275,0.0396840466863833,68.38194491624833,1529.0667726637796,0.0002732251985743642,6.1095011717815595
349,300,Oxydendron',0,0,0,0,0,0,0,0.0,0.0,0.0,0.0,0.0,0.0,0.0,0.0
349,300,Paulownia',0,0,0,0,0,0,0,0.0,0.0,0.0,0.0,0.0,0.0,0.0,0.0
349,300,Persea',0,0,0,0,0,0,0,0.0,0.0,0.0,0.0,0.0,0.0,0.0,0.0
349,300,Picea',0,71,120,0,0,0,0,26.55631446838379,15.661951065063477,119.10391555398702,3.214438719747621,3365.034178863466,25280.496604910106,0.009198243470970067,64.40056233507512
349,300,Pinus',0,484,427,160,22,0,0,66.17181396484375,29.129535675048828,708.3782191337644,31.355370647392082,41358.23094214663,179972.96127470938,0.10213931117089886,407.89755304656984
349,300,Planera',0,0,0,0,0,0,0,0.0,0.0,0.0,0.0,0.0,0.0,0.0,0.0
349,300,Platanus',0,0,0,0,0,0,0,0.0,0.0,0.0,0.0,0.0,0.0,0.0,0.0
349,300,Populus',0,1243,206,1,0,0,0,29.635377883911133,17.244182586669922,623.3719104645136,3.657754899333717,3437.232565540597,9843.53208562436,0.016612079540879676,40.00957094478021
349,300,Prosopis',0,0,0,0,0,0,0,0.0,0.0,0.0,0.0,0.0,0.0,0.0,0.0
349,300,Prunus',0,10,10,0,0,0,0,11.009438514709473,6.846320629119873,12.180616689633718,0.13551350063570394,99.947544298172,1744.4655478659843,0.00039745239529013457,6.818399701516704
349,300,Pseudotsuga',0,0,0,0,0,0,0,0.0,0.0,0.0,0.0,0.0,0.0,0.0,0.0
349,300,Quercus',0,0,14,10,0,0,0,34.70623779296875,16.521724700927734,23.880103524727154,1.0618067823977713,1828.1033685398102,38308.30493729258,0.0044062192169502384,87.896772618398
349,300,Robinia',0,0,0,0,0,0,0,0.0,0.0,0.0,0.0,0.0,0.0,0.0,0.0
349,300,Salix',0,208,9,0,0,0,0,9.753658294677734,5.88819694519043,94.25739163061297,0.28758410905364634,309.6078161351383,1879.0735042600745,0.0020449048817970353,12.399879799925873
349,300,Sassafras',0,0,0,0,0,0,0,0.0,0.0,0.0,0.0,0.0,0.0,0.0,0.0
349,300,Sequoia',0,0,0,0,0,0,0,0.0,0.0,0.0,0.0,0.0,0.0,0.0,0.0
349,300,Sequoiadendron',0,0,0,0,0,0,0,0.0,0.0,0.0,0.0,0.0,0.0,0.0,0.0
349,300,Sorbus',0,0,0,0,0,0,0,0.0,0.0,0.0,0.0,0.0,0.0,0.0,0.0
349,300,Taxodium',0,0,0,0,0,0,0,0.0,0.0,0.0,0.0,0.0,0.0,0.0,0.0
349,300,Taxus',0,0,0,0,0,0,0,0.0,0.0,0.0,0.0,0.0,0.0,0.0,0.0
349,300,Thuja',0,121,140,87,26,0,0,59.601234436035156,18.158491134643555,323.0010186624527,20.93638172484083,18455.96978141129,101686.05988769677,0.04567883609960375,238.96822770825193
349,300,Tilia',0,0,0,0,0,0,0,0.0,0.0,0.0,0.0,0.0,0.0,0.0,0.0
349,300,Torreya',0,0,0,0,0,0,0,0.0,0.0,0.0,0.0,0.0,0.0,0.0,0.0
349,300,Tsuga',0,10,43,2,0,0,0,36.61129379272461,14.242138862609863,36.73304952740669,1.8319442143416602,1648.5831974077225,17865.2391804874,0.004194106772828226,44.03004997659998
349,300,Ulmus',0,10,26,0,0,0,0,27.773338317871094,10.586210250854492,26.853463722840893,0.7525766252153644,816.1869475921989,10021.158968593882,0.0022003192230355974,25.85881950909686
349,300,Umbellularia',0,0,0,0,0,0,0,0.0,0.0,0.0,0.0,0.0,0.0,0.0,0.0
349,310,Abies',0,38,19,0,0,0,0,22.782176971435547,11.940895080566406,35.77815185666084,0.5144519956313822,454.0008982717991,7217.793606025333,0.0015256863707834912,20.365778591046357
349,310,Acer',0,425,98,0,0,0,0,16.61663818359375,11.280654907226562,282.06849244977286,1.7237291454499841,2367.737973237187,10334.634666261825,0.009322172609983241,35.98275721647111
349,310,Aesculus',0,0,0,0,0,0,0,0.0,0.0,0.0,0.0,0.0,0.0,0.0,0.0
349,310,Ailanthus',0,0,0,0,0,0,0,0.0,0.0,0.0,0.0,0.0,0.0,0.0,0.0
349,310,Alnus',0,21,2,0,0,0,0,10.119769096374512,6.819687366485596,9.22295817775251,0.04047640424961116,46.17247168019414,896.7705299171134,0.00023537509913882347,4.373916527759556
349,310,Amelanchier',0,0,0,0,0,0,0,0.0,0.0,0.0,0.0,0.0,0.0,0.0,0.0
349,310,Arbutus',0,0,0,0,0,0,0,0.0,0.0,0.0,0.0,0.0,0.0,0.0,0.0
349,310,Asimina',0,0,0,0,0,0,0,0.0,0.0,0.0,0.0,0.0,0.0,0.0,0.0
349,310,Betula',0,1622,575,11,0,0,0,36.590187072753906,13.860754013061523,1044.9480737486406,10.80663114888025,12876.722023905813,38321.34164404681,0.04365754603807207,96.86165655843057
349,310,Calocedrus',0,0,0,0,0,0,0,0.0,0.0,0.0,0.0,0.0,0.0,0.0,0.0
349,310,Carpinus',0,0,0,0,0,0,0,0.0,0.0,0.0,0.0,0.0,0.0,0.0,0.0
349,310,Carya',0,0,0,0,0,0,0,0.0,0.0,0.0,0.0,0.0,0.0,0.0,0.0
349,310,Castanea',0,0,0,0,0,0,0,0.0,0.0,0.0,0.0,0.0,0.0,0.0,0.0
349,310,Catalpa',0,0,0,0,0,0,0,0.0,0.0,0.0,0.0,0.0,0.0,0.0,0.0
349,310,Celtis',0,0,0,0,0,0,0,0.0,0.0,0.0,0.0,0.0,0.0,0.0,0.0
349,310,Cercis',0,0,0,0,0,0,0,0.0,0.0,0.0,0.0,0.0,0.0,0.0,0.0
349,310,Cercocarpus',0,0,0,0,0,0,0,0.0,0.0,0.0,0.0,0.0,0.0,0.0,0.0
349,310,Chamaecyparis',0,0,0,0,0,0,0,0.0,0.0,0.0,0.0,0.0,0.0,0.0,0.0
349,310,Chilopsis',0,0,0,0,0,0,0,0.0,0.0,0.0,0.0,0.0,0.0,0.0,0.0
349,310,Chrysolepis',0,0,0,0,0,0,0,0.0,0.0,0.0,0.0,0.0,0.0,0.0,0.0
349,310,Cladrastis',0,0,0,0,0,0,0,0.0,0.0,0.0,0.0,0.0,0.0,0.0,0.0
349,310,Comus',0,0,0,0,0,0,0,0.0,0.0,0.0,0.0,0.0,0.0,0.0,0.0
349,310,Cornus',0,0,0,0,0,0,0,0.0,0.0,0.0,0.0,0.0,0.0,0.0,0.0
349,310,Crataegus',0,0,0,0,0,0,0,0.0,0.0,0.0,0.0,0.0,0.0,0.0,0.0
349,310,Cupressus',0,0,0,0,0,0,0,0.0,0.0,0.0,0.0,0.0,0.0,0.0,0.0
349,310,Diospyros',0,0,0,0,0,0,0,0.0,0.0,0.0,0.0,0.0,0.0,0.0,0.0
349,310,Elaeagnus',0,73,1,0,0,0,0,12.209753036499023,5.570129871368408,22.32397395928826,0.05670242103168899,84.35629876047373,815.2283810472001,0.0005088244512062505,4.848360067499432
349,310,Fagus',0,0,0,0,0,0,0,0.0,0.0,0.0,0.0,0.0,0.0,0.0,0.0
349,310,Fraxinus',0,115,38,0,0,0,0,22.19071388244629,10.076436042785645,59.80877294570584,0.7851795970626234,897.1880995440483,10532.130385677923,0.0028547318251356505,25.86956234018578
349,310,Gleditsia',0,0,0,0,0,0,0,0.0,0.0,0.0,0.0,0.0,0.0,0.0,0.0
349,310,Gordonia',0,0,0,0,0,0,0,0.0,0.0,0.0,0.0,0.0,0.0,0.0,0.0
349,310,Gymnocladus',0,0,0,0,0,0,0,0.0,0.0,0.0,0.0,0.0,0.0,0.0,0.0
349,310,Halesia',0,0,0,0,0,0,0,0.0,0.0,0.0,0.0,0.0,0.0,0.0,0.0
349,310,Ilex',0,0,0,0,0,0,0,0.0,0.0,0.0,0.0,0.0,0.0,0.0,0.0
349,310,Juglans',0,0,0,0,0,0,0,0.0,0.0,0.0,0.0,0.0,0.0,0.0,0.0
349,310,Juniperus',0,0,0,0,0,0,0,0.0,0.0,0.0,0.0,0.0,0.0,0.0,0.0
349,310,Larix',0,0,0,0,0,0,0,0.0,0.0,0.0,0.0,0.0,0.0,0.0,0.0
349,310,Liquidambar',0,0,0,0,0,0,0,0.0,0.0,0.0,0.0,0.0,0.0,0.0,0.0
349,310,Liriodendron',0,0,0,0,0,0,0,0.0,0.0,0.0,0.0,0.0,0.0,0.0,0.0
349,310,Lithocarpus',0,0,0,0,0,0,0,0.0,0.0,0.0,0.0,0.0,0.0,0.0,0.0
349,310,Maclura',0,0,0,0,0,0,0,0.0,0.0,0.0,0.0,0.0,0.0,0.0,0.0
349,310,Magnolia',0,0,0,0,0,0,0,0.0,0.0,0.0,0.0,0.0,0.0,0.0,0.0
349,310,Malus',0,0,0,0,0,0,0,0.0,0.0,0.0,0.0,0.0,0.0,0.0,0.0
349,310,Morus',0,0,0,0,0,0,0,0.0,0.0,0.0,0.0,0.0,0.0,0.0,0.0
349,310,Nyssa',0,0,0,0,0,0,0,0.0,0.0,0.0,0.0,0.0,0.0,0.0,0.0
349,310,Olneya',0,0,0,0,0,0,0,0.0,0.0,0.0,0.0,0.0,0.0,0.0,0.0
349,310,Ostrya',0,0,0,0,0,0,0,0.0,0.0,0.0,0.0,0.0,0.0,0.0,0.0
349,310,Oxydendron',0,0,0,0,0,0,0,0.0,0.0,0.0,0.0,0.0,0.0,0.0,0.0
349,310,Paulownia',0,0,0,0,0,0,0,0.0,0.0,0.0,0.0,0.0,0.0,0.0,0.0
349,310,Persea',0,0,0,0,0,0,0,0.0,0.0,0.0,0.0,0.0,0.0,0.0,0.0
349,310,Picea',0,107,121,9,0,0,0,28.321380615234375,16.308279037475586,141.40109379708767,3.7527463154544622,3986.90531452477,29478.085216196523,0.010902249890822455,74.20214308536653
349,310,Pinus',0,377,475,149,19,0,0,67.56498718261719,29.341602325439453,661.3902382853627,29.012028645384543,38558.23400018543,181991.0408407561,0.09523837856757832,411.76086534910274
349,310,Planera',0,0,0,0,0,0,0,0.0,0.0,0.0,0.0,0.0,0.0,0.0,0.0
349,310,Platanus',0,0,0,0,0,0,0,0.0,0.0,0.0,0.0,0.0,0.0,0.0,0.0
349,310,Populus',0,1138,215,0,0,0,0,23.93010711669922,12.351985931396484,580.5667877508492,3.722388790287222,3394.895363171399,11033.112665581486,0.01590179338306758,41.23361843713201
349,310,Prosopis',0,0,0,0,0,0,0,0.0,0.0,0.0,0.0,0.0,0.0,0.0,0.0
349,310,Prunus',0,10,10,0,0,0,0,15.35657787322998,8.137726783752441,5.985912476913837,0.19436294752896474,141.14853217959404,3075.693677723192,0.0003998339436124075,8.761180188583348
349,310,Pseudotsuga',0,0,0,0,0,0,0,0.0,0.0,0.0,0.0,0.0,0.0,0.0,0.0
349,310,Quercus',0,0,14,0,0,0,0,13.135072708129883,8.13065242767334,22.585052595108365,0.17557972402530403,229.16129638433458,3658.6730582763107,0.000834371709063651,13.20798913392074
349,310,Robinia',0,0,0,0,0,0,0,0.0,0.0,0.0,0.0,0.0,0.0,0.0,0.0
349,310,Salix',0,185,10,0,0,0,0,8.75741958618164,5.4842143058776855,67.33861141602355,0.2618200672322372,247.00711158119142,1699.8936238581286,0.001518281414260277,10.086918207411077
349,310,Sassafras',0,0,0,0,0,0,0,0.0,0.0,0.0,0.0,0.0,0.0,0.0,0.0
349,310,Sequoia',0,0,0,0,0,0,0,0.0,0.0,0.0,0.0,0.0,0.0,0.0,0.0
349,310,Sequoiadendron',0,0,0,0,0,0,0,0.0,0.0,0.0,0.0,0.0,0.0,0.0,0.0
349,310,Sorbus',0,0,0,0,0,0,0,0.0,0.0,0.0,0.0,0.0,0.0,0.0,0.0
349,310,Taxodium',0,0,0,0,0,0,0,0.0,0.0,0.0,0.0,0.0,0.0,0.0,0.0
349,310,Taxus',0,0,0,0,0,0,0,0.0,0.0,0.0,0.0,0.0,0.0,0.0,0.0
349,310,Thuja',0,100,118,147,22,0,0,60.86552810668945,18.272838592529297,353.73117784321306,23.402883710881433,20830.386033086183,111713.79309008027,0.05139919645752868,261.91704819426576
349,310,Tilia',0,0,0,0,0,0,0,0.0,0.0,0.0,0.0,0.0,0.0,0.0,0.0
349,310,Torreya',0,0,0,0,0,0,0,0.0,0.0,0.0,0.0,0.0,0.0,0.0,0.0
349,310,Tsuga',0,29,32,2,0,0,0,41.48817443847656,15.451701164245605,37.70314586043358,1.548853207391411,1429.156744426489,16173.549661061843,0.003720504896714052,39.78091117273564
349,310,Ulmus',0,47,20,4,0,0,0,30.945661544799805,11.471935272216797,30.095524053219,0.9375046872590619,1064.2233477896452,13297.03864618774,0.0027981825511704584,32.73963786406527
349,310,Umbellularia',0,0,0,0,0,0,0,0.0,0.0,0.0,0.0,0.0,0.0,0.0,0.0
349,320,Abies',0,49,19,0,0,0,0,25.424589157104492,12.813129425048828,34.86696681335568,0.6099664651525715,543.6374980075658,9158.837371835842,0.0017117172918256376,24.315491234166473
349,320,Acer',0,481,93,0,0,0,0,17.539899826049805,11.740763664245605,270.90342128448935,1.512179151575383,2131.938529695049,9474.02840675196,0.008637446431882908,33.662189646968365
349,320,Aesculus',0,0,0,0,0,0,0,0.0,0.0,0.0,0.0,0.0,0.0,0.0,0.0
349,320,Ailanthus',0,0,0,0,0,0,0,0.0,0.0,0.0,0.0,0.0,0.0,0.0,0.0
349,320,Alnus',0,19,2,0,0,0,0,14.449463844299316,8.680363655090332,9.858404691272144,0.0907228204135689,88.59017575562001,1707.3677399349365,0.00033878427575063117,5.93748415063425
349,320,Amelanchier',0,0,0,0,0,0,0,0.0,0.0,0.0,0.0,0.0,0.0,0.0,0.0
349,320,Arbutus',0,0,0,0,0,0,0,0.0,0.0,0.0,0.0,0.0,0.0,0.0,0.0
349,320,Asimina',0,0,0,0,0,0,0,0.0,0.0,0.0,0.0,0.0,0.0,0.0,0.0
349,320,Betula',0,1742,524,5,0,0,0,38.394737243652344,14.25586223602295,1061.092203994034,9.862718564052729,11525.254560930356,33587.90951452151,0.0408866887322179,87.51595317929025
349,320,Calocedrus',0,0,0,0,0,0,0,0.0,0.0,0.0,0.0,0.0,0.0,0.0,0.0
349,320,Carpinus',0,0,0,0,0,0,0,0.0,0.0,0.0,0.0,0.0,0.0,0.0,0.0
349,320,Carya',0,0,0,0,0,0,0,0.0,0.0,0.0,0.0,0.0,0.0,0.0,0.0
349,320,Castanea',0,0,0,0,0,0,0,0.0,0.0,0.0,0.0,0.0,0.0,0.0,0.0
349,320,Catalpa',0,0,0,0,0,0,0,0.0,0.0,0.0,0.0,0.0,0.0,0.0,0.0
349,320,Celtis',0,0,0,0,0,0,0,0.0,0.0,0.0,0.0,0.0,0.0,0.0,0.0
349,320,Cercis',0,0,0,0,0,0,0,0.0,0.0,0.0,0.0,0.0,0.0,0.0,0.0
349,320,Cercocarpus',0,0,0,0,0,0,0,0.0,0.0,0.0,0.0,0.0,0.0,0.0,0.0
349,320,Chamaecyparis',0,0,0,0,0,0,0,0.0,0.0,0.0,0.0,0.0,0.0,0.0,0.0
349,320,Chilopsis',0,0,0,0,0,0,0,0.0,0.0,0.0,0.0,0.0,0.0,0.0,0.0
349,320,Chrysolepis',0,0,0,0,0,0,0,0.0,0.0,0.0,0.0,0.0,0.0,0.0,0.0
349,320,Cladrastis',0,0,0,0,0,0,0,0.0,0.0,0.0,0.0,0.0,0.0,0.0,0.0
349,320,Comus',0,0,0,0,0,0,0,0.0,0.0,0.0,0.0,0.0,0.0,0.0,0.0
349,320,Cornus',0,0,0,0,0,0,0,0.0,0.0,0.0,0.0,0.0,0.0,0.0,0.0
349,320,Crataegus',0,0,0,0,0,0,0,0.0,0.0,0.0,0.0,0.0,0.0,0.0,0.0
349,320,Cupressus',0,0,0,0,0,0,0,0.0,0.0,0.0,0.0,0.0,0.0,0.0,0.0
349,320,Diospyros',0,0,0,0,0,0,0,0.0,0.0,0.0,0.0,0.0,0.0,0.0,0.0
349,320,Elaeagnus',0,88,0,0,0,0,0,4.345333099365234,3.2257258892059326,27.4987553100137,0.07661717916188872,104.32109508290887,851.6893253165227,0.0006276845114603628,5.338444649453119
349,320,Fagus',0,0,0,0,0,0,0,0.0,0.0,0.0,0.0,0.0,0.0,0.0,0.0
349,320,Fraxinus',0,210,23,0,0,0,0,18.435115814208984,8.875663757324219,102.35788452828042,0.5432337788420151,683.2535797654092,4724.21130939893,0.0029918399231869267,17.536286985904898
349,320,Gleditsia',0,0,0,0,0,0,0,0.0,0.0,0.0,0.0,0.0,0.0,0.0,0.0
349,320,Gordonia',0,0,0,0,0,0,0,0.0,0.0,0.0,0.0,0.0,0.0,0.0,0.0
349,320,Gymnocladus',0,0,0,0,0,0,0,0.0,0.0,0.0,0.0,0.0,0.0,0.0,0.0
349,320,Halesia',0,0,0,0,0,0,0,0.0,0.0,0.0,0.0,0.0,0.0,0.0,0.0
349,320,Ilex',0,0,0,0,0,0,0,0.0,0.0,0.0,0.0,0.0,0.0,0.0,0.0
349,320,Juglans',0,0,0,0,0,0,0,0.0,0.0,0.0,0.0,0.0,0.0,0.0,0.0
349,320,Juniperus',0,0,0,0,0,0,0,0.0,0.0,0.0,0.0,0.0,0.0,0.0,0.0
349,320,Larix',0,0,0,0,0,0,0,0.0,0.0,0.0,0.0,0.0,0.0,0.0,0.0
349,320,Liquidambar',0,0,0,0,0,0,0,0.0,0.0,0.0,0.0,0.0,0.0,0.0,0.0
349,320,Liriodendron',0,0,0,0,0,0,0,0.0,0.0,0.0,0.0,0.0,0.0,0.0,0.0
349,320,Lithocarpus',0,0,0,0,0,0,0,0.0,0.0,0.0,0.0,0.0,0.0,0.0,0.0
349,320,Maclura',0,0,0,0,0,0,0,0.0,0.0,0.0,0.0,0.0,0.0,0.0,0.0
349,320,Magnolia',0,0,0,0,0,0,0,0.0,0.0,0.0,0.0,0.0,0.0,0.0,0.0
349,320,Malus',0,0,0,0,0,0,0,0.0,0.0,0.0,0.0,0.0,0.0,0.0,0.0
349,320,Morus',0,0,0,0,0,0,0,0.0,0.0,0.0,0.0,0.0,0.0,0.0,0.0
349,320,Nyssa',0,0,0,0,0,0,0,0.0,0.0,0.0,0.0,0.0,0.0,0.0,0.0
349,320,Olneya',0,0,0,0,0,0,0,0.0,0.0,0.0,0.0,0.0,0.0,0.0,0.0
349,320,Ostrya',0,0,0,0,0,0,0,0.0,0.0,0.0,0.0,0.0,0.0,0.0,0.0
349,320,Oxydendron',0,0,0,0,0,0,0,0.0,0.0,0.0,0.0,0.0,0.0,0.0,0.0
349,320,Paulownia',0,0,0,0,0,0,0,0.0,0.0,0.0,0.0,0.0,0.0,0.0,0.0
349,320,Persea',0,0,0,0,0,0,0,0.0,0.0,0.0,0.0,0.0,0.0,0.0,0.0
349,320,Picea',0,59,143,9,0,0,0,29.985843658447266,16.891054153442383,130.93513395130634,4.442585356583515,4802.3876408702135,34925.62139044016,0.012563257679118315,85.23402203571317
349,320,Pinus',0,514,499,108,17,6,0,68.94334411621094,29.543874740600586,688.55394976601,28.136464559962196,37836.53277507648,184802.3524374537,0.09402696352973061,417.6330991269842
349,320,Planera',0,0,0,0,0,0,0,0.0,0.0,0.0,0.0,0.0,0.0,0.0,0.0
349,320,Platanus',0,0,0,0,0,0,0,0.0,0.0,0.0,0.0,0.0,0.0,0.0,0.0
349,320,Populus',0,1277,151,3,0,0,0,30.158143997192383,13.166589736938477,514.3828679748539,3.2367898583398604,3012.807900197059,10478.22162204323,0.014099955773144605,37.997202055115366
349,320,Prosopis',0,0,0,0,0,0,0,0.0,0.0,0.0,0.0,0.0,0.0,0.0,0.0
349,320,Prunus',0,10,10,0,0,0,0,19.876785278320312,9.138583183288574,18.19721433935286,0.36588205276124175,286.6156816720963,5501.720971529276,0.0008988827683031573,15.525619337770598
349,320,Pseudotsuga',0,0,0,0,0,0,0,0.0,0.0,0.0,0.0,0.0,0.0,0.0,0.0
349,320,Quercus',0,0,14,0,0,0,0,16.06785774230957,9.256123542785645,19.733145335052587,0.27964167899010567,327.72457806110384,5430.547464124271,0.0010123464493751555,16.47548357576846
349,320,Robinia',0,0,0,0,0,0,0,0.0,0.0,0.0,0.0,0.0,0.0,0.0,0.0
349,320,Salix',0,273,15,0,0,0,0,11.29206657409668,6.486568450927734,100.53706830225978,0.46737435889049767,418.42438761338593,2596.7945582533393,0.002377118933216904,13.4863215114771
349,320,Sassafras',0,0,0,0,0,0,0,0.0,0.0,0.0,0.0,0.0,0.0,0.0,0.0
349,320,Sequoia',0,0,0,0,0,0,0,0.0,0.0,0.0,0.0,0.0,0.0,0.0,0.0
349,320,Sequoiadendron',0,0,0,0,0,0,0,0.0,0.0,0.0,0.0,0.0,0.0,0.0,0.0
349,320,Sorbus',0,0,0,0,0,0,0,0.0,0.0,0.0,0.0,0.0,0.0,0.0,0.0
349,320,Taxodium',0,0,0,0,0,0,0,0.0,0.0,0.0,0.0,0.0,0.0,0.0,0.0
349,320,Taxus',0,0,0,0,0,0,0,0.0,0.0,0.0,0.0,0.0,0.0,0.0,0.0
349,320,Thuja',0,109,118,151,25,0,0,57.33574676513672,17.941469192504883,352.5879592873156,23.50385104347795,20702.230113763362,101695.41331573267,0.051097892841279975,238.1105018535252
349,320,Tilia',0,0,0,0,0,0,0,0.0,0.0,0.0,0.0,0.0,0.0,0.0,0.0
349,320,Torreya',0,0,0,0,0,0,0,0.0,0.0,0.0,0.0,0.0,0.0,0.0,0.0
349,320,Tsuga',0,39,17,2,0,0,0,46.30272674560547,16.55470085144043,41.13613839209079,1.1138621077327966,1106.9868232446909,13874.776632887444,0.0030541593563112807,36.270112329934044
349,320,Ulmus',0,86,14,4,0,0,0,34.08808898925781,12.318333625793457,73.07110250279118,0.9641505299552355,1235.1685605412722,15332.55467159832,0.0037967181113194594,37.034173979435586
349,320,Umbellularia',0,0,0,0,0,0,0,0.0,0.0,0.0,0.0,0.0,0.0,0.0,0.0
349,330,Abies',0,8,39,0,0,0,0,27.993804931640625,13.605307579040527,39.80415516018867,0.8528467366117027,754.7327962887288,11674.188847858515,0.0022521329620679236,30.225869595279566
349,330,Acer',0,455,77,0,0,0,0,23.616352081298828,14.558905601501465,239.98741599837246,1.3389923495635738,1889.534514257759,8965.832322119533,0.007653717771671938,31.93735466511007
349,330,Aesculus',0,0,0,0,0,0,0,0.0,0.0,0.0,0.0,0.0,0.0,0.0,0.0
349,330,Ailanthus',0,0,0,0,0,0,0,0.0,0.0,0.0,0.0,0.0,0.0,0.0,0.0
349,330,Alnus',0,20,0,0,0,0,0,0.8608527183532715,1.8433129787445068,0.43706550451490694,0.0007939501682383046,2.4338893834501505,40.05609956457859,1.1700444050948091e-05,0.22288044767036835
349,330,Amelanchier',0,0,0,0,0,0,0,0.0,0.0,0.0,0.0,0.0,0.0,0.0,0.0
349,330,Arbutus',0,0,0,0,0,0,0,0.0,0.0,0.0,0.0,0.0,0.0,0.0,0.0
349,330,Asimina',0,0,0,0,0,0,0,0.0,0.0,0.0,0.0,0.0,0.0,0.0,0.0
349,330,Betula',0,1600,571,5,0,0,0,40.10337448120117,14.615769386291504,1061.0571346584047,10.942232247358076,12772.57080275692,37295.26233547224,0.04365799762991804,95.4381748409757
349,330,Calocedrus',0,0,0,0,0,0,0,0.0,0.0,0.0,0.0,0.0,0.0,0.0,0.0
349,330,Carpinus',0,0,0,0,0,0,0,0.0,0.0,0.0,0.0,0.0,0.0,0.0,0.0
349,330,Carya',0,0,0,0,0,0,0,0.0,0.0,0.0,0.0,0.0,0.0,0.0,0.0
349,330,Castanea',0,0,0,0,0,0,0,0.0,0.0,0.0,0.0,0.0,0.0,0.0,0.0
349,330,Catalpa',0,0,0,0,0,0,0,0.0,0.0,0.0,0.0,0.0,0.0,0.0,0.0
349,330,Celtis',0,0,0,0,0,0,0,0.0,0.0,0.0,0.0,0.0,0.0,0.0,0.0
349,330,Cercis',0,0,0,0,0,0,0,0.0,0.0,0.0,0.0,0.0,0.0,0.0,0.0
349,330,Cercocarpus',0,0,0,0,0,0,0,0.0,0.0,0.0,0.0,0.0,0.0,0.0,0.0
349,330,Chamaecyparis',0,0,0,0,0,0,0,0.0,0.0,0.0,0.0,0.0,0.0,0.0,0.0
349,330,Chilopsis',0,0,0,0,0,0,0,0.0,0.0,0.0,0.0,0.0,0.0,0.0,0.0
349,330,Chrysolepis',0,0,0,0,0,0,0,0.0,0.0,0.0,0.0,0.0,0.0,0.0,0.0
349,330,Cladrastis',0,0,0,0,0,0,0,0.0,0.0,0.0,0.0,0.0,0.0,0.0,0.0
349,330,Comus',0,0,0,0,0,0,0,0.0,0.0,0.0,0.0,0.0,0.0,0.0,0.0
349,330,Cornus',0,0,0,0,0,0,0,0.0,0.0,0.0,0.0,0.0,0.0,0.0,0.0
349,330,Crataegus',0,0,0,0,0,0,0,0.0,0.0,0.0,0.0,0.0,0.0,0.0,0.0
349,330,Cupressus',0,0,0,0,0,0,0,0.0,0.0,0.0,0.0,0.0,0.0,0.0,0.0
349,330,Diospyros',0,0,0,0,0,0,0,0.0,0.0,0.0,0.0,0.0,0.0,0.0,0.0
349,330,Elaeagnus',0,90,0,0,0,0,0,6.555206298828125,4.011953830718994,41.68906954458996,0.113024736185206,152.50986613154413,1339.625613537295,0.0009390481281224625,8.065944403676456
349,330,Fagus',0,0,0,0,0,0,0,0.0,0.0,0.0,0.0,0.0,0.0,0.0,0.0
349,330,Fraxinus',0,95,40,0,0,0,0,14.862722396850586,7.6374993324279785,56.82530669236107,0.5477518482441481,605.1762062248588,5428.482751700285,0.0021628678750656542,16.816769740812482
349,330,Gleditsia',0,0,0,0,0,0,0,0.0,0.0,0.0,0.0,0.0,0.0,0.0,0.0
349,330,Gordonia',0,0,0,0,0,0,0,0.0,0.0,0.0,0.0,0.0,0.0,0.0,0.0
349,330,Gymnocladus',0,0,0,0,0,0,0,0.0,0.0,0.0,0.0,0.0,0.0,0.0,0.0
349,330,Halesia',0,0,0,0,0,0,0,0.0,0.0,0.0,0.0,0.0,0.0,0.0,0.0
349,330,Ilex',0,0,0,0,0,0,0,0.0,0.0,0.0,0.0,0.0,0.0,0.0,0.0
349,330,Juglans',0,0,0,0,0,0,0,0.0,0.0,0.0,0.0,0.0,0.0,0.0,0.0
349,330,Juniperus',0,0,0,0,0,0,0,0.0,0.0,0.0,0.0,0.0,0.0,0.0,0.0
349,330,Larix',0,0,0,0,0,0,0,0.0,0.0,0.0,0.0,0.0,0.0,0.0,0.0
349,330,Liquidambar',0,0,0,0,0,0,0,0.0,0.0,0.0,0.0,0.0,0.0,0.0,0.0
349,330,Liriodendron',0,0,0,0,0,0,0,0.0,0.0,0.0,0.0,0.0,0.0,0.0,0.0
349,330,Lithocarpus',0,0,0,0,0,0,0,0.0,0.0,0.0,0.0,0.0,0.0,0.0,0.0
349,330,Maclura',0,0,0,0,0,0,0,0.0,0.0,0.0,0.0,0.0,0.0,0.0,0.0
349,330,Magnolia',0,0,0,0,0,0,0,0.0,0.0,0.0,0.0,0.0,0.0,0.0,0.0
349,330,Malus',0,0,0,0,0,0,0,0.0,0.0,0.0,0.0,0.0,0.0,0.0,0.0
349,330,Morus',0,0,0,0,0,0,0,0.0,0.0,0.0,0.0,0.0,0.0,0.0,0.0
349,330,Nyssa',0,0,0,0,0,0,0,0.0,0.0,0.0,0.0,0.0,0.0,0.0,0.0
349,330,Olneya',0,0,0,0,0,0,0,0.0,0.0,0.0,0.0,0.0,0.0,0.0,0.0
349,330,Ostrya',0,0,0,0,0,0,0,0.0,0.0,0.0,0.0,0.0,0.0,0.0,0.0
349,330,Oxydendron',0,0,0,0,0,0,0,0.0,0.0,0.0,0.0,0.0,0.0,0.0,0.0
349,330,Paulownia',0,0,0,0,0,0,0,0.0,0.0,0.0,0.0,0.0,0.0,0.0,0.0
349,330,Persea',0,0,0,0,0,0,0,0.0,0.0,0.0,0.0,0.0,0.0,0.0,0.0
349,330,Picea',0,69,102,29,0,0,0,31.53622055053711,17.411548614501953,115.95290744692086,4.979708337783045,5502.991611883938,40253.62485424336,0.013903745463664482,96.49227604522041
349,330,Pinus',0,533,481,125,17,6,0,70.25463104248047,29.72958755493164,740.1526568875462,30.06930871811503,40629.7676061026,192860.3733604945,0.10097946612683815,436.8370578938386
349,330,Planera',0,0,0,0,0,0,0,0.0,0.0,0.0,0.0,0.0,0.0,0.0,0.0
349,330,Platanus',0,0,0,0,0,0,0,0.0,0.0,0.0,0.0,0.0,0.0,0.0,0.0
349,330,Populus',0,1323,92,0,0,0,0,20.90899085998535,14.024223327636719,578.8943206414556,2.9080216255060947,2866.376232037507,10416.439577774308,0.014703230280600034,38.17190248397247
349,330,Prosopis',0,0,0,0,0,0,0,0.0,0.0,0.0,0.0,0.0,0.0,0.0,0.0
349,330,Prunus',0,0,10,0,0,0,0,24.11410903930664,9.839912414550781,6.998895069089116,0.46948901670908805,366.1325666677952,8186.973078456636,0.0009143809386789771,20.446179362162596
349,330,Pseudotsuga',0,0,0,0,0,0,0,0.0,0.0,0.0,0.0,0.0,0.0,0.0,0.0
349,330,Quercus',0,0,14,0,0,0,0,19.153364181518555,10.232002258300781,18.015067271793942,0.3892126742640566,454.0954669737816,7628.580807950231,0.00126843791532516,20.800377588615298
349,330,Robinia',0,0,0,0,0,0,0,0.0,0.0,0.0,0.0,0.0,0.0,0.0,0.0
349,330,Salix',0,154,45,0,0,0,0,10.885479927062988,6.331360340118408,92.68087786115423,0.4873085383681229,415.2416850614548,2754.1860148388673,0.002256952016693193,13.52960521206226
349,330,Sassafras',0,0,0,0,0,0,0,0.0,0.0,0.0,0.0,0.0,0.0,0.0,0.0
349,330,Sequoia',0,0,0,0,0,0,0,0.0,0.0,0.0,0.0,0.0,0.0,0.0,0.0
349,330,Sequoiadendron',0,0,0,0,0,0,0,0.0,0.0,0.0,0.0,0.0,0.0,0.0,0.0
349,330,Sorbus',0,0,0,0,0,0,0,0.0,0.0,0.0,0.0,0.0,0.0,0.0,0.0
349,330,Taxodium',0,0,0,0,0,0,0,0.0,0.0,0.0,0.0,0.0,0.0,0.0,0.0
349,330,Taxus',0,0,0,0,0,0,0,0.0,0.0,0.0,0.0,0.0,0.0,0.0,0.0
349,330,Thuja',0,150,127,138,18,0,0,59.95155334472656,18.19064712524414,410.96003871172667,23.49814675140773,21024.243552182616,106375.48596406369,0.052656630332861755,251.22202129574714
349,330,Tilia',0,0,0,0,0,0,0,0.0,0.0,0.0,0.0,0.0,0.0,0.0,0.0
349,330,Torreya',0,0,0,0,0,0,0,0.0,0.0,0.0,0.0,0.0,0.0,0.0,0.0
349,330,Tsuga',0,6,29,0,2,0,0,50.55997085571289,17.46014976501465,20.054714846014974,0.9679704919743626,986.0153341430425,14989.451128670684,0.0024808244374558944,37.07741100657399
349,330,Ulmus',0,30,61,0,0,0,0,23.077983856201172,12.70690631866455,61.23714953472342,0.8732033778775988,1069.0241618311406,14244.13040757636,0.003257152143483978,34.525287529197676
349,330,Umbellularia',0,0,0,0,0,0,0,0.0,0.0,0.0,0.0,0.0,0.0,0.0,0.0
349,340,Abies',0,0,38,8,0,0,0,30.186452865600586,14.240519523620605,37.18162489593029,1.1535967951805899,1001.2325850743056,14332.057532305733,0.0027620292561724804,35.912100583439845
349,340,Acer',0,541,75,0,0,0,0,27.47258186340332,16.171777725219727,323.90600314128056,1.850478782298191,2584.046700408012,11370.327998656614,0.010405132846415258,38.23350258397418
349,340,Aesculus',0,0,0,0,0,0,0,0.0,0.0,0.0,0.0,0.0,0.0,0.0,0.0
349,340,Ailanthus',0,0,0,0,0,0,0,0.0,0.0,0.0,0.0,0.0,0.0,0.0,0.0
349,340,Alnus',0,22,0,0,0,0,0,4.516136646270752,3.9882972240448,8.464375164689896,0.021433269884745743,28.671771775484086,500.4574009807772,0.00018556443176511627,3.1937904366795555
349,340,Amelanchier',0,0,0,0,0,0,0,0.0,0.0,0.0,0.0,0.0,0.0,0.0,0.0
349,340,Arbutus',0,0,0,0,0,0,0,0.0,0.0,0.0,0.0,0.0,0.0,0.0,0.0
349,340,Asimina',0,0,0,0,0,0,0,0.0,0.0,0.0,0.0,0.0,0.0,0.0,0.0
349,340,Betula',0,1649,557,1,0,0,0,28.401905059814453,11.85676383972168,1081.962717154735,10.166782802945542,11708.331884771287,28495.98041431807,0.04159396965499675,79.52811733316975
349,340,Calocedrus',0,0,0,0,0,0,0,0.0,0.0,0.0,0.0,0.0,0.0,0.0,0.0
349,340,Carpinus',0,0,0,0,0,0,0,0.0,0.0,0.0,0.0,0.0,0.0,0.0,0.0
349,340,Carya',0,0,0,0,0,0,0,0.0,0.0,0.0,0.0,0.0,0.0,0.0,0.0
349,340,Castanea',0,0,0,0,0,0,0,0.0,0.0,0.0,0.0,0.0,0.0,0.0,0.0
349,340,Catalpa',0,0,0,0,0,0,0,0.0,0.0,0.0,0.0,0.0,0.0,0.0,0.0
349,340,Celtis',0,0,0,0,0,0,0,0.0,0.0,0.0,0.0,0.0,0.0,0.0,0.0
349,340,Cercis',0,0,0,0,0,0,0,0.0,0.0,0.0,0.0,0.0,0.0,0.0,0.0
349,340,Cercocarpus',0,0,0,0,0,0,0,0.0,0.0,0.0,0.0,0.0,0.0,0.0,0.0
349,340,Chamaecyparis',0,0,0,0,0,0,0,0.0,0.0,0.0,0.0,0.0,0.0,0.0,0.0
349,340,Chilopsis',0,0,0,0,0,0,0,0.0,0.0,0.0,0.0,0.0,0.0,0.0,0.0
349,340,Chrysolepis',0,0,0,0,0,0,0,0.0,0.0,0.0,0.0,0.0,0.0,0.0,0.0
349,340,Cladrastis',0,0,0,0,0,0,0,0.0,0.0,0.0,0.0,0.0,0.0,0.0,0.0
349,340,Comus',0,0,0,0,0,0,0,0.0,0.0,0.0,0.0,0.0,0.0,0.0,0.0
349,340,Cornus',0,0,0,0,0,0,0,0.0,0.0,0.0,0.0,0.0,0.0,0.0,0.0
349,340,Crataegus',0,0,0,0,0,0,0,0.0,0.0,0.0,0.0,0.0,0.0,0.0,0.0
349,340,Cupressus',0,0,0,0,0,0,0,0.0,0.0,0.0,0.0,0.0,0.0,0.0,0.0
349,340,Diospyros',0,0,0,0,0,0,0,0.0,0.0,0.0,0.0,0.0,0.0,0.0,0.0
349,340,Elaeagnus',0,128,6,0,0,0,0,10.279627799987793,5.102396488189697,41.36713185406561,0.14667511268363273,186.92171373635531,1621.138658955962,0.001010884432286723,8.446611041327994
349,340,Fagus',0,0,0,0,0,0,0,0.0,0.0,0.0,0.0,0.0,0.0,0.0,0.0
349,340,Fraxinus',0,87,21,0,0,0,0,17.16133689880371,8.445314407348633,45.298989141902204,0.4955722970553118,546.2206642909348,5965.463763197732,0.0018659278224047707,16.893173278565456
349,340,Gleditsia',0,0,0,0,0,0,0,0.0,0.0,0.0,0.0,0.0,0.0,0.0,0.0
349,340,Gordonia',0,0,0,0,0,0,0,0.0,0.0,0.0,0.0,0.0,0.0,0.0,0.0
349,340,Gymnocladus',0,0,0,0,0,0,0,0.0,0.0,0.0,0.0,0.0,0.0,0.0,0.0
349,340,Halesia',0,0,0,0,0,0,0,0.0,0.0,0.0,0.0,0.0,0.0,0.0,0.0
349,340,Ilex',0,0,0,0,0,0,0,0.0,0.0,0.0,0.0,0.0,0.0,0.0,0.0
349,340,Juglans',0,0,0,0,0,0,0,0.0,0.0,0.0,0.0,0.0,0.0,0.0,0.0
349,340,Juniperus',0,0,0,0,0,0,0,0.0,0.0,0.0,0.0,0.0,0.0,0.0,0.0
349,340,Larix',0,0,0,0,0,0,0,0.0,0.0,0.0,0.0,0.0,0.0,0.0,0.0
349,340,Liquidambar',0,0,0,0,0,0,0,0.0,0.0,0.0,0.0,0.0,0.0,0.0,0.0
349,340,Liriodendron',0,0,0,0,0,0,0,0.0,0.0,0.0,0.0,0.0,0.0,0.0,0.0
349,340,Lithocarpus',0,0,0,0,0,0,0,0.0,0.0,0.0,0.0,0.0,0.0,0.0,0.0
349,340,Maclura',0,0,0,0,0,0,0,0.0,0.0,0.0,0.0,0.0,0.0,0.0,0.0
349,340,Magnolia',0,0,0,0,0,0,0,0.0,0.0,0.0,0.0,0.0,0.0,0.0,0.0
349,340,Malus',0,0,0,0,0,0,0,0.0,0.0,0.0,0.0,0.0,0.0,0.0,0.0
349,340,Morus',0,0,0,0,0,0,0,0.0,0.0,0.0,0.0,0.0,0.0,0.0,0.0
349,340,Nyssa',0,0,0,0,0,0,0,0.0,0.0,0.0,0.0,0.0,0.0,0.0,0.0
349,340,Olneya',0,0,0,0,0,0,0,0.0,0.0,0.0,0.0,0.0,0.0,0.0,0.0
349,340,Ostrya',0,0,0,0,0,0,0,0.0,0.0,0.0,0.0,0.0,0.0,0.0,0.0
349,340,Oxydendron',0,0,0,0,0,0,0,0.0,0.0,0.0,0.0,0.0,0.0,0.0,0.0
349,340,Paulownia',0,0,0,0,0,0,0,0.0,0.0,0.0,0.0,0.0,0.0,0.0,0.0
349,340,Persea',0,0,0,0,0,0,0,0.0,0.0,0.0,0.0,0.0,0.0,0.0,0.0
349,340,Picea',0,91,122,29,0,0,0,32.84197235107422,17.833850860595703,169.9839950016141,5.163558984221885,5813.760594695508,41999.93347784042,0.015374792295895234,100.83406793806036
349,340,Pinus',0,587,518,125,14,6,0,71.55949401855469,29.908117294311523,806.678962751776,31.82747962322974,42737.698912604006,202294.83400883037,0.10662469486122013,457.898608039016
349,340,Planera',0,0,0,0,0,0,0,0.0,0.0,0.0,0.0,0.0,0.0,0.0,0.0
349,340,Platanus',0,0,0,0,0,0,0,0.0,0.0,0.0,0.0,0.0,0.0,0.0,0.0
349,340,Populus',0,1165,75,0,0,0,0,11.59611701965332,8.853730201721191,497.23759305946334,2.1533739948390145,2038.3598836950214,5431.897063971245,0.011687700034179847,29.380574562973738
349,340,Prosopis',0,0,0,0,0,0,0,0.0,0.0,0.0,0.0,0.0,0.0,0.0,0.0
349,340,Prunus',0,10,0,0,0,0,0,3.790726900100708,3.6796066761016846,4.388701702597774,0.010508508587947406,12.04382693886757,256.8576447268138,8.994185916520672e-05,1.9191595299631694
349,340,Pseudotsuga',0,0,0,0,0,0,0,0.0,0.0,0.0,0.0,0.0,0.0,0.0,0.0
349,340,Quercus',0,10,3,0,0,0,0,20.15094566345215,11.202390670776367,10.054152599194003,0.1190463148827165,188.03406867071988,4165.706433374901,0.0005625886021147007,12.366640060617833
349,340,Robinia',0,0,0,0,0,0,0,0.0,0.0,0.0,0.0,0.0,0.0,0.0,0.0
349,340,Salix',0,252,20,0,0,0,0,15.452498435974121,7.960833549499512,91.42897801084703,0.5165944467580543,447.41734414704143,3597.2182110595054,0.002310431691850534,14.157791084550823
349,340,Sassafras',0,0,0,0,0,0,0,0.0,0.0,0.0,0.0,0.0,0.0,0.0,0.0
349,340,Sequoia',0,0,0,0,0,0,0,0.0,0.0,0.0,0.0,0.0,0.0,0.0,0.0
349,340,Sequoiadendron',0,0,0,0,0,0,0,0.0,0.0,0.0,0.0,0.0,0.0,0.0,0.0
349,340,Sorbus',0,0,0,0,0,0,0,0.0,0.0,0.0,0.0,0.0,0.0,0.0,0.0
349,340,Taxodium',0,0,0,0,0,0,0,0.0,0.0,0.0,0.0,0.0,0.0,0.0,0.0
349,340,Taxus',0,0,0,0,0,0,0,0.0,0.0,0.0,0.0,0.0,0.0,0.0,0.0
349,340,Thuja',0,91,162,115,27,0,0,61.0,18.284727096557617,386.2106536602974,23.606053272651852,21004.96488503173,105021.48438598991,0.052256297711475816,246.8429777039084
349,340,Tilia',0,0,0,0,0,0,0,0.0,0.0,0.0,0.0,0.0,0.0,0.0,0.0
349,340,Torreya',0,0,0,0,0,0,0,0.0,0.0,0.0,0.0,0.0,0.0,0.0,0.0
349,340,Tsuga',0,10,35,0,2,0,0,54.51854705810547,18.24728012084961,31.856678665876387,1.242627479902293,1282.6983630645275,18191.89634759376,0.0033105928382460683,44.32453335228772
349,340,Ulmus',0,30,54,0,0,0,0,24.8195858001709,13.355547904968262,45.081005657115305,1.1172144946013272,1296.249826925099,17200.939422334108,0.0035295212091077085,40.4549962510488
349,340,Umbellularia',0,0,0,0,0,0,0,0.0,0.0,0.0,0.0,0.0,0.0,0.0,0.0
349,350,Abies',0,8,38,8,0,0,0,32.22683334350586,14.79977035522461,39.70746086359024,1.4718456802463527,1293.7559625959398,17514.40012585029,0.003448565465124638,44.1218131605386
349,350,Acer',0,552,114,0,0,0,0,30.080703735351562,17.191797256469727,280.1746851100904,1.9973000416132123,2665.766640543863,13074.344679464113,0.009957196084372929,40.71858839031969
349,350,Aesculus',0,0,0,0,0,0,0,0.0,0.0,0.0,0.0,0.0,0.0,0.0,0.0
349,350,Ailanthus',0,0,0,0,0,0,0,0.0,0.0,0.0,0.0,0.0,0.0,0.0,0.0
349,350,Alnus',0,3,10,0,0,0,0,8.12972354888916,5.872628211975098,6.4248082605249515,0.05308065712820392,48.30965159609914,1074.2942103484065,0.0001998434654949231,4.428560090161493
349,350,Amelanchier',0,0,0,0,0,0,0,0.0,0.0,0.0,0.0,0.0,0.0,0.0,0.0
349,350,Arbutus',0,0,0,0,0,0,0,0.0,0.0,0.0,0.0,0.0,0.0,0.0,0.0
349,350,Asimina',0,0,0,0,0,0,0,0.0,0.0,0.0,0.0,0.0,0.0,0.0,0.0
349,350,Betula',0,1415,589,0,0,0,0,24.008060455322266,11.731513977050781,985.6686299288338,10.76475193941323,12337.804058616088,31839.159682798912,0.04160659002175893,84.79962113490598
349,350,Calocedrus',0,0,0,0,0,0,0,0.0,0.0,0.0,0.0,0.0,0.0,0.0,0.0
349,350,Carpinus',0,0,0,0,0,0,0,0.0,0.0,0.0,0.0,0.0,0.0,0.0,0.0
349,350,Carya',0,0,0,0,0,0,0,0.0,0.0,0.0,0.0,0.0,0.0,0.0,0.0
349,350,Castanea',0,0,0,0,0,0,0,0.0,0.0,0.0,0.0,0.0,0.0,0.0,0.0
349,350,Catalpa',0,0,0,0,0,0,0,0.0,0.0,0.0,0.0,0.0,0.0,0.0,0.0
349,350,Celtis',0,0,0,0,0,0,0,0.0,0.0,0.0,0.0,0.0,0.0,0.0,0.0
349,350,Cercis',0,0,0,0,0,0,0,0.0,0.0,0.0,0.0,0.0,0.0,0.0,0.0
349,350,Cercocarpus',0,0,0,0,0,0,0,0.0,0.0,0.0,0.0,0.0,0.0,0.0,0.0
349,350,Chamaecyparis',0,0,0,0,0,0,0,0.0,0.0,0.0,0.0,0.0,0.0,0.0,0.0
349,350,Chilopsis',0,0,0,0,0,0,0,0.0,0.0,0.0,0.0,0.0,0.0,0.0,0.0
349,350,Chrysolepis',0,0,0,0,0,0,0,0.0,0.0,0.0,0.0,0.0,0.0,0.0,0.0
349,350,Cladrastis',0,0,0,0,0,0,0,0.0,0.0,0.0,0.0,0.0,0.0,0.0,0.0
349,350,Comus',0,0,0,0,0,0,0,0.0,0.0,0.0,0.0,0.0,0.0,0.0,0.0
349,350,Cornus',0,0,0,0,0,0,0,0.0,0.0,0.0,0.0,0.0,0.0,0.0,0.0
349,350,Crataegus',0,0,0,0,0,0,0,0.0,0.0,0.0,0.0,0.0,0.0,0.0,0.0
349,350,Cupressus',0,0,0,0,0,0,0,0.0,0.0,0.0,0.0,0.0,0.0,0.0,0.0
349,350,Diospyros',0,0,0,0,0,0,0,0.0,0.0,0.0,0.0,0.0,0.0,0.0,0.0
349,350,Elaeagnus',0,111,0,0,0,0,0,7.122898578643799,4.196023941040039,31.33711044924168,0.12808668907476406,152.74162481367588,1342.044401902924,0.0007905409507288144,7.012118529009586
349,350,Fagus',0,0,0,0,0,0,0,0.0,0.0,0.0,0.0,0.0,0.0,0.0,0.0
349,350,Fraxinus',0,70,21,0,0,0,0,18.771055221557617,8.987164497375488,38.75142193517258,0.47254181118912225,550.4260277678818,7279.641184586457,0.001781017170031321,19.691092926798895
349,350,Gleditsia',0,0,0,0,0,0,0,0.0,0.0,0.0,0.0,0.0,0.0,0.0,0.0
349,350,Gordonia',0,0,0,0,0,0,0,0.0,0.0,0.0,0.0,0.0,0.0,0.0,0.0
349,350,Gymnocladus',0,0,0,0,0,0,0,0.0,0.0,0.0,0.0,0.0,0.0,0.0,0.0
349,350,Halesia',0,0,0,0,0,0,0,0.0,0.0,0.0,0.0,0.0,0.0,0.0,0.0
349,350,Ilex',0,0,0,0,0,0,0,0.0,0.0,0.0,0.0,0.0,0.0,0.0,0.0
349,350,Juglans',0,0,0,0,0,0,0,0.0,0.0,0.0,0.0,0.0,0.0,0.0,0.0
349,350,Juniperus',0,0,0,0,0,0,0,0.0,0.0,0.0,0.0,0.0,0.0,0.0,0.0
349,350,Larix',0,0,0,0,0,0,0,0.0,0.0,0.0,0.0,0.0,0.0,0.0,0.0
349,350,Liquidambar',0,0,0,0,0,0,0,0.0,0.0,0.0,0.0,0.0,0.0,0.0,0.0
349,350,Liriodendron',0,0,0,0,0,0,0,0.0,0.0,0.0,0.0,0.0,0.0,0.0,0.0
349,350,Lithocarpus',0,0,0,0,0,0,0,0.0,0.0,0.0,0.0,0.0,0.0,0.0,0.0
349,350,Maclura',0,0,0,0,0,0,0,0.0,0.0,0.0,0.0,0.0,0.0,0.0,0.0
349,350,Magnolia',0,0,0,0,0,0,0,0.0,0.0,0.0,0.0,0.0,0.0,0.0,0.0
349,350,Malus',0,0,0,0,0,0,0,0.0,0.0,0.0,0.0,0.0,0.0,0.0,0.0
349,350,Morus',0,0,0,0,0,0,0,0.0,0.0,0.0,0.0,0.0,0.0,0.0,0.0
349,350,Nyssa',0,0,0,0,0,0,0,0.0,0.0,0.0,0.0,0.0,0.0,0.0,0.0
349,350,Olneya',0,0,0,0,0,0,0,0.0,0.0,0.0,0.0,0.0,0.0,0.0,0.0
349,350,Ostrya',0,0,0,0,0,0,0,0.0,0.0,0.0,0.0,0.0,0.0,0.0,0.0
349,350,Oxydendron',0,0,0,0,0,0,0,0.0,0.0,0.0,0.0,0.0,0.0,0.0,0.0
349,350,Paulownia',0,0,0,0,0,0,0,0.0,0.0,0.0,0.0,0.0,0.0,0.0,0.0
349,350,Persea',0,0,0,0,0,0,0,0.0,0.0,0.0,0.0,0.0,0.0,0.0,0.0
349,350,Picea',0,86,126,29,0,0,0,33.973045349121094,18.188190460205078,145.88167485654353,5.568492048838951,6257.646476702094,45843.220065494614,0.016013060590230773,108.34289323217357
349,350,Pinus',0,456,602,143,16,0,0,58.35382843017578,29.319400787353516,760.4785476599633,32.119693953996496,40930.154537069946,172870.25546700752,0.10194058820857782,391.96441431942725
349,350,Planera',0,0,0,0,0,0,0,0.0,0.0,0.0,0.0,0.0,0.0,0.0,0.0
349,350,Platanus',0,0,0,0,0,0,0,0.0,0.0,0.0,0.0,0.0,0.0,0.0,0.0
349,350,Populus',0,965,162,0,0,0,0,15.77071475982666,10.930709838867188,465.1289135230634,2.655833455392857,2419.729026113525,7678.675600421983,0.012072964716042746,32.53808962166459
349,350,Prosopis',0,0,0,0,0,0,0,0.0,0.0,0.0,0.0,0.0,0.0,0.0,0.0
349,350,Prunus',0,0,0,0,0,0,0,0.0,0.0,0.0,0.0,0.0,0.0,0.0,0.0
349,350,Pseudotsuga',0,0,0,0,0,0,0,0.0,0.0,0.0,0.0,0.0,0.0,0.0,0.0
349,350,Quercus',0,2,3,0,0,0,0,22.373708724975586,12.101885795593262,9.620551323588888,0.14629989936707768,232.69946236133575,5196.653065659368,0.0006556031286455697,14.644918292852534
349,350,Robinia',0,0,0,0,0,0,0,0.0,0.0,0.0,0.0,0.0,0.0,0.0,0.0
349,350,Salix',0,204,20,0,0,0,0,9.760954856872559,5.891107082366943,87.25051081208865,0.36831159582964157,342.0985162833333,2351.5298907110064,0.002016238496639065,12.914090844590733
349,350,Sassafras',0,0,0,0,0,0,0,0.0,0.0,0.0,0.0,0.0,0.0,0.0,0.0
349,350,Sequoia',0,0,0,0,0,0,0,0.0,0.0,0.0,0.0,0.0,0.0,0.0,0.0
349,350,Sequoiadendron',0,0,0,0,0,0,0,0.0,0.0,0.0,0.0,0.0,0.0,0.0,0.0
349,350,Sorbus',0,0,0,0,0,0,0,0.0,0.0,0.0,0.0,0.0,0.0,0.0,0.0
349,350,Taxodium',0,0,0,0,0,0,0,0.0,0.0,0.0,0.0,0.0,0.0,0.0,0.0
349,350,Taxus',0,0,0,0,0,0,0,0.0,0.0,0.0,0.0,0.0,0.0,0.0,0.0
349,350,Thuja',0,99,156,115,34,0,0,60.27703094482422,18.220197677612305,390.05236105442043,25.98892332536135,23246.655371979476,117967.74272024531,0.0572933240771129,275.0129993206854
349,350,Tilia',0,0,0,0,0,0,0,0.0,0.0,0.0,0.0,0.0,0.0,0.0,0.0
349,350,Torreya',0,0,0,0,0,0,0,0.0,0.0,0.0,0.0,0.0,0.0,0.0,0.0
349,350,Tsuga',0,20,35,0,2,0,0,58.12147521972656,18.92066192626953,28.07718500494957,1.5328512088278559,1570.7758053565026,21426.923523709193,0.0038961721481833053,50.91763098009131
349,350,Ulmus',0,29,45,0,0,0,0,21.104475021362305,8.616583824157715,39.425498933731745,0.9404208806962219,841.7320467805863,8024.859287679287,0.0024380676051676264,22.03266785786401
349,350,Umbellularia',0,0,0,0,0,0,0,0.0,0.0,0.0,0.0,0.0,0.0,0.0,0.0
349,360,Abies',0,18,38,8,0,0,0,34.08928680419922,15.28483772277832,40.82649179816246,1.8031982234271096,1608.5726580673456,20642.062595817733,0.0041643218609396584,50.617701460685126
349,360,Acer',0,445,99,0,0,0,0,35.877845764160156,19.270883560180664,262.6280136841431,1.680747827355301,2345.227793337181,11892.039260744106,0.008992293558058327,38.599816309762964
349,360,Aesculus',0,0,0,0,0,0,0,0.0,0.0,0.0,0.0,0.0,0.0,0.0,0.0
349,360,Ailanthus',0,0,0,0,0,0,0,0.0,0.0,0.0,0.0,0.0,0.0,0.0,0.0
349,360,Alnus',0,10,0,0,0,0,0,2.4910404682159424,2.8314616680145264,2.1724829190894015,0.0049710899199975804,6.766914010047913,151.31279724362784,4.631168455816805e-05,1.0355607482459166
349,360,Amelanchier',0,0,0,0,0,0,0,0.0,0.0,0.0,0.0,0.0,0.0,0.0,0.0
349,360,Arbutus',0,0,0,0,0,0,0,0.0,0.0,0.0,0.0,0.0,0.0,0.0,0.0
349,360,Asimina',0,0,0,0,0,0,0,0.0,0.0,0.0,0.0,0.0,0.0,0.0,0.0
349,360,Betula',0,1398,570,1,0,0,0,28.15458869934082,13.102609634399414,1081.7832226879138,12.03561462042997,14131.805287321657,36942.05604492478,0.046976882341562574,96.47873456180152
349,360,Calocedrus',0,0,0,0,0,0,0,0.0,0.0,0.0,0.0,0.0,0.0,0.0,0.0
349,360,Carpinus',0,0,0,0,0,0,0,0.0,0.0,0.0,0.0,0.0,0.0,0.0,0.0
349,360,Carya',0,0,0,0,0,0,0,0.0,0.0,0.0,0.0,0.0,0.0,0.0,0.0
349,360,Castanea',0,0,0,0,0,0,0,0.0,0.0,0.0,0.0,0.0,0.0,0.0,0.0
349,360,Catalpa',0,0,0,0,0,0,0,0.0,0.0,0.0,0.0,0.0,0.0,0.0,0.0
349,360,Celtis',0,0,0,0,0,0,0,0.0,0.0,0.0,0.0,0.0,0.0,0.0,0.0
349,360,Cercis',0,0,0,0,0,0,0,0.0,0.0,0.0,0.0,0.0,0.0,0.0,0.0
349,360,Cercocarpus',0,0,0,0,0,0,0,0.0,0.0,0.0,0.0,0.0,0.0,0.0,0.0
349,360,Chamaecyparis',0,0,0,0,0,0,0,0.0,0.0,0.0,0.0,0.0,0.0,0.0,0.0
349,360,Chilopsis',0,0,0,0,0,0,0,0.0,0.0,0.0,0.0,0.0,0.0,0.0,0.0
349,360,Chrysolepis',0,0,0,0,0,0,0,0.0,0.0,0.0,0.0,0.0,0.0,0.0,0.0
349,360,Cladrastis',0,0,0,0,0,0,0,0.0,0.0,0.0,0.0,0.0,0.0,0.0,0.0
349,360,Comus',0,0,0,0,0,0,0,0.0,0.0,0.0,0.0,0.0,0.0,0.0,0.0
349,360,Cornus',0,0,0,0,0,0,0,0.0,0.0,0.0,0.0,0.0,0.0,0.0,0.0
349,360,Crataegus',0,0,0,0,0,0,0,0.0,0.0,0.0,0.0,0.0,0.0,0.0,0.0
349,360,Cupressus',0,0,0,0,0,0,0,0.0,0.0,0.0,0.0,0.0,0.0,0.0,0.0
349,360,Diospyros',0,0,0,0,0,0,0,0.0,0.0,0.0,0.0,0.0,0.0,0.0,0.0
349,360,Elaeagnus',0,69,10,0,0,0,0,11.090877532958984,5.306295871734619,24.230103736059572,0.1733470124038037,173.7312230885029,2121.3727132083172,0.0007348751895073811,7.882699534555487
349,360,Fagus',0,0,0,0,0,0,0,0.0,0.0,0.0,0.0,0.0,0.0,0.0,0.0
349,360,Fraxinus',0,93,0,0,0,0,0,4.886003017425537,3.61613392829895,28.252655767800306,0.07410255950734089,119.11326903775334,1124.1577711389875,0.0006714088254831716,6.5651922825939835
349,360,Gleditsia',0,0,0,0,0,0,0,0.0,0.0,0.0,0.0,0.0,0.0,0.0,0.0
349,360,Gordonia',0,0,0,0,0,0,0,0.0,0.0,0.0,0.0,0.0,0.0,0.0,0.0
349,360,Gymnocladus',0,0,0,0,0,0,0,0.0,0.0,0.0,0.0,0.0,0.0,0.0,0.0
349,360,Halesia',0,0,0,0,0,0,0,0.0,0.0,0.0,0.0,0.0,0.0,0.0,0.0
349,360,Ilex',0,0,0,0,0,0,0,0.0,0.0,0.0,0.0,0.0,0.0,0.0,0.0
349,360,Juglans',0,10,0,0,0,0,0,0.7978150248527527,1.6954230070114136,0.5008954165762738,0.0005139104133036962,1.690131647437811,37.79249254594641,1.0966515843756495e-05,0.24521874902967639
349,360,Juniperus',0,0,0,0,0,0,0,0.0,0.0,0.0,0.0,0.0,0.0,0.0,0.0
349,360,Larix',0,0,0,0,0,0,0,0.0,0.0,0.0,0.0,0.0,0.0,0.0,0.0
349,360,Liquidambar',0,0,0,0,0,0,0,0.0,0.0,0.0,0.0,0.0,0.0,0.0,0.0
349,360,Liriodendron',0,0,0,0,0,0,0,0.0,0.0,0.0,0.0,0.0,0.0,0.0,0.0
349,360,Lithocarpus',0,0,0,0,0,0,0,0.0,0.0,0.0,0.0,0.0,0.0,0.0,0.0
349,360,Maclura',0,0,0,0,0,0,0,0.0,0.0,0.0,0.0,0.0,0.0,0.0,0.0
349,360,Magnolia',0,0,0,0,0,0,0,0.0,0.0,0.0,0.0,0.0,0.0,0.0,0.0
349,360,Malus',0,0,0,0,0,0,0,0.0,0.0,0.0,0.0,0.0,0.0,0.0,0.0
349,360,Morus',0,0,0,0,0,0,0,0.0,0.0,0.0,0.0,0.0,0.0,0.0,0.0
349,360,Nyssa',0,0,0,0,0,0,0,0.0,0.0,0.0,0.0,0.0,0.0,0.0,0.0
349,360,Olneya',0,0,0,0,0,0,0,0.0,0.0,0.0,0.0,0.0,0.0,0.0,0.0
349,360,Ostrya',0,10,0,0,0,0,0,5.152629375457764,5.270710468292236,7.04862417865403,0.021269038793544255,42.66932002902031,954.1150013858174,0.00019628957267850636,4.3891682778352825
349,360,Oxydendron',0,0,0,0,0,0,0,0.0,0.0,0.0,0.0,0.0,0.0,0.0,0.0
349,360,Paulownia',0,0,0,0,0,0,0,0.0,0.0,0.0,0.0,0.0,0.0,0.0,0.0
349,360,Persea',0,0,0,0,0,0,0,0.0,0.0,0.0,0.0,0.0,0.0,0.0,0.0
349,360,Picea',0,68,104,20,0,0,0,31.484493255615234,17.394519805908203,143.0514386856556,4.2910012022906905,4746.989969614744,37081.319726302725,0.012615165174889224,90.16113694287178
349,360,Pinus',0,488,653,149,15,0,0,61.185279846191406,29.814132690429688,830.1071212303638,35.45831351173053,45692.340343809126,186272.54631918052,0.11352896999517696,422.98373495740856
349,360,Planera',0,0,0,0,0,0,0,0.0,0.0,0.0,0.0,0.0,0.0,0.0,0.0
349,360,Platanus',0,0,0,0,0,0,0,0.0,0.0,0.0,0.0,0.0,0.0,0.0,0.0
349,360,Populus',0,891,180,0,0,0,0,19.73809242248535,12.848213195800781,480.07311617472214,3.2437531100243113,3049.383066490218,11371.042913412175,0.013687326016243543,40.68349754372049
349,360,Prosopis',0,0,0,0,0,0,0,0.0,0.0,0.0,0.0,0.0,0.0,0.0,0.0
349,360,Prunus',0,30,0,0,0,0,0,6.289252758026123,4.860963821411133,9.084000747792327,0.037892675513713496,43.356430189609526,783.8003348649615,0.00022711686142068316,3.8471441577680334
349,360,Pseudotsuga',0,0,0,0,0,0,0,0.0,0.0,0.0,0.0,0.0,0.0,0.0,0.0
349,360,Quercus',0,20,3,0,0,0,0,24.67214012145996,12.997077941894531,9.913525857219966,0.18102515632651664,294.7286033806205,6446.687761584495,0.0007976631337737213,17.40685811239732
349,360,Robinia',0,0,0,0,0,0,0,0.0,0.0,0.0,0.0,0.0,0.0,0.0,0.0
349,360,Salix',0,240,19,0,0,0,0,14.412759780883789,7.611109733581543,115.53999598373811,0.5111092920185902,478.6490674290806,3517.1273192163067,0.002726927019342782,16.731103337497515
349,360,Sassafras',0,0,0,0,0,0,0,0.0,0.0,0.0,0.0,0.0,0.0,0.0,0.0
349,360,Sequoia',0,0,0,0,0,0,0,0.0,0.0,0.0,0.0,0.0,0.0,0.0,0.0
349,360,Sequoiadendron',0,0,0,0,0,0,0,0.0,0.0,0.0,0.0,0.0,0.0,0.0,0.0
349,360,Sorbus',0,0,0,0,0,0,0,0.0,0.0,0.0,0.0,0.0,0.0,0.0,0.0
349,360,Taxodium',0,0,0,0,0,0,0,0.0,0.0,0.0,0.0,0.0,0.0,0.0,0.0
349,360,Taxus',0,0,0,0,0,0,0,0.0,0.0,0.0,0.0,0.0,0.0,0.0,0.0
349,360,Thuja',0,90,152,117,27,0,0,57.30582809448242,17.938495635986328,382.549603421092,25.705320078237488,23058.281731376053,120139.98205298133,0.056766342187158085,280.0368126072084
349,360,Tilia',0,0,0,0,0,0,0,0.0,0.0,0.0,0.0,0.0,0.0,0.0,0.0
349,360,Torreya',0,0,0,0,0,0,0,0.0,0.0,0.0,0.0,0.0,0.0,0.0,0.0
349,360,Tsuga',0,20,35,0,2,0,0,61.573509216308594,19.529619216918945,40.13290085732937,1.895685055994209,1958.6170934861898,25146.14562361071,0.004932179771577319,59.762576233894265
349,360,Ulmus',0,71,36,0,0,0,0,24.999126434326172,9.784980773925781,56.403932470498205,0.9647724628997364,954.4723965376616,9860.863784656043,0.0029330157670751245,26.626897202127836
349,360,Umbellularia',0,0,0,0,0,0,0,0.0,0.0,0.0,0.0,0.0,0.0,0.0,0.0
349,370,Abies',0,10,36,8,0,0,0,35.949642181396484,15.746329307556152,41.47257235527039,1.7680771150608074,1629.964754292965,22702.12060055774,0.004221192196621865,54.18584979662302
349,370,Acer',0,575,79,0,0,0,0,40.922332763671875,20.88753890991211,291.2557125600833,1.6217597366355858,2341.448282789886,10174.52517347586,0.009396006172464938,35.50428685928794
349,370,Aesculus',0,0,0,0,0,0,0,0.0,0.0,0.0,0.0,0.0,0.0,0.0,0.0
349,370,Ailanthus',0,0,0,0,0,0,0,0.0,0.0,0.0,0.0,0.0,0.0,0.0,0.0
349,370,Alnus',0,0,0,0,0,0,0,0.0,0.0,0.0,0.0,0.0,0.0,0.0,0.0
349,370,Amelanchier',0,0,0,0,0,0,0,0.0,0.0,0.0,0.0,0.0,0.0,0.0,0.0
349,370,Arbutus',0,0,0,0,0,0,0,0.0,0.0,0.0,0.0,0.0,0.0,0.0,0.0
349,370,Asimina',0,0,0,0,0,0,0,0.0,0.0,0.0,0.0,0.0,0.0,0.0,0.0
349,370,Betula',0,1499,510,4,0,0,0,31.819629669189453,14.228567123413086,1058.458224594522,11.546362901483212,13742.836801615433,37170.935972571155,0.04577673169877565,97.58539253360138
349,370,Calocedrus',0,0,0,0,0,0,0,0.0,0.0,0.0,0.0,0.0,0.0,0.0,0.0
349,370,Carpinus',0,0,0,0,0,0,0,0.0,0.0,0.0,0.0,0.0,0.0,0.0,0.0
349,370,Carya',0,0,0,0,0,0,0,0.0,0.0,0.0,0.0,0.0,0.0,0.0,0.0
349,370,Castanea',0,0,0,0,0,0,0,0.0,0.0,0.0,0.0,0.0,0.0,0.0,0.0
349,370,Catalpa',0,0,0,0,0,0,0,0.0,0.0,0.0,0.0,0.0,0.0,0.0,0.0
349,370,Celtis',0,0,0,0,0,0,0,0.0,0.0,0.0,0.0,0.0,0.0,0.0,0.0
349,370,Cercis',0,0,0,0,0,0,0,0.0,0.0,0.0,0.0,0.0,0.0,0.0,0.0
349,370,Cercocarpus',0,0,0,0,0,0,0,0.0,0.0,0.0,0.0,0.0,0.0,0.0,0.0
349,370,Chamaecyparis',0,0,0,0,0,0,0,0.0,0.0,0.0,0.0,0.0,0.0,0.0,0.0
349,370,Chilopsis',0,0,0,0,0,0,0,0.0,0.0,0.0,0.0,0.0,0.0,0.0,0.0
349,370,Chrysolepis',0,0,0,0,0,0,0,0.0,0.0,0.0,0.0,0.0,0.0,0.0,0.0
349,370,Cladrastis',0,0,0,0,0,0,0,0.0,0.0,0.0,0.0,0.0,0.0,0.0,0.0
349,370,Comus',0,0,0,0,0,0,0,0.0,0.0,0.0,0.0,0.0,0.0,0.0,0.0
349,370,Cornus',0,0,0,0,0,0,0,0.0,0.0,0.0,0.0,0.0,0.0,0.0,0.0
349,370,Crataegus',0,0,0,0,0,0,0,0.0,0.0,0.0,0.0,0.0,0.0,0.0,0.0
349,370,Cupressus',0,0,0,0,0,0,0,0.0,0.0,0.0,0.0,0.0,0.0,0.0,0.0
349,370,Diospyros',0,0,0,0,0,0,0,0.0,0.0,0.0,0.0,0.0,0.0,0.0,0.0
349,370,Elaeagnus',0,89,0,0,0,0,0,6.294492721557617,3.925071954727173,16.431092221785004,0.07393788565961058,87.47297425024212,938.6866832534541,0.0004309190858076321,4.559389807974591
349,370,Fagus',0,0,0,0,0,0,0,0.0,0.0,0.0,0.0,0.0,0.0,0.0,0.0
349,370,Fraxinus',0,53,10,0,0,0,0,8.224431037902832,5.061250686645508,19.936415735113467,0.08991910971041306,113.00973681747914,1358.39060561897,0.0005381285265441999,5.734714595041557
349,370,Gleditsia',0,0,0,0,0,0,0,0.0,0.0,0.0,0.0,0.0,0.0,0.0,0.0
349,370,Gordonia',0,0,0,0,0,0,0,0.0,0.0,0.0,0.0,0.0,0.0,0.0,0.0
349,370,Gymnocladus',0,0,0,0,0,0,0,0.0,0.0,0.0,0.0,0.0,0.0,0.0,0.0
349,370,Halesia',0,0,0,0,0,0,0,0.0,0.0,0.0,0.0,0.0,0.0,0.0,0.0
349,370,Ilex',0,0,0,0,0,0,0,0.0,0.0,0.0,0.0,0.0,0.0,0.0,0.0
349,370,Juglans',0,20,0,0,0,0,0,5.274421691894531,3.7897837162017822,9.824382670318023,0.037478858047717244,34.16757265090943,539.6968862770315,0.00021735538611747385,3.4841316411533856
349,370,Juniperus',0,0,0,0,0,0,0,0.0,0.0,0.0,0.0,0.0,0.0,0.0,0.0
349,370,Larix',0,0,0,0,0,0,0,0.0,0.0,0.0,0.0,0.0,0.0,0.0,0.0
349,370,Liquidambar',0,0,0,0,0,0,0,0.0,0.0,0.0,0.0,0.0,0.0,0.0,0.0
349,370,Liriodendron',0,0,0,0,0,0,0,0.0,0.0,0.0,0.0,0.0,0.0,0.0,0.0
349,370,Lithocarpus',0,0,0,0,0,0,0,0.0,0.0,0.0,0.0,0.0,0.0,0.0,0.0
349,370,Maclura',0,0,0,0,0,0,0,0.0,0.0,0.0,0.0,0.0,0.0,0.0,0.0
349,370,Magnolia',0,0,0,0,0,0,0,0.0,0.0,0.0,0.0,0.0,0.0,0.0,0.0
349,370,Malus',0,0,0,0,0,0,0,0.0,0.0,0.0,0.0,0.0,0.0,0.0,0.0
349,370,Morus',0,0,0,0,0,0,0,0.0,0.0,0.0,0.0,0.0,0.0,0.0,0.0
349,370,Nyssa',0,0,0,0,0,0,0,0.0,0.0,0.0,0.0,0.0,0.0,0.0,0.0
349,370,Olneya',0,0,0,0,0,0,0,0.0,0.0,0.0,0.0,0.0,0.0,0.0,0.0
349,370,Ostrya',0,10,0,0,0,0,0,7.3285298347473145,6.579996109008789,9.233808517456055,0.0430252867624777,75.86887636184693,1696.4796492161497,0.00030152330707758796,6.742266114260314
349,370,Oxydendron',0,0,0,0,0,0,0,0.0,0.0,0.0,0.0,0.0,0.0,0.0,0.0
349,370,Paulownia',0,0,0,0,0,0,0,0.0,0.0,0.0,0.0,0.0,0.0,0.0,0.0
349,370,Persea',0,0,0,0,0,0,0,0.0,0.0,0.0,0.0,0.0,0.0,0.0,0.0
349,370,Picea',0,41,111,30,0,0,0,32.8976936340332,17.851552963256836,139.82737124741078,5.282076132694773,5866.495336628556,43044.924805944145,0.015056384753717117,102.78032601098036
349,370,Pinus',0,550,634,185,14,0,0,63.86567687988281,30.24625587463379,890.3550938785075,40.48950653954471,51846.11943319976,197990.1104738048,0.12807428505079793,448.62199693565316
349,370,Planera',0,0,0,0,0,0,0,0.0,0.0,0.0,0.0,0.0,0.0,0.0,0.0
349,370,Platanus',0,0,0,0,0,0,0,0.0,0.0,0.0,0.0,0.0,0.0,0.0,0.0
349,370,Populus',0,940,140,0,0,0,0,23.562652587890625,15.10224437713623,471.9714467404292,2.656792843585837,2592.5788454283775,9011.519082097404,0.012555577512294653,36.28756906653882
349,370,Prosopis',0,0,0,0,0,0,0,0.0,0.0,0.0,0.0,0.0,0.0,0.0,0.0
349,370,Prunus',0,0,10,0,0,0,0,9.50804615020752,5.987519264221191,8.929292857646942,0.07242235037990874,72.51210304498673,1621.4199160005987,0.00028968013297766567,6.477444690692467
349,370,Pseudotsuga',0,0,0,0,0,0,0,0.0,0.0,0.0,0.0,0.0,0.0,0.0,0.0
349,370,Quercus',0,5,3,0,0,0,0,27.229459762573242,13.953001976013184,16.747591284256945,0.2338022547968746,390.72171846389773,8118.437882321296,0.0011093613348603264,21.44627897457316
349,370,Robinia',0,0,0,0,0,0,0,0.0,0.0,0.0,0.0,0.0,0.0,0.0,0.0
349,370,Salix',0,203,2,0,0,0,0,9.360878944396973,5.730502605438232,61.38964258264042,0.17613832629424991,200.8182521595806,1491.8899159932134,0.0013300007934130297,10.172174621609678
349,370,Sassafras',0,0,0,0,0,0,0,0.0,0.0,0.0,0.0,0.0,0.0,0.0,0.0
349,370,Sequoia',0,0,0,0,0,0,0,0.0,0.0,0.0,0.0,0.0,0.0,0.0,0.0
349,370,Sequoiadendron',0,0,0,0,0,0,0,0.0,0.0,0.0,0.0,0.0,0.0,0.0,0.0
349,370,Sorbus',0,0,0,0,0,0,0,0.0,0.0,0.0,0.0,0.0,0.0,0.0,0.0
349,370,Taxodium',0,0,0,0,0,0,0,0.0,0.0,0.0,0.0,0.0,0.0,0.0,0.0
349,370,Taxus',0,0,0,0,0,0,0,0.0,0.0,0.0,0.0,0.0,0.0,0.0,0.0
349,370,Thuja',0,105,165,111,61,0,0,60.71393966674805,18.259374618530273,387.1649445672333,30.59161475652026,27650.004903445097,137009.30656375622,0.06703683844649053,317.1922887276942
349,370,Tilia',0,0,0,0,0,0,0,0.0,0.0,0.0,0.0,0.0,0.0,0.0,0.0
349,370,Torreya',0,0,0,0,0,0,0,0.0,0.0,0.0,0.0,0.0,0.0,0.0,0.0
349,370,Tsuga',0,12,36,0,0,0,0,21.25808334350586,9.737573623657227,38.21603793799877,0.6649497578246574,559.5652543634177,6665.581012522638,0.001795487801122166,19.933318429923577
349,370,Ulmus',0,82,31,4,0,0,0,28.507627487182617,10.79408073425293,61.86057619090321,0.7326997831298233,741.7502742493152,7785.643517508181,0.0025388512928332225,21.94357818405632
349,370,Umbellularia',0,0,0,0,0,0,0,0.0,0.0,0.0,0.0,0.0,0.0,0.0,0.0
349,380,Abies',0,20,26,0,0,0,0,20.98240089416504,11.311331748962402,35.53435934513807,0.6935285738457047,581.4100834187865,9656.143117681124,0.0018052964678627118,25.72307326664329
349,380,Acer',0,462,84,0,0,0,0,44.24581527709961,21.863922119140625,272.7171488004866,1.4830089757846037,2166.2853207619487,10334.596622502102,0.008739882284321814,35.863383586446496
349,380,Aesculus',0,0,0,0,0,0,0,0.0,0.0,0.0,0.0,0.0,0.0,0.0,0.0
349,380,Ailanthus',0,0,0,0,0,0,0,0.0,0.0,0.0,0.0,0.0,0.0,0.0,0.0
349,380,Alnus',0,10,0,0,0,0,0,2.7682666778564453,3.6637942790985107,2.476088669669779,0.0061872668371774795,7.964696634411812,178.09603094708888,5.3343998752534385e-05,1.192808074023319
349,380,Amelanchier',0,0,0,0,0,0,0,0.0,0.0,0.0,0.0,0.0,0.0,0.0,0.0
349,380,Arbutus',0,0,0,0,0,0,0,0.0,0.0,0.0,0.0,0.0,0.0,0.0,0.0
349,380,Asimina',0,0,0,0,0,0,0,0.0,0.0,0.0,0.0,0.0,0.0,0.0,0.0
349,380,Betula',0,1542,581,4,0,0,0,35.64809799194336,15.324691772460938,1103.151629385833,11.768562744923424,14096.182869829685,37225.22756022637,0.047205331430187084,96.55580953529288
349,380,Calocedrus',0,0,0,0,0,0,0,0.0,0.0,0.0,0.0,0.0,0.0,0.0,0.0
349,380,Carpinus',0,0,0,0,0,0,0,0.0,0.0,0.0,0.0,0.0,0.0,0.0,0.0
349,380,Carya',0,0,0,0,0,0,0,0.0,0.0,0.0,0.0,0.0,0.0,0.0,0.0
349,380,Castanea',0,0,0,0,0,0,0,0.0,0.0,0.0,0.0,0.0,0.0,0.0,0.0
349,380,Catalpa',0,0,0,0,0,0,0,0.0,0.0,0.0,0.0,0.0,0.0,0.0,0.0
349,380,Celtis',0,0,0,0,0,0,0,0.0,0.0,0.0,0.0,0.0,0.0,0.0,0.0
349,380,Cercis',0,0,0,0,0,0,0,0.0,0.0,0.0,0.0,0.0,0.0,0.0,0.0
349,380,Cercocarpus',0,0,0,0,0,0,0,0.0,0.0,0.0,0.0,0.0,0.0,0.0,0.0
349,380,Chamaecyparis',0,0,0,0,0,0,0,0.0,0.0,0.0,0.0,0.0,0.0,0.0,0.0
349,380,Chilopsis',0,0,0,0,0,0,0,0.0,0.0,0.0,0.0,0.0,0.0,0.0,0.0
349,380,Chrysolepis',0,0,0,0,0,0,0,0.0,0.0,0.0,0.0,0.0,0.0,0.0,0.0
349,380,Cladrastis',0,0,0,0,0,0,0,0.0,0.0,0.0,0.0,0.0,0.0,0.0,0.0
349,380,Comus',0,0,0,0,0,0,0,0.0,0.0,0.0,0.0,0.0,0.0,0.0,0.0
349,380,Cornus',0,0,0,0,0,0,0,0.0,0.0,0.0,0.0,0.0,0.0,0.0,0.0
349,380,Crataegus',0,0,0,0,0,0,0,0.0,0.0,0.0,0.0,0.0,0.0,0.0,0.0
349,380,Cupressus',0,0,0,0,0,0,0,0.0,0.0,0.0,0.0,0.0,0.0,0.0,0.0
349,380,Diospyros',0,0,0,0,0,0,0,0.0,0.0,0.0,0.0,0.0,0.0,0.0,0.0
349,380,Elaeagnus',0,101,10,0,0,0,0,10.676471710205078,5.203508377075195,48.09548545180808,0.20385088659065279,236.45046950027347,2371.5788078929354,0.0012178067240356458,11.28448909510528
349,380,Fagus',0,0,0,0,0,0,0,0.0,0.0,0.0,0.0,0.0,0.0,0.0,0.0
349,380,Fraxinus',0,40,10,0,0,0,0,12.02252197265625,6.581172466278076,24.061913815668866,0.18082549007290197,203.75866172850132,2881.390411767219,0.0007991816403334969,9.956920295465947
349,380,Gleditsia',0,0,0,0,0,0,0,0.0,0.0,0.0,0.0,0.0,0.0,0.0,0.0
349,380,Gordonia',0,0,0,0,0,0,0,0.0,0.0,0.0,0.0,0.0,0.0,0.0,0.0
349,380,Gymnocladus',0,0,0,0,0,0,0,0.0,0.0,0.0,0.0,0.0,0.0,0.0,0.0
349,380,Halesia',0,0,0,0,0,0,0,0.0,0.0,0.0,0.0,0.0,0.0,0.0,0.0
349,380,Ilex',0,0,0,0,0,0,0,0.0,0.0,0.0,0.0,0.0,0.0,0.0,0.0
349,380,Juglans',0,0,20,0,0,0,0,8.633825302124023,5.231263160705566,6.599035159790818,0.1124809385877847,72.17390916019679,1140.1044786712034,0.0002553832389190784,4.084322019716305
349,380,Juniperus',0,0,0,0,0,0,0,0.0,0.0,0.0,0.0,0.0,0.0,0.0,0.0
349,380,Larix',0,0,0,0,0,0,0,0.0,0.0,0.0,0.0,0.0,0.0,0.0,0.0
349,380,Liquidambar',0,0,0,0,0,0,0,0.0,0.0,0.0,0.0,0.0,0.0,0.0,0.0
349,380,Liriodendron',0,0,0,0,0,0,0,0.0,0.0,0.0,0.0,0.0,0.0,0.0,0.0
349,380,Lithocarpus',0,0,0,0,0,0,0,0.0,0.0,0.0,0.0,0.0,0.0,0.0,0.0
349,380,Maclura',0,0,0,0,0,0,0,0.0,0.0,0.0,0.0,0.0,0.0,0.0,0.0
349,380,Magnolia',0,0,0,0,0,0,0,0.0,0.0,0.0,0.0,0.0,0.0,0.0,0.0
349,380,Malus',0,0,0,0,0,0,0,0.0,0.0,0.0,0.0,0.0,0.0,0.0,0.0
349,380,Morus',0,0,0,0,0,0,0,0.0,0.0,0.0,0.0,0.0,0.0,0.0,0.0
349,380,Nyssa',0,0,0,0,0,0,0,0.0,0.0,0.0,0.0,0.0,0.0,0.0,0.0
349,380,Olneya',0,0,0,0,0,0,0,0.0,0.0,0.0,0.0,0.0,0.0,0.0,0.0
349,380,Ostrya',0,0,0,0,0,0,0,0.0,0.0,0.0,0.0,0.0,0.0,0.0,0.0
349,380,Oxydendron',0,0,0,0,0,0,0,0.0,0.0,0.0,0.0,0.0,0.0,0.0,0.0
349,380,Paulownia',0,0,0,0,0,0,0,0.0,0.0,0.0,0.0,0.0,0.0,0.0,0.0
349,380,Persea',0,0,0,0,0,0,0,0.0,0.0,0.0,0.0,0.0,0.0,0.0,0.0
349,380,Picea',0,101,101,30,0,0,0,34.298377990722656,18.28818702697754,140.10677834942936,5.130108945689958,5781.281191787869,43956.07241082394,0.014871055837613984,103.91841500087168
349,380,Pinus',0,468,650,209,27,0,0,66.44589233398438,30.6314754486084,839.584014852643,45.758453399843056,58721.189403623044,212997.87735560545,0.14261885836843516,482.58703108451766
349,380,Planera',0,0,0,0,0,0,0,0.0,0.0,0.0,0.0,0.0,0.0,0.0,0.0
349,380,Platanus',0,10,0,0,0,0,0,3.0603296756744385,2.205904960632324,4.222460932369473,0.007561699650228091,13.844729919433593,309.57757229978654,9.155073566548569e-05,2.0471366833814018
349,380,Populus',0,1003,153,0,0,0,0,21.469093322753906,14.259607315063477,509.3337590565692,3.045591222999095,2795.3927201090755,9138.734729001053,0.013544126263864004,36.206838714486516
349,380,Prosopis',0,0,0,0,0,0,0,0.0,0.0,0.0,0.0,0.0,0.0,0.0,0.0
349,380,Prunus',0,18,10,0,0,0,0,13.086357116699219,6.883889198303223,18.290142329244674,0.15498049682582862,155.20538379609584,2981.393500864469,0.0006081976272221654,10.436009684537979
349,380,Pseudotsuga',0,0,0,0,0,0,0,0.0,0.0,0.0,0.0,0.0,0.0,0.0,0.0
349,380,Quercus',0,0,5,3,0,0,0,29.638303756713867,14.816347122192383,14.418097410020946,0.3152910320148335,501.3672013616562,9936.659958364815,0.0013217058636844177,25.378583918443375
349,380,Robinia',0,0,0,0,0,0,0,0.0,0.0,0.0,0.0,0.0,0.0,0.0,0.0
349,380,Salix',0,183,20,0,0,0,0,9.272300720214844,5.694657325744629,79.86638350600872,0.3875258516595517,335.3258521811664,2242.919537649371,0.001894889518952812,11.824902499057
349,380,Sassafras',0,0,0,0,0,0,0,0.0,0.0,0.0,0.0,0.0,0.0,0.0,0.0
349,380,Sequoia',0,0,0,0,0,0,0,0.0,0.0,0.0,0.0,0.0,0.0,0.0,0.0
349,380,Sequoiadendron',0,0,0,0,0,0,0,0.0,0.0,0.0,0.0,0.0,0.0,0.0,0.0
349,380,Sorbus',0,0,0,0,0,0,0,0.0,0.0,0.0,0.0,0.0,0.0,0.0,0.0
349,380,Taxodium',0,0,0,0,0,0,0,0.0,0.0,0.0,0.0,0.0,0.0,0.0,0.0
349,380,Taxus',0,0,0,0,0,0,0,0.0,0.0,0.0,0.0,0.0,0.0,0.0,0.0
349,380,Thuja',0,67,152,114,65,0,0,60.076019287109375,18.201984405517578,393.4026431018114,31.34051493621555,28601.45388975799,144039.5227875398,0.06924127050246906,332.1824251831308
349,380,Tilia',0,0,0,0,0,0,0,0.0,0.0,0.0,0.0,0.0,0.0,0.0,0.0
349,380,Torreya',0,0,0,0,0,0,0,0.0,0.0,0.0,0.0,0.0,0.0,0.0,0.0
349,380,Tsuga',0,10,28,0,0,0,0,24.491567611694336,10.782608032226562,48.15571722507477,0.7500251450437513,693.6333882665634,8948.940778182725,0.0022369901257269058,25.496539372670167
349,380,Ulmus',0,25,72,0,0,0,0,27.34798812866211,10.46500015258789,58.984471041756336,0.8723310600812907,793.4790024822951,6741.677369576741,0.0026124008878553274,20.437733483834894
349,380,Umbellularia',0,0,0,0,0,0,0,0.0,0.0,0.0,0.0,0.0,0.0,0.0,0.0
349,390,Abies',0,41,36,0,0,0,0,22.33147430419922,11.786009788513184,38.71535043016076,0.9209045162168508,764.9345701743663,11539.380947079599,0.002259076338360788,29.922880726264992
349,390,Acer',0,446,97,0,0,0,0,47.69727325439453,22.809165954589844,272.9252236334112,1.6919542397835583,2461.5911556522547,12382.216629916948,0.009399112813635025,39.993542049469035
349,390,Aesculus',0,0,0,0,0,0,0,0.0,0.0,0.0,0.0,0.0,0.0,0.0,0.0
349,390,Ailanthus',0,0,0,0,0,0,0,0.0,0.0,0.0,0.0,0.0,0.0,0.0,0.0
349,390,Alnus',0,17,0,0,0,0,0,4.022729396820068,3.713411331176758,7.258907916802393,0.018469665019736715,24.087754865884783,380.7996096163884,0.00015802435861341638,2.4995452791843356
349,390,Amelanchier',0,0,0,0,0,0,0,0.0,0.0,0.0,0.0,0.0,0.0,0.0,0.0
349,390,Arbutus',0,0,0,0,0,0,0,0.0,0.0,0.0,0.0,0.0,0.0,0.0,0.0
349,390,Asimina',0,0,0,0,0,0,0,0.0,0.0,0.0,0.0,0.0,0.0,0.0,0.0
349,390,Betula',0,1335,631,9,0,0,0,39.0582160949707,16.236724853515625,1065.707901103092,13.389537176889572,15965.398287556693,41667.36386367651,0.05082011996829242,107.57699362139648
349,390,Calocedrus',0,0,0,0,0,0,0,0.0,0.0,0.0,0.0,0.0,0.0,0.0,0.0
349,390,Carpinus',0,0,0,0,0,0,0,0.0,0.0,0.0,0.0,0.0,0.0,0.0,0.0
349,390,Carya',0,0,0,0,0,0,0,0.0,0.0,0.0,0.0,0.0,0.0,0.0,0.0
349,390,Castanea',0,0,0,0,0,0,0,0.0,0.0,0.0,0.0,0.0,0.0,0.0,0.0
349,390,Catalpa',0,0,0,0,0,0,0,0.0,0.0,0.0,0.0,0.0,0.0,0.0,0.0
349,390,Celtis',0,0,0,0,0,0,0,0.0,0.0,0.0,0.0,0.0,0.0,0.0,0.0
349,390,Cercis',0,0,0,0,0,0,0,0.0,0.0,0.0,0.0,0.0,0.0,0.0,0.0
349,390,Cercocarpus',0,0,0,0,0,0,0,0.0,0.0,0.0,0.0,0.0,0.0,0.0,0.0
349,390,Chamaecyparis',0,0,0,0,0,0,0,0.0,0.0,0.0,0.0,0.0,0.0,0.0,0.0
349,390,Chilopsis',0,0,0,0,0,0,0,0.0,0.0,0.0,0.0,0.0,0.0,0.0,0.0
349,390,Chrysolepis',0,0,0,0,0,0,0,0.0,0.0,0.0,0.0,0.0,0.0,0.0,0.0
349,390,Cladrastis',0,0,0,0,0,0,0,0.0,0.0,0.0,0.0,0.0,0.0,0.0,0.0
349,390,Comus',0,0,0,0,0,0,0,0.0,0.0,0.0,0.0,0.0,0.0,0.0,0.0
349,390,Cornus',0,0,0,0,0,0,0,0.0,0.0,0.0,0.0,0.0,0.0,0.0,0.0
349,390,Crataegus',0,0,0,0,0,0,0,0.0,0.0,0.0,0.0,0.0,0.0,0.0,0.0
349,390,Cupressus',0,0,0,0,0,0,0,0.0,0.0,0.0,0.0,0.0,0.0,0.0,0.0
349,390,Diospyros',0,0,0,0,0,0,0,0.0,0.0,0.0,0.0,0.0,0.0,0.0,0.0
349,390,Elaeagnus',0,88,15,0,0,0,0,10.22974967956543,5.089498996734619,53.93345336700919,0.22027669383212925,251.83433139413594,2203.9631154718945,0.0013360338769415432,10.40330738333573
349,390,Fagus',0,0,0,0,0,0,0,0.0,0.0,0.0,0.0,0.0,0.0,0.0,0.0
349,390,Fraxinus',0,116,10,0,0,0,0,15.360856056213379,7.816049098968506,30.34166709767489,0.2880561758945351,326.5085159984231,4492.985303432296,0.0011623596549644104,12.377962501086797
349,390,Gleditsia',0,0,0,0,0,0,0,0.0,0.0,0.0,0.0,0.0,0.0,0.0,0.0
349,390,Gordonia',0,0,0,0,0,0,0,0.0,0.0,0.0,0.0,0.0,0.0,0.0,0.0
349,390,Gymnocladus',0,0,0,0,0,0,0,0.0,0.0,0.0,0.0,0.0,0.0,0.0,0.0
349,390,Halesia',0,0,0,0,0,0,0,0.0,0.0,0.0,0.0,0.0,0.0,0.0,0.0
349,390,Ilex',0,0,0,0,0,0,0,0.0,0.0,0.0,0.0,0.0,0.0,0.0,0.0
349,390,Juglans',0,0,0,0,0,0,0,0.0,0.0,0.0,0.0,0.0,0.0,0.0,0.0
349,390,Juniperus',0,0,0,0,0,0,0,0.0,0.0,0.0,0.0,0.0,0.0,0.0,0.0
349,390,Larix',0,0,0,0,0,0,0,0.0,0.0,0.0,0.0,0.0,0.0,0.0,0.0
349,390,Liquidambar',0,0,0,0,0,0,0,0.0,0.0,0.0,0.0,0.0,0.0,0.0,0.0
349,390,Liriodendron',0,0,0,0,0,0,0,0.0,0.0,0.0,0.0,0.0,0.0,0.0,0.0
349,390,Lithocarpus',0,0,0,0,0,0,0,0.0,0.0,0.0,0.0,0.0,0.0,0.0,0.0
349,390,Maclura',0,0,0,0,0,0,0,0.0,0.0,0.0,0.0,0.0,0.0,0.0,0.0
349,390,Magnolia',0,0,0,0,0,0,0,0.0,0.0,0.0,0.0,0.0,0.0,0.0,0.0
349,390,Malus',0,0,0,0,0,0,0,0.0,0.0,0.0,0.0,0.0,0.0,0.0,0.0
349,390,Morus',0,0,0,0,0,0,0,0.0,0.0,0.0,0.0,0.0,0.0,0.0,0.0
349,390,Nyssa',0,0,0,0,0,0,0,0.0,0.0,0.0,0.0,0.0,0.0,0.0,0.0
349,390,Olneya',0,0,0,0,0,0,0,0.0,0.0,0.0,0.0,0.0,0.0,0.0,0.0
349,390,Ostrya',0,0,0,0,0,0,0,0.0,0.0,0.0,0.0,0.0,0.0,0.0,0.0
349,390,Oxydendron',0,0,0,0,0,0,0,0.0,0.0,0.0,0.0,0.0,0.0,0.0,0.0
349,390,Paulownia',0,0,0,0,0,0,0,0.0,0.0,0.0,0.0,0.0,0.0,0.0,0.0
349,390,Persea',0,0,0,0,0,0,0,0.0,0.0,0.0,0.0,0.0,0.0,0.0,0.0
349,390,Picea',0,92,117,20,0,0,0,35.42542266845703,18.628097534179688,156.44456086754798,5.1081545770896835,5814.038513654471,44682.76343593272,0.015179840109574893,106.28915952515278
349,390,Pinus',0,537,617,218,25,4,0,69.02730560302734,30.98890495300293,951.1355566702782,50.18612868186834,65638.38735084639,230496.03145966446,0.15960170803442106,521.472657269927
349,390,Planera',0,0,0,0,0,0,0,0.0,0.0,0.0,0.0,0.0,0.0,0.0,0.0
349,390,Platanus',0,0,0,0,0,0,0,0.0,0.0,0.0,0.0,0.0,0.0,0.0,0.0
349,390,Populus',0,947,167,0,0,0,0,25.779903411865234,15.933978080749512,479.1447946159286,3.311551007449325,3022.23600937821,11304.370849050803,0.013613635601089922,39.233211453053286
349,390,Prosopis',0,0,0,0,0,0,0,0.0,0.0,0.0,0.0,0.0,0.0,0.0,0.0
349,390,Prunus',0,0,0,0,0,0,0,0.0,0.0,0.0,0.0,0.0,0.0,0.0,0.0
349,390,Pseudotsuga',0,0,0,0,0,0,0,0.0,0.0,0.0,0.0,0.0,0.0,0.0,0.0
349,390,Quercus',0,0,0,3,0,0,0,31.88448715209961,15.590277671813965,9.032896462875076,0.2970241030904813,521.2406448125839,11655.295144367648,0.001288346055150032,28.80829357859158
349,390,Robinia',0,0,0,0,0,0,0,0.0,0.0,0.0,0.0,0.0,0.0,0.0,0.0
349,390,Salix',0,196,29,0,0,0,0,11.193601608276367,6.449171543121338,93.38338724926962,0.5045846864323593,423.9637809356302,2875.5796770238517,0.002286447476638714,13.366154364289631
349,390,Sassafras',0,0,0,0,0,0,0,0.0,0.0,0.0,0.0,0.0,0.0,0.0,0.0
349,390,Sequoia',0,0,0,0,0,0,0,0.0,0.0,0.0,0.0,0.0,0.0,0.0,0.0
349,390,Sequoiadendron',0,0,0,0,0,0,0,0.0,0.0,0.0,0.0,0.0,0.0,0.0,0.0
349,390,Sorbus',0,0,0,0,0,0,0,0.0,0.0,0.0,0.0,0.0,0.0,0.0,0.0
349,390,Taxodium',0,0,0,0,0,0,0,0.0,0.0,0.0,0.0,0.0,0.0,0.0,0.0
349,390,Taxus',0,0,0,0,0,0,0,0.0,0.0,0.0,0.0,0.0,0.0,0.0,0.0
349,390,Thuja',0,73,161,97,95,0,0,61.0,18.284727096557617,424.1606580544263,35.31152166893886,32484.720015326366,159561.68036548517,0.07831503193330829,368.2094201415848
349,390,Tilia',0,0,0,0,0,0,0,0.0,0.0,0.0,0.0,0.0,0.0,0.0,0.0
349,390,Torreya',0,0,0,0,0,0,0,0.0,0.0,0.0,0.0,0.0,0.0,0.0,0.0
349,390,Tsuga',0,10,29,0,0,0,0,27.389123916625977,11.673200607299805,50.14607494115829,0.7057196313828523,678.9853567671776,9117.393972344746,0.0022331885718268685,25.728506870185257
349,390,Ulmus',0,1,51,1,0,0,0,34.06977081298828,12.31348705291748,38.4856023931805,0.9298672548806672,850.4472134757042,7826.550701159057,0.0024439043086022095,22.06121748505843
349,390,Umbellularia',0,0,0,0,0,0,0,0.0,0.0,0.0,0.0,0.0,0.0,0.0,0.0
349,400,Abies',0,12,39,0,0,0,0,24.962926864624023,12.665053367614746,38.11909093633294,1.050027677758214,896.6116653390229,11733.06703970863,0.0025430794580265236,31.016923925159546
349,400,Acer',0,554,83,0,0,0,0,51.26774978637695,23.718387603759766,276.2522021467691,1.8177975074133492,2636.3157505273075,13924.763117538994,0.009835283317508318,42.23613896697425
349,400,Aesculus',0,0,0,0,0,0,0,0.0,0.0,0.0,0.0,0.0,0.0,0.0,0.0
349,400,Ailanthus',0,0,0,0,0,0,0,0.0,0.0,0.0,0.0,0.0,0.0,0.0,0.0
349,400,Alnus',0,14,0,0,0,0,0,2.5515849590301514,3.5084080696105957,0.774452576908884,0.0053431957866634395,4.832310020327568,100.13744906134221,2.188714218535455e-05,0.46772696786238294
349,400,Amelanchier',0,0,0,0,0,0,0,0.0,0.0,0.0,0.0,0.0,0.0,0.0,0.0
349,400,Arbutus',0,0,0,0,0,0,0,0.0,0.0,0.0,0.0,0.0,0.0,0.0,0.0
349,400,Asimina',0,0,0,0,0,0,0,0.0,0.0,0.0,0.0,0.0,0.0,0.0,0.0
349,400,Betula',0,1397,592,12,0,0,0,42.308998107910156,17.053319931030273,1029.252651715769,11.578217888708963,13793.43331121564,35791.026366357146,0.04546873768246735,94.98863576820376
349,400,Calocedrus',0,0,0,0,0,0,0,0.0,0.0,0.0,0.0,0.0,0.0,0.0,0.0
349,400,Carpinus',0,0,0,0,0,0,0,0.0,0.0,0.0,0.0,0.0,0.0,0.0,0.0
349,400,Carya',0,0,0,0,0,0,0,0.0,0.0,0.0,0.0,0.0,0.0,0.0,0.0
349,400,Castanea',0,0,0,0,0,0,0,0.0,0.0,0.0,0.0,0.0,0.0,0.0,0.0
349,400,Catalpa',0,0,0,0,0,0,0,0.0,0.0,0.0,0.0,0.0,0.0,0.0,0.0
349,400,Celtis',0,0,0,0,0,0,0,0.0,0.0,0.0,0.0,0.0,0.0,0.0,0.0
349,400,Cercis',0,0,0,0,0,0,0,0.0,0.0,0.0,0.0,0.0,0.0,0.0,0.0
349,400,Cercocarpus',0,0,0,0,0,0,0,0.0,0.0,0.0,0.0,0.0,0.0,0.0,0.0
349,400,Chamaecyparis',0,0,0,0,0,0,0,0.0,0.0,0.0,0.0,0.0,0.0,0.0,0.0
349,400,Chilopsis',0,0,0,0,0,0,0,0.0,0.0,0.0,0.0,0.0,0.0,0.0,0.0
349,400,Chrysolepis',0,0,0,0,0,0,0,0.0,0.0,0.0,0.0,0.0,0.0,0.0,0.0
349,400,Cladrastis',0,0,0,0,0,0,0,0.0,0.0,0.0,0.0,0.0,0.0,0.0,0.0
349,400,Comus',0,0,0,0,0,0,0,0.0,0.0,0.0,0.0,0.0,0.0,0.0,0.0
349,400,Cornus',0,0,0,0,0,0,0,0.0,0.0,0.0,0.0,0.0,0.0,0.0,0.0
349,400,Crataegus',0,0,0,0,0,0,0,0.0,0.0,0.0,0.0,0.0,0.0,0.0,0.0
349,400,Cupressus',0,0,0,0,0,0,0,0.0,0.0,0.0,0.0,0.0,0.0,0.0,0.0
349,400,Diospyros',0,0,0,0,0,0,0,0.0,0.0,0.0,0.0,0.0,0.0,0.0,0.0
349,400,Elaeagnus',0,47,19,0,0,0,0,8.694282531738281,4.6708760261535645,28.260049029147318,0.2192189104714263,208.56752344459295,2018.1650993785665,0.0008703025008607649,8.469197793201019
349,400,Fagus',0,0,0,0,0,0,0,0.0,0.0,0.0,0.0,0.0,0.0,0.0,0.0
349,400,Fraxinus',0,81,10,0,0,0,0,18.624034881591797,8.938468933105469,26.137420781357562,0.34829438652746364,404.0785016132146,6862.911310488899,0.0012742149339970204,17.774796457939498
349,400,Gleditsia',0,0,0,0,0,0,0,0.0,0.0,0.0,0.0,0.0,0.0,0.0,0.0
349,400,Gordonia',0,0,0,0,0,0,0,0.0,0.0,0.0,0.0,0.0,0.0,0.0,0.0
349,400,Gymnocladus',0,0,0,0,0,0,0,0.0,0.0,0.0,0.0,0.0,0.0,0.0,0.0
349,400,Halesia',0,0,0,0,0,0,0,0.0,0.0,0.0,0.0,0.0,0.0,0.0,0.0
349,400,Ilex',0,0,0,0,0,0,0,0.0,0.0,0.0,0.0,0.0,0.0,0.0,0.0
349,400,Juglans',0,0,0,0,0,0,0,0.0,0.0,0.0,0.0,0.0,0.0,0.0,0.0
349,400,Juniperus',0,0,0,0,0,0,0,0.0,0.0,0.0,0.0,0.0,0.0,0.0,0.0
349,400,Larix',0,0,0,0,0,0,0,0.0,0.0,0.0,0.0,0.0,0.0,0.0,0.0
349,400,Liquidambar',0,0,0,0,0,0,0,0.0,0.0,0.0,0.0,0.0,0.0,0.0,0.0
349,400,Liriodendron',0,0,0,0,0,0,0,0.0,0.0,0.0,0.0,0.0,0.0,0.0,0.0
349,400,Lithocarpus',0,0,0,0,0,0,0,0.0,0.0,0.0,0.0,0.0,0.0,0.0,0.0
349,400,Maclura',0,0,0,0,0,0,0,0.0,0.0,0.0,0.0,0.0,0.0,0.0,0.0
349,400,Magnolia',0,0,0,0,0,0,0,0.0,0.0,0.0,0.0,0.0,0.0,0.0,0.0
349,400,Malus',0,0,0,0,0,0,0,0.0,0.0,0.0,0.0,0.0,0.0,0.0,0.0
349,400,Morus',0,0,0,0,0,0,0,0.0,0.0,0.0,0.0,0.0,0.0,0.0,0.0
349,400,Nyssa',0,0,0,0,0,0,0,0.0,0.0,0.0,0.0,0.0,0.0,0.0,0.0
349,400,Olneya',0,0,0,0,0,0,0,0.0,0.0,0.0,0.0,0.0,0.0,0.0,0.0
349,400,Ostrya',0,0,0,0,0,0,0,0.0,0.0,0.0,0.0,0.0,0.0,0.0,0.0
349,400,Oxydendron',0,0,0,0,0,0,0,0.0,0.0,0.0,0.0,0.0,0.0,0.0,0.0
349,400,Paulownia',0,0,0,0,0,0,0,0.0,0.0,0.0,0.0,0.0,0.0,0.0,0.0
349,400,Persea',0,0,0,0,0,0,0,0.0,0.0,0.0,0.0,0.0,0.0,0.0,0.0
349,400,Picea',0,36,143,10,0,0,0,36.646766662597656,18.985319137573242,158.91504770994186,5.297559567884112,5963.599610273838,44564.6916753164,0.01554788284755495,106.59604877693508
349,400,Pinus',0,543,602,238,48,4,0,71.38128662109375,31.292179107666016,848.3230821181088,53.32815204278537,70375.82506046511,243714.2623875492,0.16864427683095112,551.1396304744053
349,400,Planera',0,0,0,0,0,0,0,0.0,0.0,0.0,0.0,0.0,0.0,0.0,0.0
349,400,Platanus',0,0,0,0,0,0,0,0.0,0.0,0.0,0.0,0.0,0.0,0.0,0.0
349,400,Populus',0,1091,165,0,0,0,0,19.394737243652344,13.365853309631348,545.7102402154638,3.311441236099398,3080.2377891195565,10644.615444841784,0.014700774909316684,39.64113419951947
349,400,Prosopis',0,0,0,0,0,0,0,0.0,0.0,0.0,0.0,0.0,0.0,0.0,0.0
349,400,Prunus',0,0,0,0,0,0,0,0.0,0.0,0.0,0.0,0.0,0.0,0.0,0.0
349,400,Pseudotsuga',0,0,0,0,0,0,0,0.0,0.0,0.0,0.0,0.0,0.0,0.0,0.0
349,400,Quercus',0,10,0,3,0,0,0,34.07405090332031,16.316892623901367,8.907378046431495,0.3402420423283402,611.5115722699463,13609.538971322963,0.001487141328086145,32.903397556684354
349,400,Robinia',0,0,0,0,0,0,0,0.0,0.0,0.0,0.0,0.0,0.0,0.0,0.0
349,400,Salix',0,171,33,0,0,0,0,11.30971622467041,6.493258953094482,62.36365427604958,0.47228509080301795,368.7492904055119,2733.0212891930246,0.0017172023261070653,11.76593229117659
349,400,Sassafras',0,0,0,0,0,0,0,0.0,0.0,0.0,0.0,0.0,0.0,0.0,0.0
349,400,Sequoia',0,0,0,0,0,0,0,0.0,0.0,0.0,0.0,0.0,0.0,0.0,0.0
349,400,Sequoiadendron',0,0,0,0,0,0,0,0.0,0.0,0.0,0.0,0.0,0.0,0.0,0.0
349,400,Sorbus',0,0,0,0,0,0,0,0.0,0.0,0.0,0.0,0.0,0.0,0.0,0.0
349,400,Taxodium',0,0,0,0,0,0,0,0.0,0.0,0.0,0.0,0.0,0.0,0.0,0.0
349,400,Taxus',0,0,0,0,0,0,0,0.0,0.0,0.0,0.0,0.0,0.0,0.0,0.0
349,400,Thuja',0,107,147,112,81,0,0,60.46406936645508,18.237037658691406,388.6740451183915,34.96366963203942,32059.27691370875,159424.52586871828,0.07685701815058098,366.9380886150707
349,400,Tilia',0,0,0,0,0,0,0,0.0,0.0,0.0,0.0,0.0,0.0,0.0,0.0
349,400,Torreya',0,0,0,0,0,0,0,0.0,0.0,0.0,0.0,0.0,0.0,0.0,0.0
349,400,Tsuga',0,8,22,6,0,0,0,29.835887908935547,12.39301872253418,35.655330795049665,0.8549412318074029,810.8651087725162,11374.050106317816,0.0023169439206738016,29.889269480917694
349,400,Ulmus',0,30,32,1,0,0,0,39.80367660522461,13.782279968261719,41.9634114932033,0.8277866208633338,802.3036648696661,8154.615358108685,0.0023869836535751815,22.536380200496147
349,400,Umbellularia',0,0,0,0,0,0,0,0.0,0.0,0.0,0.0,0.0,0.0,0.0,0.0
349,410,Abies',0,19,39,0,0,0,0,27.096248626708984,13.334589958190918,39.96730304509401,1.380872000501107,1204.2139102253318,14973.23386343144,0.0032533364067242228,38.25370843700593
349,410,Acer',0,452,112,0,0,0,0,54.346771240234375,24.450206756591797,282.8704916327437,2.0966037857139077,2973.6219595718385,15937.578256582798,0.01068012676582764,46.94168116891146
349,410,Aesculus',0,0,0,0,0,0,0,0.0,0.0,0.0,0.0,0.0,0.0,0.0,0.0
349,410,Ailanthus',0,0,0,0,0,0,0,0.0,0.0,0.0,0.0,0.0,0.0,0.0,0.0
349,410,Alnus',0,8,0,0,0,0,0,2.144071102142334,2.6909210681915283,1.0808692264217363,0.0023418904584004106,3.3015540930628777,55.603004200882815,2.289649974880739e-05,0.3840720247264049
349,410,Amelanchier',0,10,0,0,0,0,0,2.5,2.935588836669922,0.0,0.005006913291658703,8.226832151412964,183.95755930040377,1.82818497531116e-05,0.4087945880239536
349,410,Arbutus',0,0,0,0,0,0,0,0.0,0.0,0.0,0.0,0.0,0.0,0.0,0.0
349,410,Asimina',0,0,0,0,0,0,0,0.0,0.0,0.0,0.0,0.0,0.0,0.0,0.0
349,410,Betula',0,1405,587,10,0,0,0,45.25514221191406,17.751461029052734,901.6880579218503,11.307371184699162,13483.259514302687,37837.10416851972,0.04294309959666064,95.97574940204103
349,410,Calocedrus',0,0,0,0,0,0,0,0.0,0.0,0.0,0.0,0.0,0.0,0.0,0.0
349,410,Carpinus',0,0,0,0,0,0,0,0.0,0.0,0.0,0.0,0.0,0.0,0.0,0.0
349,410,Carya',0,0,0,0,0,0,0,0.0,0.0,0.0,0.0,0.0,0.0,0.0,0.0
349,410,Castanea',0,0,0,0,0,0,0,0.0,0.0,0.0,0.0,0.0,0.0,0.0,0.0
349,410,Catalpa',0,0,0,0,0,0,0,0.0,0.0,0.0,0.0,0.0,0.0,0.0,0.0
349,410,Celtis',0,0,0,0,0,0,0,0.0,0.0,0.0,0.0,0.0,0.0,0.0,0.0
349,410,Cercis',0,0,0,0,0,0,0,0.0,0.0,0.0,0.0,0.0,0.0,0.0,0.0
349,410,Cercocarpus',0,0,0,0,0,0,0,0.0,0.0,0.0,0.0,0.0,0.0,0.0,0.0
349,410,Chamaecyparis',0,0,0,0,0,0,0,0.0,0.0,0.0,0.0,0.0,0.0,0.0,0.0
349,410,Chilopsis',0,0,0,0,0,0,0,0.0,0.0,0.0,0.0,0.0,0.0,0.0,0.0
349,410,Chrysolepis',0,0,0,0,0,0,0,0.0,0.0,0.0,0.0,0.0,0.0,0.0,0.0
349,410,Cladrastis',0,0,0,0,0,0,0,0.0,0.0,0.0,0.0,0.0,0.0,0.0,0.0
349,410,Comus',0,0,0,0,0,0,0,0.0,0.0,0.0,0.0,0.0,0.0,0.0,0.0
349,410,Cornus',0,0,0,0,0,0,0,0.0,0.0,0.0,0.0,0.0,0.0,0.0,0.0
349,410,Crataegus',0,0,0,0,0,0,0,0.0,0.0,0.0,0.0,0.0,0.0,0.0,0.0
349,410,Cupressus',0,0,0,0,0,0,0,0.0,0.0,0.0,0.0,0.0,0.0,0.0,0.0
349,410,Diospyros',0,0,0,0,0,0,0,0.0,0.0,0.0,0.0,0.0,0.0,0.0,0.0
349,410,Elaeagnus',0,13,9,0,0,0,0,13.889397621154785,5.931241035461426,12.314265324156494,0.15992832292213702,144.0060800808668,2810.7771572521424,0.0004972841980857759,8.943002387981746
349,410,Fagus',0,0,0,0,0,0,0,0.0,0.0,0.0,0.0,0.0,0.0,0.0,0.0
349,410,Fraxinus',0,92,10,0,0,0,0,21.524288177490234,9.87054443359375,46.22764806204204,0.5189414770013184,624.760110732317,9644.753664829192,0.002053828463305259,24.307690575717494
349,410,Gleditsia',0,0,0,0,0,0,0,0.0,0.0,0.0,0.0,0.0,0.0,0.0,0.0
349,410,Gordonia',0,0,0,0,0,0,0,0.0,0.0,0.0,0.0,0.0,0.0,0.0,0.0
349,410,Gymnocladus',0,0,0,0,0,0,0,0.0,0.0,0.0,0.0,0.0,0.0,0.0,0.0
349,410,Halesia',0,0,0,0,0,0,0,0.0,0.0,0.0,0.0,0.0,0.0,0.0,0.0
349,410,Ilex',0,0,0,0,0,0,0,0.0,0.0,0.0,0.0,0.0,0.0,0.0,0.0
349,410,Juglans',0,0,0,0,0,0,0,0.0,0.0,0.0,0.0,0.0,0.0,0.0,0.0
349,410,Juniperus',0,0,0,0,0,0,0,0.0,0.0,0.0,0.0,0.0,0.0,0.0,0.0
349,410,Larix',0,0,0,0,0,0,0,0.0,0.0,0.0,0.0,0.0,0.0,0.0,0.0
349,410,Liquidambar',0,0,0,0,0,0,0,0.0,0.0,0.0,0.0,0.0,0.0,0.0,0.0
349,410,Liriodendron',0,0,0,0,0,0,0,0.0,0.0,0.0,0.0,0.0,0.0,0.0,0.0
349,410,Lithocarpus',0,0,0,0,0,0,0,0.0,0.0,0.0,0.0,0.0,0.0,0.0,0.0
349,410,Maclura',0,0,0,0,0,0,0,0.0,0.0,0.0,0.0,0.0,0.0,0.0,0.0
349,410,Magnolia',0,0,0,0,0,0,0,0.0,0.0,0.0,0.0,0.0,0.0,0.0,0.0
349,410,Malus',0,0,0,0,0,0,0,0.0,0.0,0.0,0.0,0.0,0.0,0.0,0.0
349,410,Morus',0,0,0,0,0,0,0,0.0,0.0,0.0,0.0,0.0,0.0,0.0,0.0
349,410,Nyssa',0,0,0,0,0,0,0,0.0,0.0,0.0,0.0,0.0,0.0,0.0,0.0
349,410,Olneya',0,0,0,0,0,0,0,0.0,0.0,0.0,0.0,0.0,0.0,0.0,0.0
349,410,Ostrya',0,0,0,0,0,0,0,0.0,0.0,0.0,0.0,0.0,0.0,0.0,0.0
349,410,Oxydendron',0,0,0,0,0,0,0,0.0,0.0,0.0,0.0,0.0,0.0,0.0,0.0
349,410,Paulownia',0,0,0,0,0,0,0,0.0,0.0,0.0,0.0,0.0,0.0,0.0,0.0
349,410,Persea',0,0,0,0,0,0,0,0.0,0.0,0.0,0.0,0.0,0.0,0.0,0.0
349,410,Picea',0,10,170,20,0,0,0,37.83605194091797,19.322378158569336,152.2812813913822,6.555924877233404,7367.231868735552,50954.023883806614,0.018571244687367233,119.87442210264562
349,410,Pinus',0,643,489,286,49,4,0,73.79828643798828,31.582626342773438,777.0086872226,53.47153000087725,69460.72295087963,239712.46104530946,0.1655806192362068,541.4242649786111
349,410,Planera',0,0,0,0,0,0,0,0.0,0.0,0.0,0.0,0.0,0.0,0.0,0.0
349,410,Platanus',0,0,0,0,0,0,0,0.0,0.0,0.0,0.0,0.0,0.0,0.0,0.0
349,410,Populus',0,868,203,0,0,0,0,19.754684448242188,13.525317192077637,480.6985452313777,3.1063303138502794,2753.7248095980285,8524.97843506798,0.013039311056663788,34.98778724281656
349,410,Prosopis',0,0,0,0,0,0,0,0.0,0.0,0.0,0.0,0.0,0.0,0.0,0.0
349,410,Prunus',0,0,0,0,0,0,0,0.0,0.0,0.0,0.0,0.0,0.0,0.0,0.0
349,410,Pseudotsuga',0,0,0,0,0,0,0,0.0,0.0,0.0,0.0,0.0,0.0,0.0,0.0
349,410,Quercus',0,30,0,3,0,0,0,36.348297119140625,17.043624877929688,16.546147469478317,0.4081836239340943,746.6659594058991,15873.695164456909,0.0018974486571243009,37.76981808275029
349,410,Robinia',0,0,0,0,0,0,0,0.0,0.0,0.0,0.0,0.0,0.0,0.0,0.0
349,410,Salix',0,245,0,0,0,0,0,7.64411735534668,5.01679801940918,73.60320913487503,0.22459725572459638,239.9138797094673,1677.3617788804543,0.0015927010409699236,11.203832645424104
349,410,Sassafras',0,0,0,0,0,0,0,0.0,0.0,0.0,0.0,0.0,0.0,0.0,0.0
349,410,Sequoia',0,0,0,0,0,0,0,0.0,0.0,0.0,0.0,0.0,0.0,0.0,0.0
349,410,Sequoiadendron',0,0,0,0,0,0,0,0.0,0.0,0.0,0.0,0.0,0.0,0.0,0.0
349,410,Sorbus',0,0,0,0,0,0,0,0.0,0.0,0.0,0.0,0.0,0.0,0.0,0.0
349,410,Taxodium',0,0,0,0,0,0,0,0.0,0.0,0.0,0.0,0.0,0.0,0.0,0.0
349,410,Taxus',0,0,0,0,0,0,0,0.0,0.0,0.0,0.0,0.0,0.0,0.0,0.0
349,410,Thuja',0,106,148,139,64,0,0,61.0,18.284727096557617,390.34296048313377,35.28837067565889,32272.44067847565,156855.44200851567,0.07735482277118265,361.5272160565563
349,410,Tilia',0,0,0,0,0,0,0,0.0,0.0,0.0,0.0,0.0,0.0,0.0,0.0
349,410,Torreya',0,0,0,0,0,0,0,0.0,0.0,0.0,0.0,0.0,0.0,0.0,0.0
349,410,Tsuga',0,18,20,9,0,0,0,32.16890335083008,13.05302619934082,32.994656547904015,1.1298433242632158,1066.0881478637457,13965.932823438836,0.002845674365262972,34.36546885904257
349,410,Ulmus',0,23,38,1,0,0,0,45.210548400878906,15.082165718078613,47.27590445287619,1.1807250399922866,1166.9610639226437,11536.239135173295,0.003273809677604589,30.63013641253409
349,410,Umbellularia',0,0,0,0,0,0,0,0.0,0.0,0.0,0.0,0.0,0.0,0.0,0.0
349,420,Abies',0,20,28,0,0,0,0,26.75491714477539,13.229959487915039,30.367397249490022,1.0497719533947192,908.4718194307387,12156.463349904081,0.0024574664463801283,32.01732040440027
349,420,Acer',0,438,182,0,0,0,0,58.081146240234375,25.277345657348633,313.36087997236484,2.604829862913354,3721.3425857692214,19749.412421119043,0.012780654149676657,56.26765279266826
349,420,Aesculus',0,0,0,0,0,0,0,0.0,0.0,0.0,0.0,0.0,0.0,0.0,0.0
349,420,Ailanthus',0,0,0,0,0,0,0,0.0,0.0,0.0,0.0,0.0,0.0,0.0,0.0
349,420,Alnus',0,10,0,0,0,0,0,4.977633953094482,5.01775598526001,4.362560114528559,0.020639894254351945,21.009867656230927,450.7322648348421,0.00010949007086828368,2.3317598087205984
349,420,Amelanchier',0,0,0,0,0,0,0,0.0,0.0,0.0,0.0,0.0,0.0,0.0,0.0
349,420,Arbutus',0,0,0,0,0,0,0,0.0,0.0,0.0,0.0,0.0,0.0,0.0,0.0
349,420,Asimina',0,0,0,0,0,0,0,0.0,0.0,0.0,0.0,0.0,0.0,0.0,0.0
349,420,Betula',0,1400,542,8,1,0,0,48.58412551879883,18.495126724243164,971.4483579000622,11.371533411149594,14015.973528542965,42040.12196478066,0.04513114674050758,107.04652811794284
349,420,Calocedrus',0,0,0,0,0,0,0,0.0,0.0,0.0,0.0,0.0,0.0,0.0,0.0
349,420,Carpinus',0,0,0,0,0,0,0,0.0,0.0,0.0,0.0,0.0,0.0,0.0,0.0
349,420,Carya',0,0,0,0,0,0,0,0.0,0.0,0.0,0.0,0.0,0.0,0.0,0.0
349,420,Castanea',0,0,0,0,0,0,0,0.0,0.0,0.0,0.0,0.0,0.0,0.0,0.0
349,420,Catalpa',0,0,0,0,0,0,0,0.0,0.0,0.0,0.0,0.0,0.0,0.0,0.0
349,420,Celtis',0,0,0,0,0,0,0,0.0,0.0,0.0,0.0,0.0,0.0,0.0,0.0
349,420,Cercis',0,0,0,0,0,0,0,0.0,0.0,0.0,0.0,0.0,0.0,0.0,0.0
349,420,Cercocarpus',0,0,0,0,0,0,0,0.0,0.0,0.0,0.0,0.0,0.0,0.0,0.0
349,420,Chamaecyparis',0,0,0,0,0,0,0,0.0,0.0,0.0,0.0,0.0,0.0,0.0,0.0
349,420,Chilopsis',0,0,0,0,0,0,0,0.0,0.0,0.0,0.0,0.0,0.0,0.0,0.0
349,420,Chrysolepis',0,0,0,0,0,0,0,0.0,0.0,0.0,0.0,0.0,0.0,0.0,0.0
349,420,Cladrastis',0,0,0,0,0,0,0,0.0,0.0,0.0,0.0,0.0,0.0,0.0,0.0
349,420,Comus',0,0,0,0,0,0,0,0.0,0.0,0.0,0.0,0.0,0.0,0.0,0.0
349,420,Cornus',0,0,0,0,0,0,0,0.0,0.0,0.0,0.0,0.0,0.0,0.0,0.0
349,420,Crataegus',0,0,0,0,0,0,0,0.0,0.0,0.0,0.0,0.0,0.0,0.0,0.0
349,420,Cupressus',0,0,0,0,0,0,0,0.0,0.0,0.0,0.0,0.0,0.0,0.0,0.0
349,420,Diospyros',0,0,0,0,0,0,0,0.0,0.0,0.0,0.0,0.0,0.0,0.0,0.0
349,420,Elaeagnus',0,60,0,0,0,0,0,3.550614356994629,2.913642644882202,18.039471233570122,0.041196366524967276,63.1776203417778,612.217536280824,0.0004000829236740249,4.025274530111964
349,420,Fagus',0,0,0,0,0,0,0,0.0,0.0,0.0,0.0,0.0,0.0,0.0,0.0
349,420,Fraxinus',0,64,30,0,0,0,0,9.710793495178223,5.995441913604736,40.836582315401934,0.2889689399224756,328.34602568030357,3181.8897292888714,0.001317523143554802,12.31580921776242
349,420,Gleditsia',0,0,0,0,0,0,0,0.0,0.0,0.0,0.0,0.0,0.0,0.0,0.0
349,420,Gordonia',0,0,0,0,0,0,0,0.0,0.0,0.0,0.0,0.0,0.0,0.0,0.0
349,420,Gymnocladus',0,0,0,0,0,0,0,0.0,0.0,0.0,0.0,0.0,0.0,0.0,0.0
349,420,Halesia',0,0,0,0,0,0,0,0.0,0.0,0.0,0.0,0.0,0.0,0.0,0.0
349,420,Ilex',0,0,0,0,0,0,0,0.0,0.0,0.0,0.0,0.0,0.0,0.0,0.0
349,420,Juglans',0,0,0,0,0,0,0,0.0,0.0,0.0,0.0,0.0,0.0,0.0,0.0
349,420,Juniperus',0,0,0,0,0,0,0,0.0,0.0,0.0,0.0,0.0,0.0,0.0,0.0
349,420,Larix',0,0,0,0,0,0,0,0.0,0.0,0.0,0.0,0.0,0.0,0.0,0.0
349,420,Liquidambar',0,0,0,0,0,0,0,0.0,0.0,0.0,0.0,0.0,0.0,0.0,0.0
349,420,Liriodendron',0,0,0,0,0,0,0,0.0,0.0,0.0,0.0,0.0,0.0,0.0,0.0
349,420,Lithocarpus',0,0,0,0,0,0,0,0.0,0.0,0.0,0.0,0.0,0.0,0.0,0.0
349,420,Maclura',0,0,0,0,0,0,0,0.0,0.0,0.0,0.0,0.0,0.0,0.0,0.0
349,420,Magnolia',0,0,0,0,0,0,0,0.0,0.0,0.0,0.0,0.0,0.0,0.0,0.0
349,420,Malus',0,0,0,0,0,0,0,0.0,0.0,0.0,0.0,0.0,0.0,0.0,0.0
349,420,Morus',0,0,0,0,0,0,0,0.0,0.0,0.0,0.0,0.0,0.0,0.0,0.0
349,420,Nyssa',0,0,0,0,0,0,0,0.0,0.0,0.0,0.0,0.0,0.0,0.0,0.0
349,420,Olneya',0,0,0,0,0,0,0,0.0,0.0,0.0,0.0,0.0,0.0,0.0,0.0
349,420,Ostrya',0,0,0,0,0,0,0,0.0,0.0,0.0,0.0,0.0,0.0,0.0,0.0
349,420,Oxydendron',0,0,0,0,0,0,0,0.0,0.0,0.0,0.0,0.0,0.0,0.0,0.0
349,420,Paulownia',0,0,0,0,0,0,0,0.0,0.0,0.0,0.0,0.0,0.0,0.0,0.0
349,420,Persea',0,0,0,0,0,0,0,0.0,0.0,0.0,0.0,0.0,0.0,0.0,0.0
349,420,Picea',0,30,134,30,0,0,0,39.01228332519531,19.645591735839844,137.84022652328014,6.19281614793987,7030.655844971836,51719.35463513077,0.01761470524218699,122.23903123729237
349,420,Pinus',0,608,555,293,31,4,0,76.11017608642578,31.841909408569336,917.5044425791501,53.87829879849766,71164.33991784022,246568.8554003544,0.17139582075804033,557.7400050296018
349,420,Planera',0,0,0,0,0,0,0,0.0,0.0,0.0,0.0,0.0,0.0,0.0,0.0
349,420,Platanus',0,0,0,0,0,0,0,0.0,0.0,0.0,0.0,0.0,0.0,0.0,0.0
349,420,Populus',0,1220,170,0,0,0,0,14.164580345153809,10.82407283782959,540.5587452103654,2.9699822404567144,2801.3264145917074,8598.885364796804,0.014006813208131018,36.500160875325996
349,420,Prosopis',0,0,0,0,0,0,0,0.0,0.0,0.0,0.0,0.0,0.0,0.0,0.0
349,420,Prunus',0,0,0,0,0,0,0,0.0,0.0,0.0,0.0,0.0,0.0,0.0,0.0
349,420,Pseudotsuga',0,0,0,0,0,0,0,0.0,0.0,0.0,0.0,0.0,0.0,0.0,0.0
349,420,Quercus',0,10,0,3,0,0,0,38.74319839477539,17.779258728027344,19.861305016505565,0.46380229180713345,886.1690987491608,18872.643357523706,0.0022551791228279435,45.657585163889145
349,420,Robinia',0,0,0,0,0,0,0,0.0,0.0,0.0,0.0,0.0,0.0,0.0,0.0
349,420,Salix',0,171,13,0,0,0,0,15.430585861206055,7.953585624694824,73.58233804189706,0.3437505603539695,308.3622938120365,2246.7879942490063,0.0017445081759919442,12.283205921682285
349,420,Sassafras',0,0,0,0,0,0,0,0.0,0.0,0.0,0.0,0.0,0.0,0.0,0.0
349,420,Sequoia',0,0,0,0,0,0,0,0.0,0.0,0.0,0.0,0.0,0.0,0.0,0.0
349,420,Sequoiadendron',0,0,0,0,0,0,0,0.0,0.0,0.0,0.0,0.0,0.0,0.0,0.0
349,420,Sorbus',0,0,0,0,0,0,0,0.0,0.0,0.0,0.0,0.0,0.0,0.0,0.0
349,420,Taxodium',0,0,0,0,0,0,0,0.0,0.0,0.0,0.0,0.0,0.0,0.0,0.0
349,420,Taxus',0,0,0,0,0,0,0,0.0,0.0,0.0,0.0,0.0,0.0,0.0,0.0
349,420,Thuja',0,114,142,131,65,0,0,60.20112609863281,18.213333129882812,393.60214764684434,33.87069083607183,30996.02547840208,152626.73310965783,0.07456542093877207,352.1648461932285
349,420,Tilia',0,0,0,0,0,0,0,0.0,0.0,0.0,0.0,0.0,0.0,0.0,0.0
349,420,Torreya',0,0,0,0,0,0,0,0.0,0.0,0.0,0.0,0.0,0.0,0.0,0.0
349,420,Tsuga',0,20,26,9,0,0,0,37.8921012878418,14.56921672821045,46.06076846629381,1.461836299378862,1438.3402365991474,17467.74915647111,0.0038616339241533235,44.093728004248064
349,420,Ulmus',0,58,14,0,1,0,0,49.852298736572266,16.136018753051758,56.32400204769417,0.5785832164692407,702.109097456336,8390.87443307056,0.002371057751616463,23.412360424298598
349,420,Umbellularia',0,0,0,0,0,0,0,0.0,0.0,0.0,0.0,0.0,0.0,0.0,0.0
349,430,Abies',0,40,10,8,0,0,0,29.30042266845703,13.988214492797852,35.9892607653141,1.0509176572151555,962.0002632761002,14284.373451840836,0.0026576232607865937,36.29384846678439
349,430,Acer',0,423,93,0,0,0,0,61.414039611816406,25.963390350341797,225.0197969194313,1.5836379884214808,2269.196778623238,13116.810638807092,0.008281944514068313,38.17146767674991
349,430,Aesculus',0,0,0,0,0,0,0,0.0,0.0,0.0,0.0,0.0,0.0,0.0,0.0
349,430,Ailanthus',0,0,0,0,0,0,0,0.0,0.0,0.0,0.0,0.0,0.0,0.0,0.0
349,430,Alnus',0,0,0,0,0,0,0,0.0,0.0,0.0,0.0,0.0,0.0,0.0,0.0
349,430,Amelanchier',0,0,0,0,0,0,0,0.0,0.0,0.0,0.0,0.0,0.0,0.0,0.0
349,430,Arbutus',0,0,0,0,0,0,0,0.0,0.0,0.0,0.0,0.0,0.0,0.0,0.0
349,430,Asimina',0,0,0,0,0,0,0,0.0,0.0,0.0,0.0,0.0,0.0,0.0,0.0
349,430,Betula',0,1241,596,6,2,0,0,48.711483001708984,18.522663116455078,1006.3817348398409,12.6484831289767,15354.678199900463,43487.45550350178,0.04860893132733381,111.08681147971669
349,430,Calocedrus',0,0,0,0,0,0,0,0.0,0.0,0.0,0.0,0.0,0.0,0.0,0.0
349,430,Carpinus',0,0,0,0,0,0,0,0.0,0.0,0.0,0.0,0.0,0.0,0.0,0.0
349,430,Carya',0,0,0,0,0,0,0,0.0,0.0,0.0,0.0,0.0,0.0,0.0,0.0
349,430,Castanea',0,0,0,0,0,0,0,0.0,0.0,0.0,0.0,0.0,0.0,0.0,0.0
349,430,Catalpa',0,0,0,0,0,0,0,0.0,0.0,0.0,0.0,0.0,0.0,0.0,0.0
349,430,Celtis',0,0,0,0,0,0,0,0.0,0.0,0.0,0.0,0.0,0.0,0.0,0.0
349,430,Cercis',0,0,0,0,0,0,0,0.0,0.0,0.0,0.0,0.0,0.0,0.0,0.0
349,430,Cercocarpus',0,0,0,0,0,0,0,0.0,0.0,0.0,0.0,0.0,0.0,0.0,0.0
349,430,Chamaecyparis',0,0,0,0,0,0,0,0.0,0.0,0.0,0.0,0.0,0.0,0.0,0.0
349,430,Chilopsis',0,0,0,0,0,0,0,0.0,0.0,0.0,0.0,0.0,0.0,0.0,0.0
349,430,Chrysolepis',0,0,0,0,0,0,0,0.0,0.0,0.0,0.0,0.0,0.0,0.0,0.0
349,430,Cladrastis',0,0,0,0,0,0,0,0.0,0.0,0.0,0.0,0.0,0.0,0.0,0.0
349,430,Comus',0,0,0,0,0,0,0,0.0,0.0,0.0,0.0,0.0,0.0,0.0,0.0
349,430,Cornus',0,0,0,0,0,0,0,0.0,0.0,0.0,0.0,0.0,0.0,0.0,0.0
349,430,Crataegus',0,0,0,0,0,0,0,0.0,0.0,0.0,0.0,0.0,0.0,0.0,0.0
349,430,Cupressus',0,0,0,0,0,0,0,0.0,0.0,0.0,0.0,0.0,0.0,0.0,0.0
349,430,Diospyros',0,0,0,0,0,0,0,0.0,0.0,0.0,0.0,0.0,0.0,0.0,0.0
349,430,Elaeagnus',0,57,0,0,0,0,0,3.7659738063812256,2.999842643737793,7.720609020347459,0.0198505464014753,33.6095647315681,419.77652573250214,0.00018583037734776697,2.621577472018139
349,430,Fagus',0,0,0,0,0,0,0,0.0,0.0,0.0,0.0,0.0,0.0,0.0,0.0
349,430,Fraxinus',0,104,33,0,0,0,0,13.093777656555176,6.994284152984619,50.85104961938495,0.49057932046974567,544.5204552668333,5015.490384992692,0.0019420745795194507,15.31255244113661
349,430,Gleditsia',0,0,0,0,0,0,0,0.0,0.0,0.0,0.0,0.0,0.0,0.0,0.0
349,430,Gordonia',0,0,0,0,0,0,0,0.0,0.0,0.0,0.0,0.0,0.0,0.0,0.0
349,430,Gymnocladus',0,0,0,0,0,0,0,0.0,0.0,0.0,0.0,0.0,0.0,0.0,0.0
349,430,Halesia',0,0,0,0,0,0,0,0.0,0.0,0.0,0.0,0.0,0.0,0.0,0.0
349,430,Ilex',0,0,0,0,0,0,0,0.0,0.0,0.0,0.0,0.0,0.0,0.0,0.0
349,430,Juglans',0,0,0,0,0,0,0,0.0,0.0,0.0,0.0,0.0,0.0,0.0,0.0
349,430,Juniperus',0,10,0,0,0,0,0,0.9407454133033752,2.044389247894287,0.4566696171462536,0.0007145411014977644,1.6316568963229656,36.48495736134471,1.0222243023337761e-05,0.22857630282706248
349,430,Larix',0,0,0,0,0,0,0,0.0,0.0,0.0,0.0,0.0,0.0,0.0,0.0
349,430,Liquidambar',0,0,0,0,0,0,0,0.0,0.0,0.0,0.0,0.0,0.0,0.0,0.0
349,430,Liriodendron',0,0,0,0,0,0,0,0.0,0.0,0.0,0.0,0.0,0.0,0.0,0.0
349,430,Lithocarpus',0,0,0,0,0,0,0,0.0,0.0,0.0,0.0,0.0,0.0,0.0,0.0
349,430,Maclura',0,0,0,0,0,0,0,0.0,0.0,0.0,0.0,0.0,0.0,0.0,0.0
349,430,Magnolia',0,0,0,0,0,0,0,0.0,0.0,0.0,0.0,0.0,0.0,0.0,0.0
349,430,Malus',0,0,0,0,0,0,0,0.0,0.0,0.0,0.0,0.0,0.0,0.0,0.0
349,430,Morus',0,0,0,0,0,0,0,0.0,0.0,0.0,0.0,0.0,0.0,0.0,0.0
349,430,Nyssa',0,0,0,0,0,0,0,0.0,0.0,0.0,0.0,0.0,0.0,0.0,0.0
349,430,Olneya',0,0,0,0,0,0,0,0.0,0.0,0.0,0.0,0.0,0.0,0.0,0.0
349,430,Ostrya',0,0,0,0,0,0,0,0.0,0.0,0.0,0.0,0.0,0.0,0.0,0.0
349,430,Oxydendron',0,0,0,0,0,0,0,0.0,0.0,0.0,0.0,0.0,0.0,0.0,0.0
349,430,Paulownia',0,0,0,0,0,0,0,0.0,0.0,0.0,0.0,0.0,0.0,0.0,0.0
349,430,Persea',0,0,0,0,0,0,0,0.0,0.0,0.0,0.0,0.0,0.0,0.0,0.0
349,430,Picea',0,65,105,38,0,0,0,30.17479705810547,16.955623626708984,151.24557419210672,5.897729223496924,6562.816943375767,43454.600181552756,0.016768695691976226,105.08546441825294
349,430,Pinus',0,645,598,249,32,4,0,78.271240234375,32.06895446777344,886.7523044912517,53.032245444760854,69989.6839399235,254581.76075347344,0.1683412733514586,574.4807752983586
349,430,Planera',0,0,0,0,0,0,0,0.0,0.0,0.0,0.0,0.0,0.0,0.0,0.0
349,430,Platanus',0,0,0,0,0,0,0,0.0,0.0,0.0,0.0,0.0,0.0,0.0,0.0
349,430,Populus',0,889,239,0,0,0,0,17.698091506958008,12.588420867919922,531.9208486483113,3.8245409181504484,3467.1081448163836,11909.711750915747,0.015361980818318563,41.942415855110156
349,430,Prosopis',0,0,0,0,0,0,0,0.0,0.0,0.0,0.0,0.0,0.0,0.0,0.0
349,430,Prunus',0,0,0,0,0,0,0,0.0,0.0,0.0,0.0,0.0,0.0,0.0,0.0
349,430,Pseudotsuga',0,0,0,0,0,0,0,0.0,0.0,0.0,0.0,0.0,0.0,0.0,0.0
349,430,Quercus',0,10,0,3,0,0,0,40.893226623535156,18.414737701416016,14.25106735169133,0.534603313887471,1006.6156804561615,21400.42116197575,0.002442075630113479,50.73036408945604
349,430,Robinia',0,0,0,0,0,0,0,0.0,0.0,0.0,0.0,0.0,0.0,0.0,0.0
349,430,Salix',0,209,0,0,0,0,0,7.262279510498047,4.852497100830078,68.53443351751075,0.18763164774139188,208.02087099775673,1424.015462776247,0.0014488598440238205,10.115462347179891
349,430,Sassafras',0,0,0,0,0,0,0,0.0,0.0,0.0,0.0,0.0,0.0,0.0,0.0
349,430,Sequoia',0,0,0,0,0,0,0,0.0,0.0,0.0,0.0,0.0,0.0,0.0,0.0
349,430,Sequoiadendron',0,0,0,0,0,0,0,0.0,0.0,0.0,0.0,0.0,0.0,0.0,0.0
349,430,Sorbus',0,0,0,0,0,0,0,0.0,0.0,0.0,0.0,0.0,0.0,0.0,0.0
349,430,Taxodium',0,0,0,0,0,0,0,0.0,0.0,0.0,0.0,0.0,0.0,0.0,0.0
349,430,Taxus',0,0,0,0,0,0,0,0.0,0.0,0.0,0.0,0.0,0.0,0.0,0.0
349,430,Thuja',0,100,170,141,63,0,0,61.0,18.284727096557617,451.21122588694095,35.883092644828686,32862.54709440053,156214.63382353567,0.07954537842883215,362.62989874911113
349,430,Tilia',0,0,0,0,0,0,0,0.0,0.0,0.0,0.0,0.0,0.0,0.0,0.0
349,430,Torreya',0,0,0,0,0,0,0,0.0,0.0,0.0,0.0,0.0,0.0,0.0,0.0
349,430,Tsuga',0,10,26,9,0,0,0,43.156307220458984,15.84375,36.84541844129562,1.8242735516393254,1802.0670522093774,21028.63035636576,0.00453680500617251,50.95616043101806
349,430,Ulmus',0,33,28,0,1,0,0,54.16409683227539,17.066301345825195,38.590251167741,0.5569821202463303,668.7122380816936,9540.55789655439,0.0020415552645493286,24.257406803914566
349,430,Umbellularia',0,0,0,0,0,0,0,0.0,0.0,0.0,0.0,0.0,0.0,0.0,0.0
349,440,Abies',0,0,30,8,0,0,0,31.681501388549805,14.653210639953613,36.28530281305313,1.3150180012052222,1217.0633636307716,17453.50402500037,0.0032287063392202036,43.041246860410425
349,440,Acer',0,509,66,0,0,0,0,15.137725830078125,10.525039672851562,263.1873388303137,1.3497924911256847,1881.3747745640576,9418.929253000413,0.007969560803277417,32.26443624033052
349,440,Aesculus',0,0,0,0,0,0,0,0.0,0.0,0.0,0.0,0.0,0.0,0.0,0.0
349,440,Ailanthus',0,0,0,0,0,0,0,0.0,0.0,0.0,0.0,0.0,0.0,0.0,0.0
349,440,Alnus',0,20,0,0,0,0,0,4.614556789398193,4.821545600891113,7.1173659679067285,0.01810151286283396,24.52728963702917,326.46527519725373,0.00015696352464845379,2.0660615487313816
349,440,Amelanchier',0,1,0,0,0,0,0,2.403017044067383,2.877068281173706,0.3195251882830752,0.0007619261258233607,1.4626866316795348,32.70666738215629,7.850157324224716e-06,0.17553485411034378
349,440,Arbutus',0,0,0,0,0,0,0,0.0,0.0,0.0,0.0,0.0,0.0,0.0,0.0
349,440,Asimina',0,0,0,0,0,0,0,0.0,0.0,0.0,0.0,0.0,0.0,0.0,0.0
349,440,Betula',0,1454,511,10,2,0,0,50.92418670654297,18.990684509277344,929.0911745990898,11.763694613806189,14387.907819494232,45195.15113602093,0.04534791196486015,112.3860554972988
349,440,Calocedrus',0,0,0,0,0,0,0,0.0,0.0,0.0,0.0,0.0,0.0,0.0,0.0
349,440,Carpinus',0,0,0,0,0,0,0,0.0,0.0,0.0,0.0,0.0,0.0,0.0,0.0
349,440,Carya',0,0,0,0,0,0,0,0.0,0.0,0.0,0.0,0.0,0.0,0.0,0.0
349,440,Castanea',0,0,0,0,0,0,0,0.0,0.0,0.0,0.0,0.0,0.0,0.0,0.0
349,440,Catalpa',0,0,0,0,0,0,0,0.0,0.0,0.0,0.0,0.0,0.0,0.0,0.0
349,440,Celtis',0,0,0,0,0,0,0,0.0,0.0,0.0,0.0,0.0,0.0,0.0,0.0
349,440,Cercis',0,0,0,0,0,0,0,0.0,0.0,0.0,0.0,0.0,0.0,0.0,0.0
349,440,Cercocarpus',0,0,0,0,0,0,0,0.0,0.0,0.0,0.0,0.0,0.0,0.0,0.0
349,440,Chamaecyparis',0,0,0,0,0,0,0,0.0,0.0,0.0,0.0,0.0,0.0,0.0,0.0
349,440,Chilopsis',0,0,0,0,0,0,0,0.0,0.0,0.0,0.0,0.0,0.0,0.0,0.0
349,440,Chrysolepis',0,0,0,0,0,0,0,0.0,0.0,0.0,0.0,0.0,0.0,0.0,0.0
349,440,Cladrastis',0,0,0,0,0,0,0,0.0,0.0,0.0,0.0,0.0,0.0,0.0,0.0
349,440,Comus',0,0,0,0,0,0,0,0.0,0.0,0.0,0.0,0.0,0.0,0.0,0.0
349,440,Cornus',0,0,0,0,0,0,0,0.0,0.0,0.0,0.0,0.0,0.0,0.0,0.0
349,440,Crataegus',0,0,0,0,0,0,0,0.0,0.0,0.0,0.0,0.0,0.0,0.0,0.0
349,440,Cupressus',0,0,0,0,0,0,0,0.0,0.0,0.0,0.0,0.0,0.0,0.0,0.0
349,440,Diospyros',0,0,0,0,0,0,0,0.0,0.0,0.0,0.0,0.0,0.0,0.0,0.0
349,440,Elaeagnus',0,51,4,0,0,0,0,8.498875617980957,4.6144819259643555,35.151079220320035,0.10074331024300302,136.80301512517036,1439.6344196503244,0.0008100260122229809,8.517531781322624
349,440,Fagus',0,0,0,0,0,0,0,0.0,0.0,0.0,0.0,0.0,0.0,0.0,0.0
349,440,Fraxinus',0,136,22,0,0,0,0,16.47300148010254,8.207684516906738,66.46172710116716,0.635109699765356,727.7863973413408,6651.24484373723,0.002574056622921722,20.086286895738215
349,440,Gleditsia',0,0,0,0,0,0,0,0.0,0.0,0.0,0.0,0.0,0.0,0.0,0.0
349,440,Gordonia',0,0,0,0,0,0,0,0.0,0.0,0.0,0.0,0.0,0.0,0.0,0.0
349,440,Gymnocladus',0,0,0,0,0,0,0,0.0,0.0,0.0,0.0,0.0,0.0,0.0,0.0
349,440,Halesia',0,0,0,0,0,0,0,0.0,0.0,0.0,0.0,0.0,0.0,0.0,0.0
349,440,Ilex',0,0,0,0,0,0,0,0.0,0.0,0.0,0.0,0.0,0.0,0.0,0.0
349,440,Juglans',0,0,0,0,0,0,0,0.0,0.0,0.0,0.0,0.0,0.0,0.0,0.0
349,440,Juniperus',0,0,0,0,0,0,0,0.0,0.0,0.0,0.0,0.0,0.0,0.0,0.0
349,440,Larix',0,0,0,0,0,0,0,0.0,0.0,0.0,0.0,0.0,0.0,0.0,0.0
349,440,Liquidambar',0,0,0,0,0,0,0,0.0,0.0,0.0,0.0,0.0,0.0,0.0,0.0
349,440,Liriodendron',0,0,0,0,0,0,0,0.0,0.0,0.0,0.0,0.0,0.0,0.0,0.0
349,440,Lithocarpus',0,0,0,0,0,0,0,0.0,0.0,0.0,0.0,0.0,0.0,0.0,0.0
349,440,Maclura',0,0,0,0,0,0,0,0.0,0.0,0.0,0.0,0.0,0.0,0.0,0.0
349,440,Magnolia',0,0,0,0,0,0,0,0.0,0.0,0.0,0.0,0.0,0.0,0.0,0.0
349,440,Malus',0,0,0,0,0,0,0,0.0,0.0,0.0,0.0,0.0,0.0,0.0,0.0
349,440,Morus',0,0,0,0,0,0,0,0.0,0.0,0.0,0.0,0.0,0.0,0.0,0.0
349,440,Nyssa',0,0,0,0,0,0,0,0.0,0.0,0.0,0.0,0.0,0.0,0.0,0.0
349,440,Olneya',0,0,0,0,0,0,0,0.0,0.0,0.0,0.0,0.0,0.0,0.0,0.0
349,440,Ostrya',0,0,0,0,0,0,0,0.0,0.0,0.0,0.0,0.0,0.0,0.0,0.0
349,440,Oxydendron',0,0,0,0,0,0,0,0.0,0.0,0.0,0.0,0.0,0.0,0.0,0.0
349,440,Paulownia',0,0,0,0,0,0,0,0.0,0.0,0.0,0.0,0.0,0.0,0.0,0.0
349,440,Persea',0,0,0,0,0,0,0,0.0,0.0,0.0,0.0,0.0,0.0,0.0,0.0
349,440,Picea',0,30,120,40,0,0,0,31.6607666015625,17.45245361328125,147.53749195843935,6.515554547365209,7347.526747284233,48259.88083595933,0.0184589341042228,115.04636658873792
349,440,Pinus',0,737,607,244,31,4,0,80.53482818603516,32.291900634765625,920.9830852812528,51.73741606949379,68816.9958756113,261691.67917848332,0.16622974812566355,589.6858586357372
349,440,Planera',0,0,0,0,0,0,0,0.0,0.0,0.0,0.0,0.0,0.0,0.0,0.0
349,440,Platanus',0,0,0,0,0,0,0,0.0,0.0,0.0,0.0,0.0,0.0,0.0,0.0
349,440,Populus',0,768,203,0,0,0,0,20.498804092407227,13.84908676147461,467.87851966646366,3.2301314392380447,2958.9225253727286,9903.064912745549,0.013310754533027644,38.32868066411659
349,440,Prosopis',0,0,0,0,0,0,0,0.0,0.0,0.0,0.0,0.0,0.0,0.0,0.0
349,440,Prunus',0,10,0,0,0,0,0,1.0443165302276611,2.0541460514068604,0.0,0.0008805363738278601,1.5297410571575165,34.20604991776551,3.399424721719697e-06,0.07601344762158528
349,440,Pseudotsuga',0,0,0,0,0,0,0,0.0,0.0,0.0,0.0,0.0,0.0,0.0,0.0
349,440,Quercus',0,15,0,3,0,0,0,42.98188400268555,19.010316848754883,16.237639316086526,0.5585309368690765,1109.5136299127341,24029.016308991224,0.002699335890864956,56.086673425885905
349,440,Robinia',0,0,0,0,0,0,0,0.0,0.0,0.0,0.0,0.0,0.0,0.0,0.0
349,440,Salix',0,227,2,0,0,0,0,9.04024600982666,5.600253105163574,77.4772788532361,0.21374770241639415,240.5590223553777,1667.3373749684438,0.0016499040820372702,11.215671056745148
349,440,Sassafras',0,0,0,0,0,0,0,0.0,0.0,0.0,0.0,0.0,0.0,0.0,0.0
349,440,Sequoia',0,0,0,0,0,0,0,0.0,0.0,0.0,0.0,0.0,0.0,0.0,0.0
349,440,Sequoiadendron',0,0,0,0,0,0,0,0.0,0.0,0.0,0.0,0.0,0.0,0.0,0.0
349,440,Sorbus',0,0,0,0,0,0,0,0.0,0.0,0.0,0.0,0.0,0.0,0.0,0.0
349,440,Taxodium',0,0,0,0,0,0,0,0.0,0.0,0.0,0.0,0.0,0.0,0.0,0.0
349,440,Taxus',0,0,0,0,0,0,0,0.0,0.0,0.0,0.0,0.0,0.0,0.0,0.0
349,440,Thuja',0,159,154,131,47,0,0,60.803462982177734,18.267333984375,417.79913066156206,32.501240573489284,29562.287744753437,149822.9848955472,0.07172884964342435,346.98876292624664
349,440,Tilia',0,0,0,0,0,0,0,0.0,0.0,0.0,0.0,0.0,0.0,0.0,0.0
349,440,Torreya',0,0,0,0,0,0,0,0.0,0.0,0.0,0.0,0.0,0.0,0.0,0.0
349,440,Tsuga',0,10,26,9,0,0,0,47.7884407043457,16.877885818481445,35.22451713860035,2.2126287510994906,2230.244301057458,25037.29849371683,0.0054648971826788,59.43529760034944
349,440,Ulmus',0,17,38,0,1,0,0,58.14337921142578,17.885250091552734,35.946338364878024,0.8438401802229055,949.9513104173541,12026.580711079409,0.002628470398572275,30.230021378067757
349,440,Umbellularia',0,0,0,0,0,0,0,0.0,0.0,0.0,0.0,0.0,0.0,0.0,0.0
349,450,Abies',0,0,30,0,0,0,0,27.317285537719727,13.401849746704102,29.889695105552672,0.8776007121461116,773.5513333654404,12657.918187221321,0.0021507430197149537,32.039321396161526
349,450,Acer',0,483,59,0,0,0,0,16.87083625793457,11.408214569091797,243.70428012919763,1.2574948635149654,1737.7051021029056,9086.387258537967,0.007369825394303073,31.11817829662555
349,450,Aesculus',0,0,0,0,0,0,0,0.0,0.0,0.0,0.0,0.0,0.0,0.0,0.0
349,450,Ailanthus',0,0,0,0,0,0,0,0.0,0.0,0.0,0.0,0.0,0.0,0.0,0.0
349,450,Alnus',0,14,0,0,0,0,0,3.3529276847839355,4.061477184295654,0.6510882636037053,0.006831761075405674,6.957171396613121,109.978203592901,2.4833158348686964e-05,0.4160480935564369
349,450,Amelanchier',0,0,0,0,0,0,0,0.0,0.0,0.0,0.0,0.0,0.0,0.0,0.0
349,450,Arbutus',0,0,0,0,0,0,0,0.0,0.0,0.0,0.0,0.0,0.0,0.0,0.0
349,450,Asimina',0,0,0,0,0,0,0,0.0,0.0,0.0,0.0,0.0,0.0,0.0,0.0
349,450,Betula',0,1364,519,10,2,0,0,53.32632827758789,19.477197647094727,905.6412600749466,11.69714409007043,14630.874503255487,49843.740778949876,0.045550263662357114,121.5851363308031
349,450,Calocedrus',0,0,0,0,0,0,0,0.0,0.0,0.0,0.0,0.0,0.0,0.0,0.0
349,450,Carpinus',0,0,0,0,0,0,0,0.0,0.0,0.0,0.0,0.0,0.0,0.0,0.0
349,450,Carya',0,0,0,0,0,0,0,0.0,0.0,0.0,0.0,0.0,0.0,0.0,0.0
349,450,Castanea',0,0,0,0,0,0,0,0.0,0.0,0.0,0.0,0.0,0.0,0.0,0.0
349,450,Catalpa',0,0,0,0,0,0,0,0.0,0.0,0.0,0.0,0.0,0.0,0.0,0.0
349,450,Celtis',0,0,0,0,0,0,0,0.0,0.0,0.0,0.0,0.0,0.0,0.0,0.0
349,450,Cercis',0,0,0,0,0,0,0,0.0,0.0,0.0,0.0,0.0,0.0,0.0,0.0
349,450,Cercocarpus',0,0,0,0,0,0,0,0.0,0.0,0.0,0.0,0.0,0.0,0.0,0.0
349,450,Chamaecyparis',0,0,0,0,0,0,0,0.0,0.0,0.0,0.0,0.0,0.0,0.0,0.0
349,450,Chilopsis',0,0,0,0,0,0,0,0.0,0.0,0.0,0.0,0.0,0.0,0.0,0.0
349,450,Chrysolepis',0,0,0,0,0,0,0,0.0,0.0,0.0,0.0,0.0,0.0,0.0,0.0
349,450,Cladrastis',0,0,0,0,0,0,0,0.0,0.0,0.0,0.0,0.0,0.0,0.0,0.0
349,450,Comus',0,0,0,0,0,0,0,0.0,0.0,0.0,0.0,0.0,0.0,0.0,0.0
349,450,Cornus',0,0,0,0,0,0,0,0.0,0.0,0.0,0.0,0.0,0.0,0.0,0.0
349,450,Crataegus',0,0,0,0,0,0,0,0.0,0.0,0.0,0.0,0.0,0.0,0.0,0.0
349,450,Cupressus',0,0,0,0,0,0,0,0.0,0.0,0.0,0.0,0.0,0.0,0.0,0.0
349,450,Diospyros',0,0,0,0,0,0,0,0.0,0.0,0.0,0.0,0.0,0.0,0.0,0.0
349,450,Elaeagnus',0,12,15,0,0,0,0,14.552101135253906,6.063025951385498,20.538584725294687,0.1698295912645874,167.34450944393873,2562.1041477359695,0.0006675410322844974,10.123082253120332
349,450,Fagus',0,0,0,0,0,0,0,0.0,0.0,0.0,0.0,0.0,0.0,0.0,0.0
349,450,Fraxinus',0,127,27,0,0,0,0,19.4122314453125,9.197697639465332,47.988419995254155,0.5272679337630938,602.8145148541779,7782.482952896044,0.002030407826926794,20.720205256721446
349,450,Gleditsia',0,0,0,0,0,0,0,0.0,0.0,0.0,0.0,0.0,0.0,0.0,0.0
349,450,Gordonia',0,0,0,0,0,0,0,0.0,0.0,0.0,0.0,0.0,0.0,0.0,0.0
349,450,Gymnocladus',0,0,0,0,0,0,0,0.0,0.0,0.0,0.0,0.0,0.0,0.0,0.0
349,450,Halesia',0,0,0,0,0,0,0,0.0,0.0,0.0,0.0,0.0,0.0,0.0,0.0
349,450,Ilex',0,0,0,0,0,0,0,0.0,0.0,0.0,0.0,0.0,0.0,0.0,0.0
349,450,Juglans',0,0,0,0,0,0,0,0.0,0.0,0.0,0.0,0.0,0.0,0.0,0.0
349,450,Juniperus',0,0,0,0,0,0,0,0.0,0.0,0.0,0.0,0.0,0.0,0.0,0.0
349,450,Larix',0,0,0,0,0,0,0,0.0,0.0,0.0,0.0,0.0,0.0,0.0,0.0
349,450,Liquidambar',0,0,0,0,0,0,0,0.0,0.0,0.0,0.0,0.0,0.0,0.0,0.0
349,450,Liriodendron',0,0,0,0,0,0,0,0.0,0.0,0.0,0.0,0.0,0.0,0.0,0.0
349,450,Lithocarpus',0,0,0,0,0,0,0,0.0,0.0,0.0,0.0,0.0,0.0,0.0,0.0
349,450,Maclura',0,0,0,0,0,0,0,0.0,0.0,0.0,0.0,0.0,0.0,0.0,0.0
349,450,Magnolia',0,0,0,0,0,0,0,0.0,0.0,0.0,0.0,0.0,0.0,0.0,0.0
349,450,Malus',0,0,0,0,0,0,0,0.0,0.0,0.0,0.0,0.0,0.0,0.0,0.0
349,450,Morus',0,0,0,0,0,0,0,0.0,0.0,0.0,0.0,0.0,0.0,0.0,0.0
349,450,Nyssa',0,0,0,0,0,0,0,0.0,0.0,0.0,0.0,0.0,0.0,0.0,0.0
349,450,Olneya',0,0,0,0,0,0,0,0.0,0.0,0.0,0.0,0.0,0.0,0.0,0.0
349,450,Ostrya',0,0,0,0,0,0,0,0.0,0.0,0.0,0.0,0.0,0.0,0.0,0.0
349,450,Oxydendron',0,0,0,0,0,0,0,0.0,0.0,0.0,0.0,0.0,0.0,0.0,0.0
349,450,Paulownia',0,0,0,0,0,0,0,0.0,0.0,0.0,0.0,0.0,0.0,0.0,0.0
349,450,Persea',0,0,0,0,0,0,0,0.0,0.0,0.0,0.0,0.0,0.0,0.0,0.0
349,450,Picea',0,49,107,33,0,0,0,32.91464614868164,17.85693359375,126.54363914668559,6.4103178503727,7285.933006193042,50098.554326203215,0.01801881477192759,117.9157794052029
349,450,Pinus',0,652,673,216,52,4,0,82.5605697631836,32.47930145263672,996.5553408618271,50.83009411356946,67941.77870505795,269098.1810948527,0.16537641930346111,605.6195938806381
349,450,Planera',0,0,0,0,0,0,0,0.0,0.0,0.0,0.0,0.0,0.0,0.0,0.0
349,450,Platanus',0,0,0,0,0,0,0,0.0,0.0,0.0,0.0,0.0,0.0,0.0,0.0
349,450,Populus',0,1039,165,0,0,0,0,18.899154663085938,12.213976860046387,506.92905215405017,3.022906734425117,2733.5068338999154,8801.144280850793,0.01337198496110772,35.790617715258726
349,450,Prosopis',0,0,0,0,0,0,0,0.0,0.0,0.0,0.0,0.0,0.0,0.0,0.0
349,450,Prunus',0,10,0,0,0,0,0,0.8839296102523804,1.9095395803451538,0.4524964043469745,0.0006259294963732168,1.3000155586749316,29.0692316100455,9.402860466507224e-06,0.21025435186055397
349,450,Pseudotsuga',0,0,0,0,0,0,0,0.0,0.0,0.0,0.0,0.0,0.0,0.0,0.0
349,450,Quercus',0,10,5,3,0,0,0,44.926639556884766,19.546241760253906,28.1808047619047,0.6673423045524368,1323.9621581625938,27066.863439995665,0.0033478165150880815,63.996647769286994
349,450,Robinia',0,0,0,0,0,0,0,0.0,0.0,0.0,0.0,0.0,0.0,0.0,0.0
349,450,Salix',0,179,0,0,0,0,0,7.408531665802002,4.915672302246094,74.33642997795457,0.22994454087382482,236.9438784684241,1437.712210449257,0.0015966561583862652,9.594786558351542
349,450,Sassafras',0,0,0,0,0,0,0,0.0,0.0,0.0,0.0,0.0,0.0,0.0,0.0
349,450,Sequoia',0,0,0,0,0,0,0,0.0,0.0,0.0,0.0,0.0,0.0,0.0,0.0
349,450,Sequoiadendron',0,0,0,0,0,0,0,0.0,0.0,0.0,0.0,0.0,0.0,0.0,0.0
349,450,Sorbus',0,0,0,0,0,0,0,0.0,0.0,0.0,0.0,0.0,0.0,0.0,0.0
349,450,Taxodium',0,0,0,0,0,0,0,0.0,0.0,0.0,0.0,0.0,0.0,0.0,0.0
349,450,Taxus',0,0,0,0,0,0,0,0.0,0.0,0.0,0.0,0.0,0.0,0.0,0.0
349,450,Thuja',0,141,211,112,48,0,0,60.43956756591797,18.23483657836914,396.7543630552292,29.215894461093676,26101.65764620662,130161.60669248863,0.06373458022555888,300.8671980759516
349,450,Tilia',0,0,0,0,0,0,0,0.0,0.0,0.0,0.0,0.0,0.0,0.0,0.0
349,450,Torreya',0,0,0,0,0,0,0,0.0,0.0,0.0,0.0,0.0,0.0,0.0,0.0
349,450,Tsuga',0,3,20,6,2,0,0,51.884559631347656,17.72923469543457,24.7176605117321,2.336626402976538,2435.5060806524752,28674.37488194234,0.005769268456231484,67.06635347411785
349,450,Ulmus',0,18,20,0,1,0,0,61.85432052612305,18.616254806518555,26.143242038692097,0.772536706131493,940.3702173286676,13695.089823055057,0.0024660581088736663,32.96049891006579
349,450,Umbellularia',0,0,0,0,0,0,0,0.0,0.0,0.0,0.0,0.0,0.0,0.0,0.0
349,460,Abies',0,0,20,10,0,0,0,29.11167335510254,13.933706283569336,27.395060356855392,1.1109014614172346,980.7399048316479,15088.324750968208,0.002575128471692399,37.053891155176714
349,460,Acer',0,455,83,0,0,0,0,18.551624298095703,12.234950065612793,257.80497544940226,1.5571904746282226,2186.7035264290125,11480.203601309771,0.008570587047871678,36.572815916101284
349,460,Aesculus',0,0,0,0,0,0,0,0.0,0.0,0.0,0.0,0.0,0.0,0.0,0.0
349,460,Ailanthus',0,0,0,0,0,0,0,0.0,0.0,0.0,0.0,0.0,0.0,0.0,0.0
349,460,Alnus',0,55,0,0,0,0,0,6.49774694442749,5.284210205078125,14.384981655763296,0.053753455341153146,62.19212527707219,912.2788272764614,0.0003452845244035125,4.919558381664726
349,460,Amelanchier',0,0,0,0,0,0,0,0.0,0.0,0.0,0.0,0.0,0.0,0.0,0.0
349,460,Arbutus',0,0,0,0,0,0,0,0.0,0.0,0.0,0.0,0.0,0.0,0.0,0.0
349,460,Asimina',0,0,0,0,0,0,0,0.0,0.0,0.0,0.0,0.0,0.0,0.0,0.0
349,460,Betula',0,1566,445,10,2,0,0,55.40454864501953,19.88072395324707,887.6605492091112,10.06470316973941,12828.973446602002,47995.01135170201,0.04128719647129066,117.5515546611619
349,460,Calocedrus',0,0,0,0,0,0,0,0.0,0.0,0.0,0.0,0.0,0.0,0.0,0.0
349,460,Carpinus',0,0,0,0,0,0,0,0.0,0.0,0.0,0.0,0.0,0.0,0.0,0.0
349,460,Carya',0,0,0,0,0,0,0,0.0,0.0,0.0,0.0,0.0,0.0,0.0,0.0
349,460,Castanea',0,0,0,0,0,0,0,0.0,0.0,0.0,0.0,0.0,0.0,0.0,0.0
349,460,Catalpa',0,0,0,0,0,0,0,0.0,0.0,0.0,0.0,0.0,0.0,0.0,0.0
349,460,Celtis',0,0,0,0,0,0,0,0.0,0.0,0.0,0.0,0.0,0.0,0.0,0.0
349,460,Cercis',0,0,0,0,0,0,0,0.0,0.0,0.0,0.0,0.0,0.0,0.0,0.0
349,460,Cercocarpus',0,0,0,0,0,0,0,0.0,0.0,0.0,0.0,0.0,0.0,0.0,0.0
349,460,Chamaecyparis',0,0,0,0,0,0,0,0.0,0.0,0.0,0.0,0.0,0.0,0.0,0.0
349,460,Chilopsis',0,0,0,0,0,0,0,0.0,0.0,0.0,0.0,0.0,0.0,0.0,0.0
349,460,Chrysolepis',0,0,0,0,0,0,0,0.0,0.0,0.0,0.0,0.0,0.0,0.0,0.0
349,460,Cladrastis',0,0,0,0,0,0,0,0.0,0.0,0.0,0.0,0.0,0.0,0.0,0.0
349,460,Comus',0,0,0,0,0,0,0,0.0,0.0,0.0,0.0,0.0,0.0,0.0,0.0
349,460,Cornus',0,0,0,0,0,0,0,0.0,0.0,0.0,0.0,0.0,0.0,0.0,0.0
349,460,Crataegus',0,0,0,0,0,0,0,0.0,0.0,0.0,0.0,0.0,0.0,0.0,0.0
349,460,Cupressus',0,0,0,0,0,0,0,0.0,0.0,0.0,0.0,0.0,0.0,0.0,0.0
349,460,Diospyros',0,0,0,0,0,0,0,0.0,0.0,0.0,0.0,0.0,0.0,0.0,0.0
349,460,Elaeagnus',0,42,4,0,0,0,0,20.940988540649414,7.076358795166016,20.303427294085296,0.2006995851486788,201.649862023592,3498.5898386832987,0.000740389902550261,10.69749707656677
349,460,Fagus',0,0,0,0,0,0,0,0.0,0.0,0.0,0.0,0.0,0.0,0.0,0.0
349,460,Fraxinus',0,45,51,0,0,0,0,22.287445068359375,10.106070518493652,47.01106445604486,0.8300482216083584,921.903196772933,11188.283333226807,0.002725424197340389,28.851729630407487
349,460,Gleditsia',0,0,0,0,0,0,0,0.0,0.0,0.0,0.0,0.0,0.0,0.0,0.0
349,460,Gordonia',0,0,0,0,0,0,0,0.0,0.0,0.0,0.0,0.0,0.0,0.0,0.0
349,460,Gymnocladus',0,0,0,0,0,0,0,0.0,0.0,0.0,0.0,0.0,0.0,0.0,0.0
349,460,Halesia',0,0,0,0,0,0,0,0.0,0.0,0.0,0.0,0.0,0.0,0.0,0.0
349,460,Ilex',0,0,0,0,0,0,0,0.0,0.0,0.0,0.0,0.0,0.0,0.0,0.0
349,460,Juglans',0,0,0,0,0,0,0,0.0,0.0,0.0,0.0,0.0,0.0,0.0,0.0
349,460,Juniperus',0,0,0,0,0,0,0,0.0,0.0,0.0,0.0,0.0,0.0,0.0,0.0
349,460,Larix',0,0,0,0,0,0,0,0.0,0.0,0.0,0.0,0.0,0.0,0.0,0.0
349,460,Liquidambar',0,0,0,0,0,0,0,0.0,0.0,0.0,0.0,0.0,0.0,0.0,0.0
349,460,Liriodendron',0,0,0,0,0,0,0,0.0,0.0,0.0,0.0,0.0,0.0,0.0,0.0
349,460,Lithocarpus',0,0,0,0,0,0,0,0.0,0.0,0.0,0.0,0.0,0.0,0.0,0.0
349,460,Maclura',0,0,0,0,0,0,0,0.0,0.0,0.0,0.0,0.0,0.0,0.0,0.0
349,460,Magnolia',0,0,0,0,0,0,0,0.0,0.0,0.0,0.0,0.0,0.0,0.0,0.0
349,460,Malus',0,0,0,0,0,0,0,0.0,0.0,0.0,0.0,0.0,0.0,0.0,0.0
349,460,Morus',0,0,0,0,0,0,0,0.0,0.0,0.0,0.0,0.0,0.0,0.0,0.0
349,460,Nyssa',0,0,0,0,0,0,0,0.0,0.0,0.0,0.0,0.0,0.0,0.0,0.0
349,460,Olneya',0,0,0,0,0,0,0,0.0,0.0,0.0,0.0,0.0,0.0,0.0,0.0
349,460,Ostrya',0,0,0,0,0,0,0,0.0,0.0,0.0,0.0,0.0,0.0,0.0,0.0
349,460,Oxydendron',0,0,0,0,0,0,0,0.0,0.0,0.0,0.0,0.0,0.0,0.0,0.0
349,460,Paulownia',0,0,0,0,0,0,0,0.0,0.0,0.0,0.0,0.0,0.0,0.0,0.0
349,460,Persea',0,0,0,0,0,0,0,0.0,0.0,0.0,0.0,0.0,0.0,0.0,0.0
349,460,Picea',0,30,100,42,0,0,0,34.18821334838867,18.25442123413086,139.68929012298582,7.27642981798567,8523.337455667257,56766.5374129582,0.020958484253230193,133.83906008605496
349,460,Pinus',0,598,784,190,59,4,0,84.54736328125,32.65264892578125,994.0260803877562,54.57413703667005,72824.54972191059,284900.41383090086,0.1761904867125959,640.6310763088832
349,460,Planera',0,0,0,0,0,0,0,0.0,0.0,0.0,0.0,0.0,0.0,0.0,0.0
349,460,Platanus',0,0,0,0,0,0,0,0.0,0.0,0.0,0.0,0.0,0.0,0.0,0.0
349,460,Populus',0,944,166,0,0,0,0,22.189300537109375,14.556012153625488,545.7309068741182,3.01170626600758,2843.869555443488,8375.658272040058,0.014175809693685213,36.537975798433166
349,460,Prosopis',0,0,0,0,0,0,0,0.0,0.0,0.0,0.0,0.0,0.0,0.0,0.0
349,460,Prunus',0,10,0,0,0,0,0,3.95732045173645,3.7710766792297363,5.1625032477741,0.012644027597726462,14.536612131595612,325.0485288879608,0.00010662068608961948,2.384111019040576
349,460,Pseudotsuga',0,0,0,0,0,0,0,0.0,0.0,0.0,0.0,0.0,0.0,0.0,0.0
349,460,Quercus',0,0,15,3,0,0,0,47.036441802978516,20.108036041259766,26.82427723007866,0.7891444696024019,1526.3596314418317,30195.606680675104,0.0037780604844689387,70.50601720494369
349,460,Robinia',0,0,0,0,0,0,0,0.0,0.0,0.0,0.0,0.0,0.0,0.0,0.0
349,460,Salix',0,129,13,0,0,0,0,12.460784912109375,6.921308517456055,37.551083355387554,0.21543277831520097,180.11126723706724,1481.456274274302,0.0009408159585492689,7.314794390760344
349,460,Sassafras',0,0,0,0,0,0,0,0.0,0.0,0.0,0.0,0.0,0.0,0.0,0.0
349,460,Sequoia',0,0,0,0,0,0,0,0.0,0.0,0.0,0.0,0.0,0.0,0.0,0.0
349,460,Sequoiadendron',0,0,0,0,0,0,0,0.0,0.0,0.0,0.0,0.0,0.0,0.0,0.0
349,460,Sorbus',0,0,0,0,0,0,0,0.0,0.0,0.0,0.0,0.0,0.0,0.0,0.0
349,460,Taxodium',0,0,0,0,0,0,0,0.0,0.0,0.0,0.0,0.0,0.0,0.0,0.0
349,460,Taxus',0,0,0,0,0,0,0,0.0,0.0,0.0,0.0,0.0,0.0,0.0,0.0
349,460,Thuja',0,57,225,126,60,0,0,59.73937225341797,18.171215057373047,450.8026284711063,32.3881777477967,29013.922519095988,140029.83813341026,0.07098697636528727,325.60765207750285
349,460,Tilia',0,0,0,0,0,0,0,0.0,0.0,0.0,0.0,0.0,0.0,0.0,0.0
349,460,Torreya',0,0,0,0,0,0,0,0.0,0.0,0.0,0.0,0.0,0.0,0.0,0.0
349,460,Tsuga',0,0,14,17,2,0,0,55.93767547607422,18.51726531982422,34.27052157104015,2.688577900609165,2887.5645443981884,33024.794513431225,0.006911828605264425,76.88799898144838
349,460,Ulmus',0,24,10,0,1,0,0,65.14273834228516,19.23871421813965,26.46189113206501,0.7156000032341859,980.6490703153611,15597.069655297428,0.002560153774209318,36.82878355533499
349,460,Umbellularia',0,0,0,0,0,0,0,0.0,0.0,0.0,0.0,0.0,0.0,0.0,0.0
349,470,Abies',0,10,20,10,0,0,0,31.05441665649414,14.482073783874512,22.322700693160293,1.3721151076784355,1222.147083826512,18188.3406624435,0.0030383214015999543,44.0671657558935
349,470,Acer',0,510,130,0,0,0,0,20.097707748413086,12.970412254333496,315.04213736581175,2.1470490635982578,2958.5420061995833,14478.20769671114,0.011109744390402333,44.22585130766847
349,470,Aesculus',0,0,0,0,0,0,0,0.0,0.0,0.0,0.0,0.0,0.0,0.0,0.0
349,470,Ailanthus',0,0,0,0,0,0,0,0.0,0.0,0.0,0.0,0.0,0.0,0.0,0.0
349,470,Alnus',0,26,10,0,0,0,0,9.93298625946045,6.733378887176514,20.365595601121836,0.1400589900535542,139.14848261535167,1872.2439703852535,0.0006023929146227875,7.652214098183428
349,470,Amelanchier',0,0,0,0,0,0,0,0.0,0.0,0.0,0.0,0.0,0.0,0.0,0.0
349,470,Arbutus',0,0,0,0,0,0,0,0.0,0.0,0.0,0.0,0.0,0.0,0.0,0.0
349,470,Asimina',0,0,0,0,0,0,0,0.0,0.0,0.0,0.0,0.0,0.0,0.0,0.0
349,470,Betula',0,1540,469,4,5,0,0,57.48432540893555,20.269060134887695,895.3173281291287,10.541430322295556,13241.062532941774,48248.040051171876,0.04231317362233669,117.72513975376492
349,470,Calocedrus',0,0,0,0,0,0,0,0.0,0.0,0.0,0.0,0.0,0.0,0.0,0.0
349,470,Carpinus',0,0,0,0,0,0,0,0.0,0.0,0.0,0.0,0.0,0.0,0.0,0.0
349,470,Carya',0,0,0,0,0,0,0,0.0,0.0,0.0,0.0,0.0,0.0,0.0,0.0
349,470,Castanea',0,0,0,0,0,0,0,0.0,0.0,0.0,0.0,0.0,0.0,0.0,0.0
349,470,Catalpa',0,0,0,0,0,0,0,0.0,0.0,0.0,0.0,0.0,0.0,0.0,0.0
349,470,Celtis',0,0,0,0,0,0,0,0.0,0.0,0.0,0.0,0.0,0.0,0.0,0.0
349,470,Cercis',0,0,0,0,0,0,0,0.0,0.0,0.0,0.0,0.0,0.0,0.0,0.0
349,470,Cercocarpus',0,0,0,0,0,0,0,0.0,0.0,0.0,0.0,0.0,0.0,0.0,0.0
349,470,Chamaecyparis',0,0,0,0,0,0,0,0.0,0.0,0.0,0.0,0.0,0.0,0.0,0.0
349,470,Chilopsis',0,0,0,0,0,0,0,0.0,0.0,0.0,0.0,0.0,0.0,0.0,0.0
349,470,Chrysolepis',0,0,0,0,0,0,0,0.0,0.0,0.0,0.0,0.0,0.0,0.0,0.0
349,470,Cladrastis',0,0,0,0,0,0,0,0.0,0.0,0.0,0.0,0.0,0.0,0.0,0.0
349,470,Comus',0,0,0,0,0,0,0,0.0,0.0,0.0,0.0,0.0,0.0,0.0,0.0
349,470,Cornus',0,0,0,0,0,0,0,0.0,0.0,0.0,0.0,0.0,0.0,0.0,0.0
349,470,Crataegus',0,0,0,0,0,0,0,0.0,0.0,0.0,0.0,0.0,0.0,0.0,0.0
349,470,Cupressus',0,0,0,0,0,0,0,0.0,0.0,0.0,0.0,0.0,0.0,0.0,0.0
349,470,Diospyros',0,0,0,0,0,0,0,0.0,0.0,0.0,0.0,0.0,0.0,0.0,0.0
349,470,Elaeagnus',0,62,4,0,0,0,0,26.234743118286133,7.645280361175537,23.228983772753537,0.3051717136734938,302.966007758528,5443.098434806128,0.0010076518993494088,14.460299832440736
349,470,Fagus',0,0,0,0,0,0,0,0.0,0.0,0.0,0.0,0.0,0.0,0.0,0.0
349,470,Fraxinus',0,82,27,0,0,0,0,24.799623489379883,10.853997230529785,45.3540631005234,0.914564427038785,1080.5645627819747,14538.962147239323,0.003054151568943165,35.71926253583121
349,470,Gleditsia',0,0,0,0,0,0,0,0.0,0.0,0.0,0.0,0.0,0.0,0.0,0.0
349,470,Gordonia',0,0,0,0,0,0,0,0.0,0.0,0.0,0.0,0.0,0.0,0.0,0.0
349,470,Gymnocladus',0,0,0,0,0,0,0,0.0,0.0,0.0,0.0,0.0,0.0,0.0,0.0
349,470,Halesia',0,0,0,0,0,0,0,0.0,0.0,0.0,0.0,0.0,0.0,0.0,0.0
349,470,Ilex',0,0,0,0,0,0,0,0.0,0.0,0.0,0.0,0.0,0.0,0.0,0.0
349,470,Juglans',0,0,0,0,0,0,0,0.0,0.0,0.0,0.0,0.0,0.0,0.0,0.0
349,470,Juniperus',0,0,0,0,0,0,0,0.0,0.0,0.0,0.0,0.0,0.0,0.0,0.0
349,470,Larix',0,0,0,0,0,0,0,0.0,0.0,0.0,0.0,0.0,0.0,0.0,0.0
349,470,Liquidambar',0,0,0,0,0,0,0,0.0,0.0,0.0,0.0,0.0,0.0,0.0,0.0
349,470,Liriodendron',0,0,0,0,0,0,0,0.0,0.0,0.0,0.0,0.0,0.0,0.0,0.0
349,470,Lithocarpus',0,0,0,0,0,0,0,0.0,0.0,0.0,0.0,0.0,0.0,0.0,0.0
349,470,Maclura',0,0,0,0,0,0,0,0.0,0.0,0.0,0.0,0.0,0.0,0.0,0.0
349,470,Magnolia',0,0,0,0,0,0,0,0.0,0.0,0.0,0.0,0.0,0.0,0.0,0.0
349,470,Malus',0,0,0,0,0,0,0,0.0,0.0,0.0,0.0,0.0,0.0,0.0,0.0
349,470,Morus',0,0,0,0,0,0,0,0.0,0.0,0.0,0.0,0.0,0.0,0.0,0.0
349,470,Nyssa',0,0,0,0,0,0,0,0.0,0.0,0.0,0.0,0.0,0.0,0.0,0.0
349,470,Olneya',0,0,0,0,0,0,0,0.0,0.0,0.0,0.0,0.0,0.0,0.0,0.0
349,470,Ostrya',0,0,0,0,0,0,0,0.0,0.0,0.0,0.0,0.0,0.0,0.0,0.0
349,470,Oxydendron',0,0,0,0,0,0,0,0.0,0.0,0.0,0.0,0.0,0.0,0.0,0.0
349,470,Paulownia',0,0,0,0,0,0,0,0.0,0.0,0.0,0.0,0.0,0.0,0.0,0.0
349,470,Persea',0,0,0,0,0,0,0,0.0,0.0,0.0,0.0,0.0,0.0,0.0,0.0
349,470,Picea',0,44,63,58,0,0,0,34.77594757080078,18.433441162109375,110.67566275507211,6.676507674603162,7904.191980908811,55810.17919617379,0.019163519364137734,130.7097696082111
349,470,Pinus',0,629,816,128,78,14,0,86.44297790527344,32.808921813964844,1078.3196744202078,57.5136927835622,76931.5073615174,298025.8931180264,0.1865346316464474,670.3677863855175
349,470,Planera',0,0,0,0,0,0,0,0.0,0.0,0.0,0.0,0.0,0.0,0.0,0.0
349,470,Platanus',0,0,0,0,0,0,0,0.0,0.0,0.0,0.0,0.0,0.0,0.0,0.0
349,470,Populus',0,1168,157,0,0,0,0,26.73497200012207,16.27408218383789,526.3293074571255,3.256898386286296,3059.11274747774,10470.025284656565,0.01437483110286565,39.08359430960273
349,470,Prosopis',0,0,0,0,0,0,0,0.0,0.0,0.0,0.0,0.0,0.0,0.0,0.0
349,470,Prunus',0,10,0,0,0,0,0,5.496528148651123,4.570037364959717,9.36606931912748,0.024202875452711586,28.98884814977646,648.2103505231909,0.00019924943335354327,4.455352774568357
349,470,Pseudotsuga',0,0,0,0,0,0,0,0.0,0.0,0.0,0.0,0.0,0.0,0.0,0.0
349,470,Quercus',0,10,15,0,3,0,0,48.92009353637695,20.592933654785156,29.14540757955629,0.9137381002517136,1732.6135129350423,33193.16865510048,0.0042698166124913815,76.73380274249531
349,470,Robinia',0,0,0,0,0,0,0,0.0,0.0,0.0,0.0,0.0,0.0,0.0,0.0
349,470,Salix',0,61,0,0,0,0,0,6.355690956115723,4.454023838043213,20.542823191543544,0.049575588545739464,59.945432198792695,667.9216605907891,0.0004289374221810134,4.859910434078133
349,470,Sassafras',0,0,0,0,0,0,0,0.0,0.0,0.0,0.0,0.0,0.0,0.0,0.0
349,470,Sequoia',0,0,0,0,0,0,0,0.0,0.0,0.0,0.0,0.0,0.0,0.0,0.0
349,470,Sequoiadendron',0,0,0,0,0,0,0,0.0,0.0,0.0,0.0,0.0,0.0,0.0,0.0
349,470,Sorbus',0,0,0,0,0,0,0,0.0,0.0,0.0,0.0,0.0,0.0,0.0,0.0
349,470,Taxodium',0,0,0,0,0,0,0,0.0,0.0,0.0,0.0,0.0,0.0,0.0,0.0
349,470,Taxus',0,0,0,0,0,0,0,0.0,0.0,0.0,0.0,0.0,0.0,0.0,0.0
349,470,Thuja',0,85,187,132,58,0,0,57.74647903442383,17.982009887695312,374.18971752524374,32.4446591581066,28964.03471571416,142266.92695147835,0.06976948451722591,328.51968133877756
349,470,Tilia',0,0,0,0,0,0,0,0.0,0.0,0.0,0.0,0.0,0.0,0.0,0.0
349,470,Torreya',0,0,0,0,0,0,0,0.0,0.0,0.0,0.0,0.0,0.0,0.0,0.0
349,470,Tsuga',0,0,14,0,2,0,0,59.83022689819336,19.226396560668945,24.151934098005295,1.2974041102952305,1468.4776677405835,22579.53316079133,0.003612144995510576,53.94104123996457
349,470,Ulmus',0,38,3,0,0,1,0,68.09754180908203,19.778491973876953,42.07542824122724,0.5887703865776164,926.5281342160702,16158.68064931203,0.002664650534385116,37.970353892729335
349,470,Umbellularia',0,0,0,0,0,0,0,0.0,0.0,0.0,0.0,0.0,0.0,0.0,0.0
349,480,Abies',0,0,20,10,0,0,0,32.85295104980469,14.965483665466309,20.130574642419813,1.649408558632083,1502.2806961023807,21495.79449629258,0.0036291765901247763,50.908769756123895
349,480,Acer',0,434,141,0,0,0,0,13.843771934509277,9.844657897949219,328.60838151383626,2.1542008616494557,2911.7791095003486,11709.608630024433,0.011201120442451444,40.64854578279422
349,480,Aesculus',0,0,0,0,0,0,0,0.0,0.0,0.0,0.0,0.0,0.0,0.0,0.0
349,480,Ailanthus',0,0,0,0,0,0,0,0.0,0.0,0.0,0.0,0.0,0.0,0.0,0.0
349,480,Alnus',0,30,10,0,0,0,0,10.098409652709961,6.979168891906738,23.370441051223608,0.13849139095763144,138.47829335927963,1858.0051304029373,0.0006441600335035468,7.920991749782776
349,480,Amelanchier',0,0,0,0,0,0,0,0.0,0.0,0.0,0.0,0.0,0.0,0.0,0.0
349,480,Arbutus',0,0,0,0,0,0,0,0.0,0.0,0.0,0.0,0.0,0.0,0.0,0.0
349,480,Asimina',0,0,0,0,0,0,0,0.0,0.0,0.0,0.0,0.0,0.0,0.0,0.0
349,480,Betula',0,1435,530,0,5,0,0,59.396976470947266,20.613021850585938,911.9893157334785,11.465484751173788,14266.467959791049,51320.764438893966,0.044831855261697695,124.0601712817035
349,480,Calocedrus',0,0,0,0,0,0,0,0.0,0.0,0.0,0.0,0.0,0.0,0.0,0.0
349,480,Carpinus',0,0,0,0,0,0,0,0.0,0.0,0.0,0.0,0.0,0.0,0.0,0.0
349,480,Carya',0,0,0,0,0,0,0,0.0,0.0,0.0,0.0,0.0,0.0,0.0,0.0
349,480,Castanea',0,0,0,0,0,0,0,0.0,0.0,0.0,0.0,0.0,0.0,0.0,0.0
349,480,Catalpa',0,0,0,0,0,0,0,0.0,0.0,0.0,0.0,0.0,0.0,0.0,0.0
349,480,Celtis',0,0,0,0,0,0,0,0.0,0.0,0.0,0.0,0.0,0.0,0.0,0.0
349,480,Cercis',0,0,0,0,0,0,0,0.0,0.0,0.0,0.0,0.0,0.0,0.0,0.0
349,480,Cercocarpus',0,0,0,0,0,0,0,0.0,0.0,0.0,0.0,0.0,0.0,0.0,0.0
349,480,Chamaecyparis',0,0,0,0,0,0,0,0.0,0.0,0.0,0.0,0.0,0.0,0.0,0.0
349,480,Chilopsis',0,0,0,0,0,0,0,0.0,0.0,0.0,0.0,0.0,0.0,0.0,0.0
349,480,Chrysolepis',0,0,0,0,0,0,0,0.0,0.0,0.0,0.0,0.0,0.0,0.0,0.0
349,480,Cladrastis',0,0,0,0,0,0,0,0.0,0.0,0.0,0.0,0.0,0.0,0.0,0.0
349,480,Comus',0,0,0,0,0,0,0,0.0,0.0,0.0,0.0,0.0,0.0,0.0,0.0
349,480,Cornus',0,0,0,0,0,0,0,0.0,0.0,0.0,0.0,0.0,0.0,0.0,0.0
349,480,Crataegus',0,0,0,0,0,0,0,0.0,0.0,0.0,0.0,0.0,0.0,0.0,0.0
349,480,Cupressus',0,0,0,0,0,0,0,0.0,0.0,0.0,0.0,0.0,0.0,0.0,0.0
349,480,Diospyros',0,0,0,0,0,0,0,0.0,0.0,0.0,0.0,0.0,0.0,0.0,0.0
349,480,Elaeagnus',0,70,0,0,0,0,0,4.819419860839844,3.404224157333374,9.445636323358439,0.03429605690068509,46.54208244979382,506.811677523792,0.00023940203081001472,2.6671222320330408
349,480,Fagus',0,0,0,0,0,0,0,0.0,0.0,0.0,0.0,0.0,0.0,0.0,0.0
349,480,Fraxinus',0,109,10,0,0,0,0,26.966611862182617,11.466730117797852,48.061618625386785,0.7292271813510547,929.9520919451862,16340.00847328123,0.002758433770858447,38.22685727760191
349,480,Gleditsia',0,0,0,0,0,0,0,0.0,0.0,0.0,0.0,0.0,0.0,0.0,0.0
349,480,Gordonia',0,0,0,0,0,0,0,0.0,0.0,0.0,0.0,0.0,0.0,0.0,0.0
349,480,Gymnocladus',0,0,0,0,0,0,0,0.0,0.0,0.0,0.0,0.0,0.0,0.0,0.0
349,480,Halesia',0,0,0,0,0,0,0,0.0,0.0,0.0,0.0,0.0,0.0,0.0,0.0
349,480,Ilex',0,0,0,0,0,0,0,0.0,0.0,0.0,0.0,0.0,0.0,0.0,0.0
349,480,Juglans',0,0,0,0,0,0,0,0.0,0.0,0.0,0.0,0.0,0.0,0.0,0.0
349,480,Juniperus',0,0,0,0,0,0,0,0.0,0.0,0.0,0.0,0.0,0.0,0.0,0.0
349,480,Larix',0,0,0,0,0,0,0,0.0,0.0,0.0,0.0,0.0,0.0,0.0,0.0
349,480,Liquidambar',0,0,0,0,0,0,0,0.0,0.0,0.0,0.0,0.0,0.0,0.0,0.0
349,480,Liriodendron',0,0,0,0,0,0,0,0.0,0.0,0.0,0.0,0.0,0.0,0.0,0.0
349,480,Lithocarpus',0,0,0,0,0,0,0,0.0,0.0,0.0,0.0,0.0,0.0,0.0,0.0
349,480,Maclura',0,0,0,0,0,0,0,0.0,0.0,0.0,0.0,0.0,0.0,0.0,0.0
349,480,Magnolia',0,0,0,0,0,0,0,0.0,0.0,0.0,0.0,0.0,0.0,0.0,0.0
349,480,Malus',0,0,0,0,0,0,0,0.0,0.0,0.0,0.0,0.0,0.0,0.0,0.0
349,480,Morus',0,0,0,0,0,0,0,0.0,0.0,0.0,0.0,0.0,0.0,0.0,0.0
349,480,Nyssa',0,0,0,0,0,0,0,0.0,0.0,0.0,0.0,0.0,0.0,0.0,0.0
349,480,Olneya',0,0,0,0,0,0,0,0.0,0.0,0.0,0.0,0.0,0.0,0.0,0.0
349,480,Ostrya',0,0,0,0,0,0,0,0.0,0.0,0.0,0.0,0.0,0.0,0.0,0.0
349,480,Oxydendron',0,0,0,0,0,0,0,0.0,0.0,0.0,0.0,0.0,0.0,0.0,0.0
349,480,Paulownia',0,0,0,0,0,0,0,0.0,0.0,0.0,0.0,0.0,0.0,0.0,0.0
349,480,Persea',0,0,0,0,0,0,0,0.0,0.0,0.0,0.0,0.0,0.0,0.0,0.0
349,480,Picea',0,25,53,69,0,0,0,36.00411605834961,18.798776626586914,125.12031758368015,6.737257198597456,8061.287679148317,56227.26202171234,0.019721266161597036,132.46042742044455
349,480,Pinus',0,616,776,130,69,10,4,88.43113708496094,32.96379852294922,1005.6419856548309,54.146940055576806,71746.30769853026,294549.85783624405,0.17396217886995644,662.2881310724576
349,480,Planera',0,0,0,0,0,0,0,0.0,0.0,0.0,0.0,0.0,0.0,0.0,0.0
349,480,Platanus',0,0,0,0,0,0,0,0.0,0.0,0.0,0.0,0.0,0.0,0.0,0.0
349,480,Populus',0,920,196,0,0,0,0,20.953189849853516,14.04295539855957,477.78417270842795,3.26879400630115,3003.7864872841537,11945.017558219424,0.013553049701065176,40.60943780727983
349,480,Prosopis',0,0,0,0,0,0,0,0.0,0.0,0.0,0.0,0.0,0.0,0.0,0.0
349,480,Prunus',0,18,10,0,0,0,0,9.843212127685547,6.431665420532227,9.811877000935468,0.08696257643838454,66.07607044577598,1242.3571850995147,0.0002880831346837804,4.748013919799755
349,480,Pseudotsuga',0,0,0,0,0,0,0,0.0,0.0,0.0,0.0,0.0,0.0,0.0,0.0
349,480,Quercus',0,0,5,0,3,0,0,50.85206985473633,21.074462890625,19.698225237146204,0.870058419829752,1794.367253508568,36616.95624402908,0.0042710495774745914,84.77482381172692
349,480,Robinia',0,0,0,0,0,0,0,0.0,0.0,0.0,0.0,0.0,0.0,0.0,0.0
349,480,Salix',0,94,4,0,0,0,0,10.286884307861328,6.099039554595947,27.56116506183826,0.09742054626548648,101.41908488869667,981.6056649235169,0.0006221340246249456,5.852432430344619
349,480,Sassafras',0,0,0,0,0,0,0,0.0,0.0,0.0,0.0,0.0,0.0,0.0,0.0
349,480,Sequoia',0,0,0,0,0,0,0,0.0,0.0,0.0,0.0,0.0,0.0,0.0,0.0
349,480,Sequoiadendron',0,0,0,0,0,0,0,0.0,0.0,0.0,0.0,0.0,0.0,0.0,0.0
349,480,Sorbus',0,0,0,0,0,0,0,0.0,0.0,0.0,0.0,0.0,0.0,0.0,0.0
349,480,Taxodium',0,0,0,0,0,0,0,0.0,0.0,0.0,0.0,0.0,0.0,0.0,0.0
349,480,Taxus',0,0,0,0,0,0,0,0.0,0.0,0.0,0.0,0.0,0.0,0.0,0.0
349,480,Thuja',0,79,190,133,60,0,0,59.732818603515625,18.170612335205078,393.7821824121475,33.975719547199944,30615.3477226232,150849.9504416948,0.07372207098781638,348.4227816821371
349,480,Tilia',0,0,0,0,0,0,0,0.0,0.0,0.0,0.0,0.0,0.0,0.0,0.0
349,480,Torreya',0,0,0,0,0,0,0,0.0,0.0,0.0,0.0,0.0,0.0,0.0,0.0
349,480,Tsuga',0,38,14,0,0,0,0,27.896669387817383,11.824896812438965,33.92799461960792,0.8414433397699537,811.5945682108403,13513.533443559689,0.0022936145387934515,33.330452887177145
349,480,Ulmus',0,10,34,0,0,1,0,70.6017074584961,20.221942901611328,40.15683702558656,0.8409149312254166,1171.401471247077,17842.20702197051,0.003181194252088666,41.49021025772961
349,480,Umbellularia',0,0,0,0,0,0,0,0.0,0.0,0.0,0.0,0.0,0.0,0.0,0.0
349,490,Abies',0,19,10,10,0,0,0,34.7981071472168,15.463325500488281,25.37111998796463,1.5040639448870061,1448.7987418746948,23578.264490915954,0.0035860246185461684,54.531891852924026
349,490,Acer',0,563,184,0,0,0,0,15.35029125213623,10.635075569152832,389.8257790472877,2.6069729703221514,3618.927155480683,14299.476266630265,0.013653819082000751,47.406226222231226
349,490,Aesculus',0,0,0,0,0,0,0,0.0,0.0,0.0,0.0,0.0,0.0,0.0,0.0
349,490,Ailanthus',0,0,0,0,0,0,0,0.0,0.0,0.0,0.0,0.0,0.0,0.0,0.0
349,490,Alnus',0,33,0,0,0,0,0,2.5,2.836749315261841,0.0,0.004595227589231699,6.005757337212563,116.0030840930218,1.3346126844699028e-05,0.2577846190288068
349,490,Amelanchier',0,0,0,0,0,0,0,0.0,0.0,0.0,0.0,0.0,0.0,0.0,0.0
349,490,Arbutus',0,0,0,0,0,0,0,0.0,0.0,0.0,0.0,0.0,0.0,0.0,0.0
349,490,Asimina',0,0,0,0,0,0,0,0.0,0.0,0.0,0.0,0.0,0.0,0.0,0.0
349,490,Betula',0,1335,514,0,5,0,0,61.597049713134766,20.99366569519043,897.8385977593214,11.073589556605105,13914.168267588318,53718.63212119323,0.043845258874230644,129.35777548251718
349,490,Calocedrus',0,0,0,0,0,0,0,0.0,0.0,0.0,0.0,0.0,0.0,0.0,0.0
349,490,Carpinus',0,0,0,0,0,0,0,0.0,0.0,0.0,0.0,0.0,0.0,0.0,0.0
349,490,Carya',0,0,0,0,0,0,0,0.0,0.0,0.0,0.0,0.0,0.0,0.0,0.0
349,490,Castanea',0,0,0,0,0,0,0,0.0,0.0,0.0,0.0,0.0,0.0,0.0,0.0
349,490,Catalpa',0,0,0,0,0,0,0,0.0,0.0,0.0,0.0,0.0,0.0,0.0,0.0
349,490,Celtis',0,0,0,0,0,0,0,0.0,0.0,0.0,0.0,0.0,0.0,0.0,0.0
349,490,Cercis',0,0,0,0,0,0,0,0.0,0.0,0.0,0.0,0.0,0.0,0.0,0.0
349,490,Cercocarpus',0,0,0,0,0,0,0,0.0,0.0,0.0,0.0,0.0,0.0,0.0,0.0
349,490,Chamaecyparis',0,0,0,0,0,0,0,0.0,0.0,0.0,0.0,0.0,0.0,0.0,0.0
349,490,Chilopsis',0,0,0,0,0,0,0,0.0,0.0,0.0,0.0,0.0,0.0,0.0,0.0
349,490,Chrysolepis',0,0,0,0,0,0,0,0.0,0.0,0.0,0.0,0.0,0.0,0.0,0.0
349,490,Cladrastis',0,0,0,0,0,0,0,0.0,0.0,0.0,0.0,0.0,0.0,0.0,0.0
349,490,Comus',0,0,0,0,0,0,0,0.0,0.0,0.0,0.0,0.0,0.0,0.0,0.0
349,490,Cornus',0,0,0,0,0,0,0,0.0,0.0,0.0,0.0,0.0,0.0,0.0,0.0
349,490,Crataegus',0,0,0,0,0,0,0,0.0,0.0,0.0,0.0,0.0,0.0,0.0,0.0
349,490,Cupressus',0,0,0,0,0,0,0,0.0,0.0,0.0,0.0,0.0,0.0,0.0,0.0
349,490,Diospyros',0,0,0,0,0,0,0,0.0,0.0,0.0,0.0,0.0,0.0,0.0,0.0
349,490,Elaeagnus',0,98,0,0,0,0,0,5.555454730987549,3.6704776287078857,19.568483626493546,0.06094129689933307,83.13633407399058,697.7208645140602,0.00046644660263275747,4.067923593053918
349,490,Fagus',0,0,0,0,0,0,0,0.0,0.0,0.0,0.0,0.0,0.0,0.0,0.0
349,490,Fraxinus',0,108,20,10,0,0,0,28.599035263061523,11.90937614440918,52.71924337655116,0.9418597586855343,1169.9342604388296,19030.123568606472,0.0033587766918190816,45.155332936348735
349,490,Gleditsia',0,0,0,0,0,0,0,0.0,0.0,0.0,0.0,0.0,0.0,0.0,0.0
349,490,Gordonia',0,0,0,0,0,0,0,0.0,0.0,0.0,0.0,0.0,0.0,0.0,0.0
349,490,Gymnocladus',0,0,0,0,0,0,0,0.0,0.0,0.0,0.0,0.0,0.0,0.0,0.0
349,490,Halesia',0,0,0,0,0,0,0,0.0,0.0,0.0,0.0,0.0,0.0,0.0,0.0
349,490,Ilex',0,0,0,0,0,0,0,0.0,0.0,0.0,0.0,0.0,0.0,0.0,0.0
349,490,Juglans',0,0,0,0,0,0,0,0.0,0.0,0.0,0.0,0.0,0.0,0.0,0.0
349,490,Juniperus',0,0,0,0,0,0,0,0.0,0.0,0.0,0.0,0.0,0.0,0.0,0.0
349,490,Larix',0,0,0,0,0,0,0,0.0,0.0,0.0,0.0,0.0,0.0,0.0,0.0
349,490,Liquidambar',0,0,0,0,0,0,0,0.0,0.0,0.0,0.0,0.0,0.0,0.0,0.0
349,490,Liriodendron',0,0,0,0,0,0,0,0.0,0.0,0.0,0.0,0.0,0.0,0.0,0.0
349,490,Lithocarpus',0,0,0,0,0,0,0,0.0,0.0,0.0,0.0,0.0,0.0,0.0,0.0
349,490,Maclura',0,0,0,0,0,0,0,0.0,0.0,0.0,0.0,0.0,0.0,0.0,0.0
349,490,Magnolia',0,0,0,0,0,0,0,0.0,0.0,0.0,0.0,0.0,0.0,0.0,0.0
349,490,Malus',0,0,0,0,0,0,0,0.0,0.0,0.0,0.0,0.0,0.0,0.0,0.0
349,490,Morus',0,0,0,0,0,0,0,0.0,0.0,0.0,0.0,0.0,0.0,0.0,0.0
349,490,Nyssa',0,0,0,0,0,0,0,0.0,0.0,0.0,0.0,0.0,0.0,0.0,0.0
349,490,Olneya',0,0,0,0,0,0,0,0.0,0.0,0.0,0.0,0.0,0.0,0.0,0.0
349,490,Ostrya',0,0,0,0,0,0,0,0.0,0.0,0.0,0.0,0.0,0.0,0.0,0.0
349,490,Oxydendron',0,0,0,0,0,0,0,0.0,0.0,0.0,0.0,0.0,0.0,0.0,0.0
349,490,Paulownia',0,0,0,0,0,0,0,0.0,0.0,0.0,0.0,0.0,0.0,0.0,0.0
349,490,Persea',0,0,0,0,0,0,0,0.0,0.0,0.0,0.0,0.0,0.0,0.0,0.0
349,490,Picea',0,48,41,71,0,0,0,37.20948028564453,19.14610481262207,117.59643910408019,7.395244828229323,9052.732382622064,63255.13761854378,0.021815798094824184,147.72090145131827
349,490,Pinus',0,541,817,165,58,10,4,90.39237976074219,33.10801696777344,1020.6071325009316,57.50692453274401,74372.60017269515,293630.83632532996,0.18001454987316465,660.9493164665975
349,490,Planera',0,0,0,0,0,0,0,0.0,0.0,0.0,0.0,0.0,0.0,0.0,0.0
349,490,Platanus',0,0,0,0,0,0,0,0.0,0.0,0.0,0.0,0.0,0.0,0.0,0.0
349,490,Populus',0,1033,155,0,0,0,0,18.573078155517578,11.609885215759277,592.7834495614411,3.262908090754648,3014.1161886656287,8724.57825477413,0.015231483067100747,38.881796718558185
349,490,Prosopis',0,0,0,0,0,0,0,0.0,0.0,0.0,0.0,0.0,0.0,0.0,0.0
349,490,Prunus',0,47,0,0,0,0,0,7.189203262329102,5.359394550323486,20.65038534824418,0.06868288602506611,70.74976205870509,985.611855610106,0.00045449546388327155,5.988430706182356
349,490,Pseudotsuga',0,0,0,0,0,0,0,0.0,0.0,0.0,0.0,0.0,0.0,0.0,0.0
349,490,Quercus',0,0,5,0,0,0,0,18.734586715698242,10.61131477355957,10.999984258337864,0.15216584888079684,224.37286834716798,5017.129859308804,0.0006569572191238414,14.690010002701289
349,490,Robinia',0,0,0,0,0,0,0,0.0,0.0,0.0,0.0,0.0,0.0,0.0,0.0
349,490,Salix',0,132,1,0,0,0,0,8.724992752075195,5.470840930938721,57.057226311556896,0.23062959159639118,211.52014749467372,1519.120262604117,0.0012914152445308853,9.245940484298309
349,490,Sassafras',0,0,0,0,0,0,0,0.0,0.0,0.0,0.0,0.0,0.0,0.0,0.0
349,490,Sequoia',0,0,0,0,0,0,0,0.0,0.0,0.0,0.0,0.0,0.0,0.0,0.0
349,490,Sequoiadendron',0,0,0,0,0,0,0,0.0,0.0,0.0,0.0,0.0,0.0,0.0,0.0
349,490,Sorbus',0,0,0,0,0,0,0,0.0,0.0,0.0,0.0,0.0,0.0,0.0,0.0
349,490,Taxodium',0,0,0,0,0,0,0,0.0,0.0,0.0,0.0,0.0,0.0,0.0,0.0
349,490,Taxus',0,0,0,0,0,0,0,0.0,0.0,0.0,0.0,0.0,0.0,0.0,0.0
349,490,Thuja',0,163,163,129,42,0,0,59.78150939941406,18.175085067749023,462.1097668135166,29.716519341454358,26623.16739668995,131952.2811756364,0.06583751227505746,307.2988797531249
349,490,Tilia',0,0,0,0,0,0,0,0.0,0.0,0.0,0.0,0.0,0.0,0.0,0.0
349,490,Torreya',0,0,0,0,0,0,0,0.0,0.0,0.0,0.0,0.0,0.0,0.0,0.0
349,490,Tsuga',0,21,15,3,0,0,0,28.653276443481445,12.048704147338867,50.58898709535598,0.40363190889454337,431.29954368829726,5831.686948686436,0.0016891732225641628,18.87123736641422
349,490,Ulmus',0,29,34,0,0,1,0,72.71783447265625,20.58694839477539,38.652622131984444,1.1452806560402573,1426.8226706624032,19609.70825488059,0.0037271430213800605,45.422674846229675
349,490,Umbellularia',0,0,0,0,0,0,0,0.0,0.0,0.0,0.0,0.0,0.0,0.0,0.0
349,500,Abies',0,10,19,10,0,0,0,36.62636947631836,15.908709526062012,29.148068739175795,1.7776077897421834,1733.9378494083883,27244.791118984656,0.004274222958604511,63.450457794400954
349,500,Acer',0,605,186,0,0,0,0,17.118444442749023,11.53182315826416,309.42586284838137,2.6241405265489357,3462.4676764291526,15866.787340743296,0.012148729837767795,48.04179694378867
349,500,Aesculus',0,0,0,0,0,0,0,0.0,0.0,0.0,0.0,0.0,0.0,0.0,0.0
349,500,Ailanthus',0,0,0,0,0,0,0,0.0,0.0,0.0,0.0,0.0,0.0,0.0,0.0
349,500,Alnus',0,51,0,0,0,0,0,6.617725849151611,5.111008167266846,23.678802069323726,0.07939485622519286,99.06199575215578,1394.1418580795423,0.0005610072859190392,7.775060518256134
349,500,Amelanchier',0,0,0,0,0,0,0,0.0,0.0,0.0,0.0,0.0,0.0,0.0,0.0
349,500,Arbutus',0,0,0,0,0,0,0,0.0,0.0,0.0,0.0,0.0,0.0,0.0,0.0
349,500,Asimina',0,0,0,0,0,0,0,0.0,0.0,0.0,0.0,0.0,0.0,0.0,0.0
349,500,Betula',0,1335,565,0,5,0,0,63.5136604309082,21.31266212463379,903.9564212778275,12.836034657820441,16093.270903885588,60011.05399646591,0.04877577931474607,143.75282783538177
349,500,Calocedrus',0,0,0,0,0,0,0,0.0,0.0,0.0,0.0,0.0,0.0,0.0,0.0
349,500,Carpinus',0,0,0,0,0,0,0,0.0,0.0,0.0,0.0,0.0,0.0,0.0,0.0
349,500,Carya',0,0,0,0,0,0,0,0.0,0.0,0.0,0.0,0.0,0.0,0.0,0.0
349,500,Castanea',0,0,0,0,0,0,0,0.0,0.0,0.0,0.0,0.0,0.0,0.0,0.0
349,500,Catalpa',0,0,0,0,0,0,0,0.0,0.0,0.0,0.0,0.0,0.0,0.0,0.0
349,500,Celtis',0,0,0,0,0,0,0,0.0,0.0,0.0,0.0,0.0,0.0,0.0,0.0
349,500,Cercis',0,0,0,0,0,0,0,0.0,0.0,0.0,0.0,0.0,0.0,0.0,0.0
349,500,Cercocarpus',0,0,0,0,0,0,0,0.0,0.0,0.0,0.0,0.0,0.0,0.0,0.0
349,500,Chamaecyparis',0,0,0,0,0,0,0,0.0,0.0,0.0,0.0,0.0,0.0,0.0,0.0
349,500,Chilopsis',0,0,0,0,0,0,0,0.0,0.0,0.0,0.0,0.0,0.0,0.0,0.0
349,500,Chrysolepis',0,0,0,0,0,0,0,0.0,0.0,0.0,0.0,0.0,0.0,0.0,0.0
349,500,Cladrastis',0,0,0,0,0,0,0,0.0,0.0,0.0,0.0,0.0,0.0,0.0,0.0
349,500,Comus',0,0,0,0,0,0,0,0.0,0.0,0.0,0.0,0.0,0.0,0.0,0.0
349,500,Cornus',0,0,0,0,0,0,0,0.0,0.0,0.0,0.0,0.0,0.0,0.0,0.0
349,500,Crataegus',0,0,0,0,0,0,0,0.0,0.0,0.0,0.0,0.0,0.0,0.0,0.0
349,500,Cupressus',0,0,0,0,0,0,0,0.0,0.0,0.0,0.0,0.0,0.0,0.0,0.0
349,500,Diospyros',0,0,0,0,0,0,0,0.0,0.0,0.0,0.0,0.0,0.0,0.0,0.0
349,500,Elaeagnus',0,54,10,0,0,0,0,8.082772254943848,4.491935729980469,41.06576515526711,0.12933192736035068,166.86751483917237,1717.0250340381967,0.0009619812144637096,9.717672807483831
349,500,Fagus',0,0,0,0,0,0,0,0.0,0.0,0.0,0.0,0.0,0.0,0.0,0.0
349,500,Fraxinus',0,165,12,0,0,0,0,12.102706909179688,6.611910343170166,46.07076362329475,0.3122229535828089,370.5246495794505,3326.499171836438,0.0014866023300886143,12.165200998329386
349,500,Gleditsia',0,0,0,0,0,0,0,0.0,0.0,0.0,0.0,0.0,0.0,0.0,0.0
349,500,Gordonia',0,0,0,0,0,0,0,0.0,0.0,0.0,0.0,0.0,0.0,0.0,0.0
349,500,Gymnocladus',0,0,0,0,0,0,0,0.0,0.0,0.0,0.0,0.0,0.0,0.0,0.0
349,500,Halesia',0,0,0,0,0,0,0,0.0,0.0,0.0,0.0,0.0,0.0,0.0,0.0
349,500,Ilex',0,0,0,0,0,0,0,0.0,0.0,0.0,0.0,0.0,0.0,0.0,0.0
349,500,Juglans',0,0,0,0,0,0,0,0.0,0.0,0.0,0.0,0.0,0.0,0.0,0.0
349,500,Juniperus',0,0,0,0,0,0,0,0.0,0.0,0.0,0.0,0.0,0.0,0.0,0.0
349,500,Larix',0,0,0,0,0,0,0,0.0,0.0,0.0,0.0,0.0,0.0,0.0,0.0
349,500,Liquidambar',0,0,0,0,0,0,0,0.0,0.0,0.0,0.0,0.0,0.0,0.0,0.0
349,500,Liriodendron',0,0,0,0,0,0,0,0.0,0.0,0.0,0.0,0.0,0.0,0.0,0.0
349,500,Lithocarpus',0,0,0,0,0,0,0,0.0,0.0,0.0,0.0,0.0,0.0,0.0,0.0
349,500,Maclura',0,0,0,0,0,0,0,0.0,0.0,0.0,0.0,0.0,0.0,0.0,0.0
349,500,Magnolia',0,0,0,0,0,0,0,0.0,0.0,0.0,0.0,0.0,0.0,0.0,0.0
349,500,Malus',0,0,0,0,0,0,0,0.0,0.0,0.0,0.0,0.0,0.0,0.0,0.0
349,500,Morus',0,0,0,0,0,0,0,0.0,0.0,0.0,0.0,0.0,0.0,0.0,0.0
349,500,Nyssa',0,0,0,0,0,0,0,0.0,0.0,0.0,0.0,0.0,0.0,0.0,0.0
349,500,Olneya',0,0,0,0,0,0,0,0.0,0.0,0.0,0.0,0.0,0.0,0.0,0.0
349,500,Ostrya',0,0,0,0,0,0,0,0.0,0.0,0.0,0.0,0.0,0.0,0.0,0.0
349,500,Oxydendron',0,0,0,0,0,0,0,0.0,0.0,0.0,0.0,0.0,0.0,0.0,0.0
349,500,Paulownia',0,0,0,0,0,0,0,0.0,0.0,0.0,0.0,0.0,0.0,0.0,0.0
349,500,Persea',0,0,0,0,0,0,0,0.0,0.0,0.0,0.0,0.0,0.0,0.0,0.0
349,500,Picea',0,62,20,71,0,0,0,40.626800537109375,20.073368072509766,137.08832878142596,7.965686133458333,10137.853063678444,70191.32980675041,0.02450872695362473,164.8322003521832
349,500,Pinus',0,521,810,202,46,10,4,92.34234619140625,33.24345016479492,1054.1455643841623,57.7413618125696,74532.39392466724,297608.593113544,0.18085408802477007,670.1035469788706
349,500,Planera',0,0,0,0,0,0,0,0.0,0.0,0.0,0.0,0.0,0.0,0.0,0.0
349,500,Platanus',0,4,0,0,0,0,0,3.361130714416504,2.2936432361602783,2.3127780232248427,0.004329926341308392,7.489272766113281,167.46523007067483,4.9936553996056336e-05,1.116615292972706
349,500,Populus',0,878,214,0,0,0,0,21.026491165161133,14.07396125793457,510.379100880951,3.5912265445212506,3223.7632045671344,11074.950437455955,0.014511108962765421,40.13616698479588
349,500,Prosopis',0,0,0,0,0,0,0,0.0,0.0,0.0,0.0,0.0,0.0,0.0,0.0
349,500,Prunus',0,23,10,0,0,0,0,9.334432601928711,6.240468502044678,15.901090978067131,0.09845254740792078,84.76153620600701,1400.9877393003776,0.0004172640123276493,6.758703000657937
349,500,Pseudotsuga',0,0,0,0,0,0,0,0.0,0.0,0.0,0.0,0.0,0.0,0.0,0.0
349,500,Quercus',0,30,5,0,0,0,0,21.307723999023438,11.674732208251953,22.387151813393906,0.21995656018754658,340.7584530121088,6729.408683697673,0.0010795164557471889,18.97273095455315
349,500,Robinia',0,0,0,0,0,0,0,0.0,0.0,0.0,0.0,0.0,0.0,0.0,0.0
349,500,Salix',0,166,6,0,0,0,0,17.985515594482422,8.7643461227417,53.67021078974762,0.26042248517043415,241.2640139913559,1740.100687176225,0.0013087547488039122,9.324108634467112
349,500,Sassafras',0,0,0,0,0,0,0,0.0,0.0,0.0,0.0,0.0,0.0,0.0,0.0
349,500,Sequoia',0,0,0,0,0,0,0,0.0,0.0,0.0,0.0,0.0,0.0,0.0,0.0
349,500,Sequoiadendron',0,0,0,0,0,0,0,0.0,0.0,0.0,0.0,0.0,0.0,0.0,0.0
349,500,Sorbus',0,0,0,0,0,0,0,0.0,0.0,0.0,0.0,0.0,0.0,0.0,0.0
349,500,Taxodium',0,0,0,0,0,0,0,0.0,0.0,0.0,0.0,0.0,0.0,0.0,0.0
349,500,Taxus',0,0,0,0,0,0,0,0.0,0.0,0.0,0.0,0.0,0.0,0.0,0.0
349,500,Thuja',0,129,212,109,34,0,0,60.42720413208008,18.233726501464844,401.18299900144336,27.198916915507688,24390.480359906556,129945.1578728173,0.0599959330874889,301.3638325157735
349,500,Tilia',0,0,0,0,0,0,0,0.0,0.0,0.0,0.0,0.0,0.0,0.0,0.0
349,500,Torreya',0,0,0,0,0,0,0,0.0,0.0,0.0,0.0,0.0,0.0,0.0,0.0
349,500,Tsuga',0,10,34,0,0,0,0,15.0708646774292,7.576892375946045,42.299703030586244,0.3738022013344538,329.08589085340503,3592.146426458999,0.0013422976890488853,14.307620835199259
349,500,Ulmus',0,48,32,0,0,1,0,77.78571319580078,21.426162719726562,34.55188309844535,1.458089681666662,1823.539726242423,24098.19867862454,0.0045497039831799676,56.47163899084869
349,500,Umbellularia',0,0,0,0,0,0,0,0.0,0.0,0.0,0.0,0.0,0.0,0.0,0.0
349,510,Abies',0,10,10,20,0,0,0,38.18353271484375,16.271610260009766,32.12611541509628,1.9526967877773735,1946.2981471705436,30522.5227725578,0.0047891509124239106,70.48710191444302
349,510,Acer',0,495,150,0,0,0,0,19.29770851135254,12.592801094055176,329.8112713758939,2.828267314954636,3897.6722770477086,18713.592136844713,0.013409310466072983,53.858040548033124
349,510,Aesculus',0,0,0,0,0,0,0,0.0,0.0,0.0,0.0,0.0,0.0,0.0,0.0
349,510,Ailanthus',0,0,0,0,0,0,0,0.0,0.0,0.0,0.0,0.0,0.0,0.0,0.0
349,510,Alnus',0,15,10,0,0,0,0,10.175748825073242,6.845452785491943,22.028000656562515,0.11012311519176232,124.70396147489548,2061.317075529454,0.0005942252194453025,9.195165980234435
349,510,Amelanchier',0,0,0,0,0,0,0,0.0,0.0,0.0,0.0,0.0,0.0,0.0,0.0
349,510,Arbutus',0,0,0,0,0,0,0,0.0,0.0,0.0,0.0,0.0,0.0,0.0,0.0
349,510,Asimina',0,0,0,0,0,0,0,0.0,0.0,0.0,0.0,0.0,0.0,0.0,0.0
349,510,Betula',0,1468,471,2,2,0,0,57.68777084350586,17.629301071166992,1001.0864001492486,10.703116731480067,13039.800151764974,45097.078422241335,0.0433885281822132,112.57077609078183
349,510,Calocedrus',0,0,0,0,0,0,0,0.0,0.0,0.0,0.0,0.0,0.0,0.0,0.0
349,510,Carpinus',0,0,0,0,0,0,0,0.0,0.0,0.0,0.0,0.0,0.0,0.0,0.0
349,510,Carya',0,0,0,0,0,0,0,0.0,0.0,0.0,0.0,0.0,0.0,0.0,0.0
349,510,Castanea',0,0,0,0,0,0,0,0.0,0.0,0.0,0.0,0.0,0.0,0.0,0.0
349,510,Catalpa',0,0,0,0,0,0,0,0.0,0.0,0.0,0.0,0.0,0.0,0.0,0.0
349,510,Celtis',0,0,0,0,0,0,0,0.0,0.0,0.0,0.0,0.0,0.0,0.0,0.0
349,510,Cercis',0,0,0,0,0,0,0,0.0,0.0,0.0,0.0,0.0,0.0,0.0,0.0
349,510,Cercocarpus',0,0,0,0,0,0,0,0.0,0.0,0.0,0.0,0.0,0.0,0.0,0.0
349,510,Chamaecyparis',0,0,0,0,0,0,0,0.0,0.0,0.0,0.0,0.0,0.0,0.0,0.0
349,510,Chilopsis',0,0,0,0,0,0,0,0.0,0.0,0.0,0.0,0.0,0.0,0.0,0.0
349,510,Chrysolepis',0,0,0,0,0,0,0,0.0,0.0,0.0,0.0,0.0,0.0,0.0,0.0
349,510,Cladrastis',0,0,0,0,0,0,0,0.0,0.0,0.0,0.0,0.0,0.0,0.0,0.0
349,510,Comus',0,0,0,0,0,0,0,0.0,0.0,0.0,0.0,0.0,0.0,0.0,0.0
349,510,Cornus',0,0,0,0,0,0,0,0.0,0.0,0.0,0.0,0.0,0.0,0.0,0.0
349,510,Crataegus',0,0,0,0,0,0,0,0.0,0.0,0.0,0.0,0.0,0.0,0.0,0.0
349,510,Cupressus',0,0,0,0,0,0,0,0.0,0.0,0.0,0.0,0.0,0.0,0.0,0.0
349,510,Diospyros',0,0,0,0,0,0,0,0.0,0.0,0.0,0.0,0.0,0.0,0.0,0.0
349,510,Elaeagnus',0,75,20,0,0,0,0,10.562514305114746,5.174744606018066,44.752853057712684,0.2641045342243065,273.42661295503376,2648.4066554977726,0.0012518568854667238,10.955903032708491
349,510,Fagus',0,0,0,0,0,0,0,0.0,0.0,0.0,0.0,0.0,0.0,0.0,0.0
349,510,Fraxinus',0,198,22,0,0,0,0,16.30799102783203,8.15018081665039,91.35253371859464,0.5765385659037732,704.1224237577617,5560.921272550382,0.0028797869940134654,18.57820050911001
349,510,Gleditsia',0,0,0,0,0,0,0,0.0,0.0,0.0,0.0,0.0,0.0,0.0,0.0
349,510,Gordonia',0,0,0,0,0,0,0,0.0,0.0,0.0,0.0,0.0,0.0,0.0,0.0
349,510,Gymnocladus',0,0,0,0,0,0,0,0.0,0.0,0.0,0.0,0.0,0.0,0.0,0.0
349,510,Halesia',0,0,0,0,0,0,0,0.0,0.0,0.0,0.0,0.0,0.0,0.0,0.0
349,510,Ilex',0,0,0,0,0,0,0,0.0,0.0,0.0,0.0,0.0,0.0,0.0,0.0
349,510,Juglans',0,0,0,0,0,0,0,0.0,0.0,0.0,0.0,0.0,0.0,0.0,0.0
349,510,Juniperus',0,0,0,0,0,0,0,0.0,0.0,0.0,0.0,0.0,0.0,0.0,0.0
349,510,Larix',0,0,0,0,0,0,0,0.0,0.0,0.0,0.0,0.0,0.0,0.0,0.0
349,510,Liquidambar',0,0,0,0,0,0,0,0.0,0.0,0.0,0.0,0.0,0.0,0.0,0.0
349,510,Liriodendron',0,0,0,0,0,0,0,0.0,0.0,0.0,0.0,0.0,0.0,0.0,0.0
349,510,Lithocarpus',0,0,0,0,0,0,0,0.0,0.0,0.0,0.0,0.0,0.0,0.0,0.0
349,510,Maclura',0,0,0,0,0,0,0,0.0,0.0,0.0,0.0,0.0,0.0,0.0,0.0
349,510,Magnolia',0,0,0,0,0,0,0,0.0,0.0,0.0,0.0,0.0,0.0,0.0,0.0
349,510,Malus',0,0,0,0,0,0,0,0.0,0.0,0.0,0.0,0.0,0.0,0.0,0.0
349,510,Morus',0,0,0,0,0,0,0,0.0,0.0,0.0,0.0,0.0,0.0,0.0,0.0
349,510,Nyssa',0,0,0,0,0,0,0,0.0,0.0,0.0,0.0,0.0,0.0,0.0,0.0
349,510,Olneya',0,0,0,0,0,0,0,0.0,0.0,0.0,0.0,0.0,0.0,0.0,0.0
349,510,Ostrya',0,0,0,0,0,0,0,0.0,0.0,0.0,0.0,0.0,0.0,0.0,0.0
349,510,Oxydendron',0,0,0,0,0,0,0,0.0,0.0,0.0,0.0,0.0,0.0,0.0,0.0
349,510,Paulownia',0,0,0,0,0,0,0,0.0,0.0,0.0,0.0,0.0,0.0,0.0,0.0
349,510,Persea',0,0,0,0,0,0,0,0.0,0.0,0.0,0.0,0.0,0.0,0.0,0.0
349,510,Picea',0,17,41,48,0,0,0,47.13477325439453,21.62582778930664,136.91827628850936,6.507775028784538,8483.615480575561,60329.45797531141,0.02083018727751853,142.71521284923185
349,510,Pinus',0,635,629,264,46,10,4,94.16999816894531,33.36357498168945,984.5405031244456,57.99039927104254,76092.09714267596,310278.3074744297,0.1833146910291175,698.5956753183953
349,510,Planera',0,0,0,0,0,0,0,0.0,0.0,0.0,0.0,0.0,0.0,0.0,0.0
349,510,Platanus',0,0,0,0,0,0,0,0.0,0.0,0.0,0.0,0.0,0.0,0.0,0.0
349,510,Populus',0,918,139,0,0,0,0,22.895036697387695,11.61913776397705,466.0030213625559,3.0749103743837836,2788.9047191491723,11505.421054514389,0.012905938411814167,40.25774927588118
349,510,Prosopis',0,0,0,0,0,0,0,0.0,0.0,0.0,0.0,0.0,0.0,0.0,0.0
349,510,Prunus',0,25,10,0,0,0,0,14.308313369750977,7.8595123291015625,15.42736104819216,0.1852843291140814,145.65639792829754,2815.9309822791774,0.0005457663298388966,9.636392941060304
349,510,Pseudotsuga',0,0,0,0,0,0,0,0.0,0.0,0.0,0.0,0.0,0.0,0.0,0.0
349,510,Quercus',0,20,5,0,0,0,0,23.792261123657227,12.658492088317871,20.059074406759645,0.30082120017472364,450.59166469693184,8687.331741507824,0.0012900763110928202,23.437344044263302
349,510,Robinia',0,0,0,0,0,0,0,0.0,0.0,0.0,0.0,0.0,0.0,0.0,0.0
349,510,Salix',0,227,10,0,0,0,0,8.000417709350586,5.1682586669921875,91.63585495687077,0.33468870283227814,324.75387945868073,2046.2599632792776,0.0020408243294598046,12.545067335934947
349,510,Sassafras',0,0,0,0,0,0,0,0.0,0.0,0.0,0.0,0.0,0.0,0.0,0.0
349,510,Sequoia',0,0,0,0,0,0,0,0.0,0.0,0.0,0.0,0.0,0.0,0.0,0.0
349,510,Sequoiadendron',0,0,0,0,0,0,0,0.0,0.0,0.0,0.0,0.0,0.0,0.0,0.0
349,510,Sorbus',0,0,0,0,0,0,0,0.0,0.0,0.0,0.0,0.0,0.0,0.0,0.0
349,510,Taxodium',0,0,0,0,0,0,0,0.0,0.0,0.0,0.0,0.0,0.0,0.0,0.0
349,510,Taxus',0,0,0,0,0,0,0,0.0,0.0,0.0,0.0,0.0,0.0,0.0,0.0
349,510,Thuja',0,111,210,112,33,0,0,59.884368896484375,18.18450927734375,439.8031994175911,25.711162028834558,22860.012168010027,113117.98780066895,0.057152739486611565,264.38272120761246
349,510,Tilia',0,0,0,0,0,0,0,0.0,0.0,0.0,0.0,0.0,0.0,0.0,0.0
349,510,Torreya',0,0,0,0,0,0,0,0.0,0.0,0.0,0.0,0.0,0.0,0.0,0.0
349,510,Tsuga',0,10,34,0,0,0,0,19.832347869873047,9.258914947509766,48.99446939706802,0.6931034937767608,585.3774871182442,6200.0914863961725,0.0020085367467738715,20.7025624140238
349,510,Ulmus',0,84,10,3,0,0,0,30.901273727416992,11.459761619567871,46.5549990996907,0.7030984871529888,720.1640033370256,9017.054906918249,0.002270549515217082,23.780369471436508
349,510,Umbellularia',0,0,0,0,0,0,0,0.0,0.0,0.0,0.0,0.0,0.0,0.0,0.0
349,520,Abies',0,20,20,10,0,0,0,39.70303726196289,16.611764907836914,33.693136328458785,1.5324045212173247,1551.5921135103704,29798.411939819034,0.003934661038536579,68.21798788282544
349,520,Acer',0,350,139,0,0,0,0,21.594661712646484,13.660395622253418,249.95936939033052,2.817638051023407,3882.1233111598344,21543.015088377764,0.01222524460992938,57.62826503098066
349,520,Aesculus',0,0,0,0,0,0,0,0.0,0.0,0.0,0.0,0.0,0.0,0.0,0.0
349,520,Ailanthus',0,0,0,0,0,0,0,0.0,0.0,0.0,0.0,0.0,0.0,0.0,0.0
349,520,Alnus',0,30,0,0,0,0,0,3.4005587100982666,3.3604483604431152,5.3144573566468445,0.013515703556583526,17.711462592184542,297.75800316309676,0.00011586337215115729,1.96252626647863
349,520,Amelanchier',0,0,0,0,0,0,0,0.0,0.0,0.0,0.0,0.0,0.0,0.0,0.0
349,520,Arbutus',0,0,0,0,0,0,0,0.0,0.0,0.0,0.0,0.0,0.0,0.0,0.0
349,520,Asimina',0,0,0,0,0,0,0,0.0,0.0,0.0,0.0,0.0,0.0,0.0,0.0
349,520,Betula',0,1310,571,4,2,0,0,59.91260528564453,17.933971405029297,927.3362471711455,10.528617336241973,12922.1358280278,47469.08501811512,0.042065377829845055,116.58047331855187
349,520,Calocedrus',0,0,0,0,0,0,0,0.0,0.0,0.0,0.0,0.0,0.0,0.0,0.0
349,520,Carpinus',0,0,0,0,0,0,0,0.0,0.0,0.0,0.0,0.0,0.0,0.0,0.0
349,520,Carya',0,0,0,0,0,0,0,0.0,0.0,0.0,0.0,0.0,0.0,0.0,0.0
349,520,Castanea',0,0,0,0,0,0,0,0.0,0.0,0.0,0.0,0.0,0.0,0.0,0.0
349,520,Catalpa',0,0,0,0,0,0,0,0.0,0.0,0.0,0.0,0.0,0.0,0.0,0.0
349,520,Celtis',0,0,0,0,0,0,0,0.0,0.0,0.0,0.0,0.0,0.0,0.0,0.0
349,520,Cercis',0,0,0,0,0,0,0,0.0,0.0,0.0,0.0,0.0,0.0,0.0,0.0
349,520,Cercocarpus',0,0,0,0,0,0,0,0.0,0.0,0.0,0.0,0.0,0.0,0.0,0.0
349,520,Chamaecyparis',0,0,0,0,0,0,0,0.0,0.0,0.0,0.0,0.0,0.0,0.0,0.0
349,520,Chilopsis',0,0,0,0,0,0,0,0.0,0.0,0.0,0.0,0.0,0.0,0.0,0.0
349,520,Chrysolepis',0,0,0,0,0,0,0,0.0,0.0,0.0,0.0,0.0,0.0,0.0,0.0
349,520,Cladrastis',0,0,0,0,0,0,0,0.0,0.0,0.0,0.0,0.0,0.0,0.0,0.0
349,520,Comus',0,0,0,0,0,0,0,0.0,0.0,0.0,0.0,0.0,0.0,0.0,0.0
349,520,Cornus',0,0,0,0,0,0,0,0.0,0.0,0.0,0.0,0.0,0.0,0.0,0.0
349,520,Crataegus',0,0,0,0,0,0,0,0.0,0.0,0.0,0.0,0.0,0.0,0.0,0.0
349,520,Cupressus',0,0,0,0,0,0,0,0.0,0.0,0.0,0.0,0.0,0.0,0.0,0.0
349,520,Diospyros',0,0,0,0,0,0,0,0.0,0.0,0.0,0.0,0.0,0.0,0.0,0.0
349,520,Elaeagnus',0,80,27,0,0,0,0,16.239362716674805,6.373568058013916,49.2684728159463,0.44558627566094705,427.5377725468576,4712.106006086889,0.0016593309601699011,15.199140708356271
349,520,Fagus',0,0,0,0,0,0,0,0.0,0.0,0.0,0.0,0.0,0.0,0.0,0.0
349,520,Fraxinus',0,79,63,0,0,0,0,11.45465087890625,7.339147567749023,81.25016073543058,0.6634535544752045,751.8607640266418,5267.9384265737235,0.002840442927180325,19.539164408745204
349,520,Gleditsia',0,0,0,0,0,0,0,0.0,0.0,0.0,0.0,0.0,0.0,0.0,0.0
349,520,Gordonia',0,0,0,0,0,0,0,0.0,0.0,0.0,0.0,0.0,0.0,0.0,0.0
349,520,Gymnocladus',0,0,0,0,0,0,0,0.0,0.0,0.0,0.0,0.0,0.0,0.0,0.0
349,520,Halesia',0,0,0,0,0,0,0,0.0,0.0,0.0,0.0,0.0,0.0,0.0,0.0
349,520,Ilex',0,0,0,0,0,0,0,0.0,0.0,0.0,0.0,0.0,0.0,0.0,0.0
349,520,Juglans',0,0,0,0,0,0,0,0.0,0.0,0.0,0.0,0.0,0.0,0.0,0.0
349,520,Juniperus',0,0,0,0,0,0,0,0.0,0.0,0.0,0.0,0.0,0.0,0.0,0.0
349,520,Larix',0,0,0,0,0,0,0,0.0,0.0,0.0,0.0,0.0,0.0,0.0,0.0
349,520,Liquidambar',0,0,0,0,0,0,0,0.0,0.0,0.0,0.0,0.0,0.0,0.0,0.0
349,520,Liriodendron',0,0,0,0,0,0,0,0.0,0.0,0.0,0.0,0.0,0.0,0.0,0.0
349,520,Lithocarpus',0,0,0,0,0,0,0,0.0,0.0,0.0,0.0,0.0,0.0,0.0,0.0
349,520,Maclura',0,0,0,0,0,0,0,0.0,0.0,0.0,0.0,0.0,0.0,0.0,0.0
349,520,Magnolia',0,0,0,0,0,0,0,0.0,0.0,0.0,0.0,0.0,0.0,0.0,0.0
349,520,Malus',0,0,0,0,0,0,0,0.0,0.0,0.0,0.0,0.0,0.0,0.0,0.0
349,520,Morus',0,0,0,0,0,0,0,0.0,0.0,0.0,0.0,0.0,0.0,0.0,0.0
349,520,Nyssa',0,0,0,0,0,0,0,0.0,0.0,0.0,0.0,0.0,0.0,0.0,0.0
349,520,Olneya',0,0,0,0,0,0,0,0.0,0.0,0.0,0.0,0.0,0.0,0.0,0.0
349,520,Ostrya',0,0,0,0,0,0,0,0.0,0.0,0.0,0.0,0.0,0.0,0.0,0.0
349,520,Oxydendron',0,0,0,0,0,0,0,0.0,0.0,0.0,0.0,0.0,0.0,0.0,0.0
349,520,Paulownia',0,0,0,0,0,0,0,0.0,0.0,0.0,0.0,0.0,0.0,0.0,0.0
349,520,Persea',0,0,0,0,0,0,0,0.0,0.0,0.0,0.0,0.0,0.0,0.0,0.0
349,520,Picea',0,36,41,46,0,0,0,47.765663146972656,21.762758255004883,110.6768409577012,7.032127341458631,9224.339286281169,67686.24653400137,0.02209719720501536,157.70387580618126
349,520,Pinus',0,748,632,261,62,10,4,96.00323486328125,33.47779846191406,1082.421398436278,59.971198940308994,79750.69858972446,324883.69369799667,0.19285874899912672,730.6664088882461
349,520,Planera',0,0,0,0,0,0,0,0.0,0.0,0.0,0.0,0.0,0.0,0.0,0.0
349,520,Platanus',0,0,0,0,0,0,0,0.0,0.0,0.0,0.0,0.0,0.0,0.0,0.0
349,520,Populus',0,896,137,0,0,0,0,20.325998306274414,13.774599075317383,461.54112567983657,2.507168653462704,2361.428432009071,8343.972247169357,0.01189175965430844,35.123342494808526
349,520,Prosopis',0,0,0,0,0,0,0,0.0,0.0,0.0,0.0,0.0,0.0,0.0,0.0
349,520,Prunus',0,55,0,0,0,0,0,6.374980926513672,4.990747928619385,12.851759924352923,0.06107346482564771,54.25634807288647,743.2227303016921,0.00030557788509735713,3.9377725334432796
349,520,Pseudotsuga',0,0,0,0,0,0,0,0.0,0.0,0.0,0.0,0.0,0.0,0.0,0.0
349,520,Quercus',0,0,26,0,0,0,0,26.170034408569336,13.562005043029785,32.22990606781802,0.46191379065181615,674.8506537270546,11171.860204512466,0.0019636354721635566,29.99190805603595
349,520,Robinia',0,0,0,0,0,0,0,0.0,0.0,0.0,0.0,0.0,0.0,0.0,0.0
349,520,Salix',0,257,1,0,0,0,0,19.700897216796875,9.271646499633789,108.98735642503898,0.35162245304017775,365.31113788351416,2090.39518102303,0.0023807360654834234,13.266005679274482
349,520,Sassafras',0,0,0,0,0,0,0,0.0,0.0,0.0,0.0,0.0,0.0,0.0,0.0
349,520,Sequoia',0,0,0,0,0,0,0,0.0,0.0,0.0,0.0,0.0,0.0,0.0,0.0
349,520,Sequoiadendron',0,0,0,0,0,0,0,0.0,0.0,0.0,0.0,0.0,0.0,0.0,0.0
349,520,Sorbus',0,10,0,0,0,0,0,1.4436782598495483,2.0021700859069824,0.0,0.0016696709312179383,3.0206804394721987,67.54446800963713,6.71262361574918e-06,0.15009882712185518
349,520,Taxodium',0,0,0,0,0,0,0,0.0,0.0,0.0,0.0,0.0,0.0,0.0,0.0
349,520,Taxus',0,0,0,0,0,0,0,0.0,0.0,0.0,0.0,0.0,0.0,0.0,0.0
349,520,Thuja',0,77,236,92,44,0,0,61.0,18.284727096557617,460.1919634056091,27.655487660689236,24536.861128894092,115050.49593623952,0.06117357553758437,269.7100400342472
349,520,Tilia',0,0,0,0,0,0,0,0.0,0.0,0.0,0.0,0.0,0.0,0.0,0.0
349,520,Torreya',0,0,0,0,0,0,0,0.0,0.0,0.0,0.0,0.0,0.0,0.0,0.0
349,520,Tsuga',0,20,34,0,0,0,0,24.088659286499023,10.655389785766602,43.81597383975983,0.8125827979846424,699.3614653575421,7869.847409189723,0.0021870339558318565,23.42172002526924
349,520,Ulmus',0,38,47,3,0,0,0,34.5393180847168,12.437403678894043,46.982576847076416,1.0089548876691883,1017.1426813077927,11995.614537532983,0.002936657339002007,30.239775643142103
349,520,Umbellularia',0,0,0,0,0,0,0,0.0,0.0,0.0,0.0,0.0,0.0,0.0,0.0
349,530,Abies',0,22,30,10,0,0,0,40.98870086669922,16.889198303222656,38.94921671807766,1.822040125004185,1820.9665806806088,32468.161035399222,0.004609192238748707,75.00976602582215
349,530,Acer',0,423,134,0,0,0,0,23.967008590698242,14.710953712463379,273.61449019948043,2.3342926153727253,3241.48052883409,16896.743579203416,0.011142122611272379,48.834546921363554
349,530,Aesculus',0,0,0,0,0,0,0,0.0,0.0,0.0,0.0,0.0,0.0,0.0,0.0
349,530,Ailanthus',0,0,0,0,0,0,0,0.0,0.0,0.0,0.0,0.0,0.0,0.0,0.0
349,530,Alnus',0,45,10,0,0,0,0,8.209178924560547,5.93610143661499,32.20671044167461,0.1320974997421902,154.03359994143247,1986.1320508304673,0.0008059303687252058,10.254494393267032
349,530,Amelanchier',0,0,0,0,0,0,0,0.0,0.0,0.0,0.0,0.0,0.0,0.0,0.0
349,530,Arbutus',0,0,0,0,0,0,0,0.0,0.0,0.0,0.0,0.0,0.0,0.0,0.0
349,530,Asimina',0,0,0,0,0,0,0,0.0,0.0,0.0,0.0,0.0,0.0,0.0,0.0
349,530,Betula',0,1222,597,2,2,0,0,61.81361770629883,18.182727813720703,932.9642187372509,12.294222234147906,14994.52266017869,53992.62669900931,0.04675169977457483,130.666277059272
349,530,Calocedrus',0,0,0,0,0,0,0,0.0,0.0,0.0,0.0,0.0,0.0,0.0,0.0
349,530,Carpinus',0,10,0,0,0,0,0,1.940954327583313,2.593024969100952,1.3226276815314835,0.0030416807437593013,5.523947419524193,123.51921934190719,3.131539895758044e-05,0.7002336081167609
349,530,Carya',0,0,0,0,0,0,0,0.0,0.0,0.0,0.0,0.0,0.0,0.0,0.0
349,530,Castanea',0,0,0,0,0,0,0,0.0,0.0,0.0,0.0,0.0,0.0,0.0,0.0
349,530,Catalpa',0,0,0,0,0,0,0,0.0,0.0,0.0,0.0,0.0,0.0,0.0,0.0
349,530,Celtis',0,0,0,0,0,0,0,0.0,0.0,0.0,0.0,0.0,0.0,0.0,0.0
349,530,Cercis',0,0,0,0,0,0,0,0.0,0.0,0.0,0.0,0.0,0.0,0.0,0.0
349,530,Cercocarpus',0,0,0,0,0,0,0,0.0,0.0,0.0,0.0,0.0,0.0,0.0,0.0
349,530,Chamaecyparis',0,0,0,0,0,0,0,0.0,0.0,0.0,0.0,0.0,0.0,0.0,0.0
349,530,Chilopsis',0,0,0,0,0,0,0,0.0,0.0,0.0,0.0,0.0,0.0,0.0,0.0
349,530,Chrysolepis',0,0,0,0,0,0,0,0.0,0.0,0.0,0.0,0.0,0.0,0.0,0.0
349,530,Cladrastis',0,0,0,0,0,0,0,0.0,0.0,0.0,0.0,0.0,0.0,0.0,0.0
349,530,Comus',0,0,0,0,0,0,0,0.0,0.0,0.0,0.0,0.0,0.0,0.0,0.0
349,530,Cornus',0,0,0,0,0,0,0,0.0,0.0,0.0,0.0,0.0,0.0,0.0,0.0
349,530,Crataegus',0,0,0,0,0,0,0,0.0,0.0,0.0,0.0,0.0,0.0,0.0,0.0
349,530,Cupressus',0,0,0,0,0,0,0,0.0,0.0,0.0,0.0,0.0,0.0,0.0,0.0
349,530,Diospyros',0,0,0,0,0,0,0,0.0,0.0,0.0,0.0,0.0,0.0,0.0,0.0
349,530,Elaeagnus',0,80,17,0,0,0,0,14.669800758361816,6.085832595825195,37.49441133458403,0.3101402834013616,300.49623582541943,3206.139010169919,0.0012075222842148493,11.834271385656198
349,530,Fagus',0,0,0,0,0,0,0,0.0,0.0,0.0,0.0,0.0,0.0,0.0,0.0
349,530,Fraxinus',0,117,63,0,0,0,0,16.030723571777344,9.194844245910645,87.03006476258174,1.0263352336569342,1137.3319540923835,8092.491719425606,0.0037802505008038096,24.77850635573357
349,530,Gleditsia',0,0,0,0,0,0,0,0.0,0.0,0.0,0.0,0.0,0.0,0.0,0.0
349,530,Gordonia',0,0,0,0,0,0,0,0.0,0.0,0.0,0.0,0.0,0.0,0.0,0.0
349,530,Gymnocladus',0,0,0,0,0,0,0,0.0,0.0,0.0,0.0,0.0,0.0,0.0,0.0
349,530,Halesia',0,0,0,0,0,0,0,0.0,0.0,0.0,0.0,0.0,0.0,0.0,0.0
349,530,Ilex',0,0,0,0,0,0,0,0.0,0.0,0.0,0.0,0.0,0.0,0.0,0.0
349,530,Juglans',0,0,0,0,0,0,0,0.0,0.0,0.0,0.0,0.0,0.0,0.0,0.0
349,530,Juniperus',0,0,0,0,0,0,0,0.0,0.0,0.0,0.0,0.0,0.0,0.0,0.0
349,530,Larix',0,0,0,0,0,0,0,0.0,0.0,0.0,0.0,0.0,0.0,0.0,0.0
349,530,Liquidambar',0,0,0,0,0,0,0,0.0,0.0,0.0,0.0,0.0,0.0,0.0,0.0
349,530,Liriodendron',0,0,0,0,0,0,0,0.0,0.0,0.0,0.0,0.0,0.0,0.0,0.0
349,530,Lithocarpus',0,0,0,0,0,0,0,0.0,0.0,0.0,0.0,0.0,0.0,0.0,0.0
349,530,Maclura',0,0,0,0,0,0,0,0.0,0.0,0.0,0.0,0.0,0.0,0.0,0.0
349,530,Magnolia',0,0,0,0,0,0,0,0.0,0.0,0.0,0.0,0.0,0.0,0.0,0.0
349,530,Malus',0,0,0,0,0,0,0,0.0,0.0,0.0,0.0,0.0,0.0,0.0,0.0
349,530,Morus',0,0,0,0,0,0,0,0.0,0.0,0.0,0.0,0.0,0.0,0.0,0.0
349,530,Nyssa',0,0,0,0,0,0,0,0.0,0.0,0.0,0.0,0.0,0.0,0.0,0.0
349,530,Olneya',0,0,0,0,0,0,0,0.0,0.0,0.0,0.0,0.0,0.0,0.0,0.0
349,530,Ostrya',0,0,0,0,0,0,0,0.0,0.0,0.0,0.0,0.0,0.0,0.0,0.0
349,530,Oxydendron',0,0,0,0,0,0,0,0.0,0.0,0.0,0.0,0.0,0.0,0.0,0.0
349,530,Paulownia',0,0,0,0,0,0,0,0.0,0.0,0.0,0.0,0.0,0.0,0.0,0.0
349,530,Persea',0,0,0,0,0,0,0,0.0,0.0,0.0,0.0,0.0,0.0,0.0,0.0
349,530,Picea',0,55,32,42,3,0,0,59.31793975830078,23.909215927124023,133.68494940042496,7.429430891160135,10041.440761649608,74787.56524413578,0.024245318012836057,173.7182824827752
349,530,Pinus',0,564,765,241,44,10,4,97.90143585205078,33.58980178833008,1047.67664746508,58.137103299399115,77880.53456055,326817.2759402678,0.18820096211346252,734.1489547856951
349,530,Planera',0,0,0,0,0,0,0,0.0,0.0,0.0,0.0,0.0,0.0,0.0,0.0
349,530,Platanus',0,0,0,0,0,0,0,0.0,0.0,0.0,0.0,0.0,0.0,0.0,0.0
349,530,Populus',0,713,156,1,0,0,0,28.37324333190918,16.833311080932617,430.778256563847,2.816198370738844,2661.9305162558703,10870.545088691086,0.012116693466655273,38.54756928266668
349,530,Prosopis',0,0,0,0,0,0,0,0.0,0.0,0.0,0.0,0.0,0.0,0.0,0.0
349,530,Prunus',0,10,0,0,0,0,0,5.291022777557373,4.4680256843566895,8.725830610794356,0.022426903555860724,26.677230334281923,596.5210047887368,0.0001848959154076883,4.134398356136431
349,530,Pseudotsuga',0,0,0,0,0,0,0,0.0,0.0,0.0,0.0,0.0,0.0,0.0,0.0
349,530,Quercus',0,10,20,5,0,0,0,28.494630813598633,14.410836219787598,37.21706801766081,0.6496790777104227,927.2198560750485,14139.732881478996,0.0025962489639977057,36.9561499683758
349,530,Robinia',0,0,0,0,0,0,0,0.0,0.0,0.0,0.0,0.0,0.0,0.0,0.0
349,530,Salix',0,133,18,0,0,0,0,13.745369911193848,7.380234718322754,56.712138113341744,0.29984891046291573,277.2863852769137,2663.1945441674407,0.0014325946968274598,12.581306960539376
349,530,Sassafras',0,0,0,0,0,0,0,0.0,0.0,0.0,0.0,0.0,0.0,0.0,0.0
349,530,Sequoia',0,0,0,0,0,0,0,0.0,0.0,0.0,0.0,0.0,0.0,0.0,0.0
349,530,Sequoiadendron',0,0,0,0,0,0,0,0.0,0.0,0.0,0.0,0.0,0.0,0.0,0.0
349,530,Sorbus',0,0,0,0,0,0,0,0.0,0.0,0.0,0.0,0.0,0.0,0.0,0.0
349,530,Taxodium',0,0,0,0,0,0,0,0.0,0.0,0.0,0.0,0.0,0.0,0.0,0.0
349,530,Taxus',0,0,0,0,0,0,0,0.0,0.0,0.0,0.0,0.0,0.0,0.0,0.0
349,530,Thuja',0,179,181,106,60,0,0,61.0,18.284727096557617,465.97556111633776,30.637508900333803,27427.53294706181,128893.62321571221,0.06768083163750521,299.01390451970025
349,530,Tilia',0,0,0,0,0,0,0,0.0,0.0,0.0,0.0,0.0,0.0,0.0,0.0
349,530,Torreya',0,0,0,0,0,0,0,0.0,0.0,0.0,0.0,0.0,0.0,0.0,0.0
349,530,Tsuga',0,21,35,0,0,0,0,27.598125457763672,11.735819816589355,39.59775366365909,1.1672219636739845,1005.204832097888,11105.515877238831,0.0028057560674989053,29.60016305409658
349,530,Ulmus',0,38,25,3,0,0,0,37.850067138671875,13.29257583618164,34.840980000510996,0.7705292364535697,823.8029582083226,11866.248770568835,0.002332228463285604,28.937199896813915
349,530,Umbellularia',0,0,0,0,0,0,0,0.0,0.0,0.0,0.0,0.0,0.0,0.0,0.0
349,540,Abies',0,32,20,10,0,0,0,42.19105911254883,17.140344619750977,41.863866656422616,2.036775391693078,2057.38213041842,34970.5144550262,0.005176660675074838,79.70692944265306
349,540,Acer',0,376,129,0,0,0,0,22.58683204650879,14.106056213378906,252.61572427304955,2.5645459411297447,3488.0955438051374,19458.157532924506,0.011387867113090588,52.85977417898365
349,540,Aesculus',0,0,0,0,0,0,0,0.0,0.0,0.0,0.0,0.0,0.0,0.0,0.0
349,540,Ailanthus',0,0,0,0,0,0,0,0.0,0.0,0.0,0.0,0.0,0.0,0.0,0.0
349,540,Alnus',0,1,0,0,0,0,0,5.730154037475586,4.646182537078857,0.32406830099187317,0.004435585160532164,3.397184794843197,75.96336133398063,1.2214442938566207e-05,0.27312324717926334
349,540,Amelanchier',0,0,0,0,0,0,0,0.0,0.0,0.0,0.0,0.0,0.0,0.0,0.0
349,540,Arbutus',0,0,0,0,0,0,0,0.0,0.0,0.0,0.0,0.0,0.0,0.0,0.0
349,540,Asimina',0,0,0,0,0,0,0,0.0,0.0,0.0,0.0,0.0,0.0,0.0,0.0
349,540,Betula',0,1378,552,0,0,0,0,26.628894805908203,12.770800590515137,953.0363403773523,10.400419260658019,11974.401422693953,34061.86999652217,0.040329268552466505,90.8686544308474
349,540,Calocedrus',0,0,0,0,0,0,0,0.0,0.0,0.0,0.0,0.0,0.0,0.0,0.0
349,540,Carpinus',0,0,0,0,0,0,0,0.0,0.0,0.0,0.0,0.0,0.0,0.0,0.0
349,540,Carya',0,0,0,0,0,0,0,0.0,0.0,0.0,0.0,0.0,0.0,0.0,0.0
349,540,Castanea',0,0,0,0,0,0,0,0.0,0.0,0.0,0.0,0.0,0.0,0.0,0.0
349,540,Catalpa',0,0,0,0,0,0,0,0.0,0.0,0.0,0.0,0.0,0.0,0.0,0.0
349,540,Celtis',0,0,0,0,0,0,0,0.0,0.0,0.0,0.0,0.0,0.0,0.0,0.0
349,540,Cercis',0,0,0,0,0,0,0,0.0,0.0,0.0,0.0,0.0,0.0,0.0,0.0
349,540,Cercocarpus',0,0,0,0,0,0,0,0.0,0.0,0.0,0.0,0.0,0.0,0.0,0.0
349,540,Chamaecyparis',0,0,0,0,0,0,0,0.0,0.0,0.0,0.0,0.0,0.0,0.0,0.0
349,540,Chilopsis',0,0,0,0,0,0,0,0.0,0.0,0.0,0.0,0.0,0.0,0.0,0.0
349,540,Chrysolepis',0,0,0,0,0,0,0,0.0,0.0,0.0,0.0,0.0,0.0,0.0,0.0
349,540,Cladrastis',0,0,0,0,0,0,0,0.0,0.0,0.0,0.0,0.0,0.0,0.0,0.0
349,540,Comus',0,0,0,0,0,0,0,0.0,0.0,0.0,0.0,0.0,0.0,0.0,0.0
349,540,Cornus',0,0,0,0,0,0,0,0.0,0.0,0.0,0.0,0.0,0.0,0.0,0.0
349,540,Crataegus',0,0,0,0,0,0,0,0.0,0.0,0.0,0.0,0.0,0.0,0.0,0.0
349,540,Cupressus',0,0,0,0,0,0,0,0.0,0.0,0.0,0.0,0.0,0.0,0.0,0.0
349,540,Diospyros',0,0,0,0,0,0,0,0.0,0.0,0.0,0.0,0.0,0.0,0.0,0.0
349,540,Elaeagnus',0,122,2,0,0,0,0,8.707419395446777,4.674641132354736,45.29054549652375,0.17382018437156016,207.5112392525375,1656.1468894877457,0.0011131186514415294,8.675770211540978
349,540,Fagus',0,0,0,0,0,0,0,0.0,0.0,0.0,0.0,0.0,0.0,0.0,0.0
349,540,Fraxinus',0,152,44,0,0,0,0,20.585206985473633,9.575238227844238,94.73050033367132,1.1821844216459079,1324.7528847265244,10499.72525330602,0.004307593462344021,29.40113585664355
349,540,Gleditsia',0,0,0,0,0,0,0,0.0,0.0,0.0,0.0,0.0,0.0,0.0,0.0
349,540,Gordonia',0,0,0,0,0,0,0,0.0,0.0,0.0,0.0,0.0,0.0,0.0,0.0
349,540,Gymnocladus',0,0,0,0,0,0,0,0.0,0.0,0.0,0.0,0.0,0.0,0.0,0.0
349,540,Halesia',0,0,0,0,0,0,0,0.0,0.0,0.0,0.0,0.0,0.0,0.0,0.0
349,540,Ilex',0,0,0,0,0,0,0,0.0,0.0,0.0,0.0,0.0,0.0,0.0,0.0
349,540,Juglans',0,0,0,0,0,0,0,0.0,0.0,0.0,0.0,0.0,0.0,0.0,0.0
349,540,Juniperus',0,0,0,0,0,0,0,0.0,0.0,0.0,0.0,0.0,0.0,0.0,0.0
349,540,Larix',0,0,0,0,0,0,0,0.0,0.0,0.0,0.0,0.0,0.0,0.0,0.0
349,540,Liquidambar',0,0,0,0,0,0,0,0.0,0.0,0.0,0.0,0.0,0.0,0.0,0.0
349,540,Liriodendron',0,0,0,0,0,0,0,0.0,0.0,0.0,0.0,0.0,0.0,0.0,0.0
349,540,Lithocarpus',0,0,0,0,0,0,0,0.0,0.0,0.0,0.0,0.0,0.0,0.0,0.0
349,540,Maclura',0,0,0,0,0,0,0,0.0,0.0,0.0,0.0,0.0,0.0,0.0,0.0
349,540,Magnolia',0,0,0,0,0,0,0,0.0,0.0,0.0,0.0,0.0,0.0,0.0,0.0
349,540,Malus',0,0,0,0,0,0,0,0.0,0.0,0.0,0.0,0.0,0.0,0.0,0.0
349,540,Morus',0,0,0,0,0,0,0,0.0,0.0,0.0,0.0,0.0,0.0,0.0,0.0
349,540,Nyssa',0,0,0,0,0,0,0,0.0,0.0,0.0,0.0,0.0,0.0,0.0,0.0
349,540,Olneya',0,0,0,0,0,0,0,0.0,0.0,0.0,0.0,0.0,0.0,0.0,0.0
349,540,Ostrya',0,0,0,0,0,0,0,0.0,0.0,0.0,0.0,0.0,0.0,0.0,0.0
349,540,Oxydendron',0,0,0,0,0,0,0,0.0,0.0,0.0,0.0,0.0,0.0,0.0,0.0
349,540,Paulownia',0,0,0,0,0,0,0,0.0,0.0,0.0,0.0,0.0,0.0,0.0,0.0
349,540,Persea',0,0,0,0,0,0,0,0.0,0.0,0.0,0.0,0.0,0.0,0.0,0.0
349,540,Picea',0,37,47,42,7,0,0,69.00814056396484,25.27178192138672,140.14904422998427,7.582404039441891,10284.167473349571,78246.16767426935,0.024878080607420004,180.910661185324
349,540,Pinus',0,677,844,219,36,10,4,99.67361450195312,33.68891143798828,1055.435967721939,60.07108884945695,79939.86683570773,336396.04062638164,0.19288933379884968,755.624813895456
349,540,Planera',0,0,0,0,0,0,0,0.0,0.0,0.0,0.0,0.0,0.0,0.0,0.0
349,540,Platanus',0,0,0,0,0,0,0,0.0,0.0,0.0,0.0,0.0,0.0,0.0,0.0
349,540,Populus',0,886,127,0,0,0,0,27.918729782104492,16.681150436401367,443.38069995004633,2.746413108459935,2651.325874072239,12937.379125460857,0.012274546753327249,41.694523708321384
349,540,Prosopis',0,0,0,0,0,0,0,0.0,0.0,0.0,0.0,0.0,0.0,0.0,0.0
349,540,Prunus',0,0,10,0,0,0,0,9.957610130310059,6.473773956298828,5.848403746568703,0.07943287648863834,56.579192590713504,1265.1492074488751,0.00020992256473749974,4.694011247641509
349,540,Pseudotsuga',0,0,0,0,0,0,0,0.0,0.0,0.0,0.0,0.0,0.0,0.0,0.0
349,540,Quercus',0,10,10,5,0,0,0,30.733335494995117,15.197321891784668,20.052644745741464,0.5450945167076678,863.7355053946376,16030.757781832293,0.0022080811866638183,39.68168458680979
349,540,Robinia',0,0,0,0,0,0,0,0.0,0.0,0.0,0.0,0.0,0.0,0.0,0.0
349,540,Salix',0,201,14,0,0,0,0,10.436083793640137,6.157374382019043,77.69866973609675,0.3516038921650207,314.0361985783279,2026.0517200669337,0.0018163737243718937,10.779214980941319
349,540,Sassafras',0,0,0,0,0,0,0,0.0,0.0,0.0,0.0,0.0,0.0,0.0,0.0
349,540,Sequoia',0,0,0,0,0,0,0,0.0,0.0,0.0,0.0,0.0,0.0,0.0,0.0
349,540,Sequoiadendron',0,0,0,0,0,0,0,0.0,0.0,0.0,0.0,0.0,0.0,0.0,0.0
349,540,Sorbus',0,0,0,0,0,0,0,0.0,0.0,0.0,0.0,0.0,0.0,0.0,0.0
349,540,Taxodium',0,0,0,0,0,0,0,0.0,0.0,0.0,0.0,0.0,0.0,0.0,0.0
349,540,Taxus',0,0,0,0,0,0,0,0.0,0.0,0.0,0.0,0.0,0.0,0.0,0.0
349,540,Thuja',0,171,218,128,46,0,0,61.0,18.284727096557617,485.24522926181555,31.10883848510869,27773.671197389067,132126.51362110558,0.06872836626636535,307.22941382753174
349,540,Tilia',0,0,0,0,0,0,0,0.0,0.0,0.0,0.0,0.0,0.0,0.0,0.0
349,540,Torreya',0,0,0,0,0,0,0,0.0,0.0,0.0,0.0,0.0,0.0,0.0,0.0
349,540,Tsuga',0,11,38,0,0,0,0,26.702434539794922,11.465944290161133,47.02906477928161,1.1805609255536955,1036.3214280414581,11702.766057625206,0.0029822452317165822,31.108336711836696
349,540,Ulmus',0,30,43,3,0,0,0,40.766170501708984,14.019569396972656,48.24854562129777,1.1579706088775459,1227.440111721456,14909.79346735157,0.003422209356374569,36.17645610909729
349,540,Umbellularia',0,0,0,0,0,0,0,0.0,0.0,0.0,0.0,0.0,0.0,0.0,0.0
349,550,Abies',0,10,36,10,0,0,0,43.54306411743164,17.41347312927246,53.67498595952988,2.4422228018883074,2456.873562991619,38274.08886702688,0.0062350244514544914,87.70160870049219
349,550,Acer',0,474,93,0,0,0,0,24.42122459411621,14.906270980834961,250.07083979729984,2.4424969498657094,3489.1404462358355,20619.26713099856,0.011353554051036496,54.69218024530676
349,550,Aesculus',0,0,0,0,0,0,0,0.0,0.0,0.0,0.0,0.0,0.0,0.0,0.0
349,550,Ailanthus',0,0,0,0,0,0,0,0.0,0.0,0.0,0.0,0.0,0.0,0.0,0.0
349,550,Alnus',0,0,0,0,0,0,0,0.0,0.0,0.0,0.0,0.0,0.0,0.0,0.0
349,550,Amelanchier',0,0,0,0,0,0,0,0.0,0.0,0.0,0.0,0.0,0.0,0.0,0.0
349,550,Arbutus',0,0,0,0,0,0,0,0.0,0.0,0.0,0.0,0.0,0.0,0.0,0.0
349,550,Asimina',0,0,0,0,0,0,0,0.0,0.0,0.0,0.0,0.0,0.0,0.0,0.0
349,550,Betula',0,1274,424,0,0,0,0,27.796335220336914,13.112013816833496,769.4413706609578,9.240132457726006,10938.37866207488,36407.62436684287,0.03538404403722926,92.92522042429893
349,550,Calocedrus',0,0,0,0,0,0,0,0.0,0.0,0.0,0.0,0.0,0.0,0.0,0.0
349,550,Carpinus',0,0,0,0,0,0,0,0.0,0.0,0.0,0.0,0.0,0.0,0.0,0.0
349,550,Carya',0,0,0,0,0,0,0,0.0,0.0,0.0,0.0,0.0,0.0,0.0,0.0
349,550,Castanea',0,0,0,0,0,0,0,0.0,0.0,0.0,0.0,0.0,0.0,0.0,0.0
349,550,Catalpa',0,0,0,0,0,0,0,0.0,0.0,0.0,0.0,0.0,0.0,0.0,0.0
349,550,Celtis',0,0,0,0,0,0,0,0.0,0.0,0.0,0.0,0.0,0.0,0.0,0.0
349,550,Cercis',0,0,0,0,0,0,0,0.0,0.0,0.0,0.0,0.0,0.0,0.0,0.0
349,550,Cercocarpus',0,0,0,0,0,0,0,0.0,0.0,0.0,0.0,0.0,0.0,0.0,0.0
349,550,Chamaecyparis',0,0,0,0,0,0,0,0.0,0.0,0.0,0.0,0.0,0.0,0.0,0.0
349,550,Chilopsis',0,0,0,0,0,0,0,0.0,0.0,0.0,0.0,0.0,0.0,0.0,0.0
349,550,Chrysolepis',0,0,0,0,0,0,0,0.0,0.0,0.0,0.0,0.0,0.0,0.0,0.0
349,550,Cladrastis',0,0,0,0,0,0,0,0.0,0.0,0.0,0.0,0.0,0.0,0.0,0.0
349,550,Comus',0,0,0,0,0,0,0,0.0,0.0,0.0,0.0,0.0,0.0,0.0,0.0
349,550,Cornus',0,0,0,0,0,0,0,0.0,0.0,0.0,0.0,0.0,0.0,0.0,0.0
349,550,Crataegus',0,0,0,0,0,0,0,0.0,0.0,0.0,0.0,0.0,0.0,0.0,0.0
349,550,Cupressus',0,0,0,0,0,0,0,0.0,0.0,0.0,0.0,0.0,0.0,0.0,0.0
349,550,Diospyros',0,0,0,0,0,0,0,0.0,0.0,0.0,0.0,0.0,0.0,0.0,0.0
349,550,Elaeagnus',0,69,10,0,0,0,0,10.101243019104004,5.05607271194458,29.700124107678477,0.15555498602783077,167.23368494421243,1997.7290714938033,0.0007991802015081049,8.652110973325613
349,550,Fagus',0,0,0,0,0,0,0,0.0,0.0,0.0,0.0,0.0,0.0,0.0,0.0
349,550,Fraxinus',0,136,54,0,0,0,0,19.975753784179688,9.380293846130371,70.01999838442741,0.787476470556018,873.4509871673584,8370.345785152333,0.0029489789017122185,22.79295072534253
349,550,Gleditsia',0,0,0,0,0,0,0,0.0,0.0,0.0,0.0,0.0,0.0,0.0,0.0
349,550,Gordonia',0,0,0,0,0,0,0,0.0,0.0,0.0,0.0,0.0,0.0,0.0,0.0
349,550,Gymnocladus',0,0,0,0,0,0,0,0.0,0.0,0.0,0.0,0.0,0.0,0.0,0.0
349,550,Halesia',0,0,0,0,0,0,0,0.0,0.0,0.0,0.0,0.0,0.0,0.0,0.0
349,550,Ilex',0,0,0,0,0,0,0,0.0,0.0,0.0,0.0,0.0,0.0,0.0,0.0
349,550,Juglans',0,0,0,0,0,0,0,0.0,0.0,0.0,0.0,0.0,0.0,0.0,0.0
349,550,Juniperus',0,0,0,0,0,0,0,0.0,0.0,0.0,0.0,0.0,0.0,0.0,0.0
349,550,Larix',0,0,0,0,0,0,0,0.0,0.0,0.0,0.0,0.0,0.0,0.0,0.0
349,550,Liquidambar',0,0,0,0,0,0,0,0.0,0.0,0.0,0.0,0.0,0.0,0.0,0.0
349,550,Liriodendron',0,0,0,0,0,0,0,0.0,0.0,0.0,0.0,0.0,0.0,0.0,0.0
349,550,Lithocarpus',0,0,0,0,0,0,0,0.0,0.0,0.0,0.0,0.0,0.0,0.0,0.0
349,550,Maclura',0,0,0,0,0,0,0,0.0,0.0,0.0,0.0,0.0,0.0,0.0,0.0
349,550,Magnolia',0,0,0,0,0,0,0,0.0,0.0,0.0,0.0,0.0,0.0,0.0,0.0
349,550,Malus',0,0,0,0,0,0,0,0.0,0.0,0.0,0.0,0.0,0.0,0.0,0.0
349,550,Morus',0,0,0,0,0,0,0,0.0,0.0,0.0,0.0,0.0,0.0,0.0,0.0
349,550,Nyssa',0,0,0,0,0,0,0,0.0,0.0,0.0,0.0,0.0,0.0,0.0,0.0
349,550,Olneya',0,0,0,0,0,0,0,0.0,0.0,0.0,0.0,0.0,0.0,0.0,0.0
349,550,Ostrya',0,0,0,0,0,0,0,0.0,0.0,0.0,0.0,0.0,0.0,0.0,0.0
349,550,Oxydendron',0,0,0,0,0,0,0,0.0,0.0,0.0,0.0,0.0,0.0,0.0,0.0
349,550,Paulownia',0,0,0,0,0,0,0,0.0,0.0,0.0,0.0,0.0,0.0,0.0,0.0
349,550,Persea',0,0,0,0,0,0,0,0.0,0.0,0.0,0.0,0.0,0.0,0.0,0.0
349,550,Picea',0,26,74,33,0,0,0,76.0,26.061365127563477,127.76720543712376,5.787837715114812,7481.566999737918,65585.21790289148,0.01847123092215955,151.93338644573228
349,550,Pinus',0,736,762,203,27,10,4,101.45987701416016,33.78375244140625,1040.493824791014,56.68884523468783,76264.10788894653,335906.0418588785,0.18450515068089238,754.4306188542519
349,550,Planera',0,0,0,0,0,0,0,0.0,0.0,0.0,0.0,0.0,0.0,0.0,0.0
349,550,Platanus',0,0,0,0,0,0,0,0.0,0.0,0.0,0.0,0.0,0.0,0.0,0.0
349,550,Populus',0,861,163,0,0,0,0,20.62183380126953,13.901863098144531,469.29733994959173,3.0541287229973957,2756.0437458310275,10837.262089424583,0.012880337606976608,39.08516438539833
349,550,Prosopis',0,0,0,0,0,0,0,0.0,0.0,0.0,0.0,0.0,0.0,0.0,0.0
349,550,Prunus',0,30,10,0,0,0,0,15.049098014831543,8.05811595916748,8.149329872825477,0.1866203636304135,137.9085581088066,2906.4653715415607,0.00042377759295212866,8.229796639350145
349,550,Pseudotsuga',0,0,0,0,0,0,0,0.0,0.0,0.0,0.0,0.0,0.0,0.0,0.0
349,550,Quercus',0,46,0,5,0,0,0,32.94290542602539,15.9448823928833,15.417308131221066,0.49007089120972824,858.6498155928031,18429.684659202943,0.0021300514203372875,44.223541680214936
349,550,Robinia',0,0,0,0,0,0,0,0.0,0.0,0.0,0.0,0.0,0.0,0.0,0.0
349,550,Salix',0,206,12,0,0,0,0,9.107126235961914,5.627535343170166,74.47874499980028,0.3380323155807105,305.7038014343381,2159.300521809095,0.0017515046927236255,11.799186515706685
349,550,Sassafras',0,0,0,0,0,0,0,0.0,0.0,0.0,0.0,0.0,0.0,0.0,0.0
349,550,Sequoia',0,0,0,0,0,0,0,0.0,0.0,0.0,0.0,0.0,0.0,0.0,0.0
349,550,Sequoiadendron',0,0,0,0,0,0,0,0.0,0.0,0.0,0.0,0.0,0.0,0.0,0.0
349,550,Sorbus',0,0,0,0,0,0,0,0.0,0.0,0.0,0.0,0.0,0.0,0.0,0.0
349,550,Taxodium',0,0,0,0,0,0,0,0.0,0.0,0.0,0.0,0.0,0.0,0.0,0.0
349,550,Taxus',0,0,0,0,0,0,0,0.0,0.0,0.0,0.0,0.0,0.0,0.0,0.0
349,550,Thuja',0,102,229,126,62,0,0,58.412071228027344,18.046567916870117,453.0296413488686,34.6568585203894,31149.61556152925,144905.82555212814,0.07576512947094866,334.8123165873961
349,550,Tilia',0,0,0,0,0,0,0,0.0,0.0,0.0,0.0,0.0,0.0,0.0,0.0
349,550,Torreya',0,0,0,0,0,0,0,0.0,0.0,0.0,0.0,0.0,0.0,0.0,0.0
349,550,Tsuga',0,10,39,0,0,0,0,37.76515579223633,14.537103652954102,51.93542630970478,1.1173000506316721,1044.365681667924,11974.43552443521,0.0030709910359062852,31.85882182615091
349,550,Ulmus',0,4,49,3,0,0,0,43.736083984375,14.735581398010254,36.9161851241996,1.561856240546652,1643.9144521099329,18722.297819019255,0.004184572280324999,44.59133528499404
349,550,Umbellularia',0,0,0,0,0,0,0,0.0,0.0,0.0,0.0,0.0,0.0,0.0,0.0
349,560,Abies',0,0,46,10,0,0,0,44.77981185913086,17.654998779296875,53.034034678936,2.938774691321806,2922.455753772259,41831.27122639376,0.007260393122469366,96.38580684681145
349,560,Acer',0,455,86,0,0,0,0,26.300270080566406,15.695022583007812,228.31048306808628,1.8249303231594136,2584.0147651870548,18084.49585476389,0.00902891130022937,47.69853129123221
349,560,Aesculus',0,0,0,0,0,0,0,0.0,0.0,0.0,0.0,0.0,0.0,0.0,0.0
349,560,Ailanthus',0,0,0,0,0,0,0,0.0,0.0,0.0,0.0,0.0,0.0,0.0,0.0
349,560,Alnus',0,10,0,0,0,0,0,3.193906307220459,3.2416253089904785,3.3285179753092264,0.008172113639034766,10.692792516946794,239.09810937194234,7.167762599419802e-05,1.6027604418883312
349,560,Amelanchier',0,0,0,0,0,0,0,0.0,0.0,0.0,0.0,0.0,0.0,0.0,0.0
349,560,Arbutus',0,0,0,0,0,0,0,0.0,0.0,0.0,0.0,0.0,0.0,0.0,0.0
349,560,Asimina',0,0,0,0,0,0,0,0.0,0.0,0.0,0.0,0.0,0.0,0.0,0.0
349,560,Betula',0,1096,558,15,0,0,0,30.279029846191406,13.80356502532959,893.5257594184831,11.790977006898855,13853.839614274577,41103.337174220345,0.043649110270040786,104.79400953661242
349,560,Calocedrus',0,0,0,0,0,0,0,0.0,0.0,0.0,0.0,0.0,0.0,0.0,0.0
349,560,Carpinus',0,0,0,0,0,0,0,0.0,0.0,0.0,0.0,0.0,0.0,0.0,0.0
349,560,Carya',0,0,0,0,0,0,0,0.0,0.0,0.0,0.0,0.0,0.0,0.0,0.0
349,560,Castanea',0,0,0,0,0,0,0,0.0,0.0,0.0,0.0,0.0,0.0,0.0,0.0
349,560,Catalpa',0,0,0,0,0,0,0,0.0,0.0,0.0,0.0,0.0,0.0,0.0,0.0
349,560,Celtis',0,0,0,0,0,0,0,0.0,0.0,0.0,0.0,0.0,0.0,0.0,0.0
349,560,Cercis',0,0,0,0,0,0,0,0.0,0.0,0.0,0.0,0.0,0.0,0.0,0.0
349,560,Cercocarpus',0,0,0,0,0,0,0,0.0,0.0,0.0,0.0,0.0,0.0,0.0,0.0
349,560,Chamaecyparis',0,0,0,0,0,0,0,0.0,0.0,0.0,0.0,0.0,0.0,0.0,0.0
349,560,Chilopsis',0,0,0,0,0,0,0,0.0,0.0,0.0,0.0,0.0,0.0,0.0,0.0
349,560,Chrysolepis',0,0,0,0,0,0,0,0.0,0.0,0.0,0.0,0.0,0.0,0.0,0.0
349,560,Cladrastis',0,0,0,0,0,0,0,0.0,0.0,0.0,0.0,0.0,0.0,0.0,0.0
349,560,Comus',0,0,0,0,0,0,0,0.0,0.0,0.0,0.0,0.0,0.0,0.0,0.0
349,560,Cornus',0,0,0,0,0,0,0,0.0,0.0,0.0,0.0,0.0,0.0,0.0,0.0
349,560,Crataegus',0,0,0,0,0,0,0,0.0,0.0,0.0,0.0,0.0,0.0,0.0,0.0
349,560,Cupressus',0,0,0,0,0,0,0,0.0,0.0,0.0,0.0,0.0,0.0,0.0,0.0
349,560,Diospyros',0,0,0,0,0,0,0,0.0,0.0,0.0,0.0,0.0,0.0,0.0,0.0
349,560,Elaeagnus',0,99,0,0,0,0,0,7.630812644958496,4.354946613311768,49.15949540330639,0.19506239425781294,223.6592779892683,1806.7387375686535,0.001204698857898359,9.32280705889681
349,560,Fagus',0,0,0,0,0,0,0,0.0,0.0,0.0,0.0,0.0,0.0,0.0,0.0
349,560,Fraxinus',0,124,36,0,0,0,0,22.802186965942383,10.26270866394043,69.97851405976503,0.9864283741699142,1119.104923403114,11454.262775119387,0.0034942794112157987,29.355168740904276
349,560,Gleditsia',0,0,0,0,0,0,0,0.0,0.0,0.0,0.0,0.0,0.0,0.0,0.0
349,560,Gordonia',0,0,0,0,0,0,0,0.0,0.0,0.0,0.0,0.0,0.0,0.0,0.0
349,560,Gymnocladus',0,0,0,0,0,0,0,0.0,0.0,0.0,0.0,0.0,0.0,0.0,0.0
349,560,Halesia',0,0,0,0,0,0,0,0.0,0.0,0.0,0.0,0.0,0.0,0.0,0.0
349,560,Ilex',0,0,0,0,0,0,0,0.0,0.0,0.0,0.0,0.0,0.0,0.0,0.0
349,560,Juglans',0,0,0,0,0,0,0,0.0,0.0,0.0,0.0,0.0,0.0,0.0,0.0
349,560,Juniperus',0,0,0,0,0,0,0,0.0,0.0,0.0,0.0,0.0,0.0,0.0,0.0
349,560,Larix',0,0,0,0,0,0,0,0.0,0.0,0.0,0.0,0.0,0.0,0.0,0.0
349,560,Liquidambar',0,0,0,0,0,0,0,0.0,0.0,0.0,0.0,0.0,0.0,0.0,0.0
349,560,Liriodendron',0,0,0,0,0,0,0,0.0,0.0,0.0,0.0,0.0,0.0,0.0,0.0
349,560,Lithocarpus',0,0,0,0,0,0,0,0.0,0.0,0.0,0.0,0.0,0.0,0.0,0.0
349,560,Maclura',0,0,0,0,0,0,0,0.0,0.0,0.0,0.0,0.0,0.0,0.0,0.0
349,560,Magnolia',0,0,0,0,0,0,0,0.0,0.0,0.0,0.0,0.0,0.0,0.0,0.0
349,560,Malus',0,0,0,0,0,0,0,0.0,0.0,0.0,0.0,0.0,0.0,0.0,0.0
349,560,Morus',0,0,0,0,0,0,0,0.0,0.0,0.0,0.0,0.0,0.0,0.0,0.0
349,560,Nyssa',0,0,0,0,0,0,0,0.0,0.0,0.0,0.0,0.0,0.0,0.0,0.0
349,560,Olneya',0,0,0,0,0,0,0,0.0,0.0,0.0,0.0,0.0,0.0,0.0,0.0
349,560,Ostrya',0,0,0,0,0,0,0,0.0,0.0,0.0,0.0,0.0,0.0,0.0,0.0
349,560,Oxydendron',0,0,0,0,0,0,0,0.0,0.0,0.0,0.0,0.0,0.0,0.0,0.0
349,560,Paulownia',0,0,0,0,0,0,0,0.0,0.0,0.0,0.0,0.0,0.0,0.0,0.0
349,560,Persea',0,0,0,0,0,0,0,0.0,0.0,0.0,0.0,0.0,0.0,0.0,0.0
349,560,Picea',0,34,80,18,6,0,0,49.9547004699707,21.367584228515625,137.63570322573185,5.364407958682484,6695.676939964891,60038.51383285266,0.016867353238216934,140.0451792859096
349,560,Pinus',0,674,883,170,29,10,4,103.22869110107422,33.872920989990234,1104.2410813744366,58.76782988986894,79587.59412470028,346893.5657794932,0.19281146878297706,780.1043569735215
349,560,Planera',0,0,0,0,0,0,0,0.0,0.0,0.0,0.0,0.0,0.0,0.0,0.0
349,560,Platanus',0,0,0,0,0,0,0,0.0,0.0,0.0,0.0,0.0,0.0,0.0,0.0
349,560,Populus',0,746,193,0,0,0,0,24.171817779541016,15.336791038513184,412.5734837283674,3.0064185711154794,2756.0638123158365,12445.585760997074,0.012063810804586394,40.621434601051845
349,560,Prosopis',0,0,0,0,0,0,0,0.0,0.0,0.0,0.0,0.0,0.0,0.0,0.0
349,560,Prunus',0,30,0,0,0,0,0,1.4800323247909546,2.3008718490600586,0.0,0.002502244554920963,3.4866094793379308,49.7082919863481,7.748020728467963e-06,0.11046286502809567
349,560,Pseudotsuga',0,0,0,0,0,0,0,0.0,0.0,0.0,0.0,0.0,0.0,0.0,0.0
349,560,Quercus',0,10,0,0,0,0,0,3.646256446838379,3.350870370864868,1.3583373537735093,0.010734391138538166,11.914010069668294,266.4053640039564,4.602959739975631e-05,1.029253087628038
349,560,Robinia',0,0,0,0,0,0,0,0.0,0.0,0.0,0.0,0.0,0.0,0.0,0.0
349,560,Salix',0,179,13,0,0,0,0,11.216903686523438,6.458032608032227,73.0479143258137,0.362673377026437,320.26851967453956,2341.108903280087,0.0017632731222214607,12.275049139889019
349,560,Sassafras',0,0,0,0,0,0,0,0.0,0.0,0.0,0.0,0.0,0.0,0.0,0.0
349,560,Sequoia',0,0,0,0,0,0,0,0.0,0.0,0.0,0.0,0.0,0.0,0.0,0.0
349,560,Sequoiadendron',0,0,0,0,0,0,0,0.0,0.0,0.0,0.0,0.0,0.0,0.0,0.0
349,560,Sorbus',0,0,0,0,0,0,0,0.0,0.0,0.0,0.0,0.0,0.0,0.0,0.0
349,560,Taxodium',0,0,0,0,0,0,0,0.0,0.0,0.0,0.0,0.0,0.0,0.0,0.0
349,560,Taxus',0,0,0,0,0,0,0,0.0,0.0,0.0,0.0,0.0,0.0,0.0,0.0
349,560,Thuja',0,83,208,144,79,0,0,60.58064270019531,18.247480392456055,522.3196024024486,38.40698896996174,34966.49321006179,160290.2549201313,0.08524793584489822,372.12949485117
349,560,Tilia',0,10,0,0,0,0,0,7.216989040374756,5.240214824676514,8.301532872115509,0.04172555717794442,33.962976408004764,759.4352396652041,0.0001949784558825204,4.359850815012582
349,560,Torreya',0,0,0,0,0,0,0,0.0,0.0,0.0,0.0,0.0,0.0,0.0,0.0
349,560,Tsuga',0,6,40,8,0,0,0,53.136837005615234,17.978317260742188,68.59564463973045,1.5754052832497927,1519.4120790803433,15576.543785126898,0.004367297208835679,40.657384359001554
349,560,Ulmus',0,10,49,3,0,0,0,46.49367904663086,15.37907600402832,41.134288456243794,2.0863632007453803,2229.226079441309,23113.165987954373,0.005545986582834274,54.33048340932476
349,560,Umbellularia',0,0,0,0,0,0,0,0.0,0.0,0.0,0.0,0.0,0.0,0.0,0.0
349,570,Abies',0,20,36,0,0,0,0,25.230302810668945,12.751030921936035,54.625568294525145,1.1779823245017516,1048.365229960978,12601.383872253387,0.0031187364405890284,34.82685087491586
349,570,Acer',0,481,99,6,0,0,0,28.05768585205078,16.40542984008789,286.2374260614897,2.428126112645289,3363.459484260604,21996.98917607106,0.011594901173335974,58.084196665844004
349,570,Aesculus',0,0,0,0,0,0,0,0.0,0.0,0.0,0.0,0.0,0.0,0.0,0.0
349,570,Ailanthus',0,0,0,0,0,0,0,0.0,0.0,0.0,0.0,0.0,0.0,0.0,0.0
349,570,Alnus',0,0,0,0,0,0,0,0.0,0.0,0.0,0.0,0.0,0.0,0.0,0.0
349,570,Amelanchier',0,0,0,0,0,0,0,0.0,0.0,0.0,0.0,0.0,0.0,0.0,0.0
349,570,Arbutus',0,0,0,0,0,0,0,0.0,0.0,0.0,0.0,0.0,0.0,0.0,0.0
349,570,Asimina',0,0,0,0,0,0,0,0.0,0.0,0.0,0.0,0.0,0.0,0.0,0.0
349,570,Betula',0,1354,487,4,0,0,0,31.054277420043945,13.999809265136719,914.5092872894497,11.181635388476254,13395.253221056833,39039.18189581819,0.0429320984787294,100.49924514569199
349,570,Calocedrus',0,0,0,0,0,0,0,0.0,0.0,0.0,0.0,0.0,0.0,0.0,0.0
349,570,Carpinus',0,0,0,0,0,0,0,0.0,0.0,0.0,0.0,0.0,0.0,0.0,0.0
349,570,Carya',0,0,0,0,0,0,0,0.0,0.0,0.0,0.0,0.0,0.0,0.0,0.0
349,570,Castanea',0,0,0,0,0,0,0,0.0,0.0,0.0,0.0,0.0,0.0,0.0,0.0
349,570,Catalpa',0,0,0,0,0,0,0,0.0,0.0,0.0,0.0,0.0,0.0,0.0,0.0
349,570,Celtis',0,0,0,0,0,0,0,0.0,0.0,0.0,0.0,0.0,0.0,0.0,0.0
349,570,Cercis',0,0,0,0,0,0,0,0.0,0.0,0.0,0.0,0.0,0.0,0.0,0.0
349,570,Cercocarpus',0,0,0,0,0,0,0,0.0,0.0,0.0,0.0,0.0,0.0,0.0,0.0
349,570,Chamaecyparis',0,0,0,0,0,0,0,0.0,0.0,0.0,0.0,0.0,0.0,0.0,0.0
349,570,Chilopsis',0,0,0,0,0,0,0,0.0,0.0,0.0,0.0,0.0,0.0,0.0,0.0
349,570,Chrysolepis',0,0,0,0,0,0,0,0.0,0.0,0.0,0.0,0.0,0.0,0.0,0.0
349,570,Cladrastis',0,0,0,0,0,0,0,0.0,0.0,0.0,0.0,0.0,0.0,0.0,0.0
349,570,Comus',0,0,0,0,0,0,0,0.0,0.0,0.0,0.0,0.0,0.0,0.0,0.0
349,570,Cornus',0,0,0,0,0,0,0,0.0,0.0,0.0,0.0,0.0,0.0,0.0,0.0
349,570,Crataegus',0,0,0,0,0,0,0,0.0,0.0,0.0,0.0,0.0,0.0,0.0,0.0
349,570,Cupressus',0,0,0,0,0,0,0,0.0,0.0,0.0,0.0,0.0,0.0,0.0,0.0
349,570,Diospyros',0,0,0,0,0,0,0,0.0,0.0,0.0,0.0,0.0,0.0,0.0,0.0
349,570,Elaeagnus',0,33,20,0,0,0,0,10.421849250793457,5.138938903808594,21.780452833428413,0.18358314078362628,175.67115148991346,2470.1242924682883,0.0007039220518441882,9.438858877554111
349,570,Fagus',0,0,0,0,0,0,0,0.0,0.0,0.0,0.0,0.0,0.0,0.0,0.0
349,570,Fraxinus',0,139,20,0,0,0,0,24.773649215698242,10.846474647521973,56.638086269833614,0.8945620632530806,1087.1391820487381,13996.892858408564,0.003231201575171196,34.38707983231609
349,570,Gleditsia',0,0,0,0,0,0,0,0.0,0.0,0.0,0.0,0.0,0.0,0.0,0.0
349,570,Gordonia',0,0,0,0,0,0,0,0.0,0.0,0.0,0.0,0.0,0.0,0.0,0.0
349,570,Gymnocladus',0,0,0,0,0,0,0,0.0,0.0,0.0,0.0,0.0,0.0,0.0,0.0
349,570,Halesia',0,0,0,0,0,0,0,0.0,0.0,0.0,0.0,0.0,0.0,0.0,0.0
349,570,Ilex',0,0,0,0,0,0,0,0.0,0.0,0.0,0.0,0.0,0.0,0.0,0.0
349,570,Juglans',0,0,0,0,0,0,0,0.0,0.0,0.0,0.0,0.0,0.0,0.0,0.0
349,570,Juniperus',0,0,0,0,0,0,0,0.0,0.0,0.0,0.0,0.0,0.0,0.0,0.0
349,570,Larix',0,0,0,0,0,0,0,0.0,0.0,0.0,0.0,0.0,0.0,0.0,0.0
349,570,Liquidambar',0,0,0,0,0,0,0,0.0,0.0,0.0,0.0,0.0,0.0,0.0,0.0
349,570,Liriodendron',0,0,0,0,0,0,0,0.0,0.0,0.0,0.0,0.0,0.0,0.0,0.0
349,570,Lithocarpus',0,0,0,0,0,0,0,0.0,0.0,0.0,0.0,0.0,0.0,0.0,0.0
349,570,Maclura',0,0,0,0,0,0,0,0.0,0.0,0.0,0.0,0.0,0.0,0.0,0.0
349,570,Magnolia',0,0,0,0,0,0,0,0.0,0.0,0.0,0.0,0.0,0.0,0.0,0.0
349,570,Malus',0,0,0,0,0,0,0,0.0,0.0,0.0,0.0,0.0,0.0,0.0,0.0
349,570,Morus',0,0,0,0,0,0,0,0.0,0.0,0.0,0.0,0.0,0.0,0.0,0.0
349,570,Nyssa',0,0,0,0,0,0,0,0.0,0.0,0.0,0.0,0.0,0.0,0.0,0.0
349,570,Olneya',0,0,0,0,0,0,0,0.0,0.0,0.0,0.0,0.0,0.0,0.0,0.0
349,570,Ostrya',0,0,0,0,0,0,0,0.0,0.0,0.0,0.0,0.0,0.0,0.0,0.0
349,570,Oxydendron',0,0,0,0,0,0,0,0.0,0.0,0.0,0.0,0.0,0.0,0.0,0.0
349,570,Paulownia',0,0,0,0,0,0,0,0.0,0.0,0.0,0.0,0.0,0.0,0.0,0.0
349,570,Persea',0,0,0,0,0,0,0,0.0,0.0,0.0,0.0,0.0,0.0,0.0,0.0
349,570,Picea',0,55,82,18,6,0,0,52.3039665222168,21.73383140563965,140.23790013313294,6.204348226370083,7842.639325194061,67690.50434147016,0.019453745853282616,158.41036384437797
349,570,Pinus',0,829,850,175,36,0,4,104.80758666992188,33.94871520996094,1156.6991730324178,54.14680032100507,71463.8094855962,291694.9060311644,0.17551634363695814,656.8759999993372
349,570,Planera',0,0,0,0,0,0,0,0.0,0.0,0.0,0.0,0.0,0.0,0.0,0.0
349,570,Platanus',0,0,0,0,0,0,0,0.0,0.0,0.0,0.0,0.0,0.0,0.0,0.0
349,570,Populus',0,813,171,0,0,0,0,27.350738525390625,16.487794876098633,448.1613822244225,3.676044917926746,3459.5722728006913,16836.85559558098,0.0141394704923192,49.557095008468075
349,570,Prosopis',0,0,0,0,0,0,0,0.0,0.0,0.0,0.0,0.0,0.0,0.0,0.0
349,570,Prunus',0,20,0,0,0,0,0,2.3900249004364014,2.8691999912261963,3.55773478322014,0.00750128784488679,9.197224156558514,147.85207347068732,7.16538447327914e-05,1.1513333293043462
349,570,Pseudotsuga',0,0,0,0,0,0,0,0.0,0.0,0.0,0.0,0.0,0.0,0.0,0.0
349,570,Quercus',0,20,0,0,0,0,0,6.423121452331543,4.829983234405518,7.31538556563326,0.03523536996396899,46.85690104812384,957.6018333716069,0.00020943549141287787,4.17757306512492
349,570,Robinia',0,0,0,0,0,0,0,0.0,0.0,0.0,0.0,0.0,0.0,0.0,0.0
349,570,Salix',0,98,33,0,0,0,0,16.786785125732422,8.392437934875488,74.75171970651496,0.6107238056999347,495.1859806779027,4401.622346174767,0.002176505801914263,16.506161961793467
349,570,Sassafras',0,0,0,0,0,0,0,0.0,0.0,0.0,0.0,0.0,0.0,0.0,0.0
349,570,Sequoia',0,0,0,0,0,0,0,0.0,0.0,0.0,0.0,0.0,0.0,0.0,0.0
349,570,Sequoiadendron',0,0,0,0,0,0,0,0.0,0.0,0.0,0.0,0.0,0.0,0.0,0.0
349,570,Sorbus',0,0,0,0,0,0,0,0.0,0.0,0.0,0.0,0.0,0.0,0.0,0.0
349,570,Taxodium',0,0,0,0,0,0,0,0.0,0.0,0.0,0.0,0.0,0.0,0.0,0.0
349,570,Taxus',0,0,0,0,0,0,0,0.0,0.0,0.0,0.0,0.0,0.0,0.0,0.0
349,570,Thuja',0,130,227,107,62,0,0,60.691287994384766,18.257356643676758,488.0093917390704,31.831094044702567,28806.95255303234,141504.93165801305,0.07106447576046283,329.93500509147634
349,570,Tilia',0,0,0,0,0,0,0,0.0,0.0,0.0,0.0,0.0,0.0,0.0,0.0
349,570,Torreya',0,0,0,0,0,0,0,0.0,0.0,0.0,0.0,0.0,0.0,0.0,0.0
349,570,Tsuga',0,20,35,11,0,0,0,68.1121826171875,20.59284019470215,69.56673978149891,2.03990618152781,2015.4460140126944,19670.49719621541,0.005483621927525696,49.67632441958867
349,570,Ulmus',0,20,38,0,0,0,0,27.610197067260742,11.643147468566895,38.83258767048768,1.1815300102526696,1163.4470761173964,12315.220516747333,0.003144454561632128,30.73623499666408
349,570,Umbellularia',0,0,0,0,0,0,0,0.0,0.0,0.0,0.0,0.0,0.0,0.0,0.0
349,580,Abies',0,30,36,0,0,0,0,27.593936920166016,13.485486030578613,49.29266388952732,1.5534706188867435,1399.645631582141,16471.919091021955,0.003822328759492135,43.05926266336357
349,580,Acer',0,416,125,6,0,0,0,29.852584838867188,17.104764938354492,308.7350087109481,2.2181874736091585,3238.4483331141623,20511.898489504998,0.01164096379343351,55.79396981612027
349,580,Aesculus',0,0,0,0,0,0,0,0.0,0.0,0.0,0.0,0.0,0.0,0.0,0.0
349,580,Ailanthus',0,0,0,0,0,0,0,0.0,0.0,0.0,0.0,0.0,0.0,0.0,0.0
349,580,Alnus',0,0,0,0,0,0,0,0.0,0.0,0.0,0.0,0.0,0.0,0.0,0.0
349,580,Amelanchier',0,0,0,0,0,0,0,0.0,0.0,0.0,0.0,0.0,0.0,0.0,0.0
349,580,Arbutus',0,0,0,0,0,0,0,0.0,0.0,0.0,0.0,0.0,0.0,0.0,0.0
349,580,Asimina',0,0,0,0,0,0,0,0.0,0.0,0.0,0.0,0.0,0.0,0.0,0.0
349,580,Betula',0,1274,420,11,0,0,0,34.314109802246094,14.669576644897461,918.2170429799846,10.801688789593225,13092.599112629741,39329.933972210485,0.04231290898338331,102.56446716535748
349,580,Calocedrus',0,0,0,0,0,0,0,0.0,0.0,0.0,0.0,0.0,0.0,0.0,0.0
349,580,Carpinus',0,0,0,0,0,0,0,0.0,0.0,0.0,0.0,0.0,0.0,0.0,0.0
349,580,Carya',0,0,0,0,0,0,0,0.0,0.0,0.0,0.0,0.0,0.0,0.0,0.0
349,580,Castanea',0,0,0,0,0,0,0,0.0,0.0,0.0,0.0,0.0,0.0,0.0,0.0
349,580,Catalpa',0,0,0,0,0,0,0,0.0,0.0,0.0,0.0,0.0,0.0,0.0,0.0
349,580,Celtis',0,0,0,0,0,0,0,0.0,0.0,0.0,0.0,0.0,0.0,0.0,0.0
349,580,Cercis',0,0,0,0,0,0,0,0.0,0.0,0.0,0.0,0.0,0.0,0.0,0.0
349,580,Cercocarpus',0,0,0,0,0,0,0,0.0,0.0,0.0,0.0,0.0,0.0,0.0,0.0
349,580,Chamaecyparis',0,0,0,0,0,0,0,0.0,0.0,0.0,0.0,0.0,0.0,0.0,0.0
349,580,Chilopsis',0,0,0,0,0,0,0,0.0,0.0,0.0,0.0,0.0,0.0,0.0,0.0
349,580,Chrysolepis',0,0,0,0,0,0,0,0.0,0.0,0.0,0.0,0.0,0.0,0.0,0.0
349,580,Cladrastis',0,0,0,0,0,0,0,0.0,0.0,0.0,0.0,0.0,0.0,0.0,0.0
349,580,Comus',0,0,0,0,0,0,0,0.0,0.0,0.0,0.0,0.0,0.0,0.0,0.0
349,580,Cornus',0,0,0,0,0,0,0,0.0,0.0,0.0,0.0,0.0,0.0,0.0,0.0
349,580,Crataegus',0,0,0,0,0,0,0,0.0,0.0,0.0,0.0,0.0,0.0,0.0,0.0
349,580,Cupressus',0,0,0,0,0,0,0,0.0,0.0,0.0,0.0,0.0,0.0,0.0,0.0
349,580,Diospyros',0,0,0,0,0,0,0,0.0,0.0,0.0,0.0,0.0,0.0,0.0,0.0
349,580,Elaeagnus',0,72,10,0,0,0,0,14.996100425720215,6.148138046264648,27.223122244158496,0.30405212264302967,280.253224453181,3602.0477298121978,0.0010146768959849136,10.781643364495665
349,580,Fagus',0,0,0,0,0,0,0,0.0,0.0,0.0,0.0,0.0,0.0,0.0,0.0
349,580,Fraxinus',0,123,40,0,0,0,0,26.662094116210938,11.382381439208984,77.08611318723688,1.240484120718799,1497.836329085827,17649.025405160894,0.0044382227733151544,42.60926624838998
349,580,Gleditsia',0,0,0,0,0,0,0,0.0,0.0,0.0,0.0,0.0,0.0,0.0,0.0
349,580,Gordonia',0,0,0,0,0,0,0,0.0,0.0,0.0,0.0,0.0,0.0,0.0,0.0
349,580,Gymnocladus',0,0,0,0,0,0,0,0.0,0.0,0.0,0.0,0.0,0.0,0.0,0.0
349,580,Halesia',0,0,0,0,0,0,0,0.0,0.0,0.0,0.0,0.0,0.0,0.0,0.0
349,580,Ilex',0,0,0,0,0,0,0,0.0,0.0,0.0,0.0,0.0,0.0,0.0,0.0
349,580,Juglans',0,0,0,0,0,0,0,0.0,0.0,0.0,0.0,0.0,0.0,0.0,0.0
349,580,Juniperus',0,0,0,0,0,0,0,0.0,0.0,0.0,0.0,0.0,0.0,0.0,0.0
349,580,Larix',0,0,0,0,0,0,0,0.0,0.0,0.0,0.0,0.0,0.0,0.0,0.0
349,580,Liquidambar',0,0,0,0,0,0,0,0.0,0.0,0.0,0.0,0.0,0.0,0.0,0.0
349,580,Liriodendron',0,0,0,0,0,0,0,0.0,0.0,0.0,0.0,0.0,0.0,0.0,0.0
349,580,Lithocarpus',0,0,0,0,0,0,0,0.0,0.0,0.0,0.0,0.0,0.0,0.0,0.0
349,580,Maclura',0,0,0,0,0,0,0,0.0,0.0,0.0,0.0,0.0,0.0,0.0,0.0
349,580,Magnolia',0,0,0,0,0,0,0,0.0,0.0,0.0,0.0,0.0,0.0,0.0,0.0
349,580,Malus',0,0,0,0,0,0,0,0.0,0.0,0.0,0.0,0.0,0.0,0.0,0.0
349,580,Morus',0,0,0,0,0,0,0,0.0,0.0,0.0,0.0,0.0,0.0,0.0,0.0
349,580,Nyssa',0,0,0,0,0,0,0,0.0,0.0,0.0,0.0,0.0,0.0,0.0,0.0
349,580,Olneya',0,0,0,0,0,0,0,0.0,0.0,0.0,0.0,0.0,0.0,0.0,0.0
349,580,Ostrya',0,0,0,0,0,0,0,0.0,0.0,0.0,0.0,0.0,0.0,0.0,0.0
349,580,Oxydendron',0,0,0,0,0,0,0,0.0,0.0,0.0,0.0,0.0,0.0,0.0,0.0
349,580,Paulownia',0,0,0,0,0,0,0,0.0,0.0,0.0,0.0,0.0,0.0,0.0,0.0
349,580,Persea',0,0,0,0,0,0,0,0.0,0.0,0.0,0.0,0.0,0.0,0.0,0.0
349,580,Picea',0,73,75,26,6,0,0,54.47407913208008,21.404682159423828,133.17130044952034,5.721354912743555,7106.951223242432,64148.911475573914,0.01771680997227078,150.11138889785633
349,580,Pinus',0,665,877,188,29,0,4,106.4036865234375,34.02186584472656,1190.8414220510422,52.23904624968107,67510.36858631835,262479.4130762984,0.16722408414736709,593.9237953896121
349,580,Planera',0,0,0,0,0,0,0,0.0,0.0,0.0,0.0,0.0,0.0,0.0,0.0
349,580,Platanus',0,10,0,0,0,0,0,1.3489506244659424,1.7023041248321533,1.3999384368145011,0.0014577470128592784,5.75361919105053,128.65483627836176,3.293871159665301e-05,0.7365319822137772
349,580,Populus',0,752,132,8,0,0,0,30.577163696289062,17.5399112701416,384.95687369988116,3.537511971559749,3339.969136914313,20867.81161754945,0.012963821729939094,55.550727735499194
349,580,Prosopis',0,0,0,0,0,0,0,0.0,0.0,0.0,0.0,0.0,0.0,0.0,0.0
349,580,Prunus',0,20,0,0,0,0,0,5.051278114318848,4.3472466468811035,11.119896365871911,0.028152945391113134,34.91354384660721,592.6982921786038,0.00023766273786220667,4.09125416271511
349,580,Pseudotsuga',0,0,0,0,0,0,0,0.0,0.0,0.0,0.0,0.0,0.0,0.0,0.0
349,580,Quercus',0,0,10,0,0,0,0,9.319682121276855,6.300511837005615,8.989101984078369,0.07012698946276114,87.6491362118721,1959.8942673888635,0.0003241789649575937,7.24886202520697
349,580,Robinia',0,0,0,0,0,0,0,0.0,0.0,0.0,0.0,0.0,0.0,0.0,0.0
349,580,Salix',0,162,35,0,0,0,0,22.815725326538086,10.122641563415527,83.89875134571065,0.6141896890657914,525.3110779228807,4756.679218259594,0.002375127076975771,17.216879076546274
349,580,Sassafras',0,0,0,0,0,0,0,0.0,0.0,0.0,0.0,0.0,0.0,0.0,0.0
349,580,Sequoia',0,0,0,0,0,0,0,0.0,0.0,0.0,0.0,0.0,0.0,0.0,0.0
349,580,Sequoiadendron',0,0,0,0,0,0,0,0.0,0.0,0.0,0.0,0.0,0.0,0.0,0.0
349,580,Sorbus',0,0,0,0,0,0,0,0.0,0.0,0.0,0.0,0.0,0.0,0.0,0.0
349,580,Taxodium',0,0,0,0,0,0,0,0.0,0.0,0.0,0.0,0.0,0.0,0.0,0.0
349,580,Taxus',0,0,0,0,0,0,0,0.0,0.0,0.0,0.0,0.0,0.0,0.0,0.0
349,580,Thuja',0,96,283,112,48,0,0,61.0,18.284727096557617,473.4472799322009,33.959612695907154,30409.846377616228,149364.00287092026,0.07441611851299904,346.99105009149594
349,580,Tilia',0,0,0,0,0,0,0,0.0,0.0,0.0,0.0,0.0,0.0,0.0,0.0
349,580,Torreya',0,0,0,0,0,0,0,0.0,0.0,0.0,0.0,0.0,0.0,0.0,0.0
349,580,Tsuga',0,10,45,0,0,0,0,82.7159194946289,22.593812942504883,58.84440308213234,1.6614298973797639,1664.4563425576687,17681.096620569973,0.004548766638428587,45.575422165536814
349,580,Ulmus',0,40,23,0,0,0,0,25.901594161987305,10.048407554626465,35.63147054584343,0.5953975600950477,600.0600255081058,9207.244247750728,0.0018464015300907253,22.882031812411793
349,580,Umbellularia',0,0,0,0,0,0,0,0.0,0.0,0.0,0.0,0.0,0.0,0.0,0.0
349,590,Abies',0,38,10,10,0,0,0,29.666730880737305,14.093234062194824,26.33870424747467,1.2208013130682565,1118.712543644309,17407.158844399084,0.002866475860810674,41.52467394003579
349,590,Acer',0,372,96,6,0,0,0,31.613609313964844,17.766077041625977,261.7115475718356,2.214954148114418,3245.5283128246665,23220.114753976384,0.010979768188647928,60.2815503927481
349,590,Aesculus',0,0,0,0,0,0,0,0.0,0.0,0.0,0.0,0.0,0.0,0.0,0.0
349,590,Ailanthus',0,0,0,0,0,0,0,0.0,0.0,0.0,0.0,0.0,0.0,0.0,0.0
349,590,Alnus',0,0,0,0,0,0,0,0.0,0.0,0.0,0.0,0.0,0.0,0.0,0.0
349,590,Amelanchier',0,0,0,0,0,0,0,0.0,0.0,0.0,0.0,0.0,0.0,0.0,0.0
349,590,Arbutus',0,0,0,0,0,0,0,0.0,0.0,0.0,0.0,0.0,0.0,0.0,0.0
349,590,Asimina',0,0,0,0,0,0,0,0.0,0.0,0.0,0.0,0.0,0.0,0.0,0.0
349,590,Betula',0,1397,468,14,0,0,0,40.566123962402344,15.327746391296387,965.9277772542702,10.815934362739675,13142.57833035484,39311.70683832486,0.04311079643033618,101.26444877543166
349,590,Calocedrus',0,0,0,0,0,0,0,0.0,0.0,0.0,0.0,0.0,0.0,0.0,0.0
349,590,Carpinus',0,0,0,0,0,0,0,0.0,0.0,0.0,0.0,0.0,0.0,0.0,0.0
349,590,Carya',0,0,0,0,0,0,0,0.0,0.0,0.0,0.0,0.0,0.0,0.0,0.0
349,590,Castanea',0,0,0,0,0,0,0,0.0,0.0,0.0,0.0,0.0,0.0,0.0,0.0
349,590,Catalpa',0,0,0,0,0,0,0,0.0,0.0,0.0,0.0,0.0,0.0,0.0,0.0
349,590,Celtis',0,0,0,0,0,0,0,0.0,0.0,0.0,0.0,0.0,0.0,0.0,0.0
349,590,Cercis',0,0,0,0,0,0,0,0.0,0.0,0.0,0.0,0.0,0.0,0.0,0.0
349,590,Cercocarpus',0,0,0,0,0,0,0,0.0,0.0,0.0,0.0,0.0,0.0,0.0,0.0
349,590,Chamaecyparis',0,0,0,0,0,0,0,0.0,0.0,0.0,0.0,0.0,0.0,0.0,0.0
349,590,Chilopsis',0,0,0,0,0,0,0,0.0,0.0,0.0,0.0,0.0,0.0,0.0,0.0
349,590,Chrysolepis',0,0,0,0,0,0,0,0.0,0.0,0.0,0.0,0.0,0.0,0.0,0.0
349,590,Cladrastis',0,0,0,0,0,0,0,0.0,0.0,0.0,0.0,0.0,0.0,0.0,0.0
349,590,Comus',0,0,0,0,0,0,0,0.0,0.0,0.0,0.0,0.0,0.0,0.0,0.0
349,590,Cornus',0,0,0,0,0,0,0,0.0,0.0,0.0,0.0,0.0,0.0,0.0,0.0
349,590,Crataegus',0,0,0,0,0,0,0,0.0,0.0,0.0,0.0,0.0,0.0,0.0,0.0
349,590,Cupressus',0,0,0,0,0,0,0,0.0,0.0,0.0,0.0,0.0,0.0,0.0,0.0
349,590,Diospyros',0,0,0,0,0,0,0,0.0,0.0,0.0,0.0,0.0,0.0,0.0,0.0
349,590,Elaeagnus',0,99,10,0,0,0,0,13.50849437713623,5.852835655212402,34.477250661370874,0.24708586408140518,250.20240534335375,3007.5587968403174,0.0010523245294918324,10.526929309047093
349,590,Fagus',0,0,0,0,0,0,0,0.0,0.0,0.0,0.0,0.0,0.0,0.0,0.0
349,590,Fraxinus',0,160,30,0,0,0,0,13.77679443359375,7.2414045333862305,82.57353319090943,0.5836289250909835,669.4351905880868,5307.614556031547,0.002676325667416213,18.557791923042725
349,590,Gleditsia',0,0,0,0,0,0,0,0.0,0.0,0.0,0.0,0.0,0.0,0.0,0.0
349,590,Gordonia',0,0,0,0,0,0,0,0.0,0.0,0.0,0.0,0.0,0.0,0.0,0.0
349,590,Gymnocladus',0,0,0,0,0,0,0,0.0,0.0,0.0,0.0,0.0,0.0,0.0,0.0
349,590,Halesia',0,0,0,0,0,0,0,0.0,0.0,0.0,0.0,0.0,0.0,0.0,0.0
349,590,Ilex',0,0,0,0,0,0,0,0.0,0.0,0.0,0.0,0.0,0.0,0.0,0.0
349,590,Juglans',0,0,0,0,0,0,0,0.0,0.0,0.0,0.0,0.0,0.0,0.0,0.0
349,590,Juniperus',0,0,0,0,0,0,0,0.0,0.0,0.0,0.0,0.0,0.0,0.0,0.0
349,590,Larix',0,0,0,0,0,0,0,0.0,0.0,0.0,0.0,0.0,0.0,0.0,0.0
349,590,Liquidambar',0,0,0,0,0,0,0,0.0,0.0,0.0,0.0,0.0,0.0,0.0,0.0
349,590,Liriodendron',0,0,0,0,0,0,0,0.0,0.0,0.0,0.0,0.0,0.0,0.0,0.0
349,590,Lithocarpus',0,0,0,0,0,0,0,0.0,0.0,0.0,0.0,0.0,0.0,0.0,0.0
349,590,Maclura',0,0,0,0,0,0,0,0.0,0.0,0.0,0.0,0.0,0.0,0.0,0.0
349,590,Magnolia',0,0,0,0,0,0,0,0.0,0.0,0.0,0.0,0.0,0.0,0.0,0.0
349,590,Malus',0,0,0,0,0,0,0,0.0,0.0,0.0,0.0,0.0,0.0,0.0,0.0
349,590,Morus',0,0,0,0,0,0,0,0.0,0.0,0.0,0.0,0.0,0.0,0.0,0.0
349,590,Nyssa',0,0,0,0,0,0,0,0.0,0.0,0.0,0.0,0.0,0.0,0.0,0.0
349,590,Olneya',0,0,0,0,0,0,0,0.0,0.0,0.0,0.0,0.0,0.0,0.0,0.0
349,590,Ostrya',0,10,0,0,0,0,0,1.5572136640548706,2.646239995956421,0.8321860097820245,0.001942613778889537,3.731093890964985,83.42979570631852,2.0271099417004732e-05,0.4532755627507978
349,590,Oxydendron',0,0,0,0,0,0,0,0.0,0.0,0.0,0.0,0.0,0.0,0.0,0.0
349,590,Paulownia',0,0,0,0,0,0,0,0.0,0.0,0.0,0.0,0.0,0.0,0.0,0.0
349,590,Persea',0,0,0,0,0,0,0,0.0,0.0,0.0,0.0,0.0,0.0,0.0,0.0
349,590,Picea',0,83,71,35,8,0,0,56.41579055786133,22.73130226135254,185.49393283501266,6.7260551450198705,8516.22490513608,71689.41141886204,0.021604301139056287,167.99804789812342
349,590,Pinus',0,662,889,183,49,0,4,108.13616943359375,34.097503662109375,1189.6635950087011,52.66700592435484,68429.03354617342,270679.08324771316,0.1692485489181637,610.7843957033529
349,590,Planera',0,0,0,0,0,0,0,0.0,0.0,0.0,0.0,0.0,0.0,0.0,0.0
349,590,Platanus',0,0,0,0,0,0,0,0.0,0.0,0.0,0.0,0.0,0.0,0.0,0.0
349,590,Populus',0,809,98,10,0,0,0,28.507322311401367,11.884927749633789,406.0217365168058,2.665757933311281,2445.9010141626372,13758.92570479535,0.011280244035677707,42.11618804935385
349,590,Prosopis',0,0,0,0,0,0,0,0.0,0.0,0.0,0.0,0.0,0.0,0.0,0.0
349,590,Prunus',0,0,10,0,0,0,0,8.157184600830078,5.557852268218994,11.398160804676102,0.053723410800426814,63.93827681541443,1429.7033332346316,0.0003061679174080505,6.846122758539365
349,590,Pseudotsuga',0,0,0,0,0,0,0,0.0,0.0,0.0,0.0,0.0,0.0,0.0,0.0
349,590,Quercus',0,0,10,0,0,0,0,11.665277481079102,7.439594745635986,10.148746077018446,0.10986848692605103,136.98507395744323,3063.079372716788,0.0004505081187933683,10.07366778037515
349,590,Robinia',0,0,0,0,0,0,0,0.0,0.0,0.0,0.0,0.0,0.0,0.0,0.0
349,590,Salix',0,127,22,0,0,0,0,17.117971420288086,8.496661186218262,64.98366499166416,0.4899104569119351,417.01428907997905,4553.370381466157,0.0018621743654289667,16.530156407897994
349,590,Sassafras',0,0,0,0,0,0,0,0.0,0.0,0.0,0.0,0.0,0.0,0.0,0.0
349,590,Sequoia',0,0,0,0,0,0,0,0.0,0.0,0.0,0.0,0.0,0.0,0.0,0.0
349,590,Sequoiadendron',0,0,0,0,0,0,0,0.0,0.0,0.0,0.0,0.0,0.0,0.0,0.0
349,590,Sorbus',0,0,0,0,0,0,0,0.0,0.0,0.0,0.0,0.0,0.0,0.0,0.0
349,590,Taxodium',0,0,0,0,0,0,0,0.0,0.0,0.0,0.0,0.0,0.0,0.0,0.0
349,590,Taxus',0,0,0,0,0,0,0,0.0,0.0,0.0,0.0,0.0,0.0,0.0,0.0
349,590,Thuja',0,139,292,105,40,0,0,58.35430908203125,18.0410213470459,405.0195307292044,29.906369084777683,26072.20312168971,128955.35406698809,0.06378851206102594,299.91086839754223
349,590,Tilia',0,0,0,0,0,0,0,0.0,0.0,0.0,0.0,0.0,0.0,0.0,0.0
349,590,Torreya',0,0,0,0,0,0,0,0.0,0.0,0.0,0.0,0.0,0.0,0.0,0.0
349,590,Tsuga',0,0,43,0,0,0,0,96.06053924560547,24.047683715820312,66.05617077350617,1.310256833132836,1440.613727288246,16479.477912822527,0.004155508481661471,43.74597107103044
349,590,Ulmus',0,61,10,7,0,0,0,28.408180236816406,10.766030311584473,32.39993774273161,0.6306968230728314,659.3767126633227,11375.87435979885,0.0019316967337415583,27.629040979995693
349,590,Umbellularia',0,0,0,0,0,0,0,0.0,0.0,0.0,0.0,0.0,0.0,0.0,0.0
349,600,Abies',0,49,10,0,0,0,0,26.709135055541992,13.215853691101074,16.949098820090292,0.6698832657042152,586.7052047008276,11501.237763160107,0.0015486096747695309,27.713446562064476
349,600,Acer',0,446,124,0,0,0,0,26.268320083618164,15.833681106567383,296.7529657987076,1.7880594850445193,2545.077824189924,12221.933366807105,0.00992765234434777,40.90041658719287
349,600,Aesculus',0,0,0,0,0,0,0,0.0,0.0,0.0,0.0,0.0,0.0,0.0,0.0
349,600,Ailanthus',0,0,0,0,0,0,0,0.0,0.0,0.0,0.0,0.0,0.0,0.0,0.0
349,600,Alnus',0,10,0,0,0,0,0,5.854637622833252,5.454529285430908,10.02601471882832,0.02767470718911381,40.16349621295929,898.0830774623195,0.00023358226316049692,5.2230581876512
349,600,Amelanchier',0,0,0,0,0,0,0,0.0,0.0,0.0,0.0,0.0,0.0,0.0,0.0
349,600,Arbutus',0,0,0,0,0,0,0,0.0,0.0,0.0,0.0,0.0,0.0,0.0,0.0
349,600,Asimina',0,0,0,0,0,0,0,0.0,0.0,0.0,0.0,0.0,0.0,0.0,0.0
349,600,Betula',0,1315,453,18,0,0,0,47.10114288330078,15.956254959106445,928.5066537621512,10.779146351936667,13030.916990350559,38780.10354205769,0.042323962299616914,100.6045342032627
349,600,Calocedrus',0,0,0,0,0,0,0,0.0,0.0,0.0,0.0,0.0,0.0,0.0,0.0
349,600,Carpinus',0,0,0,0,0,0,0,0.0,0.0,0.0,0.0,0.0,0.0,0.0,0.0
349,600,Carya',0,0,0,0,0,0,0,0.0,0.0,0.0,0.0,0.0,0.0,0.0,0.0
349,600,Castanea',0,0,0,0,0,0,0,0.0,0.0,0.0,0.0,0.0,0.0,0.0,0.0
349,600,Catalpa',0,0,0,0,0,0,0,0.0,0.0,0.0,0.0,0.0,0.0,0.0,0.0
349,600,Celtis',0,0,0,0,0,0,0,0.0,0.0,0.0,0.0,0.0,0.0,0.0,0.0
349,600,Cercis',0,0,0,0,0,0,0,0.0,0.0,0.0,0.0,0.0,0.0,0.0,0.0
349,600,Cercocarpus',0,0,0,0,0,0,0,0.0,0.0,0.0,0.0,0.0,0.0,0.0,0.0
349,600,Chamaecyparis',0,0,0,0,0,0,0,0.0,0.0,0.0,0.0,0.0,0.0,0.0,0.0
349,600,Chilopsis',0,0,0,0,0,0,0,0.0,0.0,0.0,0.0,0.0,0.0,0.0,0.0
349,600,Chrysolepis',0,0,0,0,0,0,0,0.0,0.0,0.0,0.0,0.0,0.0,0.0,0.0
349,600,Cladrastis',0,0,0,0,0,0,0,0.0,0.0,0.0,0.0,0.0,0.0,0.0,0.0
349,600,Comus',0,0,0,0,0,0,0,0.0,0.0,0.0,0.0,0.0,0.0,0.0,0.0
349,600,Cornus',0,0,0,0,0,0,0,0.0,0.0,0.0,0.0,0.0,0.0,0.0,0.0
349,600,Crataegus',0,0,0,0,0,0,0,0.0,0.0,0.0,0.0,0.0,0.0,0.0,0.0
349,600,Cupressus',0,0,0,0,0,0,0,0.0,0.0,0.0,0.0,0.0,0.0,0.0,0.0
349,600,Diospyros',0,0,0,0,0,0,0,0.0,0.0,0.0,0.0,0.0,0.0,0.0,0.0
349,600,Elaeagnus',0,87,16,0,0,0,0,9.436897277832031,4.87865686416626,40.09776681614449,0.1862155718093922,207.39094781905413,1998.613295695332,0.0010380983913152013,9.554062258203281
349,600,Fagus',0,0,0,0,0,0,0,0.0,0.0,0.0,0.0,0.0,0.0,0.0,0.0
349,600,Fraxinus',0,109,40,0,0,0,0,15.681602478027344,7.929984092712402,67.38428207597683,0.5369714621059118,622.0551659356803,5884.796464900278,0.0023523789866387416,18.7474118407606
349,600,Gleditsia',0,0,0,0,0,0,0,0.0,0.0,0.0,0.0,0.0,0.0,0.0,0.0
349,600,Gordonia',0,0,0,0,0,0,0,0.0,0.0,0.0,0.0,0.0,0.0,0.0,0.0
349,600,Gymnocladus',0,0,0,0,0,0,0,0.0,0.0,0.0,0.0,0.0,0.0,0.0,0.0
349,600,Halesia',0,0,0,0,0,0,0,0.0,0.0,0.0,0.0,0.0,0.0,0.0,0.0
349,600,Ilex',0,0,0,0,0,0,0,0.0,0.0,0.0,0.0,0.0,0.0,0.0,0.0
349,600,Juglans',0,0,0,0,0,0,0,0.0,0.0,0.0,0.0,0.0,0.0,0.0,0.0
349,600,Juniperus',0,0,0,0,0,0,0,0.0,0.0,0.0,0.0,0.0,0.0,0.0,0.0
349,600,Larix',0,0,0,0,0,0,0,0.0,0.0,0.0,0.0,0.0,0.0,0.0,0.0
349,600,Liquidambar',0,0,0,0,0,0,0,0.0,0.0,0.0,0.0,0.0,0.0,0.0,0.0
349,600,Liriodendron',0,0,0,0,0,0,0,0.0,0.0,0.0,0.0,0.0,0.0,0.0,0.0
349,600,Lithocarpus',0,0,0,0,0,0,0,0.0,0.0,0.0,0.0,0.0,0.0,0.0,0.0
349,600,Maclura',0,0,0,0,0,0,0,0.0,0.0,0.0,0.0,0.0,0.0,0.0,0.0
349,600,Magnolia',0,0,0,0,0,0,0,0.0,0.0,0.0,0.0,0.0,0.0,0.0,0.0
349,600,Malus',0,0,0,0,0,0,0,0.0,0.0,0.0,0.0,0.0,0.0,0.0,0.0
349,600,Morus',0,0,0,0,0,0,0,0.0,0.0,0.0,0.0,0.0,0.0,0.0,0.0
349,600,Nyssa',0,0,0,0,0,0,0,0.0,0.0,0.0,0.0,0.0,0.0,0.0,0.0
349,600,Olneya',0,0,0,0,0,0,0,0.0,0.0,0.0,0.0,0.0,0.0,0.0,0.0
349,600,Ostrya',0,0,0,0,0,0,0,0.0,0.0,0.0,0.0,0.0,0.0,0.0,0.0
349,600,Oxydendron',0,0,0,0,0,0,0,0.0,0.0,0.0,0.0,0.0,0.0,0.0,0.0
349,600,Paulownia',0,0,0,0,0,0,0,0.0,0.0,0.0,0.0,0.0,0.0,0.0,0.0
349,600,Persea',0,0,0,0,0,0,0,0.0,0.0,0.0,0.0,0.0,0.0,0.0,0.0
349,600,Picea',0,11,138,35,8,0,0,58.77145767211914,23.810033798217773,181.70077161312102,8.086401046600153,10180.697174479961,80347.10701263287,0.02524833835150392,186.23205140208927
349,600,Pinus',0,751,795,192,28,0,4,109.8831787109375,34.17000198364258,1147.8725661035626,50.29939632683757,64558.89736088388,253325.9193784707,0.160044598284668,571.8905975064213
349,600,Planera',0,0,0,0,0,0,0,0.0,0.0,0.0,0.0,0.0,0.0,0.0,0.0
349,600,Platanus',0,0,0,0,0,0,0,0.0,0.0,0.0,0.0,0.0,0.0,0.0,0.0
349,600,Populus',0,917,113,10,0,0,0,31.93671417236328,12.943381309509277,459.62444215016785,3.511907325443011,3253.918625564389,18601.62959368894,0.013847479471235723,52.06470892913135
349,600,Prosopis',0,0,0,0,0,0,0,0.0,0.0,0.0,0.0,0.0,0.0,0.0,0.0
349,600,Prunus',0,0,10,0,0,0,0,12.458881378173828,6.7486891746521,9.675286521640004,0.12532597668734027,118.72463139295579,2654.763463982509,0.0004031136405467987,9.013895029200567
349,600,Pseudotsuga',0,0,0,0,0,0,0,0.0,0.0,0.0,0.0,0.0,0.0,0.0,0.0
349,600,Quercus',0,10,10,0,0,0,0,13.987265586853027,8.523523330688477,11.062907093687901,0.16189637341115007,207.2207598400116,4500.959407836986,0.0006197473053038147,13.56205007464397
349,600,Robinia',0,0,0,0,0,0,0,0.0,0.0,0.0,0.0,0.0,0.0,0.0,0.0
349,600,Salix',0,166,20,0,0,0,0,15.944705963134766,8.122261047363281,48.764047847376965,0.39517153662250454,323.4981717799604,3607.7506174236983,0.0014208703901341648,12.458467110460203
349,600,Sassafras',0,0,0,0,0,0,0,0.0,0.0,0.0,0.0,0.0,0.0,0.0,0.0
349,600,Sequoia',0,0,0,0,0,0,0,0.0,0.0,0.0,0.0,0.0,0.0,0.0,0.0
349,600,Sequoiadendron',0,0,0,0,0,0,0,0.0,0.0,0.0,0.0,0.0,0.0,0.0,0.0
349,600,Sorbus',0,0,0,0,0,0,0,0.0,0.0,0.0,0.0,0.0,0.0,0.0,0.0
349,600,Taxodium',0,0,0,0,0,0,0,0.0,0.0,0.0,0.0,0.0,0.0,0.0,0.0
349,600,Taxus',0,0,0,0,0,0,0,0.0,0.0,0.0,0.0,0.0,0.0,0.0,0.0
349,600,Thuja',0,158,243,101,51,0,0,60.52327346801758,18.242345809936523,435.9220276849717,30.75375475865886,27322.94471081339,139917.0866032698,0.067014306331307,325.38172532237024
349,600,Tilia',0,0,0,0,0,0,0,0.0,0.0,0.0,0.0,0.0,0.0,0.0,0.0
349,600,Torreya',0,0,0,0,0,0,0,0.0,0.0,0.0,0.0,0.0,0.0,0.0,0.0
349,600,Tsuga',0,0,37,5,0,0,0,108.45645904541016,25.141250610351562,61.95578947544097,1.7741376818441261,1929.5468381738663,21240.030986660968,0.005182798756192134,54.32277375695077
349,600,Ulmus',0,56,15,0,0,0,0,9.027910232543945,4.758819103240967,41.78691215483071,0.18385668903404698,207.48216661661863,1886.018507193769,0.001062617299079896,9.348912143109189
349,600,Umbellularia',0,0,0,0,0,0,0,0.0,0.0,0.0,0.0,0.0,0.0,0.0,0.0
349,610,Abies',0,47,11,10,0,0,0,29.025440216064453,13.908714294433594,37.22196903139353,0.830556808571218,778.3319233641029,14307.170183223496,0.002267277167587928,35.883730029497364
349,610,Acer',0,446,117,1,0,0,0,30.217517852783203,17.404617309570312,293.92450109418905,2.0906281861742215,2936.8064280579238,14631.952687764147,0.010757442987392205,45.26323937114035
349,610,Aesculus',0,0,0,0,0,0,0,0.0,0.0,0.0,0.0,0.0,0.0,0.0,0.0
349,610,Ailanthus',0,0,0,0,0,0,0,0.0,0.0,0.0,0.0,0.0,0.0,0.0,0.0
349,610,Alnus',0,10,0,0,0,0,0,3.9778892993927,3.688210964202881,4.9079272754584675,0.012676385532107093,16.541811668872832,369.8861536259932,0.00010741192144341765,2.4018035794135058
349,610,Amelanchier',0,0,0,0,0,0,0,0.0,0.0,0.0,0.0,0.0,0.0,0.0,0.0
349,610,Arbutus',0,0,0,0,0,0,0,0.0,0.0,0.0,0.0,0.0,0.0,0.0,0.0
349,610,Asimina',0,0,0,0,0,0,0,0.0,0.0,0.0,0.0,0.0,0.0,0.0,0.0
349,610,Betula',0,1036,604,15,0,0,0,40.199031829833984,16.529003143310547,898.0995857389053,12.241105782581153,14482.18117344968,42768.89110292363,0.04511126714458016,108.43851649154992
349,610,Calocedrus',0,0,0,0,0,0,0,0.0,0.0,0.0,0.0,0.0,0.0,0.0,0.0
349,610,Carpinus',0,0,0,0,0,0,0,0.0,0.0,0.0,0.0,0.0,0.0,0.0,0.0
349,610,Carya',0,0,0,0,0,0,0,0.0,0.0,0.0,0.0,0.0,0.0,0.0,0.0
349,610,Castanea',0,0,0,0,0,0,0,0.0,0.0,0.0,0.0,0.0,0.0,0.0,0.0
349,610,Catalpa',0,0,0,0,0,0,0,0.0,0.0,0.0,0.0,0.0,0.0,0.0,0.0
349,610,Celtis',0,0,0,0,0,0,0,0.0,0.0,0.0,0.0,0.0,0.0,0.0,0.0
349,610,Cercis',0,0,0,0,0,0,0,0.0,0.0,0.0,0.0,0.0,0.0,0.0,0.0
349,610,Cercocarpus',0,0,0,0,0,0,0,0.0,0.0,0.0,0.0,0.0,0.0,0.0,0.0
349,610,Chamaecyparis',0,0,0,0,0,0,0,0.0,0.0,0.0,0.0,0.0,0.0,0.0,0.0
349,610,Chilopsis',0,0,0,0,0,0,0,0.0,0.0,0.0,0.0,0.0,0.0,0.0,0.0
349,610,Chrysolepis',0,0,0,0,0,0,0,0.0,0.0,0.0,0.0,0.0,0.0,0.0,0.0
349,610,Cladrastis',0,0,0,0,0,0,0,0.0,0.0,0.0,0.0,0.0,0.0,0.0,0.0
349,610,Comus',0,0,0,0,0,0,0,0.0,0.0,0.0,0.0,0.0,0.0,0.0,0.0
349,610,Cornus',0,0,0,0,0,0,0,0.0,0.0,0.0,0.0,0.0,0.0,0.0,0.0
349,610,Crataegus',0,0,0,0,0,0,0,0.0,0.0,0.0,0.0,0.0,0.0,0.0,0.0
349,610,Cupressus',0,0,0,0,0,0,0,0.0,0.0,0.0,0.0,0.0,0.0,0.0,0.0
349,610,Diospyros',0,0,0,0,0,0,0,0.0,0.0,0.0,0.0,0.0,0.0,0.0,0.0
349,610,Elaeagnus',0,69,13,0,0,0,0,14.718093872070312,6.095139026641846,38.679676816763376,0.1887222165351152,214.3020932547748,2083.3432442048106,0.0010330423057861625,9.354845644299902
349,610,Fagus',0,0,0,0,0,0,0,0.0,0.0,0.0,0.0,0.0,0.0,0.0,0.0
349,610,Fraxinus',0,53,25,0,0,0,0,19.20455551147461,9.129831314086914,37.28744736931558,0.6162116139481271,682.1126701663435,8586.285641747485,0.0020525794503465306,22.60474436533336
349,610,Gleditsia',0,0,0,0,0,0,0,0.0,0.0,0.0,0.0,0.0,0.0,0.0,0.0
349,610,Gordonia',0,0,0,0,0,0,0,0.0,0.0,0.0,0.0,0.0,0.0,0.0,0.0
349,610,Gymnocladus',0,0,0,0,0,0,0,0.0,0.0,0.0,0.0,0.0,0.0,0.0,0.0
349,610,Halesia',0,0,0,0,0,0,0,0.0,0.0,0.0,0.0,0.0,0.0,0.0,0.0
349,610,Ilex',0,0,0,0,0,0,0,0.0,0.0,0.0,0.0,0.0,0.0,0.0,0.0
349,610,Juglans',0,0,0,0,0,0,0,0.0,0.0,0.0,0.0,0.0,0.0,0.0,0.0
349,610,Juniperus',0,0,0,0,0,0,0,0.0,0.0,0.0,0.0,0.0,0.0,0.0,0.0
349,610,Larix',0,0,0,0,0,0,0,0.0,0.0,0.0,0.0,0.0,0.0,0.0,0.0
349,610,Liquidambar',0,0,0,0,0,0,0,0.0,0.0,0.0,0.0,0.0,0.0,0.0,0.0
349,610,Liriodendron',0,0,0,0,0,0,0,0.0,0.0,0.0,0.0,0.0,0.0,0.0,0.0
349,610,Lithocarpus',0,0,0,0,0,0,0,0.0,0.0,0.0,0.0,0.0,0.0,0.0,0.0
349,610,Maclura',0,0,0,0,0,0,0,0.0,0.0,0.0,0.0,0.0,0.0,0.0,0.0
349,610,Magnolia',0,0,0,0,0,0,0,0.0,0.0,0.0,0.0,0.0,0.0,0.0,0.0
349,610,Malus',0,0,0,0,0,0,0,0.0,0.0,0.0,0.0,0.0,0.0,0.0,0.0
349,610,Morus',0,0,0,0,0,0,0,0.0,0.0,0.0,0.0,0.0,0.0,0.0,0.0
349,610,Nyssa',0,0,0,0,0,0,0,0.0,0.0,0.0,0.0,0.0,0.0,0.0,0.0
349,610,Olneya',0,0,0,0,0,0,0,0.0,0.0,0.0,0.0,0.0,0.0,0.0,0.0
349,610,Ostrya',0,0,0,0,0,0,0,0.0,0.0,0.0,0.0,0.0,0.0,0.0,0.0
349,610,Oxydendron',0,0,0,0,0,0,0,0.0,0.0,0.0,0.0,0.0,0.0,0.0,0.0
349,610,Paulownia',0,0,0,0,0,0,0,0.0,0.0,0.0,0.0,0.0,0.0,0.0,0.0
349,610,Persea',0,0,0,0,0,0,0,0.0,0.0,0.0,0.0,0.0,0.0,0.0,0.0
349,610,Picea',0,10,114,55,8,0,0,64.63838195800781,24.699819564819336,170.44388023152948,9.513027643350181,12017.672578392774,89720.33353967109,0.0291679063317797,207.61619004215092
349,610,Pinus',0,624,861,257,44,0,4,111.61699676513672,34.23838424682617,1208.1680602113902,56.49183834476506,72803.04121183559,270537.5008773604,0.1792358522525007,610.6924135050825
349,610,Planera',0,0,0,0,0,0,0,0.0,0.0,0.0,0.0,0.0,0.0,0.0,0.0
349,610,Platanus',0,10,0,0,0,0,0,1.1784558296203613,1.6517186164855957,1.2131777584930008,0.0011212684810613669,5.241369929909706,117.20059458501426,2.9111856639385356e-05,0.6509609039689429
349,610,Populus',0,832,198,0,0,0,0,21.050527572631836,13.288140296936035,461.7335918902926,3.434748322421376,3060.5399125739186,11827.353045254493,0.013448111357745186,40.78663213514049
349,610,Prosopis',0,0,0,0,0,0,0,0.0,0.0,0.0,0.0,0.0,0.0,0.0,0.0
349,610,Prunus',0,23,0,0,0,0,0,4.372089862823486,3.9987425804138184,5.81400427731532,0.01765684047171287,23.94366790086031,455.993361966228,0.0001369039743200405,2.741408999128339
349,610,Pseudotsuga',0,0,0,0,0,0,0,0.0,0.0,0.0,0.0,0.0,0.0,0.0,0.0
349,610,Quercus',0,0,10,0,0,0,0,16.312828063964844,9.567237854003906,11.775502287134337,0.2148530452420299,282.85646391153335,6324.862811814123,0.0007980848425328723,17.845719597157185
349,610,Robinia',0,0,0,0,0,0,0,0.0,0.0,0.0,0.0,0.0,0.0,0.0,0.0
349,610,Salix',0,190,20,0,0,0,0,13.998411178588867,7.468369007110596,83.10280309306292,0.4662443958547858,399.63398028463126,3138.49751882816,0.002084386537429409,13.651368823333929
349,610,Sassafras',0,0,0,0,0,0,0,0.0,0.0,0.0,0.0,0.0,0.0,0.0,0.0
349,610,Sequoia',0,0,0,0,0,0,0,0.0,0.0,0.0,0.0,0.0,0.0,0.0,0.0
349,610,Sequoiadendron',0,0,0,0,0,0,0,0.0,0.0,0.0,0.0,0.0,0.0,0.0,0.0
349,610,Sorbus',0,0,0,0,0,0,0,0.0,0.0,0.0,0.0,0.0,0.0,0.0,0.0
349,610,Taxodium',0,0,0,0,0,0,0,0.0,0.0,0.0,0.0,0.0,0.0,0.0,0.0
349,610,Taxus',0,0,0,0,0,0,0,0.0,0.0,0.0,0.0,0.0,0.0,0.0,0.0
349,610,Thuja',0,119,240,101,61,0,0,60.584503173828125,18.247825622558594,419.82163548365236,29.053542688306877,25372.10456484571,125943.52344937704,0.06244654455986211,293.3621824001582
349,610,Tilia',0,0,0,0,0,0,0,0.0,0.0,0.0,0.0,0.0,0.0,0.0,0.0
349,610,Torreya',0,0,0,0,0,0,0,0.0,0.0,0.0,0.0,0.0,0.0,0.0,0.0
349,610,Tsuga',0,12,34,9,0,0,0,119.04920959472656,25.9150447845459,59.317690128982065,2.270054381469524,2465.8405545642972,25978.982263036483,0.006336456713745285,64.24193466436418
349,610,Ulmus',0,30,25,0,0,0,0,14.410351753234863,6.4832305908203125,35.079939492707005,0.3698600847740612,343.21290334641935,3456.6764568664394,0.0012676905671730621,12.17175620377741
349,610,Umbellularia',0,0,0,0,0,0,0,0.0,0.0,0.0,0.0,0.0,0.0,0.0,0.0
349,620,Abies',0,30,28,10,0,0,0,31.13822364807129,14.505108833312988,64.95216028898955,1.18425216660539,1131.5196432599425,17136.632195526585,0.003452685876765609,42.99423770449616
349,620,Acer',0,496,151,0,0,0,0,24.146236419677734,14.788243293762207,325.4167509301789,2.4137916342532058,3359.9914005772025,16594.986306259692,0.012151202480732008,50.344795477162016
349,620,Aesculus',0,0,0,0,0,0,0,0.0,0.0,0.0,0.0,0.0,0.0,0.0,0.0
349,620,Ailanthus',0,0,0,0,0,0,0,0.0,0.0,0.0,0.0,0.0,0.0,0.0,0.0
349,620,Alnus',0,11,0,0,0,0,0,3.7283236980438232,4.090005874633789,4.303952525310878,0.01188593218489806,14.79863216996193,299.3276385292615,9.484363556094503e-05,1.9594834178725928
349,620,Amelanchier',0,0,0,0,0,0,0,0.0,0.0,0.0,0.0,0.0,0.0,0.0,0.0
349,620,Arbutus',0,0,0,0,0,0,0,0.0,0.0,0.0,0.0,0.0,0.0,0.0,0.0
349,620,Asimina',0,0,0,0,0,0,0,0.0,0.0,0.0,0.0,0.0,0.0,0.0,0.0
349,620,Betula',0,1298,551,19,0,0,0,42.87446975708008,17.190338134765625,944.0109354348358,12.042447249848104,14524.774933711664,43782.15655994584,0.04586683932238185,111.60493729862402
349,620,Calocedrus',0,0,0,0,0,0,0,0.0,0.0,0.0,0.0,0.0,0.0,0.0,0.0
349,620,Carpinus',0,0,0,0,0,0,0,0.0,0.0,0.0,0.0,0.0,0.0,0.0,0.0
349,620,Carya',0,0,0,0,0,0,0,0.0,0.0,0.0,0.0,0.0,0.0,0.0,0.0
349,620,Castanea',0,0,0,0,0,0,0,0.0,0.0,0.0,0.0,0.0,0.0,0.0,0.0
349,620,Catalpa',0,0,0,0,0,0,0,0.0,0.0,0.0,0.0,0.0,0.0,0.0,0.0
349,620,Celtis',0,0,0,0,0,0,0,0.0,0.0,0.0,0.0,0.0,0.0,0.0,0.0
349,620,Cercis',0,0,0,0,0,0,0,0.0,0.0,0.0,0.0,0.0,0.0,0.0,0.0
349,620,Cercocarpus',0,0,0,0,0,0,0,0.0,0.0,0.0,0.0,0.0,0.0,0.0,0.0
349,620,Chamaecyparis',0,0,0,0,0,0,0,0.0,0.0,0.0,0.0,0.0,0.0,0.0,0.0
349,620,Chilopsis',0,0,0,0,0,0,0,0.0,0.0,0.0,0.0,0.0,0.0,0.0,0.0
349,620,Chrysolepis',0,0,0,0,0,0,0,0.0,0.0,0.0,0.0,0.0,0.0,0.0,0.0
349,620,Cladrastis',0,0,0,0,0,0,0,0.0,0.0,0.0,0.0,0.0,0.0,0.0,0.0
349,620,Comus',0,0,0,0,0,0,0,0.0,0.0,0.0,0.0,0.0,0.0,0.0,0.0
349,620,Cornus',0,0,0,0,0,0,0,0.0,0.0,0.0,0.0,0.0,0.0,0.0,0.0
349,620,Crataegus',0,0,0,0,0,0,0,0.0,0.0,0.0,0.0,0.0,0.0,0.0,0.0
349,620,Cupressus',0,0,0,0,0,0,0,0.0,0.0,0.0,0.0,0.0,0.0,0.0,0.0
349,620,Diospyros',0,0,0,0,0,0,0,0.0,0.0,0.0,0.0,0.0,0.0,0.0,0.0
349,620,Elaeagnus',0,20,0,0,0,0,0,6.0342841148376465,3.8368494510650635,6.42103661841984,0.03186687844945719,33.88595194220543,656.571375385456,0.00016773650781577409,3.114753240605822
349,620,Fagus',0,0,0,0,0,0,0,0.0,0.0,0.0,0.0,0.0,0.0,0.0,0.0
349,620,Fraxinus',0,99,24,0,0,0,0,22.157506942749023,10.066247940063477,55.64468316663103,0.6379625347916712,761.286705109626,10685.961817125284,0.0024927843856839445,27.860935530317242
349,620,Gleditsia',0,0,0,0,0,0,0,0.0,0.0,0.0,0.0,0.0,0.0,0.0,0.0
349,620,Gordonia',0,0,0,0,0,0,0,0.0,0.0,0.0,0.0,0.0,0.0,0.0,0.0
349,620,Gymnocladus',0,0,0,0,0,0,0,0.0,0.0,0.0,0.0,0.0,0.0,0.0,0.0
349,620,Halesia',0,0,0,0,0,0,0,0.0,0.0,0.0,0.0,0.0,0.0,0.0,0.0
349,620,Ilex',0,0,0,0,0,0,0,0.0,0.0,0.0,0.0,0.0,0.0,0.0,0.0
349,620,Juglans',0,0,0,0,0,0,0,0.0,0.0,0.0,0.0,0.0,0.0,0.0,0.0
349,620,Juniperus',0,0,0,0,0,0,0,0.0,0.0,0.0,0.0,0.0,0.0,0.0,0.0
349,620,Larix',0,0,0,0,0,0,0,0.0,0.0,0.0,0.0,0.0,0.0,0.0,0.0
349,620,Liquidambar',0,0,0,0,0,0,0,0.0,0.0,0.0,0.0,0.0,0.0,0.0,0.0
349,620,Liriodendron',0,0,0,0,0,0,0,0.0,0.0,0.0,0.0,0.0,0.0,0.0,0.0
349,620,Lithocarpus',0,0,0,0,0,0,0,0.0,0.0,0.0,0.0,0.0,0.0,0.0,0.0
349,620,Maclura',0,0,0,0,0,0,0,0.0,0.0,0.0,0.0,0.0,0.0,0.0,0.0
349,620,Magnolia',0,0,0,0,0,0,0,0.0,0.0,0.0,0.0,0.0,0.0,0.0,0.0
349,620,Malus',0,8,0,0,0,0,0,2.4015512466430664,2.634023904800415,0.0,0.0039499362214253046,6.226439552307129,139.22742096752214,1.3836532365530729e-05,0.3093942694220257
349,620,Morus',0,0,0,0,0,0,0,0.0,0.0,0.0,0.0,0.0,0.0,0.0,0.0
349,620,Nyssa',0,0,0,0,0,0,0,0.0,0.0,0.0,0.0,0.0,0.0,0.0,0.0
349,620,Olneya',0,0,0,0,0,0,0,0.0,0.0,0.0,0.0,0.0,0.0,0.0,0.0
349,620,Ostrya',0,0,0,0,0,0,0,0.0,0.0,0.0,0.0,0.0,0.0,0.0,0.0
349,620,Oxydendron',0,0,0,0,0,0,0,0.0,0.0,0.0,0.0,0.0,0.0,0.0,0.0
349,620,Paulownia',0,0,0,0,0,0,0,0.0,0.0,0.0,0.0,0.0,0.0,0.0,0.0
349,620,Persea',0,0,0,0,0,0,0,0.0,0.0,0.0,0.0,0.0,0.0,0.0,0.0
349,620,Picea',0,40,93,55,0,0,0,45.87790298461914,19.77564811706543,130.15832072496414,7.80460428453168,9388.611054907442,66837.86196910671,0.022743644946402648,156.0781827913239
349,620,Pinus',0,529,859,223,46,0,4,113.2895736694336,34.301151275634766,1207.4568545119464,58.94457852138681,76402.88732061342,280526.6594237576,0.18722523833581856,633.0702103232445
349,620,Planera',0,0,0,0,0,0,0,0.0,0.0,0.0,0.0,0.0,0.0,0.0,0.0
349,620,Platanus',0,0,0,0,0,0,0,0.0,0.0,0.0,0.0,0.0,0.0,0.0,0.0
349,620,Populus',0,920,178,0,0,0,0,17.42391586303711,12.458693504333496,438.4599466699682,2.7643027388391794,2496.414106985778,8274.525122641262,0.011859461498051314,34.54506279456761
349,620,Prosopis',0,0,0,0,0,0,0,0.0,0.0,0.0,0.0,0.0,0.0,0.0,0.0
349,620,Prunus',0,13,5,0,0,0,0,9.665964126586914,6.365787982940674,11.059189912497619,0.04517771862522632,47.60484260931611,1016.2544100616952,0.00026499171787919414,5.558965541359807
349,620,Pseudotsuga',0,0,0,0,0,0,0,0.0,0.0,0.0,0.0,0.0,0.0,0.0,0.0
349,620,Quercus',0,4,10,0,0,0,0,18.503786087036133,10.513646125793457,11.83353960891313,0.27854304699285415,378.9099569249153,8403.886130044892,0.0010123725130446208,22.484346493520334
349,620,Robinia',0,0,0,0,0,0,0,0.0,0.0,0.0,0.0,0.0,0.0,0.0,0.0
349,620,Salix',0,153,18,0,0,0,0,12.55498218536377,6.955624580383301,54.77674707676036,0.36844268435332433,303.1671720799804,2643.861779689785,0.0014622465269709967,11.636717281795645
349,620,Sassafras',0,0,0,0,0,0,0,0.0,0.0,0.0,0.0,0.0,0.0,0.0,0.0
349,620,Sequoia',0,0,0,0,0,0,0,0.0,0.0,0.0,0.0,0.0,0.0,0.0,0.0
349,620,Sequoiadendron',0,0,0,0,0,0,0,0.0,0.0,0.0,0.0,0.0,0.0,0.0,0.0
349,620,Sorbus',0,0,0,0,0,0,0,0.0,0.0,0.0,0.0,0.0,0.0,0.0,0.0
349,620,Taxodium',0,0,0,0,0,0,0,0.0,0.0,0.0,0.0,0.0,0.0,0.0,0.0
349,620,Taxus',0,0,0,0,0,0,0,0.0,0.0,0.0,0.0,0.0,0.0,0.0,0.0
349,620,Thuja',0,88,212,121,51,0,0,55.69227600097656,17.773731231689453,377.73975942760705,28.824821427284856,25354.647080238014,123901.09205235988,0.06179990060606638,289.25454744103297
349,620,Tilia',0,0,0,0,0,0,0,0.0,0.0,0.0,0.0,0.0,0.0,0.0,0.0
349,620,Torreya',0,0,0,0,0,0,0,0.0,0.0,0.0,0.0,0.0,0.0,0.0,0.0
349,620,Tsuga',0,42,27,16,0,0,0,32.62400436401367,13.17885971069336,51.067698704004286,2.286403761478045,2129.765271741152,22768.949324717243,0.0054704562043432796,54.934460859399756
349,620,Ulmus',0,30,25,0,0,0,0,18.830127716064453,7.90993070602417,33.364098335180095,0.5480848761589407,491.6034992998839,5709.973501054308,0.0015727469693799523,17.30242462829549
349,620,Umbellularia',0,0,0,0,0,0,0,0.0,0.0,0.0,0.0,0.0,0.0,0.0,0.0
349,630,Abies',0,13,28,0,0,0,0,18.85761070251465,10.528899192810059,52.07677736222744,0.6241874629802099,566.8646627157926,6439.340908385013,0.0020119193617232785,22.338882243250147
349,630,Acer',0,486,119,0,0,0,0,17.105960845947266,10.284592628479004,304.7424997172401,2.1943343048594457,2840.016046542525,12933.809631128333,0.010698084409197794,41.769916589112704
349,630,Aesculus',0,0,0,0,0,0,0,0.0,0.0,0.0,0.0,0.0,0.0,0.0,0.0
349,630,Ailanthus',0,0,0,0,0,0,0,0.0,0.0,0.0,0.0,0.0,0.0,0.0,0.0
349,630,Alnus',0,0,0,0,0,0,0,0.0,0.0,0.0,0.0,0.0,0.0,0.0,0.0
349,630,Amelanchier',0,0,0,0,0,0,0,0.0,0.0,0.0,0.0,0.0,0.0,0.0,0.0
349,630,Arbutus',0,0,0,0,0,0,0,0.0,0.0,0.0,0.0,0.0,0.0,0.0,0.0
349,630,Asimina',0,0,0,0,0,0,0,0.0,0.0,0.0,0.0,0.0,0.0,0.0,0.0
349,630,Betula',0,1220,557,20,0,0,0,45.354000091552734,17.77422332763672,1003.089830505697,13.102891565010955,16171.24307859689,49335.6607328594,0.05037613128610245,122.65625854641166
349,630,Calocedrus',0,0,0,0,0,0,0,0.0,0.0,0.0,0.0,0.0,0.0,0.0,0.0
349,630,Carpinus',0,0,0,0,0,0,0,0.0,0.0,0.0,0.0,0.0,0.0,0.0,0.0
349,630,Carya',0,0,0,0,0,0,0,0.0,0.0,0.0,0.0,0.0,0.0,0.0,0.0
349,630,Castanea',0,0,0,0,0,0,0,0.0,0.0,0.0,0.0,0.0,0.0,0.0,0.0
349,630,Catalpa',0,0,0,0,0,0,0,0.0,0.0,0.0,0.0,0.0,0.0,0.0,0.0
349,630,Celtis',0,0,0,0,0,0,0,0.0,0.0,0.0,0.0,0.0,0.0,0.0,0.0
349,630,Cercis',0,0,0,0,0,0,0,0.0,0.0,0.0,0.0,0.0,0.0,0.0,0.0
349,630,Cercocarpus',0,0,0,0,0,0,0,0.0,0.0,0.0,0.0,0.0,0.0,0.0,0.0
349,630,Chamaecyparis',0,0,0,0,0,0,0,0.0,0.0,0.0,0.0,0.0,0.0,0.0,0.0
349,630,Chilopsis',0,0,0,0,0,0,0,0.0,0.0,0.0,0.0,0.0,0.0,0.0,0.0
349,630,Chrysolepis',0,0,0,0,0,0,0,0.0,0.0,0.0,0.0,0.0,0.0,0.0,0.0
349,630,Cladrastis',0,0,0,0,0,0,0,0.0,0.0,0.0,0.0,0.0,0.0,0.0,0.0
349,630,Comus',0,0,0,0,0,0,0,0.0,0.0,0.0,0.0,0.0,0.0,0.0,0.0
349,630,Cornus',0,0,0,0,0,0,0,0.0,0.0,0.0,0.0,0.0,0.0,0.0,0.0
349,630,Crataegus',0,0,0,0,0,0,0,0.0,0.0,0.0,0.0,0.0,0.0,0.0,0.0
349,630,Cupressus',0,0,0,0,0,0,0,0.0,0.0,0.0,0.0,0.0,0.0,0.0,0.0
349,630,Diospyros',0,0,0,0,0,0,0,0.0,0.0,0.0,0.0,0.0,0.0,0.0,0.0
349,630,Elaeagnus',0,36,10,0,0,0,0,11.057323455810547,5.2980780601501465,23.321313320458685,0.12965926150572366,137.92137073755265,2141.452189931195,0.0006422151916511343,8.899331354854505
349,630,Fagus',0,0,0,0,0,0,0,0.0,0.0,0.0,0.0,0.0,0.0,0.0,0.0
349,630,Fraxinus',0,98,20,0,0,0,0,10.42446517944336,5.957119941711426,44.488654972726025,0.31430120990049604,353.81384340673685,3211.932570526581,0.001426691876500614,12.385153823777824
349,630,Gleditsia',0,0,0,0,0,0,0,0.0,0.0,0.0,0.0,0.0,0.0,0.0,0.0
349,630,Gordonia',0,0,0,0,0,0,0,0.0,0.0,0.0,0.0,0.0,0.0,0.0,0.0
349,630,Gymnocladus',0,0,0,0,0,0,0,0.0,0.0,0.0,0.0,0.0,0.0,0.0,0.0
349,630,Halesia',0,0,0,0,0,0,0,0.0,0.0,0.0,0.0,0.0,0.0,0.0,0.0
349,630,Ilex',0,0,0,0,0,0,0,0.0,0.0,0.0,0.0,0.0,0.0,0.0,0.0
349,630,Juglans',0,0,0,0,0,0,0,0.0,0.0,0.0,0.0,0.0,0.0,0.0,0.0
349,630,Juniperus',0,0,0,0,0,0,0,0.0,0.0,0.0,0.0,0.0,0.0,0.0,0.0
349,630,Larix',0,0,0,0,0,0,0,0.0,0.0,0.0,0.0,0.0,0.0,0.0,0.0
349,630,Liquidambar',0,0,0,0,0,0,0,0.0,0.0,0.0,0.0,0.0,0.0,0.0,0.0
349,630,Liriodendron',0,0,0,0,0,0,0,0.0,0.0,0.0,0.0,0.0,0.0,0.0,0.0
349,630,Lithocarpus',0,0,0,0,0,0,0,0.0,0.0,0.0,0.0,0.0,0.0,0.0,0.0
349,630,Maclura',0,0,0,0,0,0,0,0.0,0.0,0.0,0.0,0.0,0.0,0.0,0.0
349,630,Magnolia',0,0,0,0,0,0,0,0.0,0.0,0.0,0.0,0.0,0.0,0.0,0.0
349,630,Malus',0,0,0,0,0,0,0,0.0,0.0,0.0,0.0,0.0,0.0,0.0,0.0
349,630,Morus',0,0,0,0,0,0,0,0.0,0.0,0.0,0.0,0.0,0.0,0.0,0.0
349,630,Nyssa',0,0,0,0,0,0,0,0.0,0.0,0.0,0.0,0.0,0.0,0.0,0.0
349,630,Olneya',0,0,0,0,0,0,0,0.0,0.0,0.0,0.0,0.0,0.0,0.0,0.0
349,630,Ostrya',0,0,0,0,0,0,0,0.0,0.0,0.0,0.0,0.0,0.0,0.0,0.0
349,630,Oxydendron',0,0,0,0,0,0,0,0.0,0.0,0.0,0.0,0.0,0.0,0.0,0.0
349,630,Paulownia',0,0,0,0,0,0,0,0.0,0.0,0.0,0.0,0.0,0.0,0.0,0.0
349,630,Persea',0,0,0,0,0,0,0,0.0,0.0,0.0,0.0,0.0,0.0,0.0,0.0
349,630,Picea',0,50,83,51,4,0,0,49.856666564941406,20.308937072753906,117.74803009569645,8.073183690590866,9945.047528763414,73146.00920213974,0.023800910142093738,168.92773236952814
349,630,Pinus',0,577,891,203,52,0,4,114.94966888427734,34.36049270629883,1160.237307486087,59.4760699046965,76457.3644636786,281998.52971964463,0.1866642379419232,635.1942967426556
349,630,Planera',0,0,0,0,0,0,0,0.0,0.0,0.0,0.0,0.0,0.0,0.0,0.0
349,630,Platanus',0,0,0,0,0,0,0,0.0,0.0,0.0,0.0,0.0,0.0,0.0,0.0
349,630,Populus',0,785,172,0,0,0,0,24.261995315551758,15.371116638183594,396.95251072167497,2.7765149925767143,2548.2932167433946,9280.858545979661,0.011377225703329203,35.36444611633349
349,630,Prosopis',0,0,0,0,0,0,0,0.0,0.0,0.0,0.0,0.0,0.0,0.0,0.0
349,630,Prunus',0,0,3,0,0,0,0,11.453129768371582,6.9958391189575195,9.226822098599202,0.03708862604219526,42.264957904815674,945.0731894133638,0.0002267473612725738,5.070225135241843
349,630,Pseudotsuga',0,0,0,0,0,0,0,0.0,0.0,0.0,0.0,0.0,0.0,0.0,0.0
349,630,Quercus',0,10,10,0,0,0,0,20.54829978942871,11.365684509277344,13.444337071497227,0.34606157035853685,486.4381250286102,10877.087144115301,0.0012745123320464101,28.498962126175606
349,630,Robinia',0,0,0,0,0,0,0,0.0,0.0,0.0,0.0,0.0,0.0,0.0,0.0
349,630,Salix',0,151,10,0,0,0,0,11.06313705444336,6.399433612823486,78.18812253519513,0.3441729237876748,309.4571320991218,2253.2082478923635,0.001813243967049989,11.628494257683982
349,630,Sassafras',0,0,0,0,0,0,0,0.0,0.0,0.0,0.0,0.0,0.0,0.0,0.0
349,630,Sequoia',0,0,0,0,0,0,0,0.0,0.0,0.0,0.0,0.0,0.0,0.0,0.0
349,630,Sequoiadendron',0,0,0,0,0,0,0,0.0,0.0,0.0,0.0,0.0,0.0,0.0,0.0
349,630,Sorbus',0,0,0,0,0,0,0,0.0,0.0,0.0,0.0,0.0,0.0,0.0,0.0
349,630,Taxodium',0,0,0,0,0,0,0,0.0,0.0,0.0,0.0,0.0,0.0,0.0,0.0
349,630,Taxus',0,0,0,0,0,0,0,0.0,0.0,0.0,0.0,0.0,0.0,0.0,0.0
349,630,Thuja',0,159,160,123,52,0,0,58.150596618652344,18.021373748779297,382.00934322714807,31.185472958651474,28043.410700541735,138668.15840536004,0.0678366030777664,321.40420562346935
349,630,Tilia',0,0,0,0,0,0,0,0.0,0.0,0.0,0.0,0.0,0.0,0.0,0.0
349,630,Torreya',0,0,0,0,0,0,0,0.0,0.0,0.0,0.0,0.0,0.0,0.0,0.0
349,630,Tsuga',0,65,28,16,0,0,0,34.328147888183594,13.641807556152344,57.87191849976778,2.3052391226273667,2231.768283139765,25093.513117378952,0.005795412823699799,59.63693126174526
349,630,Ulmus',0,10,46,0,0,0,0,22.955801010131836,9.178444862365723,35.25214693874498,0.9153602663789621,822.3382311195136,8926.251492631018,0.002334892589749769,24.18622343520716
349,630,Umbellularia',0,0,0,0,0,0,0,0.0,0.0,0.0,0.0,0.0,0.0,0.0,0.0
349,640,Abies',0,10,21,0,0,0,0,24.627056121826172,12.556194305419922,46.95751972913742,0.7431470163398297,702.3230388331414,8734.022587363572,0.0022389931674065655,26.110170924308168
349,640,Acer',0,485,120,0,0,0,0,19.203224182128906,11.171664237976074,295.53548155069535,2.3920407790048746,3145.738742277473,15396.576786213915,0.011244928024618878,46.91584680048201
349,640,Aesculus',0,0,0,0,0,0,0,0.0,0.0,0.0,0.0,0.0,0.0,0.0,0.0
349,640,Ailanthus',0,0,0,0,0,0,0,0.0,0.0,0.0,0.0,0.0,0.0,0.0,0.0
349,640,Alnus',0,10,0,0,0,0,0,3.124404191970825,3.2014827728271484,0.9456480718866178,0.007881654979877886,6.764535260200501,151.25960678002463,2.864542998094098e-05,0.6405312868209487
349,640,Amelanchier',0,0,0,0,0,0,0,0.0,0.0,0.0,0.0,0.0,0.0,0.0,0.0
349,640,Arbutus',0,0,0,0,0,0,0,0.0,0.0,0.0,0.0,0.0,0.0,0.0,0.0
349,640,Asimina',0,0,0,0,0,0,0,0.0,0.0,0.0,0.0,0.0,0.0,0.0,0.0
349,640,Betula',0,1130,534,18,0,0,0,47.682472229003906,18.298282623291016,944.9901011041541,12.135701818167298,15254.478949344308,47635.62048222842,0.04750249957897177,118.8334039590457
349,640,Calocedrus',0,0,0,0,0,0,0,0.0,0.0,0.0,0.0,0.0,0.0,0.0,0.0
349,640,Carpinus',0,10,0,0,0,0,0,1.5474333763122559,2.344153642654419,0.9178433694605584,0.0019333341206839959,3.8762378039956094,86.67531226688786,2.182672694185745e-05,0.48806045168319634
349,640,Carya',0,0,0,0,0,0,0,0.0,0.0,0.0,0.0,0.0,0.0,0.0,0.0
349,640,Castanea',0,0,0,0,0,0,0,0.0,0.0,0.0,0.0,0.0,0.0,0.0,0.0
349,640,Catalpa',0,0,0,0,0,0,0,0.0,0.0,0.0,0.0,0.0,0.0,0.0,0.0
349,640,Celtis',0,0,0,0,0,0,0,0.0,0.0,0.0,0.0,0.0,0.0,0.0,0.0
349,640,Cercis',0,0,0,0,0,0,0,0.0,0.0,0.0,0.0,0.0,0.0,0.0,0.0
349,640,Cercocarpus',0,0,0,0,0,0,0,0.0,0.0,0.0,0.0,0.0,0.0,0.0,0.0
349,640,Chamaecyparis',0,0,0,0,0,0,0,0.0,0.0,0.0,0.0,0.0,0.0,0.0,0.0
349,640,Chilopsis',0,0,0,0,0,0,0,0.0,0.0,0.0,0.0,0.0,0.0,0.0,0.0
349,640,Chrysolepis',0,0,0,0,0,0,0,0.0,0.0,0.0,0.0,0.0,0.0,0.0,0.0
349,640,Cladrastis',0,0,0,0,0,0,0,0.0,0.0,0.0,0.0,0.0,0.0,0.0,0.0
349,640,Comus',0,0,0,0,0,0,0,0.0,0.0,0.0,0.0,0.0,0.0,0.0,0.0
349,640,Cornus',0,0,0,0,0,0,0,0.0,0.0,0.0,0.0,0.0,0.0,0.0,0.0
349,640,Crataegus',0,0,0,0,0,0,0,0.0,0.0,0.0,0.0,0.0,0.0,0.0,0.0
349,640,Cupressus',0,0,0,0,0,0,0,0.0,0.0,0.0,0.0,0.0,0.0,0.0,0.0
349,640,Diospyros',0,0,0,0,0,0,0,0.0,0.0,0.0,0.0,0.0,0.0,0.0,0.0
349,640,Elaeagnus',0,56,0,0,0,0,0,6.641888618469238,4.040509223937988,22.087777621949773,0.0684578918955019,86.68611149966716,957.5052067680915,0.0005106016318630422,5.190566394749476
349,640,Fagus',0,0,0,0,0,0,0,0.0,0.0,0.0,0.0,0.0,0.0,0.0,0.0
349,640,Fraxinus',0,129,40,0,0,0,0,14.530421257019043,7.517295837402344,92.49271735478239,0.7140032016729577,812.1189995880425,6312.146891631992,0.00313619296071119,21.146814244093214
349,640,Gleditsia',0,0,0,0,0,0,0,0.0,0.0,0.0,0.0,0.0,0.0,0.0,0.0
349,640,Gordonia',0,0,0,0,0,0,0,0.0,0.0,0.0,0.0,0.0,0.0,0.0,0.0
349,640,Gymnocladus',0,0,0,0,0,0,0,0.0,0.0,0.0,0.0,0.0,0.0,0.0,0.0
349,640,Halesia',0,0,0,0,0,0,0,0.0,0.0,0.0,0.0,0.0,0.0,0.0,0.0
349,640,Ilex',0,0,0,0,0,0,0,0.0,0.0,0.0,0.0,0.0,0.0,0.0,0.0
349,640,Juglans',0,0,0,0,0,0,0,0.0,0.0,0.0,0.0,0.0,0.0,0.0,0.0
349,640,Juniperus',0,0,0,0,0,0,0,0.0,0.0,0.0,0.0,0.0,0.0,0.0,0.0
349,640,Larix',0,0,0,0,0,0,0,0.0,0.0,0.0,0.0,0.0,0.0,0.0,0.0
349,640,Liquidambar',0,0,0,0,0,0,0,0.0,0.0,0.0,0.0,0.0,0.0,0.0,0.0
349,640,Liriodendron',0,0,0,0,0,0,0,0.0,0.0,0.0,0.0,0.0,0.0,0.0,0.0
349,640,Lithocarpus',0,0,0,0,0,0,0,0.0,0.0,0.0,0.0,0.0,0.0,0.0,0.0
349,640,Maclura',0,0,0,0,0,0,0,0.0,0.0,0.0,0.0,0.0,0.0,0.0,0.0
349,640,Magnolia',0,0,0,0,0,0,0,0.0,0.0,0.0,0.0,0.0,0.0,0.0,0.0
349,640,Malus',0,0,0,0,0,0,0,0.0,0.0,0.0,0.0,0.0,0.0,0.0,0.0
349,640,Morus',0,0,0,0,0,0,0,0.0,0.0,0.0,0.0,0.0,0.0,0.0,0.0
349,640,Nyssa',0,0,0,0,0,0,0,0.0,0.0,0.0,0.0,0.0,0.0,0.0,0.0
349,640,Olneya',0,0,0,0,0,0,0,0.0,0.0,0.0,0.0,0.0,0.0,0.0,0.0
349,640,Ostrya',0,0,0,0,0,0,0,0.0,0.0,0.0,0.0,0.0,0.0,0.0,0.0
349,640,Oxydendron',0,0,0,0,0,0,0,0.0,0.0,0.0,0.0,0.0,0.0,0.0,0.0
349,640,Paulownia',0,0,0,0,0,0,0,0.0,0.0,0.0,0.0,0.0,0.0,0.0,0.0
349,640,Persea',0,0,0,0,0,0,0,0.0,0.0,0.0,0.0,0.0,0.0,0.0,0.0
349,640,Picea',0,41,87,51,4,0,0,53.906681060791016,20.887313842773438,121.00783584684133,8.891689769959378,11104.381770605743,81353.98087410955,0.02642429506894248,187.48607263423838
349,640,Pinus',0,665,728,303,42,0,4,116.57363891601562,34.41582489013672,1177.6823895093798,63.42209478064133,81589.76972805172,291411.61000628036,0.19832156641699775,656.6681025163438
349,640,Planera',0,0,0,0,0,0,0,0.0,0.0,0.0,0.0,0.0,0.0,0.0,0.0
349,640,Platanus',0,0,0,0,0,0,0,0.0,0.0,0.0,0.0,0.0,0.0,0.0,0.0
349,640,Populus',0,816,108,0,0,0,0,18.024274826049805,12.741250038146973,379.12604234959406,2.3744218496938325,2256.8894368190317,10071.171387552742,0.010473039857629112,34.95092491823892
349,640,Prosopis',0,0,0,0,0,0,0,0.0,0.0,0.0,0.0,0.0,0.0,0.0,0.0
349,640,Prunus',0,20,0,0,0,0,0,4.47059440612793,4.046621322631836,7.6518854932694484,0.01846854419351876,21.852329481244087,424.63345651031653,0.0001587138752993189,3.0537074650508655
349,640,Pseudotsuga',0,0,0,0,0,0,0,0.0,0.0,0.0,0.0,0.0,0.0,0.0,0.0
349,640,Quercus',0,0,10,0,0,0,0,22.486143112182617,12.146492004394531,10.105451254905024,0.4082375385751914,588.4981941127777,13159.219666720364,0.0014532473407983847,32.49559842145994
349,640,Robinia',0,0,0,0,0,0,0,0.0,0.0,0.0,0.0,0.0,0.0,0.0,0.0
349,640,Salix',0,247,18,0,0,0,0,10.349715232849121,6.123640537261963,89.50276160659857,0.35490741584076124,332.222131665498,2155.341105402676,0.0020267133804520105,12.223233287232532
349,640,Sassafras',0,0,0,0,0,0,0,0.0,0.0,0.0,0.0,0.0,0.0,0.0,0.0
349,640,Sequoia',0,0,0,0,0,0,0,0.0,0.0,0.0,0.0,0.0,0.0,0.0,0.0
349,640,Sequoiadendron',0,0,0,0,0,0,0,0.0,0.0,0.0,0.0,0.0,0.0,0.0,0.0
349,640,Sorbus',0,10,0,0,0,0,0,3.750310182571411,2.993614435195923,4.621794933005224,0.011267418651996682,15.751130032539368,352.2059747519614,0.00010153581652790293,2.2704098790733465
349,640,Taxodium',0,0,0,0,0,0,0,0.0,0.0,0.0,0.0,0.0,0.0,0.0,0.0
349,640,Taxus',0,0,0,0,0,0,0,0.0,0.0,0.0,0.0,0.0,0.0,0.0,0.0
349,640,Thuja',0,134,192,128,38,0,0,61.0,18.284727096557617,410.32395419538017,30.609075476355233,27729.758827383368,140172.42718283023,0.06754858817163314,325.0667068804185
349,640,Tilia',0,0,0,0,0,0,0,0.0,0.0,0.0,0.0,0.0,0.0,0.0,0.0
349,640,Torreya',0,0,0,0,0,0,0,0.0,0.0,0.0,0.0,0.0,0.0,0.0,0.0
349,640,Tsuga',0,48,42,13,0,0,0,35.14125061035156,13.858182907104492,71.57358265042305,1.972778202057553,1882.41604744792,20241.720667992256,0.0052169874487565954,49.72840051270734
349,640,Ulmus',0,34,27,0,0,0,0,26.74981689453125,10.29354476928711,34.96066223028339,0.6170164232180262,609.8123597490787,8299.846952165526,0.0018584167040986911,22.242404336627864
349,640,Umbellularia',0,0,0,0,0,0,0,0.0,0.0,0.0,0.0,0.0,0.0,0.0,0.0
349,650,Abies',0,0,14,3,0,0,0,30.631925582885742,14.365180015563965,29.608242623806,1.0070110110023027,952.3879406523705,12434.361566461428,0.0025440923436284043,33.03831929851313
349,650,Acer',0,501,115,0,0,0,0,18.068462371826172,12.000237464904785,256.61614680444654,2.073936010092816,2727.878919596933,14118.532279298099,0.009756085209352321,42.730249115085
349,650,Aesculus',0,0,0,0,0,0,0,0.0,0.0,0.0,0.0,0.0,0.0,0.0,0.0
349,650,Ailanthus',0,0,0,0,0,0,0,0.0,0.0,0.0,0.0,0.0,0.0,0.0,0.0
349,650,Alnus',0,0,0,0,0,0,0,0.0,0.0,0.0,0.0,0.0,0.0,0.0,0.0
349,650,Amelanchier',0,0,0,0,0,0,0,0.0,0.0,0.0,0.0,0.0,0.0,0.0,0.0
349,650,Arbutus',0,0,0,0,0,0,0,0.0,0.0,0.0,0.0,0.0,0.0,0.0,0.0
349,650,Asimina',0,0,0,0,0,0,0,0.0,0.0,0.0,0.0,0.0,0.0,0.0,0.0
349,650,Betula',0,1148,530,10,0,0,0,45.26660919189453,15.624565124511719,925.3893697482262,11.58949473633942,14118.083135512992,46744.12990711757,0.04469501232596123,116.08661795672313
349,650,Calocedrus',0,0,0,0,0,0,0,0.0,0.0,0.0,0.0,0.0,0.0,0.0,0.0
349,650,Carpinus',0,0,0,0,0,0,0,0.0,0.0,0.0,0.0,0.0,0.0,0.0,0.0
349,650,Carya',0,0,0,0,0,0,0,0.0,0.0,0.0,0.0,0.0,0.0,0.0,0.0
349,650,Castanea',0,0,0,0,0,0,0,0.0,0.0,0.0,0.0,0.0,0.0,0.0,0.0
349,650,Catalpa',0,0,0,0,0,0,0,0.0,0.0,0.0,0.0,0.0,0.0,0.0,0.0
349,650,Celtis',0,0,0,0,0,0,0,0.0,0.0,0.0,0.0,0.0,0.0,0.0,0.0
349,650,Cercis',0,0,0,0,0,0,0,0.0,0.0,0.0,0.0,0.0,0.0,0.0,0.0
349,650,Cercocarpus',0,0,0,0,0,0,0,0.0,0.0,0.0,0.0,0.0,0.0,0.0,0.0
349,650,Chamaecyparis',0,0,0,0,0,0,0,0.0,0.0,0.0,0.0,0.0,0.0,0.0,0.0
349,650,Chilopsis',0,0,0,0,0,0,0,0.0,0.0,0.0,0.0,0.0,0.0,0.0,0.0
349,650,Chrysolepis',0,0,0,0,0,0,0,0.0,0.0,0.0,0.0,0.0,0.0,0.0,0.0
349,650,Cladrastis',0,0,0,0,0,0,0,0.0,0.0,0.0,0.0,0.0,0.0,0.0,0.0
349,650,Comus',0,0,0,0,0,0,0,0.0,0.0,0.0,0.0,0.0,0.0,0.0,0.0
349,650,Cornus',0,0,0,0,0,0,0,0.0,0.0,0.0,0.0,0.0,0.0,0.0,0.0
349,650,Crataegus',0,0,0,0,0,0,0,0.0,0.0,0.0,0.0,0.0,0.0,0.0,0.0
349,650,Cupressus',0,0,0,0,0,0,0,0.0,0.0,0.0,0.0,0.0,0.0,0.0,0.0
349,650,Diospyros',0,0,0,0,0,0,0,0.0,0.0,0.0,0.0,0.0,0.0,0.0,0.0
349,650,Elaeagnus',0,47,0,0,0,0,0,6.124138832092285,3.8674862384796143,19.609049734529812,0.07743265762007445,88.099796769917,947.3332521658444,0.0004780604925551455,4.829780806736611
349,650,Fagus',0,0,0,0,0,0,0,0.0,0.0,0.0,0.0,0.0,0.0,0.0,0.0
349,650,Fraxinus',0,128,71,0,0,0,0,18.066022872924805,8.752204895019531,89.14676040293106,1.0101615073978363,1104.375533837527,8473.060537713822,0.0037374850251243844,24.50036849570733
349,650,Gleditsia',0,0,0,0,0,0,0,0.0,0.0,0.0,0.0,0.0,0.0,0.0,0.0
349,650,Gordonia',0,0,0,0,0,0,0,0.0,0.0,0.0,0.0,0.0,0.0,0.0,0.0
349,650,Gymnocladus',0,0,0,0,0,0,0,0.0,0.0,0.0,0.0,0.0,0.0,0.0,0.0
349,650,Halesia',0,0,0,0,0,0,0,0.0,0.0,0.0,0.0,0.0,0.0,0.0,0.0
349,650,Ilex',0,0,0,0,0,0,0,0.0,0.0,0.0,0.0,0.0,0.0,0.0,0.0
349,650,Juglans',0,0,0,0,0,0,0,0.0,0.0,0.0,0.0,0.0,0.0,0.0,0.0
349,650,Juniperus',0,0,0,0,0,0,0,0.0,0.0,0.0,0.0,0.0,0.0,0.0,0.0
349,650,Larix',0,0,0,0,0,0,0,0.0,0.0,0.0,0.0,0.0,0.0,0.0,0.0
349,650,Liquidambar',0,0,0,0,0,0,0,0.0,0.0,0.0,0.0,0.0,0.0,0.0,0.0
349,650,Liriodendron',0,0,0,0,0,0,0,0.0,0.0,0.0,0.0,0.0,0.0,0.0,0.0
349,650,Lithocarpus',0,0,0,0,0,0,0,0.0,0.0,0.0,0.0,0.0,0.0,0.0,0.0
349,650,Maclura',0,0,0,0,0,0,0,0.0,0.0,0.0,0.0,0.0,0.0,0.0,0.0
349,650,Magnolia',0,0,0,0,0,0,0,0.0,0.0,0.0,0.0,0.0,0.0,0.0,0.0
349,650,Malus',0,0,0,0,0,0,0,0.0,0.0,0.0,0.0,0.0,0.0,0.0,0.0
349,650,Morus',0,0,0,0,0,0,0,0.0,0.0,0.0,0.0,0.0,0.0,0.0,0.0
349,650,Nyssa',0,0,0,0,0,0,0,0.0,0.0,0.0,0.0,0.0,0.0,0.0,0.0
349,650,Olneya',0,0,0,0,0,0,0,0.0,0.0,0.0,0.0,0.0,0.0,0.0,0.0
349,650,Ostrya',0,0,0,0,0,0,0,0.0,0.0,0.0,0.0,0.0,0.0,0.0,0.0
349,650,Oxydendron',0,0,0,0,0,0,0,0.0,0.0,0.0,0.0,0.0,0.0,0.0,0.0
349,650,Paulownia',0,0,0,0,0,0,0,0.0,0.0,0.0,0.0,0.0,0.0,0.0,0.0
349,650,Persea',0,0,0,0,0,0,0,0.0,0.0,0.0,0.0,0.0,0.0,0.0,0.0
349,650,Picea',0,49,107,30,4,0,0,57.41836929321289,21.33076286315918,124.75934873819351,8.057640767008982,10034.243147897721,79078.95642991093,0.024100397282869897,181.13055891514702
349,650,Pinus',0,670,786,311,43,0,4,118.17903137207031,34.4680061340332,1218.9859680607915,67.90209191799165,87728.80256322265,305506.5339846817,0.21256046930948702,688.4504425977586
349,650,Planera',0,0,0,0,0,0,0,0.0,0.0,0.0,0.0,0.0,0.0,0.0,0.0
349,650,Platanus',0,0,0,0,0,0,0,0.0,0.0,0.0,0.0,0.0,0.0,0.0,0.0
349,650,Populus',0,728,107,0,0,0,0,21.47774314880371,14.263209342956543,363.2051862369562,2.4200824661502254,2260.423466807529,10552.282394588296,0.01025170370562582,35.86453189205154
349,650,Prosopis',0,0,0,0,0,0,0,0.0,0.0,0.0,0.0,0.0,0.0,0.0,0.0
349,650,Prunus',0,14,10,0,0,0,0,9.680329322814941,6.371155738830566,18.25728988534287,0.0941652364900725,84.96694095015526,1483.946222015397,0.00045163926212210147,7.357685487975454
349,650,Pseudotsuga',0,0,0,0,0,0,0,0.0,0.0,0.0,0.0,0.0,0.0,0.0,0.0
349,650,Quercus',0,10,10,0,0,0,0,24.47580337524414,12.92196273803711,11.465996323695665,0.48914348178899797,728.1650520569086,16098.644043163042,0.001783203848091889,38.68310356046471
349,650,Robinia',0,0,0,0,0,0,0,0.0,0.0,0.0,0.0,0.0,0.0,0.0,0.0
349,650,Salix',0,180,18,0,0,0,0,10.533812522888184,6.195429801940918,72.64747143734859,0.38009831870042154,333.1185232323408,2473.2328697832445,0.0017860640986848146,13.215158037778966
349,650,Sassafras',0,0,0,0,0,0,0,0.0,0.0,0.0,0.0,0.0,0.0,0.0,0.0
349,650,Sequoia',0,0,0,0,0,0,0,0.0,0.0,0.0,0.0,0.0,0.0,0.0,0.0
349,650,Sequoiadendron',0,0,0,0,0,0,0,0.0,0.0,0.0,0.0,0.0,0.0,0.0,0.0
349,650,Sorbus',0,0,0,0,0,0,0,0.0,0.0,0.0,0.0,0.0,0.0,0.0,0.0
349,650,Taxodium',0,0,0,0,0,0,0,0.0,0.0,0.0,0.0,0.0,0.0,0.0,0.0
349,650,Taxus',0,0,0,0,0,0,0,0.0,0.0,0.0,0.0,0.0,0.0,0.0,0.0
349,650,Thuja',0,143,182,131,30,0,0,61.0,18.284727096557617,387.1090048250556,27.760455551929326,24767.638969404998,126373.27390388331,0.06063077211436278,293.89902733315876
349,650,Tilia',0,0,0,0,0,0,0,0.0,0.0,0.0,0.0,0.0,0.0,0.0,0.0
349,650,Torreya',0,0,0,0,0,0,0,0.0,0.0,0.0,0.0,0.0,0.0,0.0,0.0
349,650,Tsuga',0,41,57,16,0,0,0,37.365875244140625,14.435665130615234,95.15913726031779,2.6526121148355366,2553.3571061736347,24714.340133265345,0.00704864761723996,60.52261877258257
349,650,Ulmus',0,29,27,5,0,0,0,30.05588722229004,11.226726531982422,45.340868643001656,0.8722699415927222,880.2312881094217,11356.047688285176,0.0026087765373904335,29.302321951968715
349,650,Umbellularia',0,0,0,0,0,0,0,0.0,0.0,0.0,0.0,0.0,0.0,0.0,0.0
349,660,Abies',0,10,0,18,0,0,0,36.20439147949219,15.807793617248535,32.04413925349712,1.331435877600709,1315.695842602849,16986.500815032166,0.003386628336371085,43.36330476556385
349,660,Acer',0,562,159,0,0,0,0,18.343143463134766,12.259044647216797,342.46172177858784,2.532708085838204,3453.017182513364,15617.270189538684,0.0126032982217788,47.47915149410101
349,660,Aesculus',0,0,0,0,0,0,0,0.0,0.0,0.0,0.0,0.0,0.0,0.0,0.0
349,660,Ailanthus',0,0,0,0,0,0,0,0.0,0.0,0.0,0.0,0.0,0.0,0.0,0.0
349,660,Alnus',0,6,0,0,0,0,0,3.600128412246704,3.4744441509246826,0.9763430870032007,0.007044204564392798,6.083522307872772,136.03169423039924,2.7573939866386438e-05,0.6165720394873155
349,660,Amelanchier',0,0,0,0,0,0,0,0.0,0.0,0.0,0.0,0.0,0.0,0.0,0.0
349,660,Arbutus',0,0,0,0,0,0,0,0.0,0.0,0.0,0.0,0.0,0.0,0.0,0.0
349,660,Asimina',0,0,0,0,0,0,0,0.0,0.0,0.0,0.0,0.0,0.0,0.0,0.0
349,660,Betula',0,1138,503,4,0,0,0,47.57951354980469,16.040565490722656,783.2254037538048,11.338995427529948,13616.633487381563,47572.49639927274,0.04153415069457785,117.44343985717992
349,660,Calocedrus',0,0,0,0,0,0,0,0.0,0.0,0.0,0.0,0.0,0.0,0.0,0.0
349,660,Carpinus',0,0,0,0,0,0,0,0.0,0.0,0.0,0.0,0.0,0.0,0.0,0.0
349,660,Carya',0,0,0,0,0,0,0,0.0,0.0,0.0,0.0,0.0,0.0,0.0,0.0
349,660,Castanea',0,0,0,0,0,0,0,0.0,0.0,0.0,0.0,0.0,0.0,0.0,0.0
349,660,Catalpa',0,0,0,0,0,0,0,0.0,0.0,0.0,0.0,0.0,0.0,0.0,0.0
349,660,Celtis',0,0,0,0,0,0,0,0.0,0.0,0.0,0.0,0.0,0.0,0.0,0.0
349,660,Cercis',0,0,0,0,0,0,0,0.0,0.0,0.0,0.0,0.0,0.0,0.0,0.0
349,660,Cercocarpus',0,0,0,0,0,0,0,0.0,0.0,0.0,0.0,0.0,0.0,0.0,0.0
349,660,Chamaecyparis',0,0,0,0,0,0,0,0.0,0.0,0.0,0.0,0.0,0.0,0.0,0.0
349,660,Chilopsis',0,0,0,0,0,0,0,0.0,0.0,0.0,0.0,0.0,0.0,0.0,0.0
349,660,Chrysolepis',0,0,0,0,0,0,0,0.0,0.0,0.0,0.0,0.0,0.0,0.0,0.0
349,660,Cladrastis',0,0,0,0,0,0,0,0.0,0.0,0.0,0.0,0.0,0.0,0.0,0.0
349,660,Comus',0,0,0,0,0,0,0,0.0,0.0,0.0,0.0,0.0,0.0,0.0,0.0
349,660,Cornus',0,0,0,0,0,0,0,0.0,0.0,0.0,0.0,0.0,0.0,0.0,0.0
349,660,Crataegus',0,0,0,0,0,0,0,0.0,0.0,0.0,0.0,0.0,0.0,0.0,0.0
349,660,Cupressus',0,0,0,0,0,0,0,0.0,0.0,0.0,0.0,0.0,0.0,0.0,0.0
349,660,Diospyros',0,0,0,0,0,0,0,0.0,0.0,0.0,0.0,0.0,0.0,0.0,0.0
349,660,Elaeagnus',0,28,16,0,0,0,0,11.48413372039795,5.401263236999512,23.12677915149097,0.23694967551079882,217.12412675619126,2555.9787862596586,0.0008154208804145461,8.901171713122816
349,660,Fagus',0,0,0,0,0,0,0,0.0,0.0,0.0,0.0,0.0,0.0,0.0,0.0
349,660,Fraxinus',0,96,92,0,0,0,0,21.267032623291016,9.790253639221191,91.76881553534464,1.5092677296410177,1652.4073734909296,13140.803638417057,0.004993079452777284,35.49488002589171
349,660,Gleditsia',0,0,0,0,0,0,0,0.0,0.0,0.0,0.0,0.0,0.0,0.0,0.0
349,660,Gordonia',0,0,0,0,0,0,0,0.0,0.0,0.0,0.0,0.0,0.0,0.0,0.0
349,660,Gymnocladus',0,0,0,0,0,0,0,0.0,0.0,0.0,0.0,0.0,0.0,0.0,0.0
349,660,Halesia',0,0,0,0,0,0,0,0.0,0.0,0.0,0.0,0.0,0.0,0.0,0.0
349,660,Ilex',0,0,0,0,0,0,0,0.0,0.0,0.0,0.0,0.0,0.0,0.0,0.0
349,660,Juglans',0,0,0,0,0,0,0,0.0,0.0,0.0,0.0,0.0,0.0,0.0,0.0
349,660,Juniperus',0,0,0,0,0,0,0,0.0,0.0,0.0,0.0,0.0,0.0,0.0,0.0
349,660,Larix',0,0,0,0,0,0,0,0.0,0.0,0.0,0.0,0.0,0.0,0.0,0.0
349,660,Liquidambar',0,0,0,0,0,0,0,0.0,0.0,0.0,0.0,0.0,0.0,0.0,0.0
349,660,Liriodendron',0,0,0,0,0,0,0,0.0,0.0,0.0,0.0,0.0,0.0,0.0,0.0
349,660,Lithocarpus',0,0,0,0,0,0,0,0.0,0.0,0.0,0.0,0.0,0.0,0.0,0.0
349,660,Maclura',0,0,0,0,0,0,0,0.0,0.0,0.0,0.0,0.0,0.0,0.0,0.0
349,660,Magnolia',0,0,0,0,0,0,0,0.0,0.0,0.0,0.0,0.0,0.0,0.0,0.0
349,660,Malus',0,0,0,0,0,0,0,0.0,0.0,0.0,0.0,0.0,0.0,0.0,0.0
349,660,Morus',0,0,0,0,0,0,0,0.0,0.0,0.0,0.0,0.0,0.0,0.0,0.0
349,660,Nyssa',0,0,0,0,0,0,0,0.0,0.0,0.0,0.0,0.0,0.0,0.0,0.0
349,660,Olneya',0,0,0,0,0,0,0,0.0,0.0,0.0,0.0,0.0,0.0,0.0,0.0
349,660,Ostrya',0,10,0,0,0,0,0,2.460401773452759,3.3655829429626465,1.836448538152477,0.004887593277614182,8.680779304504394,194.1081262254519,4.572731738258156e-05,1.0224939009616016
349,660,Oxydendron',0,0,0,0,0,0,0,0.0,0.0,0.0,0.0,0.0,0.0,0.0,0.0
349,660,Paulownia',0,0,0,0,0,0,0,0.0,0.0,0.0,0.0,0.0,0.0,0.0,0.0
349,660,Persea',0,0,0,0,0,0,0,0.0,0.0,0.0,0.0,0.0,0.0,0.0,0.0
349,660,Picea',0,58,92,40,0,0,0,43.659828186035156,20.829784393310547,110.4994906823337,7.0632028803054165,8713.55285456553,75392.50391483745,0.020959554893066046,172.9944575590515
349,660,Pinus',0,467,855,326,51,0,4,119.7437515258789,34.51656723022461,1265.2878252976386,70.6556560031616,90687.29627284937,306577.4316712802,0.21980370526275883,691.6959266565117
349,660,Planera',0,0,0,0,0,0,0,0.0,0.0,0.0,0.0,0.0,0.0,0.0,0.0
349,660,Platanus',0,0,0,0,0,0,0,0.0,0.0,0.0,0.0,0.0,0.0,0.0,0.0
349,660,Populus',0,808,119,0,0,0,0,19.536415100097656,9.673237800598145,431.6385238792134,2.4595094228996284,2298.116438537538,8261.343332928838,0.011320601765397387,34.404905403344166
349,660,Prosopis',0,0,0,0,0,0,0,0.0,0.0,0.0,0.0,0.0,0.0,0.0,0.0
349,660,Prunus',0,14,10,0,0,0,0,9.793246269226074,6.413172721862793,12.68229140369575,0.08244926447216308,70.11040233165026,1446.7292573361212,0.00033836952686356394,6.79116173404938
349,660,Pseudotsuga',0,0,0,0,0,0,0,0.0,0.0,0.0,0.0,0.0,0.0,0.0,0.0
349,660,Quercus',0,0,10,0,0,0,0,26.33589744567871,13.62368392944336,7.456536928686914,0.5599886706763819,858.1628810703754,19189.105378404158,0.002014369668632736,45.04267510876544
349,660,Robinia',0,0,0,0,0,0,0,0.0,0.0,0.0,0.0,0.0,0.0,0.0,0.0
349,660,Salix',0,165,12,0,0,0,0,12.39129638671875,6.895925521850586,66.09751715112618,0.27759676910101494,264.4967443796247,2492.4671924724867,0.0015392810357064022,12.410465327030014
349,660,Sassafras',0,0,0,0,0,0,0,0.0,0.0,0.0,0.0,0.0,0.0,0.0,0.0
349,660,Sequoia',0,0,0,0,0,0,0,0.0,0.0,0.0,0.0,0.0,0.0,0.0,0.0
349,660,Sequoiadendron',0,0,0,0,0,0,0,0.0,0.0,0.0,0.0,0.0,0.0,0.0,0.0
349,660,Sorbus',0,0,0,0,0,0,0,0.0,0.0,0.0,0.0,0.0,0.0,0.0,0.0
349,660,Taxodium',0,0,0,0,0,0,0,0.0,0.0,0.0,0.0,0.0,0.0,0.0,0.0
349,660,Taxus',0,0,0,0,0,0,0,0.0,0.0,0.0,0.0,0.0,0.0,0.0,0.0
349,660,Thuja',0,151,191,129,39,0,0,60.86723327636719,18.27298927307129,413.9055013096332,28.103980183430984,24882.755148150176,126232.30666760843,0.06127364585322533,293.98371032843164
349,660,Tilia',0,0,0,0,0,0,0,0.0,0.0,0.0,0.0,0.0,0.0,0.0,0.0
349,660,Torreya',0,0,0,0,0,0,0,0.0,0.0,0.0,0.0,0.0,0.0,0.0,0.0
349,660,Tsuga',0,20,49,26,0,0,0,39.52393341064453,14.976118087768555,99.53287305116653,3.126352578871657,3095.8778772974015,29200.018353903863,0.008317425592028221,70.84833755377167
349,660,Ulmus',0,39,40,0,0,0,0,21.602853775024414,8.769003868103027,35.30854953052122,0.6409770904041989,591.7525002706051,8323.629323135194,0.0018232917975923003,22.111102702981796
349,660,Umbellularia',0,0,0,0,0,0,0,0.0,0.0,0.0,0.0,0.0,0.0,0.0,0.0
349,670,Abies',0,10,0,11,0,0,0,41.15209197998047,16.923791885375977,23.62295577645302,1.1426024129356673,1187.014229556322,18636.171515413647,0.002979029754479106,46.18453788091045
349,670,Acer',0,433,171,0,0,0,0,20.815685272216797,13.438821792602539,319.40695410900855,2.8214896800155382,3834.2296753928067,19367.908336739412,0.013118550942041467,55.591644012853465
349,670,Aesculus',0,0,0,0,0,0,0,0.0,0.0,0.0,0.0,0.0,0.0,0.0,0.0
349,670,Ailanthus',0,0,0,0,0,0,0,0.0,0.0,0.0,0.0,0.0,0.0,0.0,0.0
349,670,Alnus',0,6,0,0,0,0,0,2.5,2.836749315261841,0.0,0.0030434178831651028,3.2996394991874696,73.78218221426553,7.332531665451824e-06,0.16396039251120015
349,670,Amelanchier',0,0,0,0,0,0,0,0.0,0.0,0.0,0.0,0.0,0.0,0.0,0.0
349,670,Arbutus',0,0,0,0,0,0,0,0.0,0.0,0.0,0.0,0.0,0.0,0.0,0.0
349,670,Asimina',0,0,0,0,0,0,0,0.0,0.0,0.0,0.0,0.0,0.0,0.0,0.0
349,670,Betula',0,1250,481,16,3,0,0,49.644508361816406,16.394485473632812,843.3764071621094,11.18272359270016,13712.440514090062,49630.77790320022,0.042612962180898044,121.70370376455045
349,670,Calocedrus',0,0,0,0,0,0,0,0.0,0.0,0.0,0.0,0.0,0.0,0.0,0.0
349,670,Carpinus',0,0,0,0,0,0,0,0.0,0.0,0.0,0.0,0.0,0.0,0.0,0.0
349,670,Carya',0,0,0,0,0,0,0,0.0,0.0,0.0,0.0,0.0,0.0,0.0,0.0
349,670,Castanea',0,0,0,0,0,0,0,0.0,0.0,0.0,0.0,0.0,0.0,0.0,0.0
349,670,Catalpa',0,0,0,0,0,0,0,0.0,0.0,0.0,0.0,0.0,0.0,0.0,0.0
349,670,Celtis',0,0,0,0,0,0,0,0.0,0.0,0.0,0.0,0.0,0.0,0.0,0.0
349,670,Cercis',0,0,0,0,0,0,0,0.0,0.0,0.0,0.0,0.0,0.0,0.0,0.0
349,670,Cercocarpus',0,0,0,0,0,0,0,0.0,0.0,0.0,0.0,0.0,0.0,0.0,0.0
349,670,Chamaecyparis',0,0,0,0,0,0,0,0.0,0.0,0.0,0.0,0.0,0.0,0.0,0.0
349,670,Chilopsis',0,0,0,0,0,0,0,0.0,0.0,0.0,0.0,0.0,0.0,0.0,0.0
349,670,Chrysolepis',0,0,0,0,0,0,0,0.0,0.0,0.0,0.0,0.0,0.0,0.0,0.0
349,670,Cladrastis',0,0,0,0,0,0,0,0.0,0.0,0.0,0.0,0.0,0.0,0.0,0.0
349,670,Comus',0,0,0,0,0,0,0,0.0,0.0,0.0,0.0,0.0,0.0,0.0,0.0
349,670,Cornus',0,0,0,0,0,0,0,0.0,0.0,0.0,0.0,0.0,0.0,0.0,0.0
349,670,Crataegus',0,0,0,0,0,0,0,0.0,0.0,0.0,0.0,0.0,0.0,0.0,0.0
349,670,Cupressus',0,0,0,0,0,0,0,0.0,0.0,0.0,0.0,0.0,0.0,0.0,0.0
349,670,Diospyros',0,0,0,0,0,0,0,0.0,0.0,0.0,0.0,0.0,0.0,0.0,0.0
349,670,Elaeagnus',0,72,7,0,0,0,0,21.072792053222656,7.093079090118408,36.82497512266228,0.3048804104687064,304.7196203765273,3404.5634823893934,0.001207270707450808,11.248594187410191
349,670,Fagus',0,0,0,0,0,0,0,0.0,0.0,0.0,0.0,0.0,0.0,0.0,0.0
349,670,Fraxinus',0,112,92,0,0,0,0,24.249874114990234,10.69384479522705,81.10222765881143,1.974236349388389,2215.063282178417,18491.77940831072,0.006089874506190426,45.95463366318084
349,670,Gleditsia',0,0,0,0,0,0,0,0.0,0.0,0.0,0.0,0.0,0.0,0.0,0.0
349,670,Gordonia',0,0,0,0,0,0,0,0.0,0.0,0.0,0.0,0.0,0.0,0.0,0.0
349,670,Gymnocladus',0,0,0,0,0,0,0,0.0,0.0,0.0,0.0,0.0,0.0,0.0,0.0
349,670,Halesia',0,0,0,0,0,0,0,0.0,0.0,0.0,0.0,0.0,0.0,0.0,0.0
349,670,Ilex',0,0,0,0,0,0,0,0.0,0.0,0.0,0.0,0.0,0.0,0.0,0.0
349,670,Juglans',0,0,0,0,0,0,0,0.0,0.0,0.0,0.0,0.0,0.0,0.0,0.0
349,670,Juniperus',0,10,0,0,0,0,0,2.4276583194732666,3.1880979537963867,2.058732569217682,0.0047213389179491016,7.14334825873375,159.7301229348341,4.5611355616711115e-05,1.0199009170488273
349,670,Larix',0,0,0,0,0,0,0,0.0,0.0,0.0,0.0,0.0,0.0,0.0,0.0
349,670,Liquidambar',0,0,0,0,0,0,0,0.0,0.0,0.0,0.0,0.0,0.0,0.0,0.0
349,670,Liriodendron',0,0,0,0,0,0,0,0.0,0.0,0.0,0.0,0.0,0.0,0.0,0.0
349,670,Lithocarpus',0,0,0,0,0,0,0,0.0,0.0,0.0,0.0,0.0,0.0,0.0,0.0
349,670,Maclura',0,0,0,0,0,0,0,0.0,0.0,0.0,0.0,0.0,0.0,0.0,0.0
349,670,Magnolia',0,0,0,0,0,0,0,0.0,0.0,0.0,0.0,0.0,0.0,0.0,0.0
349,670,Malus',0,0,0,0,0,0,0,0.0,0.0,0.0,0.0,0.0,0.0,0.0,0.0
349,670,Morus',0,0,0,0,0,0,0,0.0,0.0,0.0,0.0,0.0,0.0,0.0,0.0
349,670,Nyssa',0,0,0,0,0,0,0,0.0,0.0,0.0,0.0,0.0,0.0,0.0,0.0
349,670,Olneya',0,0,0,0,0,0,0,0.0,0.0,0.0,0.0,0.0,0.0,0.0,0.0
349,670,Ostrya',0,0,0,0,0,0,0,0.0,0.0,0.0,0.0,0.0,0.0,0.0,0.0
349,670,Oxydendron',0,0,0,0,0,0,0,0.0,0.0,0.0,0.0,0.0,0.0,0.0,0.0
349,670,Paulownia',0,0,0,0,0,0,0,0.0,0.0,0.0,0.0,0.0,0.0,0.0,0.0
349,670,Persea',0,0,0,0,0,0,0,0.0,0.0,0.0,0.0,0.0,0.0,0.0,0.0
349,670,Picea',0,35,78,61,0,0,0,44.55610275268555,21.042070388793945,123.00726214706897,7.961564746261245,9943.53516864121,81676.59039554736,0.023873516134660676,187.39312350897438
349,670,Pinus',0,612,580,436,40,0,4,121.27021026611328,34.56184768676758,1191.8738393584638,74.40190534270405,96056.12691767105,316923.43090421445,0.23067401579224087,714.8554876178288
349,670,Planera',0,0,0,0,0,0,0,0.0,0.0,0.0,0.0,0.0,0.0,0.0,0.0
349,670,Platanus',0,0,0,0,0,0,0,0.0,0.0,0.0,0.0,0.0,0.0,0.0,0.0
349,670,Populus',0,762,219,0,0,0,0,19.745790481567383,13.52139949798584,442.3667972419363,3.162139507454795,2807.0423009425404,10264.014226071495,0.012605987624288063,39.14944506766727
349,670,Prosopis',0,0,0,0,0,0,0,0.0,0.0,0.0,0.0,0.0,0.0,0.0,0.0
349,670,Prunus',0,20,0,0,0,0,0,6.921998500823975,5.240603923797607,9.85629177027488,0.04152422159148204,38.92932823807001,793.109080849212,0.00022839641042705602,4.5146811333937915
349,670,Pseudotsuga',0,0,0,0,0,0,0,0.0,0.0,0.0,0.0,0.0,0.0,0.0,0.0
349,670,Quercus',0,2,0,10,0,0,0,28.012157440185547,14.237397193908691,11.728872000888177,0.6335910556621897,1012.4948020830751,22632.491130191123,0.0024188321272125366,54.051330963464494
349,670,Robinia',0,0,0,0,0,0,0,0.0,0.0,0.0,0.0,0.0,0.0,0.0,0.0
349,670,Salix',0,108,6,0,0,0,0,18.196826934814453,8.828397750854492,55.60504223373306,0.2046064045843467,216.9757172842324,1936.2326784327045,0.0012826337369055262,10.966494985974437
349,670,Sassafras',0,0,0,0,0,0,0,0.0,0.0,0.0,0.0,0.0,0.0,0.0,0.0
349,670,Sequoia',0,0,0,0,0,0,0,0.0,0.0,0.0,0.0,0.0,0.0,0.0,0.0
349,670,Sequoiadendron',0,0,0,0,0,0,0,0.0,0.0,0.0,0.0,0.0,0.0,0.0,0.0
349,670,Sorbus',0,0,0,0,0,0,0,0.0,0.0,0.0,0.0,0.0,0.0,0.0,0.0
349,670,Taxodium',0,0,0,0,0,0,0,0.0,0.0,0.0,0.0,0.0,0.0,0.0,0.0
349,670,Taxus',0,0,0,0,0,0,0,0.0,0.0,0.0,0.0,0.0,0.0,0.0,0.0
349,670,Thuja',0,54,266,122,33,0,0,52.49799346923828,17.420940399169922,408.4368152143061,27.1113226622829,23716.057726144045,116352.19535756971,0.05860199362526816,272.821779863594
349,670,Tilia',0,0,0,0,0,0,0,0.0,0.0,0.0,0.0,0.0,0.0,0.0,0.0
349,670,Torreya',0,0,0,0,0,0,0,0.0,0.0,0.0,0.0,0.0,0.0,0.0,0.0
349,670,Tsuga',0,10,48,26,0,0,0,42.838191986083984,15.76980972290039,87.81936717510223,3.84552930192283,3835.5702293205263,34339.68596083451,0.009791991489950557,81.61503253921715
349,670,Ulmus',0,51,40,0,0,0,0,15.54556655883789,6.856556415557861,56.91364492796644,0.5786249955657127,534.9610299825669,5385.443851652785,0.0020081058231266194,17.728061818066546
349,670,Umbellularia',0,0,0,0,0,0,0,0.0,0.0,0.0,0.0,0.0,0.0,0.0,0.0
349,680,Abies',0,2,0,11,0,0,0,45.63377380371094,17.8172664642334,14.762591934204101,1.3558956298217186,1432.5894382023812,22618.876750267296,0.003396769440661497,53.619784665065275
349,680,Acer',0,426,168,0,0,0,0,21.733457565307617,13.723292350769043,353.50766222287393,2.980378331094024,4119.615242005736,20235.935128470042,0.01424363989759491,57.683277004228906
349,680,Aesculus',0,0,0,0,0,0,0,0.0,0.0,0.0,0.0,0.0,0.0,0.0,0.0
349,680,Ailanthus',0,0,0,0,0,0,0,0.0,0.0,0.0,0.0,0.0,0.0,0.0,0.0
349,680,Alnus',0,0,0,0,0,0,0,0.0,0.0,0.0,0.0,0.0,0.0,0.0,0.0
349,680,Amelanchier',0,0,0,0,0,0,0,0.0,0.0,0.0,0.0,0.0,0.0,0.0,0.0
349,680,Arbutus',0,0,0,0,0,0,0,0.0,0.0,0.0,0.0,0.0,0.0,0.0,0.0
349,680,Asimina',0,0,0,0,0,0,0,0.0,0.0,0.0,0.0,0.0,0.0,0.0,0.0
349,680,Betula',0,1260,442,16,3,0,0,51.773555755615234,17.22677993774414,831.0319206728068,10.591232779179771,13200.336566068307,51797.22762550066,0.04129724755115491,125.59780971046486
349,680,Calocedrus',0,0,0,0,0,0,0,0.0,0.0,0.0,0.0,0.0,0.0,0.0,0.0
349,680,Carpinus',0,0,0,0,0,0,0,0.0,0.0,0.0,0.0,0.0,0.0,0.0,0.0
349,680,Carya',0,0,0,0,0,0,0,0.0,0.0,0.0,0.0,0.0,0.0,0.0,0.0
349,680,Castanea',0,0,0,0,0,0,0,0.0,0.0,0.0,0.0,0.0,0.0,0.0,0.0
349,680,Catalpa',0,0,0,0,0,0,0,0.0,0.0,0.0,0.0,0.0,0.0,0.0,0.0
349,680,Celtis',0,0,0,0,0,0,0,0.0,0.0,0.0,0.0,0.0,0.0,0.0,0.0
349,680,Cercis',0,0,0,0,0,0,0,0.0,0.0,0.0,0.0,0.0,0.0,0.0,0.0
349,680,Cercocarpus',0,0,0,0,0,0,0,0.0,0.0,0.0,0.0,0.0,0.0,0.0,0.0
349,680,Chamaecyparis',0,0,0,0,0,0,0,0.0,0.0,0.0,0.0,0.0,0.0,0.0,0.0
349,680,Chilopsis',0,0,0,0,0,0,0,0.0,0.0,0.0,0.0,0.0,0.0,0.0,0.0
349,680,Chrysolepis',0,0,0,0,0,0,0,0.0,0.0,0.0,0.0,0.0,0.0,0.0,0.0
349,680,Cladrastis',0,0,0,0,0,0,0,0.0,0.0,0.0,0.0,0.0,0.0,0.0,0.0
349,680,Comus',0,0,0,0,0,0,0,0.0,0.0,0.0,0.0,0.0,0.0,0.0,0.0
349,680,Cornus',0,0,0,0,0,0,0,0.0,0.0,0.0,0.0,0.0,0.0,0.0,0.0
349,680,Crataegus',0,0,0,0,0,0,0,0.0,0.0,0.0,0.0,0.0,0.0,0.0,0.0
349,680,Cupressus',0,0,0,0,0,0,0,0.0,0.0,0.0,0.0,0.0,0.0,0.0,0.0
349,680,Diospyros',0,0,0,0,0,0,0,0.0,0.0,0.0,0.0,0.0,0.0,0.0,0.0
349,680,Elaeagnus',0,53,0,0,0,0,0,26.231708526611328,7.645008087158203,19.995202952170672,0.11017068168305143,119.84206342220307,1130.058474986395,0.0005541577566722402,5.094587853805983
349,680,Fagus',0,0,0,0,0,0,0,0.0,0.0,0.0,0.0,0.0,0.0,0.0,0.0
349,680,Fraxinus',0,110,35,0,0,0,0,20.34250831604004,9.497920036315918,59.967797180708445,0.861793665929078,1001.7810603484512,10890.116166763371,0.0030894499562361738,28.52332816115048
349,680,Gleditsia',0,0,0,0,0,0,0,0.0,0.0,0.0,0.0,0.0,0.0,0.0,0.0
349,680,Gordonia',0,0,0,0,0,0,0,0.0,0.0,0.0,0.0,0.0,0.0,0.0,0.0
349,680,Gymnocladus',0,0,0,0,0,0,0,0.0,0.0,0.0,0.0,0.0,0.0,0.0,0.0
349,680,Halesia',0,0,0,0,0,0,0,0.0,0.0,0.0,0.0,0.0,0.0,0.0,0.0
349,680,Ilex',0,0,0,0,0,0,0,0.0,0.0,0.0,0.0,0.0,0.0,0.0,0.0
349,680,Juglans',0,0,0,0,0,0,0,0.0,0.0,0.0,0.0,0.0,0.0,0.0,0.0
349,680,Juniperus',0,0,0,0,0,0,0,0.0,0.0,0.0,0.0,0.0,0.0,0.0,0.0
349,680,Larix',0,0,0,0,0,0,0,0.0,0.0,0.0,0.0,0.0,0.0,0.0,0.0
349,680,Liquidambar',0,0,0,0,0,0,0,0.0,0.0,0.0,0.0,0.0,0.0,0.0,0.0
349,680,Liriodendron',0,0,0,0,0,0,0,0.0,0.0,0.0,0.0,0.0,0.0,0.0,0.0
349,680,Lithocarpus',0,0,0,0,0,0,0,0.0,0.0,0.0,0.0,0.0,0.0,0.0,0.0
349,680,Maclura',0,0,0,0,0,0,0,0.0,0.0,0.0,0.0,0.0,0.0,0.0,0.0
349,680,Magnolia',0,0,0,0,0,0,0,0.0,0.0,0.0,0.0,0.0,0.0,0.0,0.0
349,680,Malus',0,0,0,0,0,0,0,0.0,0.0,0.0,0.0,0.0,0.0,0.0,0.0
349,680,Morus',0,0,0,0,0,0,0,0.0,0.0,0.0,0.0,0.0,0.0,0.0,0.0
349,680,Nyssa',0,0,0,0,0,0,0,0.0,0.0,0.0,0.0,0.0,0.0,0.0,0.0
349,680,Olneya',0,0,0,0,0,0,0,0.0,0.0,0.0,0.0,0.0,0.0,0.0,0.0
349,680,Ostrya',0,0,0,0,0,0,0,0.0,0.0,0.0,0.0,0.0,0.0,0.0,0.0
349,680,Oxydendron',0,0,0,0,0,0,0,0.0,0.0,0.0,0.0,0.0,0.0,0.0,0.0
349,680,Paulownia',0,0,0,0,0,0,0,0.0,0.0,0.0,0.0,0.0,0.0,0.0,0.0
349,680,Persea',0,0,0,0,0,0,0,0.0,0.0,0.0,0.0,0.0,0.0,0.0,0.0
349,680,Picea',0,34,99,65,0,0,0,45.56979751586914,21.276254653930664,111.43081059463321,9.09574400530951,11343.933228834941,88685.18434331453,0.026818296687516528,201.9410609555615
349,680,Pinus',0,872,657,324,39,0,4,122.77792358398438,34.604637145996094,1260.0413553611188,67.4754489925375,88079.5448707027,317135.0119149134,0.21393292066411254,714.6599215802165
349,680,Planera',0,0,0,0,0,0,0,0.0,0.0,0.0,0.0,0.0,0.0,0.0,0.0
349,680,Platanus',0,0,0,0,0,0,0,0.0,0.0,0.0,0.0,0.0,0.0,0.0,0.0
349,680,Populus',0,859,160,0,0,0,0,20.06340217590332,13.660597801208496,408.4155875273473,3.2734861312770636,2992.8900092016906,12867.335215877069,0.012530235928666424,42.04984503992067
349,680,Prosopis',0,0,0,0,0,0,0,0.0,0.0,0.0,0.0,0.0,0.0,0.0,0.0
349,680,Prunus',0,0,0,0,0,0,0,0.0,0.0,0.0,0.0,0.0,0.0,0.0,0.0
349,680,Pseudotsuga',0,0,0,0,0,0,0,0.0,0.0,0.0,0.0,0.0,0.0,0.0,0.0
349,680,Quercus',0,15,0,10,0,0,0,29.795623779296875,14.871516227722168,10.754714789269844,0.7221299199166534,1181.6039147603512,26213.947591914977,0.0027806066288156494,61.29210625398967
349,680,Robinia',0,0,0,0,0,0,0,0.0,0.0,0.0,0.0,0.0,0.0,0.0,0.0
349,680,Salix',0,139,0,0,0,0,0,7.188119888305664,4.820346355438232,57.33119915463501,0.23061304282352163,211.99618124961853,1719.7588019868263,0.0012964170895952232,10.567478198832223
349,680,Sassafras',0,0,0,0,0,0,0,0.0,0.0,0.0,0.0,0.0,0.0,0.0,0.0
349,680,Sequoia',0,0,0,0,0,0,0,0.0,0.0,0.0,0.0,0.0,0.0,0.0,0.0
349,680,Sequoiadendron',0,0,0,0,0,0,0,0.0,0.0,0.0,0.0,0.0,0.0,0.0,0.0
349,680,Sorbus',0,0,0,0,0,0,0,0.0,0.0,0.0,0.0,0.0,0.0,0.0,0.0
349,680,Taxodium',0,0,0,0,0,0,0,0.0,0.0,0.0,0.0,0.0,0.0,0.0,0.0
349,680,Taxus',0,0,0,0,0,0,0,0.0,0.0,0.0,0.0,0.0,0.0,0.0,0.0
349,680,Thuja',0,120,226,132,43,0,0,59.239295959472656,18.1248836517334,434.79665556788444,30.61391630473398,27312.39117923841,133642.16531354122,0.06697459870169488,311.2277345625525
349,680,Tilia',0,0,0,0,0,0,0,0.0,0.0,0.0,0.0,0.0,0.0,0.0,0.0
349,680,Torreya',0,0,0,0,0,0,0,0.0,0.0,0.0,0.0,0.0,0.0,0.0,0.0
349,680,Tsuga',0,34,58,13,0,0,0,43.21755599975586,15.857942581176758,78.30263556659222,3.4548682930392562,3395.8276358503103,33799.051608064416,0.008677321690340849,80.25747812400189
349,680,Ulmus',0,40,50,0,0,0,0,18.729389190673828,7.8782057762146,52.559061453123626,1.0748336045414797,937.6603495949507,8752.632547106014,0.0028403065590523135,24.50988524114282
349,680,Umbellularia',0,0,0,0,0,0,0,0.0,0.0,0.0,0.0,0.0,0.0,0.0,0.0
349,690,Abies',0,0,0,8,3,0,0,50.128028869628906,18.613994598388672,18.606148061752318,1.596868251693982,1747.6637545681,27605.832066824034,0.004152452458302166,65.591609235498
349,690,Acer',0,419,115,0,0,0,0,23.371658325195312,14.452147483825684,288.8670191135776,2.5412755720341655,3505.896063154638,21303.683879516124,0.011949281326028516,58.106509718412376
349,690,Aesculus',0,0,0,0,0,0,0,0.0,0.0,0.0,0.0,0.0,0.0,0.0,0.0
349,690,Ailanthus',0,0,0,0,0,0,0,0.0,0.0,0.0,0.0,0.0,0.0,0.0,0.0
349,690,Alnus',0,10,0,0,0,0,0,2.5055079460144043,3.4747865200042725,2.0521501102779482,0.005028999841678646,6.463573855161667,144.52990517731763,4.390533946920166e-05,0.9817532362833893
349,690,Amelanchier',0,0,0,0,0,0,0,0.0,0.0,0.0,0.0,0.0,0.0,0.0,0.0
349,690,Arbutus',0,0,0,0,0,0,0,0.0,0.0,0.0,0.0,0.0,0.0,0.0,0.0
349,690,Asimina',0,0,0,0,0,0,0,0.0,0.0,0.0,0.0,0.0,0.0,0.0,0.0
349,690,Betula',0,1098,538,13,3,0,0,53.780540466308594,18.33944320678711,970.0158913637498,11.625834495101268,14596.389762306884,53870.54140325557,0.04640033924195509,130.84957649746252
349,690,Calocedrus',0,0,0,0,0,0,0,0.0,0.0,0.0,0.0,0.0,0.0,0.0,0.0
349,690,Carpinus',0,0,0,0,0,0,0,0.0,0.0,0.0,0.0,0.0,0.0,0.0,0.0
349,690,Carya',0,0,0,0,0,0,0,0.0,0.0,0.0,0.0,0.0,0.0,0.0,0.0
349,690,Castanea',0,0,0,0,0,0,0,0.0,0.0,0.0,0.0,0.0,0.0,0.0,0.0
349,690,Catalpa',0,0,0,0,0,0,0,0.0,0.0,0.0,0.0,0.0,0.0,0.0,0.0
349,690,Celtis',0,0,0,0,0,0,0,0.0,0.0,0.0,0.0,0.0,0.0,0.0,0.0
349,690,Cercis',0,0,0,0,0,0,0,0.0,0.0,0.0,0.0,0.0,0.0,0.0,0.0
349,690,Cercocarpus',0,0,0,0,0,0,0,0.0,0.0,0.0,0.0,0.0,0.0,0.0,0.0
349,690,Chamaecyparis',0,0,0,0,0,0,0,0.0,0.0,0.0,0.0,0.0,0.0,0.0,0.0
349,690,Chilopsis',0,0,0,0,0,0,0,0.0,0.0,0.0,0.0,0.0,0.0,0.0,0.0
349,690,Chrysolepis',0,0,0,0,0,0,0,0.0,0.0,0.0,0.0,0.0,0.0,0.0,0.0
349,690,Cladrastis',0,0,0,0,0,0,0,0.0,0.0,0.0,0.0,0.0,0.0,0.0,0.0
349,690,Comus',0,0,0,0,0,0,0,0.0,0.0,0.0,0.0,0.0,0.0,0.0,0.0
349,690,Cornus',0,0,0,0,0,0,0,0.0,0.0,0.0,0.0,0.0,0.0,0.0,0.0
349,690,Crataegus',0,0,0,0,0,0,0,0.0,0.0,0.0,0.0,0.0,0.0,0.0,0.0
349,690,Cupressus',0,0,0,0,0,0,0,0.0,0.0,0.0,0.0,0.0,0.0,0.0,0.0
349,690,Diospyros',0,0,0,0,0,0,0,0.0,0.0,0.0,0.0,0.0,0.0,0.0,0.0
349,690,Elaeagnus',0,23,1,0,0,0,0,9.25103759765625,4.827609062194824,12.822828762516188,0.05014128116590481,57.76028798699379,714.58871404955,0.00031294793969485844,3.6579555662402496
349,690,Fagus',0,0,0,0,0,0,0,0.0,0.0,0.0,0.0,0.0,0.0,0.0,0.0
349,690,Fraxinus',0,101,43,0,0,0,0,23.396778106689453,10.441449165344238,77.26705701856672,0.9887604491339048,1190.6166593718528,13100.820343188414,0.003758117063882763,33.34453706908566
349,690,Gleditsia',0,0,0,0,0,0,0,0.0,0.0,0.0,0.0,0.0,0.0,0.0,0.0
349,690,Gordonia',0,0,0,0,0,0,0,0.0,0.0,0.0,0.0,0.0,0.0,0.0,0.0
349,690,Gymnocladus',0,0,0,0,0,0,0,0.0,0.0,0.0,0.0,0.0,0.0,0.0,0.0
349,690,Halesia',0,0,0,0,0,0,0,0.0,0.0,0.0,0.0,0.0,0.0,0.0,0.0
349,690,Ilex',0,0,0,0,0,0,0,0.0,0.0,0.0,0.0,0.0,0.0,0.0,0.0
349,690,Juglans',0,0,0,0,0,0,0,0.0,0.0,0.0,0.0,0.0,0.0,0.0,0.0
349,690,Juniperus',0,0,0,0,0,0,0,0.0,0.0,0.0,0.0,0.0,0.0,0.0,0.0
349,690,Larix',0,0,0,0,0,0,0,0.0,0.0,0.0,0.0,0.0,0.0,0.0,0.0
349,690,Liquidambar',0,0,0,0,0,0,0,0.0,0.0,0.0,0.0,0.0,0.0,0.0,0.0
349,690,Liriodendron',0,0,0,0,0,0,0,0.0,0.0,0.0,0.0,0.0,0.0,0.0,0.0
349,690,Lithocarpus',0,0,0,0,0,0,0,0.0,0.0,0.0,0.0,0.0,0.0,0.0,0.0
349,690,Maclura',0,0,0,0,0,0,0,0.0,0.0,0.0,0.0,0.0,0.0,0.0,0.0
349,690,Magnolia',0,0,0,0,0,0,0,0.0,0.0,0.0,0.0,0.0,0.0,0.0,0.0
349,690,Malus',0,0,0,0,0,0,0,0.0,0.0,0.0,0.0,0.0,0.0,0.0,0.0
349,690,Morus',0,0,0,0,0,0,0,0.0,0.0,0.0,0.0,0.0,0.0,0.0,0.0
349,690,Nyssa',0,0,0,0,0,0,0,0.0,0.0,0.0,0.0,0.0,0.0,0.0,0.0
349,690,Olneya',0,0,0,0,0,0,0,0.0,0.0,0.0,0.0,0.0,0.0,0.0,0.0
349,690,Ostrya',0,0,0,0,0,0,0,0.0,0.0,0.0,0.0,0.0,0.0,0.0,0.0
349,690,Oxydendron',0,0,0,0,0,0,0,0.0,0.0,0.0,0.0,0.0,0.0,0.0,0.0
349,690,Paulownia',0,0,0,0,0,0,0,0.0,0.0,0.0,0.0,0.0,0.0,0.0,0.0
349,690,Persea',0,0,0,0,0,0,0,0.0,0.0,0.0,0.0,0.0,0.0,0.0,0.0
349,690,Picea',0,51,99,66,0,0,0,46.5475959777832,21.496341705322266,138.4164443978667,10.253587167676862,12978.08507943064,96446.62257059323,0.030839537086896008,219.83400333362272
349,690,Pinus',0,657,870,301,47,0,4,124.27861022949219,34.6453971862793,1331.8450605794787,69.29433241843829,90401.64165703148,329220.62971447886,0.22013029683349164,741.5014311808751
349,690,Planera',0,0,0,0,0,0,0,0.0,0.0,0.0,0.0,0.0,0.0,0.0,0.0
349,690,Platanus',0,0,0,0,0,0,0,0.0,0.0,0.0,0.0,0.0,0.0,0.0,0.0
349,690,Populus',0,786,166,0,0,0,0,22.706281661987305,14.764516830444336,424.9953757648509,3.198196819117404,3014.999612390995,13842.730252835534,0.012818043727268934,43.815677571565324
349,690,Prosopis',0,0,0,0,0,0,0,0.0,0.0,0.0,0.0,0.0,0.0,0.0,0.0
349,690,Prunus',0,8,0,0,0,0,0,2.3398327827453613,2.8387391567230225,1.6107622713227814,0.0034743285494621906,4.170688115358352,93.2594213889181,3.245601361524303e-05,0.7257385272234174
349,690,Pseudotsuga',0,0,0,0,0,0,0,0.0,0.0,0.0,0.0,0.0,0.0,0.0,0.0
349,690,Quercus',0,3,0,10,0,0,0,31.460752487182617,15.446521759033203,8.259523646740973,0.8022532611019662,1341.3399394750595,29878.445921224273,0.003099655916184172,68.65734217553046
349,690,Robinia',0,0,0,0,0,0,0,0.0,0.0,0.0,0.0,0.0,0.0,0.0,0.0
349,690,Salix',0,129,0,0,0,0,0,6.576358795166016,4.552112102508545,45.86047485942327,0.1402546128552459,148.93624847471713,1167.9960046527085,0.0009911564543317072,7.972110284936268
349,690,Sassafras',0,0,0,0,0,0,0,0.0,0.0,0.0,0.0,0.0,0.0,0.0,0.0
349,690,Sequoia',0,0,0,0,0,0,0,0.0,0.0,0.0,0.0,0.0,0.0,0.0,0.0
349,690,Sequoiadendron',0,0,0,0,0,0,0,0.0,0.0,0.0,0.0,0.0,0.0,0.0,0.0
349,690,Sorbus',0,0,0,0,0,0,0,0.0,0.0,0.0,0.0,0.0,0.0,0.0,0.0
349,690,Taxodium',0,0,0,0,0,0,0,0.0,0.0,0.0,0.0,0.0,0.0,0.0,0.0
349,690,Taxus',0,0,0,0,0,0,0,0.0,0.0,0.0,0.0,0.0,0.0,0.0,0.0
349,690,Thuja',0,124,235,110,70,0,0,57.538875579833984,17.961585998535156,391.6696619926393,34.50664337139048,30997.158892017454,151030.71042016541,0.07454002712286019,347.7147595975616
349,690,Tilia',0,0,0,0,0,0,0,0.0,0.0,0.0,0.0,0.0,0.0,0.0,0.0
349,690,Torreya',0,0,0,0,0,0,0,0.0,0.0,0.0,0.0,0.0,0.0,0.0,0.0
349,690,Tsuga',0,34,87,17,0,0,0,44.86215591430664,16.233739852905273,109.2258073091507,4.418244079760232,4372.731919487715,38799.02922890639,0.011294888474430588,90.87819050923942
349,690,Ulmus',0,14,71,0,0,0,0,21.46091651916504,8.725683212280273,43.89549517084525,1.538649019317693,1365.11113873899,12743.786370609909,0.003665480228445495,32.661526097659646
349,690,Umbellularia',0,0,0,0,0,0,0,0.0,0.0,0.0,0.0,0.0,0.0,0.0,0.0
349,700,Abies',0,21,0,8,0,0,0,38.706153869628906,16.3901309967041,9.63592518299818,0.9709865102234941,1018.299011105001,22577.428936375727,0.0024020721797721922,52.39856892126548
349,700,Acer',0,419,90,0,0,0,0,18.57558822631836,12.246530532836914,211.9776802390955,1.8218396201691558,2552.928640274331,15895.729376387011,0.008724711153863472,44.58667777148041
349,700,Aesculus',0,0,0,0,0,0,0,0.0,0.0,0.0,0.0,0.0,0.0,0.0,0.0
349,700,Ailanthus',0,0,0,0,0,0,0,0.0,0.0,0.0,0.0,0.0,0.0,0.0,0.0
349,700,Alnus',0,17,0,0,0,0,0,4.1043243408203125,4.529364109039307,5.322409834288343,0.013658968034846114,17.893607981204987,349.2120115726754,0.00011638262006733607,2.262949648704165
349,700,Amelanchier',0,0,0,0,0,0,0,0.0,0.0,0.0,0.0,0.0,0.0,0.0,0.0
349,700,Arbutus',0,0,0,0,0,0,0,0.0,0.0,0.0,0.0,0.0,0.0,0.0,0.0
349,700,Asimina',0,0,0,0,0,0,0,0.0,0.0,0.0,0.0,0.0,0.0,0.0,0.0
349,700,Betula',0,1173,557,13,4,0,0,55.46189880371094,19.291147232055664,903.3907845440685,12.58314653848928,15465.561254542694,55619.562638168325,0.04737272566420097,134.18790555584175
349,700,Calocedrus',0,0,0,0,0,0,0,0.0,0.0,0.0,0.0,0.0,0.0,0.0,0.0
349,700,Carpinus',0,0,0,0,0,0,0,0.0,0.0,0.0,0.0,0.0,0.0,0.0,0.0
349,700,Carya',0,0,0,0,0,0,0,0.0,0.0,0.0,0.0,0.0,0.0,0.0,0.0
349,700,Castanea',0,0,0,0,0,0,0,0.0,0.0,0.0,0.0,0.0,0.0,0.0,0.0
349,700,Catalpa',0,0,0,0,0,0,0,0.0,0.0,0.0,0.0,0.0,0.0,0.0,0.0
349,700,Celtis',0,0,0,0,0,0,0,0.0,0.0,0.0,0.0,0.0,0.0,0.0,0.0
349,700,Cercis',0,0,0,0,0,0,0,0.0,0.0,0.0,0.0,0.0,0.0,0.0,0.0
349,700,Cercocarpus',0,0,0,0,0,0,0,0.0,0.0,0.0,0.0,0.0,0.0,0.0,0.0
349,700,Chamaecyparis',0,0,0,0,0,0,0,0.0,0.0,0.0,0.0,0.0,0.0,0.0,0.0
349,700,Chilopsis',0,0,0,0,0,0,0,0.0,0.0,0.0,0.0,0.0,0.0,0.0,0.0
349,700,Chrysolepis',0,0,0,0,0,0,0,0.0,0.0,0.0,0.0,0.0,0.0,0.0,0.0
349,700,Cladrastis',0,0,0,0,0,0,0,0.0,0.0,0.0,0.0,0.0,0.0,0.0,0.0
349,700,Comus',0,0,0,0,0,0,0,0.0,0.0,0.0,0.0,0.0,0.0,0.0,0.0
349,700,Cornus',0,0,0,0,0,0,0,0.0,0.0,0.0,0.0,0.0,0.0,0.0,0.0
349,700,Crataegus',0,0,0,0,0,0,0,0.0,0.0,0.0,0.0,0.0,0.0,0.0,0.0
349,700,Cupressus',0,0,0,0,0,0,0,0.0,0.0,0.0,0.0,0.0,0.0,0.0,0.0
349,700,Diospyros',0,0,0,0,0,0,0,0.0,0.0,0.0,0.0,0.0,0.0,0.0,0.0
349,700,Elaeagnus',0,52,0,0,0,0,0,7.975346088409424,4.459745407104492,16.623823575062463,0.06895870976144565,79.4607017184794,992.3899312052386,0.0004158885135890463,5.0169850374748926
349,700,Fagus',0,0,0,0,0,0,0,0.0,0.0,0.0,0.0,0.0,0.0,0.0,0.0
349,700,Fraxinus',0,133,23,0,0,0,0,15.150857925415039,7.741016387939453,71.77560202176151,0.5477236746843243,629.3433907405287,5192.78638104235,0.0024317905528994737,17.90021082909735
349,700,Gleditsia',0,0,0,0,0,0,0,0.0,0.0,0.0,0.0,0.0,0.0,0.0,0.0
349,700,Gordonia',0,0,0,0,0,0,0,0.0,0.0,0.0,0.0,0.0,0.0,0.0,0.0
349,700,Gymnocladus',0,0,0,0,0,0,0,0.0,0.0,0.0,0.0,0.0,0.0,0.0,0.0
349,700,Halesia',0,0,0,0,0,0,0,0.0,0.0,0.0,0.0,0.0,0.0,0.0,0.0
349,700,Ilex',0,0,0,0,0,0,0,0.0,0.0,0.0,0.0,0.0,0.0,0.0,0.0
349,700,Juglans',0,0,0,0,0,0,0,0.0,0.0,0.0,0.0,0.0,0.0,0.0,0.0
349,700,Juniperus',0,0,0,0,0,0,0,0.0,0.0,0.0,0.0,0.0,0.0,0.0,0.0
349,700,Larix',0,0,0,0,0,0,0,0.0,0.0,0.0,0.0,0.0,0.0,0.0,0.0
349,700,Liquidambar',0,0,0,0,0,0,0,0.0,0.0,0.0,0.0,0.0,0.0,0.0,0.0
349,700,Liriodendron',0,0,0,0,0,0,0,0.0,0.0,0.0,0.0,0.0,0.0,0.0,0.0
349,700,Lithocarpus',0,0,0,0,0,0,0,0.0,0.0,0.0,0.0,0.0,0.0,0.0,0.0
349,700,Maclura',0,0,0,0,0,0,0,0.0,0.0,0.0,0.0,0.0,0.0,0.0,0.0
349,700,Magnolia',0,0,0,0,0,0,0,0.0,0.0,0.0,0.0,0.0,0.0,0.0,0.0
349,700,Malus',0,0,0,0,0,0,0,0.0,0.0,0.0,0.0,0.0,0.0,0.0,0.0
349,700,Morus',0,0,0,0,0,0,0,0.0,0.0,0.0,0.0,0.0,0.0,0.0,0.0
349,700,Nyssa',0,0,0,0,0,0,0,0.0,0.0,0.0,0.0,0.0,0.0,0.0,0.0
349,700,Olneya',0,0,0,0,0,0,0,0.0,0.0,0.0,0.0,0.0,0.0,0.0,0.0
349,700,Ostrya',0,0,0,0,0,0,0,0.0,0.0,0.0,0.0,0.0,0.0,0.0,0.0
349,700,Oxydendron',0,0,0,0,0,0,0,0.0,0.0,0.0,0.0,0.0,0.0,0.0,0.0
349,700,Paulownia',0,0,0,0,0,0,0,0.0,0.0,0.0,0.0,0.0,0.0,0.0,0.0
349,700,Persea',0,0,0,0,0,0,0,0.0,0.0,0.0,0.0,0.0,0.0,0.0,0.0
349,700,Picea',0,56,89,76,0,0,0,47.393375396728516,21.68222999572754,130.33741069048642,11.099885558177668,14182.81383686453,103480.83715165062,0.03340001526817272,235.30742245394532
349,700,Pinus',0,654,926,205,85,0,4,125.71867370605469,34.682865142822266,1299.450870176777,69.72543220690179,91895.42431590133,339740.4383100033,0.2229818976769952,765.4080297433038
349,700,Planera',0,0,0,0,0,0,0,0.0,0.0,0.0,0.0,0.0,0.0,0.0,0.0
349,700,Platanus',0,0,0,0,0,0,0,0.0,0.0,0.0,0.0,0.0,0.0,0.0,0.0
349,700,Populus',0,952,79,0,0,0,0,24.25385284423828,14.663871765136719,414.3554594612951,2.802482742357923,2709.2493142281473,14418.011777849015,0.011985431077823483,43.45759683077921
349,700,Prosopis',0,0,0,0,0,0,0,0.0,0.0,0.0,0.0,0.0,0.0,0.0,0.0
349,700,Prunus',0,1,0,0,0,0,0,5.346189498901367,4.495546817779541,1.5000204081776776,0.003861064221207985,4.601202394962311,102.88601333370566,3.1818520758300996e-05,0.7114837535904777
349,700,Pseudotsuga',0,0,0,0,0,0,0,0.0,0.0,0.0,0.0,0.0,0.0,0.0,0.0
349,700,Quercus',0,3,0,10,0,0,0,32.92165756225586,15.937826156616211,13.637977510313442,0.8843017475958569,1521.76426684618,33674.69707098892,0.0035780247188657442,78.18411976639487
349,700,Robinia',0,0,0,0,0,0,0,0.0,0.0,0.0,0.0,0.0,0.0,0.0,0.0
349,700,Salix',0,189,1,0,0,0,0,8.413506507873535,5.341648578643799,51.30636742939772,0.17542739025689533,178.8632996056229,1363.5733212127916,0.0011360576578639456,8.368858179009427
349,700,Sassafras',0,0,0,0,0,0,0,0.0,0.0,0.0,0.0,0.0,0.0,0.0,0.0
349,700,Sequoia',0,0,0,0,0,0,0,0.0,0.0,0.0,0.0,0.0,0.0,0.0,0.0
349,700,Sequoiadendron',0,0,0,0,0,0,0,0.0,0.0,0.0,0.0,0.0,0.0,0.0,0.0
349,700,Sorbus',0,0,0,0,0,0,0,0.0,0.0,0.0,0.0,0.0,0.0,0.0,0.0
349,700,Taxodium',0,0,0,0,0,0,0,0.0,0.0,0.0,0.0,0.0,0.0,0.0,0.0
349,700,Taxus',0,0,0,0,0,0,0,0.0,0.0,0.0,0.0,0.0,0.0,0.0,0.0
349,700,Thuja',0,164,255,90,60,0,0,61.0,18.284727096557617,454.7078770287335,32.11680422774316,28757.608201736362,142279.8459428458,0.07047379865369016,330.0519503107773
349,700,Tilia',0,0,0,0,0,0,0,0.0,0.0,0.0,0.0,0.0,0.0,0.0,0.0
349,700,Torreya',0,0,0,0,0,0,0,0.0,0.0,0.0,0.0,0.0,0.0,0.0,0.0
349,700,Tsuga',0,32,96,6,0,0,0,41.14775466918945,15.370370864868164,104.90727820694445,3.8114083148102775,3553.5029492598774,30935.872372605292,0.009412000790089367,73.01069546625874
349,700,Ulmus',0,49,46,0,0,0,0,21.488113403320312,8.733989715576172,42.98579748955708,1.1327913514739778,1029.1675115817786,11005.172114846406,0.0029058433092804654,28.033891116331432
349,700,Umbellularia',0,0,0,0,0,0,0,0.0,0.0,0.0,0.0,0.0,0.0,0.0,0.0
349,710,Abies',0,30,1,8,0,0,0,40.619720458984375,16.810527801513672,22.371135065853593,1.0976921116585463,1184.6579661074281,25484.28941359326,0.0029557117569496585,59.97655524755332
349,710,Acer',0,428,121,0,0,0,0,20.21306800842285,13.024349212646484,286.3528943443788,2.415484583564551,3418.5496521902087,19630.875668147477,0.01171898606638774,54.49351411995211
349,710,Aesculus',0,0,0,0,0,0,0,0.0,0.0,0.0,0.0,0.0,0.0,0.0,0.0
349,710,Ailanthus',0,0,0,0,0,0,0,0.0,0.0,0.0,0.0,0.0,0.0,0.0,0.0
349,710,Alnus',0,10,0,0,0,0,0,0.9332826137542725,1.8883366584777832,0.48993000984663443,0.0007032493618960489,1.720479434207082,38.47108968777407,1.0876102016773075e-05,0.24319703439727175
349,710,Amelanchier',0,0,0,0,0,0,0,0.0,0.0,0.0,0.0,0.0,0.0,0.0,0.0
349,710,Arbutus',0,0,0,0,0,0,0,0.0,0.0,0.0,0.0,0.0,0.0,0.0,0.0
349,710,Asimina',0,0,0,0,0,0,0,0.0,0.0,0.0,0.0,0.0,0.0,0.0,0.0
349,710,Betula',0,1234,586,5,4,0,0,57.52412033081055,20.124267578125,913.173665433674,12.085501911338007,15035.993855186478,57864.795461419984,0.0465589621819558,139.54525481686755
349,710,Calocedrus',0,0,0,0,0,0,0,0.0,0.0,0.0,0.0,0.0,0.0,0.0,0.0
349,710,Carpinus',0,0,0,0,0,0,0,0.0,0.0,0.0,0.0,0.0,0.0,0.0,0.0
349,710,Carya',0,0,0,0,0,0,0,0.0,0.0,0.0,0.0,0.0,0.0,0.0,0.0
349,710,Castanea',0,0,0,0,0,0,0,0.0,0.0,0.0,0.0,0.0,0.0,0.0,0.0
349,710,Catalpa',0,0,0,0,0,0,0,0.0,0.0,0.0,0.0,0.0,0.0,0.0,0.0
349,710,Celtis',0,0,0,0,0,0,0,0.0,0.0,0.0,0.0,0.0,0.0,0.0,0.0
349,710,Cercis',0,0,0,0,0,0,0,0.0,0.0,0.0,0.0,0.0,0.0,0.0,0.0
349,710,Cercocarpus',0,0,0,0,0,0,0,0.0,0.0,0.0,0.0,0.0,0.0,0.0,0.0
349,710,Chamaecyparis',0,0,0,0,0,0,0,0.0,0.0,0.0,0.0,0.0,0.0,0.0,0.0
349,710,Chilopsis',0,0,0,0,0,0,0,0.0,0.0,0.0,0.0,0.0,0.0,0.0,0.0
349,710,Chrysolepis',0,0,0,0,0,0,0,0.0,0.0,0.0,0.0,0.0,0.0,0.0,0.0
349,710,Cladrastis',0,0,0,0,0,0,0,0.0,0.0,0.0,0.0,0.0,0.0,0.0,0.0
349,710,Comus',0,0,0,0,0,0,0,0.0,0.0,0.0,0.0,0.0,0.0,0.0,0.0
349,710,Cornus',0,0,0,0,0,0,0,0.0,0.0,0.0,0.0,0.0,0.0,0.0,0.0
349,710,Crataegus',0,0,0,0,0,0,0,0.0,0.0,0.0,0.0,0.0,0.0,0.0,0.0
349,710,Cupressus',0,0,0,0,0,0,0,0.0,0.0,0.0,0.0,0.0,0.0,0.0,0.0
349,710,Diospyros',0,0,0,0,0,0,0,0.0,0.0,0.0,0.0,0.0,0.0,0.0,0.0
349,710,Elaeagnus',0,40,10,0,0,0,0,12.384970664978027,5.609704494476318,16.10696433560003,0.15102825904554532,144.59837273657322,2366.1910694647663,0.000553198410206474,7.584451673626459
349,710,Fagus',0,0,0,0,0,0,0,0.0,0.0,0.0,0.0,0.0,0.0,0.0,0.0
349,710,Fraxinus',0,101,25,0,0,0,0,14.319347381591797,7.440485954284668,37.14515979437134,0.3011103951379827,344.89221221327784,3148.37370418294,0.0013011523545219056,10.815170325321255
349,710,Gleditsia',0,0,0,0,0,0,0,0.0,0.0,0.0,0.0,0.0,0.0,0.0,0.0
349,710,Gordonia',0,0,0,0,0,0,0,0.0,0.0,0.0,0.0,0.0,0.0,0.0,0.0
349,710,Gymnocladus',0,0,0,0,0,0,0,0.0,0.0,0.0,0.0,0.0,0.0,0.0,0.0
349,710,Halesia',0,0,0,0,0,0,0,0.0,0.0,0.0,0.0,0.0,0.0,0.0,0.0
349,710,Ilex',0,0,0,0,0,0,0,0.0,0.0,0.0,0.0,0.0,0.0,0.0,0.0
349,710,Juglans',0,0,0,0,0,0,0,0.0,0.0,0.0,0.0,0.0,0.0,0.0,0.0
349,710,Juniperus',0,0,0,0,0,0,0,0.0,0.0,0.0,0.0,0.0,0.0,0.0,0.0
349,710,Larix',0,0,0,0,0,0,0,0.0,0.0,0.0,0.0,0.0,0.0,0.0,0.0
349,710,Liquidambar',0,0,0,0,0,0,0,0.0,0.0,0.0,0.0,0.0,0.0,0.0,0.0
349,710,Liriodendron',0,0,0,0,0,0,0,0.0,0.0,0.0,0.0,0.0,0.0,0.0,0.0
349,710,Lithocarpus',0,0,0,0,0,0,0,0.0,0.0,0.0,0.0,0.0,0.0,0.0,0.0
349,710,Maclura',0,0,0,0,0,0,0,0.0,0.0,0.0,0.0,0.0,0.0,0.0,0.0
349,710,Magnolia',0,0,0,0,0,0,0,0.0,0.0,0.0,0.0,0.0,0.0,0.0,0.0
349,710,Malus',0,0,0,0,0,0,0,0.0,0.0,0.0,0.0,0.0,0.0,0.0,0.0
349,710,Morus',0,0,0,0,0,0,0,0.0,0.0,0.0,0.0,0.0,0.0,0.0,0.0
349,710,Nyssa',0,0,0,0,0,0,0,0.0,0.0,0.0,0.0,0.0,0.0,0.0,0.0
349,710,Olneya',0,0,0,0,0,0,0,0.0,0.0,0.0,0.0,0.0,0.0,0.0,0.0
349,710,Ostrya',0,0,0,0,0,0,0,0.0,0.0,0.0,0.0,0.0,0.0,0.0,0.0
349,710,Oxydendron',0,0,0,0,0,0,0,0.0,0.0,0.0,0.0,0.0,0.0,0.0,0.0
349,710,Paulownia',0,0,0,0,0,0,0,0.0,0.0,0.0,0.0,0.0,0.0,0.0,0.0
349,710,Persea',0,0,0,0,0,0,0,0.0,0.0,0.0,0.0,0.0,0.0,0.0,0.0
349,710,Picea',0,51,94,40,0,0,0,42.06746292114258,20.440139770507812,119.78311814308167,7.426662044657332,9020.047483675182,73170.7746983497,0.02177475067970161,168.32155653459728
349,710,Pinus',0,596,850,241,97,0,4,127.15008544921875,34.71857833862305,1269.189759903103,76.61169544058143,102285.76486338333,360144.3584658866,0.24563444221058586,810.946056239938
349,710,Planera',0,0,0,0,0,0,0,0.0,0.0,0.0,0.0,0.0,0.0,0.0,0.0
349,710,Platanus',0,0,0,0,0,0,0,0.0,0.0,0.0,0.0,0.0,0.0,0.0,0.0
349,710,Populus',0,738,169,1,0,0,0,30.780548095703125,15.866179466247559,451.8566695037238,2.7154582697877445,2566.733071810901,8899.500429070424,0.012208579043398627,36.29683673875114
349,710,Prosopis',0,0,0,0,0,0,0,0.0,0.0,0.0,0.0,0.0,0.0,0.0,0.0
349,710,Prunus',0,20,0,0,0,0,0,5.2527995109558105,4.415127754211426,8.181787733035751,0.02595884165439911,35.88882302999497,730.0300903862969,0.00019753431987762452,4.2504568552952
349,710,Pseudotsuga',0,0,0,0,0,0,0,0.0,0.0,0.0,0.0,0.0,0.0,0.0,0.0
349,710,Quercus',0,0,3,10,0,0,0,34.43142318725586,16.432952880859375,12.922206747380992,0.9829536748120742,1716.8840886163712,37489.91162518952,0.004001320496201515,85.70715128253993
349,710,Robinia',0,0,0,0,0,0,0,0.0,0.0,0.0,0.0,0.0,0.0,0.0,0.0
349,710,Salix',0,185,3,0,0,0,0,8.733330726623535,5.474280834197998,58.093272226426414,0.17318184519474536,186.2628343439102,1416.2910140446338,0.0012502023390042582,9.745468222833768
349,710,Sassafras',0,0,0,0,0,0,0,0.0,0.0,0.0,0.0,0.0,0.0,0.0,0.0
349,710,Sequoia',0,0,0,0,0,0,0,0.0,0.0,0.0,0.0,0.0,0.0,0.0,0.0
349,710,Sequoiadendron',0,0,0,0,0,0,0,0.0,0.0,0.0,0.0,0.0,0.0,0.0,0.0
349,710,Sorbus',0,0,0,0,0,0,0,0.0,0.0,0.0,0.0,0.0,0.0,0.0,0.0
349,710,Taxodium',0,0,0,0,0,0,0,0.0,0.0,0.0,0.0,0.0,0.0,0.0,0.0
349,710,Taxus',0,0,0,0,0,0,0,0.0,0.0,0.0,0.0,0.0,0.0,0.0,0.0
349,710,Thuja',0,114,240,88,73,0,0,61.0,18.284727096557617,436.40961545862257,32.054811329195964,28820.195778424517,148716.32551284824,0.07034857326916999,345.4592376391089
349,710,Tilia',0,0,0,0,0,0,0,0.0,0.0,0.0,0.0,0.0,0.0,0.0,0.0
349,710,Torreya',0,0,0,0,0,0,0,0.0,0.0,0.0,0.0,0.0,0.0,0.0,0.0
349,710,Tsuga',0,18,97,17,0,0,0,42.9260368347168,15.790266990661621,115.908843562603,4.258335905248696,4035.0162046390774,34179.59629596699,0.010640941623501958,81.49331993850183
349,710,Ulmus',0,49,31,0,0,0,0,22.01337432861328,8.893906593322754,52.74458576653954,0.6687812386535229,669.617730718553,8709.588468193657,0.00224732699802891,24.097925012290485
349,710,Umbellularia',0,0,0,0,0,0,0,0.0,0.0,0.0,0.0,0.0,0.0,0.0,0.0
349,720,Abies',0,30,1,8,0,0,0,42.669151306152344,17.238033294677734,25.764052198827265,1.2326633318237223,1350.0746344205738,28480.22089363415,0.0033723131622187784,65.69630238060708
349,720,Acer',0,512,112,0,0,0,0,21.952194213867188,13.82204818725586,346.2464201337174,2.7427564461974425,3988.9591664850714,23600.03600983737,0.013848763332930036,63.795709384616
349,720,Aesculus',0,0,0,0,0,0,0,0.0,0.0,0.0,0.0,0.0,0.0,0.0,0.0
349,720,Ailanthus',0,0,0,0,0,0,0,0.0,0.0,0.0,0.0,0.0,0.0,0.0,0.0
349,720,Alnus',0,0,0,0,0,0,0,0.0,0.0,0.0,0.0,0.0,0.0,0.0,0.0
349,720,Amelanchier',0,0,0,0,0,0,0,0.0,0.0,0.0,0.0,0.0,0.0,0.0,0.0
349,720,Arbutus',0,0,0,0,0,0,0,0.0,0.0,0.0,0.0,0.0,0.0,0.0,0.0
349,720,Asimina',0,0,0,0,0,0,0,0.0,0.0,0.0,0.0,0.0,0.0,0.0,0.0
349,720,Betula',0,1216,620,6,4,0,0,60.896812438964844,20.87421989440918,987.8484130829949,12.76711829424266,15988.300280179978,61886.91400717718,0.04975018321559636,148.27410341756854
349,720,Calocedrus',0,0,0,0,0,0,0,0.0,0.0,0.0,0.0,0.0,0.0,0.0,0.0
349,720,Carpinus',0,0,0,0,0,0,0,0.0,0.0,0.0,0.0,0.0,0.0,0.0,0.0
349,720,Carya',0,0,0,0,0,0,0,0.0,0.0,0.0,0.0,0.0,0.0,0.0,0.0
349,720,Castanea',0,0,0,0,0,0,0,0.0,0.0,0.0,0.0,0.0,0.0,0.0,0.0
349,720,Catalpa',0,0,0,0,0,0,0,0.0,0.0,0.0,0.0,0.0,0.0,0.0,0.0
349,720,Celtis',0,0,0,0,0,0,0,0.0,0.0,0.0,0.0,0.0,0.0,0.0,0.0
349,720,Cercis',0,0,0,0,0,0,0,0.0,0.0,0.0,0.0,0.0,0.0,0.0,0.0
349,720,Cercocarpus',0,0,0,0,0,0,0,0.0,0.0,0.0,0.0,0.0,0.0,0.0,0.0
349,720,Chamaecyparis',0,0,0,0,0,0,0,0.0,0.0,0.0,0.0,0.0,0.0,0.0,0.0
349,720,Chilopsis',0,0,0,0,0,0,0,0.0,0.0,0.0,0.0,0.0,0.0,0.0,0.0
349,720,Chrysolepis',0,0,0,0,0,0,0,0.0,0.0,0.0,0.0,0.0,0.0,0.0,0.0
349,720,Cladrastis',0,0,0,0,0,0,0,0.0,0.0,0.0,0.0,0.0,0.0,0.0,0.0
349,720,Comus',0,0,0,0,0,0,0,0.0,0.0,0.0,0.0,0.0,0.0,0.0,0.0
349,720,Cornus',0,0,0,0,0,0,0,0.0,0.0,0.0,0.0,0.0,0.0,0.0,0.0
349,720,Crataegus',0,0,0,0,0,0,0,0.0,0.0,0.0,0.0,0.0,0.0,0.0,0.0
349,720,Cupressus',0,0,0,0,0,0,0,0.0,0.0,0.0,0.0,0.0,0.0,0.0,0.0
349,720,Diospyros',0,0,0,0,0,0,0,0.0,0.0,0.0,0.0,0.0,0.0,0.0,0.0
349,720,Elaeagnus',0,55,5,0,0,0,0,8.041707992553711,4.4796576499938965,24.087538423040243,0.10404882118843374,116.85936080098152,1114.7464194179079,0.0006064409617837521,5.966132600256574
349,720,Fagus',0,0,0,0,0,0,0,0.0,0.0,0.0,0.0,0.0,0.0,0.0,0.0
349,720,Fraxinus',0,110,15,0,0,0,0,18.55345344543457,8.915035247802734,53.00808131954149,0.36609522799243066,443.6533072815836,4167.727641316261,0.0017489770084642812,14.451887639767985
349,720,Gleditsia',0,0,0,0,0,0,0,0.0,0.0,0.0,0.0,0.0,0.0,0.0,0.0
349,720,Gordonia',0,0,0,0,0,0,0,0.0,0.0,0.0,0.0,0.0,0.0,0.0,0.0
349,720,Gymnocladus',0,0,0,0,0,0,0,0.0,0.0,0.0,0.0,0.0,0.0,0.0,0.0
349,720,Halesia',0,0,0,0,0,0,0,0.0,0.0,0.0,0.0,0.0,0.0,0.0,0.0
349,720,Ilex',0,0,0,0,0,0,0,0.0,0.0,0.0,0.0,0.0,0.0,0.0,0.0
349,720,Juglans',0,0,0,0,0,0,0,0.0,0.0,0.0,0.0,0.0,0.0,0.0,0.0
349,720,Juniperus',0,0,0,0,0,0,0,0.0,0.0,0.0,0.0,0.0,0.0,0.0,0.0
349,720,Larix',0,0,0,0,0,0,0,0.0,0.0,0.0,0.0,0.0,0.0,0.0,0.0
349,720,Liquidambar',0,0,0,0,0,0,0,0.0,0.0,0.0,0.0,0.0,0.0,0.0,0.0
349,720,Liriodendron',0,0,0,0,0,0,0,0.0,0.0,0.0,0.0,0.0,0.0,0.0,0.0
349,720,Lithocarpus',0,0,0,0,0,0,0,0.0,0.0,0.0,0.0,0.0,0.0,0.0,0.0
349,720,Maclura',0,0,0,0,0,0,0,0.0,0.0,0.0,0.0,0.0,0.0,0.0,0.0
349,720,Magnolia',0,0,0,0,0,0,0,0.0,0.0,0.0,0.0,0.0,0.0,0.0,0.0
349,720,Malus',0,0,0,0,0,0,0,0.0,0.0,0.0,0.0,0.0,0.0,0.0,0.0
349,720,Morus',0,0,0,0,0,0,0,0.0,0.0,0.0,0.0,0.0,0.0,0.0,0.0
349,720,Nyssa',0,0,0,0,0,0,0,0.0,0.0,0.0,0.0,0.0,0.0,0.0,0.0
349,720,Olneya',0,0,0,0,0,0,0,0.0,0.0,0.0,0.0,0.0,0.0,0.0,0.0
349,720,Ostrya',0,0,0,0,0,0,0,0.0,0.0,0.0,0.0,0.0,0.0,0.0,0.0
349,720,Oxydendron',0,0,0,0,0,0,0,0.0,0.0,0.0,0.0,0.0,0.0,0.0,0.0
349,720,Paulownia',0,0,0,0,0,0,0,0.0,0.0,0.0,0.0,0.0,0.0,0.0,0.0
349,720,Persea',0,0,0,0,0,0,0,0.0,0.0,0.0,0.0,0.0,0.0,0.0,0.0
349,720,Picea',0,75,106,40,0,0,0,43.12147521972656,20.699861526489258,170.00439137041568,8.10509239800486,10057.45075924337,77761.33197506834,0.024805509761907596,179.62750954524597
349,720,Pinus',0,843,822,240,89,0,4,128.5941925048828,34.75313186645508,1357.5026734371484,75.62939699314256,101443.23412814573,366179.9517189597,0.24503778148920513,825.062140452518
349,720,Planera',0,0,0,0,0,0,0,0.0,0.0,0.0,0.0,0.0,0.0,0.0,0.0
349,720,Platanus',0,0,0,0,0,0,0,0.0,0.0,0.0,0.0,0.0,0.0,0.0,0.0
349,720,Populus',0,800,203,0,0,0,0,21.177268981933594,14.137505531311035,436.075197348041,2.825293533971431,2614.7938637859374,8987.918719671896,0.012088197754791238,35.827117163252346
349,720,Prosopis',0,0,0,0,0,0,0,0.0,0.0,0.0,0.0,0.0,0.0,0.0,0.0
349,720,Prunus',0,10,10,0,0,0,0,9.018831253051758,5.838489532470703,11.161183557367023,0.07351167045118907,73.3739975720644,1452.6564203499975,0.00032372477099392436,5.905850901964753
349,720,Pseudotsuga',0,0,0,0,0,0,0,0.0,0.0,0.0,0.0,0.0,0.0,0.0,0.0
349,720,Quercus',0,0,3,10,0,0,0,35.75014877319336,16.855192184448242,19.417599371716946,1.0714968970235739,1921.1331810426711,41384.15711181515,0.00454871181845665,95.40270425498342
349,720,Robinia',0,0,0,0,0,0,0,0.0,0.0,0.0,0.0,0.0,0.0,0.0,0.0
349,720,Salix',0,123,20,0,0,0,0,9.982117652893066,5.97898530960083,60.46511901401077,0.26859315967361475,244.15512937232853,2107.3823654654157,0.001412995929491008,10.848037743802388
349,720,Sassafras',0,0,0,0,0,0,0,0.0,0.0,0.0,0.0,0.0,0.0,0.0,0.0
349,720,Sequoia',0,0,0,0,0,0,0,0.0,0.0,0.0,0.0,0.0,0.0,0.0,0.0
349,720,Sequoiadendron',0,0,0,0,0,0,0,0.0,0.0,0.0,0.0,0.0,0.0,0.0,0.0
349,720,Sorbus',0,0,0,0,0,0,0,0.0,0.0,0.0,0.0,0.0,0.0,0.0,0.0
349,720,Taxodium',0,0,0,0,0,0,0,0.0,0.0,0.0,0.0,0.0,0.0,0.0,0.0
349,720,Taxus',0,0,0,0,0,0,0,0.0,0.0,0.0,0.0,0.0,0.0,0.0,0.0
349,720,Thuja',0,47,250,111,63,0,0,59.77792739868164,18.17475700378418,461.4570597958565,31.69477786514469,28299.13113282919,137776.158997555,0.06955244944749761,320.77058937444855
349,720,Tilia',0,0,0,0,0,0,0,0.0,0.0,0.0,0.0,0.0,0.0,0.0,0.0
349,720,Torreya',0,0,0,0,0,0,0,0.0,0.0,0.0,0.0,0.0,0.0,0.0,0.0
349,720,Tsuga',0,61,46,41,0,0,0,44.49216079711914,16.150074005126953,103.98810532152652,4.780141590712153,4655.93533313334,39356.147295122195,0.011848573365796502,92.76467371557005
349,720,Ulmus',0,56,21,0,0,0,0,16.809053421020508,8.324148178100586,44.787712742256204,0.4885958444979129,472.40463816165925,4980.628338879899,0.0016945320912245653,15.71797958005552
349,720,Umbellularia',0,0,0,0,0,0,0,0.0,0.0,0.0,0.0,0.0,0.0,0.0,0.0
349,730,Abies',0,36,0,8,0,0,0,44.43086624145508,17.587642669677734,16.381833493709564,1.2956993130751442,1434.380241561532,31447.744984650275,0.0034241381685412363,72.8633985416931
349,730,Acer',0,466,112,0,0,0,0,21.37717628479004,13.56147575378418,247.12876779492942,1.9457714443782705,2733.0141669766977,17799.329605476312,0.00963092072117061,49.14060499695389
349,730,Aesculus',0,0,0,0,0,0,0,0.0,0.0,0.0,0.0,0.0,0.0,0.0,0.0
349,730,Ailanthus',0,0,0,0,0,0,0,0.0,0.0,0.0,0.0,0.0,0.0,0.0,0.0
349,730,Alnus',0,20,0,0,0,0,0,4.1668572425842285,4.566244125366211,8.8394163765862,0.022886875437593473,30.47555014193058,494.1511990900472,0.00019497175351716558,3.1405274312204945
349,730,Amelanchier',0,0,0,0,0,0,0,0.0,0.0,0.0,0.0,0.0,0.0,0.0,0.0
349,730,Arbutus',0,0,0,0,0,0,0,0.0,0.0,0.0,0.0,0.0,0.0,0.0,0.0
349,730,Asimina',0,0,0,0,0,0,0,0.0,0.0,0.0,0.0,0.0,0.0,0.0,0.0
349,730,Betula',0,1139,660,6,1,0,0,65.1159896850586,21.570661544799805,946.5612619214608,13.095942233066635,15681.830264422,50145.57127095829,0.048474787105494896,124.27695149622781
349,730,Calocedrus',0,0,0,0,0,0,0,0.0,0.0,0.0,0.0,0.0,0.0,0.0,0.0
349,730,Carpinus',0,0,0,0,0,0,0,0.0,0.0,0.0,0.0,0.0,0.0,0.0,0.0
349,730,Carya',0,0,0,0,0,0,0,0.0,0.0,0.0,0.0,0.0,0.0,0.0,0.0
349,730,Castanea',0,0,0,0,0,0,0,0.0,0.0,0.0,0.0,0.0,0.0,0.0,0.0
349,730,Catalpa',0,0,0,0,0,0,0,0.0,0.0,0.0,0.0,0.0,0.0,0.0,0.0
349,730,Celtis',0,0,0,0,0,0,0,0.0,0.0,0.0,0.0,0.0,0.0,0.0,0.0
349,730,Cercis',0,0,0,0,0,0,0,0.0,0.0,0.0,0.0,0.0,0.0,0.0,0.0
349,730,Cercocarpus',0,0,0,0,0,0,0,0.0,0.0,0.0,0.0,0.0,0.0,0.0,0.0
349,730,Chamaecyparis',0,0,0,0,0,0,0,0.0,0.0,0.0,0.0,0.0,0.0,0.0,0.0
349,730,Chilopsis',0,0,0,0,0,0,0,0.0,0.0,0.0,0.0,0.0,0.0,0.0,0.0
349,730,Chrysolepis',0,0,0,0,0,0,0,0.0,0.0,0.0,0.0,0.0,0.0,0.0,0.0
349,730,Cladrastis',0,0,0,0,0,0,0,0.0,0.0,0.0,0.0,0.0,0.0,0.0,0.0
349,730,Comus',0,0,0,0,0,0,0,0.0,0.0,0.0,0.0,0.0,0.0,0.0,0.0
349,730,Cornus',0,0,0,0,0,0,0,0.0,0.0,0.0,0.0,0.0,0.0,0.0,0.0
349,730,Crataegus',0,0,0,0,0,0,0,0.0,0.0,0.0,0.0,0.0,0.0,0.0,0.0
349,730,Cupressus',0,0,0,0,0,0,0,0.0,0.0,0.0,0.0,0.0,0.0,0.0,0.0
349,730,Diospyros',0,0,0,0,0,0,0,0.0,0.0,0.0,0.0,0.0,0.0,0.0,0.0
349,730,Elaeagnus',0,39,0,0,0,0,0,7.30297327041626,4.252980709075928,15.92395283376114,0.041098493605587816,61.68664027810097,797.0837504273588,0.0003663155695553868,4.911917853286514
349,730,Fagus',0,0,0,0,0,0,0,0.0,0.0,0.0,0.0,0.0,0.0,0.0,0.0
349,730,Fraxinus',0,61,32,0,0,0,0,22.95106315612793,10.307682991027832,55.71888137019321,0.5282802638634421,635.343593621999,6674.789148119335,0.0022139789147358393,20.382159795253692
349,730,Gleditsia',0,0,0,0,0,0,0,0.0,0.0,0.0,0.0,0.0,0.0,0.0,0.0
349,730,Gordonia',0,0,0,0,0,0,0,0.0,0.0,0.0,0.0,0.0,0.0,0.0,0.0
349,730,Gymnocladus',0,0,0,0,0,0,0,0.0,0.0,0.0,0.0,0.0,0.0,0.0,0.0
349,730,Halesia',0,0,0,0,0,0,0,0.0,0.0,0.0,0.0,0.0,0.0,0.0,0.0
349,730,Ilex',0,0,0,0,0,0,0,0.0,0.0,0.0,0.0,0.0,0.0,0.0,0.0
349,730,Juglans',0,0,0,0,0,0,0,0.0,0.0,0.0,0.0,0.0,0.0,0.0,0.0
349,730,Juniperus',0,0,0,0,0,0,0,0.0,0.0,0.0,0.0,0.0,0.0,0.0,0.0
349,730,Larix',0,0,0,0,0,0,0,0.0,0.0,0.0,0.0,0.0,0.0,0.0,0.0
349,730,Liquidambar',0,0,0,0,0,0,0,0.0,0.0,0.0,0.0,0.0,0.0,0.0,0.0
349,730,Liriodendron',0,0,0,0,0,0,0,0.0,0.0,0.0,0.0,0.0,0.0,0.0,0.0
349,730,Lithocarpus',0,0,0,0,0,0,0,0.0,0.0,0.0,0.0,0.0,0.0,0.0,0.0
349,730,Maclura',0,0,0,0,0,0,0,0.0,0.0,0.0,0.0,0.0,0.0,0.0,0.0
349,730,Magnolia',0,0,0,0,0,0,0,0.0,0.0,0.0,0.0,0.0,0.0,0.0,0.0
349,730,Malus',0,0,0,0,0,0,0,0.0,0.0,0.0,0.0,0.0,0.0,0.0,0.0
349,730,Morus',0,0,0,0,0,0,0,0.0,0.0,0.0,0.0,0.0,0.0,0.0,0.0
349,730,Nyssa',0,0,0,0,0,0,0,0.0,0.0,0.0,0.0,0.0,0.0,0.0,0.0
349,730,Olneya',0,0,0,0,0,0,0,0.0,0.0,0.0,0.0,0.0,0.0,0.0,0.0
349,730,Ostrya',0,0,0,0,0,0,0,0.0,0.0,0.0,0.0,0.0,0.0,0.0,0.0
349,730,Oxydendron',0,0,0,0,0,0,0,0.0,0.0,0.0,0.0,0.0,0.0,0.0,0.0
349,730,Paulownia',0,0,0,0,0,0,0,0.0,0.0,0.0,0.0,0.0,0.0,0.0,0.0
349,730,Persea',0,0,0,0,0,0,0,0.0,0.0,0.0,0.0,0.0,0.0,0.0,0.0
349,730,Picea',0,106,105,45,0,0,0,38.71469497680664,19.564754486083984,162.86767431557178,7.48571556615958,9076.982346760631,68559.89197129467,0.02252360482094717,158.83259131883273
349,730,Pinus',0,757,820,222,77,0,4,130.1262969970703,34.788230895996094,1217.240062842965,71.913290912519,97557.06840079815,373359.8848259909,0.2343758408490608,839.3652909808461
349,730,Planera',0,0,0,0,0,0,0,0.0,0.0,0.0,0.0,0.0,0.0,0.0,0.0
349,730,Platanus',0,1,0,0,0,0,0,1.5542967319488525,1.7631298303604126,0.1883182486024084,0.00022009781863013736,0.7361421173810959,16.460638155647608,4.346817238256335e-06,0.09719778830509129
349,730,Populus',0,907,135,0,0,0,0,28.735485076904297,16.952974319458008,456.82035271655997,2.35270234556128,2318.7438009015473,7968.8460021593,0.011728946799743914,34.49035346851135
349,730,Prosopis',0,0,0,0,0,0,0,0.0,0.0,0.0,0.0,0.0,0.0,0.0,0.0
349,730,Prunus',0,20,10,0,0,0,0,13.376784324645996,6.943687438964844,16.021129866189593,0.1839869463581328,167.70069227695464,3175.422614834839,0.0006033012692816561,10.996818600226455
349,730,Pseudotsuga',0,0,0,0,0,0,0,0.0,0.0,0.0,0.0,0.0,0.0,0.0,0.0
349,730,Quercus',0,10,0,10,0,0,0,37.15388870239258,17.29441261291504,9.770724128318738,1.1219810646584196,2040.0762414240837,45340.30404798642,0.004674157906359081,102.93120875711054
349,730,Robinia',0,0,0,0,0,0,0,0.0,0.0,0.0,0.0,0.0,0.0,0.0,0.0
349,730,Salix',0,168,30,0,0,0,0,15.011164665222168,7.813848972320557,82.86780246592397,0.4709624239675388,418.83136592894795,3725.734213025055,0.0021236644313726584,15.64803824012255
349,730,Sassafras',0,0,0,0,0,0,0,0.0,0.0,0.0,0.0,0.0,0.0,0.0,0.0
349,730,Sequoia',0,0,0,0,0,0,0,0.0,0.0,0.0,0.0,0.0,0.0,0.0,0.0
349,730,Sequoiadendron',0,0,0,0,0,0,0,0.0,0.0,0.0,0.0,0.0,0.0,0.0,0.0
349,730,Sorbus',0,0,0,0,0,0,0,0.0,0.0,0.0,0.0,0.0,0.0,0.0,0.0
349,730,Taxodium',0,0,0,0,0,0,0,0.0,0.0,0.0,0.0,0.0,0.0,0.0,0.0
349,730,Taxus',0,0,0,0,0,0,0,0.0,0.0,0.0,0.0,0.0,0.0,0.0,0.0
349,730,Thuja',0,51,197,142,56,0,0,60.484222412109375,18.238845825195312,440.35059579372404,34.17558610999751,30713.680265046656,147324.7102318385,0.0746132421887456,342.7028084958348
349,730,Tilia',0,0,0,0,0,0,0,0.0,0.0,0.0,0.0,0.0,0.0,0.0,0.0
349,730,Torreya',0,0,0,0,0,0,0,0.0,0.0,0.0,0.0,0.0,0.0,0.0,0.0
349,730,Tsuga',0,63,71,24,0,0,0,34.04262924194336,13.565141677856445,122.72370065331458,3.9134637063646567,3655.5257156336306,28773.81552956756,0.009896066310882573,71.027522485168
349,730,Ulmus',0,45,40,0,0,0,0,19.288496017456055,8.053824424743652,56.12397734500185,0.6774220264999009,648.3442831957341,6857.183755343205,0.0022487008997525548,21.069651474564388
349,730,Umbellularia',0,0,0,0,0,0,0,0.0,0.0,0.0,0.0,0.0,0.0,0.0,0.0
349,740,Abies',0,20,0,8,0,0,0,46.16483688354492,17.916364669799805,14.525989991426467,1.4250747650422952,1576.7086929142476,34247.39826146556,0.00371361703172326,77.85559551899749
349,740,Acer',0,548,83,0,0,0,0,23.007646560668945,14.292325973510742,314.5141083334537,2.0907576128214367,3026.3872994010153,19102.85068986761,0.011252910499904543,52.96296642514306
349,740,Aesculus',0,0,0,0,0,0,0,0.0,0.0,0.0,0.0,0.0,0.0,0.0,0.0
349,740,Ailanthus',0,0,0,0,0,0,0,0.0,0.0,0.0,0.0,0.0,0.0,0.0,0.0
349,740,Alnus',0,10,0,0,0,0,0,1.4643489122390747,2.215240478515625,0.0,0.0017178260764483474,2.3567902475595477,52.69943202251726,5.237311811652034e-06,0.11710985230216421
349,740,Amelanchier',0,0,0,0,0,0,0,0.0,0.0,0.0,0.0,0.0,0.0,0.0,0.0
349,740,Arbutus',0,0,0,0,0,0,0,0.0,0.0,0.0,0.0,0.0,0.0,0.0,0.0
349,740,Asimina',0,0,0,0,0,0,0,0.0,0.0,0.0,0.0,0.0,0.0,0.0,0.0
349,740,Betula',0,1333,485,1,0,1,0,68.9002685546875,22.149982452392578,956.1492763707248,9.791989163142897,11809.270621005446,35393.76916040981,0.040007123748120516,94.52190417660832
349,740,Calocedrus',0,0,0,0,0,0,0,0.0,0.0,0.0,0.0,0.0,0.0,0.0,0.0
349,740,Carpinus',0,0,0,0,0,0,0,0.0,0.0,0.0,0.0,0.0,0.0,0.0,0.0
349,740,Carya',0,0,0,0,0,0,0,0.0,0.0,0.0,0.0,0.0,0.0,0.0,0.0
349,740,Castanea',0,0,0,0,0,0,0,0.0,0.0,0.0,0.0,0.0,0.0,0.0,0.0
349,740,Catalpa',0,0,0,0,0,0,0,0.0,0.0,0.0,0.0,0.0,0.0,0.0,0.0
349,740,Celtis',0,0,0,0,0,0,0,0.0,0.0,0.0,0.0,0.0,0.0,0.0,0.0
349,740,Cercis',0,0,0,0,0,0,0,0.0,0.0,0.0,0.0,0.0,0.0,0.0,0.0
349,740,Cercocarpus',0,0,0,0,0,0,0,0.0,0.0,0.0,0.0,0.0,0.0,0.0,0.0
349,740,Chamaecyparis',0,0,0,0,0,0,0,0.0,0.0,0.0,0.0,0.0,0.0,0.0,0.0
349,740,Chilopsis',0,0,0,0,0,0,0,0.0,0.0,0.0,0.0,0.0,0.0,0.0,0.0
349,740,Chrysolepis',0,0,0,0,0,0,0,0.0,0.0,0.0,0.0,0.0,0.0,0.0,0.0
349,740,Cladrastis',0,0,0,0,0,0,0,0.0,0.0,0.0,0.0,0.0,0.0,0.0,0.0
349,740,Comus',0,0,0,0,0,0,0,0.0,0.0,0.0,0.0,0.0,0.0,0.0,0.0
349,740,Cornus',0,0,0,0,0,0,0,0.0,0.0,0.0,0.0,0.0,0.0,0.0,0.0
349,740,Crataegus',0,0,0,0,0,0,0,0.0,0.0,0.0,0.0,0.0,0.0,0.0,0.0
349,740,Cupressus',0,0,0,0,0,0,0,0.0,0.0,0.0,0.0,0.0,0.0,0.0,0.0
349,740,Diospyros',0,0,0,0,0,0,0,0.0,0.0,0.0,0.0,0.0,0.0,0.0,0.0
349,740,Elaeagnus',0,62,0,0,0,0,0,6.080173969268799,3.8525187969207764,23.894224185260786,0.0798135677408433,99.3141384407878,929.3812721814325,0.0005646687184963383,5.273939467810975
349,740,Fagus',0,0,0,0,0,0,0,0.0,0.0,0.0,0.0,0.0,0.0,0.0,0.0
349,740,Fraxinus',0,80,21,0,0,0,0,16.334983825683594,8.159602165222168,36.9308597014486,0.3669129535681291,420.53639845997094,4964.390793703903,0.001466165578064507,15.179647908821597
349,740,Gleditsia',0,0,0,0,0,0,0,0.0,0.0,0.0,0.0,0.0,0.0,0.0,0.0
349,740,Gordonia',0,0,0,0,0,0,0,0.0,0.0,0.0,0.0,0.0,0.0,0.0,0.0
349,740,Gymnocladus',0,0,0,0,0,0,0,0.0,0.0,0.0,0.0,0.0,0.0,0.0,0.0
349,740,Halesia',0,0,0,0,0,0,0,0.0,0.0,0.0,0.0,0.0,0.0,0.0,0.0
349,740,Ilex',0,0,0,0,0,0,0,0.0,0.0,0.0,0.0,0.0,0.0,0.0,0.0
349,740,Juglans',0,0,0,0,0,0,0,0.0,0.0,0.0,0.0,0.0,0.0,0.0,0.0
349,740,Juniperus',0,0,0,0,0,0,0,0.0,0.0,0.0,0.0,0.0,0.0,0.0,0.0
349,740,Larix',0,0,0,0,0,0,0,0.0,0.0,0.0,0.0,0.0,0.0,0.0,0.0
349,740,Liquidambar',0,0,0,0,0,0,0,0.0,0.0,0.0,0.0,0.0,0.0,0.0,0.0
349,740,Liriodendron',0,0,0,0,0,0,0,0.0,0.0,0.0,0.0,0.0,0.0,0.0,0.0
349,740,Lithocarpus',0,0,0,0,0,0,0,0.0,0.0,0.0,0.0,0.0,0.0,0.0,0.0
349,740,Maclura',0,0,0,0,0,0,0,0.0,0.0,0.0,0.0,0.0,0.0,0.0,0.0
349,740,Magnolia',0,0,0,0,0,0,0,0.0,0.0,0.0,0.0,0.0,0.0,0.0,0.0
349,740,Malus',0,0,0,0,0,0,0,0.0,0.0,0.0,0.0,0.0,0.0,0.0,0.0
349,740,Morus',0,0,0,0,0,0,0,0.0,0.0,0.0,0.0,0.0,0.0,0.0,0.0
349,740,Nyssa',0,0,0,0,0,0,0,0.0,0.0,0.0,0.0,0.0,0.0,0.0,0.0
349,740,Olneya',0,0,0,0,0,0,0,0.0,0.0,0.0,0.0,0.0,0.0,0.0,0.0
349,740,Ostrya',0,0,0,0,0,0,0,0.0,0.0,0.0,0.0,0.0,0.0,0.0,0.0
349,740,Oxydendron',0,0,0,0,0,0,0,0.0,0.0,0.0,0.0,0.0,0.0,0.0,0.0
349,740,Paulownia',0,0,0,0,0,0,0,0.0,0.0,0.0,0.0,0.0,0.0,0.0,0.0
349,740,Persea',0,0,0,0,0,0,0,0.0,0.0,0.0,0.0,0.0,0.0,0.0,0.0
349,740,Picea',0,60,111,56,0,0,0,39.91933059692383,19.888139724731445,186.4722133976221,8.352781603062231,10331.953668381571,74820.44546620989,0.025653384171272317,172.93481754238368
349,740,Pinus',0,856,828,256,71,11,4,131.7440185546875,34.82362365722656,1256.4255327418446,73.64770999696887,100424.71014774471,385588.8332779283,0.24131439239690602,866.7931311517073
349,740,Planera',0,0,0,0,0,0,0,0.0,0.0,0.0,0.0,0.0,0.0,0.0,0.0
349,740,Platanus',0,0,0,0,0,0,0,0.0,0.0,0.0,0.0,0.0,0.0,0.0,0.0
349,740,Populus',0,741,211,0,0,0,0,19.717588424682617,13.5089693069458,417.0434713033558,3.171509135574967,2920.8297037126126,11759.431073277648,0.012494305112962607,40.102256188381
349,740,Prosopis',0,0,0,0,0,0,0,0.0,0.0,0.0,0.0,0.0,0.0,0.0,0.0
349,740,Prunus',0,10,10,0,0,0,0,17.356531143188477,7.611660957336426,14.58946830628416,0.289789755587003,259.80187230437997,5194.594606507225,0.0007873609923049799,15.654829953746255
349,740,Pseudotsuga',0,0,0,0,0,0,0,0.0,0.0,0.0,0.0,0.0,0.0,0.0,0.0
349,740,Quercus',0,20,0,10,0,0,0,38.42205047607422,17.682334899902344,23.333837776621685,1.2306861977645163,2280.789391270876,49486.171118264785,0.005404324149127096,113.14436905330558
349,740,Robinia',0,0,0,0,0,0,0,0.0,0.0,0.0,0.0,0.0,0.0,0.0,0.0
349,740,Salix',0,133,38,0,0,0,0,19.937549591064453,9.339409828186035,83.39546145729814,0.8179595937194702,659.6537854747475,6508.24096730716,0.00266642128918646,20.8584070442963
349,740,Sassafras',0,0,0,0,0,0,0,0.0,0.0,0.0,0.0,0.0,0.0,0.0,0.0
349,740,Sequoia',0,0,0,0,0,0,0,0.0,0.0,0.0,0.0,0.0,0.0,0.0,0.0
349,740,Sequoiadendron',0,0,0,0,0,0,0,0.0,0.0,0.0,0.0,0.0,0.0,0.0,0.0
349,740,Sorbus',0,0,0,0,0,0,0,0.0,0.0,0.0,0.0,0.0,0.0,0.0,0.0
349,740,Taxodium',0,0,0,0,0,0,0,0.0,0.0,0.0,0.0,0.0,0.0,0.0,0.0
349,740,Taxus',0,0,0,0,0,0,0,0.0,0.0,0.0,0.0,0.0,0.0,0.0,0.0
349,740,Thuja',0,108,149,142,43,0,0,59.13679885864258,18.115293502807617,408.9554013331234,30.456633522457956,27140.74830416456,131171.10593812255,0.06621990649878483,305.45848997283366
349,740,Tilia',0,0,0,0,0,0,0,0.0,0.0,0.0,0.0,0.0,0.0,0.0,0.0
349,740,Torreya',0,0,0,0,0,0,0,0.0,0.0,0.0,0.0,0.0,0.0,0.0,0.0
349,740,Tsuga',0,24,93,13,0,0,0,38.5615348815918,14.737458229064941,118.94080070734023,4.099168448063545,3833.205247271061,29210.63259494727,0.010236267503579453,72.02431872347391
349,740,Ulmus',0,31,54,0,0,0,0,22.378658294677734,9.004555702209473,50.47667831347523,1.1181433178804654,1067.1115278910102,10360.850737912093,0.003097998742589263,27.23553977598876
349,740,Umbellularia',0,0,0,0,0,0,0,0.0,0.0,0.0,0.0,0.0,0.0,0.0,0.0
349,750,Abies',0,10,10,0,0,0,0,12.01288890838623,7.691221237182617,19.09724263191223,0.139172161645377,124.63103498458862,2232.9775591167863,0.0005528069274400683,9.23282582117759
349,750,Acer',0,437,130,0,0,0,0,24.601478576660156,14.983274459838867,316.8496663988673,2.15890025567404,3031.7641426037253,19574.84863752492,0.011298480624898797,53.41760370769507
349,750,Aesculus',0,0,0,0,0,0,0,0.0,0.0,0.0,0.0,0.0,0.0,0.0,0.0
349,750,Ailanthus',0,0,0,0,0,0,0,0.0,0.0,0.0,0.0,0.0,0.0,0.0,0.0
349,750,Alnus',0,40,0,0,0,0,0,4.850813388824463,4.172259330749512,13.377504735430582,0.04115242249332369,49.73895632386208,647.5028260907877,0.00030310762455314303,4.0104036618984065
349,750,Amelanchier',0,0,0,0,0,0,0,0.0,0.0,0.0,0.0,0.0,0.0,0.0,0.0
349,750,Arbutus',0,0,0,0,0,0,0,0.0,0.0,0.0,0.0,0.0,0.0,0.0,0.0
349,750,Asimina',0,0,0,0,0,0,0,0.0,0.0,0.0,0.0,0.0,0.0,0.0,0.0
349,750,Betula',0,1235,459,1,0,0,0,44.47426223754883,15.4771089553833,848.5001839033645,9.396986356004824,10952.631219241395,32458.5720294199,0.0365538121742414,87.9295087170482
349,750,Calocedrus',0,0,0,0,0,0,0,0.0,0.0,0.0,0.0,0.0,0.0,0.0,0.0
349,750,Carpinus',0,0,0,0,0,0,0,0.0,0.0,0.0,0.0,0.0,0.0,0.0,0.0
349,750,Carya',0,0,0,0,0,0,0,0.0,0.0,0.0,0.0,0.0,0.0,0.0,0.0
349,750,Castanea',0,0,0,0,0,0,0,0.0,0.0,0.0,0.0,0.0,0.0,0.0,0.0
349,750,Catalpa',0,0,0,0,0,0,0,0.0,0.0,0.0,0.0,0.0,0.0,0.0,0.0
349,750,Celtis',0,0,0,0,0,0,0,0.0,0.0,0.0,0.0,0.0,0.0,0.0,0.0
349,750,Cercis',0,0,0,0,0,0,0,0.0,0.0,0.0,0.0,0.0,0.0,0.0,0.0
349,750,Cercocarpus',0,0,0,0,0,0,0,0.0,0.0,0.0,0.0,0.0,0.0,0.0,0.0
349,750,Chamaecyparis',0,0,0,0,0,0,0,0.0,0.0,0.0,0.0,0.0,0.0,0.0,0.0
349,750,Chilopsis',0,0,0,0,0,0,0,0.0,0.0,0.0,0.0,0.0,0.0,0.0,0.0
349,750,Chrysolepis',0,0,0,0,0,0,0,0.0,0.0,0.0,0.0,0.0,0.0,0.0,0.0
349,750,Cladrastis',0,0,0,0,0,0,0,0.0,0.0,0.0,0.0,0.0,0.0,0.0,0.0
349,750,Comus',0,0,0,0,0,0,0,0.0,0.0,0.0,0.0,0.0,0.0,0.0,0.0
349,750,Cornus',0,0,0,0,0,0,0,0.0,0.0,0.0,0.0,0.0,0.0,0.0,0.0
349,750,Crataegus',0,0,0,0,0,0,0,0.0,0.0,0.0,0.0,0.0,0.0,0.0,0.0
349,750,Cupressus',0,0,0,0,0,0,0,0.0,0.0,0.0,0.0,0.0,0.0,0.0,0.0
349,750,Diospyros',0,0,0,0,0,0,0,0.0,0.0,0.0,0.0,0.0,0.0,0.0,0.0
349,750,Elaeagnus',0,60,5,0,0,0,0,13.075845718383789,5.761345863342285,35.04657839389541,0.17791093132604888,196.470927169919,2131.929805054987,0.0009411170355388892,9.728000432206429
349,750,Fagus',0,0,0,0,0,0,0,0.0,0.0,0.0,0.0,0.0,0.0,0.0,0.0
349,750,Fraxinus',0,120,22,0,0,0,0,20.143856048583984,9.434326171875,48.57091845496546,0.5079001046810377,584.8503632086515,6596.097900250585,0.00199887284012791,18.633275802564416
349,750,Gleditsia',0,0,0,0,0,0,0,0.0,0.0,0.0,0.0,0.0,0.0,0.0,0.0
349,750,Gordonia',0,0,0,0,0,0,0,0.0,0.0,0.0,0.0,0.0,0.0,0.0,0.0
349,750,Gymnocladus',0,0,0,0,0,0,0,0.0,0.0,0.0,0.0,0.0,0.0,0.0,0.0
349,750,Halesia',0,0,0,0,0,0,0,0.0,0.0,0.0,0.0,0.0,0.0,0.0,0.0
349,750,Ilex',0,0,0,0,0,0,0,0.0,0.0,0.0,0.0,0.0,0.0,0.0,0.0
349,750,Juglans',0,0,0,0,0,0,0,0.0,0.0,0.0,0.0,0.0,0.0,0.0,0.0
349,750,Juniperus',0,0,0,0,0,0,0,0.0,0.0,0.0,0.0,0.0,0.0,0.0,0.0
349,750,Larix',0,0,0,0,0,0,0,0.0,0.0,0.0,0.0,0.0,0.0,0.0,0.0
349,750,Liquidambar',0,0,0,0,0,0,0,0.0,0.0,0.0,0.0,0.0,0.0,0.0,0.0
349,750,Liriodendron',0,0,0,0,0,0,0,0.0,0.0,0.0,0.0,0.0,0.0,0.0,0.0
349,750,Lithocarpus',0,0,0,0,0,0,0,0.0,0.0,0.0,0.0,0.0,0.0,0.0,0.0
349,750,Maclura',0,0,0,0,0,0,0,0.0,0.0,0.0,0.0,0.0,0.0,0.0,0.0
349,750,Magnolia',0,0,0,0,0,0,0,0.0,0.0,0.0,0.0,0.0,0.0,0.0,0.0
349,750,Malus',0,0,0,0,0,0,0,0.0,0.0,0.0,0.0,0.0,0.0,0.0,0.0
349,750,Morus',0,0,0,0,0,0,0,0.0,0.0,0.0,0.0,0.0,0.0,0.0,0.0
349,750,Nyssa',0,0,0,0,0,0,0,0.0,0.0,0.0,0.0,0.0,0.0,0.0,0.0
349,750,Olneya',0,0,0,0,0,0,0,0.0,0.0,0.0,0.0,0.0,0.0,0.0,0.0
349,750,Ostrya',0,0,0,0,0,0,0,0.0,0.0,0.0,0.0,0.0,0.0,0.0,0.0
349,750,Oxydendron',0,0,0,0,0,0,0,0.0,0.0,0.0,0.0,0.0,0.0,0.0,0.0
349,750,Paulownia',0,0,0,0,0,0,0,0.0,0.0,0.0,0.0,0.0,0.0,0.0,0.0
349,750,Persea',0,0,0,0,0,0,0,0.0,0.0,0.0,0.0,0.0,0.0,0.0,0.0
349,750,Picea',0,46,102,66,0,0,0,41.10306167602539,20.196147918701172,172.36189052462578,8.628256953410217,10810.259818444849,81453.43499393026,0.026512471365958173,187.5273469115072
349,750,Pinus',0,756,835,291,89,11,4,133.33021545410156,34.85674285888672,1248.8747622106969,82.23713899768889,112214.58971309707,407841.8672473007,0.2674050563425767,915.35827886483
349,750,Planera',0,0,0,0,0,0,0,0.0,0.0,0.0,0.0,0.0,0.0,0.0,0.0
349,750,Platanus',0,0,0,0,0,0,0,0.0,0.0,0.0,0.0,0.0,0.0,0.0,0.0
349,750,Populus',0,823,155,0,0,0,0,22.761924743652344,11.949681282043457,437.29257991561025,2.871082128128299,2690.4472970953584,10273.616199428105,0.012273841445144386,38.412018294473555
349,750,Prosopis',0,0,0,0,0,0,0,0.0,0.0,0.0,0.0,0.0,0.0,0.0,0.0
349,750,Prunus',0,10,0,0,0,0,0,5.673651695251465,4.656850814819336,9.93610414900357,0.02578786542248016,31.07662514448166,694.8944633434054,0.00021209490817040302,4.7425863235059555
349,750,Pseudotsuga',0,0,0,0,0,0,0,0.0,0.0,0.0,0.0,0.0,0.0,0.0,0.0
349,750,Quercus',0,10,10,0,0,0,0,8.404186248779297,5.843502998352051,9.717862378758719,0.06450196086846927,79.38545709550381,1509.7373177577563,0.0003163061592355367,5.642843027094972
349,750,Robinia',0,0,0,0,0,0,0,0.0,0.0,0.0,0.0,0.0,0.0,0.0,0.0
349,750,Salix',0,146,13,0,0,0,0,12.71220874786377,7.012665748596191,64.40172557683684,0.3650854004106726,309.46532510221004,2637.4324177982644,0.001614799333753532,12.108296939156403
349,750,Sassafras',0,0,0,0,0,0,0,0.0,0.0,0.0,0.0,0.0,0.0,0.0,0.0
349,750,Sequoia',0,0,0,0,0,0,0,0.0,0.0,0.0,0.0,0.0,0.0,0.0,0.0
349,750,Sequoiadendron',0,0,0,0,0,0,0,0.0,0.0,0.0,0.0,0.0,0.0,0.0,0.0
349,750,Sorbus',0,0,0,0,0,0,0,0.0,0.0,0.0,0.0,0.0,0.0,0.0,0.0
349,750,Taxodium',0,0,0,0,0,0,0,0.0,0.0,0.0,0.0,0.0,0.0,0.0,0.0
349,750,Taxus',0,0,0,0,0,0,0,0.0,0.0,0.0,0.0,0.0,0.0,0.0,0.0
349,750,Thuja',0,82,150,156,39,0,0,61.0,18.284727096557617,415.6775054758787,33.638600632851734,30335.353977496623,140150.1561538091,0.0734161277545053,326.3241561027575
349,750,Tilia',0,0,0,0,0,0,0,0.0,0.0,0.0,0.0,0.0,0.0,0.0,0.0
349,750,Torreya',0,0,0,0,0,0,0,0.0,0.0,0.0,0.0,0.0,0.0,0.0,0.0
349,750,Tsuga',0,10,90,34,0,0,0,42.53353500366211,15.698636054992676,115.81039897441863,4.800554497374561,4551.828647227288,34229.37934330747,0.011787991598347198,82.74372658561623
349,750,Ulmus',0,30,57,0,0,0,0,25.716323852539062,9.994548797607422,44.90692309422206,1.4668958295170842,1425.598722832501,14592.370499706156,0.0038144573151245734,36.769956143092955
349,750,Umbellularia',0,0,0,0,0,0,0,0.0,0.0,0.0,0.0,0.0,0.0,0.0,0.0
349,760,Abies',0,10,20,0,0,0,0,16.239919662475586,9.503204345703125,19.48769080042839,0.2707509479044706,220.04202055573464,3939.948503471805,0.0007704711081351465,12.726124959472605
349,760,Acer',0,379,164,0,0,0,0,25.999372482299805,15.57077407836914,276.8124247790326,2.3922789798322044,3314.529641366899,22713.74381173817,0.01135049016244195,58.82892322719342
349,760,Aesculus',0,0,0,0,0,0,0,0.0,0.0,0.0,0.0,0.0,0.0,0.0,0.0
349,760,Ailanthus',0,0,0,0,0,0,0,0.0,0.0,0.0,0.0,0.0,0.0,0.0,0.0
349,760,Alnus',0,21,0,0,0,0,0,7.610542297363281,6.190320014953613,8.296935390445249,0.06544254141695284,58.91559505343437,792.5924875458186,0.0002503625340647987,3.2717634458136606
349,760,Amelanchier',0,0,0,0,0,0,0,0.0,0.0,0.0,0.0,0.0,0.0,0.0,0.0
349,760,Arbutus',0,0,0,0,0,0,0,0.0,0.0,0.0,0.0,0.0,0.0,0.0,0.0
349,760,Asimina',0,0,0,0,0,0,0,0.0,0.0,0.0,0.0,0.0,0.0,0.0,0.0
349,760,Betula',0,1046,566,0,0,0,0,26.73423957824707,12.802023887634277,823.9545908708219,9.285442583077462,10665.878023572937,32690.07495555616,0.03556323523738877,87.19910502121277
349,760,Calocedrus',0,0,0,0,0,0,0,0.0,0.0,0.0,0.0,0.0,0.0,0.0,0.0
349,760,Carpinus',0,0,0,0,0,0,0,0.0,0.0,0.0,0.0,0.0,0.0,0.0,0.0
349,760,Carya',0,0,0,0,0,0,0,0.0,0.0,0.0,0.0,0.0,0.0,0.0,0.0
349,760,Castanea',0,0,0,0,0,0,0,0.0,0.0,0.0,0.0,0.0,0.0,0.0,0.0
349,760,Catalpa',0,0,0,0,0,0,0,0.0,0.0,0.0,0.0,0.0,0.0,0.0,0.0
349,760,Celtis',0,0,0,0,0,0,0,0.0,0.0,0.0,0.0,0.0,0.0,0.0,0.0
349,760,Cercis',0,0,0,0,0,0,0,0.0,0.0,0.0,0.0,0.0,0.0,0.0,0.0
349,760,Cercocarpus',0,0,0,0,0,0,0,0.0,0.0,0.0,0.0,0.0,0.0,0.0,0.0
349,760,Chamaecyparis',0,0,0,0,0,0,0,0.0,0.0,0.0,0.0,0.0,0.0,0.0,0.0
349,760,Chilopsis',0,0,0,0,0,0,0,0.0,0.0,0.0,0.0,0.0,0.0,0.0,0.0
349,760,Chrysolepis',0,0,0,0,0,0,0,0.0,0.0,0.0,0.0,0.0,0.0,0.0,0.0
349,760,Cladrastis',0,0,0,0,0,0,0,0.0,0.0,0.0,0.0,0.0,0.0,0.0,0.0
349,760,Comus',0,0,0,0,0,0,0,0.0,0.0,0.0,0.0,0.0,0.0,0.0,0.0
349,760,Cornus',0,0,0,0,0,0,0,0.0,0.0,0.0,0.0,0.0,0.0,0.0,0.0
349,760,Crataegus',0,0,0,0,0,0,0,0.0,0.0,0.0,0.0,0.0,0.0,0.0,0.0
349,760,Cupressus',0,0,0,0,0,0,0,0.0,0.0,0.0,0.0,0.0,0.0,0.0,0.0
349,760,Diospyros',0,0,0,0,0,0,0,0.0,0.0,0.0,0.0,0.0,0.0,0.0,0.0
349,760,Elaeagnus',0,30,14,0,0,0,0,9.090275764465332,4.782944679260254,23.23679520453833,0.1455929977228506,145.25321131765844,1623.3292607103942,0.0006572914952561245,7.022057996521607
349,760,Fagus',0,0,0,0,0,0,0,0.0,0.0,0.0,0.0,0.0,0.0,0.0,0.0
349,760,Fraxinus',0,153,34,0,0,0,0,14.621926307678223,7.550483703613281,69.22405372680271,0.5184546545692899,579.2378731899709,4023.9512815442436,0.0022837139622087113,15.178194935081134
349,760,Gleditsia',0,0,0,0,0,0,0,0.0,0.0,0.0,0.0,0.0,0.0,0.0,0.0
349,760,Gordonia',0,0,0,0,0,0,0,0.0,0.0,0.0,0.0,0.0,0.0,0.0,0.0
349,760,Gymnocladus',0,0,0,0,0,0,0,0.0,0.0,0.0,0.0,0.0,0.0,0.0,0.0
349,760,Halesia',0,0,0,0,0,0,0,0.0,0.0,0.0,0.0,0.0,0.0,0.0,0.0
349,760,Ilex',0,0,0,0,0,0,0,0.0,0.0,0.0,0.0,0.0,0.0,0.0,0.0
349,760,Juglans',0,0,0,0,0,0,0,0.0,0.0,0.0,0.0,0.0,0.0,0.0,0.0
349,760,Juniperus',0,0,0,0,0,0,0,0.0,0.0,0.0,0.0,0.0,0.0,0.0,0.0
349,760,Larix',0,0,0,0,0,0,0,0.0,0.0,0.0,0.0,0.0,0.0,0.0,0.0
349,760,Liquidambar',0,0,0,0,0,0,0,0.0,0.0,0.0,0.0,0.0,0.0,0.0,0.0
349,760,Liriodendron',0,0,0,0,0,0,0,0.0,0.0,0.0,0.0,0.0,0.0,0.0,0.0
349,760,Lithocarpus',0,0,0,0,0,0,0,0.0,0.0,0.0,0.0,0.0,0.0,0.0,0.0
349,760,Maclura',0,0,0,0,0,0,0,0.0,0.0,0.0,0.0,0.0,0.0,0.0,0.0
349,760,Magnolia',0,0,0,0,0,0,0,0.0,0.0,0.0,0.0,0.0,0.0,0.0,0.0
349,760,Malus',0,0,0,0,0,0,0,0.0,0.0,0.0,0.0,0.0,0.0,0.0,0.0
349,760,Morus',0,0,0,0,0,0,0,0.0,0.0,0.0,0.0,0.0,0.0,0.0,0.0
349,760,Nyssa',0,0,0,0,0,0,0,0.0,0.0,0.0,0.0,0.0,0.0,0.0,0.0
349,760,Olneya',0,0,0,0,0,0,0,0.0,0.0,0.0,0.0,0.0,0.0,0.0,0.0
349,760,Ostrya',0,0,0,0,0,0,0,0.0,0.0,0.0,0.0,0.0,0.0,0.0,0.0
349,760,Oxydendron',0,0,0,0,0,0,0,0.0,0.0,0.0,0.0,0.0,0.0,0.0,0.0
349,760,Paulownia',0,0,0,0,0,0,0,0.0,0.0,0.0,0.0,0.0,0.0,0.0,0.0
349,760,Persea',0,0,0,0,0,0,0,0.0,0.0,0.0,0.0,0.0,0.0,0.0,0.0
349,760,Picea',0,82,124,36,0,0,0,42.20050048828125,20.473316192626953,175.97961671710013,7.114043798828487,8694.12311303854,71266.69945995079,0.021862201216744558,164.52959044464694
349,760,Pinus',0,530,866,281,107,11,4,134.89944458007812,34.88803482055664,1267.040531964153,88.76843614949048,121235.1721466987,428166.08611834,0.28771319010018703,959.7059334620824
349,760,Planera',0,0,0,0,0,0,0,0.0,0.0,0.0,0.0,0.0,0.0,0.0,0.0
349,760,Platanus',0,0,0,0,0,0,0,0.0,0.0,0.0,0.0,0.0,0.0,0.0,0.0
349,760,Populus',0,841,150,0,0,0,0,18.04286003112793,12.749909400939941,431.4652553109947,2.7276644692343384,2545.9134110271184,10085.16423427169,0.011868767433788615,37.286316315657466
349,760,Prosopis',0,0,0,0,0,0,0,0.0,0.0,0.0,0.0,0.0,0.0,0.0,0.0
349,760,Prunus',0,10,10,0,0,0,0,10.896730422973633,6.807632923126221,17.295534814460368,0.13725242676432267,110.10086466312409,1810.7248590032193,0.0004936474233865749,7.83949285524665
349,760,Pseudotsuga',0,0,0,0,0,0,0,0.0,0.0,0.0,0.0,0.0,0.0,0.0,0.0
349,760,Quercus',0,0,0,0,0,0,0,0.0,0.0,0.0,0.0,0.0,0.0,0.0,0.0
349,760,Robinia',0,0,0,0,0,0,0,0.0,0.0,0.0,0.0,0.0,0.0,0.0,0.0
349,760,Salix',0,216,20,0,0,0,0,10.22606086730957,6.075175762176514,75.38106200391354,0.3456423143511347,307.8765967684984,2161.8960561388503,0.0017693224924020482,10.827035155636652
349,760,Sassafras',0,0,0,0,0,0,0,0.0,0.0,0.0,0.0,0.0,0.0,0.0,0.0
349,760,Sequoia',0,0,0,0,0,0,0,0.0,0.0,0.0,0.0,0.0,0.0,0.0,0.0
349,760,Sequoiadendron',0,0,0,0,0,0,0,0.0,0.0,0.0,0.0,0.0,0.0,0.0,0.0
349,760,Sorbus',0,0,0,0,0,0,0,0.0,0.0,0.0,0.0,0.0,0.0,0.0,0.0
349,760,Taxodium',0,0,0,0,0,0,0,0.0,0.0,0.0,0.0,0.0,0.0,0.0,0.0
349,760,Taxus',0,0,0,0,0,0,0,0.0,0.0,0.0,0.0,0.0,0.0,0.0,0.0
349,760,Thuja',0,173,93,152,30,0,0,59.29793167114258,18.130355834960938,344.8611656816304,27.71142461160075,24926.31385413617,130915.84419398145,0.060373135874942856,303.9550307803921
349,760,Tilia',0,0,0,0,0,0,0,0.0,0.0,0.0,0.0,0.0,0.0,0.0,0.0
349,760,Torreya',0,0,0,0,0,0,0,0.0,0.0,0.0,0.0,0.0,0.0,0.0,0.0
349,760,Tsuga',0,43,62,28,0,0,0,45.99135971069336,16.4859676361084,101.93485502541064,3.859164605730651,3741.271748558879,31303.36902518411,0.009786329643312454,76.17102802157527
349,760,Ulmus',0,30,62,6,0,0,0,28.78367805480957,10.871780395507812,41.867707276693245,1.4898647776065368,1462.351330911666,15059.557841650898,0.0038523784660869425,36.940105214699194
349,760,Umbellularia',0,0,0,0,0,0,0,0.0,0.0,0.0,0.0,0.0,0.0,0.0,0.0
349,770,Abies',0,0,20,0,0,0,0,19.64276695251465,10.823103904724121,14.880108008384704,0.3991981904088265,318.64916711330415,5808.389705423357,0.0009230441609000135,15.993230633643382
349,770,Acer',0,580,117,0,0,0,0,27.467485427856445,16.16973114013672,345.6621044781648,2.7149915043562225,3917.0023567850517,26502.058399196572,0.013680447692459923,68.91470170370924
349,770,Aesculus',0,0,0,0,0,0,0,0.0,0.0,0.0,0.0,0.0,0.0,0.0,0.0
349,770,Ailanthus',0,0,0,0,0,0,0,0.0,0.0,0.0,0.0,0.0,0.0,0.0,0.0
349,770,Alnus',0,10,0,0,0,0,0,2.6466498374938965,3.5771303176879883,2.2649848668635646,0.005611552436536031,7.214500504732132,161.32113552287674,4.863793849479403e-05,1.0875773675981242
349,770,Amelanchier',0,0,0,0,0,0,0,0.0,0.0,0.0,0.0,0.0,0.0,0.0,0.0
349,770,Arbutus',0,0,0,0,0,0,0,0.0,0.0,0.0,0.0,0.0,0.0,0.0,0.0
349,770,Asimina',0,0,0,0,0,0,0,0.0,0.0,0.0,0.0,0.0,0.0,0.0,0.0
349,770,Betula',0,1045,581,4,0,0,0,31.136133193969727,14.031965255737305,916.4176754513164,9.626688094770516,11033.739305663481,27703.537730400392,0.0377117624207046,80.64488433244209
349,770,Calocedrus',0,0,0,0,0,0,0,0.0,0.0,0.0,0.0,0.0,0.0,0.0,0.0
349,770,Carpinus',0,0,0,0,0,0,0,0.0,0.0,0.0,0.0,0.0,0.0,0.0,0.0
349,770,Carya',0,0,0,0,0,0,0,0.0,0.0,0.0,0.0,0.0,0.0,0.0,0.0
349,770,Castanea',0,0,0,0,0,0,0,0.0,0.0,0.0,0.0,0.0,0.0,0.0,0.0
349,770,Catalpa',0,0,0,0,0,0,0,0.0,0.0,0.0,0.0,0.0,0.0,0.0,0.0
349,770,Celtis',0,0,0,0,0,0,0,0.0,0.0,0.0,0.0,0.0,0.0,0.0,0.0
349,770,Cercis',0,0,0,0,0,0,0,0.0,0.0,0.0,0.0,0.0,0.0,0.0,0.0
349,770,Cercocarpus',0,0,0,0,0,0,0,0.0,0.0,0.0,0.0,0.0,0.0,0.0,0.0
349,770,Chamaecyparis',0,0,0,0,0,0,0,0.0,0.0,0.0,0.0,0.0,0.0,0.0,0.0
349,770,Chilopsis',0,0,0,0,0,0,0,0.0,0.0,0.0,0.0,0.0,0.0,0.0,0.0
349,770,Chrysolepis',0,0,0,0,0,0,0,0.0,0.0,0.0,0.0,0.0,0.0,0.0,0.0
349,770,Cladrastis',0,0,0,0,0,0,0,0.0,0.0,0.0,0.0,0.0,0.0,0.0,0.0
349,770,Comus',0,0,0,0,0,0,0,0.0,0.0,0.0,0.0,0.0,0.0,0.0,0.0
349,770,Cornus',0,0,0,0,0,0,0,0.0,0.0,0.0,0.0,0.0,0.0,0.0,0.0
349,770,Crataegus',0,0,0,0,0,0,0,0.0,0.0,0.0,0.0,0.0,0.0,0.0,0.0
349,770,Cupressus',0,0,0,0,0,0,0,0.0,0.0,0.0,0.0,0.0,0.0,0.0,0.0
349,770,Diospyros',0,0,0,0,0,0,0,0.0,0.0,0.0,0.0,0.0,0.0,0.0,0.0
349,770,Elaeagnus',0,56,10,0,0,0,0,10.275216102600098,5.10125732421875,29.479424058919463,0.16964159644045712,175.86038223177195,2008.6763046161846,0.0008151735343493044,8.719547525521525
349,770,Fagus',0,0,0,0,0,0,0,0.0,0.0,0.0,0.0,0.0,0.0,0.0,0.0
349,770,Fraxinus',0,69,31,0,0,0,0,14.963051795959473,7.673618793487549,53.06878236935863,0.41195089775378146,481.13636988520625,4653.866771888356,0.0018331465436811558,15.567276676738436
349,770,Gleditsia',0,0,0,0,0,0,0,0.0,0.0,0.0,0.0,0.0,0.0,0.0,0.0
349,770,Gordonia',0,0,0,0,0,0,0,0.0,0.0,0.0,0.0,0.0,0.0,0.0,0.0
349,770,Gymnocladus',0,0,0,0,0,0,0,0.0,0.0,0.0,0.0,0.0,0.0,0.0,0.0
349,770,Halesia',0,0,0,0,0,0,0,0.0,0.0,0.0,0.0,0.0,0.0,0.0,0.0
349,770,Ilex',0,0,0,0,0,0,0,0.0,0.0,0.0,0.0,0.0,0.0,0.0,0.0
349,770,Juglans',0,0,0,0,0,0,0,0.0,0.0,0.0,0.0,0.0,0.0,0.0,0.0
349,770,Juniperus',0,0,0,0,0,0,0,0.0,0.0,0.0,0.0,0.0,0.0,0.0,0.0
349,770,Larix',0,0,0,0,0,0,0,0.0,0.0,0.0,0.0,0.0,0.0,0.0,0.0
349,770,Liquidambar',0,0,0,0,0,0,0,0.0,0.0,0.0,0.0,0.0,0.0,0.0,0.0
349,770,Liriodendron',0,0,0,0,0,0,0,0.0,0.0,0.0,0.0,0.0,0.0,0.0,0.0
349,770,Lithocarpus',0,0,0,0,0,0,0,0.0,0.0,0.0,0.0,0.0,0.0,0.0,0.0
349,770,Maclura',0,0,0,0,0,0,0,0.0,0.0,0.0,0.0,0.0,0.0,0.0,0.0
349,770,Magnolia',0,0,0,0,0,0,0,0.0,0.0,0.0,0.0,0.0,0.0,0.0,0.0
349,770,Malus',0,0,0,0,0,0,0,0.0,0.0,0.0,0.0,0.0,0.0,0.0,0.0
349,770,Morus',0,0,0,0,0,0,0,0.0,0.0,0.0,0.0,0.0,0.0,0.0,0.0
349,770,Nyssa',0,0,0,0,0,0,0,0.0,0.0,0.0,0.0,0.0,0.0,0.0,0.0
349,770,Olneya',0,0,0,0,0,0,0,0.0,0.0,0.0,0.0,0.0,0.0,0.0,0.0
349,770,Ostrya',0,0,0,0,0,0,0,0.0,0.0,0.0,0.0,0.0,0.0,0.0,0.0
349,770,Oxydendron',0,0,0,0,0,0,0,0.0,0.0,0.0,0.0,0.0,0.0,0.0,0.0
349,770,Paulownia',0,0,0,0,0,0,0,0.0,0.0,0.0,0.0,0.0,0.0,0.0,0.0
349,770,Persea',0,0,0,0,0,0,0,0.0,0.0,0.0,0.0,0.0,0.0,0.0,0.0
349,770,Picea',0,20,161,25,0,0,0,44.60153579711914,20.7581787109375,195.3921927201748,7.2994192456969085,8898.580837720632,73573.40452269875,0.02259695593833176,170.0828594011604
349,770,Pinus',0,597,739,350,70,9,0,70.25664520263672,31.149885177612305,1259.8453390951454,72.85901948382231,92952.09689979628,265056.6627850146,0.22475797924111512,601.78616354308
349,770,Planera',0,0,0,0,0,0,0,0.0,0.0,0.0,0.0,0.0,0.0,0.0,0.0
349,770,Platanus',0,0,0,0,0,0,0,0.0,0.0,0.0,0.0,0.0,0.0,0.0,0.0
349,770,Populus',0,823,141,0,0,0,0,19.92792320251465,11.824503898620605,485.14655106972094,3.013893297851204,2804.260860353559,10372.497036841658,0.013215644943953735,39.55404780825923
349,770,Prosopis',0,0,0,0,0,0,0,0.0,0.0,0.0,0.0,0.0,0.0,0.0,0.0
349,770,Prunus',0,10,10,0,0,0,0,16.10970115661621,8.325995445251465,8.191873341845938,0.2147138108411061,158.27813425138592,3428.8202960067765,0.0004696557742240837,9.989736784565222
349,770,Pseudotsuga',0,0,0,0,0,0,0,0.0,0.0,0.0,0.0,0.0,0.0,0.0,0.0
349,770,Quercus',0,0,0,0,0,0,0,0.0,0.0,0.0,0.0,0.0,0.0,0.0,0.0
349,770,Robinia',0,0,0,0,0,0,0,0.0,0.0,0.0,0.0,0.0,0.0,0.0,0.0
349,770,Salix',0,174,16,0,0,0,0,11.877309799194336,6.706358909606934,77.02231906660938,0.3550640011047002,322.47517035260796,2508.0244314653196,0.001825390564225383,12.296809069086645
349,770,Sassafras',0,0,0,0,0,0,0,0.0,0.0,0.0,0.0,0.0,0.0,0.0,0.0
349,770,Sequoia',0,0,0,0,0,0,0,0.0,0.0,0.0,0.0,0.0,0.0,0.0,0.0
349,770,Sequoiadendron',0,0,0,0,0,0,0,0.0,0.0,0.0,0.0,0.0,0.0,0.0,0.0
349,770,Sorbus',0,0,0,0,0,0,0,0.0,0.0,0.0,0.0,0.0,0.0,0.0,0.0
349,770,Taxodium',0,0,0,0,0,0,0,0.0,0.0,0.0,0.0,0.0,0.0,0.0,0.0
349,770,Taxus',0,0,0,0,0,0,0,0.0,0.0,0.0,0.0,0.0,0.0,0.0,0.0
349,770,Thuja',0,118,136,142,30,0,0,56.84011459350586,17.891822814941406,385.72597098618746,25.378653544717963,22851.5984014377,122674.74328957156,0.056352927437097244,285.05647765055227
349,770,Tilia',0,0,0,0,0,0,0,0.0,0.0,0.0,0.0,0.0,0.0,0.0,0.0
349,770,Torreya',0,0,0,0,0,0,0,0.0,0.0,0.0,0.0,0.0,0.0,0.0,0.0
349,770,Tsuga',0,58,72,21,3,0,0,49.28183364868164,17.194910049438477,130.95636147677897,4.113038890613362,4031.9140997308496,32118.47141101955,0.010851401117855063,78.37938244064597
349,770,Ulmus',0,40,41,6,0,0,0,31.146404266357422,11.526914596557617,41.54725707878794,1.7004661038501547,1700.094134824872,18170.671274287,0.004376082765178726,44.6525455334977
349,770,Umbellularia',0,0,0,0,0,0,0,0.0,0.0,0.0,0.0,0.0,0.0,0.0,0.0
349,780,Abies',0,0,10,0,0,0,0,22.96796417236328,12.00421142578125,9.47290506362915,0.42260541467814844,365.0419930458069,8162.5871109244135,0.00094803529173136,21.198713573801577
349,780,Acer',0,511,109,10,0,0,0,28.89197540283203,16.733726501464844,322.76849472258664,2.737646767675807,3946.997851499915,29047.574769357532,0.013417538094237668,72.88948094003634
349,780,Aesculus',0,0,0,0,0,0,0,0.0,0.0,0.0,0.0,0.0,0.0,0.0,0.0
349,780,Ailanthus',0,0,0,0,0,0,0,0.0,0.0,0.0,0.0,0.0,0.0,0.0,0.0
349,780,Alnus',0,31,0,0,0,0,0,6.728925704956055,5.84226131439209,10.712452243211903,0.05293210173046174,56.649434351325034,951.8087911755073,0.00028009933861065727,4.8436450305538425
349,780,Amelanchier',0,0,0,0,0,0,0,0.0,0.0,0.0,0.0,0.0,0.0,0.0,0.0
349,780,Arbutus',0,0,0,0,0,0,0,0.0,0.0,0.0,0.0,0.0,0.0,0.0,0.0
349,780,Asimina',0,0,0,0,0,0,0,0.0,0.0,0.0,0.0,0.0,0.0,0.0,0.0
349,780,Betula',0,1053,646,5,0,0,0,35.52634811401367,15.124075889587402,935.8784921159613,11.469200180163075,13459.145310098156,35326.84232895923,0.04338170241034462,96.27184840329886
349,780,Calocedrus',0,0,0,0,0,0,0,0.0,0.0,0.0,0.0,0.0,0.0,0.0,0.0
349,780,Carpinus',0,0,0,0,0,0,0,0.0,0.0,0.0,0.0,0.0,0.0,0.0,0.0
349,780,Carya',0,0,0,0,0,0,0,0.0,0.0,0.0,0.0,0.0,0.0,0.0,0.0
349,780,Castanea',0,10,0,0,0,0,0,0.5404626131057739,1.461755633354187,0.5872744328896455,0.0002358382857486611,3.074404489248991,68.74577428291248,1.528615183942025e-05,0.3418087462732699
349,780,Catalpa',0,0,0,0,0,0,0,0.0,0.0,0.0,0.0,0.0,0.0,0.0,0.0
349,780,Celtis',0,0,0,0,0,0,0,0.0,0.0,0.0,0.0,0.0,0.0,0.0,0.0
349,780,Cercis',0,0,0,0,0,0,0,0.0,0.0,0.0,0.0,0.0,0.0,0.0,0.0
349,780,Cercocarpus',0,0,0,0,0,0,0,0.0,0.0,0.0,0.0,0.0,0.0,0.0,0.0
349,780,Chamaecyparis',0,0,0,0,0,0,0,0.0,0.0,0.0,0.0,0.0,0.0,0.0,0.0
349,780,Chilopsis',0,0,0,0,0,0,0,0.0,0.0,0.0,0.0,0.0,0.0,0.0,0.0
349,780,Chrysolepis',0,0,0,0,0,0,0,0.0,0.0,0.0,0.0,0.0,0.0,0.0,0.0
349,780,Cladrastis',0,0,0,0,0,0,0,0.0,0.0,0.0,0.0,0.0,0.0,0.0,0.0
349,780,Comus',0,0,0,0,0,0,0,0.0,0.0,0.0,0.0,0.0,0.0,0.0,0.0
349,780,Cornus',0,0,0,0,0,0,0,0.0,0.0,0.0,0.0,0.0,0.0,0.0,0.0
349,780,Crataegus',0,0,0,0,0,0,0,0.0,0.0,0.0,0.0,0.0,0.0,0.0,0.0
349,780,Cupressus',0,0,0,0,0,0,0,0.0,0.0,0.0,0.0,0.0,0.0,0.0,0.0
349,780,Diospyros',0,0,0,0,0,0,0,0.0,0.0,0.0,0.0,0.0,0.0,0.0,0.0
349,780,Elaeagnus',0,111,12,0,0,0,0,15.03611946105957,6.15568733215332,47.17287637364071,0.1677984864145198,212.38719793960453,1753.7263041354122,0.001151051322401499,9.063298390674742
349,780,Fagus',0,0,0,0,0,0,0,0.0,0.0,0.0,0.0,0.0,0.0,0.0,0.0
349,780,Fraxinus',0,68,29,0,0,0,0,17.73061752319336,8.639140129089355,29.70705065227856,0.5191922074820042,560.9902188370377,7092.103412789021,0.0016742944664675783,19.212127889924545
349,780,Gleditsia',0,0,0,0,0,0,0,0.0,0.0,0.0,0.0,0.0,0.0,0.0,0.0
349,780,Gordonia',0,0,0,0,0,0,0,0.0,0.0,0.0,0.0,0.0,0.0,0.0,0.0
349,780,Gymnocladus',0,0,0,0,0,0,0,0.0,0.0,0.0,0.0,0.0,0.0,0.0,0.0
349,780,Halesia',0,0,0,0,0,0,0,0.0,0.0,0.0,0.0,0.0,0.0,0.0,0.0
349,780,Ilex',0,0,0,0,0,0,0,0.0,0.0,0.0,0.0,0.0,0.0,0.0,0.0
349,780,Juglans',0,0,0,0,0,0,0,0.0,0.0,0.0,0.0,0.0,0.0,0.0,0.0
349,780,Juniperus',0,0,0,0,0,0,0,0.0,0.0,0.0,0.0,0.0,0.0,0.0,0.0
349,780,Larix',0,0,0,0,0,0,0,0.0,0.0,0.0,0.0,0.0,0.0,0.0,0.0
349,780,Liquidambar',0,0,0,0,0,0,0,0.0,0.0,0.0,0.0,0.0,0.0,0.0,0.0
349,780,Liriodendron',0,0,0,0,0,0,0,0.0,0.0,0.0,0.0,0.0,0.0,0.0,0.0
349,780,Lithocarpus',0,0,0,0,0,0,0,0.0,0.0,0.0,0.0,0.0,0.0,0.0,0.0
349,780,Maclura',0,0,0,0,0,0,0,0.0,0.0,0.0,0.0,0.0,0.0,0.0,0.0
349,780,Magnolia',0,0,0,0,0,0,0,0.0,0.0,0.0,0.0,0.0,0.0,0.0,0.0
349,780,Malus',0,0,0,0,0,0,0,0.0,0.0,0.0,0.0,0.0,0.0,0.0,0.0
349,780,Morus',0,0,0,0,0,0,0,0.0,0.0,0.0,0.0,0.0,0.0,0.0,0.0
349,780,Nyssa',0,0,0,0,0,0,0,0.0,0.0,0.0,0.0,0.0,0.0,0.0,0.0
349,780,Olneya',0,0,0,0,0,0,0,0.0,0.0,0.0,0.0,0.0,0.0,0.0,0.0
349,780,Ostrya',0,0,0,0,0,0,0,0.0,0.0,0.0,0.0,0.0,0.0,0.0,0.0
349,780,Oxydendron',0,0,0,0,0,0,0,0.0,0.0,0.0,0.0,0.0,0.0,0.0,0.0
349,780,Paulownia',0,0,0,0,0,0,0,0.0,0.0,0.0,0.0,0.0,0.0,0.0,0.0
349,780,Persea',0,0,0,0,0,0,0,0.0,0.0,0.0,0.0,0.0,0.0,0.0,0.0
349,780,Picea',0,46,140,20,4,0,0,48.40573501586914,21.00282859802246,180.5117097070813,7.688879380071562,9506.423849982322,79100.17122022291,0.02373277757481109,182.78396721421302
349,780,Pinus',0,641,753,282,71,9,0,72.95884704589844,31.484066009521484,1216.899517622739,72.84339835939232,94086.51692562953,275295.4077097663,0.22665858668233835,624.1277217903078
349,780,Planera',0,0,0,0,0,0,0,0.0,0.0,0.0,0.0,0.0,0.0,0.0,0.0
349,780,Platanus',0,0,0,0,0,0,0,0.0,0.0,0.0,0.0,0.0,0.0,0.0,0.0
349,780,Populus',0,864,185,0,0,0,0,24.47300910949707,13.605940818786621,468.18502482274374,3.2279900365980607,3014.474708757475,13324.64066622482,0.01343861622307905,43.6942846128437
349,780,Prosopis',0,0,0,0,0,0,0,0.0,0.0,0.0,0.0,0.0,0.0,0.0,0.0
349,780,Prunus',0,16,0,0,0,0,0,2.1140270233154297,2.700439214706421,2.2605832008338425,0.004555033019036434,5.8511610771715645,104.26059849546584,4.554493116820217e-05,0.8132464157832948
349,780,Pseudotsuga',0,0,0,0,0,0,0,0.0,0.0,0.0,0.0,0.0,0.0,0.0,0.0
349,780,Quercus',0,0,0,0,0,0,0,0.0,0.0,0.0,0.0,0.0,0.0,0.0,0.0
349,780,Robinia',0,0,0,0,0,0,0,0.0,0.0,0.0,0.0,0.0,0.0,0.0,0.0
349,780,Salix',0,189,25,0,0,0,0,9.978986740112305,5.977745532989502,59.024162681042384,0.28403612251720284,263.6812280213833,2113.127615464659,0.001435643901537171,11.121400999409826
349,780,Sassafras',0,0,0,0,0,0,0,0.0,0.0,0.0,0.0,0.0,0.0,0.0,0.0
349,780,Sequoia',0,0,0,0,0,0,0,0.0,0.0,0.0,0.0,0.0,0.0,0.0,0.0
349,780,Sequoiadendron',0,0,0,0,0,0,0,0.0,0.0,0.0,0.0,0.0,0.0,0.0,0.0
349,780,Sorbus',0,0,0,0,0,0,0,0.0,0.0,0.0,0.0,0.0,0.0,0.0,0.0
349,780,Taxodium',0,0,0,0,0,0,0,0.0,0.0,0.0,0.0,0.0,0.0,0.0,0.0
349,780,Taxus',0,0,0,0,0,0,0,0.0,0.0,0.0,0.0,0.0,0.0,0.0,0.0
349,780,Thuja',0,82,206,86,63,0,0,59.35615539550781,18.135778427124023,402.2608612811565,28.16192277069859,25526.981823969185,136393.53409149492,0.06253706130571918,316.4987965463978
349,780,Tilia',0,0,0,0,0,0,0,0.0,0.0,0.0,0.0,0.0,0.0,0.0,0.0
349,780,Torreya',0,0,0,0,0,0,0,0.0,0.0,0.0,0.0,0.0,0.0,0.0,0.0
349,780,Tsuga',0,43,91,14,3,0,0,52.307952880859375,17.81402015686035,124.82901848703622,4.393200263061341,4302.008664586842,33664.71041641321,0.011363104981489788,82.11172022654867
349,780,Ulmus',0,46,30,0,0,0,0,18.66969108581543,9.969263076782227,40.74588330957708,0.6187000440590649,661.4701170343161,8548.158010352763,0.002056493205737318,23.473501475324365
349,780,Umbellularia',0,0,0,0,0,0,0,0.0,0.0,0.0,0.0,0.0,0.0,0.0,0.0
349,790,Abies',0,0,10,0,0,0,0,25.951080322265625,12.979830741882324,9.992720818519592,0.5395117863963471,487.13847506046295,10892.74744690794,0.0012268692544102591,27.433630523658252
349,790,Acer',0,616,163,10,0,0,0,29.96259307861328,17.146785736083984,408.5918076253861,2.9666468547015916,4368.80964523837,30875.401275942924,0.015590372055927294,77.24494483722506
349,790,Aesculus',0,0,0,0,0,0,0,0.0,0.0,0.0,0.0,0.0,0.0,0.0,0.0
349,790,Ailanthus',0,0,0,0,0,0,0,0.0,0.0,0.0,0.0,0.0,0.0,0.0,0.0
349,790,Alnus',0,15,0,0,0,0,0,10.535233497619629,7.092785358428955,3.728510432322568,0.012124551796782545,14.482508029043675,193.51728230335442,8.58573291776702e-05,1.1704416788334095
349,790,Amelanchier',0,0,0,0,0,0,0,0.0,0.0,0.0,0.0,0.0,0.0,0.0,0.0
349,790,Arbutus',0,0,0,0,0,0,0,0.0,0.0,0.0,0.0,0.0,0.0,0.0,0.0
349,790,Asimina',0,0,0,0,0,0,0,0.0,0.0,0.0,0.0,0.0,0.0,0.0,0.0
349,790,Betula',0,1102,532,6,0,0,0,42.716800689697266,16.660385131835938,860.1625372043845,11.694275216152043,14151.513034673855,42151.070098934004,0.04383032410636902,108.61682524714905
349,790,Calocedrus',0,0,0,0,0,0,0,0.0,0.0,0.0,0.0,0.0,0.0,0.0,0.0
349,790,Carpinus',0,0,0,0,0,0,0,0.0,0.0,0.0,0.0,0.0,0.0,0.0,0.0
349,790,Carya',0,0,0,0,0,0,0,0.0,0.0,0.0,0.0,0.0,0.0,0.0,0.0
349,790,Castanea',0,0,0,0,0,0,0,0.0,0.0,0.0,0.0,0.0,0.0,0.0,0.0
349,790,Catalpa',0,0,0,0,0,0,0,0.0,0.0,0.0,0.0,0.0,0.0,0.0,0.0
349,790,Celtis',0,0,0,0,0,0,0,0.0,0.0,0.0,0.0,0.0,0.0,0.0,0.0
349,790,Cercis',0,0,0,0,0,0,0,0.0,0.0,0.0,0.0,0.0,0.0,0.0,0.0
349,790,Cercocarpus',0,0,0,0,0,0,0,0.0,0.0,0.0,0.0,0.0,0.0,0.0,0.0
349,790,Chamaecyparis',0,0,0,0,0,0,0,0.0,0.0,0.0,0.0,0.0,0.0,0.0,0.0
349,790,Chilopsis',0,0,0,0,0,0,0,0.0,0.0,0.0,0.0,0.0,0.0,0.0,0.0
349,790,Chrysolepis',0,0,0,0,0,0,0,0.0,0.0,0.0,0.0,0.0,0.0,0.0,0.0
349,790,Cladrastis',0,0,0,0,0,0,0,0.0,0.0,0.0,0.0,0.0,0.0,0.0,0.0
349,790,Comus',0,0,0,0,0,0,0,0.0,0.0,0.0,0.0,0.0,0.0,0.0,0.0
349,790,Cornus',0,0,0,0,0,0,0,0.0,0.0,0.0,0.0,0.0,0.0,0.0,0.0
349,790,Crataegus',0,0,0,0,0,0,0,0.0,0.0,0.0,0.0,0.0,0.0,0.0,0.0
349,790,Cupressus',0,0,0,0,0,0,0,0.0,0.0,0.0,0.0,0.0,0.0,0.0,0.0
349,790,Diospyros',0,0,0,0,0,0,0,0.0,0.0,0.0,0.0,0.0,0.0,0.0,0.0
349,790,Elaeagnus',0,54,1,0,0,0,0,17.134105682373047,6.524693965911865,30.27812678013232,0.1425516947427294,162.1235080461204,1673.53864860575,0.0007961449182082433,7.996612085583461
349,790,Fagus',0,0,0,0,0,0,0,0.0,0.0,0.0,0.0,0.0,0.0,0.0,0.0
349,790,Fraxinus',0,74,19,0,0,0,0,21.378820419311523,9.825199127197266,29.849822334002088,0.6348399322826356,723.87779933393,10524.348524540612,0.002038322158834667,26.12820374454719
349,790,Gleditsia',0,0,0,0,0,0,0,0.0,0.0,0.0,0.0,0.0,0.0,0.0,0.0
349,790,Gordonia',0,0,0,0,0,0,0,0.0,0.0,0.0,0.0,0.0,0.0,0.0,0.0
349,790,Gymnocladus',0,0,0,0,0,0,0,0.0,0.0,0.0,0.0,0.0,0.0,0.0,0.0
349,790,Halesia',0,0,0,0,0,0,0,0.0,0.0,0.0,0.0,0.0,0.0,0.0,0.0
349,790,Ilex',0,0,0,0,0,0,0,0.0,0.0,0.0,0.0,0.0,0.0,0.0,0.0
349,790,Juglans',0,0,0,0,0,0,0,0.0,0.0,0.0,0.0,0.0,0.0,0.0,0.0
349,790,Juniperus',0,0,0,0,0,0,0,0.0,0.0,0.0,0.0,0.0,0.0,0.0,0.0
349,790,Larix',0,0,0,0,0,0,0,0.0,0.0,0.0,0.0,0.0,0.0,0.0,0.0
349,790,Liquidambar',0,0,0,0,0,0,0,0.0,0.0,0.0,0.0,0.0,0.0,0.0,0.0
349,790,Liriodendron',0,0,0,0,0,0,0,0.0,0.0,0.0,0.0,0.0,0.0,0.0,0.0
349,790,Lithocarpus',0,0,0,0,0,0,0,0.0,0.0,0.0,0.0,0.0,0.0,0.0,0.0
349,790,Maclura',0,0,0,0,0,0,0,0.0,0.0,0.0,0.0,0.0,0.0,0.0,0.0
349,790,Magnolia',0,0,0,0,0,0,0,0.0,0.0,0.0,0.0,0.0,0.0,0.0,0.0
349,790,Malus',0,0,0,0,0,0,0,0.0,0.0,0.0,0.0,0.0,0.0,0.0,0.0
349,790,Morus',0,0,0,0,0,0,0,0.0,0.0,0.0,0.0,0.0,0.0,0.0,0.0
349,790,Nyssa',0,0,0,0,0,0,0,0.0,0.0,0.0,0.0,0.0,0.0,0.0,0.0
349,790,Olneya',0,0,0,0,0,0,0,0.0,0.0,0.0,0.0,0.0,0.0,0.0,0.0
349,790,Ostrya',0,0,0,0,0,0,0,0.0,0.0,0.0,0.0,0.0,0.0,0.0,0.0
349,790,Oxydendron',0,0,0,0,0,0,0,0.0,0.0,0.0,0.0,0.0,0.0,0.0,0.0
349,790,Paulownia',0,0,0,0,0,0,0,0.0,0.0,0.0,0.0,0.0,0.0,0.0,0.0
349,790,Persea',0,0,0,0,0,0,0,0.0,0.0,0.0,0.0,0.0,0.0,0.0,0.0
349,790,Picea',0,78,115,25,4,0,0,52.2179069519043,21.256492614746094,179.19327526479958,7.248572684602443,8698.060639850199,69816.51362613424,0.021917370980058516,162.51196720087148
349,790,Pinus',0,668,748,285,80,9,0,75.59857177734375,31.786029815673828,1226.9718232519924,75.04269519132258,97893.29347110138,291004.44133257447,0.23526357918536656,659.1808907152068
349,790,Planera',0,0,0,0,0,0,0,0.0,0.0,0.0,0.0,0.0,0.0,0.0,0.0
349,790,Platanus',0,0,0,0,0,0,0,0.0,0.0,0.0,0.0,0.0,0.0,0.0,0.0
349,790,Populus',0,1015,135,0,0,0,0,19.797819137573242,13.54430103302002,474.99312945853774,2.6999014067595644,2583.883286439106,10040.434051172653,0.0125797528325105,37.69663634035207
349,790,Prosopis',0,0,0,0,0,0,0,0.0,0.0,0.0,0.0,0.0,0.0,0.0,0.0
349,790,Prunus',0,34,0,0,0,0,0,4.170201301574707,3.8864991664886475,7.767766647253043,0.017873337750542072,21.581305482164026,305.7167429669947,0.0001597797747547735,2.2668093436680716
349,790,Pseudotsuga',0,0,0,0,0,0,0,0.0,0.0,0.0,0.0,0.0,0.0,0.0,0.0
349,790,Quercus',0,29,0,0,0,0,0,3.3758530616760254,3.20308780670166,6.690777323291271,0.01474858333379287,27.191544398069382,390.0167350590988,0.0001567431111671029,2.2664389841329493
349,790,Robinia',0,0,0,0,0,0,0,0.0,0.0,0.0,0.0,0.0,0.0,0.0,0.0
349,790,Salix',0,210,11,0,0,0,0,14.696830749511719,7.707850933074951,80.20075153583022,0.3597109435452547,338.8193445791304,2347.5406485098933,0.001907466250981434,12.37683709893413
349,790,Sassafras',0,0,0,0,0,0,0,0.0,0.0,0.0,0.0,0.0,0.0,0.0,0.0
349,790,Sequoia',0,0,0,0,0,0,0,0.0,0.0,0.0,0.0,0.0,0.0,0.0,0.0
349,790,Sequoiadendron',0,0,0,0,0,0,0,0.0,0.0,0.0,0.0,0.0,0.0,0.0,0.0
349,790,Sorbus',0,0,0,0,0,0,0,0.0,0.0,0.0,0.0,0.0,0.0,0.0,0.0
349,790,Taxodium',0,0,0,0,0,0,0,0.0,0.0,0.0,0.0,0.0,0.0,0.0,0.0
349,790,Taxus',0,0,0,0,0,0,0,0.0,0.0,0.0,0.0,0.0,0.0,0.0,0.0
349,790,Thuja',0,99,233,67,23,0,0,56.32639694213867,17.839515686035156,395.6366457515955,21.55741475180747,19088.316092552694,104964.28725255452,0.04813323177590803,246.3029108757495
349,790,Tilia',0,0,0,0,0,0,0,0.0,0.0,0.0,0.0,0.0,0.0,0.0,0.0
349,790,Torreya',0,0,0,0,0,0,0,0.0,0.0,0.0,0.0,0.0,0.0,0.0,0.0
349,790,Tsuga',0,20,99,14,3,0,0,55.05889129638672,18.350818634033203,143.32040229678154,5.486706555105391,5493.443224571944,40427.753290019624,0.014277835088741038,98.20757748258742
349,790,Ulmus',0,21,20,0,0,0,0,18.847293853759766,11.023981094360352,26.844998483039156,0.4592107281546865,543.7689019525051,9032.761917369482,0.0015948240434154883,23.512935392931595
349,790,Umbellularia',0,0,0,0,0,0,0,0.0,0.0,0.0,0.0,0.0,0.0,0.0,0.0
349,800,Abies',0,0,0,10,0,0,0,28.614980697631836,13.788976669311523,9.304342460632324,0.6559594117115479,612.0054960250854,13684.85891715568,0.0014944082421064345,33.41598415485964
349,800,Acer',0,479,178,10,0,0,0,31.359834671020508,17.672260284423828,333.86876165984734,3.2811459786944557,4811.268846109063,35151.81656479572,0.015497934849109505,86.22845509450228
349,800,Aesculus',0,0,0,0,0,0,0,0.0,0.0,0.0,0.0,0.0,0.0,0.0,0.0
349,800,Ailanthus',0,0,0,0,0,0,0,0.0,0.0,0.0,0.0,0.0,0.0,0.0,0.0
349,800,Alnus',0,10,0,0,0,0,0,2.6674447059631348,3.592047691345215,2.3152496561973908,0.005744785892708504,7.38693783402443,165.1769514244345,4.974472362454957e-05,1.1123258354643266
349,800,Amelanchier',0,0,0,0,0,0,0,0.0,0.0,0.0,0.0,0.0,0.0,0.0,0.0
349,800,Arbutus',0,0,0,0,0,0,0,0.0,0.0,0.0,0.0,0.0,0.0,0.0,0.0
349,800,Asimina',0,0,0,0,0,0,0,0.0,0.0,0.0,0.0,0.0,0.0,0.0,0.0
349,800,Betula',0,868,666,7,1,0,0,50.420631408691406,18.012577056884766,880.5229652618776,13.614162374584525,16321.084349627048,46926.75979959753,0.04894469371410427,117.9333919249132
349,800,Calocedrus',0,0,0,0,0,0,0,0.0,0.0,0.0,0.0,0.0,0.0,0.0,0.0
349,800,Carpinus',0,0,0,0,0,0,0,0.0,0.0,0.0,0.0,0.0,0.0,0.0,0.0
349,800,Carya',0,0,0,0,0,0,0,0.0,0.0,0.0,0.0,0.0,0.0,0.0,0.0
349,800,Castanea',0,0,0,0,0,0,0,0.0,0.0,0.0,0.0,0.0,0.0,0.0,0.0
349,800,Catalpa',0,0,0,0,0,0,0,0.0,0.0,0.0,0.0,0.0,0.0,0.0,0.0
349,800,Celtis',0,0,0,0,0,0,0,0.0,0.0,0.0,0.0,0.0,0.0,0.0,0.0
349,800,Cercis',0,0,0,0,0,0,0,0.0,0.0,0.0,0.0,0.0,0.0,0.0,0.0
349,800,Cercocarpus',0,0,0,0,0,0,0,0.0,0.0,0.0,0.0,0.0,0.0,0.0,0.0
349,800,Chamaecyparis',0,0,0,0,0,0,0,0.0,0.0,0.0,0.0,0.0,0.0,0.0,0.0
349,800,Chilopsis',0,0,0,0,0,0,0,0.0,0.0,0.0,0.0,0.0,0.0,0.0,0.0
349,800,Chrysolepis',0,0,0,0,0,0,0,0.0,0.0,0.0,0.0,0.0,0.0,0.0,0.0
349,800,Cladrastis',0,0,0,0,0,0,0,0.0,0.0,0.0,0.0,0.0,0.0,0.0,0.0
349,800,Comus',0,0,0,0,0,0,0,0.0,0.0,0.0,0.0,0.0,0.0,0.0,0.0
349,800,Cornus',0,0,0,0,0,0,0,0.0,0.0,0.0,0.0,0.0,0.0,0.0,0.0
349,800,Crataegus',0,0,0,0,0,0,0,0.0,0.0,0.0,0.0,0.0,0.0,0.0,0.0
349,800,Cupressus',0,0,0,0,0,0,0,0.0,0.0,0.0,0.0,0.0,0.0,0.0,0.0
349,800,Diospyros',0,0,0,0,0,0,0,0.0,0.0,0.0,0.0,0.0,0.0,0.0,0.0
349,800,Elaeagnus',0,51,12,0,0,0,0,23.391468048095703,7.364554405212402,19.437387210635254,0.22340767028236888,217.94205363832415,3029.731799144074,0.0007641276802907252,9.95696022025513
349,800,Fagus',0,0,0,0,0,0,0,0.0,0.0,0.0,0.0,0.0,0.0,0.0,0.0
349,800,Fraxinus',0,132,29,0,0,0,0,24.520185470581055,10.772833824157715,49.301919830562184,0.9403692104987308,1130.9720155623556,15168.158877845177,0.0032229997184316235,37.21565823111847
349,800,Gleditsia',0,0,0,0,0,0,0,0.0,0.0,0.0,0.0,0.0,0.0,0.0,0.0
349,800,Gordonia',0,0,0,0,0,0,0,0.0,0.0,0.0,0.0,0.0,0.0,0.0,0.0
349,800,Gymnocladus',0,0,0,0,0,0,0,0.0,0.0,0.0,0.0,0.0,0.0,0.0,0.0
349,800,Halesia',0,0,0,0,0,0,0,0.0,0.0,0.0,0.0,0.0,0.0,0.0,0.0
349,800,Ilex',0,0,0,0,0,0,0,0.0,0.0,0.0,0.0,0.0,0.0,0.0,0.0
349,800,Juglans',0,0,0,0,0,0,0,0.0,0.0,0.0,0.0,0.0,0.0,0.0,0.0
349,800,Juniperus',0,0,0,0,0,0,0,0.0,0.0,0.0,0.0,0.0,0.0,0.0,0.0
349,800,Larix',0,0,0,0,0,0,0,0.0,0.0,0.0,0.0,0.0,0.0,0.0,0.0
349,800,Liquidambar',0,0,0,0,0,0,0,0.0,0.0,0.0,0.0,0.0,0.0,0.0,0.0
349,800,Liriodendron',0,0,0,0,0,0,0,0.0,0.0,0.0,0.0,0.0,0.0,0.0,0.0
349,800,Lithocarpus',0,0,0,0,0,0,0,0.0,0.0,0.0,0.0,0.0,0.0,0.0,0.0
349,800,Maclura',0,0,0,0,0,0,0,0.0,0.0,0.0,0.0,0.0,0.0,0.0,0.0
349,800,Magnolia',0,0,0,0,0,0,0,0.0,0.0,0.0,0.0,0.0,0.0,0.0,0.0
349,800,Malus',0,0,0,0,0,0,0,0.0,0.0,0.0,0.0,0.0,0.0,0.0,0.0
349,800,Morus',0,0,0,0,0,0,0,0.0,0.0,0.0,0.0,0.0,0.0,0.0,0.0
349,800,Nyssa',0,0,0,0,0,0,0,0.0,0.0,0.0,0.0,0.0,0.0,0.0,0.0
349,800,Olneya',0,0,0,0,0,0,0,0.0,0.0,0.0,0.0,0.0,0.0,0.0,0.0
349,800,Ostrya',0,0,0,0,0,0,0,0.0,0.0,0.0,0.0,0.0,0.0,0.0,0.0
349,800,Oxydendron',0,0,0,0,0,0,0,0.0,0.0,0.0,0.0,0.0,0.0,0.0,0.0
349,800,Paulownia',0,0,0,0,0,0,0,0.0,0.0,0.0,0.0,0.0,0.0,0.0,0.0
349,800,Persea',0,0,0,0,0,0,0,0.0,0.0,0.0,0.0,0.0,0.0,0.0,0.0
349,800,Picea',0,68,125,29,4,0,0,55.77537155151367,21.50787353515625,181.3212021011114,7.942467153528175,9759.79155789256,76620.38899689271,0.0243075093932255,177.1934794457347
349,800,Pinus',0,757,686,386,81,14,0,78.19966125488281,32.06166076660156,1266.6604686124622,80.11329061062203,105896.82273075059,315332.8974691038,0.25362248023158473,712.5338897224278
349,800,Planera',0,0,0,0,0,0,0,0.0,0.0,0.0,0.0,0.0,0.0,0.0,0.0
349,800,Platanus',0,0,0,0,0,0,0,0.0,0.0,0.0,0.0,0.0,0.0,0.0,0.0
349,800,Populus',0,1006,160,0,0,0,0,28.147167205810547,16.757909774780273,491.21669358632795,2.484435717686548,2389.802666109353,7307.245166334391,0.012382009802329704,34.07248131092779
349,800,Prosopis',0,0,0,0,0,0,0,0.0,0.0,0.0,0.0,0.0,0.0,0.0,0.0
349,800,Prunus',0,0,0,0,0,0,0,0.0,0.0,0.0,0.0,0.0,0.0,0.0,0.0
349,800,Pseudotsuga',0,0,0,0,0,0,0,0.0,0.0,0.0,0.0,0.0,0.0,0.0,0.0
349,800,Quercus',0,6,8,0,0,0,0,8.006264686584473,3.67765212059021,7.284622036769419,0.045695337424300334,53.68180638372898,1147.8931910112194,0.00022415908444300205,4.720591373797895
349,800,Robinia',0,0,0,0,0,0,0,0.0,0.0,0.0,0.0,0.0,0.0,0.0,0.0
349,800,Salix',0,228,0,0,0,0,0,6.339266777038574,4.446694374084473,67.4136074655984,0.17883590239982447,203.7326663401723,1346.6365653365037,0.001423195587192428,9.434487801441405
349,800,Sassafras',0,0,0,0,0,0,0,0.0,0.0,0.0,0.0,0.0,0.0,0.0,0.0
349,800,Sequoia',0,0,0,0,0,0,0,0.0,0.0,0.0,0.0,0.0,0.0,0.0,0.0
349,800,Sequoiadendron',0,0,0,0,0,0,0,0.0,0.0,0.0,0.0,0.0,0.0,0.0,0.0
349,800,Sorbus',0,0,0,0,0,0,0,0.0,0.0,0.0,0.0,0.0,0.0,0.0,0.0
349,800,Taxodium',0,0,0,0,0,0,0,0.0,0.0,0.0,0.0,0.0,0.0,0.0,0.0
349,800,Taxus',0,0,0,0,0,0,0,0.0,0.0,0.0,0.0,0.0,0.0,0.0,0.0
349,800,Thuja',0,79,173,87,54,0,0,57.1304931640625,17.92100715637207,415.43035928577183,25.321950650918314,22661.45836146325,119960.15691126266,0.05635945647379701,280.40920214667176
349,800,Tilia',0,0,0,0,0,0,0,0.0,0.0,0.0,0.0,0.0,0.0,0.0,0.0
349,800,Torreya',0,0,0,0,0,0,0,0.0,0.0,0.0,0.0,0.0,0.0,0.0,0.0
349,800,Tsuga',0,72,99,13,3,0,0,57.92754364013672,18.885417938232422,134.4927287404239,5.786901585097245,5870.68085090682,45404.98109857978,0.014988630380180421,107.3885728817323
349,800,Ulmus',0,15,20,0,0,0,0,21.050405502319336,11.919842720031738,15.606725697841824,0.6050758659538558,706.583386554122,11659.968908243722,0.0017948528234530271,27.863741113731063
349,800,Umbellularia',0,0,0,0,0,0,0,0.0,0.0,0.0,0.0,0.0,0.0,0.0,0.0
349,810,Abies',0,6,0,10,0,0,0,30.931013107299805,14.448064804077148,8.512677133083344,0.7686020601928137,735.7441013693809,16385.420599913814,0.0017579477590043014,38.852331814542396
349,810,Acer',0,530,197,0,0,0,0,21.003582000732422,11.901249885559082,307.70216336249825,2.7171240775989585,3563.0267147665472,16160.734033003057,0.012347380677985725,48.49153122111489
349,810,Aesculus',0,0,0,0,0,0,0,0.0,0.0,0.0,0.0,0.0,0.0,0.0,0.0
349,810,Ailanthus',0,0,0,0,0,0,0,0.0,0.0,0.0,0.0,0.0,0.0,0.0,0.0
349,810,Alnus',0,10,0,0,0,0,0,4.564871788024902,4.793953895568848,6.2027222276488425,0.01669349308055678,22.915150398015978,512.3983400459524,0.0001402141861617565,3.1352845166749943
349,810,Amelanchier',0,0,0,0,0,0,0,0.0,0.0,0.0,0.0,0.0,0.0,0.0,0.0
349,810,Arbutus',0,0,0,0,0,0,0,0.0,0.0,0.0,0.0,0.0,0.0,0.0,0.0
349,810,Asimina',0,0,0,0,0,0,0,0.0,0.0,0.0,0.0,0.0,0.0,0.0,0.0
349,810,Betula',0,920,670,9,1,0,0,48.13937759399414,17.640443801879883,821.3325492679318,14.515583400900786,17463.902529781164,52856.27912938152,0.050632210244153486,129.59291296690662
349,810,Calocedrus',0,0,0,0,0,0,0,0.0,0.0,0.0,0.0,0.0,0.0,0.0,0.0
349,810,Carpinus',0,0,0,0,0,0,0,0.0,0.0,0.0,0.0,0.0,0.0,0.0,0.0
349,810,Carya',0,0,0,0,0,0,0,0.0,0.0,0.0,0.0,0.0,0.0,0.0,0.0
349,810,Castanea',0,0,0,0,0,0,0,0.0,0.0,0.0,0.0,0.0,0.0,0.0,0.0
349,810,Catalpa',0,0,0,0,0,0,0,0.0,0.0,0.0,0.0,0.0,0.0,0.0,0.0
349,810,Celtis',0,0,0,0,0,0,0,0.0,0.0,0.0,0.0,0.0,0.0,0.0,0.0
349,810,Cercis',0,0,0,0,0,0,0,0.0,0.0,0.0,0.0,0.0,0.0,0.0,0.0
349,810,Cercocarpus',0,0,0,0,0,0,0,0.0,0.0,0.0,0.0,0.0,0.0,0.0,0.0
349,810,Chamaecyparis',0,0,0,0,0,0,0,0.0,0.0,0.0,0.0,0.0,0.0,0.0,0.0
349,810,Chilopsis',0,0,0,0,0,0,0,0.0,0.0,0.0,0.0,0.0,0.0,0.0,0.0
349,810,Chrysolepis',0,0,0,0,0,0,0,0.0,0.0,0.0,0.0,0.0,0.0,0.0,0.0
349,810,Cladrastis',0,0,0,0,0,0,0,0.0,0.0,0.0,0.0,0.0,0.0,0.0,0.0
349,810,Comus',0,0,0,0,0,0,0,0.0,0.0,0.0,0.0,0.0,0.0,0.0,0.0
349,810,Cornus',0,0,0,0,0,0,0,0.0,0.0,0.0,0.0,0.0,0.0,0.0,0.0
349,810,Crataegus',0,10,0,0,0,0,0,1.7514781951904297,2.2975919246673584,1.310253148026104,0.0024575339326606523,5.576410076022149,124.6923200040044,3.125384471844871e-05,0.6988572134867517
349,810,Cupressus',0,0,0,0,0,0,0,0.0,0.0,0.0,0.0,0.0,0.0,0.0,0.0
349,810,Diospyros',0,0,0,0,0,0,0,0.0,0.0,0.0,0.0,0.0,0.0,0.0,0.0
349,810,Elaeagnus',0,20,10,0,0,0,0,18.163124084472656,6.687779903411865,22.15910397187064,0.31747234674566144,291.48179846882823,5265.833463408734,0.0009667299371287251,15.148227937903158
349,810,Fagus',0,0,0,0,0,0,0,0.0,0.0,0.0,0.0,0.0,0.0,0.0,0.0
349,810,Fraxinus',0,116,8,0,0,0,0,23.975467681884766,10.613176345825195,40.767715988162,0.573404682891095,687.6428489392251,10763.578579736879,0.002114969094627999,26.00938528791879
349,810,Gleditsia',0,0,0,0,0,0,0,0.0,0.0,0.0,0.0,0.0,0.0,0.0,0.0
349,810,Gordonia',0,0,0,0,0,0,0,0.0,0.0,0.0,0.0,0.0,0.0,0.0,0.0
349,810,Gymnocladus',0,0,0,0,0,0,0,0.0,0.0,0.0,0.0,0.0,0.0,0.0,0.0
349,810,Halesia',0,0,0,0,0,0,0,0.0,0.0,0.0,0.0,0.0,0.0,0.0,0.0
349,810,Ilex',0,0,0,0,0,0,0,0.0,0.0,0.0,0.0,0.0,0.0,0.0,0.0
349,810,Juglans',0,0,0,0,0,0,0,0.0,0.0,0.0,0.0,0.0,0.0,0.0,0.0
349,810,Juniperus',0,0,0,0,0,0,0,0.0,0.0,0.0,0.0,0.0,0.0,0.0,0.0
349,810,Larix',0,0,0,0,0,0,0,0.0,0.0,0.0,0.0,0.0,0.0,0.0,0.0
349,810,Liquidambar',0,0,0,0,0,0,0,0.0,0.0,0.0,0.0,0.0,0.0,0.0,0.0
349,810,Liriodendron',0,0,0,0,0,0,0,0.0,0.0,0.0,0.0,0.0,0.0,0.0,0.0
349,810,Lithocarpus',0,0,0,0,0,0,0,0.0,0.0,0.0,0.0,0.0,0.0,0.0,0.0
349,810,Maclura',0,0,0,0,0,0,0,0.0,0.0,0.0,0.0,0.0,0.0,0.0,0.0
349,810,Magnolia',0,0,0,0,0,0,0,0.0,0.0,0.0,0.0,0.0,0.0,0.0,0.0
349,810,Malus',0,0,0,0,0,0,0,0.0,0.0,0.0,0.0,0.0,0.0,0.0,0.0
349,810,Morus',0,0,0,0,0,0,0,0.0,0.0,0.0,0.0,0.0,0.0,0.0,0.0
349,810,Nyssa',0,0,0,0,0,0,0,0.0,0.0,0.0,0.0,0.0,0.0,0.0,0.0
349,810,Olneya',0,0,0,0,0,0,0,0.0,0.0,0.0,0.0,0.0,0.0,0.0,0.0
349,810,Ostrya',0,0,0,0,0,0,0,0.0,0.0,0.0,0.0,0.0,0.0,0.0,0.0
349,810,Oxydendron',0,0,0,0,0,0,0,0.0,0.0,0.0,0.0,0.0,0.0,0.0,0.0
349,810,Paulownia',0,0,0,0,0,0,0,0.0,0.0,0.0,0.0,0.0,0.0,0.0,0.0
349,810,Persea',0,0,0,0,0,0,0,0.0,0.0,0.0,0.0,0.0,0.0,0.0,0.0
349,810,Picea',0,40,144,48,4,0,0,59.59174728393555,21.72173500061035,204.0232223919034,9.596885967487776,11986.832597129942,86525.54979756767,0.02958440793353309,201.00950572457876
349,810,Pinus',0,786,745,308,95,14,0,80.83828735351562,32.320682525634766,1300.2166782552747,77.14987906465912,102215.87427556195,307925.624277826,0.2459272961473754,695.2965085713402
349,810,Planera',0,0,0,0,0,0,0,0.0,0.0,0.0,0.0,0.0,0.0,0.0,0.0
349,810,Platanus',0,0,0,0,0,0,0,0.0,0.0,0.0,0.0,0.0,0.0,0.0,0.0
349,810,Populus',0,777,227,0,0,0,0,16.719911575317383,12.120214462280273,499.5291703272186,2.8271056127015286,2667.455035495609,8513.876752140195,0.013118677754274458,36.53611059914542
349,810,Prosopis',0,0,0,0,0,0,0,0.0,0.0,0.0,0.0,0.0,0.0,0.0,0.0
349,810,Prunus',0,0,0,0,0,0,0,0.0,0.0,0.0,0.0,0.0,0.0,0.0,0.0
349,810,Pseudotsuga',0,0,0,0,0,0,0,0.0,0.0,0.0,0.0,0.0,0.0,0.0,0.0
349,810,Quercus',0,7,8,0,0,0,0,14.09256649017334,5.352443695068359,10.527643252022656,0.15450923567044747,162.04398636817933,3068.3746049752285,0.0005116490123532693,8.674833034891734
349,810,Robinia',0,0,0,0,0,0,0,0.0,0.0,0.0,0.0,0.0,0.0,0.0,0.0
349,810,Salix',0,97,44,0,0,0,0,12.295422554016113,6.860808372497559,59.72601061993384,0.40312401946974863,328.7723289766908,2836.984356858084,0.001590394282288383,12.80287138008405
349,810,Sassafras',0,0,0,0,0,0,0,0.0,0.0,0.0,0.0,0.0,0.0,0.0,0.0
349,810,Sequoia',0,0,0,0,0,0,0,0.0,0.0,0.0,0.0,0.0,0.0,0.0,0.0
349,810,Sequoiadendron',0,0,0,0,0,0,0,0.0,0.0,0.0,0.0,0.0,0.0,0.0,0.0
349,810,Sorbus',0,0,0,0,0,0,0,0.0,0.0,0.0,0.0,0.0,0.0,0.0,0.0
349,810,Taxodium',0,0,0,0,0,0,0,0.0,0.0,0.0,0.0,0.0,0.0,0.0,0.0
349,810,Taxus',0,0,0,0,0,0,0,0.0,0.0,0.0,0.0,0.0,0.0,0.0,0.0
349,810,Thuja',0,174,126,117,63,0,0,59.31465530395508,18.131914138793945,400.91421234250066,28.563501847702657,25805.094764787853,134738.57475461075,0.0631356375679055,312.92579516585266
349,810,Tilia',0,0,0,0,0,0,0,0.0,0.0,0.0,0.0,0.0,0.0,0.0,0.0
349,810,Torreya',0,0,0,0,0,0,0,0.0,0.0,0.0,0.0,0.0,0.0,0.0,0.0
349,810,Tsuga',0,52,101,39,3,0,0,60.3631591796875,19.32001495361328,127.77159673914312,7.074399617028761,7158.065270836204,52165.36571102045,0.017752401995436998,121.59007422154552
349,810,Ulmus',0,0,36,0,0,0,0,22.746522903442383,12.580622673034668,19.502869803411294,0.8247484760053929,958.5219127872587,14523.85341179099,0.0024108033051863367,33.805743837423805
349,810,Umbellularia',0,0,0,0,0,0,0,0.0,0.0,0.0,0.0,0.0,0.0,0.0,0.0
349,820,Abies',0,17,0,10,0,0,0,32.90717315673828,14.979707717895508,20.121092642694713,0.912673147409995,905.6419493038952,18946.221137532808,0.002303175701285005,44.33268263486856
349,820,Acer',0,455,177,0,0,0,0,19.066072463989258,12.482291221618652,332.116645668645,2.965737503459691,4026.3839921970666,19437.584018587495,0.01372852356431984,56.565733597578294
349,820,Aesculus',0,0,0,0,0,0,0,0.0,0.0,0.0,0.0,0.0,0.0,0.0,0.0
349,820,Ailanthus',0,0,0,0,0,0,0,0.0,0.0,0.0,0.0,0.0,0.0,0.0,0.0
349,820,Alnus',0,8,0,0,0,0,0,5.670302391052246,4.614353179931641,7.561614777468427,0.02080796137323265,28.574903502464295,638.9542668200745,0.00017235343218594722,3.8539399052317584
349,820,Amelanchier',0,0,0,0,0,0,0,0.0,0.0,0.0,0.0,0.0,0.0,0.0,0.0
349,820,Arbutus',0,0,0,0,0,0,0,0.0,0.0,0.0,0.0,0.0,0.0,0.0,0.0
349,820,Asimina',0,0,0,0,0,0,0,0.0,0.0,0.0,0.0,0.0,0.0,0.0,0.0
349,820,Betula',0,904,570,0,0,0,0,25.943349838256836,12.545137405395508,770.0979484874707,14.254278813727936,16964.066374052316,52554.18221050189,0.048783913497137135,127.70773207603625
349,820,Calocedrus',0,0,0,0,0,0,0,0.0,0.0,0.0,0.0,0.0,0.0,0.0,0.0
349,820,Carpinus',0,0,0,0,0,0,0,0.0,0.0,0.0,0.0,0.0,0.0,0.0,0.0
349,820,Carya',0,0,0,0,0,0,0,0.0,0.0,0.0,0.0,0.0,0.0,0.0,0.0
349,820,Castanea',0,0,0,0,0,0,0,0.0,0.0,0.0,0.0,0.0,0.0,0.0,0.0
349,820,Catalpa',0,0,0,0,0,0,0,0.0,0.0,0.0,0.0,0.0,0.0,0.0,0.0
349,820,Celtis',0,0,0,0,0,0,0,0.0,0.0,0.0,0.0,0.0,0.0,0.0,0.0
349,820,Cercis',0,0,0,0,0,0,0,0.0,0.0,0.0,0.0,0.0,0.0,0.0,0.0
349,820,Cercocarpus',0,0,0,0,0,0,0,0.0,0.0,0.0,0.0,0.0,0.0,0.0,0.0
349,820,Chamaecyparis',0,0,0,0,0,0,0,0.0,0.0,0.0,0.0,0.0,0.0,0.0,0.0
349,820,Chilopsis',0,0,0,0,0,0,0,0.0,0.0,0.0,0.0,0.0,0.0,0.0,0.0
349,820,Chrysolepis',0,0,0,0,0,0,0,0.0,0.0,0.0,0.0,0.0,0.0,0.0,0.0
349,820,Cladrastis',0,0,0,0,0,0,0,0.0,0.0,0.0,0.0,0.0,0.0,0.0,0.0
349,820,Comus',0,0,0,0,0,0,0,0.0,0.0,0.0,0.0,0.0,0.0,0.0,0.0
349,820,Cornus',0,0,0,0,0,0,0,0.0,0.0,0.0,0.0,0.0,0.0,0.0,0.0
349,820,Crataegus',0,10,0,0,0,0,0,5.555722236633301,4.041557312011719,4.2787796428686455,0.024726981416982995,32.13829455971718,718.6341131644022,0.0001330138432793319,2.974279955210923
349,820,Cupressus',0,0,0,0,0,0,0,0.0,0.0,0.0,0.0,0.0,0.0,0.0,0.0
349,820,Diospyros',0,0,0,0,0,0,0,0.0,0.0,0.0,0.0,0.0,0.0,0.0,0.0
349,820,Elaeagnus',0,24,0,0,0,0,0,6.163498878479004,3.8808491230010986,10.288897398623483,0.024153739816791826,36.71167406648397,550.9073872249237,0.00022969589188601874,3.524126140247745
349,820,Fagus',0,0,0,0,0,0,0,0.0,0.0,0.0,0.0,0.0,0.0,0.0,0.0
349,820,Fraxinus',0,124,39,0,0,0,0,26.922779083251953,11.45462417602539,61.887498889589985,0.9287201968193928,1106.5955175800623,14579.603297671758,0.003350005978482071,35.2398661749969
349,820,Gleditsia',0,0,0,0,0,0,0,0.0,0.0,0.0,0.0,0.0,0.0,0.0,0.0
349,820,Gordonia',0,0,0,0,0,0,0,0.0,0.0,0.0,0.0,0.0,0.0,0.0,0.0
349,820,Gymnocladus',0,0,0,0,0,0,0,0.0,0.0,0.0,0.0,0.0,0.0,0.0,0.0
349,820,Halesia',0,0,0,0,0,0,0,0.0,0.0,0.0,0.0,0.0,0.0,0.0,0.0
349,820,Ilex',0,0,0,0,0,0,0,0.0,0.0,0.0,0.0,0.0,0.0,0.0,0.0
349,820,Juglans',0,0,0,0,0,0,0,0.0,0.0,0.0,0.0,0.0,0.0,0.0,0.0
349,820,Juniperus',0,8,0,0,0,0,0,2.6780288219451904,3.3768022060394287,0.6400340032577514,0.0045512609373988796,4.256344428062439,95.17475476800084,1.8703479156518947e-05,0.418222508097268
349,820,Larix',0,0,0,0,0,0,0,0.0,0.0,0.0,0.0,0.0,0.0,0.0,0.0
349,820,Liquidambar',0,0,0,0,0,0,0,0.0,0.0,0.0,0.0,0.0,0.0,0.0,0.0
349,820,Liriodendron',0,0,0,0,0,0,0,0.0,0.0,0.0,0.0,0.0,0.0,0.0,0.0
349,820,Lithocarpus',0,0,0,0,0,0,0,0.0,0.0,0.0,0.0,0.0,0.0,0.0,0.0
349,820,Maclura',0,0,0,0,0,0,0,0.0,0.0,0.0,0.0,0.0,0.0,0.0,0.0
349,820,Magnolia',0,0,0,0,0,0,0,0.0,0.0,0.0,0.0,0.0,0.0,0.0,0.0
349,820,Malus',0,0,0,0,0,0,0,0.0,0.0,0.0,0.0,0.0,0.0,0.0,0.0
349,820,Morus',0,0,0,0,0,0,0,0.0,0.0,0.0,0.0,0.0,0.0,0.0,0.0
349,820,Nyssa',0,0,0,0,0,0,0,0.0,0.0,0.0,0.0,0.0,0.0,0.0,0.0
349,820,Olneya',0,0,0,0,0,0,0,0.0,0.0,0.0,0.0,0.0,0.0,0.0,0.0
349,820,Ostrya',0,10,0,0,0,0,0,2.8065264225006104,3.6300156116485596,2.303137946166569,0.006309984955006325,11.2306607991457,251.12520979131946,5.8111973684280935e-05,1.2994232346473191
349,820,Oxydendron',0,0,0,0,0,0,0,0.0,0.0,0.0,0.0,0.0,0.0,0.0,0.0
349,820,Paulownia',0,0,0,0,0,0,0,0.0,0.0,0.0,0.0,0.0,0.0,0.0,0.0
349,820,Persea',0,0,0,0,0,0,0,0.0,0.0,0.0,0.0,0.0,0.0,0.0,0.0
349,820,Picea',0,30,103,42,15,0,0,61.0,21.912866592407227,177.13543173447252,9.930928049940958,12622.65831672743,92920.59254402986,0.03060897451182438,215.500203779867
349,820,Pinus',0,579,797,327,82,14,0,83.26669311523438,32.54206466674805,1249.3815767808258,81.52656317966688,108271.51442653194,324827.00684395724,0.25864998821903623,733.4975119269855
349,820,Planera',0,0,0,0,0,0,0,0.0,0.0,0.0,0.0,0.0,0.0,0.0,0.0
349,820,Platanus',0,0,0,0,0,0,0,0.0,0.0,0.0,0.0,0.0,0.0,0.0,0.0
349,820,Populus',0,966,170,0,0,0,0,18.741182327270508,12.47353744506836,507.9199215714359,3.038010514984319,2845.7954051194342,9468.82430897946,0.013635779252482353,38.38034850687648
349,820,Prosopis',0,0,0,0,0,0,0,0.0,0.0,0.0,0.0,0.0,0.0,0.0,0.0
349,820,Prunus',0,5,0,0,0,0,0,4.184537410736084,3.8942136764526367,1.3096604222738288,0.007646445241451848,5.88620561003685,131.61955873583008,3.193374703265734e-05,0.7140602914130388
349,820,Pseudotsuga',0,0,0,0,0,0,0,0.0,0.0,0.0,0.0,0.0,0.0,0.0,0.0
349,820,Quercus',0,9,16,0,0,0,0,20.93154525756836,7.107547760009766,28.81712414795839,0.32314883029532787,394.5418220281601,6326.876552865224,0.0012915980807803572,18.13697462732129
349,820,Robinia',0,0,0,0,0,0,0,0.0,0.0,0.0,0.0,0.0,0.0,0.0,0.0
349,820,Salix',0,136,13,0,0,0,0,19.08422088623047,9.09256362915039,76.30912917890126,0.3745031534067609,338.21827041089534,2723.0141017013666,0.0018501084772688306,13.566752274299178
349,820,Sassafras',0,0,0,0,0,0,0,0.0,0.0,0.0,0.0,0.0,0.0,0.0,0.0
349,820,Sequoia',0,0,0,0,0,0,0,0.0,0.0,0.0,0.0,0.0,0.0,0.0,0.0
349,820,Sequoiadendron',0,0,0,0,0,0,0,0.0,0.0,0.0,0.0,0.0,0.0,0.0,0.0
349,820,Sorbus',0,0,0,0,0,0,0,0.0,0.0,0.0,0.0,0.0,0.0,0.0,0.0
349,820,Taxodium',0,0,0,0,0,0,0,0.0,0.0,0.0,0.0,0.0,0.0,0.0,0.0
349,820,Taxus',0,0,0,0,0,0,0,0.0,0.0,0.0,0.0,0.0,0.0,0.0,0.0
349,820,Thuja',0,131,193,124,61,0,0,61.0,18.284727096557617,431.448060130924,32.52442676761887,29577.836210944504,151291.8755174462,0.07196055274290393,349.9410806575837
349,820,Tilia',0,0,0,0,0,0,0,0.0,0.0,0.0,0.0,0.0,0.0,0.0,0.0
349,820,Torreya',0,0,0,0,0,0,0,0.0,0.0,0.0,0.0,0.0,0.0,0.0,0.0
349,820,Tsuga',0,30,106,39,3,0,0,62.77407455444336,19.73346519470215,131.88525344491003,8.371355160469742,8548.143862458468,59133.113694920474,0.020900884356063923,137.83999366132392
349,820,Ulmus',0,19,36,0,0,0,0,24.38045883178711,13.194330215454102,29.93658407720961,1.094453927640322,1283.2543986985088,18071.53033503759,0.00328263025245536,43.254394876772714
349,820,Umbellularia',0,0,0,0,0,0,0,0.0,0.0,0.0,0.0,0.0,0.0,0.0,0.0
349,830,Abies',0,0,10,10,0,0,0,34.93443298339844,15.497276306152344,18.483056366443634,1.086095385671193,1070.7599228024483,22069.03808229071,0.002646443923190241,52.16736858988529
349,830,Acer',0,454,139,0,0,0,0,19.533493041992188,12.70474624633789,250.3453106325874,2.5895571709800627,3444.920233740881,19630.328336814197,0.011259238079942441,54.38427105762423
349,830,Aesculus',0,0,0,0,0,0,0,0.0,0.0,0.0,0.0,0.0,0.0,0.0,0.0
349,830,Ailanthus',0,0,0,0,0,0,0,0.0,0.0,0.0,0.0,0.0,0.0,0.0,0.0
349,830,Alnus',0,10,0,0,0,0,0,1.4607785940170288,2.654698610305786,0.0,0.001722867142031252,1.8910143435001374,42.28436618493444,4.202254256233572e-06,0.09396526175676082
349,830,Amelanchier',0,0,0,0,0,0,0,0.0,0.0,0.0,0.0,0.0,0.0,0.0,0.0
349,830,Arbutus',0,0,0,0,0,0,0,0.0,0.0,0.0,0.0,0.0,0.0,0.0,0.0
349,830,Asimina',0,0,0,0,0,0,0,0.0,0.0,0.0,0.0,0.0,0.0,0.0,0.0
349,830,Betula',0,1074,544,6,0,0,0,28.338092803955078,12.777595520019531,740.8462360594422,13.383112489014872,16133.946222520397,53601.208923505554,0.04651810703952842,128.6803979634355
349,830,Calocedrus',0,0,0,0,0,0,0,0.0,0.0,0.0,0.0,0.0,0.0,0.0,0.0
349,830,Carpinus',0,0,0,0,0,0,0,0.0,0.0,0.0,0.0,0.0,0.0,0.0,0.0
349,830,Carya',0,0,0,0,0,0,0,0.0,0.0,0.0,0.0,0.0,0.0,0.0,0.0
349,830,Castanea',0,0,0,0,0,0,0,0.0,0.0,0.0,0.0,0.0,0.0,0.0,0.0
349,830,Catalpa',0,0,0,0,0,0,0,0.0,0.0,0.0,0.0,0.0,0.0,0.0,0.0
349,830,Celtis',0,0,0,0,0,0,0,0.0,0.0,0.0,0.0,0.0,0.0,0.0,0.0
349,830,Cercis',0,0,0,0,0,0,0,0.0,0.0,0.0,0.0,0.0,0.0,0.0,0.0
349,830,Cercocarpus',0,0,0,0,0,0,0,0.0,0.0,0.0,0.0,0.0,0.0,0.0,0.0
349,830,Chamaecyparis',0,0,0,0,0,0,0,0.0,0.0,0.0,0.0,0.0,0.0,0.0,0.0
349,830,Chilopsis',0,0,0,0,0,0,0,0.0,0.0,0.0,0.0,0.0,0.0,0.0,0.0
349,830,Chrysolepis',0,0,0,0,0,0,0,0.0,0.0,0.0,0.0,0.0,0.0,0.0,0.0
349,830,Cladrastis',0,0,0,0,0,0,0,0.0,0.0,0.0,0.0,0.0,0.0,0.0,0.0
349,830,Comus',0,0,0,0,0,0,0,0.0,0.0,0.0,0.0,0.0,0.0,0.0,0.0
349,830,Cornus',0,0,0,0,0,0,0,0.0,0.0,0.0,0.0,0.0,0.0,0.0,0.0
349,830,Crataegus',0,0,0,0,0,0,0,0.0,0.0,0.0,0.0,0.0,0.0,0.0,0.0
349,830,Cupressus',0,0,0,0,0,0,0,0.0,0.0,0.0,0.0,0.0,0.0,0.0,0.0
349,830,Diospyros',0,0,0,0,0,0,0,0.0,0.0,0.0,0.0,0.0,0.0,0.0,0.0
349,830,Elaeagnus',0,83,0,0,0,0,0,6.164783954620361,3.881284713745117,25.310951674097698,0.08289570927907935,108.24260030925274,981.7851391373507,0.0006049043199233714,5.477866834699459
349,830,Fagus',0,0,0,0,0,0,0,0.0,0.0,0.0,0.0,0.0,0.0,0.0,0.0
349,830,Fraxinus',0,112,20,8,0,0,0,29.607690811157227,12.175032615661621,39.91147387914265,0.9314444065557937,1144.2226180249452,17998.454707819765,0.0031172647087026844,41.65768357109555
349,830,Gleditsia',0,0,0,0,0,0,0,0.0,0.0,0.0,0.0,0.0,0.0,0.0,0.0
349,830,Gordonia',0,0,0,0,0,0,0,0.0,0.0,0.0,0.0,0.0,0.0,0.0,0.0
349,830,Gymnocladus',0,0,0,0,0,0,0,0.0,0.0,0.0,0.0,0.0,0.0,0.0,0.0
349,830,Halesia',0,0,0,0,0,0,0,0.0,0.0,0.0,0.0,0.0,0.0,0.0,0.0
349,830,Ilex',0,0,0,0,0,0,0,0.0,0.0,0.0,0.0,0.0,0.0,0.0,0.0
349,830,Juglans',0,0,0,0,0,0,0,0.0,0.0,0.0,0.0,0.0,0.0,0.0,0.0
349,830,Juniperus',0,0,0,0,0,0,0,0.0,0.0,0.0,0.0,0.0,0.0,0.0,0.0
349,830,Larix',0,0,0,0,0,0,0,0.0,0.0,0.0,0.0,0.0,0.0,0.0,0.0
349,830,Liquidambar',0,0,0,0,0,0,0,0.0,0.0,0.0,0.0,0.0,0.0,0.0,0.0
349,830,Liriodendron',0,0,0,0,0,0,0,0.0,0.0,0.0,0.0,0.0,0.0,0.0,0.0
349,830,Lithocarpus',0,0,0,0,0,0,0,0.0,0.0,0.0,0.0,0.0,0.0,0.0,0.0
349,830,Maclura',0,0,0,0,0,0,0,0.0,0.0,0.0,0.0,0.0,0.0,0.0,0.0
349,830,Magnolia',0,0,0,0,0,0,0,0.0,0.0,0.0,0.0,0.0,0.0,0.0,0.0
349,830,Malus',0,0,0,0,0,0,0,0.0,0.0,0.0,0.0,0.0,0.0,0.0,0.0
349,830,Morus',0,0,0,0,0,0,0,0.0,0.0,0.0,0.0,0.0,0.0,0.0,0.0
349,830,Nyssa',0,0,0,0,0,0,0,0.0,0.0,0.0,0.0,0.0,0.0,0.0,0.0
349,830,Olneya',0,0,0,0,0,0,0,0.0,0.0,0.0,0.0,0.0,0.0,0.0,0.0
349,830,Ostrya',0,10,0,0,0,0,0,4.21756649017334,4.647263050079346,0.9767060238820842,0.01424996931334529,15.644901526719332,349.83063315034565,4.8826674604788416e-05,1.0917976353156926
349,830,Oxydendron',0,0,0,0,0,0,0,0.0,0.0,0.0,0.0,0.0,0.0,0.0,0.0
349,830,Paulownia',0,0,0,0,0,0,0,0.0,0.0,0.0,0.0,0.0,0.0,0.0,0.0
349,830,Persea',0,0,0,0,0,0,0,0.0,0.0,0.0,0.0,0.0,0.0,0.0,0.0
349,830,Picea',0,57,105,41,10,0,0,49.391387939453125,22.10538101196289,167.48651758551597,9.257077226038328,11696.450177438855,87556.35095590018,0.028411361350703556,201.6731589460494
349,830,Pinus',0,791,719,316,61,15,0,85.55218505859375,32.7365608215332,1244.3347652113437,71.90877503273877,95888.17986206412,310690.6781236979,0.23105856554824922,701.868636593358
349,830,Planera',0,0,0,0,0,0,0,0.0,0.0,0.0,0.0,0.0,0.0,0.0,0.0
349,830,Platanus',0,0,0,0,0,0,0,0.0,0.0,0.0,0.0,0.0,0.0,0.0,0.0
349,830,Populus',0,909,130,0,0,0,0,25.000608444213867,15.648493766784668,420.29353690870056,2.090058381473968,2082.202342796065,7114.1832310711015,0.010677475294495802,32.51232615801154
349,830,Prosopis',0,0,0,0,0,0,0,0.0,0.0,0.0,0.0,0.0,0.0,0.0,0.0
349,830,Prunus',0,30,0,0,0,0,0,5.552728652954102,4.59769344329834,15.979455552193558,0.04149048723728447,54.553890123516325,862.9904500314973,0.0003512640116706018,5.591083602046476
349,830,Pseudotsuga',0,0,0,0,0,0,0,0.0,0.0,0.0,0.0,0.0,0.0,0.0,0.0
349,830,Quercus',0,9,8,0,0,0,0,31.402355194091797,9.555622100830078,24.380428210089473,0.43906802996080113,530.4215538167954,9468.259555447625,0.0015296843916252248,24.442111759596333
349,830,Robinia',0,0,0,0,0,0,0,0.0,0.0,0.0,0.0,0.0,0.0,0.0,0.0
349,830,Salix',0,175,33,0,0,0,0,27.091381072998047,11.157332420349121,76.81756961218352,0.656839986682579,563.1348219074309,5403.194975973256,0.0023572423067111563,19.124790521118474
349,830,Sassafras',0,0,0,0,0,0,0,0.0,0.0,0.0,0.0,0.0,0.0,0.0,0.0
349,830,Sequoia',0,0,0,0,0,0,0,0.0,0.0,0.0,0.0,0.0,0.0,0.0,0.0
349,830,Sequoiadendron',0,0,0,0,0,0,0,0.0,0.0,0.0,0.0,0.0,0.0,0.0,0.0
349,830,Sorbus',0,0,0,0,0,0,0,0.0,0.0,0.0,0.0,0.0,0.0,0.0,0.0
349,830,Taxodium',0,0,0,0,0,0,0,0.0,0.0,0.0,0.0,0.0,0.0,0.0,0.0
349,830,Taxus',0,0,0,0,0,0,0,0.0,0.0,0.0,0.0,0.0,0.0,0.0,0.0
349,830,Thuja',0,131,191,133,51,0,0,58.480995178222656,18.05317497253418,427.35437075838445,30.11227437536562,27007.93039305553,140476.99924936728,0.06619052040063475,325.177145749186
349,830,Tilia',0,10,0,0,0,0,0,1.4045236110687256,2.105013847351074,0.8814748966052561,0.0015803313004616449,2.32970522493124,52.09379250482681,1.786644363426611e-05,0.3995058248238774
349,830,Torreya',0,0,0,0,0,0,0,0.0,0.0,0.0,0.0,0.0,0.0,0.0,0.0
349,830,Tsuga',0,0,99,66,3,0,0,64.83614349365234,20.07436752319336,105.14597376108169,9.887625812517138,10145.767528116703,66740.35672266438,0.024064925583831963,153.1726682422589
349,830,Ulmus',0,29,25,0,0,0,0,25.906770706176758,13.748065948486328,28.82684244951115,1.2378752919621119,1503.8475793063642,21308.234381647504,0.0037568619574438727,49.54235567174989
349,830,Umbellularia',0,0,0,0,0,0,0,0.0,0.0,0.0,0.0,0.0,0.0,0.0,0.0
349,840,Abies',0,11,10,0,0,0,0,15.915194511413574,9.370999336242676,18.00205997943878,0.22565001297748527,189.8459325361252,3667.3358790452903,0.0006819096048157632,11.853241439332333
349,840,Acer',0,573,116,0,0,0,0,21.33332633972168,13.54147720336914,321.4084173684727,2.8141323485175898,3913.235478811115,21439.742851504314,0.013322931378368747,58.58029930292656
349,840,Aesculus',0,0,0,0,0,0,0,0.0,0.0,0.0,0.0,0.0,0.0,0.0,0.0
349,840,Ailanthus',0,0,0,0,0,0,0,0.0,0.0,0.0,0.0,0.0,0.0,0.0,0.0
349,840,Alnus',0,0,0,0,0,0,0,0.0,0.0,0.0,0.0,0.0,0.0,0.0,0.0
349,840,Amelanchier',0,0,0,0,0,0,0,0.0,0.0,0.0,0.0,0.0,0.0,0.0,0.0
349,840,Arbutus',0,0,0,0,0,0,0,0.0,0.0,0.0,0.0,0.0,0.0,0.0,0.0
349,840,Asimina',0,0,0,0,0,0,0,0.0,0.0,0.0,0.0,0.0,0.0,0.0,0.0
349,840,Betula',0,1067,478,25,0,0,0,30.525938034057617,13.49010944366455,732.8776695416602,12.976120788634507,15821.039311052413,54478.422275283694,0.045708046203837616,130.85669935725645
349,840,Calocedrus',0,0,0,0,0,0,0,0.0,0.0,0.0,0.0,0.0,0.0,0.0,0.0
349,840,Carpinus',0,0,0,0,0,0,0,0.0,0.0,0.0,0.0,0.0,0.0,0.0,0.0
349,840,Carya',0,0,0,0,0,0,0,0.0,0.0,0.0,0.0,0.0,0.0,0.0,0.0
349,840,Castanea',0,0,0,0,0,0,0,0.0,0.0,0.0,0.0,0.0,0.0,0.0,0.0
349,840,Catalpa',0,0,0,0,0,0,0,0.0,0.0,0.0,0.0,0.0,0.0,0.0,0.0
349,840,Celtis',0,0,0,0,0,0,0,0.0,0.0,0.0,0.0,0.0,0.0,0.0,0.0
349,840,Cercis',0,0,0,0,0,0,0,0.0,0.0,0.0,0.0,0.0,0.0,0.0,0.0
349,840,Cercocarpus',0,0,0,0,0,0,0,0.0,0.0,0.0,0.0,0.0,0.0,0.0,0.0
349,840,Chamaecyparis',0,0,0,0,0,0,0,0.0,0.0,0.0,0.0,0.0,0.0,0.0,0.0
349,840,Chilopsis',0,0,0,0,0,0,0,0.0,0.0,0.0,0.0,0.0,0.0,0.0,0.0
349,840,Chrysolepis',0,0,0,0,0,0,0,0.0,0.0,0.0,0.0,0.0,0.0,0.0,0.0
349,840,Cladrastis',0,0,0,0,0,0,0,0.0,0.0,0.0,0.0,0.0,0.0,0.0,0.0
349,840,Comus',0,0,0,0,0,0,0,0.0,0.0,0.0,0.0,0.0,0.0,0.0,0.0
349,840,Cornus',0,0,0,0,0,0,0,0.0,0.0,0.0,0.0,0.0,0.0,0.0,0.0
349,840,Crataegus',0,0,0,0,0,0,0,0.0,0.0,0.0,0.0,0.0,0.0,0.0,0.0
349,840,Cupressus',0,0,0,0,0,0,0,0.0,0.0,0.0,0.0,0.0,0.0,0.0,0.0
349,840,Diospyros',0,0,0,0,0,0,0,0.0,0.0,0.0,0.0,0.0,0.0,0.0,0.0
349,840,Elaeagnus',0,47,30,0,0,0,0,12.511879920959473,5.638082981109619,45.8727600359464,0.3900544497146697,364.2806518828869,3457.4671508872693,0.001469876435976477,12.599916869457225
349,840,Fagus',0,0,0,0,0,0,0,0.0,0.0,0.0,0.0,0.0,0.0,0.0,0.0
349,840,Fraxinus',0,116,20,0,0,0,0,12.097299575805664,6.609838962554932,52.257998156585266,0.34530283875018974,392.72379521369936,3644.258574636047,0.001625002469904489,13.416783407439128
349,840,Gleditsia',0,0,0,0,0,0,0,0.0,0.0,0.0,0.0,0.0,0.0,0.0,0.0
349,840,Gordonia',0,0,0,0,0,0,0,0.0,0.0,0.0,0.0,0.0,0.0,0.0,0.0
349,840,Gymnocladus',0,0,0,0,0,0,0,0.0,0.0,0.0,0.0,0.0,0.0,0.0,0.0
349,840,Halesia',0,0,0,0,0,0,0,0.0,0.0,0.0,0.0,0.0,0.0,0.0,0.0
349,840,Ilex',0,0,0,0,0,0,0,0.0,0.0,0.0,0.0,0.0,0.0,0.0,0.0
349,840,Juglans',0,0,0,0,0,0,0,0.0,0.0,0.0,0.0,0.0,0.0,0.0,0.0
349,840,Juniperus',0,0,0,0,0,0,0,0.0,0.0,0.0,0.0,0.0,0.0,0.0,0.0
349,840,Larix',0,0,0,0,0,0,0,0.0,0.0,0.0,0.0,0.0,0.0,0.0,0.0
349,840,Liquidambar',0,0,0,0,0,0,0,0.0,0.0,0.0,0.0,0.0,0.0,0.0,0.0
349,840,Liriodendron',0,0,0,0,0,0,0,0.0,0.0,0.0,0.0,0.0,0.0,0.0,0.0
349,840,Lithocarpus',0,0,0,0,0,0,0,0.0,0.0,0.0,0.0,0.0,0.0,0.0,0.0
349,840,Maclura',0,0,0,0,0,0,0,0.0,0.0,0.0,0.0,0.0,0.0,0.0,0.0
349,840,Magnolia',0,0,0,0,0,0,0,0.0,0.0,0.0,0.0,0.0,0.0,0.0,0.0
349,840,Malus',0,0,0,0,0,0,0,0.0,0.0,0.0,0.0,0.0,0.0,0.0,0.0
349,840,Morus',0,0,0,0,0,0,0,0.0,0.0,0.0,0.0,0.0,0.0,0.0,0.0
349,840,Nyssa',0,0,0,0,0,0,0,0.0,0.0,0.0,0.0,0.0,0.0,0.0,0.0
349,840,Olneya',0,0,0,0,0,0,0,0.0,0.0,0.0,0.0,0.0,0.0,0.0,0.0
349,840,Ostrya',0,0,0,0,0,0,0,0.0,0.0,0.0,0.0,0.0,0.0,0.0,0.0
349,840,Oxydendron',0,0,0,0,0,0,0,0.0,0.0,0.0,0.0,0.0,0.0,0.0,0.0
349,840,Paulownia',0,0,0,0,0,0,0,0.0,0.0,0.0,0.0,0.0,0.0,0.0,0.0
349,840,Persea',0,0,0,0,0,0,0,0.0,0.0,0.0,0.0,0.0,0.0,0.0,0.0
349,840,Picea',0,60,86,51,10,0,0,50.33212661743164,22.297094345092773,151.47992900550364,10.152698450098315,12935.009263674021,95079.05799487329,0.030932508642346503,217.8689747192987
349,840,Pinus',0,731,826,313,52,17,0,87.8047866821289,32.91597366333008,1269.7571990811825,74.01121645049068,97555.36704569281,312525.4294807603,0.2351306422102684,704.1511298258838
349,840,Planera',0,0,0,0,0,0,0,0.0,0.0,0.0,0.0,0.0,0.0,0.0,0.0
349,840,Platanus',0,0,0,0,0,0,0,0.0,0.0,0.0,0.0,0.0,0.0,0.0,0.0
349,840,Populus',0,898,110,1,0,0,0,32.207679748535156,18.03087043762207,486.06759046563946,2.5823841551014994,2556.133378713541,8064.054808965658,0.012677509365961726,35.56856390772105
349,840,Prosopis',0,0,0,0,0,0,0,0.0,0.0,0.0,0.0,0.0,0.0,0.0,0.0
349,840,Prunus',0,0,10,0,0,0,0,9.25593090057373,5.911616325378418,8.36793336309964,0.06917086450211395,68.50135853528977,1531.7369423599368,0.00027268628216534736,6.097450634534046
349,840,Pseudotsuga',0,0,0,0,0,0,0,0.0,0.0,0.0,0.0,0.0,0.0,0.0,0.0
349,840,Quercus',0,0,18,0,0,0,0,41.019676208496094,11.572807312011719,20.969160334973395,0.6532640145743056,785.1234193658829,13098.682983144246,0.002046581474095576,32.09784072970561
349,840,Robinia',0,0,0,0,0,0,0,0.0,0.0,0.0,0.0,0.0,0.0,0.0,0.0
349,840,Salix',0,213,3,0,0,0,0,12.937171936035156,7.0937700271606445,81.85574303180734,0.2574005841894098,272.67915988236666,1789.5000726204844,0.001784312582070708,11.496126952912991
349,840,Sassafras',0,0,0,0,0,0,0,0.0,0.0,0.0,0.0,0.0,0.0,0.0,0.0
349,840,Sequoia',0,0,0,0,0,0,0,0.0,0.0,0.0,0.0,0.0,0.0,0.0,0.0
349,840,Sequoiadendron',0,0,0,0,0,0,0,0.0,0.0,0.0,0.0,0.0,0.0,0.0,0.0
349,840,Sorbus',0,0,0,0,0,0,0,0.0,0.0,0.0,0.0,0.0,0.0,0.0,0.0
349,840,Taxodium',0,0,0,0,0,0,0,0.0,0.0,0.0,0.0,0.0,0.0,0.0,0.0
349,840,Taxus',0,0,0,0,0,0,0,0.0,0.0,0.0,0.0,0.0,0.0,0.0,0.0
349,840,Thuja',0,84,223,144,55,0,0,61.0,18.284727096557617,438.8858441840112,35.37358220233234,31941.02617304519,158639.59437942258,0.0773195206697399,366.60696711388516
349,840,Tilia',0,10,0,0,0,0,0,6.436946392059326,4.837174415588379,6.2773324266264705,0.03319325464409867,25.608006620407107,572.6124357149506,0.00014727237107232147,3.2931103292528525
349,840,Torreya',0,0,0,0,0,0,0,0.0,0.0,0.0,0.0,0.0,0.0,0.0,0.0
349,840,Tsuga',0,2,79,67,3,0,0,66.8060302734375,20.389453887939453,106.26483837395907,11.091612278625952,11651.350842815937,74907.28906877249,0.027426826731885016,172.5315898133167
349,840,Ulmus',0,29,15,0,0,0,0,24.199220657348633,9.549217224121094,29.050642644774307,0.43793680343436964,422.8585627129674,6111.360114241903,0.00135788585394062,17.1565735589717
349,840,Umbellularia',0,0,0,0,0,0,0,0.0,0.0,0.0,0.0,0.0,0.0,0.0,0.0
349,850,Abies',0,15,21,0,0,0,0,19.631900787353516,10.819072723388672,22.699128870368003,0.398658907160267,335.8657019728422,5796.0441205701445,0.0010742445325654286,16.372019017669142
349,850,Acer',0,518,183,0,0,0,0,23.056486129760742,14.313838958740234,354.2176241624534,3.2723151638375283,4559.374181337878,24616.830836447618,0.015231102202195085,66.42090087017803
349,850,Aesculus',0,0,0,0,0,0,0,0.0,0.0,0.0,0.0,0.0,0.0,0.0,0.0
349,850,Ailanthus',0,0,0,0,0,0,0,0.0,0.0,0.0,0.0,0.0,0.0,0.0,0.0
349,850,Alnus',0,0,0,0,0,0,0,0.0,0.0,0.0,0.0,0.0,0.0,0.0,0.0
349,850,Amelanchier',0,0,0,0,0,0,0,0.0,0.0,0.0,0.0,0.0,0.0,0.0,0.0
349,850,Arbutus',0,0,0,0,0,0,0,0.0,0.0,0.0,0.0,0.0,0.0,0.0,0.0
349,850,Asimina',0,0,0,0,0,0,0,0.0,0.0,0.0,0.0,0.0,0.0,0.0,0.0
349,850,Betula',0,862,553,31,0,0,0,32.687225341796875,14.151277542114258,765.7368356213444,13.979658560347747,17329.034907361718,61778.506265564494,0.04953217355780698,147.43590647788037
349,850,Calocedrus',0,0,0,0,0,0,0,0.0,0.0,0.0,0.0,0.0,0.0,0.0,0.0
349,850,Carpinus',0,0,0,0,0,0,0,0.0,0.0,0.0,0.0,0.0,0.0,0.0,0.0
349,850,Carya',0,0,0,0,0,0,0,0.0,0.0,0.0,0.0,0.0,0.0,0.0,0.0
349,850,Castanea',0,0,0,0,0,0,0,0.0,0.0,0.0,0.0,0.0,0.0,0.0,0.0
349,850,Catalpa',0,0,0,0,0,0,0,0.0,0.0,0.0,0.0,0.0,0.0,0.0,0.0
349,850,Celtis',0,0,0,0,0,0,0,0.0,0.0,0.0,0.0,0.0,0.0,0.0,0.0
349,850,Cercis',0,0,0,0,0,0,0,0.0,0.0,0.0,0.0,0.0,0.0,0.0,0.0
349,850,Cercocarpus',0,0,0,0,0,0,0,0.0,0.0,0.0,0.0,0.0,0.0,0.0,0.0
349,850,Chamaecyparis',0,0,0,0,0,0,0,0.0,0.0,0.0,0.0,0.0,0.0,0.0,0.0
349,850,Chilopsis',0,0,0,0,0,0,0,0.0,0.0,0.0,0.0,0.0,0.0,0.0,0.0
349,850,Chrysolepis',0,0,0,0,0,0,0,0.0,0.0,0.0,0.0,0.0,0.0,0.0,0.0
349,850,Cladrastis',0,0,0,0,0,0,0,0.0,0.0,0.0,0.0,0.0,0.0,0.0,0.0
349,850,Comus',0,0,0,0,0,0,0,0.0,0.0,0.0,0.0,0.0,0.0,0.0,0.0
349,850,Cornus',0,0,0,0,0,0,0,0.0,0.0,0.0,0.0,0.0,0.0,0.0,0.0
349,850,Crataegus',0,0,0,0,0,0,0,0.0,0.0,0.0,0.0,0.0,0.0,0.0,0.0
349,850,Cupressus',0,0,0,0,0,0,0,0.0,0.0,0.0,0.0,0.0,0.0,0.0,0.0
349,850,Diospyros',0,0,0,0,0,0,0,0.0,0.0,0.0,0.0,0.0,0.0,0.0,0.0
349,850,Elaeagnus',0,34,10,0,0,0,0,15.369635581970215,6.21782922744751,14.374195817339267,0.236251426066016,210.30010429084302,3629.861000707302,0.0006742580937850287,10.088349678344368
349,850,Fagus',0,0,0,0,0,0,0,0.0,0.0,0.0,0.0,0.0,0.0,0.0,0.0
349,850,Fraxinus',0,58,39,0,0,0,0,15.94610595703125,8.023336410522461,51.3097165774884,0.6150133216290673,659.7287515345216,6505.097659818835,0.002204695771991739,18.887196132813568
349,850,Gleditsia',0,0,0,0,0,0,0,0.0,0.0,0.0,0.0,0.0,0.0,0.0,0.0
349,850,Gordonia',0,0,0,0,0,0,0,0.0,0.0,0.0,0.0,0.0,0.0,0.0,0.0
349,850,Gymnocladus',0,0,0,0,0,0,0,0.0,0.0,0.0,0.0,0.0,0.0,0.0,0.0
349,850,Halesia',0,0,0,0,0,0,0,0.0,0.0,0.0,0.0,0.0,0.0,0.0,0.0
349,850,Ilex',0,0,0,0,0,0,0,0.0,0.0,0.0,0.0,0.0,0.0,0.0,0.0
349,850,Juglans',0,0,0,0,0,0,0,0.0,0.0,0.0,0.0,0.0,0.0,0.0,0.0
349,850,Juniperus',0,0,0,0,0,0,0,0.0,0.0,0.0,0.0,0.0,0.0,0.0,0.0
349,850,Larix',0,0,0,0,0,0,0,0.0,0.0,0.0,0.0,0.0,0.0,0.0,0.0
349,850,Liquidambar',0,0,0,0,0,0,0,0.0,0.0,0.0,0.0,0.0,0.0,0.0,0.0
349,850,Liriodendron',0,0,0,0,0,0,0,0.0,0.0,0.0,0.0,0.0,0.0,0.0,0.0
349,850,Lithocarpus',0,0,0,0,0,0,0,0.0,0.0,0.0,0.0,0.0,0.0,0.0,0.0
349,850,Maclura',0,0,0,0,0,0,0,0.0,0.0,0.0,0.0,0.0,0.0,0.0,0.0
349,850,Magnolia',0,0,0,0,0,0,0,0.0,0.0,0.0,0.0,0.0,0.0,0.0,0.0
349,850,Malus',0,0,0,0,0,0,0,0.0,0.0,0.0,0.0,0.0,0.0,0.0,0.0
349,850,Morus',0,0,0,0,0,0,0,0.0,0.0,0.0,0.0,0.0,0.0,0.0,0.0
349,850,Nyssa',0,0,0,0,0,0,0,0.0,0.0,0.0,0.0,0.0,0.0,0.0,0.0
349,850,Olneya',0,0,0,0,0,0,0,0.0,0.0,0.0,0.0,0.0,0.0,0.0,0.0
349,850,Ostrya',0,0,0,0,0,0,0,0.0,0.0,0.0,0.0,0.0,0.0,0.0,0.0
349,850,Oxydendron',0,0,0,0,0,0,0,0.0,0.0,0.0,0.0,0.0,0.0,0.0,0.0
349,850,Paulownia',0,0,0,0,0,0,0,0.0,0.0,0.0,0.0,0.0,0.0,0.0,0.0
349,850,Persea',0,0,0,0,0,0,0,0.0,0.0,0.0,0.0,0.0,0.0,0.0,0.0
349,850,Picea',0,55,112,45,23,0,0,51.41516876220703,22.512048721313477,195.99030200645328,11.82070278380474,15313.959532167763,105631.53429193076,0.03686199238580431,243.47860697837618
349,850,Pinus',0,747,835,312,50,6,9,90.20642852783203,33.09469223022461,1264.5293332048504,76.08371980034822,100950.14297861942,331832.8611904161,0.2425990735064644,746.6588972583817
349,850,Planera',0,0,0,0,0,0,0,0.0,0.0,0.0,0.0,0.0,0.0,0.0,0.0
349,850,Platanus',0,10,0,0,0,0,0,2.670173406600952,2.0917584896087646,3.4491726633491395,0.0057565453258368775,11.584823686480522,259.0445327032018,7.539680831134319e-05,1.6859238867068522
349,850,Populus',0,912,173,0,0,0,0,23.530601501464844,15.089773178100586,484.28148100907094,2.75864140496698,2629.5370020617547,8821.54331540393,0.012814916488687744,37.08470879409922
349,850,Prosopis',0,0,0,0,0,0,0,0.0,0.0,0.0,0.0,0.0,0.0,0.0,0.0
349,850,Prunus',0,18,0,0,0,0,0,5.27285099029541,4.458938121795654,3.5110074734386005,0.022901925372050318,19.206386098861696,345.210792744164,9.322376125864652e-05,1.878266725832166
349,850,Pseudotsuga',0,0,0,0,0,0,0,0.0,0.0,0.0,0.0,0.0,0.0,0.0,0.0
349,850,Quercus',0,10,9,8,0,0,0,50.929325103759766,13.443323135375977,28.565242066036294,0.9202546494227388,1138.8577153360843,17039.76924244425,0.0029420075336843822,40.86469674834083
349,850,Robinia',0,0,0,0,0,0,0,0.0,0.0,0.0,0.0,0.0,0.0,0.0,0.0
349,850,Salix',0,163,33,0,0,0,0,20.54143714904785,9.509954452514648,84.46940921954338,0.5527059244222353,469.98943601936105,3525.082794268651,0.0022604050289098043,15.745098300336108
349,850,Sassafras',0,0,0,0,0,0,0,0.0,0.0,0.0,0.0,0.0,0.0,0.0,0.0
349,850,Sequoia',0,0,0,0,0,0,0,0.0,0.0,0.0,0.0,0.0,0.0,0.0,0.0
349,850,Sequoiadendron',0,0,0,0,0,0,0,0.0,0.0,0.0,0.0,0.0,0.0,0.0,0.0
349,850,Sorbus',0,0,0,0,0,0,0,0.0,0.0,0.0,0.0,0.0,0.0,0.0,0.0
349,850,Taxodium',0,0,0,0,0,0,0,0.0,0.0,0.0,0.0,0.0,0.0,0.0,0.0
349,850,Taxus',0,0,0,0,0,0,0,0.0,0.0,0.0,0.0,0.0,0.0,0.0,0.0
349,850,Thuja',0,58,213,159,22,0,0,56.237403869628906,17.830364227294922,436.4633805212378,30.854803820302624,27074.574838944973,122204.42346033138,0.06647019307732235,286.65293381982286
349,850,Tilia',0,0,10,0,0,0,0,10.0106782913208,6.640790939331055,10.98351746420317,0.08028179290537933,62.157335829734805,1389.8802821557024,0.000296241252310574,6.624155779061094
349,850,Torreya',0,0,0,0,0,0,0,0.0,0.0,0.0,0.0,0.0,0.0,0.0,0.0
349,850,Tsuga',0,41,67,46,6,3,0,68.8542251586914,20.706462860107422,115.17950810670852,9.395201660580515,9968.195335358381,69641.20010381009,0.023815249598932275,161.07736951522125
349,850,Ulmus',0,10,35,0,0,0,0,27.891212463378906,10.619696617126465,22.38773880550001,0.6013993546234063,571.94852173239,8330.389817238836,0.0015932806602250798,20.792495901119953
349,850,Umbellularia',0,0,0,0,0,0,0,0.0,0.0,0.0,0.0,0.0,0.0,0.0,0.0
349,860,Abies',0,10,21,0,0,0,0,16.232181549072266,9.500066757202148,29.289317936897277,0.24969437163022143,227.12287917852402,3363.2483631122777,0.0009277854492729556,12.679107148565896
349,860,Acer',0,445,221,0,0,0,0,22.93384552001953,14.25977611541748,325.4346409765414,3.200871336998534,4398.025008328855,23350.600689175244,0.014458201412577159,64.07604008149426
349,860,Aesculus',0,0,0,0,0,0,0,0.0,0.0,0.0,0.0,0.0,0.0,0.0,0.0
349,860,Ailanthus',0,0,0,0,0,0,0,0.0,0.0,0.0,0.0,0.0,0.0,0.0,0.0
349,860,Alnus',0,10,0,0,0,0,0,5.393716812133789,4.466455936431885,4.218832282703133,0.022940341347761052,21.853038958311082,488.6488062573398,0.00010929474623128796,2.443904821567461
349,860,Amelanchier',0,0,0,0,0,0,0,0.0,0.0,0.0,0.0,0.0,0.0,0.0,0.0
349,860,Arbutus',0,0,0,0,0,0,0,0.0,0.0,0.0,0.0,0.0,0.0,0.0,0.0
349,860,Asimina',0,0,0,0,0,0,0,0.0,0.0,0.0,0.0,0.0,0.0,0.0,0.0
349,860,Betula',0,946,494,29,0,0,0,34.740386962890625,14.75957202911377,790.9413727653459,13.038438821002893,16065.985394745618,59135.23613664612,0.04708823020672819,142.58343710410284
349,860,Calocedrus',0,0,0,0,0,0,0,0.0,0.0,0.0,0.0,0.0,0.0,0.0,0.0
349,860,Carpinus',0,0,0,0,0,0,0,0.0,0.0,0.0,0.0,0.0,0.0,0.0,0.0
349,860,Carya',0,0,0,0,0,0,0,0.0,0.0,0.0,0.0,0.0,0.0,0.0,0.0
349,860,Castanea',0,0,0,0,0,0,0,0.0,0.0,0.0,0.0,0.0,0.0,0.0,0.0
349,860,Catalpa',0,0,0,0,0,0,0,0.0,0.0,0.0,0.0,0.0,0.0,0.0,0.0
349,860,Celtis',0,0,0,0,0,0,0,0.0,0.0,0.0,0.0,0.0,0.0,0.0,0.0
349,860,Cercis',0,0,0,0,0,0,0,0.0,0.0,0.0,0.0,0.0,0.0,0.0,0.0
349,860,Cercocarpus',0,0,0,0,0,0,0,0.0,0.0,0.0,0.0,0.0,0.0,0.0,0.0
349,860,Chamaecyparis',0,0,0,0,0,0,0,0.0,0.0,0.0,0.0,0.0,0.0,0.0,0.0
349,860,Chilopsis',0,0,0,0,0,0,0,0.0,0.0,0.0,0.0,0.0,0.0,0.0,0.0
349,860,Chrysolepis',0,0,0,0,0,0,0,0.0,0.0,0.0,0.0,0.0,0.0,0.0,0.0
349,860,Cladrastis',0,0,0,0,0,0,0,0.0,0.0,0.0,0.0,0.0,0.0,0.0,0.0
349,860,Comus',0,0,0,0,0,0,0,0.0,0.0,0.0,0.0,0.0,0.0,0.0,0.0
349,860,Cornus',0,0,0,0,0,0,0,0.0,0.0,0.0,0.0,0.0,0.0,0.0,0.0
349,860,Crataegus',0,0,0,0,0,0,0,0.0,0.0,0.0,0.0,0.0,0.0,0.0,0.0
349,860,Cupressus',0,0,0,0,0,0,0,0.0,0.0,0.0,0.0,0.0,0.0,0.0,0.0
349,860,Diospyros',0,0,0,0,0,0,0,0.0,0.0,0.0,0.0,0.0,0.0,0.0,0.0
349,860,Elaeagnus',0,49,22,0,0,0,0,14.486076354980469,6.050154209136963,33.19154961223277,0.2297212458788155,239.57948282912375,2754.271060031512,0.0010102096310099576,10.933202739775759
349,860,Fagus',0,0,0,0,0,0,0,0.0,0.0,0.0,0.0,0.0,0.0,0.0,0.0
349,860,Fraxinus',0,65,36,0,0,0,0,19.667465209960938,9.280680656433105,47.72473187244768,0.7434861505325132,839.6646826675534,10137.298476008435,0.0025529456431558364,27.419757241636198
349,860,Gleditsia',0,0,0,0,0,0,0,0.0,0.0,0.0,0.0,0.0,0.0,0.0,0.0
349,860,Gordonia',0,0,0,0,0,0,0,0.0,0.0,0.0,0.0,0.0,0.0,0.0,0.0
349,860,Gymnocladus',0,0,0,0,0,0,0,0.0,0.0,0.0,0.0,0.0,0.0,0.0,0.0
349,860,Halesia',0,0,0,0,0,0,0,0.0,0.0,0.0,0.0,0.0,0.0,0.0,0.0
349,860,Ilex',0,0,0,0,0,0,0,0.0,0.0,0.0,0.0,0.0,0.0,0.0,0.0
349,860,Juglans',0,0,0,0,0,0,0,0.0,0.0,0.0,0.0,0.0,0.0,0.0,0.0
349,860,Juniperus',0,0,0,0,0,0,0,0.0,0.0,0.0,0.0,0.0,0.0,0.0,0.0
349,860,Larix',0,0,0,0,0,0,0,0.0,0.0,0.0,0.0,0.0,0.0,0.0,0.0
349,860,Liquidambar',0,0,0,0,0,0,0,0.0,0.0,0.0,0.0,0.0,0.0,0.0,0.0
349,860,Liriodendron',0,0,0,0,0,0,0,0.0,0.0,0.0,0.0,0.0,0.0,0.0,0.0
349,860,Lithocarpus',0,0,0,0,0,0,0,0.0,0.0,0.0,0.0,0.0,0.0,0.0,0.0
349,860,Maclura',0,0,0,0,0,0,0,0.0,0.0,0.0,0.0,0.0,0.0,0.0,0.0
349,860,Magnolia',0,0,0,0,0,0,0,0.0,0.0,0.0,0.0,0.0,0.0,0.0,0.0
349,860,Malus',0,0,0,0,0,0,0,0.0,0.0,0.0,0.0,0.0,0.0,0.0,0.0
349,860,Morus',0,0,0,0,0,0,0,0.0,0.0,0.0,0.0,0.0,0.0,0.0,0.0
349,860,Nyssa',0,0,0,0,0,0,0,0.0,0.0,0.0,0.0,0.0,0.0,0.0,0.0
349,860,Olneya',0,0,0,0,0,0,0,0.0,0.0,0.0,0.0,0.0,0.0,0.0,0.0
349,860,Ostrya',0,0,0,0,0,0,0,0.0,0.0,0.0,0.0,0.0,0.0,0.0,0.0
349,860,Oxydendron',0,0,0,0,0,0,0,0.0,0.0,0.0,0.0,0.0,0.0,0.0,0.0
349,860,Paulownia',0,0,0,0,0,0,0,0.0,0.0,0.0,0.0,0.0,0.0,0.0,0.0
349,860,Persea',0,0,0,0,0,0,0,0.0,0.0,0.0,0.0,0.0,0.0,0.0,0.0
349,860,Picea',0,50,98,36,23,0,0,56.01658630371094,23.36041831970215,180.9545554085076,11.940670617399768,15805.788065235169,112920.18184048755,0.037737761517489775,258.76932360290374
349,860,Pinus',0,864,819,338,29,6,4,92.40506744384766,33.247676849365234,1385.9410902298987,71.00474693592116,92643.46147909627,304011.00314492645,0.22589350706709524,685.8872418946227
349,860,Planera',0,0,0,0,0,0,0,0.0,0.0,0.0,0.0,0.0,0.0,0.0,0.0
349,860,Platanus',0,0,0,0,0,0,0,0.0,0.0,0.0,0.0,0.0,0.0,0.0,0.0
349,860,Populus',0,720,165,0,0,0,0,21.222929000854492,12.40300178527832,420.6133890740243,2.7334211571417293,2497.88692333363,9398.495170470598,0.01160582322163705,36.696423623661964
349,860,Prosopis',0,0,0,0,0,0,0,0.0,0.0,0.0,0.0,0.0,0.0,0.0,0.0
349,860,Prunus',0,0,0,0,0,0,0,0.0,0.0,0.0,0.0,0.0,0.0,0.0,0.0
349,860,Pseudotsuga',0,0,0,0,0,0,0,0.0,0.0,0.0,0.0,0.0,0.0,0.0,0.0
349,860,Quercus',0,19,9,8,0,0,0,60.38028335571289,15.050080299377441,32.94799965912405,1.2117735741773303,1547.1007564291358,22083.767002709363,0.003912306533831162,53.81439282672715
349,860,Robinia',0,0,0,0,0,0,0,0.0,0.0,0.0,0.0,0.0,0.0,0.0,0.0
349,860,Salix',0,211,10,0,0,0,0,14.67111873626709,7.699131965637207,99.47359333286367,0.5347653582724725,463.2546045343578,3594.791273774974,0.0024614323186916264,15.869434525447586
349,860,Sassafras',0,0,0,0,0,0,0,0.0,0.0,0.0,0.0,0.0,0.0,0.0,0.0
349,860,Sequoia',0,0,0,0,0,0,0,0.0,0.0,0.0,0.0,0.0,0.0,0.0,0.0
349,860,Sequoiadendron',0,0,0,0,0,0,0,0.0,0.0,0.0,0.0,0.0,0.0,0.0,0.0
349,860,Sorbus',0,0,0,0,0,0,0,0.0,0.0,0.0,0.0,0.0,0.0,0.0,0.0
349,860,Taxodium',0,0,0,0,0,0,0,0.0,0.0,0.0,0.0,0.0,0.0,0.0,0.0
349,860,Taxus',0,0,0,0,0,0,0,0.0,0.0,0.0,0.0,0.0,0.0,0.0,0.0
349,860,Thuja',0,88,160,192,29,0,0,58.48870086669922,18.053913116455078,449.6838955262303,34.12250338708128,30422.84387753308,137208.76353774985,0.07410175337493859,321.197744023849
349,860,Tilia',0,0,10,0,0,0,0,13.331233978271484,8.221588134765625,9.073857302907147,0.1423740223280571,100.67595283985138,2251.1827424947046,0.0003543475462496276,7.923452010744253
349,860,Torreya',0,0,0,0,0,0,0,0.0,0.0,0.0,0.0,0.0,0.0,0.0,0.0
349,860,Tsuga',0,61,70,50,6,3,0,70.96389770507812,21.022058486938477,113.52550215937197,9.526907351929399,10236.979633649364,74068.27245103124,0.024388656545827673,169.88523680026145
349,860,Ulmus',0,20,40,0,0,0,0,14.674897193908691,6.570660591125488,28.248578083194506,0.5532233416734307,471.76298045367,5263.914821018618,0.001455016135267915,15.080539603999393
349,860,Umbellularia',0,0,0,0,0,0,0,0.0,0.0,0.0,0.0,0.0,0.0,0.0,0.0
349,870,Abies',0,59,20,0,0,0,0,18.190509796142578,10.274139404296875,44.24577519953251,0.5201356745414806,434.188017514348,5650.6122328957,0.001603967922963814,18.638785098966444
349,870,Acer',0,475,193,0,0,0,0,27.358463287353516,16.12587547302246,386.61383260878483,3.7323315303670803,5296.002417665348,27341.2651329883,0.01733441503932189,72.5504688627062
349,870,Aesculus',0,0,0,0,0,0,0,0.0,0.0,0.0,0.0,0.0,0.0,0.0,0.0
349,870,Ailanthus',0,0,0,0,0,0,0,0.0,0.0,0.0,0.0,0.0,0.0,0.0,0.0
349,870,Alnus',0,34,10,0,0,0,0,10.390640258789062,6.943924903869629,23.85519744474676,0.12065949184675924,138.57100385367872,2171.2762753092265,0.0006513443806101554,9.785623659343333
349,870,Amelanchier',0,0,0,0,0,0,0,0.0,0.0,0.0,0.0,0.0,0.0,0.0,0.0
349,870,Arbutus',0,0,0,0,0,0,0,0.0,0.0,0.0,0.0,0.0,0.0,0.0,0.0
349,870,Asimina',0,0,0,0,0,0,0,0.0,0.0,0.0,0.0,0.0,0.0,0.0,0.0
349,870,Betula',0,860,520,23,0,0,0,36.28715515136719,15.257233619689941,789.7450246782148,12.114386288624102,14789.965222998411,55678.44811906811,0.04423540784939702,135.2819051551163
349,870,Calocedrus',0,0,0,0,0,0,0,0.0,0.0,0.0,0.0,0.0,0.0,0.0,0.0
349,870,Carpinus',0,0,0,0,0,0,0,0.0,0.0,0.0,0.0,0.0,0.0,0.0,0.0
349,870,Carya',0,0,0,0,0,0,0,0.0,0.0,0.0,0.0,0.0,0.0,0.0,0.0
349,870,Castanea',0,0,0,0,0,0,0,0.0,0.0,0.0,0.0,0.0,0.0,0.0,0.0
349,870,Catalpa',0,0,0,0,0,0,0,0.0,0.0,0.0,0.0,0.0,0.0,0.0,0.0
349,870,Celtis',0,0,0,0,0,0,0,0.0,0.0,0.0,0.0,0.0,0.0,0.0,0.0
349,870,Cercis',0,0,0,0,0,0,0,0.0,0.0,0.0,0.0,0.0,0.0,0.0,0.0
349,870,Cercocarpus',0,0,0,0,0,0,0,0.0,0.0,0.0,0.0,0.0,0.0,0.0,0.0
349,870,Chamaecyparis',0,0,0,0,0,0,0,0.0,0.0,0.0,0.0,0.0,0.0,0.0,0.0
349,870,Chilopsis',0,0,0,0,0,0,0,0.0,0.0,0.0,0.0,0.0,0.0,0.0,0.0
349,870,Chrysolepis',0,0,0,0,0,0,0,0.0,0.0,0.0,0.0,0.0,0.0,0.0,0.0
349,870,Cladrastis',0,0,0,0,0,0,0,0.0,0.0,0.0,0.0,0.0,0.0,0.0,0.0
349,870,Comus',0,0,0,0,0,0,0,0.0,0.0,0.0,0.0,0.0,0.0,0.0,0.0
349,870,Cornus',0,0,0,0,0,0,0,0.0,0.0,0.0,0.0,0.0,0.0,0.0,0.0
349,870,Crataegus',0,0,0,0,0,0,0,0.0,0.0,0.0,0.0,0.0,0.0,0.0,0.0
349,870,Cupressus',0,0,0,0,0,0,0,0.0,0.0,0.0,0.0,0.0,0.0,0.0,0.0
349,870,Diospyros',0,0,0,0,0,0,0,0.0,0.0,0.0,0.0,0.0,0.0,0.0,0.0
349,870,Elaeagnus',0,62,0,0,0,0,0,5.302406311035156,3.580400228500366,15.818364819676814,0.05545517649571247,71.48188752263785,704.9201805247577,0.0003865627898885873,3.9181384984873677
349,870,Fagus',0,0,0,0,0,0,0,0.0,0.0,0.0,0.0,0.0,0.0,0.0,0.0
349,870,Fraxinus',0,107,37,0,0,0,0,22.780195236206055,10.25605297088623,52.34804821000257,1.0991924038006502,1263.070731651932,14383.28456592382,0.0035604030641606015,34.840307334065685
349,870,Gleditsia',0,0,0,0,0,0,0,0.0,0.0,0.0,0.0,0.0,0.0,0.0,0.0
349,870,Gordonia',0,0,0,0,0,0,0,0.0,0.0,0.0,0.0,0.0,0.0,0.0,0.0
349,870,Gymnocladus',0,0,0,0,0,0,0,0.0,0.0,0.0,0.0,0.0,0.0,0.0,0.0
349,870,Halesia',0,0,0,0,0,0,0,0.0,0.0,0.0,0.0,0.0,0.0,0.0,0.0
349,870,Ilex',0,0,0,0,0,0,0,0.0,0.0,0.0,0.0,0.0,0.0,0.0,0.0
349,870,Juglans',0,0,0,0,0,0,0,0.0,0.0,0.0,0.0,0.0,0.0,0.0,0.0
349,870,Juniperus',0,0,0,0,0,0,0,0.0,0.0,0.0,0.0,0.0,0.0,0.0,0.0
349,870,Larix',0,0,0,0,0,0,0,0.0,0.0,0.0,0.0,0.0,0.0,0.0,0.0
349,870,Liquidambar',0,0,0,0,0,0,0,0.0,0.0,0.0,0.0,0.0,0.0,0.0,0.0
349,870,Liriodendron',0,0,0,0,0,0,0,0.0,0.0,0.0,0.0,0.0,0.0,0.0,0.0
349,870,Lithocarpus',0,0,0,0,0,0,0,0.0,0.0,0.0,0.0,0.0,0.0,0.0,0.0
349,870,Maclura',0,0,0,0,0,0,0,0.0,0.0,0.0,0.0,0.0,0.0,0.0,0.0
349,870,Magnolia',0,0,0,0,0,0,0,0.0,0.0,0.0,0.0,0.0,0.0,0.0,0.0
349,870,Malus',0,0,0,0,0,0,0,0.0,0.0,0.0,0.0,0.0,0.0,0.0,0.0
349,870,Morus',0,0,0,0,0,0,0,0.0,0.0,0.0,0.0,0.0,0.0,0.0,0.0
349,870,Nyssa',0,0,0,0,0,0,0,0.0,0.0,0.0,0.0,0.0,0.0,0.0,0.0
349,870,Olneya',0,0,0,0,0,0,0,0.0,0.0,0.0,0.0,0.0,0.0,0.0,0.0
349,870,Ostrya',0,0,0,0,0,0,0,0.0,0.0,0.0,0.0,0.0,0.0,0.0,0.0
349,870,Oxydendron',0,0,0,0,0,0,0,0.0,0.0,0.0,0.0,0.0,0.0,0.0,0.0
349,870,Paulownia',0,0,0,0,0,0,0,0.0,0.0,0.0,0.0,0.0,0.0,0.0,0.0
349,870,Persea',0,0,0,0,0,0,0,0.0,0.0,0.0,0.0,0.0,0.0,0.0,0.0
349,870,Picea',0,54,112,42,17,0,0,60.420475006103516,24.082199096679688,198.1806221345067,11.465498746880337,15161.27571539253,111441.6755302153,0.036554332606586616,256.0276632838203
349,870,Pinus',0,732,850,354,30,6,0,74.67947387695312,30.310853958129883,1326.0004275679587,68.7567322145307,88296.26717677027,286608.0686370451,0.21536726657625374,646.8751054968358
349,870,Planera',0,0,0,0,0,0,0,0.0,0.0,0.0,0.0,0.0,0.0,0.0,0.0
349,870,Platanus',0,0,0,0,0,0,0,0.0,0.0,0.0,0.0,0.0,0.0,0.0,0.0
349,870,Populus',0,609,174,0,0,0,0,21.42730712890625,14.242195129394531,379.4261522969537,2.936951402966228,2709.2214895508437,12164.722668002934,0.011482542446773268,40.48911310925007
349,870,Prosopis',0,0,0,0,0,0,0,0.0,0.0,0.0,0.0,0.0,0.0,0.0,0.0
349,870,Prunus',0,20,0,0,0,0,0,3.1030638217926025,3.291152238845825,2.417636225589468,0.010465604183579986,9.238025994598866,149.7562250750823,5.5332163301296325e-05,0.8740083299128133
349,870,Pseudotsuga',0,0,0,0,0,0,0,0.0,0.0,0.0,0.0,0.0,0.0,0.0,0.0
349,870,Quercus',0,29,9,0,0,0,0,69.27384185791016,16.419389724731445,28.207886330783364,0.7249751672075119,972.0422331658006,13954.192175257103,0.0025661620140783477,35.46692518512895
349,870,Robinia',0,0,0,0,0,0,0,0.0,0.0,0.0,0.0,0.0,0.0,0.0,0.0
349,870,Salix',0,105,31,0,0,0,0,20.055532455444336,9.372997283935547,71.03922369972436,0.7981931409405493,634.7847704413533,6658.176476699419,0.002433281923911305,20.788162596314095
349,870,Sassafras',0,0,0,0,0,0,0,0.0,0.0,0.0,0.0,0.0,0.0,0.0,0.0
349,870,Sequoia',0,0,0,0,0,0,0,0.0,0.0,0.0,0.0,0.0,0.0,0.0,0.0
349,870,Sequoiadendron',0,0,0,0,0,0,0,0.0,0.0,0.0,0.0,0.0,0.0,0.0,0.0
349,870,Sorbus',0,0,0,0,0,0,0,0.0,0.0,0.0,0.0,0.0,0.0,0.0,0.0
349,870,Taxodium',0,0,0,0,0,0,0,0.0,0.0,0.0,0.0,0.0,0.0,0.0,0.0
349,870,Taxus',0,0,0,0,0,0,0,0.0,0.0,0.0,0.0,0.0,0.0,0.0,0.0
349,870,Thuja',0,114,138,162,77,0,0,61.0,18.284727096557617,430.90639170363545,41.444918428430206,37530.71929628834,160895.15207232817,0.08962580131320866,374.0771115189816
349,870,Tilia',0,0,10,0,0,0,0,16.210721969604492,9.522270202636719,5.8180419327337525,0.2105206816892332,147.56367852687836,3299.624161960276,0.0004116732309758682,9.205293289790204
349,870,Torreya',0,0,0,0,0,0,0,0.0,0.0,0.0,0.0,0.0,0.0,0.0,0.0
349,870,Tsuga',0,35,72,59,6,3,0,72.88299560546875,21.299827575683594,159.48215923309326,9.000439959682137,9964.50482322693,75984.98458763631,0.02444697500561674,174.35085580799853
349,870,Ulmus',0,10,29,0,0,0,0,18.48443603515625,7.8009114265441895,26.35064813155162,0.7903639070030075,703.6158835601807,8671.605474273767,0.0019429230450429033,22.75663299464146
349,870,Umbellularia',0,0,0,0,0,0,0,0.0,0.0,0.0,0.0,0.0,0.0,0.0,0.0
349,880,Abies',0,20,59,0,0,0,0,21.6174373626709,11.536859512329102,56.28926580429077,0.8670498800391503,732.9363077038527,8896.756617721858,0.0024418145189456825,27.12722579140963
349,880,Acer',0,504,149,0,0,0,0,29.961183547973633,17.14624786376953,342.44369933841443,3.001958137197169,4333.2105358669905,25612.10829767872,0.01455902397179045,67.29483394572279
349,880,Aesculus',0,0,0,0,0,0,0,0.0,0.0,0.0,0.0,0.0,0.0,0.0,0.0
349,880,Ailanthus',0,0,0,0,0,0,0,0.0,0.0,0.0,0.0,0.0,0.0,0.0,0.0
349,880,Alnus',0,30,0,0,0,0,0,6.702193260192871,5.154549598693848,13.339384906465492,0.05440738892524825,61.54302519977093,937.6851425410098,0.0003287901355857029,4.949402238984641
349,880,Amelanchier',0,0,0,0,0,0,0,0.0,0.0,0.0,0.0,0.0,0.0,0.0,0.0
349,880,Arbutus',0,0,0,0,0,0,0,0.0,0.0,0.0,0.0,0.0,0.0,0.0,0.0
349,880,Asimina',0,0,0,0,0,0,0,0.0,0.0,0.0,0.0,0.0,0.0,0.0,0.0
349,880,Betula',0,887,484,2,0,0,0,37.46537780761719,15.817998886108398,795.433456898207,11.004926805820954,13149.847734895051,41051.6491505799,0.04067259042855884,106.27092199108407
349,880,Calocedrus',0,0,0,0,0,0,0,0.0,0.0,0.0,0.0,0.0,0.0,0.0,0.0
349,880,Carpinus',0,0,0,0,0,0,0,0.0,0.0,0.0,0.0,0.0,0.0,0.0,0.0
349,880,Carya',0,0,0,0,0,0,0,0.0,0.0,0.0,0.0,0.0,0.0,0.0,0.0
349,880,Castanea',0,0,0,0,0,0,0,0.0,0.0,0.0,0.0,0.0,0.0,0.0,0.0
349,880,Catalpa',0,0,0,0,0,0,0,0.0,0.0,0.0,0.0,0.0,0.0,0.0,0.0
349,880,Celtis',0,0,0,0,0,0,0,0.0,0.0,0.0,0.0,0.0,0.0,0.0,0.0
349,880,Cercis',0,0,0,0,0,0,0,0.0,0.0,0.0,0.0,0.0,0.0,0.0,0.0
349,880,Cercocarpus',0,0,0,0,0,0,0,0.0,0.0,0.0,0.0,0.0,0.0,0.0,0.0
349,880,Chamaecyparis',0,0,0,0,0,0,0,0.0,0.0,0.0,0.0,0.0,0.0,0.0,0.0
349,880,Chilopsis',0,0,0,0,0,0,0,0.0,0.0,0.0,0.0,0.0,0.0,0.0,0.0
349,880,Chrysolepis',0,0,0,0,0,0,0,0.0,0.0,0.0,0.0,0.0,0.0,0.0,0.0
349,880,Cladrastis',0,0,0,0,0,0,0,0.0,0.0,0.0,0.0,0.0,0.0,0.0,0.0
349,880,Comus',0,0,0,0,0,0,0,0.0,0.0,0.0,0.0,0.0,0.0,0.0,0.0
349,880,Cornus',0,0,0,0,0,0,0,0.0,0.0,0.0,0.0,0.0,0.0,0.0,0.0
349,880,Crataegus',0,0,0,0,0,0,0,0.0,0.0,0.0,0.0,0.0,0.0,0.0,0.0
349,880,Cupressus',0,0,0,0,0,0,0,0.0,0.0,0.0,0.0,0.0,0.0,0.0,0.0
349,880,Diospyros',0,0,0,0,0,0,0,0.0,0.0,0.0,0.0,0.0,0.0,0.0,0.0
349,880,Elaeagnus',0,49,9,0,0,0,0,9.493077278137207,4.8939642906188965,24.854750058884857,0.12272843227069984,132.96464216649534,1607.3111956347248,0.0006532749215094379,7.45090106453036
349,880,Fagus',0,0,0,0,0,0,0,0.0,0.0,0.0,0.0,0.0,0.0,0.0,0.0
349,880,Fraxinus',0,103,40,0,0,0,0,25.67670440673828,11.1055269241333,59.83970856506236,0.9223124442396914,1106.5643084201217,15189.322123295913,0.003320457723289252,36.40244252139961
349,880,Gleditsia',0,0,0,0,0,0,0,0.0,0.0,0.0,0.0,0.0,0.0,0.0,0.0
349,880,Gordonia',0,0,0,0,0,0,0,0.0,0.0,0.0,0.0,0.0,0.0,0.0,0.0
349,880,Gymnocladus',0,0,0,0,0,0,0,0.0,0.0,0.0,0.0,0.0,0.0,0.0,0.0
349,880,Halesia',0,0,0,0,0,0,0,0.0,0.0,0.0,0.0,0.0,0.0,0.0,0.0
349,880,Ilex',0,0,0,0,0,0,0,0.0,0.0,0.0,0.0,0.0,0.0,0.0,0.0
349,880,Juglans',0,0,0,0,0,0,0,0.0,0.0,0.0,0.0,0.0,0.0,0.0,0.0
349,880,Juniperus',0,0,0,0,0,0,0,0.0,0.0,0.0,0.0,0.0,0.0,0.0,0.0
349,880,Larix',0,0,0,0,0,0,0,0.0,0.0,0.0,0.0,0.0,0.0,0.0,0.0
349,880,Liquidambar',0,0,0,0,0,0,0,0.0,0.0,0.0,0.0,0.0,0.0,0.0,0.0
349,880,Liriodendron',0,0,0,0,0,0,0,0.0,0.0,0.0,0.0,0.0,0.0,0.0,0.0
349,880,Lithocarpus',0,0,0,0,0,0,0,0.0,0.0,0.0,0.0,0.0,0.0,0.0,0.0
349,880,Maclura',0,0,0,0,0,0,0,0.0,0.0,0.0,0.0,0.0,0.0,0.0,0.0
349,880,Magnolia',0,0,0,0,0,0,0,0.0,0.0,0.0,0.0,0.0,0.0,0.0,0.0
349,880,Malus',0,0,0,0,0,0,0,0.0,0.0,0.0,0.0,0.0,0.0,0.0,0.0
349,880,Morus',0,0,0,0,0,0,0,0.0,0.0,0.0,0.0,0.0,0.0,0.0,0.0
349,880,Nyssa',0,0,0,0,0,0,0,0.0,0.0,0.0,0.0,0.0,0.0,0.0,0.0
349,880,Olneya',0,0,0,0,0,0,0,0.0,0.0,0.0,0.0,0.0,0.0,0.0,0.0
349,880,Ostrya',0,0,0,0,0,0,0,0.0,0.0,0.0,0.0,0.0,0.0,0.0,0.0
349,880,Oxydendron',0,0,0,0,0,0,0,0.0,0.0,0.0,0.0,0.0,0.0,0.0,0.0
349,880,Paulownia',0,0,0,0,0,0,0,0.0,0.0,0.0,0.0,0.0,0.0,0.0,0.0
349,880,Persea',0,0,0,0,0,0,0,0.0,0.0,0.0,0.0,0.0,0.0,0.0,0.0
349,880,Picea',0,83,92,45,4,0,0,57.27112579345703,23.574562072753906,209.23389256954192,9.133125436016833,11474.34524122715,82724.64333947792,0.028520812350585113,192.67581480216322
349,880,Pinus',0,773,776,396,31,0,0,63.73086929321289,30.006240844726562,1345.6282503324,72.32235867484707,91569.83086994223,273465.3921013124,0.22292536655020037,618.0012072755135
349,880,Planera',0,0,0,0,0,0,0,0.0,0.0,0.0,0.0,0.0,0.0,0.0,0.0
349,880,Platanus',0,0,0,0,0,0,0,0.0,0.0,0.0,0.0,0.0,0.0,0.0,0.0
349,880,Populus',0,722,129,0,0,0,0,21.958209991455078,13.207056045532227,383.375859291446,2.9428446834238122,2739.5425135262312,12695.794253911243,0.011606780759927585,40.89928902130899
349,880,Prosopis',0,0,0,0,0,0,0,0.0,0.0,0.0,0.0,0.0,0.0,0.0,0.0
349,880,Prunus',0,0,10,0,0,0,0,8.127890586853027,5.760397911071777,6.584652739612361,0.05333824151444507,40.74717266201973,911.1344796319714,0.00018533900707960128,4.144306187123034
349,880,Pseudotsuga',0,0,0,0,0,0,0,0.0,0.0,0.0,0.0,0.0,0.0,0.0,0.0
349,880,Quercus',0,2,28,0,0,0,0,77.53569030761719,17.578813552856445,26.269768292815243,0.9496185665747192,1294.520032889396,18369.42795060428,0.00325487903432454,44.98748302082266
349,880,Robinia',0,0,0,0,0,0,0,0.0,0.0,0.0,0.0,0.0,0.0,0.0,0.0
349,880,Salix',0,139,19,0,0,0,0,15.342174530029297,7.924290657043457,58.672789490039015,0.3537675362574755,301.9096758846194,2470.976974060993,0.0015155377922048757,11.828606018933348
349,880,Sassafras',0,0,0,0,0,0,0,0.0,0.0,0.0,0.0,0.0,0.0,0.0,0.0
349,880,Sequoia',0,0,0,0,0,0,0,0.0,0.0,0.0,0.0,0.0,0.0,0.0,0.0
349,880,Sequoiadendron',0,0,0,0,0,0,0,0.0,0.0,0.0,0.0,0.0,0.0,0.0,0.0
349,880,Sorbus',0,0,0,0,0,0,0,0.0,0.0,0.0,0.0,0.0,0.0,0.0,0.0
349,880,Taxodium',0,0,0,0,0,0,0,0.0,0.0,0.0,0.0,0.0,0.0,0.0,0.0
349,880,Taxus',0,0,0,0,0,0,0,0.0,0.0,0.0,0.0,0.0,0.0,0.0,0.0
349,880,Thuja',0,113,134,157,92,0,0,60.5128173828125,18.241409301757812,421.18484384864564,43.41053744671378,39795.41201868609,168808.26153224727,0.09451802996437625,391.05028668708746
349,880,Tilia',0,0,10,0,0,0,0,18.9949951171875,10.721055030822754,7.08563755961913,0.2890469729861933,216.72492316961288,4846.116606256723,0.0005836126443743681,13.049975453495051
349,880,Torreya',0,0,0,0,0,0,0,0.0,0.0,0.0,0.0,0.0,0.0,0.0,0.0
349,880,Tsuga',0,30,97,53,5,3,0,74.60143280029297,21.54125213623047,155.73770645022393,9.211206432564776,9892.006997665763,74170.29578665731,0.024231782768226164,170.23125929299184
349,880,Ulmus',0,0,40,0,0,0,0,21.477802276611328,8.730840682983398,22.273325054328648,1.098320404211684,998.3277485334874,12079.662615333598,0.002539142985671761,29.93342486326831
349,880,Umbellularia',0,0,0,0,0,0,0,0.0,0.0,0.0,0.0,0.0,0.0,0.0,0.0
349,890,Abies',0,40,41,0,0,0,0,24.934524536132812,12.655884742736816,46.80001083791256,0.9494792777788075,806.1284355849028,11080.317079261438,0.002467396670600394,29.95947672181705
349,890,Acer',0,526,154,0,0,0,0,32.505619049072266,18.091951370239258,340.29846913169456,3.1445298631061527,4649.988902080655,29678.58690260498,0.015232094110266093,76.30759808858075
349,890,Aesculus',0,0,0,0,0,0,0,0.0,0.0,0.0,0.0,0.0,0.0,0.0,0.0
349,890,Ailanthus',0,0,0,0,0,0,0,0.0,0.0,0.0,0.0,0.0,0.0,0.0,0.0
349,890,Alnus',0,9,3,0,0,0,0,8.452414512634277,6.030385971069336,10.603841582808311,0.03704094285637462,47.42883947968483,719.6825128251107,0.00025804561099968866,3.862675848276689
349,890,Amelanchier',0,0,0,0,0,0,0,0.0,0.0,0.0,0.0,0.0,0.0,0.0,0.0
349,890,Arbutus',0,0,0,0,0,0,0,0.0,0.0,0.0,0.0,0.0,0.0,0.0,0.0
349,890,Asimina',0,0,0,0,0,0,0,0.0,0.0,0.0,0.0,0.0,0.0,0.0,0.0
349,890,Betula',0,1020,507,6,0,0,0,41.78805160522461,16.925796508789062,776.4661801044675,11.626102279661628,13922.962701680326,43987.20095476219,0.04211757896071127,112.29842787380812
349,890,Calocedrus',0,0,0,0,0,0,0,0.0,0.0,0.0,0.0,0.0,0.0,0.0,0.0
349,890,Carpinus',0,0,0,0,0,0,0,0.0,0.0,0.0,0.0,0.0,0.0,0.0,0.0
349,890,Carya',0,0,0,0,0,0,0,0.0,0.0,0.0,0.0,0.0,0.0,0.0,0.0
349,890,Castanea',0,0,0,0,0,0,0,0.0,0.0,0.0,0.0,0.0,0.0,0.0,0.0
349,890,Catalpa',0,0,0,0,0,0,0,0.0,0.0,0.0,0.0,0.0,0.0,0.0,0.0
349,890,Celtis',0,0,0,0,0,0,0,0.0,0.0,0.0,0.0,0.0,0.0,0.0,0.0
349,890,Cercis',0,0,0,0,0,0,0,0.0,0.0,0.0,0.0,0.0,0.0,0.0,0.0
349,890,Cercocarpus',0,0,0,0,0,0,0,0.0,0.0,0.0,0.0,0.0,0.0,0.0,0.0
349,890,Chamaecyparis',0,0,0,0,0,0,0,0.0,0.0,0.0,0.0,0.0,0.0,0.0,0.0
349,890,Chilopsis',0,0,0,0,0,0,0,0.0,0.0,0.0,0.0,0.0,0.0,0.0,0.0
349,890,Chrysolepis',0,0,0,0,0,0,0,0.0,0.0,0.0,0.0,0.0,0.0,0.0,0.0
349,890,Cladrastis',0,0,0,0,0,0,0,0.0,0.0,0.0,0.0,0.0,0.0,0.0,0.0
349,890,Comus',0,0,0,0,0,0,0,0.0,0.0,0.0,0.0,0.0,0.0,0.0,0.0
349,890,Cornus',0,0,0,0,0,0,0,0.0,0.0,0.0,0.0,0.0,0.0,0.0,0.0
349,890,Crataegus',0,0,0,0,0,0,0,0.0,0.0,0.0,0.0,0.0,0.0,0.0,0.0
349,890,Cupressus',0,0,0,0,0,0,0,0.0,0.0,0.0,0.0,0.0,0.0,0.0,0.0
349,890,Diospyros',0,0,0,0,0,0,0,0.0,0.0,0.0,0.0,0.0,0.0,0.0,0.0
349,890,Elaeagnus',0,71,10,0,0,0,0,11.030466079711914,5.291486740112305,24.93070073944481,0.17648720173206253,179.10188124209643,2260.421212793566,0.0007568954697712339,9.182403596455032
349,890,Fagus',0,0,0,0,0,0,0,0.0,0.0,0.0,0.0,0.0,0.0,0.0,0.0
349,890,Fraxinus',0,89,30,0,0,0,0,19.059846878051758,9.082358360290527,47.36396440858893,0.6997217507170268,757.6850827495754,8323.147755983286,0.002365575180619958,22.440986469948978
349,890,Gleditsia',0,0,0,0,0,0,0,0.0,0.0,0.0,0.0,0.0,0.0,0.0,0.0
349,890,Gordonia',0,0,0,0,0,0,0,0.0,0.0,0.0,0.0,0.0,0.0,0.0,0.0
349,890,Gymnocladus',0,0,0,0,0,0,0,0.0,0.0,0.0,0.0,0.0,0.0,0.0,0.0
349,890,Halesia',0,0,0,0,0,0,0,0.0,0.0,0.0,0.0,0.0,0.0,0.0,0.0
349,890,Ilex',0,0,0,0,0,0,0,0.0,0.0,0.0,0.0,0.0,0.0,0.0,0.0
349,890,Juglans',0,0,0,0,0,0,0,0.0,0.0,0.0,0.0,0.0,0.0,0.0,0.0
349,890,Juniperus',0,0,0,0,0,0,0,0.0,0.0,0.0,0.0,0.0,0.0,0.0,0.0
349,890,Larix',0,0,0,0,0,0,0,0.0,0.0,0.0,0.0,0.0,0.0,0.0,0.0
349,890,Liquidambar',0,0,0,0,0,0,0,0.0,0.0,0.0,0.0,0.0,0.0,0.0,0.0
349,890,Liriodendron',0,0,0,0,0,0,0,0.0,0.0,0.0,0.0,0.0,0.0,0.0,0.0
349,890,Lithocarpus',0,0,0,0,0,0,0,0.0,0.0,0.0,0.0,0.0,0.0,0.0,0.0
349,890,Maclura',0,0,0,0,0,0,0,0.0,0.0,0.0,0.0,0.0,0.0,0.0,0.0
349,890,Magnolia',0,0,0,0,0,0,0,0.0,0.0,0.0,0.0,0.0,0.0,0.0,0.0
349,890,Malus',0,0,0,0,0,0,0,0.0,0.0,0.0,0.0,0.0,0.0,0.0,0.0
349,890,Morus',0,0,0,0,0,0,0,0.0,0.0,0.0,0.0,0.0,0.0,0.0,0.0
349,890,Nyssa',0,0,0,0,0,0,0,0.0,0.0,0.0,0.0,0.0,0.0,0.0,0.0
349,890,Olneya',0,0,0,0,0,0,0,0.0,0.0,0.0,0.0,0.0,0.0,0.0,0.0
349,890,Ostrya',0,0,0,0,0,0,0,0.0,0.0,0.0,0.0,0.0,0.0,0.0,0.0
349,890,Oxydendron',0,0,0,0,0,0,0,0.0,0.0,0.0,0.0,0.0,0.0,0.0,0.0
349,890,Paulownia',0,0,0,0,0,0,0,0.0,0.0,0.0,0.0,0.0,0.0,0.0,0.0
349,890,Persea',0,0,0,0,0,0,0,0.0,0.0,0.0,0.0,0.0,0.0,0.0,0.0
349,890,Picea',0,37,122,45,4,0,0,60.27241897583008,24.05925941467285,203.92218682050705,10.500878450336593,13298.542657561302,92248.69890930211,0.03249785980336552,214.2692986574238
349,890,Pinus',0,734,833,377,41,0,0,64.80257415771484,30.21088981628418,1364.2184420906008,77.05158450145971,98944.13524257243,294851.23999664787,0.23958123316046448,666.011995229645
349,890,Planera',0,0,0,0,0,0,0,0.0,0.0,0.0,0.0,0.0,0.0,0.0,0.0
349,890,Platanus',0,0,0,0,0,0,0,0.0,0.0,0.0,0.0,0.0,0.0,0.0,0.0
349,890,Populus',0,727,187,0,0,0,0,27.00064468383789,16.3668155670166,548.7219178587009,4.055673430940631,3723.4873599630596,14606.844144706447,0.016173573286374806,48.30034101848171
349,890,Prosopis',0,0,0,0,0,0,0,0.0,0.0,0.0,0.0,0.0,0.0,0.0,0.0
349,890,Prunus',0,20,0,0,0,0,0,2.5,2.935588836669922,0.0,0.005248030527821719,5.159230060428381,102.09637655973948,1.1464956030249594e-05,0.22688084423540955
349,890,Pseudotsuga',0,0,0,0,0,0,0,0.0,0.0,0.0,0.0,0.0,0.0,0.0,0.0
349,890,Quercus',0,6,19,9,0,0,0,85.57613372802734,18.612051010131836,19.297737332556064,1.1875497723168666,1632.38694039613,22661.5528032797,0.003905328122343874,53.188003349152865
349,890,Robinia',0,0,0,0,0,0,0,0.0,0.0,0.0,0.0,0.0,0.0,0.0,0.0
349,890,Salix',0,151,9,0,0,0,0,10.953304290771484,6.357395648956299,60.992398573722255,0.2660862565385794,247.50220682740212,2024.9900660848698,0.0014280243616129756,11.187115645433867
349,890,Sassafras',0,0,0,0,0,0,0,0.0,0.0,0.0,0.0,0.0,0.0,0.0,0.0
349,890,Sequoia',0,0,0,0,0,0,0,0.0,0.0,0.0,0.0,0.0,0.0,0.0,0.0
349,890,Sequoiadendron',0,0,0,0,0,0,0,0.0,0.0,0.0,0.0,0.0,0.0,0.0,0.0
349,890,Sorbus',0,0,0,0,0,0,0,0.0,0.0,0.0,0.0,0.0,0.0,0.0,0.0
349,890,Taxodium',0,0,0,0,0,0,0,0.0,0.0,0.0,0.0,0.0,0.0,0.0,0.0
349,890,Taxus',0,0,0,0,0,0,0,0.0,0.0,0.0,0.0,0.0,0.0,0.0,0.0
349,890,Thuja',0,132,136,106,131,0,0,61.0,18.284727096557617,432.570401032716,47.28898814096005,44009.722192012814,189005.95478409826,0.10404762103621662,436.2384788398874
349,890,Tilia',0,0,0,0,0,0,0,0.0,0.0,0.0,0.0,0.0,0.0,0.0,0.0
349,890,Torreya',0,0,0,0,0,0,0,0.0,0.0,0.0,0.0,0.0,0.0,0.0,0.0
349,890,Tsuga',0,60,107,43,5,3,0,76.59951782226562,21.813552856445312,157.9680664986372,10.026849354617504,10795.650772255063,79687.89251445358,0.02627209595382136,182.3831030760939
349,890,Ulmus',0,10,40,0,0,0,0,23.849990844726562,9.445611000061035,17.20352383448353,1.4575454724713721,1366.4610822445154,15982.064682878947,0.00328423444401752,37.758374580038975
349,890,Umbellularia',0,0,0,0,0,0,0,0.0,0.0,0.0,0.0,0.0,0.0,0.0,0.0
349,900,Abies',0,34,35,0,0,0,0,27.822200775146484,13.554039001464844,62.71895676910877,1.053076702846306,980.0319727495313,13649.775498530602,0.003083789349447315,35.80885925073775
349,900,Acer',0,424,180,10,0,0,0,34.8635368347168,18.92490577697754,334.48848989344185,3.5828407889005205,5237.517253052071,32965.305836788095,0.01645407494114675,83.27942398164728
349,900,Aesculus',0,0,0,0,0,0,0,0.0,0.0,0.0,0.0,0.0,0.0,0.0,0.0
349,900,Ailanthus',0,0,0,0,0,0,0,0.0,0.0,0.0,0.0,0.0,0.0,0.0,0.0
349,900,Alnus',0,13,6,0,0,0,0,8.52442741394043,6.510677814483643,11.065371304844751,0.041640511566824454,51.97179760605097,971.9642404938769,0.0002747850473094735,4.889582894435508
349,900,Amelanchier',0,8,0,0,0,0,0,4.215409278869629,3.910801410675049,1.7957345264244682,0.011444141739646174,15.032064965367317,336.1271910475434,5.925518427975475e-05,1.3249862006880964
349,900,Arbutus',0,0,0,0,0,0,0,0.0,0.0,0.0,0.0,0.0,0.0,0.0,0.0
349,900,Asimina',0,0,0,0,0,0,0,0.0,0.0,0.0,0.0,0.0,0.0,0.0,0.0
349,900,Betula',0,897,555,4,0,0,0,41.02186965942383,14.803715705871582,807.6474739427241,10.956553817660883,13195.408941731155,42981.29011167717,0.04094966538970241,108.5967728520483
349,900,Calocedrus',0,0,0,0,0,0,0,0.0,0.0,0.0,0.0,0.0,0.0,0.0,0.0
349,900,Carpinus',0,0,0,0,0,0,0,0.0,0.0,0.0,0.0,0.0,0.0,0.0,0.0
349,900,Carya',0,0,0,0,0,0,0,0.0,0.0,0.0,0.0,0.0,0.0,0.0,0.0
349,900,Castanea',0,0,0,0,0,0,0,0.0,0.0,0.0,0.0,0.0,0.0,0.0,0.0
349,900,Catalpa',0,0,0,0,0,0,0,0.0,0.0,0.0,0.0,0.0,0.0,0.0,0.0
349,900,Celtis',0,0,0,0,0,0,0,0.0,0.0,0.0,0.0,0.0,0.0,0.0,0.0
349,900,Cercis',0,0,0,0,0,0,0,0.0,0.0,0.0,0.0,0.0,0.0,0.0,0.0
349,900,Cercocarpus',0,0,0,0,0,0,0,0.0,0.0,0.0,0.0,0.0,0.0,0.0,0.0
349,900,Chamaecyparis',0,0,0,0,0,0,0,0.0,0.0,0.0,0.0,0.0,0.0,0.0,0.0
349,900,Chilopsis',0,0,0,0,0,0,0,0.0,0.0,0.0,0.0,0.0,0.0,0.0,0.0
349,900,Chrysolepis',0,0,0,0,0,0,0,0.0,0.0,0.0,0.0,0.0,0.0,0.0,0.0
349,900,Cladrastis',0,0,0,0,0,0,0,0.0,0.0,0.0,0.0,0.0,0.0,0.0,0.0
349,900,Comus',0,0,0,0,0,0,0,0.0,0.0,0.0,0.0,0.0,0.0,0.0,0.0
349,900,Cornus',0,0,0,0,0,0,0,0.0,0.0,0.0,0.0,0.0,0.0,0.0,0.0
349,900,Crataegus',0,0,0,0,0,0,0,0.0,0.0,0.0,0.0,0.0,0.0,0.0,0.0
349,900,Cupressus',0,0,0,0,0,0,0,0.0,0.0,0.0,0.0,0.0,0.0,0.0,0.0
349,900,Diospyros',0,0,0,0,0,0,0,0.0,0.0,0.0,0.0,0.0,0.0,0.0,0.0
349,900,Elaeagnus',0,76,40,0,0,0,0,17.630634307861328,6.604775428771973,52.180621165404965,0.5729049050282801,528.6769926069677,5559.023228189448,0.001926006764405873,16.92075626068768
349,900,Fagus',0,0,0,0,0,0,0,0.0,0.0,0.0,0.0,0.0,0.0,0.0,0.0
349,900,Fraxinus',0,86,38,0,0,0,0,22.358474731445312,10.127790451049805,38.57962086242682,0.8160035315001805,910.1421224743873,11753.031777982611,0.002577913160393943,29.671690605169985
349,900,Gleditsia',0,0,0,0,0,0,0,0.0,0.0,0.0,0.0,0.0,0.0,0.0,0.0
349,900,Gordonia',0,0,0,0,0,0,0,0.0,0.0,0.0,0.0,0.0,0.0,0.0,0.0
349,900,Gymnocladus',0,0,0,0,0,0,0,0.0,0.0,0.0,0.0,0.0,0.0,0.0,0.0
349,900,Halesia',0,0,0,0,0,0,0,0.0,0.0,0.0,0.0,0.0,0.0,0.0,0.0
349,900,Ilex',0,0,0,0,0,0,0,0.0,0.0,0.0,0.0,0.0,0.0,0.0,0.0
349,900,Juglans',0,0,0,0,0,0,0,0.0,0.0,0.0,0.0,0.0,0.0,0.0,0.0
349,900,Juniperus',0,0,0,0,0,0,0,0.0,0.0,0.0,0.0,0.0,0.0,0.0,0.0
349,900,Larix',0,0,0,0,0,0,0,0.0,0.0,0.0,0.0,0.0,0.0,0.0,0.0
349,900,Liquidambar',0,0,0,0,0,0,0,0.0,0.0,0.0,0.0,0.0,0.0,0.0,0.0
349,900,Liriodendron',0,0,0,0,0,0,0,0.0,0.0,0.0,0.0,0.0,0.0,0.0,0.0
349,900,Lithocarpus',0,0,0,0,0,0,0,0.0,0.0,0.0,0.0,0.0,0.0,0.0,0.0
349,900,Maclura',0,0,0,0,0,0,0,0.0,0.0,0.0,0.0,0.0,0.0,0.0,0.0
349,900,Magnolia',0,0,0,0,0,0,0,0.0,0.0,0.0,0.0,0.0,0.0,0.0,0.0
349,900,Malus',0,0,0,0,0,0,0,0.0,0.0,0.0,0.0,0.0,0.0,0.0,0.0
349,900,Morus',0,0,0,0,0,0,0,0.0,0.0,0.0,0.0,0.0,0.0,0.0,0.0
349,900,Nyssa',0,0,0,0,0,0,0,0.0,0.0,0.0,0.0,0.0,0.0,0.0,0.0
349,900,Olneya',0,0,0,0,0,0,0,0.0,0.0,0.0,0.0,0.0,0.0,0.0,0.0
349,900,Ostrya',0,0,0,0,0,0,0,0.0,0.0,0.0,0.0,0.0,0.0,0.0,0.0
349,900,Oxydendron',0,0,0,0,0,0,0,0.0,0.0,0.0,0.0,0.0,0.0,0.0,0.0
349,900,Paulownia',0,0,0,0,0,0,0,0.0,0.0,0.0,0.0,0.0,0.0,0.0,0.0
349,900,Persea',0,0,0,0,0,0,0,0.0,0.0,0.0,0.0,0.0,0.0,0.0,0.0
349,900,Picea',0,30,83,76,4,0,0,62.89590072631836,24.452896118164062,199.22227785170077,12.191207924762464,15660.229734384418,103166.53952679766,0.03767816527277734,239.60579170739518
349,900,Pinus',0,546,786,439,74,0,0,65.88679504394531,30.397579193115234,1266.3332060299813,82.05661888663973,106641.91671703324,314422.4821395672,0.2552735164267718,709.265809432893
349,900,Planera',0,0,0,0,0,0,0,0.0,0.0,0.0,0.0,0.0,0.0,0.0,0.0
349,900,Platanus',0,0,0,0,0,0,0,0.0,0.0,0.0,0.0,0.0,0.0,0.0,0.0
349,900,Populus',0,769,222,11,0,0,0,34.74636459350586,18.745058059692383,483.7530922178839,4.473930091816537,4066.987331088707,19461.918209595086,0.01600164406440442,55.20311123100434
349,900,Prosopis',0,0,0,0,0,0,0,0.0,0.0,0.0,0.0,0.0,0.0,0.0,0.0
349,900,Prunus',0,8,10,0,0,0,0,8.121620178222656,5.757801055908203,10.57314315645755,0.06629735762299328,54.86622770607472,937.2594727781418,0.000274131219720469,4.402887147861057
349,900,Pseudotsuga',0,0,0,0,0,0,0,0.0,0.0,0.0,0.0,0.0,0.0,0.0,0.0
349,900,Quercus',0,10,19,0,0,0,0,93.32312774658203,19.526195526123047,27.631457442347003,0.7950716280559204,1259.4029336941242,19245.598819174258,0.0031964433880662542,46.42820423505608
349,900,Robinia',0,0,0,0,0,0,0,0.0,0.0,0.0,0.0,0.0,0.0,0.0,0.0
349,900,Salix',0,147,29,0,0,0,0,16.591035842895508,8.330299377441406,47.19303183847024,0.44373246142736267,352.92787218526007,3809.4562987228796,0.001463654064383241,13.03013621999234
349,900,Sassafras',0,0,0,0,0,0,0,0.0,0.0,0.0,0.0,0.0,0.0,0.0,0.0
349,900,Sequoia',0,0,0,0,0,0,0,0.0,0.0,0.0,0.0,0.0,0.0,0.0,0.0
349,900,Sequoiadendron',0,0,0,0,0,0,0,0.0,0.0,0.0,0.0,0.0,0.0,0.0,0.0
349,900,Sorbus',0,0,0,0,0,0,0,0.0,0.0,0.0,0.0,0.0,0.0,0.0,0.0
349,900,Taxodium',0,0,0,0,0,0,0,0.0,0.0,0.0,0.0,0.0,0.0,0.0,0.0
349,900,Taxus',0,0,0,0,0,0,0,0.0,0.0,0.0,0.0,0.0,0.0,0.0,0.0
349,900,Thuja',0,65,178,111,106,0,0,59.70144271850586,18.167728424072266,422.7996085560322,41.355110774593214,38522.95435519934,182811.3992056712,0.09171367035692347,422.43886831089003
349,900,Tilia',0,0,0,0,0,0,0,0.0,0.0,0.0,0.0,0.0,0.0,0.0,0.0
349,900,Torreya',0,0,0,0,0,0,0,0.0,0.0,0.0,0.0,0.0,0.0,0.0,0.0
349,900,Tsuga',0,51,109,26,5,3,0,78.39048767089844,22.0501708984375,146.39881686270238,8.654330026385376,9512.685446638465,78793.71929710367,0.023253950692336867,179.97768860702018
349,900,Ulmus',0,30,29,0,0,0,0,25.45842933654785,9.919387817382812,27.226712232384873,1.2771428175425708,1252.2427041901649,16456.771462663124,0.003174705074466305,40.410677551677274
349,900,Umbellularia',0,0,0,0,0,0,0,0.0,0.0,0.0,0.0,0.0,0.0,0.0,0.0
349,910,Abies',0,30,35,10,0,0,0,30.264257431030273,14.262396812438965,59.12083512052893,1.5444806781617961,1393.3265619890392,17457.30891584228,0.003950248823883334,44.205026650275144
349,910,Acer',0,417,234,10,0,0,0,37.052730560302734,19.662649154663086,344.2058058499205,4.439893830644949,6402.739662150219,38283.55522442376,0.019183344081524084,94.98031800626688
349,910,Aesculus',0,0,0,0,0,0,0,0.0,0.0,0.0,0.0,0.0,0.0,0.0,0.0
349,910,Ailanthus',0,0,0,0,0,0,0,0.0,0.0,0.0,0.0,0.0,0.0,0.0,0.0
349,910,Alnus',0,30,0,0,0,0,0,7.285055160522461,5.451770305633545,10.277590229164193,0.051308402122414706,54.29376119464636,1050.3390791604738,0.00026860441746353263,5.246655598494495
349,910,Amelanchier',0,0,0,0,0,0,0,0.0,0.0,0.0,0.0,0.0,0.0,0.0,0.0
349,910,Arbutus',0,0,0,0,0,0,0,0.0,0.0,0.0,0.0,0.0,0.0,0.0,0.0
349,910,Asimina',0,0,0,0,0,0,0,0.0,0.0,0.0,0.0,0.0,0.0,0.0,0.0
349,910,Betula',0,783,530,3,0,0,0,50.39143371582031,16.51858901977539,725.750851299425,11.424199098368158,13574.519957360179,43797.54432673473,0.04061318660752803,110.47765210752607
349,910,Calocedrus',0,0,0,0,0,0,0,0.0,0.0,0.0,0.0,0.0,0.0,0.0,0.0
349,910,Carpinus',0,0,0,0,0,0,0,0.0,0.0,0.0,0.0,0.0,0.0,0.0,0.0
349,910,Carya',0,0,0,0,0,0,0,0.0,0.0,0.0,0.0,0.0,0.0,0.0,0.0
349,910,Castanea',0,0,0,0,0,0,0,0.0,0.0,0.0,0.0,0.0,0.0,0.0,0.0
349,910,Catalpa',0,0,0,0,0,0,0,0.0,0.0,0.0,0.0,0.0,0.0,0.0,0.0
349,910,Celtis',0,0,0,0,0,0,0,0.0,0.0,0.0,0.0,0.0,0.0,0.0,0.0
349,910,Cercis',0,0,0,0,0,0,0,0.0,0.0,0.0,0.0,0.0,0.0,0.0,0.0
349,910,Cercocarpus',0,0,0,0,0,0,0,0.0,0.0,0.0,0.0,0.0,0.0,0.0,0.0
349,910,Chamaecyparis',0,0,0,0,0,0,0,0.0,0.0,0.0,0.0,0.0,0.0,0.0,0.0
349,910,Chilopsis',0,0,0,0,0,0,0,0.0,0.0,0.0,0.0,0.0,0.0,0.0,0.0
349,910,Chrysolepis',0,0,0,0,0,0,0,0.0,0.0,0.0,0.0,0.0,0.0,0.0,0.0
349,910,Cladrastis',0,0,0,0,0,0,0,0.0,0.0,0.0,0.0,0.0,0.0,0.0,0.0
349,910,Comus',0,0,0,0,0,0,0,0.0,0.0,0.0,0.0,0.0,0.0,0.0,0.0
349,910,Cornus',0,0,0,0,0,0,0,0.0,0.0,0.0,0.0,0.0,0.0,0.0,0.0
349,910,Crataegus',0,0,0,0,0,0,0,0.0,0.0,0.0,0.0,0.0,0.0,0.0,0.0
349,910,Cupressus',0,0,0,0,0,0,0,0.0,0.0,0.0,0.0,0.0,0.0,0.0,0.0
349,910,Diospyros',0,0,0,0,0,0,0,0.0,0.0,0.0,0.0,0.0,0.0,0.0,0.0
349,910,Elaeagnus',0,40,20,0,0,0,0,14.962834358215332,6.141847610473633,31.408367452176307,0.2838923642425492,273.3136072009802,3670.2344650464106,0.0010595044752606175,12.00083146237328
349,910,Fagus',0,0,0,0,0,0,0,0.0,0.0,0.0,0.0,0.0,0.0,0.0,0.0
349,910,Fraxinus',0,101,18,0,0,0,0,14.946382522583008,7.667623043060303,58.83194044656768,0.3885382424973049,460.712780546844,4503.773321990999,0.0018707246515005864,15.44881979456876
349,910,Gleditsia',0,0,0,0,0,0,0,0.0,0.0,0.0,0.0,0.0,0.0,0.0,0.0
349,910,Gordonia',0,0,0,0,0,0,0,0.0,0.0,0.0,0.0,0.0,0.0,0.0,0.0
349,910,Gymnocladus',0,0,0,0,0,0,0,0.0,0.0,0.0,0.0,0.0,0.0,0.0,0.0
349,910,Halesia',0,0,0,0,0,0,0,0.0,0.0,0.0,0.0,0.0,0.0,0.0,0.0
349,910,Ilex',0,0,0,0,0,0,0,0.0,0.0,0.0,0.0,0.0,0.0,0.0,0.0
349,910,Juglans',0,0,0,0,0,0,0,0.0,0.0,0.0,0.0,0.0,0.0,0.0,0.0
349,910,Juniperus',0,0,0,0,0,0,0,0.0,0.0,0.0,0.0,0.0,0.0,0.0,0.0
349,910,Larix',0,0,0,0,0,0,0,0.0,0.0,0.0,0.0,0.0,0.0,0.0,0.0
349,910,Liquidambar',0,0,0,0,0,0,0,0.0,0.0,0.0,0.0,0.0,0.0,0.0,0.0
349,910,Liriodendron',0,0,0,0,0,0,0,0.0,0.0,0.0,0.0,0.0,0.0,0.0,0.0
349,910,Lithocarpus',0,0,0,0,0,0,0,0.0,0.0,0.0,0.0,0.0,0.0,0.0,0.0
349,910,Maclura',0,0,0,0,0,0,0,0.0,0.0,0.0,0.0,0.0,0.0,0.0,0.0
349,910,Magnolia',0,0,0,0,0,0,0,0.0,0.0,0.0,0.0,0.0,0.0,0.0,0.0
349,910,Malus',0,0,0,0,0,0,0,0.0,0.0,0.0,0.0,0.0,0.0,0.0,0.0
349,910,Morus',0,0,0,0,0,0,0,0.0,0.0,0.0,0.0,0.0,0.0,0.0,0.0
349,910,Nyssa',0,0,0,0,0,0,0,0.0,0.0,0.0,0.0,0.0,0.0,0.0,0.0
349,910,Olneya',0,0,0,0,0,0,0,0.0,0.0,0.0,0.0,0.0,0.0,0.0,0.0
349,910,Ostrya',0,0,0,0,0,0,0,0.0,0.0,0.0,0.0,0.0,0.0,0.0,0.0
349,910,Oxydendron',0,0,0,0,0,0,0,0.0,0.0,0.0,0.0,0.0,0.0,0.0,0.0
349,910,Paulownia',0,0,0,0,0,0,0,0.0,0.0,0.0,0.0,0.0,0.0,0.0,0.0
349,910,Persea',0,0,0,0,0,0,0,0.0,0.0,0.0,0.0,0.0,0.0,0.0,0.0
349,910,Picea',0,37,52,88,13,0,0,65.79289245605469,24.85733985900879,159.55338003039358,13.147906475790238,17147.92838983178,113602.9503666278,0.04041116732595176,260.31087718662053
349,910,Pinus',0,606,825,385,94,0,0,66.94613647460938,30.568384170532227,1252.1024130032956,87.85614738555016,115431.69460388825,334518.67174850276,0.2746007988639409,754.4478618858393
349,910,Planera',0,0,0,0,0,0,0,0.0,0.0,0.0,0.0,0.0,0.0,0.0,0.0
349,910,Platanus',0,0,0,0,0,0,0,0.0,0.0,0.0,0.0,0.0,0.0,0.0,0.0
349,910,Populus',0,921,174,0,0,0,0,19.288679122924805,12.349448204040527,480.5273867002393,3.197990419493174,3010.6863895626366,11267.077340474136,0.013607872916676806,40.78503738890893
349,910,Prosopis',0,0,0,0,0,0,0,0.0,0.0,0.0,0.0,0.0,0.0,0.0,0.0
349,910,Prunus',0,18,0,0,0,0,0,5.520638465881348,4.534745693206787,8.908941342106347,0.025028700678408462,36.80622771024704,803.1190402506879,0.0002100407753465687,4.65210257940483
349,910,Pseudotsuga',0,0,0,0,0,0,0,0.0,0.0,0.0,0.0,0.0,0.0,0.0,0.0
349,910,Quercus',0,10,10,0,0,0,0,101.17585754394531,20.377954483032227,17.75909641121007,0.6538314540949856,1232.663905827999,22376.95399431433,0.0029949051923896216,52.9192069083834
349,910,Robinia',0,0,0,0,0,0,0,0.0,0.0,0.0,0.0,0.0,0.0,0.0,0.0
349,910,Salix',0,114,17,0,0,0,0,11.383880615234375,6.5213303565979,54.205332789570086,0.3085667910002359,257.5275917737186,2317.791053756582,0.0013525994219118708,11.161772012532662
349,910,Sassafras',0,0,0,0,0,0,0,0.0,0.0,0.0,0.0,0.0,0.0,0.0,0.0
349,910,Sequoia',0,0,0,0,0,0,0,0.0,0.0,0.0,0.0,0.0,0.0,0.0,0.0
349,910,Sequoiadendron',0,0,0,0,0,0,0,0.0,0.0,0.0,0.0,0.0,0.0,0.0,0.0
349,910,Sorbus',0,0,0,0,0,0,0,0.0,0.0,0.0,0.0,0.0,0.0,0.0,0.0
349,910,Taxodium',0,0,0,0,0,0,0,0.0,0.0,0.0,0.0,0.0,0.0,0.0,0.0
349,910,Taxus',0,0,0,0,0,0,0,0.0,0.0,0.0,0.0,0.0,0.0,0.0,0.0
349,910,Thuja',0,114,187,106,59,0,0,60.12409210205078,18.206350326538086,385.6359036234021,32.693878294905296,29961.609931374787,151626.98964549834,0.07215165168469628,350.7907997178554
349,910,Tilia',0,0,0,0,0,0,0,0.0,0.0,0.0,0.0,0.0,0.0,0.0,0.0
349,910,Torreya',0,0,0,0,0,0,0,0.0,0.0,0.0,0.0,0.0,0.0,0.0,0.0
349,910,Tsuga',0,30,140,10,6,3,0,80.0217514038086,22.25973129272461,162.53400084733963,8.288004962121821,9032.541572072507,77779.59435271255,0.022420027727985146,177.90370926885714
349,910,Ulmus',0,49,10,0,0,0,0,21.629188537597656,8.777033805847168,35.97932692758644,0.4824702980692777,486.7017520272732,7977.89467797972,0.0015995018517412226,21.073181489269544
349,910,Umbellularia',0,0,0,0,0,0,0,0.0,0.0,0.0,0.0,0.0,0.0,0.0,0.0
349,920,Abies',0,25,45,10,0,0,0,32.415714263916016,14.85004711151123,67.40042764082551,2.1164187302849506,1948.2184078319372,22210.444239662484,0.00530293592663331,56.57071611014247
349,920,Acer',0,559,202,10,0,0,0,38.838809967041016,20.240236282348633,377.49942243205305,4.740743479496186,7063.449706161096,43666.79800540011,0.021130868534885085,106.62577153507965
349,920,Aesculus',0,0,0,0,0,0,0,0.0,0.0,0.0,0.0,0.0,0.0,0.0,0.0
349,920,Ailanthus',0,0,0,0,0,0,0,0.0,0.0,0.0,0.0,0.0,0.0,0.0,0.0
349,920,Alnus',0,10,0,0,0,0,0,4.890974998474121,4.971778392791748,3.9293294701772394,0.019163769508500503,19.17606181204319,428.78977752466056,9.917834987863898e-05,2.2176953222489395
349,920,Amelanchier',0,0,0,0,0,0,0,0.0,0.0,0.0,0.0,0.0,0.0,0.0,0.0
349,920,Arbutus',0,0,0,0,0,0,0,0.0,0.0,0.0,0.0,0.0,0.0,0.0,0.0
349,920,Asimina',0,0,0,0,0,0,0,0.0,0.0,0.0,0.0,0.0,0.0,0.0,0.0
349,920,Betula',0,825,558,0,0,0,0,55.34241485595703,17.291542053222656,767.4700829278253,11.658000015553691,13954.555586244762,45268.278842913685,0.04205828188593222,113.26930452590149
349,920,Calocedrus',0,0,0,0,0,0,0,0.0,0.0,0.0,0.0,0.0,0.0,0.0,0.0
349,920,Carpinus',0,0,0,0,0,0,0,0.0,0.0,0.0,0.0,0.0,0.0,0.0,0.0
349,920,Carya',0,0,0,0,0,0,0,0.0,0.0,0.0,0.0,0.0,0.0,0.0,0.0
349,920,Castanea',0,0,0,0,0,0,0,0.0,0.0,0.0,0.0,0.0,0.0,0.0,0.0
349,920,Catalpa',0,0,0,0,0,0,0,0.0,0.0,0.0,0.0,0.0,0.0,0.0,0.0
349,920,Celtis',0,0,0,0,0,0,0,0.0,0.0,0.0,0.0,0.0,0.0,0.0,0.0
349,920,Cercis',0,0,0,0,0,0,0,0.0,0.0,0.0,0.0,0.0,0.0,0.0,0.0
349,920,Cercocarpus',0,0,0,0,0,0,0,0.0,0.0,0.0,0.0,0.0,0.0,0.0,0.0
349,920,Chamaecyparis',0,0,0,0,0,0,0,0.0,0.0,0.0,0.0,0.0,0.0,0.0,0.0
349,920,Chilopsis',0,0,0,0,0,0,0,0.0,0.0,0.0,0.0,0.0,0.0,0.0,0.0
349,920,Chrysolepis',0,0,0,0,0,0,0,0.0,0.0,0.0,0.0,0.0,0.0,0.0,0.0
349,920,Cladrastis',0,0,0,0,0,0,0,0.0,0.0,0.0,0.0,0.0,0.0,0.0,0.0
349,920,Comus',0,0,0,0,0,0,0,0.0,0.0,0.0,0.0,0.0,0.0,0.0,0.0
349,920,Cornus',0,0,0,0,0,0,0,0.0,0.0,0.0,0.0,0.0,0.0,0.0,0.0
349,920,Crataegus',0,0,0,0,0,0,0,0.0,0.0,0.0,0.0,0.0,0.0,0.0,0.0
349,920,Cupressus',0,0,0,0,0,0,0,0.0,0.0,0.0,0.0,0.0,0.0,0.0,0.0
349,920,Diospyros',0,0,0,0,0,0,0,0.0,0.0,0.0,0.0,0.0,0.0,0.0,0.0
349,920,Elaeagnus',0,94,10,0,0,0,0,10.785429000854492,5.230807781219482,54.761181860407696,0.24224367981427947,272.27053979992866,2530.719487176819,0.001393363271124193,11.680186024387243
349,920,Fagus',0,0,0,0,0,0,0,0.0,0.0,0.0,0.0,0.0,0.0,0.0,0.0
349,920,Fraxinus',0,83,38,0,0,0,0,18.635215759277344,8.942177772521973,53.38391967801542,0.5861564784166747,667.0381321294606,7509.150753573896,0.0022507980993436674,22.215496637556164
349,920,Gleditsia',0,0,0,0,0,0,0,0.0,0.0,0.0,0.0,0.0,0.0,0.0,0.0
349,920,Gordonia',0,0,0,0,0,0,0,0.0,0.0,0.0,0.0,0.0,0.0,0.0,0.0
349,920,Gymnocladus',0,0,0,0,0,0,0,0.0,0.0,0.0,0.0,0.0,0.0,0.0,0.0
349,920,Halesia',0,0,0,0,0,0,0,0.0,0.0,0.0,0.0,0.0,0.0,0.0,0.0
349,920,Ilex',0,0,0,0,0,0,0,0.0,0.0,0.0,0.0,0.0,0.0,0.0,0.0
349,920,Juglans',0,0,0,0,0,0,0,0.0,0.0,0.0,0.0,0.0,0.0,0.0,0.0
349,920,Juniperus',0,0,0,0,0,0,0,0.0,0.0,0.0,0.0,0.0,0.0,0.0,0.0
349,920,Larix',0,0,0,0,0,0,0,0.0,0.0,0.0,0.0,0.0,0.0,0.0,0.0
349,920,Liquidambar',0,0,0,0,0,0,0,0.0,0.0,0.0,0.0,0.0,0.0,0.0,0.0
349,920,Liriodendron',0,0,0,0,0,0,0,0.0,0.0,0.0,0.0,0.0,0.0,0.0,0.0
349,920,Lithocarpus',0,0,0,0,0,0,0,0.0,0.0,0.0,0.0,0.0,0.0,0.0,0.0
349,920,Maclura',0,0,0,0,0,0,0,0.0,0.0,0.0,0.0,0.0,0.0,0.0,0.0
349,920,Magnolia',0,0,0,0,0,0,0,0.0,0.0,0.0,0.0,0.0,0.0,0.0,0.0
349,920,Malus',0,0,0,0,0,0,0,0.0,0.0,0.0,0.0,0.0,0.0,0.0,0.0
349,920,Morus',0,0,0,0,0,0,0,0.0,0.0,0.0,0.0,0.0,0.0,0.0,0.0
349,920,Nyssa',0,0,0,0,0,0,0,0.0,0.0,0.0,0.0,0.0,0.0,0.0,0.0
349,920,Olneya',0,0,0,0,0,0,0,0.0,0.0,0.0,0.0,0.0,0.0,0.0,0.0
349,920,Ostrya',0,10,0,0,0,0,0,1.8155183792114258,2.856391191482544,1.0846220173790484,0.002661241551012622,4.900712750554085,109.58326848438861,2.6504209470469628e-05,0.5926521406586372
349,920,Oxydendron',0,0,0,0,0,0,0,0.0,0.0,0.0,0.0,0.0,0.0,0.0,0.0
349,920,Paulownia',0,0,0,0,0,0,0,0.0,0.0,0.0,0.0,0.0,0.0,0.0,0.0
349,920,Persea',0,0,0,0,0,0,0,0.0,0.0,0.0,0.0,0.0,0.0,0.0,0.0
349,920,Picea',0,49,69,51,18,0,0,50.103939056396484,22.25102424621582,165.53465283751487,10.603594089085705,13397.391991261244,99793.36365239696,0.03216303829042332,229.12046177789472
349,920,Pinus',0,768,763,313,82,0,0,67.96295928955078,30.73174285888672,1303.2036593534795,76.4557116172585,101989.7997329583,328335.32402439014,0.24546805299201058,739.8895994979916
349,920,Planera',0,0,0,0,0,0,0,0.0,0.0,0.0,0.0,0.0,0.0,0.0,0.0
349,920,Platanus',0,0,0,0,0,0,0,0.0,0.0,0.0,0.0,0.0,0.0,0.0,0.0
349,920,Populus',0,776,182,0,0,0,0,24.45880126953125,14.394645690917969,460.0209215915278,4.0650250663623675,3830.1274330045285,17093.320616441673,0.015133651082201103,51.37377915195201
349,920,Prosopis',0,0,0,0,0,0,0,0.0,0.0,0.0,0.0,0.0,0.0,0.0,0.0
349,920,Prunus',0,10,0,0,0,0,0,4.5953521728515625,4.112190246582031,6.72699067788788,0.016917167640172898,19.708096039295196,440.68642450958487,0.00014063453623093663,3.144683829965323
349,920,Pseudotsuga',0,0,0,0,0,0,0,0.0,0.0,0.0,0.0,0.0,0.0,0.0,0.0
349,920,Quercus',0,10,0,0,0,0,0,4.94459342956543,2.7926101684570312,8.700505385670478,0.01973986466629353,34.57096696615219,773.0303218421649,0.00020207298025116225,4.518489202575741
349,920,Robinia',0,0,0,0,0,0,0,0.0,0.0,0.0,0.0,0.0,0.0,0.0,0.0
349,920,Salix',0,63,17,0,0,0,0,15.017498970031738,7.81597375869751,44.9858696588987,0.3314602313567386,271.9563691782951,3007.971889509333,0.0012519440722721636,11.836710348828456
349,920,Sassafras',0,0,0,0,0,0,0,0.0,0.0,0.0,0.0,0.0,0.0,0.0,0.0
349,920,Sequoia',0,0,0,0,0,0,0,0.0,0.0,0.0,0.0,0.0,0.0,0.0,0.0
349,920,Sequoiadendron',0,0,0,0,0,0,0,0.0,0.0,0.0,0.0,0.0,0.0,0.0,0.0
349,920,Sorbus',0,0,0,0,0,0,0,0.0,0.0,0.0,0.0,0.0,0.0,0.0,0.0
349,920,Taxodium',0,0,0,0,0,0,0,0.0,0.0,0.0,0.0,0.0,0.0,0.0,0.0
349,920,Taxus',0,0,0,0,0,0,0,0.0,0.0,0.0,0.0,0.0,0.0,0.0,0.0
349,920,Thuja',0,133,195,97,54,0,0,61.0,18.284727096557617,414.5588520175218,31.199454810485836,28356.549063769282,147561.40170455485,0.06900262600140944,341.59753684500714
349,920,Tilia',0,0,0,0,0,0,0,0.0,0.0,0.0,0.0,0.0,0.0,0.0,0.0
349,920,Torreya',0,0,0,0,0,0,0,0.0,0.0,0.0,0.0,0.0,0.0,0.0,0.0
349,920,Tsuga',0,12,173,10,6,3,0,81.77304077148438,22.478567123413086,163.60884751707314,10.054263873566589,10850.312469256223,84570.43876594066,0.0264750441255276,192.55095555180134
349,920,Ulmus',0,17,42,0,0,0,0,10.391143798828125,7.153479099273682,40.51298485526555,0.3204735754992664,322.58771104335784,3412.3537696806966,0.0013000684922616886,13.03275510307259
349,920,Umbellularia',0,0,0,0,0,0,0,0.0,0.0,0.0,0.0,0.0,0.0,0.0,0.0
349,930,Abies',0,21,30,10,0,0,0,34.49091720581055,15.386378288269043,37.96807691395283,2.2119229225452703,2035.7418764942886,25617.903063194462,0.005072298646146435,61.7127064174371
349,930,Acer',0,558,161,10,0,0,0,40.32117462158203,20.703632354736328,400.7473495332641,3.9477490276691687,6049.491827767715,43302.04349551849,0.019212295833986474,104.02273851192915
349,930,Aesculus',0,0,0,0,0,0,0,0.0,0.0,0.0,0.0,0.0,0.0,0.0,0.0
349,930,Ailanthus',0,0,0,0,0,0,0,0.0,0.0,0.0,0.0,0.0,0.0,0.0,0.0
349,930,Alnus',0,0,0,0,0,0,0,0.0,0.0,0.0,0.0,0.0,0.0,0.0,0.0
349,930,Amelanchier',0,0,0,0,0,0,0,0.0,0.0,0.0,0.0,0.0,0.0,0.0,0.0
349,930,Arbutus',0,0,0,0,0,0,0,0.0,0.0,0.0,0.0,0.0,0.0,0.0,0.0
349,930,Asimina',0,0,0,0,0,0,0,0.0,0.0,0.0,0.0,0.0,0.0,0.0,0.0
349,930,Betula',0,912,543,0,0,0,0,59.72568893432617,17.908946990966797,790.6293933701853,12.078319500102747,14632.241186884345,47743.018119698725,0.04389764084102327,119.24200106977614
349,930,Calocedrus',0,0,0,0,0,0,0,0.0,0.0,0.0,0.0,0.0,0.0,0.0,0.0
349,930,Carpinus',0,0,0,0,0,0,0,0.0,0.0,0.0,0.0,0.0,0.0,0.0,0.0
349,930,Carya',0,0,0,0,0,0,0,0.0,0.0,0.0,0.0,0.0,0.0,0.0,0.0
349,930,Castanea',0,0,0,0,0,0,0,0.0,0.0,0.0,0.0,0.0,0.0,0.0,0.0
349,930,Catalpa',0,0,0,0,0,0,0,0.0,0.0,0.0,0.0,0.0,0.0,0.0,0.0
349,930,Celtis',0,0,0,0,0,0,0,0.0,0.0,0.0,0.0,0.0,0.0,0.0,0.0
349,930,Cercis',0,0,0,0,0,0,0,0.0,0.0,0.0,0.0,0.0,0.0,0.0,0.0
349,930,Cercocarpus',0,0,0,0,0,0,0,0.0,0.0,0.0,0.0,0.0,0.0,0.0,0.0
349,930,Chamaecyparis',0,0,0,0,0,0,0,0.0,0.0,0.0,0.0,0.0,0.0,0.0,0.0
349,930,Chilopsis',0,0,0,0,0,0,0,0.0,0.0,0.0,0.0,0.0,0.0,0.0,0.0
349,930,Chrysolepis',0,0,0,0,0,0,0,0.0,0.0,0.0,0.0,0.0,0.0,0.0,0.0
349,930,Cladrastis',0,0,0,0,0,0,0,0.0,0.0,0.0,0.0,0.0,0.0,0.0,0.0
349,930,Comus',0,0,0,0,0,0,0,0.0,0.0,0.0,0.0,0.0,0.0,0.0,0.0
349,930,Cornus',0,0,0,0,0,0,0,0.0,0.0,0.0,0.0,0.0,0.0,0.0,0.0
349,930,Crataegus',0,0,0,0,0,0,0,0.0,0.0,0.0,0.0,0.0,0.0,0.0,0.0
349,930,Cupressus',0,0,0,0,0,0,0,0.0,0.0,0.0,0.0,0.0,0.0,0.0,0.0
349,930,Diospyros',0,0,0,0,0,0,0,0.0,0.0,0.0,0.0,0.0,0.0,0.0,0.0
349,930,Elaeagnus',0,61,16,0,0,0,0,11.338995933532715,5.366501808166504,41.456158699444195,0.23899100918858476,248.98009702011944,2642.9840766794036,0.0011500735435853713,11.549319065250618
349,930,Fagus',0,0,0,0,0,0,0,0.0,0.0,0.0,0.0,0.0,0.0,0.0,0.0
349,930,Fraxinus',0,140,10,0,0,0,0,11.99000358581543,6.568691253662109,47.64801495343069,0.2571114968365341,312.17145662248134,2980.3241425695624,0.0013796339714096397,11.024016071242757
349,930,Gleditsia',0,0,0,0,0,0,0,0.0,0.0,0.0,0.0,0.0,0.0,0.0,0.0
349,930,Gordonia',0,0,0,0,0,0,0,0.0,0.0,0.0,0.0,0.0,0.0,0.0,0.0
349,930,Gymnocladus',0,0,0,0,0,0,0,0.0,0.0,0.0,0.0,0.0,0.0,0.0,0.0
349,930,Halesia',0,0,0,0,0,0,0,0.0,0.0,0.0,0.0,0.0,0.0,0.0,0.0
349,930,Ilex',0,0,0,0,0,0,0,0.0,0.0,0.0,0.0,0.0,0.0,0.0,0.0
349,930,Juglans',0,0,0,0,0,0,0,0.0,0.0,0.0,0.0,0.0,0.0,0.0,0.0
349,930,Juniperus',0,0,0,0,0,0,0,0.0,0.0,0.0,0.0,0.0,0.0,0.0,0.0
349,930,Larix',0,0,0,0,0,0,0,0.0,0.0,0.0,0.0,0.0,0.0,0.0,0.0
349,930,Liquidambar',0,0,0,0,0,0,0,0.0,0.0,0.0,0.0,0.0,0.0,0.0,0.0
349,930,Liriodendron',0,0,0,0,0,0,0,0.0,0.0,0.0,0.0,0.0,0.0,0.0,0.0
349,930,Lithocarpus',0,0,0,0,0,0,0,0.0,0.0,0.0,0.0,0.0,0.0,0.0,0.0
349,930,Maclura',0,0,0,0,0,0,0,0.0,0.0,0.0,0.0,0.0,0.0,0.0,0.0
349,930,Magnolia',0,0,0,0,0,0,0,0.0,0.0,0.0,0.0,0.0,0.0,0.0,0.0
349,930,Malus',0,0,0,0,0,0,0,0.0,0.0,0.0,0.0,0.0,0.0,0.0,0.0
349,930,Morus',0,0,0,0,0,0,0,0.0,0.0,0.0,0.0,0.0,0.0,0.0,0.0
349,930,Nyssa',0,0,0,0,0,0,0,0.0,0.0,0.0,0.0,0.0,0.0,0.0,0.0
349,930,Olneya',0,0,0,0,0,0,0,0.0,0.0,0.0,0.0,0.0,0.0,0.0,0.0
349,930,Ostrya',0,0,0,0,0,0,0,0.0,0.0,0.0,0.0,0.0,0.0,0.0,0.0
349,930,Oxydendron',0,0,0,0,0,0,0,0.0,0.0,0.0,0.0,0.0,0.0,0.0,0.0
349,930,Paulownia',0,0,0,0,0,0,0,0.0,0.0,0.0,0.0,0.0,0.0,0.0,0.0
349,930,Persea',0,0,0,0,0,0,0,0.0,0.0,0.0,0.0,0.0,0.0,0.0,0.0
349,930,Picea',0,59,67,51,18,0,0,51.207088470458984,22.471221923828125,175.36236435890197,10.776800378268351,13941.354238889218,106951.25209954771,0.03351379957382453,246.03555638824474
349,930,Pinus',0,806,829,263,82,20,0,69.09382629394531,30.892059326171875,1302.7654133670032,76.85980292641382,103297.56425076947,339742.7398494397,0.24836786459485566,763.6820496965852
349,930,Planera',0,0,0,0,0,0,0,0.0,0.0,0.0,0.0,0.0,0.0,0.0,0.0
349,930,Platanus',0,0,0,0,0,0,0,0.0,0.0,0.0,0.0,0.0,0.0,0.0,0.0
349,930,Populus',0,773,177,0,0,0,0,23.558076858520508,15.100464820861816,441.2445323570053,3.2569627063345017,3081.373379749358,14101.290192573328,0.013199456569265916,45.32830817492801
349,930,Prosopis',0,0,0,0,0,0,0,0.0,0.0,0.0,0.0,0.0,0.0,0.0,0.0
349,930,Prunus',0,10,10,0,0,0,0,9.915312767028809,6.458241939544678,15.103150355287744,0.08806721405382006,79.67255474448204,1517.8413751583773,0.0003944683645833279,7.222151545806592
349,930,Pseudotsuga',0,0,0,0,0,0,0,0.0,0.0,0.0,0.0,0.0,0.0,0.0,0.0
349,930,Quercus',0,0,10,0,0,0,0,11.23312759399414,4.579302787780762,7.129452866089494,0.1018789311363531,102.84272545099259,2299.633250997684,0.0003311718155145661,7.405226917225917
349,930,Robinia',0,0,0,0,0,0,0,0.0,0.0,0.0,0.0,0.0,0.0,0.0,0.0
349,930,Salix',0,67,24,0,0,0,0,9.597694396972656,5.825823783874512,45.53446920046323,0.2663254810553841,216.28591435492038,2038.440378877135,0.0011361293369708562,10.361487077441447
349,930,Sassafras',0,0,0,0,0,0,0,0.0,0.0,0.0,0.0,0.0,0.0,0.0,0.0
349,930,Sequoia',0,0,0,0,0,0,0,0.0,0.0,0.0,0.0,0.0,0.0,0.0,0.0
349,930,Sequoiadendron',0,0,0,0,0,0,0,0.0,0.0,0.0,0.0,0.0,0.0,0.0,0.0
349,930,Sorbus',0,0,0,0,0,0,0,0.0,0.0,0.0,0.0,0.0,0.0,0.0,0.0
349,930,Taxodium',0,0,0,0,0,0,0,0.0,0.0,0.0,0.0,0.0,0.0,0.0,0.0
349,930,Taxus',0,0,0,0,0,0,0,0.0,0.0,0.0,0.0,0.0,0.0,0.0,0.0
349,930,Thuja',0,106,214,80,79,0,0,60.99654006958008,18.284421920776367,469.723252710551,33.489713843370545,30615.699846481533,161038.82997502392,0.07481977955243191,373.80963520288816
349,930,Tilia',0,0,0,0,0,0,0,0.0,0.0,0.0,0.0,0.0,0.0,0.0,0.0
349,930,Torreya',0,0,0,0,0,0,0,0.0,0.0,0.0,0.0,0.0,0.0,0.0,0.0
349,930,Tsuga',0,0,122,61,5,4,0,83.49510192871094,22.687715530395508,162.21785253465174,12.00317087530349,12945.4953418535,92291.63049884289,0.031110913981502224,210.86036125571385
349,930,Ulmus',0,10,50,0,0,0,0,17.770252227783203,8.914758682250977,49.419931120510334,0.6590980513960105,648.8695798730851,6586.873904806209,0.0021533597541190668,20.266138386141883
349,930,Umbellularia',0,0,0,0,0,0,0,0.0,0.0,0.0,0.0,0.0,0.0,0.0,0.0
349,940,Abies',0,5,26,20,0,0,0,36.34075927734375,15.84052848815918,53.71514877438545,2.736241952705482,2620.614704514742,30532.72345390591,0.006599473691915458,72.590554669956
349,940,Acer',0,420,229,10,0,0,0,33.887596130371094,18.5850772857666,387.8815310826831,4.179729570715687,6112.848332560435,43767.268178218255,0.019167877794406023,105.64499940072918
349,940,Aesculus',0,0,0,0,0,0,0,0.0,0.0,0.0,0.0,0.0,0.0,0.0,0.0
349,940,Ailanthus',0,0,0,0,0,0,0,0.0,0.0,0.0,0.0,0.0,0.0,0.0,0.0
349,940,Alnus',0,0,0,0,0,0,0,0.0,0.0,0.0,0.0,0.0,0.0,0.0,0.0
349,940,Amelanchier',0,0,0,0,0,0,0,0.0,0.0,0.0,0.0,0.0,0.0,0.0,0.0
349,940,Arbutus',0,0,0,0,0,0,0,0.0,0.0,0.0,0.0,0.0,0.0,0.0,0.0
349,940,Asimina',0,0,0,0,0,0,0,0.0,0.0,0.0,0.0,0.0,0.0,0.0,0.0
349,940,Betula',0,848,566,3,0,0,0,31.285837173461914,14.071330070495605,728.0815345588835,12.970708701310395,15539.673741017134,52465.777355541184,0.04501374681839894,128.1617566174262
349,940,Calocedrus',0,0,0,0,0,0,0,0.0,0.0,0.0,0.0,0.0,0.0,0.0,0.0
349,940,Carpinus',0,0,0,0,0,0,0,0.0,0.0,0.0,0.0,0.0,0.0,0.0,0.0
349,940,Carya',0,0,0,0,0,0,0,0.0,0.0,0.0,0.0,0.0,0.0,0.0,0.0
349,940,Castanea',0,0,0,0,0,0,0,0.0,0.0,0.0,0.0,0.0,0.0,0.0,0.0
349,940,Catalpa',0,0,0,0,0,0,0,0.0,0.0,0.0,0.0,0.0,0.0,0.0,0.0
349,940,Celtis',0,0,0,0,0,0,0,0.0,0.0,0.0,0.0,0.0,0.0,0.0,0.0
349,940,Cercis',0,0,0,0,0,0,0,0.0,0.0,0.0,0.0,0.0,0.0,0.0,0.0
349,940,Cercocarpus',0,0,0,0,0,0,0,0.0,0.0,0.0,0.0,0.0,0.0,0.0,0.0
349,940,Chamaecyparis',0,0,0,0,0,0,0,0.0,0.0,0.0,0.0,0.0,0.0,0.0,0.0
349,940,Chilopsis',0,0,0,0,0,0,0,0.0,0.0,0.0,0.0,0.0,0.0,0.0,0.0
349,940,Chrysolepis',0,0,0,0,0,0,0,0.0,0.0,0.0,0.0,0.0,0.0,0.0,0.0
349,940,Cladrastis',0,0,0,0,0,0,0,0.0,0.0,0.0,0.0,0.0,0.0,0.0,0.0
349,940,Comus',0,0,0,0,0,0,0,0.0,0.0,0.0,0.0,0.0,0.0,0.0,0.0
349,940,Cornus',0,0,0,0,0,0,0,0.0,0.0,0.0,0.0,0.0,0.0,0.0,0.0
349,940,Crataegus',0,0,0,0,0,0,0,0.0,0.0,0.0,0.0,0.0,0.0,0.0,0.0
349,940,Cupressus',0,0,0,0,0,0,0,0.0,0.0,0.0,0.0,0.0,0.0,0.0,0.0
349,940,Diospyros',0,0,0,0,0,0,0,0.0,0.0,0.0,0.0,0.0,0.0,0.0,0.0
349,940,Elaeagnus',0,55,16,0,0,0,0,17.70987892150879,6.617314338684082,24.574874932818773,0.4039965033820716,360.04912102162837,5120.841491630036,0.0011538781533874602,14.319774483290228
349,940,Fagus',0,0,0,0,0,0,0,0.0,0.0,0.0,0.0,0.0,0.0,0.0,0.0
349,940,Fraxinus',0,103,41,0,0,0,0,15.469585418701172,7.854761600494385,55.5736643575792,0.6090632726272993,645.1452207344771,5645.718807277801,0.0022336697896518736,17.160374961956027
349,940,Gleditsia',0,0,0,0,0,0,0,0.0,0.0,0.0,0.0,0.0,0.0,0.0,0.0
349,940,Gordonia',0,0,0,0,0,0,0,0.0,0.0,0.0,0.0,0.0,0.0,0.0,0.0
349,940,Gymnocladus',0,0,0,0,0,0,0,0.0,0.0,0.0,0.0,0.0,0.0,0.0,0.0
349,940,Halesia',0,0,0,0,0,0,0,0.0,0.0,0.0,0.0,0.0,0.0,0.0,0.0
349,940,Ilex',0,0,0,0,0,0,0,0.0,0.0,0.0,0.0,0.0,0.0,0.0,0.0
349,940,Juglans',0,0,0,0,0,0,0,0.0,0.0,0.0,0.0,0.0,0.0,0.0,0.0
349,940,Juniperus',0,0,0,0,0,0,0,0.0,0.0,0.0,0.0,0.0,0.0,0.0,0.0
349,940,Larix',0,0,0,0,0,0,0,0.0,0.0,0.0,0.0,0.0,0.0,0.0,0.0
349,940,Liquidambar',0,0,0,0,0,0,0,0.0,0.0,0.0,0.0,0.0,0.0,0.0,0.0
349,940,Liriodendron',0,0,0,0,0,0,0,0.0,0.0,0.0,0.0,0.0,0.0,0.0,0.0
349,940,Lithocarpus',0,0,0,0,0,0,0,0.0,0.0,0.0,0.0,0.0,0.0,0.0,0.0
349,940,Maclura',0,0,0,0,0,0,0,0.0,0.0,0.0,0.0,0.0,0.0,0.0,0.0
349,940,Magnolia',0,0,0,0,0,0,0,0.0,0.0,0.0,0.0,0.0,0.0,0.0,0.0
349,940,Malus',0,0,0,0,0,0,0,0.0,0.0,0.0,0.0,0.0,0.0,0.0,0.0
349,940,Morus',0,0,0,0,0,0,0,0.0,0.0,0.0,0.0,0.0,0.0,0.0,0.0
349,940,Nyssa',0,0,0,0,0,0,0,0.0,0.0,0.0,0.0,0.0,0.0,0.0,0.0
349,940,Olneya',0,0,0,0,0,0,0,0.0,0.0,0.0,0.0,0.0,0.0,0.0,0.0
349,940,Ostrya',0,0,0,0,0,0,0,0.0,0.0,0.0,0.0,0.0,0.0,0.0,0.0
349,940,Oxydendron',0,0,0,0,0,0,0,0.0,0.0,0.0,0.0,0.0,0.0,0.0,0.0
349,940,Paulownia',0,0,0,0,0,0,0,0.0,0.0,0.0,0.0,0.0,0.0,0.0,0.0
349,940,Persea',0,0,0,0,0,0,0,0.0,0.0,0.0,0.0,0.0,0.0,0.0,0.0
349,940,Picea',0,40,88,51,18,0,0,52.274635314941406,22.678354263305664,164.6983689805865,12.346421390939362,16002.22576170057,116823.2698566,0.03793947787836487,267.78046836419463
349,940,Pinus',0,785,794,323,92,0,0,60.50657272338867,28.182111740112305,1306.3933729275313,72.74046285719649,94111.57842538021,273565.5295529769,0.22800696788308936,618.8059001710535
349,940,Planera',0,0,0,0,0,0,0,0.0,0.0,0.0,0.0,0.0,0.0,0.0,0.0
349,940,Platanus',0,0,0,0,0,0,0,0.0,0.0,0.0,0.0,0.0,0.0,0.0,0.0
349,940,Populus',0,795,184,0,0,0,0,17.41828155517578,12.456014633178711,471.063326663821,3.046691284202852,2816.5134453520923,9750.810014545337,0.0130401370683735,37.974839566129724
349,940,Prosopis',0,0,0,0,0,0,0,0.0,0.0,0.0,0.0,0.0,0.0,0.0,0.0
349,940,Prunus',0,20,0,0,0,0,0,5.8244709968566895,4.666665077209473,11.049537540330917,0.03552188174520249,46.694429487288,919.5272952546807,0.0002628296319749213,5.258039626323866
349,940,Pseudotsuga',0,0,0,0,0,0,0,0.0,0.0,0.0,0.0,0.0,0.0,0.0,0.0
349,940,Quercus',0,10,10,0,0,0,0,15.984718322753906,5.851074695587158,12.541619027151336,0.2114359664944508,221.86013990700246,4765.087344198937,0.000673566131353381,13.94746412801894
349,940,Robinia',0,0,0,0,0,0,0,0.0,0.0,0.0,0.0,0.0,0.0,0.0,0.0
349,940,Salix',0,124,24,0,0,0,0,12.882918357849121,7.074265480041504,79.24445250130529,0.3853461415291254,342.2612648543716,2844.9651710256717,0.0019013484967229876,13.802416485298355
349,940,Sassafras',0,0,0,0,0,0,0,0.0,0.0,0.0,0.0,0.0,0.0,0.0,0.0
349,940,Sequoia',0,0,0,0,0,0,0,0.0,0.0,0.0,0.0,0.0,0.0,0.0,0.0
349,940,Sequoiadendron',0,0,0,0,0,0,0,0.0,0.0,0.0,0.0,0.0,0.0,0.0,0.0
349,940,Sorbus',0,0,0,0,0,0,0,0.0,0.0,0.0,0.0,0.0,0.0,0.0,0.0
349,940,Taxodium',0,0,0,0,0,0,0,0.0,0.0,0.0,0.0,0.0,0.0,0.0,0.0
349,940,Taxus',0,0,0,0,0,0,0,0.0,0.0,0.0,0.0,0.0,0.0,0.0,0.0
349,940,Thuja',0,67,173,97,53,0,0,58.815147399902344,18.084991455078125,368.20469496130943,26.83964463660848,24055.064594830274,130902.64370869016,0.05877421181355326,302.7575338621408
349,940,Tilia',0,0,0,0,0,0,0,0.0,0.0,0.0,0.0,0.0,0.0,0.0,0.0
349,940,Torreya',0,0,0,0,0,0,0,0.0,0.0,0.0,0.0,0.0,0.0,0.0,0.0
349,940,Tsuga',0,34,88,75,0,3,0,92.54432678222656,23.694873809814453,163.47720537304878,11.44655749019452,12208.353005051016,87694.14627932625,0.029491010734267818,201.20479581702142
349,940,Ulmus',0,20,44,0,0,0,0,26.032352447509766,10.238401412963867,41.85345372633088,1.0486390073883478,1041.6011136853695,10247.769775303404,0.0029171729306858023,26.61261385304584
349,940,Umbellularia',0,0,0,0,0,0,0,0.0,0.0,0.0,0.0,0.0,0.0,0.0,0.0
349,950,Abies',0,31,16,30,0,0,0,38.20255661010742,16.27595329284668,62.80878684565425,3.2373165366169587,3197.8640609531103,36109.75843449108,0.008013602819704957,85.7922234305215
349,950,Acer',0,488,170,0,0,0,0,22.171194076538086,13.920475959777832,324.9192750258253,3.256939357088785,4455.36231193766,23127.759235068446,0.014578198636170709,63.16740929262794
349,950,Aesculus',0,0,0,0,0,0,0,0.0,0.0,0.0,0.0,0.0,0.0,0.0,0.0
349,950,Ailanthus',0,0,0,0,0,0,0,0.0,0.0,0.0,0.0,0.0,0.0,0.0,0.0
349,950,Alnus',0,20,0,0,0,0,0,2.2259793281555176,2.6743345260620117,0.0,0.005011019073731695,6.16961858868599,106.46789568001509,1.3710264000110327e-05,0.23659533304714733
349,950,Amelanchier',0,0,0,0,0,0,0,0.0,0.0,0.0,0.0,0.0,0.0,0.0,0.0
349,950,Arbutus',0,0,0,0,0,0,0,0.0,0.0,0.0,0.0,0.0,0.0,0.0,0.0
349,950,Asimina',0,0,0,0,0,0,0,0.0,0.0,0.0,0.0,0.0,0.0,0.0,0.0
349,950,Betula',0,900,547,11,0,0,0,36.28204345703125,15.299607276916504,734.1590141464919,13.198275719820144,15707.76938496843,50454.174897939505,0.04547478106710714,124.45489711688622
349,950,Calocedrus',0,0,0,0,0,0,0,0.0,0.0,0.0,0.0,0.0,0.0,0.0,0.0
349,950,Carpinus',0,0,0,0,0,0,0,0.0,0.0,0.0,0.0,0.0,0.0,0.0,0.0
349,950,Carya',0,0,0,0,0,0,0,0.0,0.0,0.0,0.0,0.0,0.0,0.0,0.0
349,950,Castanea',0,0,0,0,0,0,0,0.0,0.0,0.0,0.0,0.0,0.0,0.0,0.0
349,950,Catalpa',0,0,0,0,0,0,0,0.0,0.0,0.0,0.0,0.0,0.0,0.0,0.0
349,950,Celtis',0,0,0,0,0,0,0,0.0,0.0,0.0,0.0,0.0,0.0,0.0,0.0
349,950,Cercis',0,0,0,0,0,0,0,0.0,0.0,0.0,0.0,0.0,0.0,0.0,0.0
349,950,Cercocarpus',0,0,0,0,0,0,0,0.0,0.0,0.0,0.0,0.0,0.0,0.0,0.0
349,950,Chamaecyparis',0,0,0,0,0,0,0,0.0,0.0,0.0,0.0,0.0,0.0,0.0,0.0
349,950,Chilopsis',0,0,0,0,0,0,0,0.0,0.0,0.0,0.0,0.0,0.0,0.0,0.0
349,950,Chrysolepis',0,0,0,0,0,0,0,0.0,0.0,0.0,0.0,0.0,0.0,0.0,0.0
349,950,Cladrastis',0,0,0,0,0,0,0,0.0,0.0,0.0,0.0,0.0,0.0,0.0,0.0
349,950,Comus',0,0,0,0,0,0,0,0.0,0.0,0.0,0.0,0.0,0.0,0.0,0.0
349,950,Cornus',0,0,0,0,0,0,0,0.0,0.0,0.0,0.0,0.0,0.0,0.0,0.0
349,950,Crataegus',0,0,0,0,0,0,0,0.0,0.0,0.0,0.0,0.0,0.0,0.0,0.0
349,950,Cupressus',0,0,0,0,0,0,0,0.0,0.0,0.0,0.0,0.0,0.0,0.0,0.0
349,950,Diospyros',0,0,0,0,0,0,0,0.0,0.0,0.0,0.0,0.0,0.0,0.0,0.0
349,950,Elaeagnus',0,103,6,0,0,0,0,17.037973403930664,6.508882999420166,48.55480779174574,0.29148637653225223,305.36661506041884,3120.32303364808,0.0013775658971886156,11.006475880401961
349,950,Fagus',0,0,0,0,0,0,0,0.0,0.0,0.0,0.0,0.0,0.0,0.0,0.0
349,950,Fraxinus',0,94,30,0,0,0,0,19.456958770751953,9.212273597717285,57.957689044407644,0.6301142757698602,706.701997166276,8039.315533099292,0.002404782031197103,22.083263569185743
349,950,Gleditsia',0,0,0,0,0,0,0,0.0,0.0,0.0,0.0,0.0,0.0,0.0,0.0
349,950,Gordonia',0,0,0,0,0,0,0,0.0,0.0,0.0,0.0,0.0,0.0,0.0,0.0
349,950,Gymnocladus',0,0,0,0,0,0,0,0.0,0.0,0.0,0.0,0.0,0.0,0.0,0.0
349,950,Halesia',0,0,0,0,0,0,0,0.0,0.0,0.0,0.0,0.0,0.0,0.0,0.0
349,950,Ilex',0,0,0,0,0,0,0,0.0,0.0,0.0,0.0,0.0,0.0,0.0,0.0
349,950,Juglans',0,0,0,0,0,0,0,0.0,0.0,0.0,0.0,0.0,0.0,0.0,0.0
349,950,Juniperus',0,0,0,0,0,0,0,0.0,0.0,0.0,0.0,0.0,0.0,0.0,0.0
349,950,Larix',0,0,0,0,0,0,0,0.0,0.0,0.0,0.0,0.0,0.0,0.0,0.0
349,950,Liquidambar',0,0,0,0,0,0,0,0.0,0.0,0.0,0.0,0.0,0.0,0.0,0.0
349,950,Liriodendron',0,0,0,0,0,0,0,0.0,0.0,0.0,0.0,0.0,0.0,0.0,0.0
349,950,Lithocarpus',0,0,0,0,0,0,0,0.0,0.0,0.0,0.0,0.0,0.0,0.0,0.0
349,950,Maclura',0,0,0,0,0,0,0,0.0,0.0,0.0,0.0,0.0,0.0,0.0,0.0
349,950,Magnolia',0,0,0,0,0,0,0,0.0,0.0,0.0,0.0,0.0,0.0,0.0,0.0
349,950,Malus',0,0,0,0,0,0,0,0.0,0.0,0.0,0.0,0.0,0.0,0.0,0.0
349,950,Morus',0,0,0,0,0,0,0,0.0,0.0,0.0,0.0,0.0,0.0,0.0,0.0
349,950,Nyssa',0,0,0,0,0,0,0,0.0,0.0,0.0,0.0,0.0,0.0,0.0,0.0
349,950,Olneya',0,0,0,0,0,0,0,0.0,0.0,0.0,0.0,0.0,0.0,0.0,0.0
349,950,Ostrya',0,0,0,0,0,0,0,0.0,0.0,0.0,0.0,0.0,0.0,0.0,0.0
349,950,Oxydendron',0,0,0,0,0,0,0,0.0,0.0,0.0,0.0,0.0,0.0,0.0,0.0
349,950,Paulownia',0,0,0,0,0,0,0,0.0,0.0,0.0,0.0,0.0,0.0,0.0,0.0
349,950,Persea',0,0,0,0,0,0,0,0.0,0.0,0.0,0.0,0.0,0.0,0.0,0.0
349,950,Picea',0,96,81,53,23,0,0,53.667388916015625,22.90559959411621,169.404215086475,12.59080453801786,16337.61034206398,120746.14755790921,0.03875274963523746,275.6866143518825
349,950,Pinus',0,713,772,366,100,0,0,63.975189208984375,28.778907775878906,1282.7507492101192,80.43851446652943,104376.35367860287,289471.70669375564,0.2504760726057432,654.5612272439349
349,950,Planera',0,0,0,0,0,0,0,0.0,0.0,0.0,0.0,0.0,0.0,0.0,0.0
349,950,Platanus',0,0,0,0,0,0,0,0.0,0.0,0.0,0.0,0.0,0.0,0.0,0.0
349,950,Populus',0,783,208,0,0,0,0,21.388763427734375,14.226113319396973,452.6337704364257,3.7031812166114526,3386.4577064187824,13615.449049528022,0.014041376187597843,45.871435401998724
349,950,Prosopis',0,0,0,0,0,0,0,0.0,0.0,0.0,0.0,0.0,0.0,0.0,0.0
349,950,Prunus',0,17,0,0,0,0,0,5.833715915679932,4.734430313110352,10.080137767746479,0.03489888419048189,34.293222981691365,541.6881474623101,0.0002213163442388181,3.5236341898216654
349,950,Pseudotsuga',0,0,0,0,0,0,0,0.0,0.0,0.0,0.0,0.0,0.0,0.0,0.0
349,950,Quercus',0,20,10,0,0,0,0,20.04979705810547,6.8884758949279785,18.103385784580738,0.3420922057772387,376.6521736121178,7777.602061254138,0.0010976131225815062,21.061768686376436
349,950,Robinia',0,0,0,0,0,0,0,0.0,0.0,0.0,0.0,0.0,0.0,0.0,0.0
349,950,Salix',0,85,21,0,0,0,0,10.214668273925781,6.070700645446777,44.57634799842592,0.2515034893612334,211.3961113578081,2011.9595135250697,0.00111147044021939,9.967460427985618
349,950,Sassafras',0,0,0,0,0,0,0,0.0,0.0,0.0,0.0,0.0,0.0,0.0,0.0
349,950,Sequoia',0,0,0,0,0,0,0,0.0,0.0,0.0,0.0,0.0,0.0,0.0,0.0
349,950,Sequoiadendron',0,0,0,0,0,0,0,0.0,0.0,0.0,0.0,0.0,0.0,0.0,0.0
349,950,Sorbus',0,0,0,0,0,0,0,0.0,0.0,0.0,0.0,0.0,0.0,0.0,0.0
349,950,Taxodium',0,0,0,0,0,0,0,0.0,0.0,0.0,0.0,0.0,0.0,0.0,0.0
349,950,Taxus',0,0,0,0,0,0,0,0.0,0.0,0.0,0.0,0.0,0.0,0.0,0.0
349,950,Thuja',0,53,173,134,45,0,0,57.973419189453125,18.004179000854492,381.5497571107745,30.50197796006227,27438.432294012608,142459.23069006208,0.06648556741136151,329.60056381287075
349,950,Tilia',0,0,0,0,0,0,0,0.0,0.0,0.0,0.0,0.0,0.0,0.0,0.0
349,950,Torreya',0,0,0,0,0,0,0,0.0,0.0,0.0,0.0,0.0,0.0,0.0,0.0
349,950,Tsuga',0,34,85,85,0,3,0,105.01963806152344,24.859947204589844,158.63013627797363,13.036080451189633,14206.427161152662,95906.34302087258,0.03386116267881324,219.60745019292472
349,950,Ulmus',0,40,22,1,0,0,0,34.19517135620117,12.346646308898926,46.570296415799774,0.6993450902517221,711.035979013443,8101.312254361779,0.002250485223801809,22.08745935445952
349,950,Umbellularia',0,0,0,0,0,0,0,0.0,0.0,0.0,0.0,0.0,0.0,0.0,0.0
349,960,Abies',0,18,4,32,0,0,0,39.868717193603516,16.648042678833008,46.69199827432632,3.155742690766303,3200.371417131424,39263.19220705158,0.007786376746906603,91.33796639925191
349,960,Acer',0,493,218,0,0,0,0,22.76828956604004,14.186575889587402,390.96328431127375,3.958914778044407,5433.244790757745,25060.336160676583,0.017702011050218833,69.6108698578795
349,960,Aesculus',0,0,0,0,0,0,0,0.0,0.0,0.0,0.0,0.0,0.0,0.0,0.0
349,960,Ailanthus',0,0,0,0,0,0,0,0.0,0.0,0.0,0.0,0.0,0.0,0.0,0.0
349,960,Alnus',0,20,0,0,0,0,0,5.388969421386719,4.4639058113098145,7.8498270598393445,0.032509390088773696,34.24978592991829,563.9398315594108,0.0001891132578067473,3.0310565919249335
349,960,Amelanchier',0,0,0,0,0,0,0,0.0,0.0,0.0,0.0,0.0,0.0,0.0,0.0
349,960,Arbutus',0,0,0,0,0,0,0,0.0,0.0,0.0,0.0,0.0,0.0,0.0,0.0
349,960,Asimina',0,0,0,0,0,0,0,0.0,0.0,0.0,0.0,0.0,0.0,0.0,0.0
349,960,Betula',0,986,451,13,0,0,0,30.663942337036133,13.13359546661377,768.4379286551258,11.318362408331653,13712.507141653672,47725.93224543937,0.041534329373816105,118.60064638088758
349,960,Calocedrus',0,0,0,0,0,0,0,0.0,0.0,0.0,0.0,0.0,0.0,0.0,0.0
349,960,Carpinus',0,0,0,0,0,0,0,0.0,0.0,0.0,0.0,0.0,0.0,0.0,0.0
349,960,Carya',0,0,0,0,0,0,0,0.0,0.0,0.0,0.0,0.0,0.0,0.0,0.0
349,960,Castanea',0,0,0,0,0,0,0,0.0,0.0,0.0,0.0,0.0,0.0,0.0,0.0
349,960,Catalpa',0,0,0,0,0,0,0,0.0,0.0,0.0,0.0,0.0,0.0,0.0,0.0
349,960,Celtis',0,0,0,0,0,0,0,0.0,0.0,0.0,0.0,0.0,0.0,0.0,0.0
349,960,Cercis',0,0,0,0,0,0,0,0.0,0.0,0.0,0.0,0.0,0.0,0.0,0.0
349,960,Cercocarpus',0,0,0,0,0,0,0,0.0,0.0,0.0,0.0,0.0,0.0,0.0,0.0
349,960,Chamaecyparis',0,0,0,0,0,0,0,0.0,0.0,0.0,0.0,0.0,0.0,0.0,0.0
349,960,Chilopsis',0,0,0,0,0,0,0,0.0,0.0,0.0,0.0,0.0,0.0,0.0,0.0
349,960,Chrysolepis',0,0,0,0,0,0,0,0.0,0.0,0.0,0.0,0.0,0.0,0.0,0.0
349,960,Cladrastis',0,0,0,0,0,0,0,0.0,0.0,0.0,0.0,0.0,0.0,0.0,0.0
349,960,Comus',0,0,0,0,0,0,0,0.0,0.0,0.0,0.0,0.0,0.0,0.0,0.0
349,960,Cornus',0,0,0,0,0,0,0,0.0,0.0,0.0,0.0,0.0,0.0,0.0,0.0
349,960,Crataegus',0,0,0,0,0,0,0,0.0,0.0,0.0,0.0,0.0,0.0,0.0,0.0
349,960,Cupressus',0,0,0,0,0,0,0,0.0,0.0,0.0,0.0,0.0,0.0,0.0,0.0
349,960,Diospyros',0,0,0,0,0,0,0,0.0,0.0,0.0,0.0,0.0,0.0,0.0,0.0
349,960,Elaeagnus',0,98,13,0,0,0,0,15.610177993774414,6.26180362701416,47.40235381771491,0.34128791324724855,343.35676729381083,3223.9989855404674,0.0014453982572520615,12.323423619484462
349,960,Fagus',0,0,0,0,0,0,0,0.0,0.0,0.0,0.0,0.0,0.0,0.0,0.0
349,960,Fraxinus',0,117,29,0,0,0,0,22.556215286254883,10.188079833984375,54.58427226996119,0.6727236296735057,796.7890615677834,11127.749496478044,0.002556413239059508,28.614767615824505
349,960,Gleditsia',0,0,0,0,0,0,0,0.0,0.0,0.0,0.0,0.0,0.0,0.0,0.0
349,960,Gordonia',0,0,0,0,0,0,0,0.0,0.0,0.0,0.0,0.0,0.0,0.0,0.0
349,960,Gymnocladus',0,0,0,0,0,0,0,0.0,0.0,0.0,0.0,0.0,0.0,0.0,0.0
349,960,Halesia',0,0,0,0,0,0,0,0.0,0.0,0.0,0.0,0.0,0.0,0.0,0.0
349,960,Ilex',0,0,0,0,0,0,0,0.0,0.0,0.0,0.0,0.0,0.0,0.0,0.0
349,960,Juglans',0,0,0,0,0,0,0,0.0,0.0,0.0,0.0,0.0,0.0,0.0,0.0
349,960,Juniperus',0,0,0,0,0,0,0,0.0,0.0,0.0,0.0,0.0,0.0,0.0,0.0
349,960,Larix',0,0,0,0,0,0,0,0.0,0.0,0.0,0.0,0.0,0.0,0.0,0.0
349,960,Liquidambar',0,0,0,0,0,0,0,0.0,0.0,0.0,0.0,0.0,0.0,0.0,0.0
349,960,Liriodendron',0,0,0,0,0,0,0,0.0,0.0,0.0,0.0,0.0,0.0,0.0,0.0
349,960,Lithocarpus',0,0,0,0,0,0,0,0.0,0.0,0.0,0.0,0.0,0.0,0.0,0.0
349,960,Maclura',0,0,0,0,0,0,0,0.0,0.0,0.0,0.0,0.0,0.0,0.0,0.0
349,960,Magnolia',0,0,0,0,0,0,0,0.0,0.0,0.0,0.0,0.0,0.0,0.0,0.0
349,960,Malus',0,0,0,0,0,0,0,0.0,0.0,0.0,0.0,0.0,0.0,0.0,0.0
349,960,Morus',0,0,0,0,0,0,0,0.0,0.0,0.0,0.0,0.0,0.0,0.0,0.0
349,960,Nyssa',0,0,0,0,0,0,0,0.0,0.0,0.0,0.0,0.0,0.0,0.0,0.0
349,960,Olneya',0,0,0,0,0,0,0,0.0,0.0,0.0,0.0,0.0,0.0,0.0,0.0
349,960,Ostrya',0,0,0,0,0,0,0,0.0,0.0,0.0,0.0,0.0,0.0,0.0,0.0
349,960,Oxydendron',0,0,0,0,0,0,0,0.0,0.0,0.0,0.0,0.0,0.0,0.0,0.0
349,960,Paulownia',0,0,0,0,0,0,0,0.0,0.0,0.0,0.0,0.0,0.0,0.0,0.0
349,960,Persea',0,0,0,0,0,0,0,0.0,0.0,0.0,0.0,0.0,0.0,0.0,0.0
349,960,Picea',0,41,107,57,29,0,0,55.333465576171875,23.11113166809082,164.60676691979168,14.384052100887569,18699.555607599916,132345.49882293667,0.04393222139533153,302.2880448101956
349,960,Pinus',0,815,793,280,113,0,0,67.65070343017578,29.35439682006836,1277.6431887109577,73.33383489401196,96930.54471337542,296195.218163114,0.2338560581455119,670.0875347696473
349,960,Planera',0,0,0,0,0,0,0,0.0,0.0,0.0,0.0,0.0,0.0,0.0,0.0
349,960,Platanus',0,0,0,0,0,0,0,0.0,0.0,0.0,0.0,0.0,0.0,0.0,0.0
349,960,Populus',0,822,180,3,0,0,0,29.35100555419922,15.59375286102295,453.6610334967793,3.91833102272292,3654.38115165785,17354.486116822587,0.014651549630611898,51.117384215591535
349,960,Prosopis',0,0,0,0,0,0,0,0.0,0.0,0.0,0.0,0.0,0.0,0.0,0.0
349,960,Prunus',0,20,0,0,0,0,0,2.7365503311157227,3.076756000518799,4.785898357063909,0.010993183155213278,14.14818408191204,223.47946654440392,0.00010033607548195857,1.5901861555248367
349,960,Pseudotsuga',0,0,0,0,0,0,0,0.0,0.0,0.0,0.0,0.0,0.0,0.0,0.0
349,960,Quercus',0,10,0,0,0,0,0,5.7200775146484375,4.4620513916015625,1.6490968269637867,0.026417202436359616,25.87323510169983,578.5431248523485,8.12357434183363e-05,1.816486444861301
349,960,Robinia',0,0,0,0,0,0,0,0.0,0.0,0.0,0.0,0.0,0.0,0.0,0.0
349,960,Salix',0,104,18,0,0,0,0,10.502870559692383,6.183394432067871,70.7723290737294,0.3377403115164326,297.879804546237,2220.8361314102754,0.0016807621188084571,12.295193774980355
349,960,Sassafras',0,0,0,0,0,0,0,0.0,0.0,0.0,0.0,0.0,0.0,0.0,0.0
349,960,Sequoia',0,0,0,0,0,0,0,0.0,0.0,0.0,0.0,0.0,0.0,0.0,0.0
349,960,Sequoiadendron',0,0,0,0,0,0,0,0.0,0.0,0.0,0.0,0.0,0.0,0.0,0.0
349,960,Sorbus',0,0,0,0,0,0,0,0.0,0.0,0.0,0.0,0.0,0.0,0.0,0.0
349,960,Taxodium',0,0,0,0,0,0,0,0.0,0.0,0.0,0.0,0.0,0.0,0.0,0.0
349,960,Taxus',0,0,0,0,0,0,0,0.0,0.0,0.0,0.0,0.0,0.0,0.0,0.0
349,960,Thuja',0,79,130,109,56,0,0,61.0,18.284727096557617,385.49427860662337,29.580576472399642,27061.14946280584,147553.92825603607,0.06570413775086154,342.11206193964176
349,960,Tilia',0,0,0,0,0,0,0,0.0,0.0,0.0,0.0,0.0,0.0,0.0,0.0
349,960,Torreya',0,0,0,0,0,0,0,0.0,0.0,0.0,0.0,0.0,0.0,0.0,0.0
349,960,Tsuga',0,38,63,81,1,0,4,116.00701141357422,25.706377029418945,152.5087359663844,12.044875381542429,13570.734326227606,98189.52735480985,0.03236009185418801,223.86522342794228
349,960,Ulmus',0,17,42,1,0,0,0,41.57915496826172,14.21798324584961,42.45588364857661,0.7410120622423073,759.2375205516815,7350.090619307506,0.002298370487195435,21.371108527648413
349,960,Umbellularia',0,0,0,0,0,0,0,0.0,0.0,0.0,0.0,0.0,0.0,0.0,0.0
349,970,Abies',0,30,18,12,0,0,0,43.193878173828125,17.343854904174805,50.34953435063362,1.4899326400658086,1543.7702164494992,23610.473186359784,0.004157871514558017,57.776750748869894
349,970,Acer',0,521,240,0,0,0,0,23.34960174560547,14.442497253417969,392.4714545689853,3.9135850273078567,5286.056012950614,23628.732945176886,0.017396635785480036,67.27994642631973
349,970,Aesculus',0,0,0,0,0,0,0,0.0,0.0,0.0,0.0,0.0,0.0,0.0,0.0
349,970,Ailanthus',0,0,0,0,0,0,0,0.0,0.0,0.0,0.0,0.0,0.0,0.0,0.0
349,970,Alnus',0,10,0,0,0,0,0,2.4614696502685547,3.442460298538208,0.0,0.004853768107919184,4.98326205611229,111.42912707162432,1.1073915590532123e-05,0.24762028037524708
349,970,Amelanchier',0,0,0,0,0,0,0,0.0,0.0,0.0,0.0,0.0,0.0,0.0,0.0
349,970,Arbutus',0,0,0,0,0,0,0,0.0,0.0,0.0,0.0,0.0,0.0,0.0,0.0
349,970,Asimina',0,0,0,0,0,0,0,0.0,0.0,0.0,0.0,0.0,0.0,0.0,0.0
349,970,Betula',0,825,510,13,0,0,0,32.988948822021484,13.023725509643555,835.1402061694313,11.449902184924388,14265.887284913808,49275.92734777756,0.0437242791074634,122.95818681819935
349,970,Calocedrus',0,0,0,0,0,0,0,0.0,0.0,0.0,0.0,0.0,0.0,0.0,0.0
349,970,Carpinus',0,0,0,0,0,0,0,0.0,0.0,0.0,0.0,0.0,0.0,0.0,0.0
349,970,Carya',0,0,0,0,0,0,0,0.0,0.0,0.0,0.0,0.0,0.0,0.0,0.0
349,970,Castanea',0,0,0,0,0,0,0,0.0,0.0,0.0,0.0,0.0,0.0,0.0,0.0
349,970,Catalpa',0,0,0,0,0,0,0,0.0,0.0,0.0,0.0,0.0,0.0,0.0,0.0
349,970,Celtis',0,0,0,0,0,0,0,0.0,0.0,0.0,0.0,0.0,0.0,0.0,0.0
349,970,Cercis',0,0,0,0,0,0,0,0.0,0.0,0.0,0.0,0.0,0.0,0.0,0.0
349,970,Cercocarpus',0,0,0,0,0,0,0,0.0,0.0,0.0,0.0,0.0,0.0,0.0,0.0
349,970,Chamaecyparis',0,0,0,0,0,0,0,0.0,0.0,0.0,0.0,0.0,0.0,0.0,0.0
349,970,Chilopsis',0,0,0,0,0,0,0,0.0,0.0,0.0,0.0,0.0,0.0,0.0,0.0
349,970,Chrysolepis',0,0,0,0,0,0,0,0.0,0.0,0.0,0.0,0.0,0.0,0.0,0.0
349,970,Cladrastis',0,0,0,0,0,0,0,0.0,0.0,0.0,0.0,0.0,0.0,0.0,0.0
349,970,Comus',0,0,0,0,0,0,0,0.0,0.0,0.0,0.0,0.0,0.0,0.0,0.0
349,970,Cornus',0,0,0,0,0,0,0,0.0,0.0,0.0,0.0,0.0,0.0,0.0,0.0
349,970,Crataegus',0,0,0,0,0,0,0,0.0,0.0,0.0,0.0,0.0,0.0,0.0,0.0
349,970,Cupressus',0,0,0,0,0,0,0,0.0,0.0,0.0,0.0,0.0,0.0,0.0,0.0
349,970,Diospyros',0,0,0,0,0,0,0,0.0,0.0,0.0,0.0,0.0,0.0,0.0,0.0
349,970,Elaeagnus',0,71,10,0,0,0,0,19.03931999206543,6.8181471824646,28.233205357071338,0.34496199423986745,328.8515441809595,5817.66371922759,0.0011372138678152138,16.562963586523118
349,970,Fagus',0,0,0,0,0,0,0,0.0,0.0,0.0,0.0,0.0,0.0,0.0,0.0
349,970,Fraxinus',0,67,20,0,0,0,0,25.65077018737793,11.098159790039062,26.274853641332324,0.6910225211170067,833.6018092884124,14804.808131985226,0.002230689525948371,35.85188817576101
349,970,Gleditsia',0,0,0,0,0,0,0,0.0,0.0,0.0,0.0,0.0,0.0,0.0,0.0
349,970,Gordonia',0,0,0,0,0,0,0,0.0,0.0,0.0,0.0,0.0,0.0,0.0,0.0
349,970,Gymnocladus',0,0,0,0,0,0,0,0.0,0.0,0.0,0.0,0.0,0.0,0.0,0.0
349,970,Halesia',0,0,0,0,0,0,0,0.0,0.0,0.0,0.0,0.0,0.0,0.0,0.0
349,970,Ilex',0,0,0,0,0,0,0,0.0,0.0,0.0,0.0,0.0,0.0,0.0,0.0
349,970,Juglans',0,0,0,0,0,0,0,0.0,0.0,0.0,0.0,0.0,0.0,0.0,0.0
349,970,Juniperus',0,0,0,0,0,0,0,0.0,0.0,0.0,0.0,0.0,0.0,0.0,0.0
349,970,Larix',0,0,0,0,0,0,0,0.0,0.0,0.0,0.0,0.0,0.0,0.0,0.0
349,970,Liquidambar',0,0,0,0,0,0,0,0.0,0.0,0.0,0.0,0.0,0.0,0.0,0.0
349,970,Liriodendron',0,0,0,0,0,0,0,0.0,0.0,0.0,0.0,0.0,0.0,0.0,0.0
349,970,Lithocarpus',0,0,0,0,0,0,0,0.0,0.0,0.0,0.0,0.0,0.0,0.0,0.0
349,970,Maclura',0,0,0,0,0,0,0,0.0,0.0,0.0,0.0,0.0,0.0,0.0,0.0
349,970,Magnolia',0,0,0,0,0,0,0,0.0,0.0,0.0,0.0,0.0,0.0,0.0,0.0
349,970,Malus',0,0,0,0,0,0,0,0.0,0.0,0.0,0.0,0.0,0.0,0.0,0.0
349,970,Morus',0,0,0,0,0,0,0,0.0,0.0,0.0,0.0,0.0,0.0,0.0,0.0
349,970,Nyssa',0,0,0,0,0,0,0,0.0,0.0,0.0,0.0,0.0,0.0,0.0,0.0
349,970,Olneya',0,0,0,0,0,0,0,0.0,0.0,0.0,0.0,0.0,0.0,0.0,0.0
349,970,Ostrya',0,0,0,0,0,0,0,0.0,0.0,0.0,0.0,0.0,0.0,0.0,0.0
349,970,Oxydendron',0,0,0,0,0,0,0,0.0,0.0,0.0,0.0,0.0,0.0,0.0,0.0
349,970,Paulownia',0,0,0,0,0,0,0,0.0,0.0,0.0,0.0,0.0,0.0,0.0,0.0
349,970,Persea',0,0,0,0,0,0,0,0.0,0.0,0.0,0.0,0.0,0.0,0.0,0.0
349,970,Picea',0,35,97,40,25,0,0,56.97938919067383,23.303951263427734,135.67911419034004,12.218272492099286,15933.866186691224,131153.68252228337,0.037368401114370425,298.3826639053968
349,970,Pinus',0,745,959,260,94,3,0,71.06938171386719,29.841781616210938,1398.0652459792793,77.79117509539942,101981.72192002759,304156.4632719067,0.24682032360985803,686.4505110882155
349,970,Planera',0,0,0,0,0,0,0,0.0,0.0,0.0,0.0,0.0,0.0,0.0,0.0
349,970,Platanus',0,0,0,0,0,0,0,0.0,0.0,0.0,0.0,0.0,0.0,0.0,0.0
349,970,Populus',0,729,157,13,0,0,0,36.755149841308594,16.846139907836914,526.1138677822803,4.37144691215225,4335.923892237656,22737.240901086934,0.01720908796000863,63.74595023533776
349,970,Prosopis',0,0,0,0,0,0,0,0.0,0.0,0.0,0.0,0.0,0.0,0.0,0.0
349,970,Prunus',0,0,0,0,0,0,0,0.0,0.0,0.0,0.0,0.0,0.0,0.0,0.0
349,970,Pseudotsuga',0,0,0,0,0,0,0,0.0,0.0,0.0,0.0,0.0,0.0,0.0,0.0
349,970,Quercus',0,10,10,0,0,0,0,10.142637252807617,6.705322265625,15.95682924118223,0.11842564544621026,149.89447868227958,2613.7999156769383,0.0005628062707632792,9.773703569889493
349,970,Robinia',0,0,0,0,0,0,0,0.0,0.0,0.0,0.0,0.0,0.0,0.0,0.0
349,970,Salix',0,134,52,0,0,0,0,16.369876861572266,8.259611129760742,81.34895959892603,0.592906937137529,489.39903600513935,3907.513263235337,0.0022586168729241502,16.359533679236712
349,970,Sassafras',0,0,0,0,0,0,0,0.0,0.0,0.0,0.0,0.0,0.0,0.0,0.0
349,970,Sequoia',0,0,0,0,0,0,0,0.0,0.0,0.0,0.0,0.0,0.0,0.0,0.0
349,970,Sequoiadendron',0,0,0,0,0,0,0,0.0,0.0,0.0,0.0,0.0,0.0,0.0,0.0
349,970,Sorbus',0,0,0,0,0,0,0,0.0,0.0,0.0,0.0,0.0,0.0,0.0,0.0
349,970,Taxodium',0,0,0,0,0,0,0,0.0,0.0,0.0,0.0,0.0,0.0,0.0,0.0
349,970,Taxus',0,0,0,0,0,0,0,0.0,0.0,0.0,0.0,0.0,0.0,0.0,0.0
349,970,Thuja',0,104,168,102,21,0,0,60.83188247680664,18.269855499267578,432.7627577009797,20.937572815219312,18579.50377158195,97591.3484325001,0.047538803787374156,231.80244049126642
349,970,Tilia',0,0,0,0,0,0,0,0.0,0.0,0.0,0.0,0.0,0.0,0.0,0.0
349,970,Torreya',0,0,0,0,0,0,0,0.0,0.0,0.0,0.0,0.0,0.0,0.0,0.0
349,970,Tsuga',0,50,51,68,3,0,4,122.0,26.10774803161621,168.55305166065693,10.824612447314001,12654.157893107535,98988.87097700308,0.030555006865292174,226.02847619243235
349,970,Ulmus',0,23,48,2,0,0,0,47.82560348510742,15.682723999023438,59.31360683769364,1.0016407493324722,1068.1730990570784,9629.338899302351,0.003227570288469087,26.787982584155184
349,970,Umbellularia',0,0,0,0,0,0,0,0.0,0.0,0.0,0.0,0.0,0.0,0.0,0.0
349,980,Abies',0,38,38,0,0,0,0,23.085758209228516,12.044197082519531,66.94746485471725,0.6106511089567108,570.7965316307544,6980.206502771708,0.0022354556642694705,23.380676564013612
349,980,Acer',0,527,209,0,0,0,0,25.57685089111328,15.394989967346191,384.3339565602614,3.8685932927318927,5405.222367422506,24952.09618589444,0.017544305997775875,69.66830292852937
349,980,Aesculus',0,0,0,0,0,0,0,0.0,0.0,0.0,0.0,0.0,0.0,0.0,0.0
349,980,Ailanthus',0,0,0,0,0,0,0,0.0,0.0,0.0,0.0,0.0,0.0,0.0,0.0
349,980,Alnus',0,20,0,0,0,0,0,2.06813907623291,2.580122947692871,1.9461140360777511,0.004027728526981603,6.023408802375197,113.01656997756692,4.140074569440898e-05,0.7767210486551984
349,980,Amelanchier',0,0,0,0,0,0,0,0.0,0.0,0.0,0.0,0.0,0.0,0.0,0.0
349,980,Arbutus',0,0,0,0,0,0,0,0.0,0.0,0.0,0.0,0.0,0.0,0.0,0.0
349,980,Asimina',0,0,0,0,0,0,0,0.0,0.0,0.0,0.0,0.0,0.0,0.0,0.0
349,980,Betula',0,937,566,5,0,0,0,35.71669387817383,15.112117767333984,763.1270071756848,11.846572819444605,14339.10723416455,47649.95408693213,0.04285031976829919,118.0187512317407
349,980,Calocedrus',0,0,0,0,0,0,0,0.0,0.0,0.0,0.0,0.0,0.0,0.0,0.0
349,980,Carpinus',0,0,0,0,0,0,0,0.0,0.0,0.0,0.0,0.0,0.0,0.0,0.0
349,980,Carya',0,0,0,0,0,0,0,0.0,0.0,0.0,0.0,0.0,0.0,0.0,0.0
349,980,Castanea',0,0,0,0,0,0,0,0.0,0.0,0.0,0.0,0.0,0.0,0.0,0.0
349,980,Catalpa',0,0,0,0,0,0,0,0.0,0.0,0.0,0.0,0.0,0.0,0.0,0.0
349,980,Celtis',0,0,0,0,0,0,0,0.0,0.0,0.0,0.0,0.0,0.0,0.0,0.0
349,980,Cercis',0,0,0,0,0,0,0,0.0,0.0,0.0,0.0,0.0,0.0,0.0,0.0
349,980,Cercocarpus',0,0,0,0,0,0,0,0.0,0.0,0.0,0.0,0.0,0.0,0.0,0.0
349,980,Chamaecyparis',0,0,0,0,0,0,0,0.0,0.0,0.0,0.0,0.0,0.0,0.0,0.0
349,980,Chilopsis',0,0,0,0,0,0,0,0.0,0.0,0.0,0.0,0.0,0.0,0.0,0.0
349,980,Chrysolepis',0,0,0,0,0,0,0,0.0,0.0,0.0,0.0,0.0,0.0,0.0,0.0
349,980,Cladrastis',0,0,0,0,0,0,0,0.0,0.0,0.0,0.0,0.0,0.0,0.0,0.0
349,980,Comus',0,0,0,0,0,0,0,0.0,0.0,0.0,0.0,0.0,0.0,0.0,0.0
349,980,Cornus',0,0,0,0,0,0,0,0.0,0.0,0.0,0.0,0.0,0.0,0.0,0.0
349,980,Crataegus',0,0,0,0,0,0,0,0.0,0.0,0.0,0.0,0.0,0.0,0.0,0.0
349,980,Cupressus',0,0,0,0,0,0,0,0.0,0.0,0.0,0.0,0.0,0.0,0.0,0.0
349,980,Diospyros',0,0,0,0,0,0,0,0.0,0.0,0.0,0.0,0.0,0.0,0.0,0.0
349,980,Elaeagnus',0,22,8,0,0,0,0,9.774785995483398,4.969866752624512,11.709633875119534,0.07398930276646173,74.71649512887001,1267.4154820515826,0.00033460333637427505,5.02325260482835
349,980,Fagus',0,0,0,0,0,0,0,0.0,0.0,0.0,0.0,0.0,0.0,0.0,0.0
349,980,Fraxinus',0,80,6,10,0,0,0,28.381921768188477,11.851417541503906,32.661094671421786,0.7430598335951389,961.2971685124934,18548.076554447503,0.0026063904404435407,43.584551263776355
349,980,Gleditsia',0,0,0,0,0,0,0,0.0,0.0,0.0,0.0,0.0,0.0,0.0,0.0
349,980,Gordonia',0,0,0,0,0,0,0,0.0,0.0,0.0,0.0,0.0,0.0,0.0,0.0
349,980,Gymnocladus',0,0,0,0,0,0,0,0.0,0.0,0.0,0.0,0.0,0.0,0.0,0.0
349,980,Halesia',0,0,0,0,0,0,0,0.0,0.0,0.0,0.0,0.0,0.0,0.0,0.0
349,980,Ilex',0,0,0,0,0,0,0,0.0,0.0,0.0,0.0,0.0,0.0,0.0,0.0
349,980,Juglans',0,0,0,0,0,0,0,0.0,0.0,0.0,0.0,0.0,0.0,0.0,0.0
349,980,Juniperus',0,10,0,0,0,0,0,1.2560495138168335,2.2902448177337646,0.6966472461819648,0.0012638733971441416,2.3830800488591195,53.287289850724605,1.535841590259225e-05,0.34342461984910055
349,980,Larix',0,0,0,0,0,0,0,0.0,0.0,0.0,0.0,0.0,0.0,0.0,0.0
349,980,Liquidambar',0,0,0,0,0,0,0,0.0,0.0,0.0,0.0,0.0,0.0,0.0,0.0
349,980,Liriodendron',0,0,0,0,0,0,0,0.0,0.0,0.0,0.0,0.0,0.0,0.0,0.0
349,980,Lithocarpus',0,0,0,0,0,0,0,0.0,0.0,0.0,0.0,0.0,0.0,0.0,0.0
349,980,Maclura',0,0,0,0,0,0,0,0.0,0.0,0.0,0.0,0.0,0.0,0.0,0.0
349,980,Magnolia',0,0,0,0,0,0,0,0.0,0.0,0.0,0.0,0.0,0.0,0.0,0.0
349,980,Malus',0,0,0,0,0,0,0,0.0,0.0,0.0,0.0,0.0,0.0,0.0,0.0
349,980,Morus',0,0,0,0,0,0,0,0.0,0.0,0.0,0.0,0.0,0.0,0.0,0.0
349,980,Nyssa',0,0,0,0,0,0,0,0.0,0.0,0.0,0.0,0.0,0.0,0.0,0.0
349,980,Olneya',0,0,0,0,0,0,0,0.0,0.0,0.0,0.0,0.0,0.0,0.0,0.0
349,980,Ostrya',0,0,0,0,0,0,0,0.0,0.0,0.0,0.0,0.0,0.0,0.0,0.0
349,980,Oxydendron',0,0,0,0,0,0,0,0.0,0.0,0.0,0.0,0.0,0.0,0.0,0.0
349,980,Paulownia',0,0,0,0,0,0,0,0.0,0.0,0.0,0.0,0.0,0.0,0.0,0.0
349,980,Persea',0,0,0,0,0,0,0,0.0,0.0,0.0,0.0,0.0,0.0,0.0,0.0
349,980,Picea',0,45,87,40,18,0,0,58.562225341796875,23.478673934936523,151.07721567928792,12.000385572239523,15731.15140150845,133691.91769787864,0.03714034078917194,304.510665792495
349,980,Pinus',0,568,1013,271,95,3,0,74.51608276367188,30.29057502746582,1397.8671332478523,78.76794814518556,103289.64708718657,313874.0480433503,0.2497239636511287,709.888023484233
349,980,Planera',0,0,0,0,0,0,0,0.0,0.0,0.0,0.0,0.0,0.0,0.0,0.0
349,980,Platanus',0,0,0,0,0,0,0,0.0,0.0,0.0,0.0,0.0,0.0,0.0,0.0
349,980,Populus',0,820,173,0,0,0,0,23.33112335205078,15.011866569519043,405.62233426914656,2.7912783231222456,2641.8313619603964,10304.759988543903,0.011709895216481643,38.41065083549691
349,980,Prosopis',0,0,0,0,0,0,0,0.0,0.0,0.0,0.0,0.0,0.0,0.0,0.0
349,980,Prunus',0,10,0,0,0,0,0,3.3122265338897705,3.4111874103546143,3.722106387154965,0.008788810833209777,10.082837542891502,225.45910151992365,7.598809498362211e-05,1.6991454586408974
349,980,Pseudotsuga',0,0,0,0,0,0,0,0.0,0.0,0.0,0.0,0.0,0.0,0.0,0.0
349,980,Quercus',0,10,20,0,0,0,0,12.789020538330078,7.9642720222473145,27.942286030967022,0.2690573303638842,325.85576395213604,5020.092370107981,0.0011263686289964265,16.97569520261401
349,980,Robinia',0,0,0,0,0,0,0,0.0,0.0,0.0,0.0,0.0,0.0,0.0,0.0
349,980,Salix',0,155,13,0,0,0,0,12.902731895446777,7.081392288208008,70.12252976575607,0.322079252424801,289.85989420682193,2061.548121238739,0.0016535858663418329,11.095636079941428
349,980,Sassafras',0,0,0,0,0,0,0,0.0,0.0,0.0,0.0,0.0,0.0,0.0,0.0
349,980,Sequoia',0,0,0,0,0,0,0,0.0,0.0,0.0,0.0,0.0,0.0,0.0,0.0
349,980,Sequoiadendron',0,0,0,0,0,0,0,0.0,0.0,0.0,0.0,0.0,0.0,0.0,0.0
349,980,Sorbus',0,0,0,0,0,0,0,0.0,0.0,0.0,0.0,0.0,0.0,0.0,0.0
349,980,Taxodium',0,0,0,0,0,0,0,0.0,0.0,0.0,0.0,0.0,0.0,0.0,0.0
349,980,Taxus',0,0,0,0,0,0,0,0.0,0.0,0.0,0.0,0.0,0.0,0.0,0.0
349,980,Thuja',0,144,191,134,9,0,0,60.6973876953125,18.25790023803711,439.5928974327445,22.40847565099952,19470.516793595853,90678.94965498711,0.0496174896423073,215.39549818135896
349,980,Tilia',0,0,0,0,0,0,0,0.0,0.0,0.0,0.0,0.0,0.0,0.0,0.0
349,980,Torreya',0,0,0,0,0,0,0,0.0,0.0,0.0,0.0,0.0,0.0,0.0,0.0
349,980,Tsuga',0,62,52,82,0,1,3,91.64407348632812,23.60123062133789,151.92066946819423,10.12123421020392,11541.028896374255,99400.33554469397,0.02784114077524914,225.67381429378585
349,980,Ulmus',0,20,58,0,1,0,0,52.99467086791992,16.818490982055664,52.23787679513798,1.4022580115723584,1459.6526595294476,13415.13759627257,0.00399566584542207,34.388709110494574
349,980,Umbellularia',0,0,0,0,0,0,0,0.0,0.0,0.0,0.0,0.0,0.0,0.0,0.0
349,990,Abies',0,30,52,0,0,0,0,23.943050384521484,12.331522941589355,76.21027514338493,0.7440494358265577,664.0160017877818,6100.500273198926,0.0025764062126337863,22.163118594234067
349,990,Acer',0,590,159,0,0,0,0,27.58407211303711,16.21651840209961,399.6176430267057,3.530001182954582,5038.385667544603,24611.29140090663,0.0169491305289506,67.75936700124204
349,990,Aesculus',0,0,0,0,0,0,0,0.0,0.0,0.0,0.0,0.0,0.0,0.0,0.0
349,990,Ailanthus',0,0,0,0,0,0,0,0.0,0.0,0.0,0.0,0.0,0.0,0.0,0.0
349,990,Alnus',0,20,0,0,0,0,0,7.403408050537109,5.994551658630371,18.519888580599915,0.08463320638597595,94.67748652935028,1495.6345042650785,0.00047699849870800964,7.534643160718723
349,990,Amelanchier',0,0,0,0,0,0,0,0.0,0.0,0.0,0.0,0.0,0.0,0.0,0.0
349,990,Arbutus',0,0,0,0,0,0,0,0.0,0.0,0.0,0.0,0.0,0.0,0.0,0.0
349,990,Asimina',0,0,0,0,0,0,0,0.0,0.0,0.0,0.0,0.0,0.0,0.0,0.0
349,990,Betula',0,758,583,9,0,0,0,42.14460372924805,17.013212203979492,797.2074928765385,13.272866808142938,16274.082877733335,52910.448381702015,0.047640873149552614,129.94143487409832
349,990,Calocedrus',0,0,0,0,0,0,0,0.0,0.0,0.0,0.0,0.0,0.0,0.0,0.0
349,990,Carpinus',0,0,0,0,0,0,0,0.0,0.0,0.0,0.0,0.0,0.0,0.0,0.0
349,990,Carya',0,0,0,0,0,0,0,0.0,0.0,0.0,0.0,0.0,0.0,0.0,0.0
349,990,Castanea',0,0,0,0,0,0,0,0.0,0.0,0.0,0.0,0.0,0.0,0.0,0.0
349,990,Catalpa',0,0,0,0,0,0,0,0.0,0.0,0.0,0.0,0.0,0.0,0.0,0.0
349,990,Celtis',0,0,0,0,0,0,0,0.0,0.0,0.0,0.0,0.0,0.0,0.0,0.0
349,990,Cercis',0,0,0,0,0,0,0,0.0,0.0,0.0,0.0,0.0,0.0,0.0,0.0
349,990,Cercocarpus',0,0,0,0,0,0,0,0.0,0.0,0.0,0.0,0.0,0.0,0.0,0.0
349,990,Chamaecyparis',0,0,0,0,0,0,0,0.0,0.0,0.0,0.0,0.0,0.0,0.0,0.0
349,990,Chilopsis',0,0,0,0,0,0,0,0.0,0.0,0.0,0.0,0.0,0.0,0.0,0.0
349,990,Chrysolepis',0,0,0,0,0,0,0,0.0,0.0,0.0,0.0,0.0,0.0,0.0,0.0
349,990,Cladrastis',0,0,0,0,0,0,0,0.0,0.0,0.0,0.0,0.0,0.0,0.0,0.0
349,990,Comus',0,0,0,0,0,0,0,0.0,0.0,0.0,0.0,0.0,0.0,0.0,0.0
349,990,Cornus',0,0,0,0,0,0,0,0.0,0.0,0.0,0.0,0.0,0.0,0.0,0.0
349,990,Crataegus',0,0,0,0,0,0,0,0.0,0.0,0.0,0.0,0.0,0.0,0.0,0.0
349,990,Cupressus',0,0,0,0,0,0,0,0.0,0.0,0.0,0.0,0.0,0.0,0.0,0.0
349,990,Diospyros',0,0,0,0,0,0,0,0.0,0.0,0.0,0.0,0.0,0.0,0.0,0.0
349,990,Elaeagnus',0,24,0,0,0,0,0,7.987056255340576,4.463265419006348,13.537572342430865,0.059502792582765314,66.89508231773972,1240.922680503481,0.0003435366110508337,6.158908217870468
349,990,Fagus',0,0,0,0,0,0,0,0.0,0.0,0.0,0.0,0.0,0.0,0.0,0.0
349,990,Fraxinus',0,54,0,0,0,0,0,6.2969465255737305,4.764272689819336,9.052961909601203,0.061600039090706916,69.45751509517432,899.1063583740452,0.00028467244675429597,3.47792064949546
349,990,Gleditsia',0,0,0,0,0,0,0,0.0,0.0,0.0,0.0,0.0,0.0,0.0,0.0
349,990,Gordonia',0,0,0,0,0,0,0,0.0,0.0,0.0,0.0,0.0,0.0,0.0,0.0
349,990,Gymnocladus',0,0,0,0,0,0,0,0.0,0.0,0.0,0.0,0.0,0.0,0.0,0.0
349,990,Halesia',0,0,0,0,0,0,0,0.0,0.0,0.0,0.0,0.0,0.0,0.0,0.0
349,990,Ilex',0,0,0,0,0,0,0,0.0,0.0,0.0,0.0,0.0,0.0,0.0,0.0
349,990,Juglans',0,0,0,0,0,0,0,0.0,0.0,0.0,0.0,0.0,0.0,0.0,0.0
349,990,Juniperus',0,0,0,0,0,0,0,0.0,0.0,0.0,0.0,0.0,0.0,0.0,0.0
349,990,Larix',0,0,0,0,0,0,0,0.0,0.0,0.0,0.0,0.0,0.0,0.0,0.0
349,990,Liquidambar',0,0,0,0,0,0,0,0.0,0.0,0.0,0.0,0.0,0.0,0.0,0.0
349,990,Liriodendron',0,0,0,0,0,0,0,0.0,0.0,0.0,0.0,0.0,0.0,0.0,0.0
349,990,Lithocarpus',0,0,0,0,0,0,0,0.0,0.0,0.0,0.0,0.0,0.0,0.0,0.0
349,990,Maclura',0,0,0,0,0,0,0,0.0,0.0,0.0,0.0,0.0,0.0,0.0,0.0
349,990,Magnolia',0,0,0,0,0,0,0,0.0,0.0,0.0,0.0,0.0,0.0,0.0,0.0
349,990,Malus',0,0,0,0,0,0,0,0.0,0.0,0.0,0.0,0.0,0.0,0.0,0.0
349,990,Morus',0,0,0,0,0,0,0,0.0,0.0,0.0,0.0,0.0,0.0,0.0,0.0
349,990,Nyssa',0,0,0,0,0,0,0,0.0,0.0,0.0,0.0,0.0,0.0,0.0,0.0
349,990,Olneya',0,0,0,0,0,0,0,0.0,0.0,0.0,0.0,0.0,0.0,0.0,0.0
349,990,Ostrya',0,0,0,0,0,0,0,0.0,0.0,0.0,0.0,0.0,0.0,0.0,0.0
349,990,Oxydendron',0,0,0,0,0,0,0,0.0,0.0,0.0,0.0,0.0,0.0,0.0,0.0
349,990,Paulownia',0,0,0,0,0,0,0,0.0,0.0,0.0,0.0,0.0,0.0,0.0,0.0
349,990,Persea',0,0,0,0,0,0,0,0.0,0.0,0.0,0.0,0.0,0.0,0.0,0.0
349,990,Picea',0,20,91,57,18,0,0,60.132537841796875,23.656417846679688,137.7927959290147,13.454846064403123,17664.125608252587,143603.69605546386,0.041243953137700136,326.93012558483474
349,990,Pinus',0,773,851,322,76,0,0,59.745948791503906,29.17185401916504,1272.8534066867828,74.98105254874758,96316.12144674838,294351.31244299444,0.23242148506050445,664.5329662671201
349,990,Planera',0,0,0,0,0,0,0,0.0,0.0,0.0,0.0,0.0,0.0,0.0,0.0
349,990,Platanus',0,0,0,0,0,0,0,0.0,0.0,0.0,0.0,0.0,0.0,0.0,0.0
349,990,Populus',0,693,202,0,0,0,0,29.43555450439453,17.180255889892578,467.41952029245465,3.1872296532373356,3054.6184083548933,11948.89106836468,0.013516804608404282,43.02937765687504
349,990,Prosopis',0,0,0,0,0,0,0,0.0,0.0,0.0,0.0,0.0,0.0,0.0,0.0
349,990,Prunus',0,23,0,0,0,0,0,7.096610069274902,5.3184685707092285,8.790671139766898,0.02944544604104635,30.11861610233784,505.0326477742741,0.0001934768521813693,3.3692239558352206
349,990,Pseudotsuga',0,0,0,0,0,0,0,0.0,0.0,0.0,0.0,0.0,0.0,0.0,0.0
349,990,Quercus',0,17,20,0,0,0,0,17.98678970336914,9.07994270324707,31.09687913067733,0.49121751222224985,577.1178166151047,7978.41945080074,0.001730140876576309,21.953223415061387
349,990,Robinia',0,0,0,0,0,0,0,0.0,0.0,0.0,0.0,0.0,0.0,0.0,0.0
349,990,Salix',0,161,12,0,0,0,0,15.011639595031738,7.8140082359313965,69.33938382853624,0.2590631899912741,269.0612158073485,1996.0097345922966,0.0015960927657876136,11.777074737349338
349,990,Sassafras',0,0,0,0,0,0,0,0.0,0.0,0.0,0.0,0.0,0.0,0.0,0.0
349,990,Sequoia',0,0,0,0,0,0,0,0.0,0.0,0.0,0.0,0.0,0.0,0.0,0.0
349,990,Sequoiadendron',0,0,0,0,0,0,0,0.0,0.0,0.0,0.0,0.0,0.0,0.0,0.0
349,990,Sorbus',0,0,0,0,0,0,0,0.0,0.0,0.0,0.0,0.0,0.0,0.0,0.0
349,990,Taxodium',0,0,0,0,0,0,0,0.0,0.0,0.0,0.0,0.0,0.0,0.0,0.0
349,990,Taxus',0,0,0,0,0,0,0,0.0,0.0,0.0,0.0,0.0,0.0,0.0,0.0
349,990,Thuja',0,120,192,160,11,0,0,54.57804489135742,17.65480613708496,434.11788513258097,24.752515644485324,21478.070710380973,103746.17015891193,0.05399963794855948,245.76109868878046
349,990,Tilia',0,0,0,0,0,0,0,0.0,0.0,0.0,0.0,0.0,0.0,0.0,0.0
349,990,Torreya',0,0,0,0,0,0,0,0.0,0.0,0.0,0.0,0.0,0.0,0.0,0.0
349,990,Tsuga',0,55,72,62,0,1,3,93.23823547363281,23.7661190032959,143.96360756963492,9.890888107003718,11502.603925966323,102902.44719750213,0.027640816580154413,233.53470626782922
349,990,Ulmus',0,20,37,0,1,0,0,57.029884338378906,17.659814834594727,36.920189654713944,1.3098961684027024,1374.633446326852,14847.980001791988,0.003586227589086626,36.873561421576674
349,990,Umbellularia',0,0,0,0,0,0,0,0.0,0.0,0.0,0.0,0.0,0.0,0.0,0.0
349,1000,Abies',0,30,68,3,0,0,0,30.96902084350586,14.458551406860352,96.76853166341782,1.4648950910630367,1278.849570542574,11165.297685292291,0.004239655601395913,34.70375222308566
349,1000,Acer',0,452,235,6,0,0,0,29.60371971130371,17.009347915649414,387.9851649181704,4.1916948940903485,5996.886662600562,30139.32778760587,0.018911676764202075,79.49543797457575
349,1000,Aesculus',0,0,0,0,0,0,0,0.0,0.0,0.0,0.0,0.0,0.0,0.0,0.0
349,1000,Ailanthus',0,0,0,0,0,0,0,0.0,0.0,0.0,0.0,0.0,0.0,0.0,0.0
349,1000,Alnus',0,10,0,0,0,0,0,3.030982494354248,3.1473820209503174,3.0625024730268913,0.007417368441628621,9.753737656474113,218.1002043457541,6.576139793172449e-05,1.470469560707495
349,1000,Amelanchier',0,0,0,0,0,0,0,0.0,0.0,0.0,0.0,0.0,0.0,0.0,0.0
349,1000,Arbutus',0,0,0,0,0,0,0,0.0,0.0,0.0,0.0,0.0,0.0,0.0,0.0
349,1000,Asimina',0,0,0,0,0,0,0,0.0,0.0,0.0,0.0,0.0,0.0,0.0,0.0
349,1000,Betula',0,974,575,11,0,0,0,49.75381088256836,18.745559692382812,876.5089630208249,13.309512171996928,16490.0648168993,54556.69687229302,0.04926242195124679,134.03908247881225
349,1000,Calocedrus',0,0,0,0,0,0,0,0.0,0.0,0.0,0.0,0.0,0.0,0.0,0.0
349,1000,Carpinus',0,0,0,0,0,0,0,0.0,0.0,0.0,0.0,0.0,0.0,0.0,0.0
349,1000,Carya',0,0,0,0,0,0,0,0.0,0.0,0.0,0.0,0.0,0.0,0.0,0.0
349,1000,Castanea',0,0,0,0,0,0,0,0.0,0.0,0.0,0.0,0.0,0.0,0.0,0.0
349,1000,Catalpa',0,0,0,0,0,0,0,0.0,0.0,0.0,0.0,0.0,0.0,0.0,0.0
349,1000,Celtis',0,0,0,0,0,0,0,0.0,0.0,0.0,0.0,0.0,0.0,0.0,0.0
349,1000,Cercis',0,0,0,0,0,0,0,0.0,0.0,0.0,0.0,0.0,0.0,0.0,0.0
349,1000,Cercocarpus',0,0,0,0,0,0,0,0.0,0.0,0.0,0.0,0.0,0.0,0.0,0.0
349,1000,Chamaecyparis',0,0,0,0,0,0,0,0.0,0.0,0.0,0.0,0.0,0.0,0.0,0.0
349,1000,Chilopsis',0,0,0,0,0,0,0,0.0,0.0,0.0,0.0,0.0,0.0,0.0,0.0
349,1000,Chrysolepis',0,0,0,0,0,0,0,0.0,0.0,0.0,0.0,0.0,0.0,0.0,0.0
349,1000,Cladrastis',0,0,0,0,0,0,0,0.0,0.0,0.0,0.0,0.0,0.0,0.0,0.0
349,1000,Comus',0,0,0,0,0,0,0,0.0,0.0,0.0,0.0,0.0,0.0,0.0,0.0
349,1000,Cornus',0,0,0,0,0,0,0,0.0,0.0,0.0,0.0,0.0,0.0,0.0,0.0
349,1000,Crataegus',0,0,0,0,0,0,0,0.0,0.0,0.0,0.0,0.0,0.0,0.0,0.0
349,1000,Cupressus',0,0,0,0,0,0,0,0.0,0.0,0.0,0.0,0.0,0.0,0.0,0.0
349,1000,Diospyros',0,0,0,0,0,0,0,0.0,0.0,0.0,0.0,0.0,0.0,0.0,0.0
349,1000,Elaeagnus',0,58,10,0,0,0,0,14.478102684020996,6.048595905303955,33.44335398624969,0.22308154031528105,230.91312019586564,3479.8992813607065,0.0009945759258114294,12.365669771814026
349,1000,Fagus',0,0,0,0,0,0,0,0.0,0.0,0.0,0.0,0.0,0.0,0.0,0.0
349,1000,Fraxinus',0,45,0,0,0,0,0,7.799137115478516,4.883004188537598,10.854373920143026,0.06650411508203824,76.94862847074866,1136.5681172944546,0.00032725169568974645,4.486101444939983
349,1000,Gleditsia',0,0,0,0,0,0,0,0.0,0.0,0.0,0.0,0.0,0.0,0.0,0.0
349,1000,Gordonia',0,0,0,0,0,0,0,0.0,0.0,0.0,0.0,0.0,0.0,0.0,0.0
349,1000,Gymnocladus',0,0,0,0,0,0,0,0.0,0.0,0.0,0.0,0.0,0.0,0.0,0.0
349,1000,Halesia',0,0,0,0,0,0,0,0.0,0.0,0.0,0.0,0.0,0.0,0.0,0.0
349,1000,Ilex',0,0,0,0,0,0,0,0.0,0.0,0.0,0.0,0.0,0.0,0.0,0.0
349,1000,Juglans',0,0,0,0,0,0,0,0.0,0.0,0.0,0.0,0.0,0.0,0.0,0.0
349,1000,Juniperus',0,0,0,0,0,0,0,0.0,0.0,0.0,0.0,0.0,0.0,0.0,0.0
349,1000,Larix',0,0,0,0,0,0,0,0.0,0.0,0.0,0.0,0.0,0.0,0.0,0.0
349,1000,Liquidambar',0,0,0,0,0,0,0,0.0,0.0,0.0,0.0,0.0,0.0,0.0,0.0
349,1000,Liriodendron',0,0,0,0,0,0,0,0.0,0.0,0.0,0.0,0.0,0.0,0.0,0.0
349,1000,Lithocarpus',0,0,0,0,0,0,0,0.0,0.0,0.0,0.0,0.0,0.0,0.0,0.0
349,1000,Maclura',0,0,0,0,0,0,0,0.0,0.0,0.0,0.0,0.0,0.0,0.0,0.0
349,1000,Magnolia',0,0,0,0,0,0,0,0.0,0.0,0.0,0.0,0.0,0.0,0.0,0.0
349,1000,Malus',0,0,0,0,0,0,0,0.0,0.0,0.0,0.0,0.0,0.0,0.0,0.0
349,1000,Morus',0,0,0,0,0,0,0,0.0,0.0,0.0,0.0,0.0,0.0,0.0,0.0
349,1000,Nyssa',0,0,0,0,0,0,0,0.0,0.0,0.0,0.0,0.0,0.0,0.0,0.0
349,1000,Olneya',0,0,0,0,0,0,0,0.0,0.0,0.0,0.0,0.0,0.0,0.0,0.0
349,1000,Ostrya',0,0,0,0,0,0,0,0.0,0.0,0.0,0.0,0.0,0.0,0.0,0.0
349,1000,Oxydendron',0,0,0,0,0,0,0,0.0,0.0,0.0,0.0,0.0,0.0,0.0,0.0
349,1000,Paulownia',0,0,0,0,0,0,0,0.0,0.0,0.0,0.0,0.0,0.0,0.0,0.0
349,1000,Persea',0,0,0,0,0,0,0,0.0,0.0,0.0,0.0,0.0,0.0,0.0,0.0
349,1000,Picea',0,70,50,61,8,0,0,58.92030715942383,23.845596313476562,84.0902151581645,10.262992074926828,13510.398401661814,118342.37494212596,0.031237743877847158,267.8188122853951
349,1000,Pinus',0,712,855,381,67,0,0,60.13742446899414,29.448291778564453,1365.4659441891313,76.48804667997994,95601.19104875476,269051.7940521595,0.2321704878610894,610.7909804552562
349,1000,Planera',0,0,0,0,0,0,0,0.0,0.0,0.0,0.0,0.0,0.0,0.0,0.0
349,1000,Platanus',0,0,0,0,0,0,0,0.0,0.0,0.0,0.0,0.0,0.0,0.0,0.0
349,1000,Populus',0,875,147,0,0,0,0,37.75156021118164,19.517343521118164,438.5552289992382,3.1721341020662805,3075.856897107363,14155.999311697582,0.013148483747279623,44.91159088963565
349,1000,Prosopis',0,0,0,0,0,0,0,0.0,0.0,0.0,0.0,0.0,0.0,0.0,0.0
349,1000,Prunus',0,20,0,0,0,0,0,3.723659038543701,3.64249587059021,6.646949415908583,0.0155552894912273,18.069094571471215,308.55932520102306,0.0001358400737936604,2.3032896730333823
349,1000,Pseudotsuga',0,0,0,0,0,0,0,0.0,0.0,0.0,0.0,0.0,0.0,0.0,0.0
349,1000,Quercus',0,0,30,0,0,0,0,21.666845321655273,10.21760082244873,23.70258802477317,0.700534054525236,821.4751940941811,11823.797984184654,0.0021667123623639404,30.10641485689046
349,1000,Robinia',0,0,0,0,0,0,0,0.0,0.0,0.0,0.0,0.0,0.0,0.0,0.0
349,1000,Salix',0,188,29,0,0,0,0,16.668678283691406,8.35499382019043,100.23285458831093,0.5500176549710681,478.28451974332336,3476.9918236455796,0.0025057621016547787,16.14825070101642
349,1000,Sassafras',0,0,0,0,0,0,0,0.0,0.0,0.0,0.0,0.0,0.0,0.0,0.0
349,1000,Sequoia',0,0,0,0,0,0,0,0.0,0.0,0.0,0.0,0.0,0.0,0.0,0.0
349,1000,Sequoiadendron',0,0,0,0,0,0,0,0.0,0.0,0.0,0.0,0.0,0.0,0.0,0.0
349,1000,Sorbus',0,0,0,0,0,0,0,0.0,0.0,0.0,0.0,0.0,0.0,0.0,0.0
349,1000,Taxodium',0,0,0,0,0,0,0,0.0,0.0,0.0,0.0,0.0,0.0,0.0,0.0
349,1000,Taxus',0,0,0,0,0,0,0,0.0,0.0,0.0,0.0,0.0,0.0,0.0,0.0
349,1000,Thuja',0,139,191,141,29,0,0,60.05561447143555,18.20012855529785,440.35821429371833,28.588667393633376,25103.341237555444,121130.38756958445,0.06214593272048975,282.88298175526944
349,1000,Tilia',0,0,0,0,0,0,0,0.0,0.0,0.0,0.0,0.0,0.0,0.0,0.0
349,1000,Torreya',0,0,0,0,0,0,0,0.0,0.0,0.0,0.0,0.0,0.0,0.0,0.0
349,1000,Tsuga',0,23,109,45,0,1,3,94.739990234375,23.917558670043945,170.18237585425376,9.67752280578655,11433.045422292947,105317.49645238997,0.027864957249502994,239.06990501163
349,1000,Ulmus',0,19,48,0,0,0,0,25.139497756958008,9.826132774353027,37.23117673415926,1.4549167217568462,1365.752902763486,14993.537411138623,0.0035709699291232968,36.98310513922419
349,1000,Umbellularia',0,0,0,0,0,0,0,0.0,0.0,0.0,0.0,0.0,0.0,0.0,0.0
