site,latitude,longitude,wmo,name,region,elevation,slope,soilA_field_cap,soilA_perm_wp,lai,soil_base_h,lai_w0,soilAO_w0,soilA_w0,sbase_w0,fire_prob,wind_prob,soilAO_c0,soilAO_n0,soilA_c0,soilA_n0,sbase_c0,sbase_n0,sigma,tmp_lapse_jan,tmp_lapse_feb,tmp_lapse_mar,tmp_lapse_apr,tmp_lapse_may,tmp_lapse_jun,tmp_lapse_jul,tmp_lapse_aug,tmp_lapse_sep,tmp_lapse_oct,tmp_lapse_nov,tmp_lapse_dec,prcp_lapse_jan,prcp_lapse_feb,prcp_lapse_mar,prcp_lapse_apr,prcp_lapse_may,prcp_lapse_jun,prcp_lapse_jul,prcp_lapse_aug,prcp_lapse_sep,prcp_lapse_oct,prcp_lapse_nov,prcp_lapse_dec
0,48.75,-122.25,0,CONUS_48.75_-122.25,USA,326.6,0,21.9,11.2,3.0,35.0,0.5,0.6,20.6,10.9,0,0,12.3,0.25,82.7,6.38,3.0,0.0,0.0,0,0,0,0,0,0,0,0,0,0,0,0,0,0,0,0,0,0,0,0,0,0,0,0
1,48.75,-121.75,0,CONUS_48.75_-121.75,USA,515.5,0,21.9,11.2,3.0,35.0,0.5,0.6,20.6,10.9,0,0,14.1,0.28,94.8,7.31,3.0,0.0,0.0,0,0,0,0,0,0,0,0,0,0,0,0,0,0,0,0,0,0,0,0,0,0,0,0
2,48.75,-121.25,0,CONUS_48.75_-121.25,USA,505.6,0,14.0,8.0,3.0,35.0,0.5,0.6,13.2,10.9,0,0,8.0,0.16,53.9,4.16,3.0,0.0,0.0,0,0,0,0,0,0,0,0,0,0,0,0,0,0,0,0,0,0,0,0,0,0,0,0
3,48.75,-120.75,0,CONUS_48.75_-120.75,USA,332.3,0,21.9,11.2,3.0,35.0,0.5,0.6,20.6,10.9,0,0,13.3,0.27,89.5,6.9,3.0,0.0,0.0,0,0,0,0,0,0,0,0,0,0,0,0,0,0,0,0,0,0,0,0,0,0,0,0
4,48.75,-120.25,0,CONUS_48.75_-120.25,USA,436.4,0,21.3,11.1,3.0,35.0,0.5,0.6,20.0,10.9,0,0,12.0,0.24,81.0,6.25,3.0,0.0,0.0,0,0,0,0,0,0,0,0,0,0,0,0,0,0,0,0,0,0,0,0,0,0,0,0
5,48.75,-119.75,0,CONUS_48.75_-119.75,USA,525.1,0,13.1,6.1,3.0,35.0,0.5,0.6,12.3,10.9,0,0,9.6,0.19,64.6,4.98,3.0,0.0,0.0,0,0,0,0,0,0,0,0,0,0,0,0,0,0,0,0,0,0,0,0,0,0,0,0
6,48.75,-119.25,0,CONUS_48.75_-119.25,USA,336.8,0,20.9,10.7,3.0,35.0,0.5,0.6,19.6,10.9,0,0,10.8,0.22,72.8,5.62,3.0,0.0,0.0,0,0,0,0,0,0,0,0,0,0,0,0,0,0,0,0,0,0,0,0,0,0,0,0
7,48.75,-118.75,0,CONUS_48.75_-118.75,USA,230.7,0,13.1,6.1,3.0,35.0,0.5,0.6,12.3,10.9,0,0,8.3,0.17,56.0,4.32,3.0,0.0,0.0,0,0,0,0,0,0,0,0,0,0,0,0,0,0,0,0,0,0,0,0,0,0,0,0
8,48.75,-118.25,0,CONUS_48.75_-118.25,USA,374.3,0,16.1,7.7,3.0,35.0,0.5,0.6,15.1,10.9,0,0,6.4,0.13,43.0,3.32,3.0,0.0,0.0,0,0,0,0,0,0,0,0,0,0,0,0,0,0,0,0,0,0,0,0,0,0,0,0
9,48.75,-117.75,0,CONUS_48.75_-117.75,USA,259.3,0,22.2,12.5,3.0,35.0,0.5,0.6,20.9,10.9,0,0,6.5,0.13,43.8,3.38,3.0,0.0,0.0,0,0,0,0,0,0,0,0,0,0,0,0,0,0,0,0,0,0,0,0,0,0,0,0
10,48.75,-117.25,0,CONUS_48.75_-117.25,USA,318.9,0,13.9,6.6,3.0,35.0,0.5,0.6,13.0,10.9,0,0,6.3,0.13,42.3,3.27,3.0,0.0,0.0,0,0,0,0,0,0,0,0,0,0,0,0,0,0,0,0,0,0,0,0,0,0,0,0
11,48.75,-116.75,0,CONUS_48.75_-116.75,USA,382.8,0,13.8,6.6,3.0,35.0,0.5,0.6,13.0,10.9,0,0,5.9,0.12,40.0,3.09,3.0,0.0,0.0,0,0,0,0,0,0,0,0,0,0,0,0,0,0,0,0,0,0,0,0,0,0,0,0
12,48.75,-116.25,0,CONUS_48.75_-116.25,USA,372.7,0,18.4,9.6,3.0,35.0,0.5,0.6,17.3,10.9,0,0,6.5,0.13,44.1,3.4,3.0,0.0,0.0,0,0,0,0,0,0,0,0,0,0,0,0,0,0,0,0,0,0,0,0,0,0,0,0
13,48.75,-115.75,0,CONUS_48.75_-115.75,USA,284.5,0,18.4,9.6,3.0,35.0,0.5,0.6,17.3,10.9,0,0,7.1,0.14,48.0,3.7,3.0,0.0,0.0,0,0,0,0,0,0,0,0,0,0,0,0,0,0,0,0,0,0,0,0,0,0,0,0
14,48.75,-115.25,0,CONUS_48.75_-115.25,USA,317.9,0,20.3,11.5,3.0,35.0,0.5,0.6,19.1,10.9,0,0,6.7,0.13,44.9,3.47,3.0,0.0,0.0,0,0,0,0,0,0,0,0,0,0,0,0,0,0,0,0,0,0,0,0,0,0,0,0
15,48.75,-114.75,0,CONUS_48.75_-114.75,USA,364.8,0,18.1,9.2,3.0,35.0,0.5,0.6,17.0,10.9,0,0,6.6,0.13,44.7,3.45,3.0,0.0,0.0,0,0,0,0,0,0,0,0,0,0,0,0,0,0,0,0,0,0,0,0,0,0,0,0
16,48.75,-114.25,0,CONUS_48.75_-114.25,USA,337.5,0,22.2,11.6,3.0,35.0,0.5,0.6,20.8,10.9,0,0,10.2,0.2,69.1,5.33,3.0,0.0,0.0,0,0,0,0,0,0,0,0,0,0,0,0,0,0,0,0,0,0,0,0,0,0,0,0
17,48.75,-113.75,0,CONUS_48.75_-113.75,USA,377.1,0,22.2,11.6,3.0,35.0,0.5,0.6,20.8,10.9,0,0,12.3,0.25,82.7,6.38,3.0,0.0,0.0,0,0,0,0,0,0,0,0,0,0,0,0,0,0,0,0,0,0,0,0,0,0,0,0
18,48.75,-95.75,0,CONUS_48.75_-95.75,USA,15.2,0,17.9,10.1,3.0,35.0,0.5,0.6,16.8,10.9,0,0,14.1,0.28,95.0,7.33,3.0,0.0,0.0,0,0,0,0,0,0,0,0,0,0,0,0,0,0,0,0,0,0,0,0,0,0,0,0
19,48.75,-95.25,0,CONUS_48.75_-95.25,USA,21.4,0,24.9,14.9,3.0,35.0,0.5,0.6,23.4,10.9,0,0,12.8,0.26,86.0,6.64,3.0,0.0,0.0,0,0,0,0,0,0,0,0,0,0,0,0,0,0,0,0,0,0,0,0,0,0,0,0
20,48.75,-94.75,0,CONUS_48.75_-94.75,USA,16.8,0,23.6,12.6,3.0,35.0,0.5,0.6,22.2,10.9,0,0,20.3,0.41,137.1,10.57,3.0,0.0,0.0,0,0,0,0,0,0,0,0,0,0,0,0,0,0,0,0,0,0,0,0,0,0,0,0
21,48.25,-124.25,0,CONUS_48.25_-124.25,USA,177.0,0,21.9,11.2,3.0,35.0,0.5,0.6,20.6,10.9,0,0,18.9,0.38,127.7,9.85,3.0,0.0,0.0,0,0,0,0,0,0,0,0,0,0,0,0,0,0,0,0,0,0,0,0,0,0,0,0
22,48.25,-122.75,0,CONUS_48.25_-122.75,USA,75.7,0,23.5,13.0,3.0,35.0,0.5,0.6,22.1,10.9,0,0,10.1,0.2,68.3,5.27,3.0,0.0,0.0,0,0,0,0,0,0,0,0,0,0,0,0,0,0,0,0,0,0,0,0,0,0,0,0
23,48.25,-122.25,0,CONUS_48.25_-122.25,USA,224.1,0,21.9,11.2,3.0,35.0,0.5,0.6,20.6,10.9,0,0,12.9,0.26,86.8,6.7,3.0,0.0,0.0,0,0,0,0,0,0,0,0,0,0,0,0,0,0,0,0,0,0,0,0,0,0,0,0
24,48.25,-121.75,0,CONUS_48.25_-121.75,USA,362.1,0,21.9,11.2,3.0,35.0,0.5,0.6,20.6,10.9,0,0,13.2,0.26,89.1,6.87,3.0,0.0,0.0,0,0,0,0,0,0,0,0,0,0,0,0,0,0,0,0,0,0,0,0,0,0,0,0
25,48.25,-121.25,0,CONUS_48.25_-121.25,USA,462.0,0,18.2,9.6,3.0,35.0,0.5,0.6,17.1,10.9,0,0,10.1,0.2,67.8,5.23,3.0,0.0,0.0,0,0,0,0,0,0,0,0,0,0,0,0,0,0,0,0,0,0,0,0,0,0,0,0
26,48.25,-120.75,0,CONUS_48.25_-120.75,USA,473.2,0,21.9,11.2,3.0,35.0,0.5,0.6,20.6,10.9,0,0,11.5,0.23,77.5,5.98,3.0,0.0,0.0,0,0,0,0,0,0,0,0,0,0,0,0,0,0,0,0,0,0,0,0,0,0,0,0
27,48.25,-120.25,0,CONUS_48.25_-120.25,USA,504.7,0,21.0,10.7,3.0,35.0,0.5,0.6,19.8,10.9,0,0,10.5,0.21,70.7,5.45,3.0,0.0,0.0,0,0,0,0,0,0,0,0,0,0,0,0,0,0,0,0,0,0,0,0,0,0,0,0
28,48.25,-119.25,0,CONUS_48.25_-119.25,USA,305.7,0,18.4,9.6,3.0,35.0,0.5,0.6,17.3,10.9,0,0,8.0,0.16,53.8,4.15,3.0,0.0,0.0,0,0,0,0,0,0,0,0,0,0,0,0,0,0,0,0,0,0,0,0,0,0,0,0
29,48.25,-118.75,0,CONUS_48.25_-118.75,USA,247.1,0,16.1,7.7,3.0,35.0,0.5,0.6,15.1,10.9,0,0,6.7,0.13,45.2,3.49,3.0,0.0,0.0,0,0,0,0,0,0,0,0,0,0,0,0,0,0,0,0,0,0,0,0,0,0,0,0
30,48.25,-118.25,0,CONUS_48.25_-118.25,USA,251.9,0,16.1,7.7,3.0,35.0,0.5,0.6,15.1,10.9,0,0,5.9,0.12,40.0,3.09,3.0,0.0,0.0,0,0,0,0,0,0,0,0,0,0,0,0,0,0,0,0,0,0,0,0,0,0,0,0
31,48.25,-117.75,0,CONUS_48.25_-117.75,USA,248.1,0,22.2,12.5,3.0,35.0,0.5,0.6,20.9,10.9,0,0,5.7,0.11,38.2,2.95,3.0,0.0,0.0,0,0,0,0,0,0,0,0,0,0,0,0,0,0,0,0,0,0,0,0,0,0,0,0
32,48.25,-117.25,0,CONUS_48.25_-117.25,USA,219.6,0,22.2,12.5,3.0,35.0,0.5,0.6,20.9,10.9,0,0,5.7,0.11,38.1,2.94,3.0,0.0,0.0,0,0,0,0,0,0,0,0,0,0,0,0,0,0,0,0,0,0,0,0,0,0,0,0
33,48.25,-116.75,0,CONUS_48.25_-116.75,USA,263.1,0,22.2,12.5,3.0,35.0,0.5,0.6,20.9,10.9,0,0,5.7,0.11,38.2,2.95,3.0,0.0,0.0,0,0,0,0,0,0,0,0,0,0,0,0,0,0,0,0,0,0,0,0,0,0,0,0
34,48.25,-116.25,0,CONUS_48.25_-116.25,USA,370.3,0,22.2,12.5,3.0,35.0,0.5,0.6,20.9,10.9,0,0,5.8,0.12,38.9,3.0,3.0,0.0,0.0,0,0,0,0,0,0,0,0,0,0,0,0,0,0,0,0,0,0,0,0,0,0,0,0
35,48.25,-115.75,0,CONUS_48.25_-115.75,USA,393.6,0,18.1,9.2,3.0,35.0,0.5,0.6,17.0,10.9,0,0,6.0,0.12,40.2,3.1,3.0,0.0,0.0,0,0,0,0,0,0,0,0,0,0,0,0,0,0,0,0,0,0,0,0,0,0,0,0
36,48.25,-115.25,0,CONUS_48.25_-115.25,USA,225.5,0,18.1,9.2,3.0,35.0,0.5,0.6,17.0,10.9,0,0,6.0,0.12,40.2,3.1,3.0,0.0,0.0,0,0,0,0,0,0,0,0,0,0,0,0,0,0,0,0,0,0,0,0,0,0,0,0
37,48.25,-114.75,0,CONUS_48.25_-114.75,USA,192.9,0,18.1,9.2,3.0,35.0,0.5,0.6,17.0,10.9,0,0,6.0,0.12,40.5,3.13,3.0,0.0,0.0,0,0,0,0,0,0,0,0,0,0,0,0,0,0,0,0,0,0,0,0,0,0,0,0
38,48.25,-114.25,0,CONUS_48.25_-114.25,USA,237.7,0,20.3,11.5,3.0,35.0,0.5,0.6,19.1,10.9,0,0,8.2,0.16,55.4,4.27,3.0,0.0,0.0,0,0,0,0,0,0,0,0,0,0,0,0,0,0,0,0,0,0,0,0,0,0,0,0
39,48.25,-113.75,0,CONUS_48.25_-113.75,USA,345.8,0,20.3,11.5,3.0,35.0,0.5,0.6,19.1,10.9,0,0,9.8,0.2,66.1,5.1,3.0,0.0,0.0,0,0,0,0,0,0,0,0,0,0,0,0,0,0,0,0,0,0,0,0,0,0,0,0
40,48.25,-113.25,0,CONUS_48.25_-113.25,USA,240.9,0,21.9,11.2,3.0,35.0,0.5,0.6,20.6,10.9,0,0,13.0,0.26,87.9,6.78,3.0,0.0,0.0,0,0,0,0,0,0,0,0,0,0,0,0,0,0,0,0,0,0,0,0,0,0,0,0
41,48.25,-95.25,0,CONUS_48.25_-95.25,USA,5.8,0,17.9,10.1,3.0,35.0,0.5,0.6,16.8,10.9,0,0,10.5,0.21,70.8,5.46,3.0,0.0,0.0,0,0,0,0,0,0,0,0,0,0,0,0,0,0,0,0,0,0,0,0,0,0,0,0
42,48.25,-94.75,0,CONUS_48.25_-94.75,USA,6.2,0,17.9,10.1,3.0,35.0,0.5,0.6,16.8,10.9,0,0,11.3,0.23,76.2,5.88,3.0,0.0,0.0,0,0,0,0,0,0,0,0,0,0,0,0,0,0,0,0,0,0,0,0,0,0,0,0
43,48.25,-94.25,0,CONUS_48.25_-94.25,USA,9.9,0,16.9,6.9,3.0,35.0,0.5,0.6,15.9,10.9,0,0,8.4,0.17,56.4,4.35,3.0,0.0,0.0,0,0,0,0,0,0,0,0,0,0,0,0,0,0,0,0,0,0,0,0,0,0,0,0
44,48.25,-93.75,0,CONUS_48.25_-93.75,USA,15.2,0,16.9,6.9,3.0,35.0,0.5,0.6,15.9,10.9,0,0,12.8,0.26,86.5,6.67,3.0,0.0,0.0,0,0,0,0,0,0,0,0,0,0,0,0,0,0,0,0,0,0,0,0,0,0,0,0
45,48.25,-93.25,0,CONUS_48.25_-93.25,USA,25.4,0,14.1,8.0,3.0,35.0,0.5,0.6,13.2,10.9,0,0,16.2,0.32,109.0,8.41,3.0,0.0,0.0,0,0,0,0,0,0,0,0,0,0,0,0,0,0,0,0,0,0,0,0,0,0,0,0
46,48.25,-92.75,0,CONUS_48.25_-92.75,USA,30.3,0,24.9,14.9,3.0,35.0,0.5,0.6,23.4,10.9,0,0,19.6,0.39,131.9,10.18,3.0,0.0,0.0,0,0,0,0,0,0,0,0,0,0,0,0,0,0,0,0,0,0,0,0,0,0,0,0
47,48.25,-92.25,0,CONUS_48.25_-92.25,USA,31.4,0,23.6,12.6,3.0,35.0,0.5,0.6,22.2,10.9,0,0,20.7,0.41,139.4,10.76,3.0,0.0,0.0,0,0,0,0,0,0,0,0,0,0,0,0,0,0,0,0,0,0,0,0,0,0,0,0
48,48.25,-88.25,0,CONUS_48.25_-88.25,USA,1.9,0,21.9,11.2,3.0,35.0,0.5,0.6,20.6,10.9,0,0,12.8,0.26,86.2,6.65,3.0,0.0,0.0,0,0,0,0,0,0,0,0,0,0,0,0,0,0,0,0,0,0,0,0,0,0,0,0
49,47.75,-124.25,0,CONUS_47.75_-124.25,USA,198.7,0,15.4,8.1,3.0,35.0,0.5,0.6,14.4,10.9,0,0,6.3,0.13,42.1,3.25,3.0,0.0,0.0,0,0,0,0,0,0,0,0,0,0,0,0,0,0,0,0,0,0,0,0,0,0,0,0
50,47.75,-123.75,0,CONUS_47.75_-123.75,USA,410.7,0,15.4,8.1,3.0,35.0,0.5,0.6,14.4,10.9,0,0,6.7,0.13,45.5,3.51,3.0,0.0,0.0,0,0,0,0,0,0,0,0,0,0,0,0,0,0,0,0,0,0,0,0,0,0,0,0
51,47.75,-123.25,0,CONUS_47.75_-123.25,USA,446.3,0,15.4,8.1,3.0,35.0,0.5,0.6,14.4,10.9,0,0,6.5,0.13,43.8,3.38,3.0,0.0,0.0,0,0,0,0,0,0,0,0,0,0,0,0,0,0,0,0,0,0,0,0,0,0,0,0
52,47.75,-122.25,0,CONUS_47.75_-122.25,USA,55.8,0,17.2,8.7,3.0,35.0,0.5,0.6,16.1,10.9,0,0,8.7,0.17,58.7,4.53,3.0,0.0,0.0,0,0,0,0,0,0,0,0,0,0,0,0,0,0,0,0,0,0,0,0,0,0,0,0
53,47.75,-121.75,0,CONUS_47.75_-121.75,USA,385.6,0,17.2,8.7,3.0,35.0,0.5,0.6,16.1,10.9,0,0,8.5,0.17,57.2,4.41,3.0,0.0,0.0,0,0,0,0,0,0,0,0,0,0,0,0,0,0,0,0,0,0,0,0,0,0,0,0
54,47.75,-121.25,0,CONUS_47.75_-121.25,USA,366.6,0,17.2,8.7,3.0,35.0,0.5,0.6,16.1,10.9,0,0,9.0,0.18,60.4,4.66,3.0,0.0,0.0,0,0,0,0,0,0,0,0,0,0,0,0,0,0,0,0,0,0,0,0,0,0,0,0
55,47.75,-120.75,0,CONUS_47.75_-120.75,USA,470.4,0,16.1,7.7,3.0,35.0,0.5,0.6,15.2,10.9,0,0,7.3,0.15,49.3,3.8,3.0,0.0,0.0,0,0,0,0,0,0,0,0,0,0,0,0,0,0,0,0,0,0,0,0,0,0,0,0
56,47.75,-117.25,0,CONUS_47.75_-117.25,USA,177.8,0,19.3,9.2,3.0,35.0,0.5,0.6,18.1,10.9,0,0,6.1,0.12,41.2,3.18,3.0,0.0,0.0,0,0,0,0,0,0,0,0,0,0,0,0,0,0,0,0,0,0,0,0,0,0,0,0
57,47.75,-116.75,0,CONUS_47.75_-116.75,USA,183.0,0,19.3,9.2,3.0,35.0,0.5,0.6,18.1,10.9,0,0,5.7,0.11,38.2,2.95,3.0,0.0,0.0,0,0,0,0,0,0,0,0,0,0,0,0,0,0,0,0,0,0,0,0,0,0,0,0
58,47.75,-116.25,0,CONUS_47.75_-116.25,USA,216.6,0,22.2,12.5,3.0,35.0,0.5,0.6,20.9,10.9,0,0,5.4,0.11,36.7,2.83,3.0,0.0,0.0,0,0,0,0,0,0,0,0,0,0,0,0,0,0,0,0,0,0,0,0,0,0,0,0
59,47.75,-115.75,0,CONUS_47.75_-115.75,USA,292.4,0,18.1,9.2,3.0,35.0,0.5,0.6,17.0,10.9,0,0,6.1,0.12,41.2,3.18,3.0,0.0,0.0,0,0,0,0,0,0,0,0,0,0,0,0,0,0,0,0,0,0,0,0,0,0,0,0
60,47.75,-115.25,0,CONUS_47.75_-115.25,USA,307.0,0,18.4,9.2,3.0,35.0,0.5,0.6,17.3,10.9,0,0,6.5,0.13,43.9,3.39,3.0,0.0,0.0,0,0,0,0,0,0,0,0,0,0,0,0,0,0,0,0,0,0,0,0,0,0,0,0
61,47.75,-114.75,0,CONUS_47.75_-114.75,USA,289.3,0,18.1,9.2,3.0,35.0,0.5,0.6,17.0,10.9,0,0,6.0,0.12,40.6,3.13,3.0,0.0,0.0,0,0,0,0,0,0,0,0,0,0,0,0,0,0,0,0,0,0,0,0,0,0,0,0
62,47.75,-114.25,0,CONUS_47.75_-114.25,USA,183.3,0,18.1,9.2,3.0,35.0,0.5,0.6,17.0,10.9,0,0,6.1,0.12,41.3,3.19,3.0,0.0,0.0,0,0,0,0,0,0,0,0,0,0,0,0,0,0,0,0,0,0,0,0,0,0,0,0
63,47.75,-113.75,0,CONUS_47.75_-113.75,USA,393.5,0,18.1,9.2,3.0,35.0,0.5,0.6,17.0,10.9,0,0,6.4,0.13,43.2,3.33,3.0,0.0,0.0,0,0,0,0,0,0,0,0,0,0,0,0,0,0,0,0,0,0,0,0,0,0,0,0
64,47.75,-113.25,0,CONUS_47.75_-113.25,USA,301.6,0,18.1,9.2,3.0,35.0,0.5,0.6,17.0,10.9,0,0,8.7,0.17,58.8,4.53,3.0,0.0,0.0,0,0,0,0,0,0,0,0,0,0,0,0,0,0,0,0,0,0,0,0,0,0,0,0
65,47.75,-112.75,0,CONUS_47.75_-112.75,USA,304.5,0,18.1,9.2,3.0,35.0,0.5,0.6,17.0,10.9,0,0,6.6,0.13,44.6,3.44,3.0,0.0,0.0,0,0,0,0,0,0,0,0,0,0,0,0,0,0,0,0,0,0,0,0,0,0,0,0
66,47.75,-95.25,0,CONUS_47.75_-95.25,USA,38.3,0,20.7,10.7,3.0,35.0,0.5,0.6,19.4,10.9,0,0,10.9,0.22,73.6,5.68,3.0,0.0,0.0,0,0,0,0,0,0,0,0,0,0,0,0,0,0,0,0,0,0,0,0,0,0,0,0
67,47.75,-94.75,0,CONUS_47.75_-94.75,USA,25.0,0,5.1,1.8,3.0,35.0,0.5,0.6,4.8,10.9,0,0,6.1,0.12,41.4,3.19,3.0,0.0,0.0,0,0,0,0,0,0,0,0,0,0,0,0,0,0,0,0,0,0,0,0,0,0,0,0
68,47.75,-94.25,0,CONUS_47.75_-94.25,USA,13.3,0,16.9,6.9,3.0,35.0,0.5,0.6,15.9,10.9,0,0,5.7,0.11,38.1,2.94,3.0,0.0,0.0,0,0,0,0,0,0,0,0,0,0,0,0,0,0,0,0,0,0,0,0,0,0,0,0
69,47.75,-93.75,0,CONUS_47.75_-93.75,USA,15.2,0,16.9,6.9,3.0,35.0,0.5,0.6,15.9,10.9,0,0,5.6,0.11,37.9,2.93,3.0,0.0,0.0,0,0,0,0,0,0,0,0,0,0,0,0,0,0,0,0,0,0,0,0,0,0,0,0
70,47.75,-93.25,0,CONUS_47.75_-93.25,USA,14.7,0,16.9,6.9,3.0,35.0,0.5,0.6,15.9,10.9,0,0,6.7,0.13,45.2,3.49,3.0,0.0,0.0,0,0,0,0,0,0,0,0,0,0,0,0,0,0,0,0,0,0,0,0,0,0,0,0
71,47.75,-92.75,0,CONUS_47.75_-92.75,USA,25.9,0,27.8,15.9,3.0,35.0,0.5,0.6,26.1,10.9,0,0,12.6,0.25,84.6,6.53,3.0,0.0,0.0,0,0,0,0,0,0,0,0,0,0,0,0,0,0,0,0,0,0,0,0,0,0,0,0
72,47.75,-92.25,0,CONUS_47.75_-92.25,USA,23.7,0,14.1,8.0,3.0,35.0,0.5,0.6,13.2,10.9,0,0,10.1,0.2,68.2,5.26,3.0,0.0,0.0,0,0,0,0,0,0,0,0,0,0,0,0,0,0,0,0,0,0,0,0,0,0,0,0
73,47.75,-91.75,0,CONUS_47.75_-91.75,USA,39.9,0,21.9,11.2,3.0,35.0,0.5,0.6,20.6,10.9,0,0,13.8,0.28,93.3,7.2,3.0,0.0,0.0,0,0,0,0,0,0,0,0,0,0,0,0,0,0,0,0,0,0,0,0,0,0,0,0
74,47.75,-91.25,0,CONUS_47.75_-91.25,USA,44.0,0,23.6,12.6,3.0,35.0,0.5,0.6,22.2,10.9,0,0,23.5,0.47,158.6,12.24,3.0,0.0,0.0,0,0,0,0,0,0,0,0,0,0,0,0,0,0,0,0,0,0,0,0,0,0,0,0
75,47.75,-90.75,0,CONUS_47.75_-90.75,USA,154.2,0,18.2,10.6,3.0,35.0,0.5,0.6,17.1,10.9,0,0,25.0,0.5,168.5,13.0,3.0,0.0,0.0,0,0,0,0,0,0,0,0,0,0,0,0,0,0,0,0,0,0,0,0,0,0,0,0
76,47.75,-90.25,0,CONUS_47.75_-90.25,USA,166.0,0,18.2,10.6,3.0,35.0,0.5,0.6,17.1,10.9,0,0,25.0,0.5,168.5,13.0,3.0,0.0,0.0,0,0,0,0,0,0,0,0,0,0,0,0,0,0,0,0,0,0,0,0,0,0,0,0
77,47.75,-89.75,0,CONUS_47.75_-89.75,USA,79.3,0,18.2,10.6,3.0,35.0,0.5,0.6,17.1,10.9,0,0,25.0,0.5,168.5,13.0,3.0,0.0,0.0,0,0,0,0,0,0,0,0,0,0,0,0,0,0,0,0,0,0,0,0,0,0,0,0
78,47.75,-89.25,0,CONUS_47.75_-89.25,USA,23.1,0,14.1,8.0,3.0,35.0,0.5,0.6,13.2,10.9,0,0,19.8,0.4,133.2,10.28,3.0,0.0,0.0,0,0,0,0,0,0,0,0,0,0,0,0,0,0,0,0,0,0,0,0,0,0,0,0
79,47.75,-88.75,0,CONUS_47.75_-88.75,USA,18.5,0,14.1,8.0,3.0,35.0,0.5,0.6,13.3,10.9,0,0,25.0,0.5,168.5,13.0,3.0,0.0,0.0,0,0,0,0,0,0,0,0,0,0,0,0,0,0,0,0,0,0,0,0,0,0,0,0
80,47.25,-123.75,0,CONUS_47.25_-123.75,USA,213.4,0,17.2,8.7,3.0,35.0,0.5,0.6,16.1,10.9,0,0,7.1,0.14,47.6,3.67,3.0,0.0,0.0,0,0,0,0,0,0,0,0,0,0,0,0,0,0,0,0,0,0,0,0,0,0,0,0
81,47.25,-123.25,0,CONUS_47.25_-123.25,USA,207.2,0,17.2,8.7,3.0,35.0,0.5,0.6,16.1,10.9,0,0,7.8,0.16,52.8,4.07,3.0,0.0,0.0,0,0,0,0,0,0,0,0,0,0,0,0,0,0,0,0,0,0,0,0,0,0,0,0
82,47.25,-122.75,0,CONUS_47.25_-122.75,USA,34.3,0,17.2,8.7,3.0,35.0,0.5,0.6,16.1,10.9,0,0,7.6,0.15,51.0,3.93,3.0,0.0,0.0,0,0,0,0,0,0,0,0,0,0,0,0,0,0,0,0,0,0,0,0,0,0,0,0
83,47.25,-122.25,0,CONUS_47.25_-122.25,USA,107.8,0,17.2,8.7,3.0,35.0,0.5,0.6,16.1,10.9,0,0,8.2,0.16,54.9,4.24,3.0,0.0,0.0,0,0,0,0,0,0,0,0,0,0,0,0,0,0,0,0,0,0,0,0,0,0,0,0
84,47.25,-121.75,0,CONUS_47.25_-121.75,USA,358.8,0,17.2,8.7,3.0,35.0,0.5,0.6,16.1,10.9,0,0,8.5,0.17,57.5,4.44,3.0,0.0,0.0,0,0,0,0,0,0,0,0,0,0,0,0,0,0,0,0,0,0,0,0,0,0,0,0
85,47.25,-121.25,0,CONUS_47.25_-121.25,USA,296.7,0,17.2,8.7,3.0,35.0,0.5,0.6,16.1,10.9,0,0,7.4,0.15,50.0,3.86,3.0,0.0,0.0,0,0,0,0,0,0,0,0,0,0,0,0,0,0,0,0,0,0,0,0,0,0,0,0
86,47.25,-120.75,0,CONUS_47.25_-120.75,USA,394.8,0,16.1,7.7,3.0,35.0,0.5,0.6,15.1,10.9,0,0,5.7,0.11,38.3,2.96,3.0,0.0,0.0,0,0,0,0,0,0,0,0,0,0,0,0,0,0,0,0,0,0,0,0,0,0,0,0
87,47.25,-116.75,0,CONUS_47.25_-116.75,USA,145.3,0,15.6,7.7,3.0,35.0,0.5,0.6,14.7,10.9,0,0,5.2,0.1,35.3,2.72,3.0,0.0,0.0,0,0,0,0,0,0,0,0,0,0,0,0,0,0,0,0,0,0,0,0,0,0,0,0
88,47.25,-116.25,0,CONUS_47.25_-116.25,USA,239.6,0,5.1,1.8,3.0,35.0,0.5,0.6,4.8,10.9,0,0,4.3,0.09,29.0,2.23,3.0,0.0,0.0,0,0,0,0,0,0,0,0,0,0,0,0,0,0,0,0,0,0,0,0,0,0,0,0
89,47.25,-115.75,0,CONUS_47.25_-115.75,USA,229.6,0,18.1,9.2,3.0,35.0,0.5,0.6,17.0,10.9,0,0,5.2,0.1,34.9,2.69,3.0,0.0,0.0,0,0,0,0,0,0,0,0,0,0,0,0,0,0,0,0,0,0,0,0,0,0,0,0
90,47.25,-115.25,0,CONUS_47.25_-115.25,USA,271.6,0,18.4,9.2,3.0,35.0,0.5,0.6,17.3,10.9,0,0,6.7,0.13,44.9,3.47,3.0,0.0,0.0,0,0,0,0,0,0,0,0,0,0,0,0,0,0,0,0,0,0,0,0,0,0,0,0
91,47.25,-114.75,0,CONUS_47.25_-114.75,USA,321.5,0,18.1,9.2,3.0,35.0,0.5,0.6,17.0,10.9,0,0,6.1,0.12,40.8,3.15,3.0,0.0,0.0,0,0,0,0,0,0,0,0,0,0,0,0,0,0,0,0,0,0,0,0,0,0,0,0
92,47.25,-114.25,0,CONUS_47.25_-114.25,USA,322.4,0,18.1,9.2,3.0,35.0,0.5,0.6,17.0,10.9,0,0,6.2,0.12,42.1,3.24,3.0,0.0,0.0,0,0,0,0,0,0,0,0,0,0,0,0,0,0,0,0,0,0,0,0,0,0,0,0
93,47.25,-113.75,0,CONUS_47.25_-113.75,USA,330.7,0,18.1,9.2,3.0,35.0,0.5,0.6,17.0,10.9,0,0,6.1,0.12,41.2,3.18,3.0,0.0,0.0,0,0,0,0,0,0,0,0,0,0,0,0,0,0,0,0,0,0,0,0,0,0,0,0
94,47.25,-113.25,0,CONUS_47.25_-113.25,USA,341.2,0,18.1,9.2,3.0,35.0,0.5,0.6,17.0,10.9,0,0,7.1,0.14,48.0,3.7,3.0,0.0,0.0,0,0,0,0,0,0,0,0,0,0,0,0,0,0,0,0,0,0,0,0,0,0,0,0
95,47.25,-112.75,0,CONUS_47.25_-112.75,USA,283.8,0,18.1,9.2,3.0,35.0,0.5,0.6,17.0,10.9,0,0,6.5,0.13,43.7,3.37,3.0,0.0,0.0,0,0,0,0,0,0,0,0,0,0,0,0,0,0,0,0,0,0,0,0,0,0,0,0
96,47.25,-95.75,0,CONUS_47.25_-95.75,USA,39.9,0,18.5,10.6,3.0,35.0,0.5,0.6,17.4,10.9,0,0,10.3,0.21,69.6,5.37,3.0,0.0,0.0,0,0,0,0,0,0,0,0,0,0,0,0,0,0,0,0,0,0,0,0,0,0,0,0
97,47.25,-95.25,0,CONUS_47.25_-95.25,USA,28.9,0,18.5,10.6,3.0,35.0,0.5,0.6,17.4,10.9,0,0,13.2,0.26,89.0,6.87,3.0,0.0,0.0,0,0,0,0,0,0,0,0,0,0,0,0,0,0,0,0,0,0,0,0,0,0,0,0
98,47.25,-94.75,0,CONUS_47.25_-94.75,USA,26.4,0,18.5,10.6,3.0,35.0,0.5,0.6,17.4,10.9,0,0,25.0,0.5,168.5,13.0,3.0,0.0,0.0,0,0,0,0,0,0,0,0,0,0,0,0,0,0,0,0,0,0,0,0,0,0,0,0
99,47.25,-94.25,0,CONUS_47.25_-94.25,USA,10.2,0,18.5,10.6,3.0,35.0,0.5,0.6,17.4,10.9,0,0,25.0,0.5,168.5,13.0,3.0,0.0,0.0,0,0,0,0,0,0,0,0,0,0,0,0,0,0,0,0,0,0,0,0,0,0,0,0
100,47.25,-93.75,0,CONUS_47.25_-93.75,USA,17.3,0,13.3,6.6,3.0,35.0,0.5,0.6,12.5,10.9,0,0,11.0,0.22,74.2,5.72,3.0,0.0,0.0,0,0,0,0,0,0,0,0,0,0,0,0,0,0,0,0,0,0,0,0,0,0,0,0
101,47.25,-93.25,0,CONUS_47.25_-93.25,USA,22.5,0,13.3,6.6,3.0,35.0,0.5,0.6,12.5,10.9,0,0,5.4,0.11,36.1,2.79,3.0,0.0,0.0,0,0,0,0,0,0,0,0,0,0,0,0,0,0,0,0,0,0,0,0,0,0,0,0
102,47.25,-92.75,0,CONUS_47.25_-92.75,USA,22.7,0,28.8,17.2,3.0,35.0,0.5,0.6,27.0,10.9,0,0,7.6,0.15,51.5,3.97,3.0,0.0,0.0,0,0,0,0,0,0,0,0,0,0,0,0,0,0,0,0,0,0,0,0,0,0,0,0
103,47.25,-92.25,0,CONUS_47.25_-92.25,USA,25.3,0,17.1,6.9,3.0,35.0,0.5,0.6,16.1,10.9,0,0,6.6,0.13,44.6,3.44,3.0,0.0,0.0,0,0,0,0,0,0,0,0,0,0,0,0,0,0,0,0,0,0,0,0,0,0,0,0
104,47.25,-91.75,0,CONUS_47.25_-91.75,USA,98.5,0,17.1,6.9,3.0,35.0,0.5,0.6,16.1,10.9,0,0,5.2,0.1,35.2,2.72,3.0,0.0,0.0,0,0,0,0,0,0,0,0,0,0,0,0,0,0,0,0,0,0,0,0,0,0,0,0
105,47.25,-91.25,0,CONUS_47.25_-91.25,USA,136.8,0,13.3,6.6,3.0,35.0,0.5,0.6,12.5,10.9,0,0,5.8,0.12,39.2,3.02,3.0,0.0,0.0,0,0,0,0,0,0,0,0,0,0,0,0,0,0,0,0,0,0,0,0,0,0,0,0
106,47.25,-90.75,0,CONUS_47.25_-90.75,USA,3.7,0,14.1,8.0,3.0,35.0,0.5,0.6,13.2,10.9,0,0,13.2,0.26,88.8,6.85,3.0,0.0,0.0,0,0,0,0,0,0,0,0,0,0,0,0,0,0,0,0,0,0,0,0,0,0,0,0
107,47.25,-90.25,0,CONUS_47.25_-90.25,USA,3.3,0,23.6,12.6,3.0,35.0,0.5,0.6,22.2,10.9,0,0,19.9,0.4,134.1,10.35,3.0,0.0,0.0,0,0,0,0,0,0,0,0,0,0,0,0,0,0,0,0,0,0,0,0,0,0,0,0
108,47.25,-88.75,0,CONUS_47.25_-88.75,USA,56.7,0,18.2,10.5,3.0,35.0,0.5,0.6,17.1,10.9,0,0,18.6,0.37,125.3,9.67,3.0,0.0,0.0,0,0,0,0,0,0,0,0,0,0,0,0,0,0,0,0,0,0,0,0,0,0,0,0
109,47.25,-88.25,0,CONUS_47.25_-88.25,USA,60.5,0,18.2,10.5,3.0,35.0,0.5,0.6,17.1,10.9,0,0,14.6,0.29,98.5,7.6,3.0,0.0,0.0,0,0,0,0,0,0,0,0,0,0,0,0,0,0,0,0,0,0,0,0,0,0,0,0
110,47.25,-87.75,0,CONUS_47.25_-87.75,USA,25.7,0,14.1,8.0,3.0,35.0,0.5,0.6,13.2,10.9,0,0,25.0,0.5,168.5,13.0,3.0,0.0,0.0,0,0,0,0,0,0,0,0,0,0,0,0,0,0,0,0,0,0,0,0,0,0,0,0
111,47.25,-85.75,0,CONUS_47.25_-85.75,USA,0.0,0,13.3,6.6,3.0,35.0,0.5,0.6,12.5,10.9,0,0,10.9,0.22,73.6,5.68,3.0,0.0,0.0,0,0,0,0,0,0,0,0,0,0,0,0,0,0,0,0,0,0,0,0,0,0,0,0
112,47.25,-69.25,0,CONUS_47.25_-69.25,USA,82.8,0,21.4,10.7,3.0,35.0,0.5,0.6,20.1,10.9,0,0,19.9,0.4,134.2,10.35,3.0,0.0,0.0,0,0,0,0,0,0,0,0,0,0,0,0,0,0,0,0,0,0,0,0,0,0,0,0
113,47.25,-68.25,0,CONUS_47.25_-68.25,USA,55.9,0,21.4,10.7,3.0,35.0,0.5,0.6,20.1,10.9,0,0,17.3,0.35,116.8,9.01,3.0,0.0,0.0,0,0,0,0,0,0,0,0,0,0,0,0,0,0,0,0,0,0,0,0,0,0,0,0
114,46.75,-123.75,0,CONUS_46.75_-123.75,USA,83.3,0,16.1,7.7,3.0,35.0,0.5,0.6,15.1,10.9,0,0,5.5,0.11,37.1,2.86,3.0,0.0,0.0,0,0,0,0,0,0,0,0,0,0,0,0,0,0,0,0,0,0,0,0,0,0,0,0
115,46.75,-123.25,0,CONUS_46.75_-123.25,USA,125.9,0,16.1,7.7,3.0,35.0,0.5,0.6,15.1,10.9,0,0,5.9,0.12,39.9,3.08,3.0,0.0,0.0,0,0,0,0,0,0,0,0,0,0,0,0,0,0,0,0,0,0,0,0,0,0,0,0
116,46.75,-122.75,0,CONUS_46.75_-122.75,USA,147.5,0,19.0,10.1,3.0,35.0,0.5,0.6,17.8,10.9,0,0,6.7,0.13,45.4,3.5,3.0,0.0,0.0,0,0,0,0,0,0,0,0,0,0,0,0,0,0,0,0,0,0,0,0,0,0,0,0
117,46.75,-122.25,0,CONUS_46.75_-122.25,USA,284.0,0,19.0,10.1,3.0,35.0,0.5,0.6,17.8,10.9,0,0,7.6,0.15,51.5,3.97,3.0,0.0,0.0,0,0,0,0,0,0,0,0,0,0,0,0,0,0,0,0,0,0,0,0,0,0,0,0
118,46.75,-121.75,0,CONUS_46.75_-121.75,USA,551.6,0,17.2,8.7,3.0,35.0,0.5,0.6,16.1,10.9,0,0,8.3,0.17,55.8,4.31,3.0,0.0,0.0,0,0,0,0,0,0,0,0,0,0,0,0,0,0,0,0,0,0,0,0,0,0,0,0
119,46.75,-121.25,0,CONUS_46.75_-121.25,USA,292.4,0,16.1,7.7,3.0,35.0,0.5,0.6,15.1,10.9,0,0,6.4,0.13,43.3,3.34,3.0,0.0,0.0,0,0,0,0,0,0,0,0,0,0,0,0,0,0,0,0,0,0,0,0,0,0,0,0
120,46.75,-116.75,0,CONUS_46.75_-116.75,USA,154.5,0,5.1,1.8,3.0,35.0,0.5,0.6,4.8,10.9,0,0,4.7,0.09,31.8,2.46,3.0,0.0,0.0,0,0,0,0,0,0,0,0,0,0,0,0,0,0,0,0,0,0,0,0,0,0,0,0
121,46.75,-116.25,0,CONUS_46.75_-116.25,USA,208.9,0,18.6,9.2,3.0,35.0,0.5,0.6,17.5,10.9,0,0,5.0,0.1,34.0,2.62,3.0,0.0,0.0,0,0,0,0,0,0,0,0,0,0,0,0,0,0,0,0,0,0,0,0,0,0,0,0
122,46.75,-115.75,0,CONUS_46.75_-115.75,USA,278.5,0,5.1,1.8,3.0,35.0,0.5,0.6,4.8,10.9,0,0,5.1,0.1,34.3,2.64,3.0,0.0,0.0,0,0,0,0,0,0,0,0,0,0,0,0,0,0,0,0,0,0,0,0,0,0,0,0
123,46.75,-115.25,0,CONUS_46.75_-115.25,USA,261.5,0,18.4,9.2,3.0,35.0,0.5,0.6,17.3,10.9,0,0,6.4,0.13,43.3,3.34,3.0,0.0,0.0,0,0,0,0,0,0,0,0,0,0,0,0,0,0,0,0,0,0,0,0,0,0,0,0
124,46.75,-114.75,0,CONUS_46.75_-114.75,USA,261.0,0,18.1,9.2,3.0,35.0,0.5,0.6,17.0,10.9,0,0,6.5,0.13,43.9,3.39,3.0,0.0,0.0,0,0,0,0,0,0,0,0,0,0,0,0,0,0,0,0,0,0,0,0,0,0,0,0
125,46.75,-114.25,0,CONUS_46.75_-114.25,USA,421.8,0,18.4,9.2,3.0,35.0,0.5,0.6,17.3,10.9,0,0,6.6,0.13,44.1,3.41,3.0,0.0,0.0,0,0,0,0,0,0,0,0,0,0,0,0,0,0,0,0,0,0,0,0,0,0,0,0
126,46.75,-113.75,0,CONUS_46.75_-113.75,USA,293.0,0,18.1,9.2,3.0,35.0,0.5,0.6,17.0,10.9,0,0,6.5,0.13,43.5,3.36,3.0,0.0,0.0,0,0,0,0,0,0,0,0,0,0,0,0,0,0,0,0,0,0,0,0,0,0,0,0
127,46.75,-113.25,0,CONUS_46.75_-113.25,USA,229.3,0,18.1,9.2,3.0,35.0,0.5,0.6,17.0,10.9,0,0,6.3,0.13,42.7,3.29,3.0,0.0,0.0,0,0,0,0,0,0,0,0,0,0,0,0,0,0,0,0,0,0,0,0,0,0,0,0
128,46.75,-112.75,0,CONUS_46.75_-112.75,USA,225.8,0,18.1,9.2,3.0,35.0,0.5,0.6,17.0,10.9,0,0,6.1,0.12,41.0,3.16,3.0,0.0,0.0,0,0,0,0,0,0,0,0,0,0,0,0,0,0,0,0,0,0,0,0,0,0,0,0
129,46.75,-112.25,0,CONUS_46.75_-112.25,USA,238.1,0,17.4,8.2,3.0,35.0,0.5,0.6,16.4,10.9,0,0,6.0,0.12,40.2,3.1,3.0,0.0,0.0,0,0,0,0,0,0,0,0,0,0,0,0,0,0,0,0,0,0,0,0,0,0,0,0
130,46.75,-111.75,0,CONUS_46.75_-111.75,USA,274.6,0,17.4,8.2,3.0,35.0,0.5,0.6,16.4,10.9,0,0,4.7,0.09,31.8,2.45,3.0,0.0,0.0,0,0,0,0,0,0,0,0,0,0,0,0,0,0,0,0,0,0,0,0,0,0,0,0
131,46.75,-111.25,0,CONUS_46.75_-111.25,USA,219.3,0,17.4,8.2,3.0,35.0,0.5,0.6,16.4,10.9,0,0,5.5,0.11,37.1,2.86,3.0,0.0,0.0,0,0,0,0,0,0,0,0,0,0,0,0,0,0,0,0,0,0,0,0,0,0,0,0
132,46.75,-110.75,0,CONUS_46.75_-110.75,USA,241.4,0,17.4,8.2,3.0,35.0,0.5,0.6,16.4,10.9,0,0,5.6,0.11,37.4,2.89,3.0,0.0,0.0,0,0,0,0,0,0,0,0,0,0,0,0,0,0,0,0,0,0,0,0,0,0,0,0
133,46.75,-110.25,0,CONUS_46.75_-110.25,USA,250.8,0,17.4,8.2,3.0,35.0,0.5,0.6,16.4,10.9,0,0,5.6,0.11,37.8,2.92,3.0,0.0,0.0,0,0,0,0,0,0,0,0,0,0,0,0,0,0,0,0,0,0,0,0,0,0,0,0
134,46.75,-109.25,0,CONUS_46.75_-109.25,USA,270.1,0,17.4,8.2,3.0,35.0,0.5,0.6,16.4,10.9,0,0,5.7,0.11,38.4,2.96,3.0,0.0,0.0,0,0,0,0,0,0,0,0,0,0,0,0,0,0,0,0,0,0,0,0,0,0,0,0
135,46.75,-96.75,0,CONUS_46.75_-96.75,USA,7.5,0,13.3,6.6,3.0,35.0,0.5,0.6,12.5,10.9,0,0,7.5,0.15,50.3,3.88,3.0,0.0,0.0,0,0,0,0,0,0,0,0,0,0,0,0,0,0,0,0,0,0,0,0,0,0,0,0
136,46.75,-95.75,0,CONUS_46.75_-95.75,USA,21.9,0,14.1,8.0,3.0,35.0,0.5,0.6,13.2,10.9,0,0,10.1,0.2,67.8,5.23,3.0,0.0,0.0,0,0,0,0,0,0,0,0,0,0,0,0,0,0,0,0,0,0,0,0,0,0,0,0
137,46.75,-95.25,0,CONUS_46.75_-95.25,USA,22.8,0,14.1,8.0,3.0,35.0,0.5,0.6,13.2,10.9,0,0,19.4,0.39,130.7,10.09,3.0,0.0,0.0,0,0,0,0,0,0,0,0,0,0,0,0,0,0,0,0,0,0,0,0,0,0,0,0
138,46.75,-94.75,0,CONUS_46.75_-94.75,USA,16.0,0,14.0,8.0,3.0,35.0,0.5,0.6,13.2,10.9,0,0,7.2,0.14,48.4,3.73,3.0,0.0,0.0,0,0,0,0,0,0,0,0,0,0,0,0,0,0,0,0,0,0,0,0,0,0,0,0
139,46.75,-94.25,0,CONUS_46.75_-94.25,USA,21.3,0,12.3,6.5,3.0,35.0,0.5,0.6,11.6,10.9,0,0,6.0,0.12,40.6,3.13,3.0,0.0,0.0,0,0,0,0,0,0,0,0,0,0,0,0,0,0,0,0,0,0,0,0,0,0,0,0
140,46.75,-93.75,0,CONUS_46.75_-93.75,USA,17.2,0,12.3,6.5,3.0,35.0,0.5,0.6,11.6,10.9,0,0,6.2,0.12,41.9,3.23,3.0,0.0,0.0,0,0,0,0,0,0,0,0,0,0,0,0,0,0,0,0,0,0,0,0,0,0,0,0
141,46.75,-93.25,0,CONUS_46.75_-93.25,USA,9.8,0,17.1,6.9,3.0,35.0,0.5,0.6,16.1,10.9,0,0,4.4,0.09,29.7,2.29,3.0,0.0,0.0,0,0,0,0,0,0,0,0,0,0,0,0,0,0,0,0,0,0,0,0,0,0,0,0
142,46.75,-92.75,0,CONUS_46.75_-92.75,USA,18.6,0,17.1,6.9,3.0,35.0,0.5,0.6,16.1,10.9,0,0,3.9,0.08,26.3,2.03,3.0,0.0,0.0,0,0,0,0,0,0,0,0,0,0,0,0,0,0,0,0,0,0,0,0,0,0,0,0
143,46.75,-92.25,0,CONUS_46.75_-92.25,USA,88.3,0,17.1,6.9,3.0,35.0,0.5,0.6,16.1,10.9,0,0,3.9,0.08,26.5,2.04,3.0,0.0,0.0,0,0,0,0,0,0,0,0,0,0,0,0,0,0,0,0,0,0,0,0,0,0,0,0
144,46.75,-91.75,0,CONUS_46.75_-91.75,USA,69.9,0,17.1,6.9,3.0,35.0,0.5,0.6,16.1,10.9,0,0,4.6,0.09,31.1,2.4,3.0,0.0,0.0,0,0,0,0,0,0,0,0,0,0,0,0,0,0,0,0,0,0,0,0,0,0,0,0
145,46.75,-91.25,0,CONUS_46.75_-91.25,USA,79.8,0,17.1,6.9,3.0,35.0,0.5,0.6,16.1,10.9,0,0,4.8,0.1,32.0,2.47,3.0,0.0,0.0,0,0,0,0,0,0,0,0,0,0,0,0,0,0,0,0,0,0,0,0,0,0,0,0
146,46.75,-90.75,0,CONUS_46.75_-90.75,USA,47.3,0,13.3,6.6,3.0,35.0,0.5,0.6,12.5,10.9,0,0,5.5,0.11,37.0,2.86,3.0,0.0,0.0,0,0,0,0,0,0,0,0,0,0,0,0,0,0,0,0,0,0,0,0,0,0,0,0
147,46.75,-90.25,0,CONUS_46.75_-90.25,USA,72.7,0,14.0,8.0,3.0,35.0,0.5,0.6,13.2,10.9,0,0,6.7,0.13,45.3,3.49,3.0,0.0,0.0,0,0,0,0,0,0,0,0,0,0,0,0,0,0,0,0,0,0,0,0,0,0,0,0
148,46.75,-89.75,0,CONUS_46.75_-89.75,USA,109.0,0,14.1,8.0,3.0,35.0,0.5,0.6,13.2,10.9,0,0,12.1,0.24,81.6,6.29,3.0,0.0,0.0,0,0,0,0,0,0,0,0,0,0,0,0,0,0,0,0,0,0,0,0,0,0,0,0
149,46.75,-89.25,0,CONUS_46.75_-89.25,USA,73.1,0,14.1,8.0,3.0,35.0,0.5,0.6,13.2,10.9,0,0,25.0,0.5,168.5,13.0,3.0,0.0,0.0,0,0,0,0,0,0,0,0,0,0,0,0,0,0,0,0,0,0,0,0,0,0,0,0
150,46.75,-88.75,0,CONUS_46.75_-88.75,USA,71.8,0,14.1,8.0,3.0,35.0,0.5,0.6,13.2,10.9,0,0,13.9,0.28,93.6,7.22,3.0,0.0,0.0,0,0,0,0,0,0,0,0,0,0,0,0,0,0,0,0,0,0,0,0,0,0,0,0
151,46.75,-88.25,0,CONUS_46.75_-88.25,USA,149.1,0,18.2,10.6,3.0,35.0,0.5,0.6,17.1,10.9,0,0,25.0,0.5,168.5,13.0,3.0,0.0,0.0,0,0,0,0,0,0,0,0,0,0,0,0,0,0,0,0,0,0,0,0,0,0,0,0
152,46.75,-87.75,0,CONUS_46.75_-87.75,USA,134.3,0,18.2,10.5,3.0,35.0,0.5,0.6,17.1,10.9,0,0,21.4,0.43,144.2,11.12,3.0,0.0,0.0,0,0,0,0,0,0,0,0,0,0,0,0,0,0,0,0,0,0,0,0,0,0,0,0
153,46.75,-87.25,0,CONUS_46.75_-87.25,USA,25.5,0,14.1,8.0,3.0,35.0,0.5,0.6,13.2,10.9,0,0,25.0,0.5,168.5,13.0,3.0,0.0,0.0,0,0,0,0,0,0,0,0,0,0,0,0,0,0,0,0,0,0,0,0,0,0,0,0
154,46.75,-86.75,0,CONUS_46.75_-86.75,USA,7.9,0,18.1,9.6,3.0,35.0,0.5,0.6,17.0,10.9,0,0,22.6,0.45,152.0,11.73,3.0,0.0,0.0,0,0,0,0,0,0,0,0,0,0,0,0,0,0,0,0,0,0,0,0,0,0,0,0
155,46.75,-86.25,0,CONUS_46.75_-86.25,USA,37.3,0,18.1,9.6,3.0,35.0,0.5,0.6,17.0,10.9,0,0,15.1,0.3,101.9,7.86,3.0,0.0,0.0,0,0,0,0,0,0,0,0,0,0,0,0,0,0,0,0,0,0,0,0,0,0,0,0
156,46.75,-85.75,0,CONUS_46.75_-85.75,USA,35.7,0,13.4,6.6,3.0,35.0,0.5,0.6,12.5,10.9,0,0,16.4,0.33,110.4,8.51,3.0,0.0,0.0,0,0,0,0,0,0,0,0,0,0,0,0,0,0,0,0,0,0,0,0,0,0,0,0
157,46.75,-85.25,0,CONUS_46.75_-85.25,USA,24.8,0,13.3,6.6,3.0,35.0,0.5,0.6,12.5,10.9,0,0,10.8,0.22,73.1,5.64,3.0,0.0,0.0,0,0,0,0,0,0,0,0,0,0,0,0,0,0,0,0,0,0,0,0,0,0,0,0
158,46.75,-69.75,0,CONUS_46.75_-69.75,USA,43.8,0,21.4,10.7,3.0,35.0,0.5,0.6,20.1,10.9,0,0,18.0,0.36,121.6,9.38,3.0,0.0,0.0,0,0,0,0,0,0,0,0,0,0,0,0,0,0,0,0,0,0,0,0,0,0,0,0
159,46.75,-69.25,0,CONUS_46.75_-69.25,USA,59.1,0,21.4,10.7,3.0,35.0,0.5,0.6,20.1,10.9,0,0,18.2,0.36,122.4,9.44,3.0,0.0,0.0,0,0,0,0,0,0,0,0,0,0,0,0,0,0,0,0,0,0,0,0,0,0,0,0
160,46.75,-68.75,0,CONUS_46.75_-68.75,USA,78.1,0,21.4,10.7,3.0,35.0,0.5,0.6,20.1,10.9,0,0,18.4,0.37,123.9,9.56,3.0,0.0,0.0,0,0,0,0,0,0,0,0,0,0,0,0,0,0,0,0,0,0,0,0,0,0,0,0
161,46.75,-68.25,0,CONUS_46.75_-68.25,USA,35.5,0,21.4,10.7,3.0,35.0,0.5,0.6,20.1,10.9,0,0,25.0,0.5,168.5,13.0,3.0,0.0,0.0,0,0,0,0,0,0,0,0,0,0,0,0,0,0,0,0,0,0,0,0,0,0,0,0
162,46.25,-123.25,0,CONUS_46.25_-123.25,USA,179.1,0,16.1,7.7,3.0,35.0,0.5,0.6,15.1,10.9,0,0,5.9,0.12,39.7,3.06,3.0,0.0,0.0,0,0,0,0,0,0,0,0,0,0,0,0,0,0,0,0,0,0,0,0,0,0,0,0
163,46.25,-122.75,0,CONUS_46.25_-122.75,USA,176.5,0,16.1,7.7,3.0,35.0,0.5,0.6,15.1,10.9,0,0,5.9,0.12,39.6,3.05,3.0,0.0,0.0,0,0,0,0,0,0,0,0,0,0,0,0,0,0,0,0,0,0,0,0,0,0,0,0
164,46.25,-122.25,0,CONUS_46.25_-122.25,USA,333.5,0,16.1,7.7,3.0,35.0,0.5,0.6,15.1,10.9,0,0,6.7,0.13,45.3,3.49,3.0,0.0,0.0,0,0,0,0,0,0,0,0,0,0,0,0,0,0,0,0,0,0,0,0,0,0,0,0
165,46.25,-121.75,0,CONUS_46.25_-121.75,USA,342.4,0,16.1,7.7,3.0,35.0,0.5,0.6,15.1,10.9,0,0,6.2,0.12,42.1,3.25,3.0,0.0,0.0,0,0,0,0,0,0,0,0,0,0,0,0,0,0,0,0,0,0,0,0,0,0,0,0
166,46.25,-121.25,0,CONUS_46.25_-121.25,USA,396.8,0,16.1,7.7,3.0,35.0,0.5,0.6,15.1,10.9,0,0,4.9,0.1,32.8,2.53,3.0,0.0,0.0,0,0,0,0,0,0,0,0,0,0,0,0,0,0,0,0,0,0,0,0,0,0,0,0
167,46.25,-120.75,0,CONUS_46.25_-120.75,USA,345.6,0,16.1,7.7,3.0,35.0,0.5,0.6,15.1,10.9,0,0,6.2,0.12,41.6,3.21,3.0,0.0,0.0,0,0,0,0,0,0,0,0,0,0,0,0,0,0,0,0,0,0,0,0,0,0,0,0
168,46.25,-117.75,0,CONUS_46.25_-117.75,USA,368.0,0,18.6,9.2,3.0,35.0,0.5,0.6,17.5,10.9,0,0,5.1,0.1,34.1,2.63,3.0,0.0,0.0,0,0,0,0,0,0,0,0,0,0,0,0,0,0,0,0,0,0,0,0,0,0,0,0
169,46.25,-115.75,0,CONUS_46.25_-115.75,USA,280.3,0,18.6,9.2,3.0,35.0,0.5,0.6,17.5,10.9,0,0,5.6,0.11,37.7,2.91,3.0,0.0,0.0,0,0,0,0,0,0,0,0,0,0,0,0,0,0,0,0,0,0,0,0,0,0,0,0
170,46.25,-115.25,0,CONUS_46.25_-115.25,USA,363.0,0,18.4,9.2,3.0,35.0,0.5,0.6,17.3,10.9,0,0,6.0,0.12,40.5,3.12,3.0,0.0,0.0,0,0,0,0,0,0,0,0,0,0,0,0,0,0,0,0,0,0,0,0,0,0,0,0
171,46.25,-114.75,0,CONUS_46.25_-114.75,USA,338.2,0,18.1,9.2,3.0,35.0,0.5,0.6,17.0,10.9,0,0,6.1,0.12,41.1,3.17,3.0,0.0,0.0,0,0,0,0,0,0,0,0,0,0,0,0,0,0,0,0,0,0,0,0,0,0,0,0
172,46.25,-114.25,0,CONUS_46.25_-114.25,USA,451.3,0,18.1,9.2,3.0,35.0,0.5,0.6,17.0,10.9,0,0,5.9,0.12,39.7,3.06,3.0,0.0,0.0,0,0,0,0,0,0,0,0,0,0,0,0,0,0,0,0,0,0,0,0,0,0,0,0
173,46.25,-113.75,0,CONUS_46.25_-113.75,USA,262.9,0,18.1,9.2,3.0,35.0,0.5,0.6,17.0,10.9,0,0,5.9,0.12,40.1,3.09,3.0,0.0,0.0,0,0,0,0,0,0,0,0,0,0,0,0,0,0,0,0,0,0,0,0,0,0,0,0
174,46.25,-113.25,0,CONUS_46.25_-113.25,USA,329.1,0,18.1,9.2,3.0,35.0,0.5,0.6,17.0,10.9,0,0,6.1,0.12,41.0,3.16,3.0,0.0,0.0,0,0,0,0,0,0,0,0,0,0,0,0,0,0,0,0,0,0,0,0,0,0,0,0
175,46.25,-112.75,0,CONUS_46.25_-112.75,USA,271.1,0,17.4,8.2,3.0,35.0,0.5,0.6,16.4,10.9,0,0,5.6,0.11,37.8,2.91,3.0,0.0,0.0,0,0,0,0,0,0,0,0,0,0,0,0,0,0,0,0,0,0,0,0,0,0,0,0
176,46.25,-112.25,0,CONUS_46.25_-112.25,USA,263.7,0,17.4,8.2,3.0,35.0,0.5,0.6,16.4,10.9,0,0,4.9,0.1,33.2,2.56,3.0,0.0,0.0,0,0,0,0,0,0,0,0,0,0,0,0,0,0,0,0,0,0,0,0,0,0,0,0
177,46.25,-111.25,0,CONUS_46.25_-111.25,USA,295.7,0,18.4,9.2,3.0,35.0,0.5,0.6,17.3,10.9,0,0,5.9,0.12,39.7,3.06,3.0,0.0,0.0,0,0,0,0,0,0,0,0,0,0,0,0,0,0,0,0,0,0,0,0,0,0,0,0
178,46.25,-110.25,0,CONUS_46.25_-110.25,USA,384.7,0,17.4,8.2,3.0,35.0,0.5,0.6,16.4,10.9,0,0,5.8,0.12,39.3,3.03,3.0,0.0,0.0,0,0,0,0,0,0,0,0,0,0,0,0,0,0,0,0,0,0,0,0,0,0,0,0
179,46.25,-94.25,0,CONUS_46.25_-94.25,USA,16.1,0,17.1,6.9,3.0,35.0,0.5,0.6,16.1,10.9,0,0,5.7,0.11,38.1,2.94,3.0,0.0,0.0,0,0,0,0,0,0,0,0,0,0,0,0,0,0,0,0,0,0,0,0,0,0,0,0
180,46.25,-93.75,0,CONUS_46.25_-93.75,USA,7.8,0,17.1,6.9,3.0,35.0,0.5,0.6,16.1,10.9,0,0,3.9,0.08,26.4,2.04,3.0,0.0,0.0,0,0,0,0,0,0,0,0,0,0,0,0,0,0,0,0,0,0,0,0,0,0,0,0
181,46.25,-93.25,0,CONUS_46.25_-93.25,USA,24.0,0,17.1,6.9,3.0,35.0,0.5,0.6,16.1,10.9,0,0,3.9,0.08,26.4,2.03,3.0,0.0,0.0,0,0,0,0,0,0,0,0,0,0,0,0,0,0,0,0,0,0,0,0,0,0,0,0
182,46.25,-92.75,0,CONUS_46.25_-92.75,USA,21.0,0,17.1,6.9,3.0,35.0,0.5,0.6,16.1,10.9,0,0,3.8,0.08,25.6,1.98,3.0,0.0,0.0,0,0,0,0,0,0,0,0,0,0,0,0,0,0,0,0,0,0,0,0,0,0,0,0
183,46.25,-92.25,0,CONUS_46.25_-92.25,USA,36.9,0,17.1,6.9,3.0,35.0,0.5,0.6,16.1,10.9,0,0,3.9,0.08,26.0,2.0,3.0,0.0,0.0,0,0,0,0,0,0,0,0,0,0,0,0,0,0,0,0,0,0,0,0,0,0,0,0
184,46.25,-91.75,0,CONUS_46.25_-91.75,USA,24.7,0,17.1,6.9,3.0,35.0,0.5,0.6,16.1,10.9,0,0,3.9,0.08,26.4,2.04,3.0,0.0,0.0,0,0,0,0,0,0,0,0,0,0,0,0,0,0,0,0,0,0,0,0,0,0,0,0
185,46.25,-91.25,0,CONUS_46.25_-91.25,USA,48.1,0,17.1,6.9,3.0,35.0,0.5,0.6,16.1,10.9,0,0,3.9,0.08,26.4,2.04,3.0,0.0,0.0,0,0,0,0,0,0,0,0,0,0,0,0,0,0,0,0,0,0,0,0,0,0,0,0
186,46.25,-90.75,0,CONUS_46.25_-90.75,USA,80.4,0,17.1,6.9,3.0,35.0,0.5,0.6,16.1,10.9,0,0,4.2,0.08,28.6,2.21,3.0,0.0,0.0,0,0,0,0,0,0,0,0,0,0,0,0,0,0,0,0,0,0,0,0,0,0,0,0
187,46.25,-90.25,0,CONUS_46.25_-90.25,USA,35.6,0,13.3,6.6,3.0,35.0,0.5,0.6,12.5,10.9,0,0,5.2,0.1,34.8,2.69,3.0,0.0,0.0,0,0,0,0,0,0,0,0,0,0,0,0,0,0,0,0,0,0,0,0,0,0,0,0
188,46.25,-89.75,0,CONUS_46.25_-89.75,USA,24.8,0,13.3,6.6,3.0,35.0,0.5,0.6,12.5,10.9,0,0,4.9,0.1,33.2,2.56,3.0,0.0,0.0,0,0,0,0,0,0,0,0,0,0,0,0,0,0,0,0,0,0,0,0,0,0,0,0
189,46.25,-89.25,0,CONUS_46.25_-89.25,USA,49.9,0,13.3,6.6,3.0,35.0,0.5,0.6,12.5,10.9,0,0,4.6,0.09,31.2,2.41,3.0,0.0,0.0,0,0,0,0,0,0,0,0,0,0,0,0,0,0,0,0,0,0,0,0,0,0,0,0
190,46.25,-88.75,0,CONUS_46.25_-88.75,USA,31.5,0,13.3,6.6,3.0,35.0,0.5,0.6,12.5,10.9,0,0,4.9,0.1,33.2,2.56,3.0,0.0,0.0,0,0,0,0,0,0,0,0,0,0,0,0,0,0,0,0,0,0,0,0,0,0,0,0
191,46.25,-88.25,0,CONUS_46.25_-88.25,USA,38.8,0,12.3,6.5,3.0,35.0,0.5,0.6,11.6,10.9,0,0,8.2,0.16,55.2,4.26,3.0,0.0,0.0,0,0,0,0,0,0,0,0,0,0,0,0,0,0,0,0,0,0,0,0,0,0,0,0
192,46.25,-87.75,0,CONUS_46.25_-87.75,USA,43.7,0,12.3,6.5,3.0,35.0,0.5,0.6,11.6,10.9,0,0,5.2,0.1,34.9,2.7,3.0,0.0,0.0,0,0,0,0,0,0,0,0,0,0,0,0,0,0,0,0,0,0,0,0,0,0,0,0
193,46.25,-87.25,0,CONUS_46.25_-87.25,USA,43.7,0,12.3,6.5,3.0,35.0,0.5,0.6,11.6,10.9,0,0,8.8,0.18,59.5,4.59,3.0,0.0,0.0,0,0,0,0,0,0,0,0,0,0,0,0,0,0,0,0,0,0,0,0,0,0,0,0
194,46.25,-86.75,0,CONUS_46.25_-86.75,USA,28.6,0,12.3,6.5,3.0,35.0,0.5,0.6,11.6,10.9,0,0,11.6,0.23,78.4,6.05,3.0,0.0,0.0,0,0,0,0,0,0,0,0,0,0,0,0,0,0,0,0,0,0,0,0,0,0,0,0
195,46.25,-86.25,0,CONUS_46.25_-86.25,USA,25.3,0,18.1,9.6,3.0,35.0,0.5,0.6,17.0,10.9,0,0,10.8,0.22,72.7,5.61,3.0,0.0,0.0,0,0,0,0,0,0,0,0,0,0,0,0,0,0,0,0,0,0,0,0,0,0,0,0
196,46.25,-85.75,0,CONUS_46.25_-85.75,USA,25.7,0,13.3,6.6,3.0,35.0,0.5,0.6,12.5,10.9,0,0,7.0,0.14,46.9,3.62,3.0,0.0,0.0,0,0,0,0,0,0,0,0,0,0,0,0,0,0,0,0,0,0,0,0,0,0,0,0
197,46.25,-85.25,0,CONUS_46.25_-85.25,USA,28.7,0,17.1,7.3,3.0,35.0,0.5,0.6,16.1,10.9,0,0,4.7,0.09,31.8,2.45,3.0,0.0,0.0,0,0,0,0,0,0,0,0,0,0,0,0,0,0,0,0,0,0,0,0,0,0,0,0
198,46.25,-84.75,0,CONUS_46.25_-84.75,USA,31.2,0,17.1,7.3,3.0,35.0,0.5,0.6,16.1,10.9,0,0,5.1,0.1,34.1,2.63,3.0,0.0,0.0,0,0,0,0,0,0,0,0,0,0,0,0,0,0,0,0,0,0,0,0,0,0,0,0
199,46.25,-84.25,0,CONUS_46.25_-84.25,USA,20.3,0,13.3,6.6,3.0,35.0,0.5,0.6,12.5,10.9,0,0,5.4,0.11,36.6,2.82,3.0,0.0,0.0,0,0,0,0,0,0,0,0,0,0,0,0,0,0,0,0,0,0,0,0,0,0,0,0
200,46.25,-70.25,0,CONUS_46.25_-70.25,USA,60.2,0,21.4,10.7,3.0,35.0,0.5,0.6,20.1,10.9,0,0,25.0,0.5,168.5,13.0,3.0,0.0,0.0,0,0,0,0,0,0,0,0,0,0,0,0,0,0,0,0,0,0,0,0,0,0,0,0
201,46.25,-69.75,0,CONUS_46.25_-69.75,USA,63.5,0,21.4,10.7,3.0,35.0,0.5,0.6,20.1,10.9,0,0,25.0,0.5,168.5,13.0,3.0,0.0,0.0,0,0,0,0,0,0,0,0,0,0,0,0,0,0,0,0,0,0,0,0,0,0,0,0
202,46.25,-69.25,0,CONUS_46.25_-69.25,USA,49.9,0,21.4,10.7,3.0,35.0,0.5,0.6,20.1,10.9,0,0,25.0,0.5,168.5,13.0,3.0,0.0,0.0,0,0,0,0,0,0,0,0,0,0,0,0,0,0,0,0,0,0,0,0,0,0,0,0
203,46.25,-68.75,0,CONUS_46.25_-68.75,USA,99.4,0,21.4,10.7,3.0,35.0,0.5,0.6,20.1,10.9,0,0,25.0,0.5,168.5,13.0,3.0,0.0,0.0,0,0,0,0,0,0,0,0,0,0,0,0,0,0,0,0,0,0,0,0,0,0,0,0
204,46.25,-68.25,0,CONUS_46.25_-68.25,USA,51.5,0,21.4,10.7,3.0,35.0,0.5,0.6,20.1,10.9,0,0,11.3,0.23,76.0,5.86,3.0,0.0,0.0,0,0,0,0,0,0,0,0,0,0,0,0,0,0,0,0,0,0,0,0,0,0,0,0
205,45.75,-123.75,0,CONUS_45.75_-123.75,USA,185.2,0,19.0,10.1,3.0,35.0,0.5,0.6,17.8,10.9,0,0,6.7,0.13,45.1,3.48,3.0,0.0,0.0,0,0,0,0,0,0,0,0,0,0,0,0,0,0,0,0,0,0,0,0,0,0,0,0
206,45.75,-123.25,0,CONUS_45.75_-123.25,USA,190.3,0,22.2,12.5,3.0,35.0,0.5,0.6,20.9,10.9,0,0,6.0,0.12,40.1,3.1,3.0,0.0,0.0,0,0,0,0,0,0,0,0,0,0,0,0,0,0,0,0,0,0,0,0,0,0,0,0
207,45.75,-122.75,0,CONUS_45.75_-122.75,USA,100.8,0,22.2,12.5,3.0,35.0,0.5,0.6,20.9,10.9,0,0,5.6,0.11,38.0,2.93,3.0,0.0,0.0,0,0,0,0,0,0,0,0,0,0,0,0,0,0,0,0,0,0,0,0,0,0,0,0
208,45.75,-122.25,0,CONUS_45.75_-122.25,USA,303.9,0,22.2,12.5,3.0,35.0,0.5,0.6,20.9,10.9,0,0,5.8,0.12,38.8,2.99,3.0,0.0,0.0,0,0,0,0,0,0,0,0,0,0,0,0,0,0,0,0,0,0,0,0,0,0,0,0
209,45.75,-121.75,0,CONUS_45.75_-121.75,USA,328.0,0,22.2,12.5,3.0,35.0,0.5,0.6,20.9,10.9,0,0,5.7,0.11,38.1,2.94,3.0,0.0,0.0,0,0,0,0,0,0,0,0,0,0,0,0,0,0,0,0,0,0,0,0,0,0,0,0
210,45.75,-121.25,0,CONUS_45.75_-121.25,USA,226.2,0,16.1,7.7,3.0,35.0,0.5,0.6,15.1,10.9,0,0,5.8,0.12,39.3,3.03,3.0,0.0,0.0,0,0,0,0,0,0,0,0,0,0,0,0,0,0,0,0,0,0,0,0,0,0,0,0
211,45.75,-118.25,0,CONUS_45.75_-118.25,USA,352.7,0,25.0,14.9,3.0,35.0,0.5,0.6,23.5,10.9,0,0,25.0,0.5,168.5,13.0,3.0,0.0,0.0,0,0,0,0,0,0,0,0,0,0,0,0,0,0,0,0,0,0,0,0,0,0,0,0
212,45.75,-117.75,0,CONUS_45.75_-117.75,USA,206.3,0,18.6,9.2,3.0,35.0,0.5,0.6,17.5,10.9,0,0,13.7,0.27,92.1,7.1,3.0,0.0,0.0,0,0,0,0,0,0,0,0,0,0,0,0,0,0,0,0,0,0,0,0,0,0,0,0
213,45.75,-117.25,0,CONUS_45.75_-117.25,USA,195.8,0,18.6,9.2,3.0,35.0,0.5,0.6,17.5,10.9,0,0,5.4,0.11,36.2,2.79,3.0,0.0,0.0,0,0,0,0,0,0,0,0,0,0,0,0,0,0,0,0,0,0,0,0,0,0,0,0
214,45.75,-116.75,0,CONUS_45.75_-116.75,USA,353.4,0,18.6,9.2,3.0,35.0,0.5,0.6,17.5,10.9,0,0,5.4,0.11,36.2,2.79,3.0,0.0,0.0,0,0,0,0,0,0,0,0,0,0,0,0,0,0,0,0,0,0,0,0,0,0,0,0
215,45.75,-116.25,0,CONUS_45.75_-116.25,USA,367.2,0,18.6,9.2,3.0,35.0,0.5,0.6,17.5,10.9,0,0,6.3,0.13,42.5,3.28,3.0,0.0,0.0,0,0,0,0,0,0,0,0,0,0,0,0,0,0,0,0,0,0,0,0,0,0,0,0
216,45.75,-115.75,0,CONUS_45.75_-115.75,USA,380.2,0,18.6,9.2,3.0,35.0,0.5,0.6,17.5,10.9,0,0,5.7,0.11,38.5,2.97,3.0,0.0,0.0,0,0,0,0,0,0,0,0,0,0,0,0,0,0,0,0,0,0,0,0,0,0,0,0
217,45.75,-115.25,0,CONUS_45.75_-115.25,USA,295.1,0,18.4,9.2,3.0,35.0,0.5,0.6,17.3,10.9,0,0,5.8,0.12,39.2,3.03,3.0,0.0,0.0,0,0,0,0,0,0,0,0,0,0,0,0,0,0,0,0,0,0,0,0,0,0,0,0
218,45.75,-114.75,0,CONUS_45.75_-114.75,USA,336.3,0,18.1,9.2,3.0,35.0,0.5,0.6,17.0,10.9,0,0,5.6,0.11,37.4,2.89,3.0,0.0,0.0,0,0,0,0,0,0,0,0,0,0,0,0,0,0,0,0,0,0,0,0,0,0,0,0
219,45.75,-114.25,0,CONUS_45.75_-114.25,USA,327.2,0,5.1,1.8,3.0,35.0,0.5,0.6,4.8,10.9,0,0,4.4,0.09,29.9,2.31,3.0,0.0,0.0,0,0,0,0,0,0,0,0,0,0,0,0,0,0,0,0,0,0,0,0,0,0,0,0
220,45.75,-113.75,0,CONUS_45.75_-113.75,USA,256.2,0,18.9,8.8,3.0,35.0,0.5,0.6,17.7,10.9,0,0,5.6,0.11,37.8,2.92,3.0,0.0,0.0,0,0,0,0,0,0,0,0,0,0,0,0,0,0,0,0,0,0,0,0,0,0,0,0
221,45.75,-113.25,0,CONUS_45.75_-113.25,USA,259.2,0,18.1,9.2,3.0,35.0,0.5,0.6,17.0,10.9,0,0,5.9,0.12,39.9,3.08,3.0,0.0,0.0,0,0,0,0,0,0,0,0,0,0,0,0,0,0,0,0,0,0,0,0,0,0,0,0
222,45.75,-112.75,0,CONUS_45.75_-112.75,USA,309.5,0,18.4,9.2,3.0,35.0,0.5,0.6,17.3,10.9,0,0,6.5,0.13,44.1,3.4,3.0,0.0,0.0,0,0,0,0,0,0,0,0,0,0,0,0,0,0,0,0,0,0,0,0,0,0,0,0
223,45.75,-112.25,0,CONUS_45.75_-112.25,USA,414.5,0,19.5,9.2,3.0,35.0,0.5,0.6,18.3,10.9,0,0,5.9,0.12,39.8,3.07,3.0,0.0,0.0,0,0,0,0,0,0,0,0,0,0,0,0,0,0,0,0,0,0,0,0,0,0,0,0
224,45.75,-110.75,0,CONUS_45.75_-110.75,USA,267.6,0,19.5,9.2,3.0,35.0,0.5,0.6,18.3,10.9,0,0,5.3,0.11,35.5,2.74,3.0,0.0,0.0,0,0,0,0,0,0,0,0,0,0,0,0,0,0,0,0,0,0,0,0,0,0,0,0
225,45.75,-94.75,0,CONUS_45.75_-94.75,USA,18.2,0,19.3,9.2,3.0,35.0,0.5,0.6,18.1,10.9,0,0,5.2,0.1,34.9,2.7,3.0,0.0,0.0,0,0,0,0,0,0,0,0,0,0,0,0,0,0,0,0,0,0,0,0,0,0,0,0
226,45.75,-94.25,0,CONUS_45.75_-94.25,USA,19.5,0,19.3,9.2,3.0,35.0,0.5,0.6,18.1,10.9,0,0,5.1,0.1,34.5,2.66,3.0,0.0,0.0,0,0,0,0,0,0,0,0,0,0,0,0,0,0,0,0,0,0,0,0,0,0,0,0
227,45.75,-93.75,0,CONUS_45.75_-93.75,USA,33.1,0,19.3,9.2,3.0,35.0,0.5,0.6,18.1,10.9,0,0,5.0,0.1,33.7,2.6,3.0,0.0,0.0,0,0,0,0,0,0,0,0,0,0,0,0,0,0,0,0,0,0,0,0,0,0,0,0
228,45.75,-92.75,0,CONUS_45.75_-92.75,USA,24.2,0,5.1,1.8,3.0,35.0,0.5,0.6,4.8,10.9,0,0,3.7,0.07,24.7,1.91,3.0,0.0,0.0,0,0,0,0,0,0,0,0,0,0,0,0,0,0,0,0,0,0,0,0,0,0,0,0
229,45.75,-92.25,0,CONUS_45.75_-92.25,USA,38.7,0,17.1,6.9,3.0,35.0,0.5,0.6,16.1,10.9,0,0,3.8,0.08,25.7,1.98,3.0,0.0,0.0,0,0,0,0,0,0,0,0,0,0,0,0,0,0,0,0,0,0,0,0,0,0,0,0
230,45.75,-91.75,0,CONUS_45.75_-91.75,USA,30.2,0,17.1,6.9,3.0,35.0,0.5,0.6,16.1,10.9,0,0,3.9,0.08,26.4,2.04,3.0,0.0,0.0,0,0,0,0,0,0,0,0,0,0,0,0,0,0,0,0,0,0,0,0,0,0,0,0
231,45.75,-91.25,0,CONUS_45.75_-91.25,USA,38.2,0,17.1,6.9,3.0,35.0,0.5,0.6,16.1,10.9,0,0,3.9,0.08,26.4,2.04,3.0,0.0,0.0,0,0,0,0,0,0,0,0,0,0,0,0,0,0,0,0,0,0,0,0,0,0,0,0
232,45.75,-90.75,0,CONUS_45.75_-90.75,USA,22.5,0,17.1,6.9,3.0,35.0,0.5,0.6,16.1,10.9,0,0,3.9,0.08,26.4,2.04,3.0,0.0,0.0,0,0,0,0,0,0,0,0,0,0,0,0,0,0,0,0,0,0,0,0,0,0,0,0
233,45.75,-90.25,0,CONUS_45.75_-90.25,USA,20.4,0,17.1,6.9,3.0,35.0,0.5,0.6,16.1,10.9,0,0,4.0,0.08,26.8,2.06,3.0,0.0,0.0,0,0,0,0,0,0,0,0,0,0,0,0,0,0,0,0,0,0,0,0,0,0,0,0
234,45.75,-89.75,0,CONUS_45.75_-89.75,USA,16.2,0,17.1,6.9,3.0,35.0,0.5,0.6,16.1,10.9,0,0,4.2,0.08,28.3,2.18,3.0,0.0,0.0,0,0,0,0,0,0,0,0,0,0,0,0,0,0,0,0,0,0,0,0,0,0,0,0
235,45.75,-89.25,0,CONUS_45.75_-89.25,USA,11.9,0,17.1,6.9,3.0,35.0,0.5,0.6,16.1,10.9,0,0,4.1,0.08,27.4,2.11,3.0,0.0,0.0,0,0,0,0,0,0,0,0,0,0,0,0,0,0,0,0,0,0,0,0,0,0,0,0
236,45.75,-88.75,0,CONUS_45.75_-88.75,USA,24.0,0,17.1,6.9,3.0,35.0,0.5,0.6,16.1,10.9,0,0,4.7,0.09,31.5,2.43,3.0,0.0,0.0,0,0,0,0,0,0,0,0,0,0,0,0,0,0,0,0,0,0,0,0,0,0,0,0
237,45.75,-88.25,0,CONUS_45.75_-88.25,USA,44.3,0,17.1,6.9,3.0,35.0,0.5,0.6,16.1,10.9,0,0,4.7,0.09,31.5,2.43,3.0,0.0,0.0,0,0,0,0,0,0,0,0,0,0,0,0,0,0,0,0,0,0,0,0,0,0,0,0
238,45.75,-87.75,0,CONUS_45.75_-87.75,USA,35.1,0,17.1,6.9,3.0,35.0,0.5,0.6,16.1,10.9,0,0,4.4,0.09,29.5,2.28,3.0,0.0,0.0,0,0,0,0,0,0,0,0,0,0,0,0,0,0,0,0,0,0,0,0,0,0,0,0
239,45.75,-87.25,0,CONUS_45.75_-87.25,USA,38.9,0,17.1,6.9,3.0,35.0,0.5,0.6,16.1,10.9,0,0,4.3,0.09,29.0,2.24,3.0,0.0,0.0,0,0,0,0,0,0,0,0,0,0,0,0,0,0,0,0,0,0,0,0,0,0,0,0
240,45.75,-86.75,0,CONUS_45.75_-86.75,USA,15.0,0,17.1,6.9,3.0,35.0,0.5,0.6,16.1,10.9,0,0,5.3,0.11,35.6,2.75,3.0,0.0,0.0,0,0,0,0,0,0,0,0,0,0,0,0,0,0,0,0,0,0,0,0,0,0,0,0
241,45.75,-86.25,0,CONUS_45.75_-86.25,USA,13.4,0,12.3,6.5,3.0,35.0,0.5,0.6,11.6,10.9,0,0,5.8,0.12,39.3,3.03,3.0,0.0,0.0,0,0,0,0,0,0,0,0,0,0,0,0,0,0,0,0,0,0,0,0,0,0,0,0
242,45.75,-85.75,0,CONUS_45.75_-85.75,USA,8.1,0,12.3,6.5,3.0,35.0,0.5,0.6,11.6,10.9,0,0,2.5,0.05,16.6,1.28,3.0,0.0,0.0,0,0,0,0,0,0,0,0,0,0,0,0,0,0,0,0,0,0,0,0,0,0,0,0
243,45.75,-85.25,0,CONUS_45.75_-85.25,USA,27.0,0,13.3,6.6,3.0,35.0,0.5,0.6,12.5,10.9,0,0,4.8,0.1,32.5,2.51,3.0,0.0,0.0,0,0,0,0,0,0,0,0,0,0,0,0,0,0,0,0,0,0,0,0,0,0,0,0
244,45.75,-84.75,0,CONUS_45.75_-84.75,USA,31.4,0,13.3,6.6,3.0,35.0,0.5,0.6,12.5,10.9,0,0,5.1,0.1,34.2,2.64,3.0,0.0,0.0,0,0,0,0,0,0,0,0,0,0,0,0,0,0,0,0,0,0,0,0,0,0,0,0
245,45.75,-84.25,0,CONUS_45.75_-84.25,USA,13.2,0,13.3,6.6,3.0,35.0,0.5,0.6,12.5,10.9,0,0,5.5,0.11,37.3,2.87,3.0,0.0,0.0,0,0,0,0,0,0,0,0,0,0,0,0,0,0,0,0,0,0,0,0,0,0,0,0
246,45.75,-83.75,0,CONUS_45.75_-83.75,USA,7.4,0,12.3,6.5,3.0,35.0,0.5,0.6,11.6,10.9,0,0,3.8,0.08,25.5,1.96,3.0,0.0,0.0,0,0,0,0,0,0,0,0,0,0,0,0,0,0,0,0,0,0,0,0,0,0,0,0
247,45.75,-70.25,0,CONUS_45.75_-70.25,USA,94.7,0,21.4,10.7,3.0,35.0,0.5,0.6,20.1,10.9,0,0,11.4,0.23,77.1,5.95,3.0,0.0,0.0,0,0,0,0,0,0,0,0,0,0,0,0,0,0,0,0,0,0,0,0,0,0,0,0
248,45.75,-69.75,0,CONUS_45.75_-69.75,USA,61.3,0,14.9,6.7,3.0,35.0,0.5,0.6,14.0,10.9,0,0,8.8,0.18,59.1,4.56,3.0,0.0,0.0,0,0,0,0,0,0,0,0,0,0,0,0,0,0,0,0,0,0,0,0,0,0,0,0
249,45.75,-69.25,0,CONUS_45.75_-69.25,USA,124.4,0,21.4,10.7,3.0,35.0,0.5,0.6,20.1,10.9,0,0,11.2,0.22,75.8,5.84,3.0,0.0,0.0,0,0,0,0,0,0,0,0,0,0,0,0,0,0,0,0,0,0,0,0,0,0,0,0
250,45.75,-68.75,0,CONUS_45.75_-68.75,USA,182.9,0,21.4,10.7,3.0,35.0,0.5,0.6,20.1,10.9,0,0,9.8,0.2,66.3,5.11,3.0,0.0,0.0,0,0,0,0,0,0,0,0,0,0,0,0,0,0,0,0,0,0,0,0,0,0,0,0
251,45.75,-68.25,0,CONUS_45.75_-68.25,USA,31.6,0,19.3,9.2,3.0,35.0,0.5,0.6,18.1,10.9,0,0,7.2,0.14,48.8,3.77,3.0,0.0,0.0,0,0,0,0,0,0,0,0,0,0,0,0,0,0,0,0,0,0,0,0,0,0,0,0
252,45.25,-123.75,0,CONUS_45.25_-123.75,USA,185.2,0,22.2,12.5,3.0,35.0,0.5,0.6,20.9,10.9,0,0,4.7,0.09,31.8,2.46,3.0,0.0,0.0,0,0,0,0,0,0,0,0,0,0,0,0,0,0,0,0,0,0,0,0,0,0,0,0
253,45.25,-123.25,0,CONUS_45.25_-123.25,USA,189.9,0,22.2,12.5,3.0,35.0,0.5,0.6,20.9,10.9,0,0,5.4,0.11,36.7,2.83,3.0,0.0,0.0,0,0,0,0,0,0,0,0,0,0,0,0,0,0,0,0,0,0,0,0,0,0,0,0
254,45.25,-122.75,0,CONUS_45.25_-122.75,USA,80.1,0,22.2,12.5,3.0,35.0,0.5,0.6,20.9,10.9,0,0,5.3,0.11,35.5,2.74,3.0,0.0,0.0,0,0,0,0,0,0,0,0,0,0,0,0,0,0,0,0,0,0,0,0,0,0,0,0
255,45.25,-122.25,0,CONUS_45.25_-122.25,USA,344.8,0,22.2,12.5,3.0,35.0,0.5,0.6,20.9,10.9,0,0,5.5,0.11,37.3,2.88,3.0,0.0,0.0,0,0,0,0,0,0,0,0,0,0,0,0,0,0,0,0,0,0,0,0,0,0,0,0
256,45.25,-121.75,0,CONUS_45.25_-121.75,USA,291.8,0,22.2,12.5,3.0,35.0,0.5,0.6,20.9,10.9,0,0,5.5,0.11,37.3,2.88,3.0,0.0,0.0,0,0,0,0,0,0,0,0,0,0,0,0,0,0,0,0,0,0,0,0,0,0,0,0
257,45.25,-121.25,0,CONUS_45.25_-121.25,USA,228.0,0,22.2,12.5,3.0,35.0,0.5,0.6,20.9,10.9,0,0,5.5,0.11,37.3,2.88,3.0,0.0,0.0,0,0,0,0,0,0,0,0,0,0,0,0,0,0,0,0,0,0,0,0,0,0,0,0
258,45.25,-119.25,0,CONUS_45.25_-119.25,USA,260.0,0,18.9,8.8,3.0,35.0,0.5,0.6,17.7,10.9,0,0,1.0,0.02,6.7,0.52,3.0,0.0,0.0,0,0,0,0,0,0,0,0,0,0,0,0,0,0,0,0,0,0,0,0,0,0,0,0
259,45.25,-118.75,0,CONUS_45.25_-118.75,USA,287.8,0,20.3,12.5,3.0,35.0,0.5,0.6,19.1,10.9,0,0,7.2,0.14,48.6,3.75,3.0,0.0,0.0,0,0,0,0,0,0,0,0,0,0,0,0,0,0,0,0,0,0,0,0,0,0,0,0
260,45.25,-118.25,0,CONUS_45.25_-118.25,USA,261.7,0,20.3,12.5,3.0,35.0,0.5,0.6,19.1,10.9,0,0,6.9,0.14,46.4,3.58,3.0,0.0,0.0,0,0,0,0,0,0,0,0,0,0,0,0,0,0,0,0,0,0,0,0,0,0,0,0
261,45.25,-117.75,0,CONUS_45.25_-117.75,USA,370.8,0,18.6,9.2,3.0,35.0,0.5,0.6,17.5,10.9,0,0,5.7,0.11,38.6,2.97,3.0,0.0,0.0,0,0,0,0,0,0,0,0,0,0,0,0,0,0,0,0,0,0,0,0,0,0,0,0
262,45.25,-117.25,0,CONUS_45.25_-117.25,USA,439.5,0,18.6,9.2,3.0,35.0,0.5,0.6,17.5,10.9,0,0,5.6,0.11,37.7,2.91,3.0,0.0,0.0,0,0,0,0,0,0,0,0,0,0,0,0,0,0,0,0,0,0,0,0,0,0,0,0
263,45.25,-116.75,0,CONUS_45.25_-116.75,USA,394.7,0,18.6,9.2,3.0,35.0,0.5,0.6,17.5,10.9,0,0,5.2,0.1,34.9,2.69,3.0,0.0,0.0,0,0,0,0,0,0,0,0,0,0,0,0,0,0,0,0,0,0,0,0,0,0,0,0
264,45.25,-116.25,0,CONUS_45.25_-116.25,USA,423.5,0,33.0,21.7,3.0,35.0,0.5,0.6,31.0,10.9,0,0,6.2,0.12,41.9,3.23,3.0,0.0,0.0,0,0,0,0,0,0,0,0,0,0,0,0,0,0,0,0,0,0,0,0,0,0,0,0
265,45.25,-115.75,0,CONUS_45.25_-115.75,USA,419.0,0,28.2,17.7,3.0,35.0,0.5,0.6,26.5,10.9,0,0,25.0,0.5,168.5,13.0,3.0,0.0,0.0,0,0,0,0,0,0,0,0,0,0,0,0,0,0,0,0,0,0,0,0,0,0,0,0
266,45.25,-115.25,0,CONUS_45.25_-115.25,USA,342.2,0,33.1,21.7,3.0,35.0,0.5,0.6,31.1,10.9,0,0,13.8,0.28,93.1,7.18,3.0,0.0,0.0,0,0,0,0,0,0,0,0,0,0,0,0,0,0,0,0,0,0,0,0,0,0,0,0
267,45.25,-114.75,0,CONUS_45.25_-114.75,USA,419.6,0,33.1,21.7,3.0,35.0,0.5,0.6,31.1,10.9,0,0,6.5,0.13,43.8,3.38,3.0,0.0,0.0,0,0,0,0,0,0,0,0,0,0,0,0,0,0,0,0,0,0,0,0,0,0,0,0
268,45.25,-114.25,0,CONUS_45.25_-114.25,USA,354.2,0,33.1,21.7,3.0,35.0,0.5,0.6,31.1,10.9,0,0,5.2,0.1,35.3,2.73,3.0,0.0,0.0,0,0,0,0,0,0,0,0,0,0,0,0,0,0,0,0,0,0,0,0,0,0,0,0
269,45.25,-113.75,0,CONUS_45.25_-113.75,USA,464.3,0,18.1,9.2,3.0,35.0,0.5,0.6,17.0,10.9,0,0,5.6,0.11,37.6,2.9,3.0,0.0,0.0,0,0,0,0,0,0,0,0,0,0,0,0,0,0,0,0,0,0,0,0,0,0,0,0
270,45.25,-113.25,0,CONUS_45.25_-113.25,USA,252.7,0,18.1,9.2,3.0,35.0,0.5,0.6,17.0,10.9,0,0,6.4,0.13,43.1,3.33,3.0,0.0,0.0,0,0,0,0,0,0,0,0,0,0,0,0,0,0,0,0,0,0,0,0,0,0,0,0
271,45.25,-111.75,0,CONUS_45.25_-111.75,USA,339.6,0,19.5,9.2,3.0,35.0,0.5,0.6,18.3,10.9,0,0,5.4,0.11,36.2,2.79,3.0,0.0,0.0,0,0,0,0,0,0,0,0,0,0,0,0,0,0,0,0,0,0,0,0,0,0,0,0
272,45.25,-111.25,0,CONUS_45.25_-111.25,USA,280.8,0,19.5,9.2,3.0,35.0,0.5,0.6,18.3,10.9,0,0,5.3,0.11,35.5,2.74,3.0,0.0,0.0,0,0,0,0,0,0,0,0,0,0,0,0,0,0,0,0,0,0,0,0,0,0,0,0
273,45.25,-110.75,0,CONUS_45.25_-110.75,USA,420.8,0,19.5,9.2,3.0,35.0,0.5,0.6,18.3,10.9,0,0,5.3,0.11,35.5,2.74,3.0,0.0,0.0,0,0,0,0,0,0,0,0,0,0,0,0,0,0,0,0,0,0,0,0,0,0,0,0
274,45.25,-110.25,0,CONUS_45.25_-110.25,USA,280.2,0,19.5,9.2,3.0,35.0,0.5,0.6,18.3,10.9,0,0,5.3,0.11,35.5,2.74,3.0,0.0,0.0,0,0,0,0,0,0,0,0,0,0,0,0,0,0,0,0,0,0,0,0,0,0,0,0
275,45.25,-109.75,0,CONUS_45.25_-109.75,USA,626.4,0,19.5,9.2,3.0,35.0,0.5,0.6,18.3,10.9,0,0,5.3,0.11,35.5,2.74,3.0,0.0,0.0,0,0,0,0,0,0,0,0,0,0,0,0,0,0,0,0,0,0,0,0,0,0,0,0
276,45.25,-94.25,0,CONUS_45.25_-94.25,USA,20.0,0,5.1,1.8,3.0,35.0,0.5,0.6,4.8,10.9,0,0,3.8,0.08,25.4,1.96,3.0,0.0,0.0,0,0,0,0,0,0,0,0,0,0,0,0,0,0,0,0,0,0,0,0,0,0,0,0
277,45.25,-92.25,0,CONUS_45.25_-92.25,USA,23.0,0,5.1,1.8,3.0,35.0,0.5,0.6,4.8,10.9,0,0,3.7,0.07,24.7,1.91,3.0,0.0,0.0,0,0,0,0,0,0,0,0,0,0,0,0,0,0,0,0,0,0,0,0,0,0,0,0
278,45.25,-91.75,0,CONUS_45.25_-91.75,USA,29.3,0,5.1,1.8,3.0,35.0,0.5,0.6,4.8,10.9,0,0,3.7,0.07,24.8,1.91,3.0,0.0,0.0,0,0,0,0,0,0,0,0,0,0,0,0,0,0,0,0,0,0,0,0,0,0,0,0
279,45.25,-91.25,0,CONUS_45.25_-91.25,USA,27.2,0,17.1,6.9,3.0,35.0,0.5,0.6,16.1,10.9,0,0,3.9,0.08,26.4,2.04,3.0,0.0,0.0,0,0,0,0,0,0,0,0,0,0,0,0,0,0,0,0,0,0,0,0,0,0,0,0
280,45.25,-90.75,0,CONUS_45.25_-90.75,USA,26.3,0,17.1,6.9,3.0,35.0,0.5,0.6,16.1,10.9,0,0,3.9,0.08,26.4,2.04,3.0,0.0,0.0,0,0,0,0,0,0,0,0,0,0,0,0,0,0,0,0,0,0,0,0,0,0,0,0
281,45.25,-90.25,0,CONUS_45.25_-90.25,USA,29.9,0,17.1,6.9,3.0,35.0,0.5,0.6,16.1,10.9,0,0,4.2,0.08,28.0,2.16,3.0,0.0,0.0,0,0,0,0,0,0,0,0,0,0,0,0,0,0,0,0,0,0,0,0,0,0,0,0
282,45.25,-89.75,0,CONUS_45.25_-89.75,USA,28.6,0,17.1,6.9,3.0,35.0,0.5,0.6,16.1,10.9,0,0,4.1,0.08,27.7,2.14,3.0,0.0,0.0,0,0,0,0,0,0,0,0,0,0,0,0,0,0,0,0,0,0,0,0,0,0,0,0
283,45.25,-89.25,0,CONUS_45.25_-89.25,USA,32.8,0,12.3,6.5,3.0,35.0,0.5,0.6,11.6,10.9,0,0,5.1,0.1,34.5,2.66,3.0,0.0,0.0,0,0,0,0,0,0,0,0,0,0,0,0,0,0,0,0,0,0,0,0,0,0,0,0
284,45.25,-88.75,0,CONUS_45.25_-88.75,USA,65.0,0,12.3,6.5,3.0,35.0,0.5,0.6,11.6,10.9,0,0,3.9,0.08,26.5,2.05,3.0,0.0,0.0,0,0,0,0,0,0,0,0,0,0,0,0,0,0,0,0,0,0,0,0,0,0,0,0
285,45.25,-88.25,0,CONUS_45.25_-88.25,USA,53.5,0,17.1,6.9,3.0,35.0,0.5,0.6,16.1,10.9,0,0,4.1,0.08,27.7,2.14,3.0,0.0,0.0,0,0,0,0,0,0,0,0,0,0,0,0,0,0,0,0,0,0,0,0,0,0,0,0
286,45.25,-87.75,0,CONUS_45.25_-87.75,USA,17.8,0,17.1,6.9,3.0,35.0,0.5,0.6,16.1,10.9,0,0,4.0,0.08,26.7,2.06,3.0,0.0,0.0,0,0,0,0,0,0,0,0,0,0,0,0,0,0,0,0,0,0,0,0,0,0,0,0
287,45.25,-87.25,0,CONUS_45.25_-87.25,USA,13.5,0,17.1,6.9,3.0,35.0,0.5,0.6,16.1,10.9,0,0,4.3,0.09,29.1,2.24,3.0,0.0,0.0,0,0,0,0,0,0,0,0,0,0,0,0,0,0,0,0,0,0,0,0,0,0,0,0
288,45.25,-86.75,0,CONUS_45.25_-86.75,USA,3.8,0,17.1,6.9,3.0,35.0,0.5,0.6,16.1,10.9,0,0,3.9,0.08,26.5,2.04,3.0,0.0,0.0,0,0,0,0,0,0,0,0,0,0,0,0,0,0,0,0,0,0,0,0,0,0,0,0
289,45.25,-86.25,0,CONUS_45.25_-86.25,USA,9.1,0,17.1,6.9,3.0,35.0,0.5,0.6,16.1,10.9,0,0,3.9,0.08,26.4,2.04,3.0,0.0,0.0,0,0,0,0,0,0,0,0,0,0,0,0,0,0,0,0,0,0,0,0,0,0,0,0
290,45.25,-85.75,0,CONUS_45.25_-85.75,USA,14.9,0,17.1,6.9,3.0,35.0,0.5,0.6,16.1,10.9,0,0,4.0,0.08,26.8,2.06,3.0,0.0,0.0,0,0,0,0,0,0,0,0,0,0,0,0,0,0,0,0,0,0,0,0,0,0,0,0
291,45.25,-85.25,0,CONUS_45.25_-85.25,USA,36.6,0,17.1,6.9,3.0,35.0,0.5,0.6,16.1,10.9,0,0,4.1,0.08,27.7,2.14,3.0,0.0,0.0,0,0,0,0,0,0,0,0,0,0,0,0,0,0,0,0,0,0,0,0,0,0,0,0
292,45.25,-84.75,0,CONUS_45.25_-84.75,USA,73.2,0,17.1,6.9,3.0,35.0,0.5,0.6,16.1,10.9,0,0,4.1,0.08,27.7,2.13,3.0,0.0,0.0,0,0,0,0,0,0,0,0,0,0,0,0,0,0,0,0,0,0,0,0,0,0,0,0
293,45.25,-84.25,0,CONUS_45.25_-84.25,USA,41.9,0,17.1,6.9,3.0,35.0,0.5,0.6,16.1,10.9,0,0,4.2,0.08,28.3,2.18,3.0,0.0,0.0,0,0,0,0,0,0,0,0,0,0,0,0,0,0,0,0,0,0,0,0,0,0,0,0
294,45.25,-83.75,0,CONUS_45.25_-83.75,USA,28.5,0,17.1,6.9,3.0,35.0,0.5,0.6,16.1,10.9,0,0,3.9,0.08,26.4,2.04,3.0,0.0,0.0,0,0,0,0,0,0,0,0,0,0,0,0,0,0,0,0,0,0,0,0,0,0,0,0
295,45.25,-83.25,0,CONUS_45.25_-83.25,USA,8.9,0,17.1,6.9,3.0,35.0,0.5,0.6,16.1,10.9,0,0,4.1,0.08,27.6,2.13,3.0,0.0,0.0,0,0,0,0,0,0,0,0,0,0,0,0,0,0,0,0,0,0,0,0,0,0,0,0
296,45.25,-71.25,0,CONUS_45.25_-71.25,USA,122.6,0,14.9,6.7,3.0,35.0,0.5,0.6,14.0,10.9,0,0,5.6,0.11,37.6,2.9,3.0,0.0,0.0,0,0,0,0,0,0,0,0,0,0,0,0,0,0,0,0,0,0,0,0,0,0,0,0
297,45.25,-70.75,0,CONUS_45.25_-70.75,USA,148.2,0,14.9,6.7,3.0,35.0,0.5,0.6,14.0,10.9,0,0,6.0,0.12,40.2,3.1,3.0,0.0,0.0,0,0,0,0,0,0,0,0,0,0,0,0,0,0,0,0,0,0,0,0,0,0,0,0
298,45.25,-70.25,0,CONUS_45.25_-70.25,USA,156.7,0,14.9,6.7,3.0,35.0,0.5,0.6,14.0,10.9,0,0,5.6,0.11,37.5,2.9,3.0,0.0,0.0,0,0,0,0,0,0,0,0,0,0,0,0,0,0,0,0,0,0,0,0,0,0,0,0
299,45.25,-69.75,0,CONUS_45.25_-69.75,USA,93.9,0,14.9,6.7,3.0,35.0,0.5,0.6,14.0,10.9,0,0,5.6,0.11,37.6,2.9,3.0,0.0,0.0,0,0,0,0,0,0,0,0,0,0,0,0,0,0,0,0,0,0,0,0,0,0,0,0
300,45.25,-69.25,0,CONUS_45.25_-69.25,USA,91.3,0,14.9,6.7,3.0,35.0,0.5,0.6,14.0,10.9,0,0,5.6,0.11,37.8,2.91,3.0,0.0,0.0,0,0,0,0,0,0,0,0,0,0,0,0,0,0,0,0,0,0,0,0,0,0,0,0
301,45.25,-68.75,0,CONUS_45.25_-68.75,USA,38.9,0,14.9,6.7,3.0,35.0,0.5,0.6,14.0,10.9,0,0,5.6,0.11,37.9,2.92,3.0,0.0,0.0,0,0,0,0,0,0,0,0,0,0,0,0,0,0,0,0,0,0,0,0,0,0,0,0
302,45.25,-68.25,0,CONUS_45.25_-68.25,USA,42.1,0,14.9,6.7,3.0,35.0,0.5,0.6,14.0,10.9,0,0,5.6,0.11,37.8,2.92,3.0,0.0,0.0,0,0,0,0,0,0,0,0,0,0,0,0,0,0,0,0,0,0,0,0,0,0,0,0
303,45.25,-67.75,0,CONUS_45.25_-67.75,USA,41.5,0,14.9,6.7,3.0,35.0,0.5,0.6,14.0,10.9,0,0,5.6,0.11,37.9,2.93,3.0,0.0,0.0,0,0,0,0,0,0,0,0,0,0,0,0,0,0,0,0,0,0,0,0,0,0,0,0
304,44.75,-123.75,0,CONUS_44.75_-123.75,USA,215.6,0,22.2,12.5,3.0,35.0,0.5,0.6,20.9,10.9,0,0,5.5,0.11,37.3,2.88,3.0,0.0,0.0,0,0,0,0,0,0,0,0,0,0,0,0,0,0,0,0,0,0,0,0,0,0,0,0
305,44.75,-123.25,0,CONUS_44.75_-123.25,USA,109.2,0,22.2,12.5,3.0,35.0,0.5,0.6,20.9,10.9,0,0,5.5,0.11,37.3,2.88,3.0,0.0,0.0,0,0,0,0,0,0,0,0,0,0,0,0,0,0,0,0,0,0,0,0,0,0,0,0
306,44.75,-122.75,0,CONUS_44.75_-122.75,USA,241.2,0,22.2,12.5,3.0,35.0,0.5,0.6,20.9,10.9,0,0,5.5,0.11,37.3,2.88,3.0,0.0,0.0,0,0,0,0,0,0,0,0,0,0,0,0,0,0,0,0,0,0,0,0,0,0,0,0
307,44.75,-122.25,0,CONUS_44.75_-122.25,USA,264.5,0,22.2,12.5,3.0,35.0,0.5,0.6,20.9,10.9,0,0,5.5,0.11,37.3,2.88,3.0,0.0,0.0,0,0,0,0,0,0,0,0,0,0,0,0,0,0,0,0,0,0,0,0,0,0,0,0
308,44.75,-121.75,0,CONUS_44.75_-121.75,USA,289.2,0,22.2,12.5,3.0,35.0,0.5,0.6,20.9,10.9,0,0,5.5,0.11,37.3,2.88,3.0,0.0,0.0,0,0,0,0,0,0,0,0,0,0,0,0,0,0,0,0,0,0,0,0,0,0,0,0
309,44.75,-119.75,0,CONUS_44.75_-119.75,USA,253.8,0,18.9,8.8,3.0,35.0,0.5,0.6,17.7,10.9,0,0,1.0,0.02,6.7,0.52,3.0,0.0,0.0,0,0,0,0,0,0,0,0,0,0,0,0,0,0,0,0,0,0,0,0,0,0,0,0
310,44.75,-119.25,0,CONUS_44.75_-119.25,USA,252.9,0,18.9,8.8,3.0,35.0,0.5,0.6,17.7,10.9,0,0,1.0,0.02,6.7,0.52,3.0,0.0,0.0,0,0,0,0,0,0,0,0,0,0,0,0,0,0,0,0,0,0,0,0,0,0,0,0
311,44.75,-118.75,0,CONUS_44.75_-118.75,USA,254.9,0,18.6,9.2,3.0,35.0,0.5,0.6,17.5,10.9,0,0,5.6,0.11,37.7,2.91,3.0,0.0,0.0,0,0,0,0,0,0,0,0,0,0,0,0,0,0,0,0,0,0,0,0,0,0,0,0
312,44.75,-118.25,0,CONUS_44.75_-118.25,USA,304.8,0,18.6,9.2,3.0,35.0,0.5,0.6,17.5,10.9,0,0,5.6,0.11,37.7,2.91,3.0,0.0,0.0,0,0,0,0,0,0,0,0,0,0,0,0,0,0,0,0,0,0,0,0,0,0,0,0
313,44.75,-116.25,0,CONUS_44.75_-116.25,USA,313.6,0,33.0,21.7,3.0,35.0,0.5,0.6,31.0,10.9,0,0,25.0,0.5,168.5,13.0,3.0,0.0,0.0,0,0,0,0,0,0,0,0,0,0,0,0,0,0,0,0,0,0,0,0,0,0,0,0
314,44.75,-115.75,0,CONUS_44.75_-115.75,USA,283.6,0,33.0,21.7,3.0,35.0,0.5,0.6,31.0,10.9,0,0,21.8,0.44,146.8,11.33,3.0,0.0,0.0,0,0,0,0,0,0,0,0,0,0,0,0,0,0,0,0,0,0,0,0,0,0,0,0
315,44.75,-115.25,0,CONUS_44.75_-115.25,USA,250.5,0,33.0,21.7,3.0,35.0,0.5,0.6,31.0,10.9,0,0,25.0,0.5,168.5,13.0,3.0,0.0,0.0,0,0,0,0,0,0,0,0,0,0,0,0,0,0,0,0,0,0,0,0,0,0,0,0
316,44.75,-114.75,0,CONUS_44.75_-114.75,USA,342.9,0,33.0,21.7,3.0,35.0,0.5,0.6,31.0,10.9,0,0,6.5,0.13,43.8,3.38,3.0,0.0,0.0,0,0,0,0,0,0,0,0,0,0,0,0,0,0,0,0,0,0,0,0,0,0,0,0
317,44.75,-114.25,0,CONUS_44.75_-114.25,USA,338.4,0,23.5,13.0,3.0,35.0,0.5,0.6,22.1,10.9,0,0,6.6,0.13,44.6,3.44,3.0,0.0,0.0,0,0,0,0,0,0,0,0,0,0,0,0,0,0,0,0,0,0,0,0,0,0,0,0
318,44.75,-113.75,0,CONUS_44.75_-113.75,USA,442.9,0,33.1,21.7,3.0,35.0,0.5,0.6,31.1,10.9,0,0,5.0,0.1,33.6,2.6,3.0,0.0,0.0,0,0,0,0,0,0,0,0,0,0,0,0,0,0,0,0,0,0,0,0,0,0,0,0
319,44.75,-113.25,0,CONUS_44.75_-113.25,USA,300.4,0,33.1,21.7,3.0,35.0,0.5,0.6,31.1,10.9,0,0,5.1,0.1,34.3,2.64,3.0,0.0,0.0,0,0,0,0,0,0,0,0,0,0,0,0,0,0,0,0,0,0,0,0,0,0,0,0
320,44.75,-112.75,0,CONUS_44.75_-112.75,USA,262.3,0,33.1,21.7,3.0,35.0,0.5,0.6,31.1,10.9,0,0,6.2,0.12,41.6,3.21,3.0,0.0,0.0,0,0,0,0,0,0,0,0,0,0,0,0,0,0,0,0,0,0,0,0,0,0,0,0
321,44.75,-111.75,0,CONUS_44.75_-111.75,USA,264.9,0,5.1,1.8,3.0,35.0,0.5,0.6,4.8,10.9,0,0,7.0,0.14,47.3,3.65,3.0,0.0,0.0,0,0,0,0,0,0,0,0,0,0,0,0,0,0,0,0,0,0,0,0,0,0,0,0
322,44.75,-111.25,0,CONUS_44.75_-111.25,USA,292.6,0,16.0,8.1,3.0,35.0,0.5,0.6,15.1,10.9,0,0,6.9,0.14,46.6,3.6,3.0,0.0,0.0,0,0,0,0,0,0,0,0,0,0,0,0,0,0,0,0,0,0,0,0,0,0,0,0
323,44.75,-110.75,0,CONUS_44.75_-110.75,USA,181.7,0,19.5,9.2,3.0,35.0,0.5,0.6,18.3,10.9,0,0,6.7,0.13,44.9,3.47,3.0,0.0,0.0,0,0,0,0,0,0,0,0,0,0,0,0,0,0,0,0,0,0,0,0,0,0,0,0
324,44.75,-110.25,0,CONUS_44.75_-110.25,USA,230.4,0,30.1,21.0,3.0,35.0,0.5,0.6,28.3,10.9,0,0,10.4,0.21,70.2,5.41,3.0,0.0,0.0,0,0,0,0,0,0,0,0,0,0,0,0,0,0,0,0,0,0,0,0,0,0,0,0
325,44.75,-109.75,0,CONUS_44.75_-109.75,USA,322.5,0,5.1,1.8,3.0,35.0,0.5,0.6,4.8,10.9,0,0,16.3,0.33,110.1,8.49,3.0,0.0,0.0,0,0,0,0,0,0,0,0,0,0,0,0,0,0,0,0,0,0,0,0,0,0,0,0
326,44.75,-107.75,0,CONUS_44.75_-107.75,USA,527.3,0,19.0,10.1,3.0,35.0,0.5,0.6,17.8,10.9,0,0,8.0,0.16,53.9,4.16,3.0,0.0,0.0,0,0,0,0,0,0,0,0,0,0,0,0,0,0,0,0,0,0,0,0,0,0,0,0
327,44.75,-107.25,0,CONUS_44.75_-107.25,USA,646.2,0,33.0,21.7,3.0,35.0,0.5,0.6,31.0,10.9,0,0,5.2,0.1,35.2,2.71,3.0,0.0,0.0,0,0,0,0,0,0,0,0,0,0,0,0,0,0,0,0,0,0,0,0,0,0,0,0
328,44.75,-93.75,0,CONUS_44.75_-93.75,USA,20.7,0,21.3,10.2,3.0,35.0,0.5,0.6,20.0,10.9,0,0,5.3,0.11,35.6,2.75,3.0,0.0,0.0,0,0,0,0,0,0,0,0,0,0,0,0,0,0,0,0,0,0,0,0,0,0,0,0
329,44.75,-92.25,0,CONUS_44.75_-92.25,USA,44.5,0,5.1,1.8,3.0,35.0,0.5,0.6,4.8,10.9,0,0,3.7,0.07,25.0,1.93,3.0,0.0,0.0,0,0,0,0,0,0,0,0,0,0,0,0,0,0,0,0,0,0,0,0,0,0,0,0
330,44.75,-91.75,0,CONUS_44.75_-91.75,USA,31.3,0,5.1,1.8,3.0,35.0,0.5,0.6,4.8,10.9,0,0,3.7,0.07,24.7,1.91,3.0,0.0,0.0,0,0,0,0,0,0,0,0,0,0,0,0,0,0,0,0,0,0,0,0,0,0,0,0
331,44.75,-90.75,0,CONUS_44.75_-90.75,USA,25.8,0,5.1,1.8,3.0,35.0,0.5,0.6,4.8,10.9,0,0,3.8,0.08,25.4,1.96,3.0,0.0,0.0,0,0,0,0,0,0,0,0,0,0,0,0,0,0,0,0,0,0,0,0,0,0,0,0
332,44.75,-90.25,0,CONUS_44.75_-90.25,USA,27.6,0,17.1,6.9,3.0,35.0,0.5,0.6,16.1,10.9,0,0,4.0,0.08,27.0,2.08,3.0,0.0,0.0,0,0,0,0,0,0,0,0,0,0,0,0,0,0,0,0,0,0,0,0,0,0,0,0
333,44.75,-89.75,0,CONUS_44.75_-89.75,USA,25.4,0,18.8,8.3,3.0,35.0,0.5,0.6,17.7,10.9,0,0,4.4,0.09,30.0,2.31,3.0,0.0,0.0,0,0,0,0,0,0,0,0,0,0,0,0,0,0,0,0,0,0,0,0,0,0,0,0
334,44.75,-89.25,0,CONUS_44.75_-89.25,USA,36.0,0,18.8,8.3,3.0,35.0,0.5,0.6,17.7,10.9,0,0,4.4,0.09,30.0,2.31,3.0,0.0,0.0,0,0,0,0,0,0,0,0,0,0,0,0,0,0,0,0,0,0,0,0,0,0,0,0
335,44.75,-88.75,0,CONUS_44.75_-88.75,USA,31.4,0,18.8,8.3,3.0,35.0,0.5,0.6,17.7,10.9,0,0,4.4,0.09,29.9,2.3,3.0,0.0,0.0,0,0,0,0,0,0,0,0,0,0,0,0,0,0,0,0,0,0,0,0,0,0,0,0
336,44.75,-88.25,0,CONUS_44.75_-88.25,USA,25.9,0,18.8,8.3,3.0,35.0,0.5,0.6,17.7,10.9,0,0,4.5,0.09,30.6,2.36,3.0,0.0,0.0,0,0,0,0,0,0,0,0,0,0,0,0,0,0,0,0,0,0,0,0,0,0,0,0
337,44.75,-87.75,0,CONUS_44.75_-87.75,USA,25.2,0,18.8,8.3,3.0,35.0,0.5,0.6,17.7,10.9,0,0,4.6,0.09,30.8,2.38,3.0,0.0,0.0,0,0,0,0,0,0,0,0,0,0,0,0,0,0,0,0,0,0,0,0,0,0,0,0
338,44.75,-87.25,0,CONUS_44.75_-87.25,USA,16.4,0,18.8,8.3,3.0,35.0,0.5,0.6,17.7,10.9,0,0,4.6,0.09,30.7,2.37,3.0,0.0,0.0,0,0,0,0,0,0,0,0,0,0,0,0,0,0,0,0,0,0,0,0,0,0,0,0
339,44.75,-86.25,0,CONUS_44.75_-86.25,USA,29.0,0,18.8,8.3,3.0,35.0,0.5,0.6,17.7,10.9,0,0,4.5,0.09,30.2,2.33,3.0,0.0,0.0,0,0,0,0,0,0,0,0,0,0,0,0,0,0,0,0,0,0,0,0,0,0,0,0
340,44.75,-85.75,0,CONUS_44.75_-85.75,USA,49.1,0,17.1,6.9,3.0,35.0,0.5,0.6,16.1,10.9,0,0,4.1,0.08,27.5,2.12,3.0,0.0,0.0,0,0,0,0,0,0,0,0,0,0,0,0,0,0,0,0,0,0,0,0,0,0,0,0
341,44.75,-85.25,0,CONUS_44.75_-85.25,USA,64.6,0,17.1,6.9,3.0,35.0,0.5,0.6,16.1,10.9,0,0,3.8,0.08,25.7,1.98,3.0,0.0,0.0,0,0,0,0,0,0,0,0,0,0,0,0,0,0,0,0,0,0,0,0,0,0,0,0
342,44.75,-84.75,0,CONUS_44.75_-84.75,USA,25.2,0,13.3,7.0,3.0,35.0,0.5,0.6,12.5,10.9,0,0,3.7,0.07,24.8,1.91,3.0,0.0,0.0,0,0,0,0,0,0,0,0,0,0,0,0,0,0,0,0,0,0,0,0,0,0,0,0
343,44.75,-84.25,0,CONUS_44.75_-84.25,USA,37.1,0,13.3,7.0,3.0,35.0,0.5,0.6,12.5,10.9,0,0,3.7,0.07,24.9,1.92,3.0,0.0,0.0,0,0,0,0,0,0,0,0,0,0,0,0,0,0,0,0,0,0,0,0,0,0,0,0
344,44.75,-83.75,0,CONUS_44.75_-83.75,USA,38.7,0,17.1,6.9,3.0,35.0,0.5,0.6,16.1,10.9,0,0,3.9,0.08,26.4,2.04,3.0,0.0,0.0,0,0,0,0,0,0,0,0,0,0,0,0,0,0,0,0,0,0,0,0,0,0,0,0
345,44.75,-83.25,0,CONUS_44.75_-83.25,USA,27.7,0,17.1,6.9,3.0,35.0,0.5,0.6,16.1,10.9,0,0,3.9,0.08,26.0,2.01,3.0,0.0,0.0,0,0,0,0,0,0,0,0,0,0,0,0,0,0,0,0,0,0,0,0,0,0,0,0
346,44.75,-74.75,0,CONUS_44.75_-74.75,USA,139.8,0,17.1,7.3,3.0,35.0,0.5,0.6,16.1,10.9,0,0,5.0,0.1,33.5,2.59,3.0,0.0,0.0,0,0,0,0,0,0,0,0,0,0,0,0,0,0,0,0,0,0,0,0,0,0,0,0
347,44.75,-74.25,0,CONUS_44.75_-74.25,USA,171.5,0,14.9,6.7,3.0,35.0,0.5,0.6,14.0,10.9,0,0,5.2,0.1,35.3,2.72,3.0,0.0,0.0,0,0,0,0,0,0,0,0,0,0,0,0,0,0,0,0,0,0,0,0,0,0,0,0
348,44.75,-73.75,0,CONUS_44.75_-73.75,USA,164.3,0,17.1,7.3,3.0,35.0,0.5,0.6,16.1,10.9,0,0,4.6,0.09,31.1,2.4,3.0,0.0,0.0,0,0,0,0,0,0,0,0,0,0,0,0,0,0,0,0,0,0,0,0,0,0,0,0
349,44.75,-72.75,0,CONUS_44.75_-72.75,USA,179.9,0,17.1,7.3,3.0,35.0,0.5,0.6,16.1,10.9,0,0,4.7,0.09,31.3,2.42,3.0,0.0,0.0,0,0,0,0,0,0,0,0,0,0,0,0,0,0,0,0,0,0,0,0,0,0,0,0
350,44.75,-72.25,0,CONUS_44.75_-72.25,USA,108.7,0,17.1,7.3,3.0,35.0,0.5,0.6,16.1,10.9,0,0,4.5,0.09,30.0,2.32,3.0,0.0,0.0,0,0,0,0,0,0,0,0,0,0,0,0,0,0,0,0,0,0,0,0,0,0,0,0
351,44.75,-71.75,0,CONUS_44.75_-71.75,USA,133.2,0,17.1,7.3,3.0,35.0,0.5,0.6,16.1,10.9,0,0,4.6,0.09,30.7,2.37,3.0,0.0,0.0,0,0,0,0,0,0,0,0,0,0,0,0,0,0,0,0,0,0,0,0,0,0,0,0
352,44.75,-71.25,0,CONUS_44.75_-71.25,USA,154.5,0,14.9,6.7,3.0,35.0,0.5,0.6,14.0,10.9,0,0,5.5,0.11,36.8,2.84,3.0,0.0,0.0,0,0,0,0,0,0,0,0,0,0,0,0,0,0,0,0,0,0,0,0,0,0,0,0
353,44.75,-70.75,0,CONUS_44.75_-70.75,USA,171.5,0,14.9,6.7,3.0,35.0,0.5,0.6,14.0,10.9,0,0,5.6,0.11,37.4,2.89,3.0,0.0,0.0,0,0,0,0,0,0,0,0,0,0,0,0,0,0,0,0,0,0,0,0,0,0,0,0
354,44.75,-70.25,0,CONUS_44.75_-70.25,USA,164.2,0,14.9,6.7,3.0,35.0,0.5,0.6,14.0,10.9,0,0,5.5,0.11,37.0,2.85,3.0,0.0,0.0,0,0,0,0,0,0,0,0,0,0,0,0,0,0,0,0,0,0,0,0,0,0,0,0
355,44.75,-69.75,0,CONUS_44.75_-69.75,USA,49.6,0,14.9,6.7,3.0,35.0,0.5,0.6,14.0,10.9,0,0,5.4,0.11,36.6,2.82,3.0,0.0,0.0,0,0,0,0,0,0,0,0,0,0,0,0,0,0,0,0,0,0,0,0,0,0,0,0
356,44.75,-69.25,0,CONUS_44.75_-69.25,USA,43.0,0,14.9,6.7,3.0,35.0,0.5,0.6,14.0,10.9,0,0,5.5,0.11,37.3,2.88,3.0,0.0,0.0,0,0,0,0,0,0,0,0,0,0,0,0,0,0,0,0,0,0,0,0,0,0,0,0
357,44.75,-68.75,0,CONUS_44.75_-68.75,USA,38.6,0,14.9,6.7,3.0,35.0,0.5,0.6,14.0,10.9,0,0,5.6,0.11,37.6,2.9,3.0,0.0,0.0,0,0,0,0,0,0,0,0,0,0,0,0,0,0,0,0,0,0,0,0,0,0,0,0
358,44.75,-68.25,0,CONUS_44.75_-68.25,USA,48.4,0,14.9,6.7,3.0,35.0,0.5,0.6,14.0,10.9,0,0,5.6,0.11,37.6,2.9,3.0,0.0,0.0,0,0,0,0,0,0,0,0,0,0,0,0,0,0,0,0,0,0,0,0,0,0,0,0
359,44.75,-67.75,0,CONUS_44.75_-67.75,USA,33.2,0,14.9,6.7,3.0,35.0,0.5,0.6,14.0,10.9,0,0,5.6,0.11,37.6,2.9,3.0,0.0,0.0,0,0,0,0,0,0,0,0,0,0,0,0,0,0,0,0,0,0,0,0,0,0,0,0
360,44.75,-67.25,0,CONUS_44.75_-67.25,USA,23.7,0,14.9,6.7,3.0,35.0,0.5,0.6,14.0,10.9,0,0,6.1,0.12,41.2,3.18,3.0,0.0,0.0,0,0,0,0,0,0,0,0,0,0,0,0,0,0,0,0,0,0,0,0,0,0,0,0
361,44.25,-123.75,0,CONUS_44.25_-123.75,USA,148.5,0,22.2,12.5,3.0,35.0,0.5,0.6,20.9,10.9,0,0,5.5,0.11,37.3,2.88,3.0,0.0,0.0,0,0,0,0,0,0,0,0,0,0,0,0,0,0,0,0,0,0,0,0,0,0,0,0
362,44.25,-123.25,0,CONUS_44.25_-123.25,USA,102.0,0,22.2,12.5,3.0,35.0,0.5,0.6,20.9,10.9,0,0,5.5,0.11,37.3,2.88,3.0,0.0,0.0,0,0,0,0,0,0,0,0,0,0,0,0,0,0,0,0,0,0,0,0,0,0,0,0
363,44.25,-122.75,0,CONUS_44.25_-122.75,USA,226.5,0,22.2,12.5,3.0,35.0,0.5,0.6,20.9,10.9,0,0,5.5,0.11,37.3,2.88,3.0,0.0,0.0,0,0,0,0,0,0,0,0,0,0,0,0,0,0,0,0,0,0,0,0,0,0,0,0
364,44.25,-122.25,0,CONUS_44.25_-122.25,USA,295.5,0,22.2,12.5,3.0,35.0,0.5,0.6,20.9,10.9,0,0,5.5,0.11,37.3,2.88,3.0,0.0,0.0,0,0,0,0,0,0,0,0,0,0,0,0,0,0,0,0,0,0,0,0,0,0,0,0
365,44.25,-121.75,0,CONUS_44.25_-121.75,USA,369.7,0,22.2,12.5,3.0,35.0,0.5,0.6,20.9,10.9,0,0,5.5,0.11,37.3,2.88,3.0,0.0,0.0,0,0,0,0,0,0,0,0,0,0,0,0,0,0,0,0,0,0,0,0,0,0,0,0
366,44.25,-120.75,0,CONUS_44.25_-120.75,USA,176.0,0,18.9,8.8,3.0,35.0,0.5,0.6,17.7,10.9,0,0,1.0,0.02,6.7,0.52,3.0,0.0,0.0,0,0,0,0,0,0,0,0,0,0,0,0,0,0,0,0,0,0,0,0,0,0,0,0
367,44.25,-120.25,0,CONUS_44.25_-120.25,USA,196.8,0,18.9,8.8,3.0,35.0,0.5,0.6,17.7,10.9,0,0,1.0,0.02,6.7,0.52,3.0,0.0,0.0,0,0,0,0,0,0,0,0,0,0,0,0,0,0,0,0,0,0,0,0,0,0,0,0
368,44.25,-119.75,0,CONUS_44.25_-119.75,USA,222.5,0,18.9,8.8,3.0,35.0,0.5,0.6,17.7,10.9,0,0,1.0,0.02,6.7,0.52,3.0,0.0,0.0,0,0,0,0,0,0,0,0,0,0,0,0,0,0,0,0,0,0,0,0,0,0,0,0
369,44.25,-119.25,0,CONUS_44.25_-119.25,USA,259.8,0,18.9,8.8,3.0,35.0,0.5,0.6,17.7,10.9,0,0,5.7,0.11,38.6,2.98,3.0,0.0,0.0,0,0,0,0,0,0,0,0,0,0,0,0,0,0,0,0,0,0,0,0,0,0,0,0
370,44.25,-118.75,0,CONUS_44.25_-118.75,USA,282.1,0,18.6,9.2,3.0,35.0,0.5,0.6,17.5,10.9,0,0,4.9,0.1,32.8,2.53,3.0,0.0,0.0,0,0,0,0,0,0,0,0,0,0,0,0,0,0,0,0,0,0,0,0,0,0,0,0
371,44.25,-118.25,0,CONUS_44.25_-118.25,USA,242.9,0,5.1,1.8,3.0,35.0,0.5,0.6,4.8,10.9,0,0,4.4,0.09,29.7,2.29,3.0,0.0,0.0,0,0,0,0,0,0,0,0,0,0,0,0,0,0,0,0,0,0,0,0,0,0,0,0
372,44.25,-115.75,0,CONUS_44.25_-115.75,USA,337.1,0,5.1,1.8,3.0,35.0,0.5,0.6,4.8,10.9,0,0,4.1,0.08,27.3,2.11,3.0,0.0,0.0,0,0,0,0,0,0,0,0,0,0,0,0,0,0,0,0,0,0,0,0,0,0,0,0
373,44.25,-115.25,0,CONUS_44.25_-115.25,USA,278.8,0,5.1,1.8,3.0,35.0,0.5,0.6,4.8,10.9,0,0,4.1,0.08,27.7,2.14,3.0,0.0,0.0,0,0,0,0,0,0,0,0,0,0,0,0,0,0,0,0,0,0,0,0,0,0,0,0
374,44.25,-114.75,0,CONUS_44.25_-114.75,USA,272.5,0,5.1,1.8,3.0,35.0,0.5,0.6,4.8,10.9,0,0,4.1,0.08,27.9,2.15,3.0,0.0,0.0,0,0,0,0,0,0,0,0,0,0,0,0,0,0,0,0,0,0,0,0,0,0,0,0
375,44.25,-111.25,0,CONUS_44.25_-111.25,USA,238.7,0,5.1,1.8,3.0,35.0,0.5,0.6,4.8,10.9,0,0,4.3,0.09,29.2,2.25,3.0,0.0,0.0,0,0,0,0,0,0,0,0,0,0,0,0,0,0,0,0,0,0,0,0,0,0,0,0
376,44.25,-110.75,0,CONUS_44.25_-110.75,USA,185.2,0,5.1,1.8,3.0,35.0,0.5,0.6,4.8,10.9,0,0,3.7,0.07,24.7,1.91,3.0,0.0,0.0,0,0,0,0,0,0,0,0,0,0,0,0,0,0,0,0,0,0,0,0,0,0,0,0
377,44.25,-110.25,0,CONUS_44.25_-110.25,USA,208.4,0,5.1,1.8,3.0,35.0,0.5,0.6,4.8,10.9,0,0,4.5,0.09,30.3,2.34,3.0,0.0,0.0,0,0,0,0,0,0,0,0,0,0,0,0,0,0,0,0,0,0,0,0,0,0,0,0
378,44.25,-109.75,0,CONUS_44.25_-109.75,USA,409.8,0,5.1,1.8,3.0,35.0,0.5,0.6,4.8,10.9,0,0,6.4,0.13,42.9,3.31,3.0,0.0,0.0,0,0,0,0,0,0,0,0,0,0,0,0,0,0,0,0,0,0,0,0,0,0,0,0
379,44.25,-107.25,0,CONUS_44.25_-107.25,USA,557.0,0,33.0,21.7,3.0,35.0,0.5,0.6,31.0,10.9,0,0,7.6,0.15,51.2,3.95,3.0,0.0,0.0,0,0,0,0,0,0,0,0,0,0,0,0,0,0,0,0,0,0,0,0,0,0,0,0
380,44.25,-103.75,0,CONUS_44.25_-103.75,USA,264.3,0,23.1,11.7,3.0,35.0,0.5,0.6,21.7,10.9,0,0,7.1,0.14,47.7,3.68,3.0,0.0,0.0,0,0,0,0,0,0,0,0,0,0,0,0,0,0,0,0,0,0,0,0,0,0,0,0
381,44.25,-93.75,0,CONUS_44.25_-93.75,USA,23.3,0,21.3,10.2,3.0,35.0,0.5,0.6,20.0,10.9,0,0,5.0,0.1,33.6,2.59,3.0,0.0,0.0,0,0,0,0,0,0,0,0,0,0,0,0,0,0,0,0,0,0,0,0,0,0,0,0
382,44.25,-90.75,0,CONUS_44.25_-90.75,USA,29.6,0,17.1,6.9,3.0,35.0,0.5,0.6,16.1,10.9,0,0,3.9,0.08,26.0,2.0,3.0,0.0,0.0,0,0,0,0,0,0,0,0,0,0,0,0,0,0,0,0,0,0,0,0,0,0,0,0
383,44.25,-90.25,0,CONUS_44.25_-90.25,USA,12.8,0,17.1,6.9,3.0,35.0,0.5,0.6,16.1,10.9,0,0,3.8,0.08,25.6,1.98,3.0,0.0,0.0,0,0,0,0,0,0,0,0,0,0,0,0,0,0,0,0,0,0,0,0,0,0,0,0
384,44.25,-89.75,0,CONUS_44.25_-89.75,USA,16.2,0,5.1,1.8,3.0,35.0,0.5,0.6,4.8,10.9,0,0,4.0,0.08,27.1,2.09,3.0,0.0,0.0,0,0,0,0,0,0,0,0,0,0,0,0,0,0,0,0,0,0,0,0,0,0,0,0
385,44.25,-89.25,0,CONUS_44.25_-89.25,USA,38.9,0,18.8,8.3,3.0,35.0,0.5,0.6,17.7,10.9,0,0,4.3,0.09,28.7,2.21,3.0,0.0,0.0,0,0,0,0,0,0,0,0,0,0,0,0,0,0,0,0,0,0,0,0,0,0,0,0
386,44.25,-88.75,0,CONUS_44.25_-88.75,USA,12.9,0,18.8,8.3,3.0,35.0,0.5,0.6,17.7,10.9,0,0,4.2,0.08,28.6,2.21,3.0,0.0,0.0,0,0,0,0,0,0,0,0,0,0,0,0,0,0,0,0,0,0,0,0,0,0,0,0
387,44.25,-88.25,0,CONUS_44.25_-88.25,USA,26.7,0,18.8,8.3,3.0,35.0,0.5,0.6,17.7,10.9,0,0,3.9,0.08,26.2,2.02,3.0,0.0,0.0,0,0,0,0,0,0,0,0,0,0,0,0,0,0,0,0,0,0,0,0,0,0,0,0
388,44.25,-87.75,0,CONUS_44.25_-87.75,USA,32.9,0,12.3,6.5,3.0,35.0,0.5,0.6,11.6,10.9,0,0,4.0,0.08,27.2,2.1,3.0,0.0,0.0,0,0,0,0,0,0,0,0,0,0,0,0,0,0,0,0,0,0,0,0,0,0,0,0
389,44.25,-87.25,0,CONUS_44.25_-87.25,USA,0.9,0,18.8,8.3,3.0,35.0,0.5,0.6,17.7,10.9,0,0,4.2,0.08,28.3,2.18,3.0,0.0,0.0,0,0,0,0,0,0,0,0,0,0,0,0,0,0,0,0,0,0,0,0,0,0,0,0
390,44.25,-86.75,0,CONUS_44.25_-86.75,USA,0.6,0,18.8,8.3,3.0,35.0,0.5,0.6,17.7,10.9,0,0,4.3,0.09,29.2,2.25,3.0,0.0,0.0,0,0,0,0,0,0,0,0,0,0,0,0,0,0,0,0,0,0,0,0,0,0,0,0
391,44.25,-86.25,0,CONUS_44.25_-86.25,USA,27.4,0,18.8,8.3,3.0,35.0,0.5,0.6,17.7,10.9,0,0,4.4,0.09,29.6,2.28,3.0,0.0,0.0,0,0,0,0,0,0,0,0,0,0,0,0,0,0,0,0,0,0,0,0,0,0,0,0
392,44.25,-85.75,0,CONUS_44.25_-85.75,USA,58.4,0,18.8,8.3,3.0,35.0,0.5,0.6,17.7,10.9,0,0,4.4,0.09,30.0,2.31,3.0,0.0,0.0,0,0,0,0,0,0,0,0,0,0,0,0,0,0,0,0,0,0,0,0,0,0,0,0
393,44.25,-85.25,0,CONUS_44.25_-85.25,USA,34.5,0,18.8,8.3,3.0,35.0,0.5,0.6,17.7,10.9,0,0,4.4,0.09,29.6,2.28,3.0,0.0,0.0,0,0,0,0,0,0,0,0,0,0,0,0,0,0,0,0,0,0,0,0,0,0,0,0
394,44.25,-84.75,0,CONUS_44.25_-84.75,USA,25.1,0,17.1,6.9,3.0,35.0,0.5,0.6,16.1,10.9,0,0,4.0,0.08,27.2,2.1,3.0,0.0,0.0,0,0,0,0,0,0,0,0,0,0,0,0,0,0,0,0,0,0,0,0,0,0,0,0
395,44.25,-84.25,0,CONUS_44.25_-84.25,USA,61.5,0,17.1,6.9,3.0,35.0,0.5,0.6,16.1,10.9,0,0,3.9,0.08,26.3,2.03,3.0,0.0,0.0,0,0,0,0,0,0,0,0,0,0,0,0,0,0,0,0,0,0,0,0,0,0,0,0
396,44.25,-83.75,0,CONUS_44.25_-83.75,USA,37.5,0,17.1,6.9,3.0,35.0,0.5,0.6,16.1,10.9,0,0,3.9,0.08,26.5,2.04,3.0,0.0,0.0,0,0,0,0,0,0,0,0,0,0,0,0,0,0,0,0,0,0,0,0,0,0,0,0
397,44.25,-83.25,0,CONUS_44.25_-83.25,USA,7.7,0,17.9,7.4,3.0,35.0,0.5,0.6,16.8,10.9,0,0,4.0,0.08,27.2,2.1,3.0,0.0,0.0,0,0,0,0,0,0,0,0,0,0,0,0,0,0,0,0,0,0,0,0,0,0,0,0
398,44.25,-82.75,0,CONUS_44.25_-82.75,USA,3.2,0,17.9,7.4,3.0,35.0,0.5,0.6,16.8,10.9,0,0,4.0,0.08,26.7,2.06,3.0,0.0,0.0,0,0,0,0,0,0,0,0,0,0,0,0,0,0,0,0,0,0,0,0,0,0,0,0
399,44.25,-75.25,0,CONUS_44.25_-75.25,USA,109.5,0,14.9,6.7,3.0,35.0,0.5,0.6,14.0,10.9,0,0,5.6,0.11,37.6,2.9,3.0,0.0,0.0,0,0,0,0,0,0,0,0,0,0,0,0,0,0,0,0,0,0,0,0,0,0,0,0
400,44.25,-74.75,0,CONUS_44.25_-74.75,USA,69.0,0,14.9,6.7,3.0,35.0,0.5,0.6,14.0,10.9,0,0,5.6,0.11,37.6,2.9,3.0,0.0,0.0,0,0,0,0,0,0,0,0,0,0,0,0,0,0,0,0,0,0,0,0,0,0,0,0
401,44.25,-74.25,0,CONUS_44.25_-74.25,USA,128.8,0,14.9,6.7,3.0,35.0,0.5,0.6,14.0,10.9,0,0,5.5,0.11,36.9,2.85,3.0,0.0,0.0,0,0,0,0,0,0,0,0,0,0,0,0,0,0,0,0,0,0,0,0,0,0,0,0
402,44.25,-73.75,0,CONUS_44.25_-73.75,USA,255.3,0,14.9,6.7,3.0,35.0,0.5,0.6,14.0,10.9,0,0,4.9,0.1,33.3,2.57,3.0,0.0,0.0,0,0,0,0,0,0,0,0,0,0,0,0,0,0,0,0,0,0,0,0,0,0,0,0
403,44.25,-72.75,0,CONUS_44.25_-72.75,USA,179.9,0,14.9,6.7,3.0,35.0,0.5,0.6,14.0,10.9,0,0,5.6,0.11,37.6,2.9,3.0,0.0,0.0,0,0,0,0,0,0,0,0,0,0,0,0,0,0,0,0,0,0,0,0,0,0,0,0
404,44.25,-72.25,0,CONUS_44.25_-72.25,USA,125.7,0,14.9,6.7,3.0,35.0,0.5,0.6,14.0,10.9,0,0,5.5,0.11,36.8,2.84,3.0,0.0,0.0,0,0,0,0,0,0,0,0,0,0,0,0,0,0,0,0,0,0,0,0,0,0,0,0
405,44.25,-71.75,0,CONUS_44.25_-71.75,USA,230.1,0,14.9,6.7,3.0,35.0,0.5,0.6,14.0,10.9,0,0,5.2,0.1,35.2,2.72,3.0,0.0,0.0,0,0,0,0,0,0,0,0,0,0,0,0,0,0,0,0,0,0,0,0,0,0,0,0
406,44.25,-71.25,0,CONUS_44.25_-71.25,USA,271.6,0,17.1,7.3,3.0,35.0,0.5,0.6,16.1,10.9,0,0,4.9,0.1,32.9,2.54,3.0,0.0,0.0,0,0,0,0,0,0,0,0,0,0,0,0,0,0,0,0,0,0,0,0,0,0,0,0
407,44.25,-70.75,0,CONUS_44.25_-70.75,USA,132.7,0,14.9,6.7,3.0,35.0,0.5,0.6,14.0,10.9,0,0,5.0,0.1,33.9,2.62,3.0,0.0,0.0,0,0,0,0,0,0,0,0,0,0,0,0,0,0,0,0,0,0,0,0,0,0,0,0
408,44.25,-70.25,0,CONUS_44.25_-70.25,USA,65.8,0,17.1,7.3,3.0,35.0,0.5,0.6,16.1,10.9,0,0,4.8,0.1,32.4,2.5,3.0,0.0,0.0,0,0,0,0,0,0,0,0,0,0,0,0,0,0,0,0,0,0,0,0,0,0,0,0
409,44.25,-69.75,0,CONUS_44.25_-69.75,USA,29.5,0,5.1,1.8,3.0,35.0,0.5,0.6,4.8,10.9,0,0,4.4,0.09,29.9,2.3,3.0,0.0,0.0,0,0,0,0,0,0,0,0,0,0,0,0,0,0,0,0,0,0,0,0,0,0,0,0
410,44.25,-69.25,0,CONUS_44.25_-69.25,USA,55.2,0,14.9,6.7,3.0,35.0,0.5,0.6,14.0,10.9,0,0,4.7,0.09,31.9,2.46,3.0,0.0,0.0,0,0,0,0,0,0,0,0,0,0,0,0,0,0,0,0,0,0,0,0,0,0,0,0
411,43.75,-123.75,0,CONUS_43.75_-123.75,USA,105.2,0,22.2,12.5,3.0,35.0,0.5,0.6,20.9,10.9,0,0,5.5,0.11,37.3,2.88,3.0,0.0,0.0,0,0,0,0,0,0,0,0,0,0,0,0,0,0,0,0,0,0,0,0,0,0,0,0
412,43.75,-123.25,0,CONUS_43.75_-123.25,USA,124.0,0,22.2,12.5,3.0,35.0,0.5,0.6,20.9,10.9,0,0,5.5,0.11,37.3,2.88,3.0,0.0,0.0,0,0,0,0,0,0,0,0,0,0,0,0,0,0,0,0,0,0,0,0,0,0,0,0
413,43.75,-122.75,0,CONUS_43.75_-122.75,USA,313.5,0,22.2,12.5,3.0,35.0,0.5,0.6,20.9,10.9,0,0,5.6,0.11,37.6,2.9,3.0,0.0,0.0,0,0,0,0,0,0,0,0,0,0,0,0,0,0,0,0,0,0,0,0,0,0,0,0
414,43.75,-122.25,0,CONUS_43.75_-122.25,USA,401.1,0,22.2,12.5,3.0,35.0,0.5,0.6,20.9,10.9,0,0,5.5,0.11,37.4,2.88,3.0,0.0,0.0,0,0,0,0,0,0,0,0,0,0,0,0,0,0,0,0,0,0,0,0,0,0,0,0
415,43.75,-121.75,0,CONUS_43.75_-121.75,USA,190.5,0,22.2,12.5,3.0,35.0,0.5,0.6,20.9,10.9,0,0,6.0,0.12,40.5,3.13,3.0,0.0,0.0,0,0,0,0,0,0,0,0,0,0,0,0,0,0,0,0,0,0,0,0,0,0,0,0
416,43.75,-121.25,0,CONUS_43.75_-121.25,USA,225.4,0,28.2,17.7,3.0,35.0,0.5,0.6,26.5,10.9,0,0,18.5,0.37,124.8,9.63,3.0,0.0,0.0,0,0,0,0,0,0,0,0,0,0,0,0,0,0,0,0,0,0,0,0,0,0,0,0
417,43.75,-115.75,0,CONUS_43.75_-115.75,USA,288.4,0,5.1,1.8,3.0,35.0,0.5,0.6,4.8,10.9,0,0,3.7,0.07,24.7,1.91,3.0,0.0,0.0,0,0,0,0,0,0,0,0,0,0,0,0,0,0,0,0,0,0,0,0,0,0,0,0
418,43.75,-115.25,0,CONUS_43.75_-115.25,USA,345.5,0,5.1,1.8,3.0,35.0,0.5,0.6,4.8,10.9,0,0,3.7,0.07,24.7,1.91,3.0,0.0,0.0,0,0,0,0,0,0,0,0,0,0,0,0,0,0,0,0,0,0,0,0,0,0,0,0
419,43.75,-114.75,0,CONUS_43.75_-114.75,USA,294.9,0,5.1,1.8,3.0,35.0,0.5,0.6,4.8,10.9,0,0,3.7,0.07,24.7,1.91,3.0,0.0,0.0,0,0,0,0,0,0,0,0,0,0,0,0,0,0,0,0,0,0,0,0,0,0,0,0
420,43.75,-114.25,0,CONUS_43.75_-114.25,USA,395.9,0,5.1,1.8,3.0,35.0,0.5,0.6,4.8,10.9,0,0,3.7,0.07,24.7,1.91,3.0,0.0,0.0,0,0,0,0,0,0,0,0,0,0,0,0,0,0,0,0,0,0,0,0,0,0,0,0
421,43.75,-111.25,0,CONUS_43.75_-111.25,USA,218.5,0,13.0,6.6,3.0,35.0,0.5,0.6,12.2,10.9,0,0,10.5,0.21,70.6,5.44,3.0,0.0,0.0,0,0,0,0,0,0,0,0,0,0,0,0,0,0,0,0,0,0,0,0,0,0,0,0
422,43.75,-110.75,0,CONUS_43.75_-110.75,USA,371.4,0,15.2,5.8,3.0,35.0,0.5,0.6,14.3,10.9,0,0,8.5,0.17,57.4,4.43,3.0,0.0,0.0,0,0,0,0,0,0,0,0,0,0,0,0,0,0,0,0,0,0,0,0,0,0,0,0
423,43.75,-110.25,0,CONUS_43.75_-110.25,USA,256.2,0,23.1,11.7,3.0,35.0,0.5,0.6,21.7,10.9,0,0,6.2,0.12,42.0,3.24,3.0,0.0,0.0,0,0,0,0,0,0,0,0,0,0,0,0,0,0,0,0,0,0,0,0,0,0,0,0
424,43.75,-109.75,0,CONUS_43.75_-109.75,USA,351.3,0,23.1,11.7,3.0,35.0,0.5,0.6,21.7,10.9,0,0,8.3,0.17,56.2,4.34,3.0,0.0,0.0,0,0,0,0,0,0,0,0,0,0,0,0,0,0,0,0,0,0,0,0,0,0,0,0
425,43.75,-103.75,0,CONUS_43.75_-103.75,USA,230.0,0,23.1,11.7,3.0,35.0,0.5,0.6,21.7,10.9,0,0,8.5,0.17,57.3,4.42,3.0,0.0,0.0,0,0,0,0,0,0,0,0,0,0,0,0,0,0,0,0,0,0,0,0,0,0,0,0
426,43.75,-92.25,0,CONUS_43.75_-92.25,USA,30.6,0,12.3,6.5,3.0,35.0,0.5,0.6,11.6,10.9,0,0,4.2,0.08,28.2,2.18,3.0,0.0,0.0,0,0,0,0,0,0,0,0,0,0,0,0,0,0,0,0,0,0,0,0,0,0,0,0
427,43.75,-91.75,0,CONUS_43.75_-91.75,USA,41.4,0,12.3,6.5,3.0,35.0,0.5,0.6,11.6,10.9,0,0,10.2,0.2,68.5,5.28,3.0,0.0,0.0,0,0,0,0,0,0,0,0,0,0,0,0,0,0,0,0,0,0,0,0,0,0,0,0
428,43.75,-88.25,0,CONUS_43.75_-88.25,USA,32.7,0,12.3,6.5,3.0,35.0,0.5,0.6,11.6,10.9,0,0,3.9,0.08,26.2,2.02,3.0,0.0,0.0,0,0,0,0,0,0,0,0,0,0,0,0,0,0,0,0,0,0,0,0,0,0,0,0
429,43.75,-87.75,0,CONUS_43.75_-87.75,USA,38.5,0,12.3,6.5,3.0,35.0,0.5,0.6,11.6,10.9,0,0,5.1,0.1,34.7,2.68,3.0,0.0,0.0,0,0,0,0,0,0,0,0,0,0,0,0,0,0,0,0,0,0,0,0,0,0,0,0
430,43.75,-86.75,0,CONUS_43.75_-86.75,USA,5.4,0,14.1,8.0,3.0,35.0,0.5,0.6,13.2,10.9,0,0,13.7,0.27,92.6,7.14,3.0,0.0,0.0,0,0,0,0,0,0,0,0,0,0,0,0,0,0,0,0,0,0,0,0,0,0,0,0
431,43.75,-86.25,0,CONUS_43.75_-86.25,USA,29.5,0,14.1,8.0,3.0,35.0,0.5,0.6,13.2,10.9,0,0,9.7,0.19,65.2,5.03,3.0,0.0,0.0,0,0,0,0,0,0,0,0,0,0,0,0,0,0,0,0,0,0,0,0,0,0,0,0
432,43.75,-85.75,0,CONUS_43.75_-85.75,USA,37.3,0,18.8,8.3,3.0,35.0,0.5,0.6,17.7,10.9,0,0,4.9,0.1,32.7,2.53,3.0,0.0,0.0,0,0,0,0,0,0,0,0,0,0,0,0,0,0,0,0,0,0,0,0,0,0,0,0
433,43.75,-85.25,0,CONUS_43.75_-85.25,USA,27.8,0,18.8,8.3,3.0,35.0,0.5,0.6,17.7,10.9,0,0,4.3,0.09,29.2,2.25,3.0,0.0,0.0,0,0,0,0,0,0,0,0,0,0,0,0,0,0,0,0,0,0,0,0,0,0,0,0
434,43.75,-84.75,0,CONUS_43.75_-84.75,USA,41.5,0,18.8,8.3,3.0,35.0,0.5,0.6,17.7,10.9,0,0,4.4,0.09,29.9,2.31,3.0,0.0,0.0,0,0,0,0,0,0,0,0,0,0,0,0,0,0,0,0,0,0,0,0,0,0,0,0
435,43.75,-84.25,0,CONUS_43.75_-84.25,USA,13.1,0,17.1,6.9,3.0,35.0,0.5,0.6,16.1,10.9,0,0,4.0,0.08,27.0,2.09,3.0,0.0,0.0,0,0,0,0,0,0,0,0,0,0,0,0,0,0,0,0,0,0,0,0,0,0,0,0
436,43.75,-83.75,0,CONUS_43.75_-83.75,USA,5.2,0,17.9,7.4,3.0,35.0,0.5,0.6,16.8,10.9,0,0,4.0,0.08,27.2,2.1,3.0,0.0,0.0,0,0,0,0,0,0,0,0,0,0,0,0,0,0,0,0,0,0,0,0,0,0,0,0
437,43.75,-83.25,0,CONUS_43.75_-83.25,USA,21.1,0,17.9,7.4,3.0,35.0,0.5,0.6,16.8,10.9,0,0,4.1,0.08,27.6,2.13,3.0,0.0,0.0,0,0,0,0,0,0,0,0,0,0,0,0,0,0,0,0,0,0,0,0,0,0,0,0
438,43.75,-82.75,0,CONUS_43.75_-82.75,USA,26.5,0,17.9,7.4,3.0,35.0,0.5,0.6,16.8,10.9,0,0,4.1,0.08,27.6,2.13,3.0,0.0,0.0,0,0,0,0,0,0,0,0,0,0,0,0,0,0,0,0,0,0,0,0,0,0,0,0
439,43.75,-76.25,0,CONUS_43.75_-76.25,USA,42.0,0,12.3,6.5,3.0,35.0,0.5,0.6,11.6,10.9,0,0,4.4,0.09,29.7,2.29,3.0,0.0,0.0,0,0,0,0,0,0,0,0,0,0,0,0,0,0,0,0,0,0,0,0,0,0,0,0
440,43.75,-75.75,0,CONUS_43.75_-75.75,USA,124.1,0,14.9,6.7,3.0,35.0,0.5,0.6,14.0,10.9,0,0,5.3,0.11,35.9,2.77,3.0,0.0,0.0,0,0,0,0,0,0,0,0,0,0,0,0,0,0,0,0,0,0,0,0,0,0,0,0
441,43.75,-75.25,0,CONUS_43.75_-75.25,USA,108.1,0,14.9,6.7,3.0,35.0,0.5,0.6,14.0,10.9,0,0,5.6,0.11,37.6,2.9,3.0,0.0,0.0,0,0,0,0,0,0,0,0,0,0,0,0,0,0,0,0,0,0,0,0,0,0,0,0
442,43.75,-74.75,0,CONUS_43.75_-74.75,USA,85.5,0,12.3,6.5,3.0,35.0,0.5,0.6,11.6,10.9,0,0,4.7,0.09,31.5,2.43,3.0,0.0,0.0,0,0,0,0,0,0,0,0,0,0,0,0,0,0,0,0,0,0,0,0,0,0,0,0
443,43.75,-74.25,0,CONUS_43.75_-74.25,USA,112.5,0,12.3,6.5,3.0,35.0,0.5,0.6,11.6,10.9,0,0,4.7,0.09,31.5,2.43,3.0,0.0,0.0,0,0,0,0,0,0,0,0,0,0,0,0,0,0,0,0,0,0,0,0,0,0,0,0
444,43.75,-73.75,0,CONUS_43.75_-73.75,USA,136.0,0,14.9,6.7,3.0,35.0,0.5,0.6,14.0,10.9,0,0,4.8,0.1,32.5,2.51,3.0,0.0,0.0,0,0,0,0,0,0,0,0,0,0,0,0,0,0,0,0,0,0,0,0,0,0,0,0
445,43.75,-73.25,0,CONUS_43.75_-73.25,USA,126.4,0,14.9,6.7,3.0,35.0,0.5,0.6,14.0,10.9,0,0,5.4,0.11,36.6,2.82,3.0,0.0,0.0,0,0,0,0,0,0,0,0,0,0,0,0,0,0,0,0,0,0,0,0,0,0,0,0
446,43.75,-72.75,0,CONUS_43.75_-72.75,USA,171.3,0,14.9,6.7,3.0,35.0,0.5,0.6,14.0,10.9,0,0,5.5,0.11,37.0,2.85,3.0,0.0,0.0,0,0,0,0,0,0,0,0,0,0,0,0,0,0,0,0,0,0,0,0,0,0,0,0
447,43.75,-72.25,0,CONUS_43.75_-72.25,USA,116.4,0,17.1,7.3,3.0,35.0,0.5,0.6,16.1,10.9,0,0,4.6,0.09,31.2,2.41,3.0,0.0,0.0,0,0,0,0,0,0,0,0,0,0,0,0,0,0,0,0,0,0,0,0,0,0,0,0
448,43.75,-71.75,0,CONUS_43.75_-71.75,USA,165.4,0,17.1,7.3,3.0,35.0,0.5,0.6,16.1,10.9,0,0,4.1,0.08,27.8,2.15,3.0,0.0,0.0,0,0,0,0,0,0,0,0,0,0,0,0,0,0,0,0,0,0,0,0,0,0,0,0
449,43.75,-71.25,0,CONUS_43.75_-71.25,USA,169.4,0,17.1,7.3,3.0,35.0,0.5,0.6,16.1,10.9,0,0,4.3,0.09,29.1,2.25,3.0,0.0,0.0,0,0,0,0,0,0,0,0,0,0,0,0,0,0,0,0,0,0,0,0,0,0,0,0
450,43.75,-70.75,0,CONUS_43.75_-70.75,USA,62.4,0,17.1,7.3,3.0,35.0,0.5,0.6,16.1,10.9,0,0,4.4,0.09,29.7,2.29,3.0,0.0,0.0,0,0,0,0,0,0,0,0,0,0,0,0,0,0,0,0,0,0,0,0,0,0,0,0
451,43.75,-70.25,0,CONUS_43.75_-70.25,USA,38.6,0,5.1,1.8,3.0,35.0,0.5,0.6,4.8,10.9,0,0,4.5,0.09,30.0,2.32,3.0,0.0,0.0,0,0,0,0,0,0,0,0,0,0,0,0,0,0,0,0,0,0,0,0,0,0,0,0
452,43.25,-124.25,0,CONUS_43.25_-124.25,USA,85.2,0,22.2,12.5,3.0,35.0,0.5,0.6,20.9,10.9,0,0,5.5,0.11,37.3,2.88,3.0,0.0,0.0,0,0,0,0,0,0,0,0,0,0,0,0,0,0,0,0,0,0,0,0,0,0,0,0
453,43.25,-123.75,0,CONUS_43.25_-123.75,USA,174.8,0,22.2,12.5,3.0,35.0,0.5,0.6,20.9,10.9,0,0,5.5,0.11,37.3,2.88,3.0,0.0,0.0,0,0,0,0,0,0,0,0,0,0,0,0,0,0,0,0,0,0,0,0,0,0,0,0
454,43.25,-123.25,0,CONUS_43.25_-123.25,USA,167.7,0,22.2,12.5,3.0,35.0,0.5,0.6,20.9,10.9,0,0,5.5,0.11,37.3,2.88,3.0,0.0,0.0,0,0,0,0,0,0,0,0,0,0,0,0,0,0,0,0,0,0,0,0,0,0,0,0
455,43.25,-122.75,0,CONUS_43.25_-122.75,USA,252.4,0,22.2,12.5,3.0,35.0,0.5,0.6,20.9,10.9,0,0,5.5,0.11,37.3,2.88,3.0,0.0,0.0,0,0,0,0,0,0,0,0,0,0,0,0,0,0,0,0,0,0,0,0,0,0,0,0
456,43.25,-122.25,0,CONUS_43.25_-122.25,USA,318.6,0,22.2,12.5,3.0,35.0,0.5,0.6,20.9,10.9,0,0,5.6,0.11,37.9,2.92,3.0,0.0,0.0,0,0,0,0,0,0,0,0,0,0,0,0,0,0,0,0,0,0,0,0,0,0,0,0
457,43.25,-121.75,0,CONUS_43.25_-121.75,USA,146.5,0,22.2,12.5,3.0,35.0,0.5,0.6,20.9,10.9,0,0,5.9,0.12,40.0,3.09,3.0,0.0,0.0,0,0,0,0,0,0,0,0,0,0,0,0,0,0,0,0,0,0,0,0,0,0,0,0
458,43.25,-121.25,0,CONUS_43.25_-121.25,USA,160.4,0,28.2,17.7,3.0,35.0,0.5,0.6,26.5,10.9,0,0,15.7,0.31,105.7,8.15,3.0,0.0,0.0,0,0,0,0,0,0,0,0,0,0,0,0,0,0,0,0,0,0,0,0,0,0,0,0
459,43.25,-111.25,0,CONUS_43.25_-111.25,USA,264.0,0,15.0,5.8,3.0,35.0,0.5,0.6,14.1,10.9,0,0,6.1,0.12,41.0,3.16,3.0,0.0,0.0,0,0,0,0,0,0,0,0,0,0,0,0,0,0,0,0,0,0,0,0,0,0,0,0
460,43.25,-110.75,0,CONUS_43.25_-110.75,USA,311.1,0,15.0,5.8,3.0,35.0,0.5,0.6,14.1,10.9,0,0,5.4,0.11,36.5,2.81,3.0,0.0,0.0,0,0,0,0,0,0,0,0,0,0,0,0,0,0,0,0,0,0,0,0,0,0,0,0
461,43.25,-110.25,0,CONUS_43.25_-110.25,USA,281.9,0,13.0,6.6,3.0,35.0,0.5,0.6,12.2,10.9,0,0,4.6,0.09,30.9,2.39,3.0,0.0,0.0,0,0,0,0,0,0,0,0,0,0,0,0,0,0,0,0,0,0,0,0,0,0,0,0
462,43.25,-91.75,0,CONUS_43.25_-91.75,USA,33.5,0,12.3,6.5,3.0,35.0,0.5,0.6,11.6,10.9,0,0,3.6,0.07,24.0,1.85,3.0,0.0,0.0,0,0,0,0,0,0,0,0,0,0,0,0,0,0,0,0,0,0,0,0,0,0,0,0
463,43.25,-91.25,0,CONUS_43.25_-91.25,USA,52.3,0,13.6,7.1,3.0,35.0,0.5,0.6,12.8,10.9,0,0,3.7,0.07,25.2,1.95,3.0,0.0,0.0,0,0,0,0,0,0,0,0,0,0,0,0,0,0,0,0,0,0,0,0,0,0,0,0
464,43.25,-90.75,0,CONUS_43.25_-90.75,USA,42.1,0,13.6,7.1,3.0,35.0,0.5,0.6,12.8,10.9,0,0,5.3,0.11,35.6,2.74,3.0,0.0,0.0,0,0,0,0,0,0,0,0,0,0,0,0,0,0,0,0,0,0,0,0,0,0,0,0
465,43.25,-86.25,0,CONUS_43.25_-86.25,USA,15.2,0,14.1,8.0,3.0,35.0,0.5,0.6,13.2,10.9,0,0,14.6,0.29,98.1,7.57,3.0,0.0,0.0,0,0,0,0,0,0,0,0,0,0,0,0,0,0,0,0,0,0,0,0,0,0,0,0
466,43.25,-85.75,0,CONUS_43.25_-85.75,USA,25.3,0,14.1,8.0,3.0,35.0,0.5,0.6,13.2,10.9,0,0,11.9,0.24,80.0,6.17,3.0,0.0,0.0,0,0,0,0,0,0,0,0,0,0,0,0,0,0,0,0,0,0,0,0,0,0,0,0
467,43.25,-85.25,0,CONUS_43.25_-85.25,USA,14.5,0,12.3,6.5,3.0,35.0,0.5,0.6,11.6,10.9,0,0,6.3,0.13,42.2,3.25,3.0,0.0,0.0,0,0,0,0,0,0,0,0,0,0,0,0,0,0,0,0,0,0,0,0,0,0,0,0
468,43.25,-84.75,0,CONUS_43.25_-84.75,USA,18.6,0,18.8,8.3,3.0,35.0,0.5,0.6,17.7,10.9,0,0,4.4,0.09,29.6,2.29,3.0,0.0,0.0,0,0,0,0,0,0,0,0,0,0,0,0,0,0,0,0,0,0,0,0,0,0,0,0
469,43.25,-84.25,0,CONUS_43.25_-84.25,USA,15.1,0,18.8,8.3,3.0,35.0,0.5,0.6,17.7,10.9,0,0,4.3,0.09,28.7,2.22,3.0,0.0,0.0,0,0,0,0,0,0,0,0,0,0,0,0,0,0,0,0,0,0,0,0,0,0,0,0
470,43.25,-83.75,0,CONUS_43.25_-83.75,USA,20.4,0,17.9,7.4,3.0,35.0,0.5,0.6,16.8,10.9,0,0,3.9,0.08,26.0,2.01,3.0,0.0,0.0,0,0,0,0,0,0,0,0,0,0,0,0,0,0,0,0,0,0,0,0,0,0,0,0
471,43.25,-83.25,0,CONUS_43.25_-83.25,USA,16.6,0,13.6,7.1,3.0,35.0,0.5,0.6,12.8,10.9,0,0,3.5,0.07,23.9,1.85,3.0,0.0,0.0,0,0,0,0,0,0,0,0,0,0,0,0,0,0,0,0,0,0,0,0,0,0,0,0
472,43.25,-82.75,0,CONUS_43.25_-82.75,USA,18.6,0,17.9,7.4,3.0,35.0,0.5,0.6,16.8,10.9,0,0,3.8,0.08,25.9,2.0,3.0,0.0,0.0,0,0,0,0,0,0,0,0,0,0,0,0,0,0,0,0,0,0,0,0,0,0,0,0
473,43.25,-75.75,0,CONUS_43.25_-75.75,USA,92.1,0,14.9,6.7,3.0,35.0,0.5,0.6,14.0,10.9,0,0,4.6,0.09,30.8,2.38,3.0,0.0,0.0,0,0,0,0,0,0,0,0,0,0,0,0,0,0,0,0,0,0,0,0,0,0,0,0
474,43.25,-74.75,0,CONUS_43.25_-74.75,USA,155.9,0,12.3,6.5,3.0,35.0,0.5,0.6,11.6,10.9,0,0,4.2,0.08,28.0,2.16,3.0,0.0,0.0,0,0,0,0,0,0,0,0,0,0,0,0,0,0,0,0,0,0,0,0,0,0,0,0
475,43.25,-74.25,0,CONUS_43.25_-74.25,USA,140.5,0,12.3,6.5,3.0,35.0,0.5,0.6,11.6,10.9,0,0,4.5,0.09,30.1,2.32,3.0,0.0,0.0,0,0,0,0,0,0,0,0,0,0,0,0,0,0,0,0,0,0,0,0,0,0,0,0
476,43.25,-73.75,0,CONUS_43.25_-73.75,USA,149.2,0,14.9,6.7,3.0,35.0,0.5,0.6,14.0,10.9,0,0,5.4,0.11,36.2,2.8,3.0,0.0,0.0,0,0,0,0,0,0,0,0,0,0,0,0,0,0,0,0,0,0,0,0,0,0,0,0
477,43.25,-73.25,0,CONUS_43.25_-73.25,USA,194.8,0,14.9,6.7,3.0,35.0,0.5,0.6,14.0,10.9,0,0,5.2,0.1,35.1,2.71,3.0,0.0,0.0,0,0,0,0,0,0,0,0,0,0,0,0,0,0,0,0,0,0,0,0,0,0,0,0
478,43.25,-72.75,0,CONUS_43.25_-72.75,USA,162.4,0,14.9,6.7,3.0,35.0,0.5,0.6,14.0,10.9,0,0,4.9,0.1,32.9,2.54,3.0,0.0,0.0,0,0,0,0,0,0,0,0,0,0,0,0,0,0,0,0,0,0,0,0,0,0,0,0
479,43.25,-72.25,0,CONUS_43.25_-72.25,USA,120.3,0,17.1,7.3,3.0,35.0,0.5,0.6,16.1,10.9,0,0,4.4,0.09,29.5,2.28,3.0,0.0,0.0,0,0,0,0,0,0,0,0,0,0,0,0,0,0,0,0,0,0,0,0,0,0,0,0
480,43.25,-71.75,0,CONUS_43.25_-71.75,USA,93.7,0,17.1,7.3,3.0,35.0,0.5,0.6,16.1,10.9,0,0,4.5,0.09,30.0,2.31,3.0,0.0,0.0,0,0,0,0,0,0,0,0,0,0,0,0,0,0,0,0,0,0,0,0,0,0,0,0
481,43.25,-70.75,0,CONUS_43.25_-70.75,USA,45.7,0,14.9,6.7,3.0,35.0,0.5,0.6,14.0,10.9,0,0,5.4,0.11,36.6,2.82,3.0,0.0,0.0,0,0,0,0,0,0,0,0,0,0,0,0,0,0,0,0,0,0,0,0,0,0,0,0
482,42.75,-124.25,0,CONUS_42.75_-124.25,USA,224.9,0,22.2,12.5,3.0,35.0,0.5,0.6,20.9,10.9,0,0,5.5,0.11,37.3,2.88,3.0,0.0,0.0,0,0,0,0,0,0,0,0,0,0,0,0,0,0,0,0,0,0,0,0,0,0,0,0
483,42.75,-123.75,0,CONUS_42.75_-123.75,USA,246.1,0,22.2,12.5,3.0,35.0,0.5,0.6,20.9,10.9,0,0,5.4,0.11,36.7,2.83,3.0,0.0,0.0,0,0,0,0,0,0,0,0,0,0,0,0,0,0,0,0,0,0,0,0,0,0,0,0
484,42.75,-123.25,0,CONUS_42.75_-123.25,USA,230.3,0,22.2,12.5,3.0,35.0,0.5,0.6,20.9,10.9,0,0,5.4,0.11,36.4,2.81,3.0,0.0,0.0,0,0,0,0,0,0,0,0,0,0,0,0,0,0,0,0,0,0,0,0,0,0,0,0
485,42.75,-122.75,0,CONUS_42.75_-122.75,USA,274.3,0,22.2,12.5,3.0,35.0,0.5,0.6,20.9,10.9,0,0,5.5,0.11,37.3,2.88,3.0,0.0,0.0,0,0,0,0,0,0,0,0,0,0,0,0,0,0,0,0,0,0,0,0,0,0,0,0
486,42.75,-122.25,0,CONUS_42.75_-122.25,USA,365.2,0,22.2,12.5,3.0,35.0,0.5,0.6,20.9,10.9,0,0,5.5,0.11,37.3,2.88,3.0,0.0,0.0,0,0,0,0,0,0,0,0,0,0,0,0,0,0,0,0,0,0,0,0,0,0,0,0
487,42.75,-121.75,0,CONUS_42.75_-121.75,USA,120.5,0,22.2,12.5,3.0,35.0,0.5,0.6,20.9,10.9,0,0,5.4,0.11,36.6,2.82,3.0,0.0,0.0,0,0,0,0,0,0,0,0,0,0,0,0,0,0,0,0,0,0,0,0,0,0,0,0
488,42.75,-121.25,0,CONUS_42.75_-121.25,USA,171.3,0,30.6,19.1,3.0,35.0,0.5,0.6,28.7,10.9,0,0,7.1,0.14,48.0,3.71,3.0,0.0,0.0,0,0,0,0,0,0,0,0,0,0,0,0,0,0,0,0,0,0,0,0,0,0,0,0
489,42.75,-120.75,0,CONUS_42.75_-120.75,USA,309.9,0,28.2,17.7,3.0,35.0,0.5,0.6,26.5,10.9,0,0,13.8,0.28,92.9,7.17,3.0,0.0,0.0,0,0,0,0,0,0,0,0,0,0,0,0,0,0,0,0,0,0,0,0,0,0,0,0
490,42.75,-111.25,0,CONUS_42.75_-111.25,USA,186.3,0,15.0,5.8,3.0,35.0,0.5,0.6,14.1,10.9,0,0,7.7,0.15,51.8,4.0,3.0,0.0,0.0,0,0,0,0,0,0,0,0,0,0,0,0,0,0,0,0,0,0,0,0,0,0,0,0
491,42.75,-110.75,0,CONUS_42.75_-110.75,USA,339.9,0,15.0,5.8,3.0,35.0,0.5,0.6,14.1,10.9,0,0,7.2,0.14,48.5,3.74,3.0,0.0,0.0,0,0,0,0,0,0,0,0,0,0,0,0,0,0,0,0,0,0,0,0,0,0,0,0
492,42.75,-109.25,0,CONUS_42.75_-109.25,USA,399.3,0,14.0,8.0,3.0,35.0,0.5,0.6,13.2,10.9,0,0,7.0,0.14,47.0,3.62,3.0,0.0,0.0,0,0,0,0,0,0,0,0,0,0,0,0,0,0,0,0,0,0,0,0,0,0,0,0
493,42.75,-91.25,0,CONUS_42.75_-91.25,USA,41.8,0,18.8,8.3,3.0,35.0,0.5,0.6,17.7,10.9,0,0,4.5,0.09,30.0,2.32,3.0,0.0,0.0,0,0,0,0,0,0,0,0,0,0,0,0,0,0,0,0,0,0,0,0,0,0,0,0
494,42.75,-90.75,0,CONUS_42.75_-90.75,USA,41.1,0,19.3,9.2,3.0,35.0,0.5,0.6,18.1,10.9,0,0,4.9,0.1,33.3,2.57,3.0,0.0,0.0,0,0,0,0,0,0,0,0,0,0,0,0,0,0,0,0,0,0,0,0,0,0,0,0
495,42.75,-86.25,0,CONUS_42.75_-86.25,USA,12.4,0,25.7,14.9,3.0,35.0,0.5,0.6,24.1,10.9,0,0,5.3,0.11,36.0,2.78,3.0,0.0,0.0,0,0,0,0,0,0,0,0,0,0,0,0,0,0,0,0,0,0,0,0,0,0,0,0
496,42.75,-85.75,0,CONUS_42.75_-85.75,USA,19.8,0,18.8,8.3,3.0,35.0,0.5,0.6,17.7,10.9,0,0,5.3,0.11,35.6,2.75,3.0,0.0,0.0,0,0,0,0,0,0,0,0,0,0,0,0,0,0,0,0,0,0,0,0,0,0,0,0
497,42.75,-85.25,0,CONUS_42.75_-85.25,USA,21.6,0,18.8,8.3,3.0,35.0,0.5,0.6,17.7,10.9,0,0,5.0,0.1,33.8,2.61,3.0,0.0,0.0,0,0,0,0,0,0,0,0,0,0,0,0,0,0,0,0,0,0,0,0,0,0,0,0
498,42.75,-84.75,0,CONUS_42.75_-84.75,USA,19.2,0,18.8,8.3,3.0,35.0,0.5,0.6,17.7,10.9,0,0,4.2,0.08,28.3,2.18,3.0,0.0,0.0,0,0,0,0,0,0,0,0,0,0,0,0,0,0,0,0,0,0,0,0,0,0,0,0
499,42.75,-84.25,0,CONUS_42.75_-84.25,USA,17.4,0,18.8,8.3,3.0,35.0,0.5,0.6,17.7,10.9,0,0,4.3,0.09,29.2,2.25,3.0,0.0,0.0,0,0,0,0,0,0,0,0,0,0,0,0,0,0,0,0,0,0,0,0,0,0,0,0
500,42.75,-73.25,0,CONUS_42.75_-73.25,USA,183.3,0,17.9,7.4,3.0,35.0,0.5,0.6,16.8,10.9,0,0,4.2,0.08,28.1,2.17,3.0,0.0,0.0,0,0,0,0,0,0,0,0,0,0,0,0,0,0,0,0,0,0,0,0,0,0,0,0
501,42.75,-72.75,0,CONUS_42.75_-72.75,USA,187.7,0,17.9,7.4,3.0,35.0,0.5,0.6,16.8,10.9,0,0,4.1,0.08,27.6,2.13,3.0,0.0,0.0,0,0,0,0,0,0,0,0,0,0,0,0,0,0,0,0,0,0,0,0,0,0,0,0
502,42.75,-72.25,0,CONUS_42.75_-72.25,USA,88.3,0,17.9,7.4,3.0,35.0,0.5,0.6,16.8,10.9,0,0,4.1,0.08,27.6,2.13,3.0,0.0,0.0,0,0,0,0,0,0,0,0,0,0,0,0,0,0,0,0,0,0,0,0,0,0,0,0
503,42.75,-71.75,0,CONUS_42.75_-71.75,USA,109.0,0,17.9,7.4,3.0,35.0,0.5,0.6,16.8,10.9,0,0,4.1,0.08,27.6,2.13,3.0,0.0,0.0,0,0,0,0,0,0,0,0,0,0,0,0,0,0,0,0,0,0,0,0,0,0,0,0
504,42.25,-124.25,0,CONUS_42.25_-124.25,USA,266.6,0,22.2,12.5,3.0,35.0,0.5,0.6,20.9,10.9,0,0,5.5,0.11,37.3,2.88,3.0,0.0,0.0,0,0,0,0,0,0,0,0,0,0,0,0,0,0,0,0,0,0,0,0,0,0,0,0
505,42.25,-123.75,0,CONUS_42.25_-123.75,USA,242.1,0,22.2,12.5,3.0,35.0,0.5,0.6,20.9,10.9,0,0,5.3,0.11,35.6,2.75,3.0,0.0,0.0,0,0,0,0,0,0,0,0,0,0,0,0,0,0,0,0,0,0,0,0,0,0,0,0
506,42.25,-123.25,0,CONUS_42.25_-123.25,USA,356.6,0,22.2,12.5,3.0,35.0,0.5,0.6,20.9,10.9,0,0,5.3,0.11,35.5,2.74,3.0,0.0,0.0,0,0,0,0,0,0,0,0,0,0,0,0,0,0,0,0,0,0,0,0,0,0,0,0
507,42.25,-122.75,0,CONUS_42.25_-122.75,USA,418.0,0,33.0,21.7,3.0,35.0,0.5,0.6,31.0,10.9,0,0,5.0,0.1,33.6,2.59,3.0,0.0,0.0,0,0,0,0,0,0,0,0,0,0,0,0,0,0,0,0,0,0,0,0,0,0,0,0
508,42.25,-122.25,0,CONUS_42.25_-122.25,USA,263.7,0,33.5,21.2,3.0,35.0,0.5,0.6,31.5,10.9,0,0,5.6,0.11,38.0,2.93,3.0,0.0,0.0,0,0,0,0,0,0,0,0,0,0,0,0,0,0,0,0,0,0,0,0,0,0,0,0
509,42.25,-121.75,0,CONUS_42.25_-121.75,USA,149.3,0,33.5,21.2,3.0,35.0,0.5,0.6,31.5,10.9,0,0,5.6,0.11,37.5,2.89,3.0,0.0,0.0,0,0,0,0,0,0,0,0,0,0,0,0,0,0,0,0,0,0,0,0,0,0,0,0
510,42.25,-120.75,0,CONUS_42.25_-120.75,USA,167.7,0,30.6,19.1,3.0,35.0,0.5,0.6,28.7,10.9,0,0,6.5,0.13,44.1,3.4,3.0,0.0,0.0,0,0,0,0,0,0,0,0,0,0,0,0,0,0,0,0,0,0,0,0,0,0,0,0
511,42.25,-120.25,0,CONUS_42.25_-120.25,USA,217.8,0,27.1,15.4,3.0,35.0,0.5,0.6,25.4,10.9,0,0,8.4,0.17,56.7,4.37,3.0,0.0,0.0,0,0,0,0,0,0,0,0,0,0,0,0,0,0,0,0,0,0,0,0,0,0,0,0
512,42.25,-90.75,0,CONUS_42.25_-90.75,USA,34.7,0,13.6,7.1,3.0,35.0,0.5,0.6,12.8,10.9,0,0,3.8,0.08,25.3,1.95,3.0,0.0,0.0,0,0,0,0,0,0,0,0,0,0,0,0,0,0,0,0,0,0,0,0,0,0,0,0
513,42.25,-90.25,0,CONUS_42.25_-90.25,USA,36.7,0,18.8,8.3,3.0,35.0,0.5,0.6,17.7,10.9,0,0,4.0,0.08,26.7,2.06,3.0,0.0,0.0,0,0,0,0,0,0,0,0,0,0,0,0,0,0,0,0,0,0,0,0,0,0,0,0
514,42.25,-86.25,0,CONUS_42.25_-86.25,USA,22.9,0,18.7,8.3,3.0,35.0,0.5,0.6,17.5,10.9,0,0,5.2,0.1,35.3,2.72,3.0,0.0,0.0,0,0,0,0,0,0,0,0,0,0,0,0,0,0,0,0,0,0,0,0,0,0,0,0
515,42.25,-85.75,0,CONUS_42.25_-85.75,USA,22.8,0,18.7,8.3,3.0,35.0,0.5,0.6,17.5,10.9,0,0,5.0,0.1,34.0,2.62,3.0,0.0,0.0,0,0,0,0,0,0,0,0,0,0,0,0,0,0,0,0,0,0,0,0,0,0,0,0
516,42.25,-85.25,0,CONUS_42.25_-85.25,USA,12.3,0,18.7,8.3,3.0,35.0,0.5,0.6,17.5,10.9,0,0,5.0,0.1,33.8,2.61,3.0,0.0,0.0,0,0,0,0,0,0,0,0,0,0,0,0,0,0,0,0,0,0,0,0,0,0,0,0
517,42.25,-84.75,0,CONUS_42.25_-84.75,USA,17.5,0,18.8,8.3,3.0,35.0,0.5,0.6,17.7,10.9,0,0,4.7,0.09,31.8,2.46,3.0,0.0,0.0,0,0,0,0,0,0,0,0,0,0,0,0,0,0,0,0,0,0,0,0,0,0,0,0
518,42.25,-80.25,0,CONUS_42.25_-80.25,USA,45.6,0,17.9,7.4,3.0,35.0,0.5,0.6,16.8,10.9,0,0,4.1,0.08,27.6,2.13,3.0,0.0,0.0,0,0,0,0,0,0,0,0,0,0,0,0,0,0,0,0,0,0,0,0,0,0,0,0
519,42.25,-79.75,0,CONUS_42.25_-79.75,USA,138.9,0,17.9,7.4,3.0,35.0,0.5,0.6,16.8,10.9,0,0,4.5,0.09,30.1,2.32,3.0,0.0,0.0,0,0,0,0,0,0,0,0,0,0,0,0,0,0,0,0,0,0,0,0,0,0,0,0
520,42.25,-79.25,0,CONUS_42.25_-79.25,USA,98.4,0,27.2,16.3,3.0,35.0,0.5,0.6,25.6,10.9,0,0,10.3,0.21,69.3,5.34,3.0,0.0,0.0,0,0,0,0,0,0,0,0,0,0,0,0,0,0,0,0,0,0,0,0,0,0,0,0
521,42.25,-78.75,0,CONUS_42.25_-78.75,USA,104.3,0,5.1,1.8,3.0,35.0,0.5,0.6,4.8,10.9,0,0,6.8,0.14,46.1,3.55,3.0,0.0,0.0,0,0,0,0,0,0,0,0,0,0,0,0,0,0,0,0,0,0,0,0,0,0,0,0
522,42.25,-78.25,0,CONUS_42.25_-78.25,USA,81.9,0,17.9,7.4,3.0,35.0,0.5,0.6,16.8,10.9,0,0,3.9,0.08,26.6,2.05,3.0,0.0,0.0,0,0,0,0,0,0,0,0,0,0,0,0,0,0,0,0,0,0,0,0,0,0,0,0
523,42.25,-77.75,0,CONUS_42.25_-77.75,USA,90.5,0,17.9,7.4,3.0,35.0,0.5,0.6,16.8,10.9,0,0,4.1,0.08,27.6,2.13,3.0,0.0,0.0,0,0,0,0,0,0,0,0,0,0,0,0,0,0,0,0,0,0,0,0,0,0,0,0
524,42.25,-77.25,0,CONUS_42.25_-77.25,USA,83.7,0,17.9,7.4,3.0,35.0,0.5,0.6,16.8,10.9,0,0,4.1,0.08,27.6,2.13,3.0,0.0,0.0,0,0,0,0,0,0,0,0,0,0,0,0,0,0,0,0,0,0,0,0,0,0,0,0
525,42.25,-76.75,0,CONUS_42.25_-76.75,USA,93.6,0,17.9,7.4,3.0,35.0,0.5,0.6,16.8,10.9,0,0,4.1,0.08,27.6,2.13,3.0,0.0,0.0,0,0,0,0,0,0,0,0,0,0,0,0,0,0,0,0,0,0,0,0,0,0,0,0
526,42.25,-75.75,0,CONUS_42.25_-75.75,USA,64.6,0,17.9,7.4,3.0,35.0,0.5,0.6,16.8,10.9,0,0,4.1,0.08,27.6,2.13,3.0,0.0,0.0,0,0,0,0,0,0,0,0,0,0,0,0,0,0,0,0,0,0,0,0,0,0,0,0
527,42.25,-75.25,0,CONUS_42.25_-75.25,USA,87.3,0,17.9,7.4,3.0,35.0,0.5,0.6,16.8,10.9,0,0,4.1,0.08,27.5,2.12,3.0,0.0,0.0,0,0,0,0,0,0,0,0,0,0,0,0,0,0,0,0,0,0,0,0,0,0,0,0
528,42.25,-74.75,0,CONUS_42.25_-74.75,USA,117.5,0,17.9,7.4,3.0,35.0,0.5,0.6,16.8,10.9,0,0,4.2,0.08,28.4,2.19,3.0,0.0,0.0,0,0,0,0,0,0,0,0,0,0,0,0,0,0,0,0,0,0,0,0,0,0,0,0
529,42.25,-74.25,0,CONUS_42.25_-74.25,USA,220.3,0,17.9,7.4,3.0,35.0,0.5,0.6,16.8,10.9,0,0,4.1,0.08,27.4,2.11,3.0,0.0,0.0,0,0,0,0,0,0,0,0,0,0,0,0,0,0,0,0,0,0,0,0,0,0,0,0
530,42.25,-73.25,0,CONUS_42.25_-73.25,USA,105.0,0,17.9,7.4,3.0,35.0,0.5,0.6,16.8,10.9,0,0,4.4,0.09,29.4,2.27,3.0,0.0,0.0,0,0,0,0,0,0,0,0,0,0,0,0,0,0,0,0,0,0,0,0,0,0,0,0
531,42.25,-72.75,0,CONUS_42.25_-72.75,USA,142.7,0,17.9,7.4,3.0,35.0,0.5,0.6,16.8,10.9,0,0,4.3,0.09,29.0,2.24,3.0,0.0,0.0,0,0,0,0,0,0,0,0,0,0,0,0,0,0,0,0,0,0,0,0,0,0,0,0
532,42.25,-72.25,0,CONUS_42.25_-72.25,USA,68.6,0,14.9,6.7,3.0,35.0,0.5,0.6,14.0,10.9,0,0,4.9,0.1,32.9,2.54,3.0,0.0,0.0,0,0,0,0,0,0,0,0,0,0,0,0,0,0,0,0,0,0,0,0,0,0,0,0
533,42.25,-71.25,0,CONUS_42.25_-71.25,USA,25.2,0,14.9,6.7,3.0,35.0,0.5,0.6,14.0,10.9,0,0,5.3,0.11,36.0,2.78,3.0,0.0,0.0,0,0,0,0,0,0,0,0,0,0,0,0,0,0,0,0,0,0,0,0,0,0,0,0
534,41.75,-123.75,0,CONUS_41.75_-123.75,USA,367.1,0,22.2,12.5,3.0,35.0,0.5,0.6,20.9,10.9,0,0,5.5,0.11,37.3,2.88,3.0,0.0,0.0,0,0,0,0,0,0,0,0,0,0,0,0,0,0,0,0,0,0,0,0,0,0,0,0
535,41.75,-123.25,0,CONUS_41.75_-123.25,USA,427.8,0,22.2,12.5,3.0,35.0,0.5,0.6,20.9,10.9,0,0,5.5,0.11,37.1,2.86,3.0,0.0,0.0,0,0,0,0,0,0,0,0,0,0,0,0,0,0,0,0,0,0,0,0,0,0,0,0
536,41.75,-122.75,0,CONUS_41.75_-122.75,USA,273.1,0,33.0,21.7,3.0,35.0,0.5,0.6,31.0,10.9,0,0,4.9,0.1,33.2,2.56,3.0,0.0,0.0,0,0,0,0,0,0,0,0,0,0,0,0,0,0,0,0,0,0,0,0,0,0,0,0
537,41.75,-122.25,0,CONUS_41.75_-122.25,USA,391.1,0,33.0,21.7,3.0,35.0,0.5,0.6,31.0,10.9,0,0,4.3,0.09,29.0,2.24,3.0,0.0,0.0,0,0,0,0,0,0,0,0,0,0,0,0,0,0,0,0,0,0,0,0,0,0,0,0
538,41.75,-121.75,0,CONUS_41.75_-121.75,USA,249.6,0,5.1,1.8,3.0,35.0,0.5,0.6,4.8,10.9,0,0,2.9,0.06,19.5,1.51,3.0,0.0,0.0,0,0,0,0,0,0,0,0,0,0,0,0,0,0,0,0,0,0,0,0,0,0,0,0
539,41.75,-111.75,0,CONUS_41.75_-111.75,USA,406.6,0,15.0,5.8,3.0,35.0,0.5,0.6,14.1,10.9,0,0,7.0,0.14,47.3,3.65,3.0,0.0,0.0,0,0,0,0,0,0,0,0,0,0,0,0,0,0,0,0,0,0,0,0,0,0,0,0
540,41.75,-86.75,0,CONUS_41.75_-86.75,USA,27.6,0,18.7,8.3,3.0,35.0,0.5,0.6,17.5,10.9,0,0,5.0,0.1,33.6,2.59,3.0,0.0,0.0,0,0,0,0,0,0,0,0,0,0,0,0,0,0,0,0,0,0,0,0,0,0,0,0
541,41.75,-85.75,0,CONUS_41.75_-85.75,USA,16.6,0,18.7,8.3,3.0,35.0,0.5,0.6,17.5,10.9,0,0,5.3,0.11,35.8,2.76,3.0,0.0,0.0,0,0,0,0,0,0,0,0,0,0,0,0,0,0,0,0,0,0,0,0,0,0,0,0
542,41.75,-85.25,0,CONUS_41.75_-85.25,USA,16.2,0,18.8,8.3,3.0,35.0,0.5,0.6,17.7,10.9,0,0,4.9,0.1,32.9,2.54,3.0,0.0,0.0,0,0,0,0,0,0,0,0,0,0,0,0,0,0,0,0,0,0,0,0,0,0,0,0
543,41.75,-84.75,0,CONUS_41.75_-84.75,USA,27.5,0,18.8,8.3,3.0,35.0,0.5,0.6,17.7,10.9,0,0,4.6,0.09,31.1,2.4,3.0,0.0,0.0,0,0,0,0,0,0,0,0,0,0,0,0,0,0,0,0,0,0,0,0,0,0,0,0
544,41.75,-84.25,0,CONUS_41.75_-84.25,USA,36.2,0,18.2,9.6,3.0,35.0,0.5,0.6,17.1,10.9,0,0,4.7,0.09,31.9,2.46,3.0,0.0,0.0,0,0,0,0,0,0,0,0,0,0,0,0,0,0,0,0,0,0,0,0,0,0,0,0
545,41.75,-83.75,0,CONUS_41.75_-83.75,USA,13.2,0,18.2,9.6,3.0,35.0,0.5,0.6,17.1,10.9,0,0,5.4,0.11,36.7,2.83,3.0,0.0,0.0,0,0,0,0,0,0,0,0,0,0,0,0,0,0,0,0,0,0,0,0,0,0,0,0
546,41.75,-83.25,0,CONUS_41.75_-83.25,USA,5.2,0,18.6,11.0,3.0,35.0,0.5,0.6,17.5,10.9,0,0,7.3,0.15,49.5,3.82,3.0,0.0,0.0,0,0,0,0,0,0,0,0,0,0,0,0,0,0,0,0,0,0,0,0,0,0,0,0
547,41.75,-81.25,0,CONUS_41.75_-81.25,USA,77.1,0,17.9,7.4,3.0,35.0,0.5,0.6,16.8,10.9,0,0,4.8,0.1,32.2,2.49,3.0,0.0,0.0,0,0,0,0,0,0,0,0,0,0,0,0,0,0,0,0,0,0,0,0,0,0,0,0
548,41.75,-80.75,0,CONUS_41.75_-80.75,USA,54.0,0,17.9,7.4,3.0,35.0,0.5,0.6,16.8,10.9,0,0,4.7,0.09,31.6,2.44,3.0,0.0,0.0,0,0,0,0,0,0,0,0,0,0,0,0,0,0,0,0,0,0,0,0,0,0,0,0
549,41.75,-80.25,0,CONUS_41.75_-80.25,USA,58.2,0,17.9,7.4,3.0,35.0,0.5,0.6,16.8,10.9,0,0,4.2,0.08,28.0,2.16,3.0,0.0,0.0,0,0,0,0,0,0,0,0,0,0,0,0,0,0,0,0,0,0,0,0,0,0,0,0
550,41.75,-79.75,0,CONUS_41.75_-79.75,USA,45.2,0,17.9,7.4,3.0,35.0,0.5,0.6,16.8,10.9,0,0,5.6,0.11,37.5,2.9,3.0,0.0,0.0,0,0,0,0,0,0,0,0,0,0,0,0,0,0,0,0,0,0,0,0,0,0,0,0
551,41.75,-79.25,0,CONUS_41.75_-79.25,USA,63.7,0,27.2,16.3,3.0,35.0,0.5,0.6,25.6,10.9,0,0,11.2,0.22,75.4,5.82,3.0,0.0,0.0,0,0,0,0,0,0,0,0,0,0,0,0,0,0,0,0,0,0,0,0,0,0,0,0
552,41.75,-78.75,0,CONUS_41.75_-78.75,USA,70.4,0,5.1,1.8,3.0,35.0,0.5,0.6,4.8,10.9,0,0,4.5,0.09,30.5,2.36,3.0,0.0,0.0,0,0,0,0,0,0,0,0,0,0,0,0,0,0,0,0,0,0,0,0,0,0,0,0
553,41.75,-78.25,0,CONUS_41.75_-78.25,USA,82.0,0,5.1,1.8,3.0,35.0,0.5,0.6,4.8,10.9,0,0,3.7,0.07,24.7,1.91,3.0,0.0,0.0,0,0,0,0,0,0,0,0,0,0,0,0,0,0,0,0,0,0,0,0,0,0,0,0
554,41.75,-77.75,0,CONUS_41.75_-77.75,USA,83.0,0,5.1,1.8,3.0,35.0,0.5,0.6,4.8,10.9,0,0,3.8,0.08,25.9,2.0,3.0,0.0,0.0,0,0,0,0,0,0,0,0,0,0,0,0,0,0,0,0,0,0,0,0,0,0,0,0
555,41.75,-77.25,0,CONUS_41.75_-77.25,USA,86.9,0,17.9,7.4,3.0,35.0,0.5,0.6,16.8,10.9,0,0,4.1,0.08,27.5,2.12,3.0,0.0,0.0,0,0,0,0,0,0,0,0,0,0,0,0,0,0,0,0,0,0,0,0,0,0,0,0
556,41.75,-76.75,0,CONUS_41.75_-76.75,USA,103.2,0,17.9,7.4,3.0,35.0,0.5,0.6,16.8,10.9,0,0,4.1,0.08,27.6,2.13,3.0,0.0,0.0,0,0,0,0,0,0,0,0,0,0,0,0,0,0,0,0,0,0,0,0,0,0,0,0
557,41.75,-76.25,0,CONUS_41.75_-76.25,USA,92.3,0,17.9,7.4,3.0,35.0,0.5,0.6,16.8,10.9,0,0,4.1,0.08,27.6,2.13,3.0,0.0,0.0,0,0,0,0,0,0,0,0,0,0,0,0,0,0,0,0,0,0,0,0,0,0,0,0
558,41.75,-75.75,0,CONUS_41.75_-75.75,USA,83.2,0,17.9,7.4,3.0,35.0,0.5,0.6,16.8,10.9,0,0,4.1,0.08,27.6,2.13,3.0,0.0,0.0,0,0,0,0,0,0,0,0,0,0,0,0,0,0,0,0,0,0,0,0,0,0,0,0
559,41.75,-75.25,0,CONUS_41.75_-75.25,USA,82.7,0,17.9,7.4,3.0,35.0,0.5,0.6,16.8,10.9,0,0,4.1,0.08,27.6,2.13,3.0,0.0,0.0,0,0,0,0,0,0,0,0,0,0,0,0,0,0,0,0,0,0,0,0,0,0,0,0
560,41.75,-74.75,0,CONUS_41.75_-74.75,USA,120.4,0,17.9,7.4,3.0,35.0,0.5,0.6,16.8,10.9,0,0,4.1,0.08,27.6,2.13,3.0,0.0,0.0,0,0,0,0,0,0,0,0,0,0,0,0,0,0,0,0,0,0,0,0,0,0,0,0
561,41.75,-74.25,0,CONUS_41.75_-74.25,USA,186.9,0,17.9,7.4,3.0,35.0,0.5,0.6,16.8,10.9,0,0,4.8,0.1,32.2,2.48,3.0,0.0,0.0,0,0,0,0,0,0,0,0,0,0,0,0,0,0,0,0,0,0,0,0,0,0,0,0
562,41.75,-73.75,0,CONUS_41.75_-73.75,USA,90.2,0,14.9,6.7,3.0,35.0,0.5,0.6,14.0,10.9,0,0,5.3,0.11,35.7,2.76,3.0,0.0,0.0,0,0,0,0,0,0,0,0,0,0,0,0,0,0,0,0,0,0,0,0,0,0,0,0
563,41.75,-73.25,0,CONUS_41.75_-73.25,USA,89.9,0,14.9,6.7,3.0,35.0,0.5,0.6,14.0,10.9,0,0,4.9,0.1,33.1,2.55,3.0,0.0,0.0,0,0,0,0,0,0,0,0,0,0,0,0,0,0,0,0,0,0,0,0,0,0,0,0
564,41.75,-70.75,0,CONUS_41.75_-70.75,USA,14.5,0,17.7,10.0,3.0,35.0,0.5,0.6,16.6,10.9,0,0,6.8,0.14,45.8,3.54,3.0,0.0,0.0,0,0,0,0,0,0,0,0,0,0,0,0,0,0,0,0,0,0,0,0,0,0,0,0
565,41.25,-123.75,0,CONUS_41.25_-123.75,USA,307.1,0,22.2,12.5,3.0,35.0,0.5,0.6,20.9,10.9,0,0,5.5,0.11,37.0,2.86,3.0,0.0,0.0,0,0,0,0,0,0,0,0,0,0,0,0,0,0,0,0,0,0,0,0,0,0,0,0
566,41.25,-123.25,0,CONUS_41.25_-123.25,USA,395.3,0,22.2,12.5,3.0,35.0,0.5,0.6,20.9,10.9,0,0,5.6,0.11,37.4,2.89,3.0,0.0,0.0,0,0,0,0,0,0,0,0,0,0,0,0,0,0,0,0,0,0,0,0,0,0,0,0
567,41.25,-122.75,0,CONUS_41.25_-122.75,USA,386.9,0,22.2,12.5,3.0,35.0,0.5,0.6,20.9,10.9,0,0,5.0,0.1,33.7,2.6,3.0,0.0,0.0,0,0,0,0,0,0,0,0,0,0,0,0,0,0,0,0,0,0,0,0,0,0,0,0
568,41.25,-122.25,0,CONUS_41.25_-122.25,USA,509.7,0,5.1,1.8,3.0,35.0,0.5,0.6,4.8,10.9,0,0,2.9,0.06,19.7,1.52,3.0,0.0,0.0,0,0,0,0,0,0,0,0,0,0,0,0,0,0,0,0,0,0,0,0,0,0,0,0
569,41.25,-121.75,0,CONUS_41.25_-121.75,USA,246.4,0,5.1,1.8,3.0,35.0,0.5,0.6,4.8,10.9,0,0,1.3,0.03,8.9,0.68,3.0,0.0,0.0,0,0,0,0,0,0,0,0,0,0,0,0,0,0,0,0,0,0,0,0,0,0,0,0
570,41.25,-121.25,0,CONUS_41.25_-121.25,USA,163.4,0,5.1,1.8,3.0,35.0,0.5,0.6,4.8,10.9,0,0,1.1,0.02,7.1,0.55,3.0,0.0,0.0,0,0,0,0,0,0,0,0,0,0,0,0,0,0,0,0,0,0,0,0,0,0,0,0
571,41.25,-120.75,0,CONUS_41.25_-120.75,USA,191.0,0,5.1,1.8,3.0,35.0,0.5,0.6,4.8,10.9,0,0,1.4,0.03,9.7,0.75,3.0,0.0,0.0,0,0,0,0,0,0,0,0,0,0,0,0,0,0,0,0,0,0,0,0,0,0,0,0
572,41.25,-106.25,0,CONUS_41.25_-106.25,USA,256.1,0,16.3,9.1,3.0,35.0,0.5,0.6,15.3,10.9,0,0,18.8,0.38,126.8,9.78,3.0,0.0,0.0,0,0,0,0,0,0,0,0,0,0,0,0,0,0,0,0,0,0,0,0,0,0,0,0
573,41.25,-86.25,0,CONUS_41.25_-86.25,USA,12.7,0,18.7,8.3,3.0,35.0,0.5,0.6,17.5,10.9,0,0,5.3,0.11,35.8,2.76,3.0,0.0,0.0,0,0,0,0,0,0,0,0,0,0,0,0,0,0,0,0,0,0,0,0,0,0,0,0
574,41.25,-85.75,0,CONUS_41.25_-85.75,USA,12.3,0,18.7,8.3,3.0,35.0,0.5,0.6,17.5,10.9,0,0,5.2,0.1,34.8,2.68,3.0,0.0,0.0,0,0,0,0,0,0,0,0,0,0,0,0,0,0,0,0,0,0,0,0,0,0,0,0
575,41.25,-85.25,0,CONUS_41.25_-85.25,USA,19.3,0,18.8,8.3,3.0,35.0,0.5,0.6,17.7,10.9,0,0,4.8,0.1,32.0,2.47,3.0,0.0,0.0,0,0,0,0,0,0,0,0,0,0,0,0,0,0,0,0,0,0,0,0,0,0,0,0
576,41.25,-84.75,0,CONUS_41.25_-84.75,USA,17.4,0,18.8,8.3,3.0,35.0,0.5,0.6,17.7,10.9,0,0,4.6,0.09,30.7,2.37,3.0,0.0,0.0,0,0,0,0,0,0,0,0,0,0,0,0,0,0,0,0,0,0,0,0,0,0,0,0
577,41.25,-84.25,0,CONUS_41.25_-84.25,USA,7.3,0,18.8,8.3,3.0,35.0,0.5,0.6,17.7,10.9,0,0,4.6,0.09,31.2,2.41,3.0,0.0,0.0,0,0,0,0,0,0,0,0,0,0,0,0,0,0,0,0,0,0,0,0,0,0,0,0
578,41.25,-83.75,0,CONUS_41.25_-83.75,USA,14.5,0,18.2,9.6,3.0,35.0,0.5,0.6,17.1,10.9,0,0,4.8,0.1,32.3,2.5,3.0,0.0,0.0,0,0,0,0,0,0,0,0,0,0,0,0,0,0,0,0,0,0,0,0,0,0,0,0
579,41.25,-83.25,0,CONUS_41.25_-83.25,USA,25.7,0,18.2,9.6,3.0,35.0,0.5,0.6,17.1,10.9,0,0,6.6,0.13,44.5,3.44,3.0,0.0,0.0,0,0,0,0,0,0,0,0,0,0,0,0,0,0,0,0,0,0,0,0,0,0,0,0
580,41.25,-82.75,0,CONUS_41.25_-82.75,USA,43.3,0,18.6,11.0,3.0,35.0,0.5,0.6,17.5,10.9,0,0,7.8,0.16,52.3,4.04,3.0,0.0,0.0,0,0,0,0,0,0,0,0,0,0,0,0,0,0,0,0,0,0,0,0,0,0,0,0
581,41.25,-82.25,0,CONUS_41.25_-82.25,USA,48.0,0,17.7,10.0,3.0,35.0,0.5,0.6,16.6,10.9,0,0,5.5,0.11,37.4,2.88,3.0,0.0,0.0,0,0,0,0,0,0,0,0,0,0,0,0,0,0,0,0,0,0,0,0,0,0,0,0
582,41.25,-81.25,0,CONUS_41.25_-81.25,USA,25.0,0,18.7,8.3,3.0,35.0,0.5,0.6,17.5,10.9,0,0,5.3,0.11,35.7,2.75,3.0,0.0,0.0,0,0,0,0,0,0,0,0,0,0,0,0,0,0,0,0,0,0,0,0,0,0,0,0
583,41.25,-80.75,0,CONUS_41.25_-80.75,USA,28.6,0,18.7,8.3,3.0,35.0,0.5,0.6,17.5,10.9,0,0,5.3,0.11,35.7,2.75,3.0,0.0,0.0,0,0,0,0,0,0,0,0,0,0,0,0,0,0,0,0,0,0,0,0,0,0,0,0
584,41.25,-79.75,0,CONUS_41.25_-79.75,USA,40.3,0,30.2,17.7,3.0,35.0,0.5,0.6,28.3,10.9,0,0,8.2,0.16,55.4,4.28,3.0,0.0,0.0,0,0,0,0,0,0,0,0,0,0,0,0,0,0,0,0,0,0,0,0,0,0,0,0
585,41.25,-79.25,0,CONUS_41.25_-79.25,USA,44.1,0,5.1,1.8,3.0,35.0,0.5,0.6,4.8,10.9,0,0,5.5,0.11,36.8,2.84,3.0,0.0,0.0,0,0,0,0,0,0,0,0,0,0,0,0,0,0,0,0,0,0,0,0,0,0,0,0
586,41.25,-78.75,0,CONUS_41.25_-78.75,USA,58.9,0,5.1,1.8,3.0,35.0,0.5,0.6,4.8,10.9,0,0,4.1,0.08,27.4,2.11,3.0,0.0,0.0,0,0,0,0,0,0,0,0,0,0,0,0,0,0,0,0,0,0,0,0,0,0,0,0
587,41.25,-78.25,0,CONUS_41.25_-78.25,USA,73.7,0,5.1,1.8,3.0,35.0,0.5,0.6,4.8,10.9,0,0,3.7,0.07,24.7,1.91,3.0,0.0,0.0,0,0,0,0,0,0,0,0,0,0,0,0,0,0,0,0,0,0,0,0,0,0,0,0
588,41.25,-77.75,0,CONUS_41.25_-77.75,USA,110.7,0,5.1,1.8,3.0,35.0,0.5,0.6,4.8,10.9,0,0,3.9,0.08,26.6,2.05,3.0,0.0,0.0,0,0,0,0,0,0,0,0,0,0,0,0,0,0,0,0,0,0,0,0,0,0,0,0
589,41.25,-77.25,0,CONUS_41.25_-77.25,USA,139.7,0,5.1,1.8,3.0,35.0,0.5,0.6,4.8,10.9,0,0,4.2,0.08,28.0,2.16,3.0,0.0,0.0,0,0,0,0,0,0,0,0,0,0,0,0,0,0,0,0,0,0,0,0,0,0,0,0
590,41.25,-76.75,0,CONUS_41.25_-76.75,USA,137.3,0,5.1,1.8,3.0,35.0,0.5,0.6,4.8,10.9,0,0,3.7,0.07,25.2,1.94,3.0,0.0,0.0,0,0,0,0,0,0,0,0,0,0,0,0,0,0,0,0,0,0,0,0,0,0,0,0
591,41.25,-76.25,0,CONUS_41.25_-76.25,USA,158.4,0,5.1,1.8,3.0,35.0,0.5,0.6,4.8,10.9,0,0,4.1,0.08,27.5,2.12,3.0,0.0,0.0,0,0,0,0,0,0,0,0,0,0,0,0,0,0,0,0,0,0,0,0,0,0,0,0
592,41.25,-75.75,0,CONUS_41.25_-75.75,USA,118.3,0,17.7,10.0,3.0,35.0,0.5,0.6,16.6,10.9,0,0,4.4,0.09,30.0,2.31,3.0,0.0,0.0,0,0,0,0,0,0,0,0,0,0,0,0,0,0,0,0,0,0,0,0,0,0,0,0
593,41.25,-75.25,0,CONUS_41.25_-75.25,USA,117.7,0,5.1,1.8,3.0,35.0,0.5,0.6,4.8,10.9,0,0,3.8,0.08,25.5,1.97,3.0,0.0,0.0,0,0,0,0,0,0,0,0,0,0,0,0,0,0,0,0,0,0,0,0,0,0,0,0
594,41.25,-74.75,0,CONUS_41.25_-74.75,USA,86.5,0,17.7,10.0,3.0,35.0,0.5,0.6,16.6,10.9,0,0,4.4,0.09,29.8,2.3,3.0,0.0,0.0,0,0,0,0,0,0,0,0,0,0,0,0,0,0,0,0,0,0,0,0,0,0,0,0
595,41.25,-74.25,0,CONUS_41.25_-74.25,USA,87.3,0,17.7,10.0,3.0,35.0,0.5,0.6,16.6,10.9,0,0,5.6,0.11,37.5,2.89,3.0,0.0,0.0,0,0,0,0,0,0,0,0,0,0,0,0,0,0,0,0,0,0,0,0,0,0,0,0
596,41.25,-73.75,0,CONUS_41.25_-73.75,USA,76.5,0,14.9,6.7,3.0,35.0,0.5,0.6,14.0,10.9,0,0,5.6,0.11,37.9,2.92,3.0,0.0,0.0,0,0,0,0,0,0,0,0,0,0,0,0,0,0,0,0,0,0,0,0,0,0,0,0
597,41.25,-73.25,0,CONUS_41.25_-73.25,USA,60.6,0,17.7,10.0,3.0,35.0,0.5,0.6,16.6,10.9,0,0,5.5,0.11,37.4,2.88,3.0,0.0,0.0,0,0,0,0,0,0,0,0,0,0,0,0,0,0,0,0,0,0,0,0,0,0,0,0
598,40.75,-123.75,0,CONUS_40.75_-123.75,USA,335.6,0,5.1,1.8,3.0,35.0,0.5,0.6,4.8,10.9,0,0,4.4,0.09,29.7,2.29,3.0,0.0,0.0,0,0,0,0,0,0,0,0,0,0,0,0,0,0,0,0,0,0,0,0,0,0,0,0
599,40.75,-123.25,0,CONUS_40.75_-123.25,USA,351.8,0,18.9,8.8,3.0,35.0,0.5,0.6,17.7,10.9,0,0,5.1,0.1,34.2,2.64,3.0,0.0,0.0,0,0,0,0,0,0,0,0,0,0,0,0,0,0,0,0,0,0,0,0,0,0,0,0
600,40.75,-122.75,0,CONUS_40.75_-122.75,USA,375.1,0,22.2,12.5,3.0,35.0,0.5,0.6,20.9,10.9,0,0,5.1,0.1,34.5,2.66,3.0,0.0,0.0,0,0,0,0,0,0,0,0,0,0,0,0,0,0,0,0,0,0,0,0,0,0,0,0
601,40.75,-122.25,0,CONUS_40.75_-122.25,USA,242.0,0,5.1,1.8,3.0,35.0,0.5,0.6,4.8,10.9,0,0,1.8,0.04,12.3,0.95,3.0,0.0,0.0,0,0,0,0,0,0,0,0,0,0,0,0,0,0,0,0,0,0,0,0,0,0,0,0
602,40.75,-121.75,0,CONUS_40.75_-121.75,USA,411.4,0,5.1,1.8,3.0,35.0,0.5,0.6,4.8,10.9,0,0,1.3,0.03,8.9,0.68,3.0,0.0,0.0,0,0,0,0,0,0,0,0,0,0,0,0,0,0,0,0,0,0,0,0,0,0,0,0
603,40.75,-121.25,0,CONUS_40.75_-121.25,USA,304.0,0,5.1,1.8,3.0,35.0,0.5,0.6,4.8,10.9,0,0,1.0,0.02,6.7,0.52,3.0,0.0,0.0,0,0,0,0,0,0,0,0,0,0,0,0,0,0,0,0,0,0,0,0,0,0,0,0
604,40.75,-110.75,0,CONUS_40.75_-110.75,USA,293.5,0,15.0,5.8,3.0,35.0,0.5,0.6,14.1,10.9,0,0,6.3,0.13,42.2,3.26,3.0,0.0,0.0,0,0,0,0,0,0,0,0,0,0,0,0,0,0,0,0,0,0,0,0,0,0,0,0
605,40.75,-110.25,0,CONUS_40.75_-110.25,USA,398.0,0,13.0,6.6,3.0,35.0,0.5,0.6,12.2,10.9,0,0,5.3,0.11,35.7,2.76,3.0,0.0,0.0,0,0,0,0,0,0,0,0,0,0,0,0,0,0,0,0,0,0,0,0,0,0,0,0
606,40.75,-109.75,0,CONUS_40.75_-109.75,USA,437.7,0,15.0,5.8,3.0,35.0,0.5,0.6,14.1,10.9,0,0,6.2,0.12,41.6,3.21,3.0,0.0,0.0,0,0,0,0,0,0,0,0,0,0,0,0,0,0,0,0,0,0,0,0,0,0,0,0
607,40.75,-106.75,0,CONUS_40.75_-106.75,USA,327.1,0,13.0,6.6,3.0,35.0,0.5,0.6,12.2,10.9,0,0,5.5,0.11,37.0,2.85,3.0,0.0,0.0,0,0,0,0,0,0,0,0,0,0,0,0,0,0,0,0,0,0,0,0,0,0,0,0
608,40.75,-105.75,0,CONUS_40.75_-105.75,USA,316.0,0,16.3,9.1,3.0,35.0,0.5,0.6,15.3,10.9,0,0,22.0,0.44,148.2,11.44,3.0,0.0,0.0,0,0,0,0,0,0,0,0,0,0,0,0,0,0,0,0,0,0,0,0,0,0,0,0
609,40.75,-86.25,0,CONUS_40.75_-86.25,USA,17.7,0,18.7,8.3,3.0,35.0,0.5,0.6,17.5,10.9,0,0,5.1,0.1,34.3,2.65,3.0,0.0,0.0,0,0,0,0,0,0,0,0,0,0,0,0,0,0,0,0,0,0,0,0,0,0,0,0
610,40.75,-85.75,0,CONUS_40.75_-85.75,USA,13.7,0,18.8,8.3,3.0,35.0,0.5,0.6,17.7,10.9,0,0,4.8,0.1,32.2,2.48,3.0,0.0,0.0,0,0,0,0,0,0,0,0,0,0,0,0,0,0,0,0,0,0,0,0,0,0,0,0
611,40.75,-85.25,0,CONUS_40.75_-85.25,USA,9.1,0,18.8,8.3,3.0,35.0,0.5,0.6,17.7,10.9,0,0,4.9,0.1,33.1,2.56,3.0,0.0,0.0,0,0,0,0,0,0,0,0,0,0,0,0,0,0,0,0,0,0,0,0,0,0,0,0
612,40.75,-84.75,0,CONUS_40.75_-84.75,USA,11.2,0,18.8,8.3,3.0,35.0,0.5,0.6,17.7,10.9,0,0,5.3,0.11,35.8,2.76,3.0,0.0,0.0,0,0,0,0,0,0,0,0,0,0,0,0,0,0,0,0,0,0,0,0,0,0,0,0
613,40.75,-84.25,0,CONUS_40.75_-84.25,USA,24.1,0,18.8,8.3,3.0,35.0,0.5,0.6,17.7,10.9,0,0,5.0,0.1,34.0,2.62,3.0,0.0,0.0,0,0,0,0,0,0,0,0,0,0,0,0,0,0,0,0,0,0,0,0,0,0,0,0
614,40.75,-82.75,0,CONUS_40.75_-82.75,USA,39.1,0,18.2,9.6,3.0,35.0,0.5,0.6,17.1,10.9,0,0,4.8,0.1,32.6,2.52,3.0,0.0,0.0,0,0,0,0,0,0,0,0,0,0,0,0,0,0,0,0,0,0,0,0,0,0,0,0
615,40.75,-82.25,0,CONUS_40.75_-82.25,USA,28.2,0,18.2,9.6,3.0,35.0,0.5,0.6,17.1,10.9,0,0,4.7,0.09,31.7,2.44,3.0,0.0,0.0,0,0,0,0,0,0,0,0,0,0,0,0,0,0,0,0,0,0,0,0,0,0,0,0
616,40.75,-80.75,0,CONUS_40.75_-80.75,USA,33.9,0,18.7,8.3,3.0,35.0,0.5,0.6,17.5,10.9,0,0,5.2,0.1,34.8,2.69,3.0,0.0,0.0,0,0,0,0,0,0,0,0,0,0,0,0,0,0,0,0,0,0,0,0,0,0,0,0
617,40.75,-80.25,0,CONUS_40.75_-80.25,USA,43.8,0,18.7,8.3,3.0,35.0,0.5,0.6,17.5,10.9,0,0,7.2,0.14,48.3,3.73,3.0,0.0,0.0,0,0,0,0,0,0,0,0,0,0,0,0,0,0,0,0,0,0,0,0,0,0,0,0
618,40.75,-79.75,0,CONUS_40.75_-79.75,USA,43.7,0,5.1,1.8,3.0,35.0,0.5,0.6,4.8,10.9,0,0,6.0,0.12,40.1,3.1,3.0,0.0,0.0,0,0,0,0,0,0,0,0,0,0,0,0,0,0,0,0,0,0,0,0,0,0,0,0
619,40.75,-79.25,0,CONUS_40.75_-79.25,USA,55.6,0,5.1,1.8,3.0,35.0,0.5,0.6,4.8,10.9,0,0,3.7,0.07,24.7,1.91,3.0,0.0,0.0,0,0,0,0,0,0,0,0,0,0,0,0,0,0,0,0,0,0,0,0,0,0,0,0
620,40.75,-78.75,0,CONUS_40.75_-78.75,USA,66.4,0,5.1,1.8,3.0,35.0,0.5,0.6,4.8,10.9,0,0,3.9,0.08,26.2,2.02,3.0,0.0,0.0,0,0,0,0,0,0,0,0,0,0,0,0,0,0,0,0,0,0,0,0,0,0,0,0
621,40.75,-78.25,0,CONUS_40.75_-78.25,USA,125.8,0,5.1,1.8,3.0,35.0,0.5,0.6,4.8,10.9,0,0,3.7,0.07,24.7,1.91,3.0,0.0,0.0,0,0,0,0,0,0,0,0,0,0,0,0,0,0,0,0,0,0,0,0,0,0,0,0
622,40.75,-77.75,0,CONUS_40.75_-77.75,USA,131.5,0,5.1,1.8,3.0,35.0,0.5,0.6,4.8,10.9,0,0,3.7,0.07,24.7,1.91,3.0,0.0,0.0,0,0,0,0,0,0,0,0,0,0,0,0,0,0,0,0,0,0,0,0,0,0,0,0
623,40.75,-77.25,0,CONUS_40.75_-77.25,USA,147.1,0,5.1,1.8,3.0,35.0,0.5,0.6,4.8,10.9,0,0,3.7,0.07,24.7,1.91,3.0,0.0,0.0,0,0,0,0,0,0,0,0,0,0,0,0,0,0,0,0,0,0,0,0,0,0,0,0
624,40.75,-76.75,0,CONUS_40.75_-76.75,USA,80.2,0,5.1,1.8,3.0,35.0,0.5,0.6,4.8,10.9,0,0,4.4,0.09,29.8,2.3,3.0,0.0,0.0,0,0,0,0,0,0,0,0,0,0,0,0,0,0,0,0,0,0,0,0,0,0,0,0
625,40.75,-76.25,0,CONUS_40.75_-76.25,USA,107.8,0,5.1,1.8,3.0,35.0,0.5,0.6,4.8,10.9,0,0,4.0,0.08,26.8,2.07,3.0,0.0,0.0,0,0,0,0,0,0,0,0,0,0,0,0,0,0,0,0,0,0,0,0,0,0,0,0
626,40.75,-75.75,0,CONUS_40.75_-75.75,USA,120.9,0,5.1,1.8,3.0,35.0,0.5,0.6,4.8,10.9,0,0,4.2,0.08,28.3,2.18,3.0,0.0,0.0,0,0,0,0,0,0,0,0,0,0,0,0,0,0,0,0,0,0,0,0,0,0,0,0
627,40.75,-74.75,0,CONUS_40.75_-74.75,USA,89.2,0,5.1,1.8,3.0,35.0,0.5,0.6,4.8,10.9,0,0,4.8,0.1,32.6,2.51,3.0,0.0,0.0,0,0,0,0,0,0,0,0,0,0,0,0,0,0,0,0,0,0,0,0,0,0,0,0
628,40.75,-73.25,0,CONUS_40.75_-73.25,USA,21.0,0,15.4,6.3,3.0,35.0,0.5,0.6,14.5,10.9,0,0,7.4,0.15,50.1,3.87,3.0,0.0,0.0,0,0,0,0,0,0,0,0,0,0,0,0,0,0,0,0,0,0,0,0,0,0,0,0
629,40.25,-124.25,0,CONUS_40.25_-124.25,USA,211.2,0,17.3,8.7,3.0,35.0,0.5,0.6,16.3,10.9,0,0,5.1,0.1,34.4,2.65,3.0,0.0,0.0,0,0,0,0,0,0,0,0,0,0,0,0,0,0,0,0,0,0,0,0,0,0,0,0
630,40.25,-123.75,0,CONUS_40.25_-123.75,USA,317.3,0,22.2,12.5,3.0,35.0,0.5,0.6,20.9,10.9,0,0,5.3,0.11,36.0,2.78,3.0,0.0,0.0,0,0,0,0,0,0,0,0,0,0,0,0,0,0,0,0,0,0,0,0,0,0,0,0
631,40.25,-123.25,0,CONUS_40.25_-123.25,USA,284.0,0,5.1,1.8,3.0,35.0,0.5,0.6,4.8,10.9,0,0,4.1,0.08,27.9,2.16,3.0,0.0,0.0,0,0,0,0,0,0,0,0,0,0,0,0,0,0,0,0,0,0,0,0,0,0,0,0
632,40.25,-122.75,0,CONUS_40.25_-122.75,USA,534.5,0,5.1,1.8,3.0,35.0,0.5,0.6,4.8,10.9,0,0,4.5,0.09,30.0,2.32,3.0,0.0,0.0,0,0,0,0,0,0,0,0,0,0,0,0,0,0,0,0,0,0,0,0,0,0,0,0
633,40.25,-121.75,0,CONUS_40.25_-121.75,USA,504.7,0,5.1,1.8,3.0,35.0,0.5,0.6,4.8,10.9,0,0,2.5,0.05,16.6,1.28,3.0,0.0,0.0,0,0,0,0,0,0,0,0,0,0,0,0,0,0,0,0,0,0,0,0,0,0,0,0
634,40.25,-121.25,0,CONUS_40.25_-121.25,USA,281.8,0,5.1,1.8,3.0,35.0,0.5,0.6,4.8,10.9,0,0,1.8,0.04,11.8,0.91,3.0,0.0,0.0,0,0,0,0,0,0,0,0,0,0,0,0,0,0,0,0,0,0,0,0,0,0,0,0
635,40.25,-120.75,0,CONUS_40.25_-120.75,USA,264.7,0,5.1,1.8,3.0,35.0,0.5,0.6,4.8,10.9,0,0,1.0,0.02,6.7,0.52,3.0,0.0,0.0,0,0,0,0,0,0,0,0,0,0,0,0,0,0,0,0,0,0,0,0,0,0,0,0
636,40.25,-107.25,0,CONUS_40.25_-107.25,USA,424.5,0,17.2,10.0,3.0,35.0,0.5,0.6,16.2,10.9,0,0,9.9,0.2,66.5,5.13,3.0,0.0,0.0,0,0,0,0,0,0,0,0,0,0,0,0,0,0,0,0,0,0,0,0,0,0,0,0
637,40.25,-106.75,0,CONUS_40.25_-106.75,USA,280.7,0,16.3,9.1,3.0,35.0,0.5,0.6,15.3,10.9,0,0,18.9,0.38,127.4,9.83,3.0,0.0,0.0,0,0,0,0,0,0,0,0,0,0,0,0,0,0,0,0,0,0,0,0,0,0,0,0
638,40.25,-106.25,0,CONUS_40.25_-106.25,USA,259.6,0,16.3,9.1,3.0,35.0,0.5,0.6,15.3,10.9,0,0,21.7,0.43,146.6,11.31,3.0,0.0,0.0,0,0,0,0,0,0,0,0,0,0,0,0,0,0,0,0,0,0,0,0,0,0,0,0
639,40.25,-105.75,0,CONUS_40.25_-105.75,USA,373.8,0,16.3,9.1,3.0,35.0,0.5,0.6,15.3,10.9,0,0,12.6,0.25,84.9,6.55,3.0,0.0,0.0,0,0,0,0,0,0,0,0,0,0,0,0,0,0,0,0,0,0,0,0,0,0,0,0
640,40.25,-92.75,0,CONUS_40.25_-92.75,USA,20.7,0,5.1,1.8,3.0,35.0,0.5,0.6,4.8,10.9,0,0,4.0,0.08,27.2,2.1,3.0,0.0,0.0,0,0,0,0,0,0,0,0,0,0,0,0,0,0,0,0,0,0,0,0,0,0,0,0
641,40.25,-86.25,0,CONUS_40.25_-86.25,USA,16.2,0,18.7,8.3,3.0,35.0,0.5,0.6,17.5,10.9,0,0,6.0,0.12,40.7,3.14,3.0,0.0,0.0,0,0,0,0,0,0,0,0,0,0,0,0,0,0,0,0,0,0,0,0,0,0,0,0
642,40.25,-85.75,0,CONUS_40.25_-85.75,USA,10.8,0,25.7,14.9,3.0,35.0,0.5,0.6,24.1,10.9,0,0,6.3,0.13,42.5,3.28,3.0,0.0,0.0,0,0,0,0,0,0,0,0,0,0,0,0,0,0,0,0,0,0,0,0,0,0,0,0
643,40.25,-85.25,0,CONUS_40.25_-85.25,USA,27.2,0,25.7,14.9,3.0,35.0,0.5,0.6,24.1,10.9,0,0,6.4,0.13,43.0,3.32,3.0,0.0,0.0,0,0,0,0,0,0,0,0,0,0,0,0,0,0,0,0,0,0,0,0,0,0,0,0
644,40.25,-84.75,0,CONUS_40.25_-84.75,USA,24.5,0,25.7,14.9,3.0,35.0,0.5,0.6,24.1,10.9,0,0,5.4,0.11,36.5,2.82,3.0,0.0,0.0,0,0,0,0,0,0,0,0,0,0,0,0,0,0,0,0,0,0,0,0,0,0,0,0
645,40.25,-84.25,0,CONUS_40.25_-84.25,USA,16.8,0,20.9,10.7,3.0,35.0,0.5,0.6,19.6,10.9,0,0,5.7,0.11,38.6,2.98,3.0,0.0,0.0,0,0,0,0,0,0,0,0,0,0,0,0,0,0,0,0,0,0,0,0,0,0,0,0
646,40.25,-82.25,0,CONUS_40.25_-82.25,USA,30.4,0,18.8,8.3,3.0,35.0,0.5,0.6,17.7,10.9,0,0,4.6,0.09,31.1,2.4,3.0,0.0,0.0,0,0,0,0,0,0,0,0,0,0,0,0,0,0,0,0,0,0,0,0,0,0,0,0
647,40.25,-81.75,0,CONUS_40.25_-81.75,USA,27.8,0,30.2,17.7,3.0,35.0,0.5,0.6,28.3,10.9,0,0,5.2,0.1,35.2,2.71,3.0,0.0,0.0,0,0,0,0,0,0,0,0,0,0,0,0,0,0,0,0,0,0,0,0,0,0,0,0
648,40.25,-81.25,0,CONUS_40.25_-81.25,USA,31.0,0,18.7,8.3,3.0,35.0,0.5,0.6,17.5,10.9,0,0,5.3,0.11,35.8,2.76,3.0,0.0,0.0,0,0,0,0,0,0,0,0,0,0,0,0,0,0,0,0,0,0,0,0,0,0,0,0
649,40.25,-80.75,0,CONUS_40.25_-80.75,USA,46.1,0,18.7,8.3,3.0,35.0,0.5,0.6,17.5,10.9,0,0,5.8,0.12,39.0,3.01,3.0,0.0,0.0,0,0,0,0,0,0,0,0,0,0,0,0,0,0,0,0,0,0,0,0,0,0,0,0
650,40.25,-80.25,0,CONUS_40.25_-80.25,USA,38.9,0,30.2,17.7,3.0,35.0,0.5,0.6,28.3,10.9,0,0,6.6,0.13,44.7,3.45,3.0,0.0,0.0,0,0,0,0,0,0,0,0,0,0,0,0,0,0,0,0,0,0,0,0,0,0,0,0
651,40.25,-79.25,0,CONUS_40.25_-79.25,USA,150.4,0,5.1,1.8,3.0,35.0,0.5,0.6,4.8,10.9,0,0,3.7,0.07,24.7,1.91,3.0,0.0,0.0,0,0,0,0,0,0,0,0,0,0,0,0,0,0,0,0,0,0,0,0,0,0,0,0
652,40.25,-78.75,0,CONUS_40.25_-78.75,USA,133.4,0,5.1,1.8,3.0,35.0,0.5,0.6,4.8,10.9,0,0,3.7,0.07,24.7,1.91,3.0,0.0,0.0,0,0,0,0,0,0,0,0,0,0,0,0,0,0,0,0,0,0,0,0,0,0,0,0
653,40.25,-78.25,0,CONUS_40.25_-78.25,USA,117.0,0,5.1,1.8,3.0,35.0,0.5,0.6,4.8,10.9,0,0,3.7,0.07,24.7,1.91,3.0,0.0,0.0,0,0,0,0,0,0,0,0,0,0,0,0,0,0,0,0,0,0,0,0,0,0,0,0
654,40.25,-77.75,0,CONUS_40.25_-77.75,USA,130.6,0,5.1,1.8,3.0,35.0,0.5,0.6,4.8,10.9,0,0,3.7,0.07,24.7,1.91,3.0,0.0,0.0,0,0,0,0,0,0,0,0,0,0,0,0,0,0,0,0,0,0,0,0,0,0,0,0
655,40.25,-77.25,0,CONUS_40.25_-77.25,USA,101.9,0,5.1,1.8,3.0,35.0,0.5,0.6,4.8,10.9,0,0,4.0,0.08,27.1,2.09,3.0,0.0,0.0,0,0,0,0,0,0,0,0,0,0,0,0,0,0,0,0,0,0,0,0,0,0,0,0
656,40.25,-75.75,0,CONUS_40.25_-75.75,USA,61.0,0,5.1,1.8,3.0,35.0,0.5,0.6,4.8,10.9,0,0,3.9,0.08,26.5,2.05,3.0,0.0,0.0,0,0,0,0,0,0,0,0,0,0,0,0,0,0,0,0,0,0,0,0,0,0,0,0
657,40.25,-74.25,0,CONUS_40.25_-74.25,USA,16.1,0,15.4,6.3,3.0,35.0,0.5,0.6,14.5,10.9,0,0,5.9,0.12,39.5,3.05,3.0,0.0,0.0,0,0,0,0,0,0,0,0,0,0,0,0,0,0,0,0,0,0,0,0,0,0,0,0
658,39.75,-123.75,0,CONUS_39.75_-123.75,USA,248.3,0,5.1,1.8,3.0,35.0,0.5,0.6,4.8,10.9,0,0,4.1,0.08,27.7,2.14,3.0,0.0,0.0,0,0,0,0,0,0,0,0,0,0,0,0,0,0,0,0,0,0,0,0,0,0,0,0
659,39.75,-123.25,0,CONUS_39.75_-123.25,USA,302.6,0,5.1,1.8,3.0,35.0,0.5,0.6,4.8,10.9,0,0,3.9,0.08,26.6,2.05,3.0,0.0,0.0,0,0,0,0,0,0,0,0,0,0,0,0,0,0,0,0,0,0,0,0,0,0,0,0
660,39.75,-122.75,0,CONUS_39.75_-122.75,USA,515.1,0,5.1,1.8,3.0,35.0,0.5,0.6,4.8,10.9,0,0,3.7,0.07,24.7,1.91,3.0,0.0,0.0,0,0,0,0,0,0,0,0,0,0,0,0,0,0,0,0,0,0,0,0,0,0,0,0
661,39.75,-121.25,0,CONUS_39.75_-121.25,USA,429.7,0,5.1,1.8,3.0,35.0,0.5,0.6,4.8,10.9,0,0,4.3,0.09,29.0,2.23,3.0,0.0,0.0,0,0,0,0,0,0,0,0,0,0,0,0,0,0,0,0,0,0,0,0,0,0,0,0
662,39.75,-120.75,0,CONUS_39.75_-120.75,USA,302.8,0,5.1,1.8,3.0,35.0,0.5,0.6,4.8,10.9,0,0,4.3,0.09,29.0,2.24,3.0,0.0,0.0,0,0,0,0,0,0,0,0,0,0,0,0,0,0,0,0,0,0,0,0,0,0,0,0
663,39.75,-111.25,0,CONUS_39.75_-111.25,USA,325.6,0,16.1,9.1,3.0,35.0,0.5,0.6,15.1,10.9,0,0,8.4,0.17,56.9,4.39,3.0,0.0,0.0,0,0,0,0,0,0,0,0,0,0,0,0,0,0,0,0,0,0,0,0,0,0,0,0
664,39.75,-107.75,0,CONUS_39.75_-107.75,USA,368.7,0,16.3,9.1,3.0,35.0,0.5,0.6,15.3,10.9,0,0,12.4,0.25,83.8,6.46,3.0,0.0,0.0,0,0,0,0,0,0,0,0,0,0,0,0,0,0,0,0,0,0,0,0,0,0,0,0
665,39.75,-107.25,0,CONUS_39.75_-107.25,USA,437.2,0,16.3,9.1,3.0,35.0,0.5,0.6,15.3,10.9,0,0,15.0,0.3,100.8,7.78,3.0,0.0,0.0,0,0,0,0,0,0,0,0,0,0,0,0,0,0,0,0,0,0,0,0,0,0,0,0
666,39.75,-106.75,0,CONUS_39.75_-106.75,USA,324.7,0,16.3,9.1,3.0,35.0,0.5,0.6,15.3,10.9,0,0,23.2,0.46,156.6,12.08,3.0,0.0,0.0,0,0,0,0,0,0,0,0,0,0,0,0,0,0,0,0,0,0,0,0,0,0,0,0
667,39.75,-106.25,0,CONUS_39.75_-106.25,USA,343.1,0,16.3,9.1,3.0,35.0,0.5,0.6,15.3,10.9,0,0,18.6,0.37,125.2,9.66,3.0,0.0,0.0,0,0,0,0,0,0,0,0,0,0,0,0,0,0,0,0,0,0,0,0,0,0,0,0
668,39.75,-105.75,0,CONUS_39.75_-105.75,USA,361.8,0,12.3,6.5,3.0,35.0,0.5,0.6,11.6,10.9,0,0,5.2,0.1,35.2,2.72,3.0,0.0,0.0,0,0,0,0,0,0,0,0,0,0,0,0,0,0,0,0,0,0,0,0,0,0,0,0
669,39.75,-105.25,0,CONUS_39.75_-105.25,USA,431.3,0,13.6,7.1,3.0,35.0,0.5,0.6,12.8,10.9,0,0,3.6,0.07,24.3,1.87,3.0,0.0,0.0,0,0,0,0,0,0,0,0,0,0,0,0,0,0,0,0,0,0,0,0,0,0,0,0
670,39.75,-87.25,0,CONUS_39.75_-87.25,USA,25.4,0,18.7,8.3,3.0,35.0,0.5,0.6,17.5,10.9,0,0,4.4,0.09,30.0,2.31,3.0,0.0,0.0,0,0,0,0,0,0,0,0,0,0,0,0,0,0,0,0,0,0,0,0,0,0,0,0
671,39.75,-86.75,0,CONUS_39.75_-86.75,USA,23.5,0,18.7,8.3,3.0,35.0,0.5,0.6,17.5,10.9,0,0,4.5,0.09,30.0,2.32,3.0,0.0,0.0,0,0,0,0,0,0,0,0,0,0,0,0,0,0,0,0,0,0,0,0,0,0,0,0
672,39.75,-85.75,0,CONUS_39.75_-85.75,USA,22.9,0,13.6,7.1,3.0,35.0,0.5,0.6,12.8,10.9,0,0,4.2,0.08,28.4,2.19,3.0,0.0,0.0,0,0,0,0,0,0,0,0,0,0,0,0,0,0,0,0,0,0,0,0,0,0,0,0
673,39.75,-85.25,0,CONUS_39.75_-85.25,USA,23.3,0,13.6,7.1,3.0,35.0,0.5,0.6,12.8,10.9,0,0,3.6,0.07,24.4,1.88,3.0,0.0,0.0,0,0,0,0,0,0,0,0,0,0,0,0,0,0,0,0,0,0,0,0,0,0,0,0
674,39.75,-84.75,0,CONUS_39.75_-84.75,USA,27.3,0,18.8,8.3,3.0,35.0,0.5,0.6,17.7,10.9,0,0,4.9,0.1,32.8,2.53,3.0,0.0,0.0,0,0,0,0,0,0,0,0,0,0,0,0,0,0,0,0,0,0,0,0,0,0,0,0
675,39.75,-82.75,0,CONUS_39.75_-82.75,USA,36.7,0,13.6,7.1,3.0,35.0,0.5,0.6,12.8,10.9,0,0,4.8,0.1,32.3,2.49,3.0,0.0,0.0,0,0,0,0,0,0,0,0,0,0,0,0,0,0,0,0,0,0,0,0,0,0,0,0
676,39.75,-82.25,0,CONUS_39.75_-82.25,USA,23.2,0,13.6,7.1,3.0,35.0,0.5,0.6,12.8,10.9,0,0,4.7,0.09,31.7,2.44,3.0,0.0,0.0,0,0,0,0,0,0,0,0,0,0,0,0,0,0,0,0,0,0,0,0,0,0,0,0
677,39.75,-81.75,0,CONUS_39.75_-81.75,USA,26.9,0,18.7,8.3,3.0,35.0,0.5,0.6,17.5,10.9,0,0,5.0,0.1,33.5,2.59,3.0,0.0,0.0,0,0,0,0,0,0,0,0,0,0,0,0,0,0,0,0,0,0,0,0,0,0,0,0
678,39.75,-81.25,0,CONUS_39.75_-81.25,USA,38.4,0,17.3,6.9,3.0,35.0,0.5,0.6,16.3,10.9,0,0,5.4,0.11,36.6,2.83,3.0,0.0,0.0,0,0,0,0,0,0,0,0,0,0,0,0,0,0,0,0,0,0,0,0,0,0,0,0
679,39.75,-80.75,0,CONUS_39.75_-80.75,USA,48.8,0,17.3,6.9,3.0,35.0,0.5,0.6,16.3,10.9,0,0,4.2,0.08,28.4,2.19,3.0,0.0,0.0,0,0,0,0,0,0,0,0,0,0,0,0,0,0,0,0,0,0,0,0,0,0,0,0
680,39.75,-80.25,0,CONUS_39.75_-80.25,USA,34.6,0,30.2,17.7,3.0,35.0,0.5,0.6,28.3,10.9,0,0,4.7,0.09,31.9,2.46,3.0,0.0,0.0,0,0,0,0,0,0,0,0,0,0,0,0,0,0,0,0,0,0,0,0,0,0,0,0
681,39.75,-79.75,0,CONUS_39.75_-79.75,USA,147.3,0,17.7,10.0,3.0,35.0,0.5,0.6,16.6,10.9,0,0,4.4,0.09,29.9,2.31,3.0,0.0,0.0,0,0,0,0,0,0,0,0,0,0,0,0,0,0,0,0,0,0,0,0,0,0,0,0
682,39.75,-79.25,0,CONUS_39.75_-79.25,USA,117.6,0,5.1,1.8,3.0,35.0,0.5,0.6,4.8,10.9,0,0,4.2,0.08,28.0,2.16,3.0,0.0,0.0,0,0,0,0,0,0,0,0,0,0,0,0,0,0,0,0,0,0,0,0,0,0,0,0
683,39.75,-78.75,0,CONUS_39.75_-78.75,USA,190.3,0,5.1,1.8,3.0,35.0,0.5,0.6,4.8,10.9,0,0,4.4,0.09,29.8,2.3,3.0,0.0,0.0,0,0,0,0,0,0,0,0,0,0,0,0,0,0,0,0,0,0,0,0,0,0,0,0
684,39.75,-78.25,0,CONUS_39.75_-78.25,USA,118.4,0,5.1,1.8,3.0,35.0,0.5,0.6,4.8,10.9,0,0,4.2,0.08,28.0,2.16,3.0,0.0,0.0,0,0,0,0,0,0,0,0,0,0,0,0,0,0,0,0,0,0,0,0,0,0,0,0
685,39.75,-74.75,0,CONUS_39.75_-74.75,USA,10.8,0,15.4,6.3,3.0,35.0,0.5,0.6,14.5,10.9,0,0,5.7,0.11,38.7,2.98,3.0,0.0,0.0,0,0,0,0,0,0,0,0,0,0,0,0,0,0,0,0,0,0,0,0,0,0,0,0
686,39.75,-74.25,0,CONUS_39.75_-74.25,USA,17.1,0,15.4,6.3,3.0,35.0,0.5,0.6,14.5,10.9,0,0,5.8,0.12,39.3,3.03,3.0,0.0,0.0,0,0,0,0,0,0,0,0,0,0,0,0,0,0,0,0,0,0,0,0,0,0,0,0
687,39.25,-123.75,0,CONUS_39.25_-123.75,USA,119.5,0,9.6,3.6,3.0,35.0,0.5,0.6,9.0,10.9,0,0,4.3,0.09,29.1,2.25,3.0,0.0,0.0,0,0,0,0,0,0,0,0,0,0,0,0,0,0,0,0,0,0,0,0,0,0,0,0
688,39.25,-123.25,0,CONUS_39.25_-123.25,USA,234.0,0,5.1,1.8,3.0,35.0,0.5,0.6,4.8,10.9,0,0,3.9,0.08,26.3,2.03,3.0,0.0,0.0,0,0,0,0,0,0,0,0,0,0,0,0,0,0,0,0,0,0,0,0,0,0,0,0
689,39.25,-122.75,0,CONUS_39.25_-122.75,USA,337.0,0,5.1,1.8,3.0,35.0,0.5,0.6,4.8,10.9,0,0,3.7,0.07,24.7,1.91,3.0,0.0,0.0,0,0,0,0,0,0,0,0,0,0,0,0,0,0,0,0,0,0,0,0,0,0,0,0
690,39.25,-120.75,0,CONUS_39.25_-120.75,USA,418.0,0,5.1,1.8,3.0,35.0,0.5,0.6,4.8,10.9,0,0,3.7,0.07,25.1,1.94,3.0,0.0,0.0,0,0,0,0,0,0,0,0,0,0,0,0,0,0,0,0,0,0,0,0,0,0,0,0
691,39.25,-120.25,0,CONUS_39.25_-120.25,USA,225.9,0,5.1,1.8,3.0,35.0,0.5,0.6,4.8,10.9,0,0,3.7,0.07,24.7,1.91,3.0,0.0,0.0,0,0,0,0,0,0,0,0,0,0,0,0,0,0,0,0,0,0,0,0,0,0,0,0
692,39.25,-107.75,0,CONUS_39.25_-107.75,USA,422.3,0,16.4,9.1,3.0,35.0,0.5,0.6,15.4,10.9,0,0,5.3,0.11,35.4,2.73,3.0,0.0,0.0,0,0,0,0,0,0,0,0,0,0,0,0,0,0,0,0,0,0,0,0,0,0,0,0
693,39.25,-107.25,0,CONUS_39.25_-107.25,USA,472.6,0,16.4,9.1,3.0,35.0,0.5,0.6,15.4,10.9,0,0,4.2,0.08,28.1,2.17,3.0,0.0,0.0,0,0,0,0,0,0,0,0,0,0,0,0,0,0,0,0,0,0,0,0,0,0,0,0
694,39.25,-106.75,0,CONUS_39.25_-106.75,USA,437.0,0,16.4,9.1,3.0,35.0,0.5,0.6,15.4,10.9,0,0,2.8,0.06,18.6,1.44,3.0,0.0,0.0,0,0,0,0,0,0,0,0,0,0,0,0,0,0,0,0,0,0,0,0,0,0,0,0
695,39.25,-106.25,0,CONUS_39.25_-106.25,USA,323.4,0,16.4,9.1,3.0,35.0,0.5,0.6,15.4,10.9,0,0,3.4,0.07,23.2,1.79,3.0,0.0,0.0,0,0,0,0,0,0,0,0,0,0,0,0,0,0,0,0,0,0,0,0,0,0,0,0
696,39.25,-105.25,0,CONUS_39.25_-105.25,USA,317.0,0,13.9,7.1,3.0,35.0,0.5,0.6,13.1,10.9,0,0,3.3,0.07,22.2,1.71,3.0,0.0,0.0,0,0,0,0,0,0,0,0,0,0,0,0,0,0,0,0,0,0,0,0,0,0,0,0
697,39.25,-92.75,0,CONUS_39.25_-92.75,USA,21.4,0,20.7,10.7,3.0,35.0,0.5,0.6,19.5,10.9,0,0,12.9,0.26,86.9,6.71,3.0,0.0,0.0,0,0,0,0,0,0,0,0,0,0,0,0,0,0,0,0,0,0,0,0,0,0,0,0
698,39.25,-90.75,0,CONUS_39.25_-90.75,USA,35.0,0,17.3,6.9,3.0,35.0,0.5,0.6,16.3,10.9,0,0,4.5,0.09,30.4,2.34,3.0,0.0,0.0,0,0,0,0,0,0,0,0,0,0,0,0,0,0,0,0,0,0,0,0,0,0,0,0
699,39.25,-86.75,0,CONUS_39.25_-86.75,USA,28.7,0,14.0,8.0,3.0,35.0,0.5,0.6,13.2,10.9,0,0,5.2,0.1,35.3,2.73,3.0,0.0,0.0,0,0,0,0,0,0,0,0,0,0,0,0,0,0,0,0,0,0,0,0,0,0,0,0
700,39.25,-86.25,0,CONUS_39.25_-86.25,USA,27.9,0,25.7,14.9,3.0,35.0,0.5,0.6,24.1,10.9,0,0,5.2,0.1,35.3,2.72,3.0,0.0,0.0,0,0,0,0,0,0,0,0,0,0,0,0,0,0,0,0,0,0,0,0,0,0,0,0
701,39.25,-85.75,0,CONUS_39.25_-85.75,USA,27.2,0,13.6,7.1,3.0,35.0,0.5,0.6,12.8,10.9,0,0,5.7,0.11,38.7,2.98,3.0,0.0,0.0,0,0,0,0,0,0,0,0,0,0,0,0,0,0,0,0,0,0,0,0,0,0,0,0
702,39.25,-85.25,0,CONUS_39.25_-85.25,USA,21.3,0,13.6,7.1,3.0,35.0,0.5,0.6,12.8,10.9,0,0,4.6,0.09,31.3,2.41,3.0,0.0,0.0,0,0,0,0,0,0,0,0,0,0,0,0,0,0,0,0,0,0,0,0,0,0,0,0
703,39.25,-83.75,0,CONUS_39.25_-83.75,USA,21.0,0,14.0,8.0,3.0,35.0,0.5,0.6,13.2,10.9,0,0,7.2,0.14,48.4,3.73,3.0,0.0,0.0,0,0,0,0,0,0,0,0,0,0,0,0,0,0,0,0,0,0,0,0,0,0,0,0
704,39.25,-83.25,0,CONUS_39.25_-83.25,USA,37.3,0,17.5,10.0,3.0,35.0,0.5,0.6,16.5,10.9,0,0,6.6,0.13,44.6,3.44,3.0,0.0,0.0,0,0,0,0,0,0,0,0,0,0,0,0,0,0,0,0,0,0,0,0,0,0,0,0
705,39.25,-82.75,0,CONUS_39.25_-82.75,USA,35.3,0,17.5,10.0,3.0,35.0,0.5,0.6,16.5,10.9,0,0,8.6,0.17,57.8,4.46,3.0,0.0,0.0,0,0,0,0,0,0,0,0,0,0,0,0,0,0,0,0,0,0,0,0,0,0,0,0
706,39.25,-82.25,0,CONUS_39.25_-82.25,USA,23.5,0,17.5,10.0,3.0,35.0,0.5,0.6,16.5,10.9,0,0,7.9,0.16,53.3,4.11,3.0,0.0,0.0,0,0,0,0,0,0,0,0,0,0,0,0,0,0,0,0,0,0,0,0,0,0,0,0
707,39.25,-81.75,0,CONUS_39.25_-81.75,USA,21.2,0,17.5,10.0,3.0,35.0,0.5,0.6,16.5,10.9,0,0,8.5,0.17,57.3,4.42,3.0,0.0,0.0,0,0,0,0,0,0,0,0,0,0,0,0,0,0,0,0,0,0,0,0,0,0,0,0
708,39.25,-81.25,0,CONUS_39.25_-81.25,USA,31.8,0,17.5,10.0,3.0,35.0,0.5,0.6,16.5,10.9,0,0,9.0,0.18,60.9,4.7,3.0,0.0,0.0,0,0,0,0,0,0,0,0,0,0,0,0,0,0,0,0,0,0,0,0,0,0,0,0
709,39.25,-80.75,0,CONUS_39.25_-80.75,USA,38.3,0,17.3,6.9,3.0,35.0,0.5,0.6,16.3,10.9,0,0,7.2,0.14,48.7,3.75,3.0,0.0,0.0,0,0,0,0,0,0,0,0,0,0,0,0,0,0,0,0,0,0,0,0,0,0,0,0
710,39.25,-80.25,0,CONUS_39.25_-80.25,USA,64.5,0,14.0,8.0,3.0,35.0,0.5,0.6,13.2,10.9,0,0,5.6,0.11,37.8,2.92,3.0,0.0,0.0,0,0,0,0,0,0,0,0,0,0,0,0,0,0,0,0,0,0,0,0,0,0,0,0
711,39.25,-79.75,0,CONUS_39.25_-79.75,USA,156.8,0,17.3,6.9,3.0,35.0,0.5,0.6,16.3,10.9,0,0,4.7,0.09,31.8,2.45,3.0,0.0,0.0,0,0,0,0,0,0,0,0,0,0,0,0,0,0,0,0,0,0,0,0,0,0,0,0
712,39.25,-79.25,0,CONUS_39.25_-79.25,USA,235.7,0,17.7,10.0,3.0,35.0,0.5,0.6,16.6,10.9,0,0,4.7,0.09,31.6,2.44,3.0,0.0,0.0,0,0,0,0,0,0,0,0,0,0,0,0,0,0,0,0,0,0,0,0,0,0,0,0
713,39.25,-78.75,0,CONUS_39.25_-78.75,USA,152.9,0,17.7,10.0,3.0,35.0,0.5,0.6,16.6,10.9,0,0,4.4,0.09,30.0,2.31,3.0,0.0,0.0,0,0,0,0,0,0,0,0,0,0,0,0,0,0,0,0,0,0,0,0,0,0,0,0
714,39.25,-78.25,0,CONUS_39.25_-78.25,USA,111.6,0,5.1,1.8,3.0,35.0,0.5,0.6,4.8,10.9,0,0,4.4,0.09,29.8,2.3,3.0,0.0,0.0,0,0,0,0,0,0,0,0,0,0,0,0,0,0,0,0,0,0,0,0,0,0,0,0
715,39.25,-74.75,0,CONUS_39.25_-74.75,USA,8.2,0,14.9,6.7,3.0,35.0,0.5,0.6,14.0,10.9,0,0,5.8,0.12,39.0,3.01,3.0,0.0,0.0,0,0,0,0,0,0,0,0,0,0,0,0,0,0,0,0,0,0,0,0,0,0,0,0
716,38.75,-123.25,0,CONUS_38.75_-123.25,USA,151.6,0,13.0,6.6,3.0,35.0,0.5,0.6,12.2,10.9,0,0,4.1,0.08,27.5,2.12,3.0,0.0,0.0,0,0,0,0,0,0,0,0,0,0,0,0,0,0,0,0,0,0,0,0,0,0,0,0
717,38.75,-120.75,0,CONUS_38.75_-120.75,USA,335.9,0,5.1,1.8,3.0,35.0,0.5,0.6,4.8,10.9,0,0,4.0,0.08,26.9,2.08,3.0,0.0,0.0,0,0,0,0,0,0,0,0,0,0,0,0,0,0,0,0,0,0,0,0,0,0,0,0
718,38.75,-120.25,0,CONUS_38.75_-120.25,USA,404.8,0,5.1,1.8,3.0,35.0,0.5,0.6,4.8,10.9,0,0,4.2,0.08,28.2,2.18,3.0,0.0,0.0,0,0,0,0,0,0,0,0,0,0,0,0,0,0,0,0,0,0,0,0,0,0,0,0
719,38.75,-119.75,0,CONUS_38.75_-119.75,USA,402.3,0,5.1,1.8,3.0,35.0,0.5,0.6,4.8,10.9,0,0,3.7,0.07,24.7,1.91,3.0,0.0,0.0,0,0,0,0,0,0,0,0,0,0,0,0,0,0,0,0,0,0,0,0,0,0,0,0
720,38.75,-112.25,0,CONUS_38.75_-112.25,USA,421.0,0,16.3,9.1,3.0,35.0,0.5,0.6,15.3,10.9,0,0,9.1,0.18,61.0,4.71,3.0,0.0,0.0,0,0,0,0,0,0,0,0,0,0,0,0,0,0,0,0,0,0,0,0,0,0,0,0
721,38.75,-111.75,0,CONUS_38.75_-111.75,USA,468.1,0,16.3,9.1,3.0,35.0,0.5,0.6,15.3,10.9,0,0,15.2,0.3,102.4,7.9,3.0,0.0,0.0,0,0,0,0,0,0,0,0,0,0,0,0,0,0,0,0,0,0,0,0,0,0,0,0
722,38.75,-107.25,0,CONUS_38.75_-107.25,USA,354.1,0,16.4,9.1,3.0,35.0,0.5,0.6,15.4,10.9,0,0,2.8,0.06,18.9,1.46,3.0,0.0,0.0,0,0,0,0,0,0,0,0,0,0,0,0,0,0,0,0,0,0,0,0,0,0,0,0
723,38.75,-106.75,0,CONUS_38.75_-106.75,USA,343.9,0,16.4,9.1,3.0,35.0,0.5,0.6,15.4,10.9,0,0,3.4,0.07,23.2,1.79,3.0,0.0,0.0,0,0,0,0,0,0,0,0,0,0,0,0,0,0,0,0,0,0,0,0,0,0,0,0
724,38.75,-106.25,0,CONUS_38.75_-106.25,USA,495.3,0,13.9,7.1,3.0,35.0,0.5,0.6,13.1,10.9,0,0,3.2,0.06,21.6,1.67,3.0,0.0,0.0,0,0,0,0,0,0,0,0,0,0,0,0,0,0,0,0,0,0,0,0,0,0,0,0
725,38.75,-105.25,0,CONUS_38.75_-105.25,USA,378.2,0,13.9,7.1,3.0,35.0,0.5,0.6,13.1,10.9,0,0,3.2,0.06,21.3,1.64,3.0,0.0,0.0,0,0,0,0,0,0,0,0,0,0,0,0,0,0,0,0,0,0,0,0,0,0,0,0
726,38.75,-93.25,0,CONUS_38.75_-93.25,USA,26.7,0,20.7,10.7,3.0,35.0,0.5,0.6,19.5,10.9,0,0,12.8,0.26,86.0,6.64,3.0,0.0,0.0,0,0,0,0,0,0,0,0,0,0,0,0,0,0,0,0,0,0,0,0,0,0,0,0
727,38.75,-92.75,0,CONUS_38.75_-92.75,USA,29.0,0,17.3,6.9,3.0,35.0,0.5,0.6,16.3,10.9,0,0,9.0,0.18,60.6,4.68,3.0,0.0,0.0,0,0,0,0,0,0,0,0,0,0,0,0,0,0,0,0,0,0,0,0,0,0,0,0
728,38.75,-92.25,0,CONUS_38.75_-92.25,USA,31.6,0,17.3,6.9,3.0,35.0,0.5,0.6,16.3,10.9,0,0,4.8,0.1,32.1,2.47,3.0,0.0,0.0,0,0,0,0,0,0,0,0,0,0,0,0,0,0,0,0,0,0,0,0,0,0,0,0
729,38.75,-91.75,0,CONUS_38.75_-91.75,USA,30.9,0,13.6,7.1,3.0,35.0,0.5,0.6,12.8,10.9,0,0,4.3,0.09,29.2,2.25,3.0,0.0,0.0,0,0,0,0,0,0,0,0,0,0,0,0,0,0,0,0,0,0,0,0,0,0,0,0
730,38.75,-91.25,0,CONUS_38.75_-91.25,USA,34.6,0,14.0,8.0,3.0,35.0,0.5,0.6,13.2,10.9,0,0,5.0,0.1,33.7,2.6,3.0,0.0,0.0,0,0,0,0,0,0,0,0,0,0,0,0,0,0,0,0,0,0,0,0,0,0,0,0
731,38.75,-90.75,0,CONUS_38.75_-90.75,USA,31.2,0,14.0,8.0,3.0,35.0,0.5,0.6,13.2,10.9,0,0,5.7,0.11,38.7,2.99,3.0,0.0,0.0,0,0,0,0,0,0,0,0,0,0,0,0,0,0,0,0,0,0,0,0,0,0,0,0
732,38.75,-90.25,0,CONUS_38.75_-90.25,USA,21.7,0,14.0,8.0,3.0,35.0,0.5,0.6,13.2,10.9,0,0,7.7,0.15,52.1,4.02,3.0,0.0,0.0,0,0,0,0,0,0,0,0,0,0,0,0,0,0,0,0,0,0,0,0,0,0,0,0
733,38.75,-86.75,0,CONUS_38.75_-86.75,USA,27.6,0,18.8,8.3,3.0,35.0,0.5,0.6,17.7,10.9,0,0,5.2,0.1,35.2,2.72,3.0,0.0,0.0,0,0,0,0,0,0,0,0,0,0,0,0,0,0,0,0,0,0,0,0,0,0,0,0
734,38.75,-86.25,0,CONUS_38.75_-86.25,USA,29.2,0,25.7,14.9,3.0,35.0,0.5,0.6,24.1,10.9,0,0,5.1,0.1,34.0,2.63,3.0,0.0,0.0,0,0,0,0,0,0,0,0,0,0,0,0,0,0,0,0,0,0,0,0,0,0,0,0
735,38.75,-85.75,0,CONUS_38.75_-85.75,USA,27.7,0,18.2,9.6,3.0,35.0,0.5,0.6,17.1,10.9,0,0,6.1,0.12,41.4,3.19,3.0,0.0,0.0,0,0,0,0,0,0,0,0,0,0,0,0,0,0,0,0,0,0,0,0,0,0,0,0
736,38.75,-85.25,0,CONUS_38.75_-85.25,USA,31.6,0,18.8,8.3,3.0,35.0,0.5,0.6,17.7,10.9,0,0,4.5,0.09,30.2,2.33,3.0,0.0,0.0,0,0,0,0,0,0,0,0,0,0,0,0,0,0,0,0,0,0,0,0,0,0,0,0
737,38.75,-84.75,0,CONUS_38.75_-84.75,USA,29.3,0,18.8,8.3,3.0,35.0,0.5,0.6,17.7,10.9,0,0,4.6,0.09,31.2,2.4,3.0,0.0,0.0,0,0,0,0,0,0,0,0,0,0,0,0,0,0,0,0,0,0,0,0,0,0,0,0
738,38.75,-84.25,0,CONUS_38.75_-84.25,USA,27.4,0,18.8,8.3,3.0,35.0,0.5,0.6,17.7,10.9,0,0,5.6,0.11,37.7,2.91,3.0,0.0,0.0,0,0,0,0,0,0,0,0,0,0,0,0,0,0,0,0,0,0,0,0,0,0,0,0
739,38.75,-83.75,0,CONUS_38.75_-83.75,USA,30.6,0,17.5,10.0,3.0,35.0,0.5,0.6,16.5,10.9,0,0,6.9,0.14,46.7,3.6,3.0,0.0,0.0,0,0,0,0,0,0,0,0,0,0,0,0,0,0,0,0,0,0,0,0,0,0,0,0
740,38.75,-83.25,0,CONUS_38.75_-83.25,USA,46.0,0,14.0,8.0,3.0,35.0,0.5,0.6,13.2,10.9,0,0,7.0,0.14,46.9,3.62,3.0,0.0,0.0,0,0,0,0,0,0,0,0,0,0,0,0,0,0,0,0,0,0,0,0,0,0,0,0
741,38.75,-82.75,0,CONUS_38.75_-82.75,USA,30.0,0,17.5,10.0,3.0,35.0,0.5,0.6,16.5,10.9,0,0,7.9,0.16,53.4,4.12,3.0,0.0,0.0,0,0,0,0,0,0,0,0,0,0,0,0,0,0,0,0,0,0,0,0,0,0,0,0
742,38.75,-82.25,0,CONUS_38.75_-82.25,USA,27.2,0,17.5,10.0,3.0,35.0,0.5,0.6,16.5,10.9,0,0,7.4,0.15,49.8,3.84,3.0,0.0,0.0,0,0,0,0,0,0,0,0,0,0,0,0,0,0,0,0,0,0,0,0,0,0,0,0
743,38.75,-81.75,0,CONUS_38.75_-81.75,USA,33.5,0,17.5,10.0,3.0,35.0,0.5,0.6,16.5,10.9,0,0,10.8,0.22,72.8,5.62,3.0,0.0,0.0,0,0,0,0,0,0,0,0,0,0,0,0,0,0,0,0,0,0,0,0,0,0,0,0
744,38.75,-81.25,0,CONUS_38.75_-81.25,USA,34.4,0,22.4,13.5,3.0,35.0,0.5,0.6,21.1,10.9,0,0,22.6,0.45,152.1,11.73,3.0,0.0,0.0,0,0,0,0,0,0,0,0,0,0,0,0,0,0,0,0,0,0,0,0,0,0,0,0
745,38.75,-80.75,0,CONUS_38.75_-80.75,USA,81.1,0,22.4,13.5,3.0,35.0,0.5,0.6,21.1,10.9,0,0,24.6,0.49,165.6,12.77,3.0,0.0,0.0,0,0,0,0,0,0,0,0,0,0,0,0,0,0,0,0,0,0,0,0,0,0,0,0
746,38.75,-80.25,0,CONUS_38.75_-80.25,USA,197.0,0,14.1,8.0,3.0,35.0,0.5,0.6,13.2,10.9,0,0,19.0,0.38,127.8,9.86,3.0,0.0,0.0,0,0,0,0,0,0,0,0,0,0,0,0,0,0,0,0,0,0,0,0,0,0,0,0
747,38.75,-79.75,0,CONUS_38.75_-79.75,USA,188.7,0,14.0,8.0,3.0,35.0,0.5,0.6,13.2,10.9,0,0,9.1,0.18,61.2,4.72,3.0,0.0,0.0,0,0,0,0,0,0,0,0,0,0,0,0,0,0,0,0,0,0,0,0,0,0,0,0
748,38.75,-79.25,0,CONUS_38.75_-79.25,USA,217.2,0,20.9,10.7,3.0,35.0,0.5,0.6,19.6,10.9,0,0,6.0,0.12,40.7,3.14,3.0,0.0,0.0,0,0,0,0,0,0,0,0,0,0,0,0,0,0,0,0,0,0,0,0,0,0,0,0
749,38.75,-78.75,0,CONUS_38.75_-78.75,USA,155.8,0,20.9,10.7,3.0,35.0,0.5,0.6,19.6,10.9,0,0,5.6,0.11,38.0,2.93,3.0,0.0,0.0,0,0,0,0,0,0,0,0,0,0,0,0,0,0,0,0,0,0,0,0,0,0,0,0
750,38.75,-78.25,0,CONUS_38.75_-78.25,USA,197.0,0,17.7,10.0,3.0,35.0,0.5,0.6,16.6,10.9,0,0,5.4,0.11,36.2,2.79,3.0,0.0,0.0,0,0,0,0,0,0,0,0,0,0,0,0,0,0,0,0,0,0,0,0,0,0,0,0
751,38.75,-77.25,0,CONUS_38.75_-77.25,USA,36.7,0,17.3,6.9,3.0,35.0,0.5,0.6,16.3,10.9,0,0,4.5,0.09,30.2,2.33,3.0,0.0,0.0,0,0,0,0,0,0,0,0,0,0,0,0,0,0,0,0,0,0,0,0,0,0,0,0
752,38.75,-76.75,0,CONUS_38.75_-76.75,USA,18.9,0,15.4,6.3,3.0,35.0,0.5,0.6,14.5,10.9,0,0,6.0,0.12,40.1,3.1,3.0,0.0,0.0,0,0,0,0,0,0,0,0,0,0,0,0,0,0,0,0,0,0,0,0,0,0,0,0
753,38.25,-120.25,0,CONUS_38.25_-120.25,USA,456.8,0,5.1,1.8,3.0,35.0,0.5,0.6,4.8,10.9,0,0,3.8,0.08,25.7,1.98,3.0,0.0,0.0,0,0,0,0,0,0,0,0,0,0,0,0,0,0,0,0,0,0,0,0,0,0,0,0
754,38.25,-119.75,0,CONUS_38.25_-119.75,USA,385.1,0,5.1,1.8,3.0,35.0,0.5,0.6,4.8,10.9,0,0,4.4,0.09,30.0,2.31,3.0,0.0,0.0,0,0,0,0,0,0,0,0,0,0,0,0,0,0,0,0,0,0,0,0,0,0,0,0
755,38.25,-112.25,0,CONUS_38.25_-112.25,USA,397.2,0,13.0,6.6,3.0,35.0,0.5,0.6,12.2,10.9,0,0,5.5,0.11,37.2,2.87,3.0,0.0,0.0,0,0,0,0,0,0,0,0,0,0,0,0,0,0,0,0,0,0,0,0,0,0,0,0
756,38.25,-108.25,0,CONUS_38.25_-108.25,USA,283.0,0,18.2,10.5,3.0,35.0,0.5,0.6,17.1,10.9,0,0,7.1,0.14,48.0,3.7,3.0,0.0,0.0,0,0,0,0,0,0,0,0,0,0,0,0,0,0,0,0,0,0,0,0,0,0,0,0
757,38.25,-107.75,0,CONUS_38.25_-107.75,USA,488.5,0,16.4,9.1,3.0,35.0,0.5,0.6,15.4,10.9,0,0,3.1,0.06,21.1,1.63,3.0,0.0,0.0,0,0,0,0,0,0,0,0,0,0,0,0,0,0,0,0,0,0,0,0,0,0,0,0
758,38.25,-107.25,0,CONUS_38.25_-107.25,USA,363.7,0,16.4,9.1,3.0,35.0,0.5,0.6,15.4,10.9,0,0,3.0,0.06,20.4,1.57,3.0,0.0,0.0,0,0,0,0,0,0,0,0,0,0,0,0,0,0,0,0,0,0,0,0,0,0,0,0
759,38.25,-106.75,0,CONUS_38.25_-106.75,USA,264.6,0,16.4,9.1,3.0,35.0,0.5,0.6,15.4,10.9,0,0,2.6,0.05,17.2,1.33,3.0,0.0,0.0,0,0,0,0,0,0,0,0,0,0,0,0,0,0,0,0,0,0,0,0,0,0,0,0
760,38.25,-106.25,0,CONUS_38.25_-106.25,USA,324.9,0,13.9,7.1,3.0,35.0,0.5,0.6,13.1,10.9,0,0,3.9,0.08,26.1,2.01,3.0,0.0,0.0,0,0,0,0,0,0,0,0,0,0,0,0,0,0,0,0,0,0,0,0,0,0,0,0
761,38.25,-105.75,0,CONUS_38.25_-105.75,USA,467.2,0,14.0,7.1,3.0,35.0,0.5,0.6,13.1,10.9,0,0,5.7,0.11,38.4,2.97,3.0,0.0,0.0,0,0,0,0,0,0,0,0,0,0,0,0,0,0,0,0,0,0,0,0,0,0,0,0
762,38.25,-105.25,0,CONUS_38.25_-105.25,USA,454.2,0,13.9,7.1,3.0,35.0,0.5,0.6,13.1,10.9,0,0,4.8,0.1,32.6,2.51,3.0,0.0,0.0,0,0,0,0,0,0,0,0,0,0,0,0,0,0,0,0,0,0,0,0,0,0,0,0
763,38.25,-93.75,0,CONUS_38.25_-93.75,USA,16.3,0,17.3,6.9,3.0,35.0,0.5,0.6,16.3,10.9,0,0,5.2,0.1,35.3,2.73,3.0,0.0,0.0,0,0,0,0,0,0,0,0,0,0,0,0,0,0,0,0,0,0,0,0,0,0,0,0
764,38.25,-93.25,0,CONUS_38.25_-93.25,USA,30.5,0,17.3,6.9,3.0,35.0,0.5,0.6,16.3,10.9,0,0,4.1,0.08,27.6,2.13,3.0,0.0,0.0,0,0,0,0,0,0,0,0,0,0,0,0,0,0,0,0,0,0,0,0,0,0,0,0
765,38.25,-92.75,0,CONUS_38.25_-92.75,USA,31.8,0,13.6,7.1,3.0,35.0,0.5,0.6,12.8,10.9,0,0,4.6,0.09,30.8,2.38,3.0,0.0,0.0,0,0,0,0,0,0,0,0,0,0,0,0,0,0,0,0,0,0,0,0,0,0,0,0
766,38.25,-92.25,0,CONUS_38.25_-92.25,USA,37.2,0,13.6,7.1,3.0,35.0,0.5,0.6,12.8,10.9,0,0,4.3,0.09,29.3,2.26,3.0,0.0,0.0,0,0,0,0,0,0,0,0,0,0,0,0,0,0,0,0,0,0,0,0,0,0,0,0
767,38.25,-91.75,0,CONUS_38.25_-91.75,USA,39.0,0,13.9,7.1,3.0,35.0,0.5,0.6,13.1,10.9,0,0,4.7,0.09,31.7,2.44,3.0,0.0,0.0,0,0,0,0,0,0,0,0,0,0,0,0,0,0,0,0,0,0,0,0,0,0,0,0
768,38.25,-91.25,0,CONUS_38.25_-91.25,USA,32.0,0,13.9,7.1,3.0,35.0,0.5,0.6,13.1,10.9,0,0,4.7,0.09,31.7,2.44,3.0,0.0,0.0,0,0,0,0,0,0,0,0,0,0,0,0,0,0,0,0,0,0,0,0,0,0,0,0
769,38.25,-90.75,0,CONUS_38.25_-90.75,USA,40.4,0,13.9,7.1,3.0,35.0,0.5,0.6,13.1,10.9,0,0,4.8,0.1,32.3,2.49,3.0,0.0,0.0,0,0,0,0,0,0,0,0,0,0,0,0,0,0,0,0,0,0,0,0,0,0,0,0
770,38.25,-90.25,0,CONUS_38.25_-90.25,USA,37.0,0,14.0,8.0,3.0,35.0,0.5,0.6,13.2,10.9,0,0,6.0,0.12,40.2,3.1,3.0,0.0,0.0,0,0,0,0,0,0,0,0,0,0,0,0,0,0,0,0,0,0,0,0,0,0,0,0
771,38.25,-89.75,0,CONUS_38.25_-89.75,USA,12.0,0,14.0,8.0,3.0,35.0,0.5,0.6,13.2,10.9,0,0,6.6,0.13,44.2,3.41,3.0,0.0,0.0,0,0,0,0,0,0,0,0,0,0,0,0,0,0,0,0,0,0,0,0,0,0,0,0
772,38.25,-87.75,0,CONUS_38.25_-87.75,USA,12.1,0,18.8,8.3,3.0,35.0,0.5,0.6,17.7,10.9,0,0,4.4,0.09,30.0,2.31,3.0,0.0,0.0,0,0,0,0,0,0,0,0,0,0,0,0,0,0,0,0,0,0,0,0,0,0,0,0
773,38.25,-87.25,0,CONUS_38.25_-87.25,USA,13.1,0,18.8,8.3,3.0,35.0,0.5,0.6,17.7,10.9,0,0,4.4,0.09,30.0,2.31,3.0,0.0,0.0,0,0,0,0,0,0,0,0,0,0,0,0,0,0,0,0,0,0,0,0,0,0,0,0
774,38.25,-86.75,0,CONUS_38.25_-86.75,USA,28.6,0,18.8,8.3,3.0,35.0,0.5,0.6,17.7,10.9,0,0,4.4,0.09,30.0,2.31,3.0,0.0,0.0,0,0,0,0,0,0,0,0,0,0,0,0,0,0,0,0,0,0,0,0,0,0,0,0
775,38.25,-86.25,0,CONUS_38.25_-86.25,USA,32.1,0,18.8,8.3,3.0,35.0,0.5,0.6,17.7,10.9,0,0,4.7,0.09,31.4,2.42,3.0,0.0,0.0,0,0,0,0,0,0,0,0,0,0,0,0,0,0,0,0,0,0,0,0,0,0,0,0
776,38.25,-84.75,0,CONUS_38.25_-84.75,USA,28.1,0,18.2,9.6,3.0,35.0,0.5,0.6,17.1,10.9,0,0,5.2,0.1,34.9,2.69,3.0,0.0,0.0,0,0,0,0,0,0,0,0,0,0,0,0,0,0,0,0,0,0,0,0,0,0,0,0
777,38.25,-83.75,0,CONUS_38.25_-83.75,USA,28.6,0,17.5,10.0,3.0,35.0,0.5,0.6,16.5,10.9,0,0,7.1,0.14,47.9,3.7,3.0,0.0,0.0,0,0,0,0,0,0,0,0,0,0,0,0,0,0,0,0,0,0,0,0,0,0,0,0
778,38.25,-83.25,0,CONUS_38.25_-83.25,USA,37.1,0,17.5,10.0,3.0,35.0,0.5,0.6,16.5,10.9,0,0,7.5,0.15,50.9,3.92,3.0,0.0,0.0,0,0,0,0,0,0,0,0,0,0,0,0,0,0,0,0,0,0,0,0,0,0,0,0
779,38.25,-82.75,0,CONUS_38.25_-82.75,USA,30.8,0,17.5,10.0,3.0,35.0,0.5,0.6,16.5,10.9,0,0,7.5,0.15,50.8,3.92,3.0,0.0,0.0,0,0,0,0,0,0,0,0,0,0,0,0,0,0,0,0,0,0,0,0,0,0,0,0
780,38.25,-82.25,0,CONUS_38.25_-82.25,USA,45.2,0,17.5,10.0,3.0,35.0,0.5,0.6,16.5,10.9,0,0,9.0,0.18,60.9,4.7,3.0,0.0,0.0,0,0,0,0,0,0,0,0,0,0,0,0,0,0,0,0,0,0,0,0,0,0,0,0
781,38.25,-81.75,0,CONUS_38.25_-81.75,USA,75.0,0,17.5,10.0,3.0,35.0,0.5,0.6,16.5,10.9,0,0,12.2,0.24,82.1,6.33,3.0,0.0,0.0,0,0,0,0,0,0,0,0,0,0,0,0,0,0,0,0,0,0,0,0,0,0,0,0
782,38.25,-81.25,0,CONUS_38.25_-81.25,USA,103.9,0,17.6,10.1,3.0,35.0,0.5,0.6,16.5,10.9,0,0,23.5,0.47,158.2,12.21,3.0,0.0,0.0,0,0,0,0,0,0,0,0,0,0,0,0,0,0,0,0,0,0,0,0,0,0,0,0
783,38.25,-80.75,0,CONUS_38.25_-80.75,USA,177.4,0,22.4,13.5,3.0,35.0,0.5,0.6,21.1,10.9,0,0,25.0,0.5,168.5,13.0,3.0,0.0,0.0,0,0,0,0,0,0,0,0,0,0,0,0,0,0,0,0,0,0,0,0,0,0,0,0
784,38.25,-80.25,0,CONUS_38.25_-80.25,USA,176.2,0,22.4,13.5,3.0,35.0,0.5,0.6,21.1,10.9,0,0,25.0,0.5,168.5,13.0,3.0,0.0,0.0,0,0,0,0,0,0,0,0,0,0,0,0,0,0,0,0,0,0,0,0,0,0,0,0
785,38.25,-79.75,0,CONUS_38.25_-79.75,USA,197.5,0,14.1,8.0,3.0,35.0,0.5,0.6,13.2,10.9,0,0,19.3,0.39,130.1,10.03,3.0,0.0,0.0,0,0,0,0,0,0,0,0,0,0,0,0,0,0,0,0,0,0,0,0,0,0,0,0
786,38.25,-79.25,0,CONUS_38.25_-79.25,USA,185.5,0,14.1,8.0,3.0,35.0,0.5,0.6,13.2,10.9,0,0,19.9,0.4,134.0,10.34,3.0,0.0,0.0,0,0,0,0,0,0,0,0,0,0,0,0,0,0,0,0,0,0,0,0,0,0,0,0
787,38.25,-78.75,0,CONUS_38.25_-78.75,USA,161.9,0,22.9,11.7,3.0,35.0,0.5,0.6,21.6,10.9,0,0,14.0,0.28,94.4,7.28,3.0,0.0,0.0,0,0,0,0,0,0,0,0,0,0,0,0,0,0,0,0,0,0,0,0,0,0,0,0
788,38.25,-78.25,0,CONUS_38.25_-78.25,USA,145.9,0,22.9,11.7,3.0,35.0,0.5,0.6,21.6,10.9,0,0,9.2,0.18,62.1,4.79,3.0,0.0,0.0,0,0,0,0,0,0,0,0,0,0,0,0,0,0,0,0,0,0,0,0,0,0,0,0
789,38.25,-77.75,0,CONUS_38.25_-77.75,USA,19.5,0,22.9,11.7,3.0,35.0,0.5,0.6,21.5,10.9,0,0,6.5,0.13,43.7,3.37,3.0,0.0,0.0,0,0,0,0,0,0,0,0,0,0,0,0,0,0,0,0,0,0,0,0,0,0,0,0
790,38.25,-77.25,0,CONUS_38.25_-77.25,USA,19.9,0,22.9,11.7,3.0,35.0,0.5,0.6,21.5,10.9,0,0,5.7,0.11,38.1,2.94,3.0,0.0,0.0,0,0,0,0,0,0,0,0,0,0,0,0,0,0,0,0,0,0,0,0,0,0,0,0
791,38.25,-76.75,0,CONUS_38.25_-76.75,USA,14.2,0,22.9,11.7,3.0,35.0,0.5,0.6,21.5,10.9,0,0,5.6,0.11,37.8,2.92,3.0,0.0,0.0,0,0,0,0,0,0,0,0,0,0,0,0,0,0,0,0,0,0,0,0,0,0,0,0
792,38.25,-75.75,0,CONUS_38.25_-75.75,USA,4.6,0,15.4,6.3,3.0,35.0,0.5,0.6,14.5,10.9,0,0,6.0,0.12,40.7,3.14,3.0,0.0,0.0,0,0,0,0,0,0,0,0,0,0,0,0,0,0,0,0,0,0,0,0,0,0,0,0
793,38.25,-75.25,0,CONUS_38.25_-75.25,USA,5.3,0,15.4,6.3,3.0,35.0,0.5,0.6,14.5,10.9,0,0,5.9,0.12,39.8,3.07,3.0,0.0,0.0,0,0,0,0,0,0,0,0,0,0,0,0,0,0,0,0,0,0,0,0,0,0,0,0
794,37.75,-119.75,0,CONUS_37.75_-119.75,USA,573.9,0,27.1,15.4,3.0,35.0,0.5,0.6,25.4,10.9,0,0,7.1,0.14,48.0,3.7,3.0,0.0,0.0,0,0,0,0,0,0,0,0,0,0,0,0,0,0,0,0,0,0,0,0,0,0,0,0
795,37.75,-112.75,0,CONUS_37.75_-112.75,USA,393.2,0,27.1,15.4,3.0,35.0,0.5,0.6,25.4,10.9,0,0,8.0,0.16,53.8,4.15,3.0,0.0,0.0,0,0,0,0,0,0,0,0,0,0,0,0,0,0,0,0,0,0,0,0,0,0,0,0
796,37.75,-108.25,0,CONUS_37.75_-108.25,USA,326.4,0,16.4,9.1,3.0,35.0,0.5,0.6,15.4,10.9,0,0,5.2,0.1,35.1,2.71,3.0,0.0,0.0,0,0,0,0,0,0,0,0,0,0,0,0,0,0,0,0,0,0,0,0,0,0,0,0
797,37.75,-107.75,0,CONUS_37.75_-107.75,USA,387.5,0,16.4,9.1,3.0,35.0,0.5,0.6,15.4,10.9,0,0,3.0,0.06,20.2,1.56,3.0,0.0,0.0,0,0,0,0,0,0,0,0,0,0,0,0,0,0,0,0,0,0,0,0,0,0,0,0
798,37.75,-107.25,0,CONUS_37.75_-107.25,USA,315.8,0,13.9,7.1,3.0,35.0,0.5,0.6,13.1,10.9,0,0,4.2,0.08,28.4,2.19,3.0,0.0,0.0,0,0,0,0,0,0,0,0,0,0,0,0,0,0,0,0,0,0,0,0,0,0,0,0
799,37.75,-106.75,0,CONUS_37.75_-106.75,USA,338.4,0,13.9,7.1,3.0,35.0,0.5,0.6,13.1,10.9,0,0,4.0,0.08,27.1,2.09,3.0,0.0,0.0,0,0,0,0,0,0,0,0,0,0,0,0,0,0,0,0,0,0,0,0,0,0,0,0
800,37.75,-105.25,0,CONUS_37.75_-105.25,USA,395.1,0,13.9,7.1,3.0,35.0,0.5,0.6,13.1,10.9,0,0,5.4,0.11,36.1,2.78,3.0,0.0,0.0,0,0,0,0,0,0,0,0,0,0,0,0,0,0,0,0,0,0,0,0,0,0,0,0
801,37.75,-93.75,0,CONUS_37.75_-93.75,USA,27.5,0,13.6,7.1,3.0,35.0,0.5,0.6,12.8,10.9,0,0,4.2,0.08,28.6,2.2,3.0,0.0,0.0,0,0,0,0,0,0,0,0,0,0,0,0,0,0,0,0,0,0,0,0,0,0,0,0
802,37.75,-93.25,0,CONUS_37.75_-93.25,USA,28.1,0,14.0,8.0,3.0,35.0,0.5,0.6,13.2,10.9,0,0,5.7,0.11,38.1,2.94,3.0,0.0,0.0,0,0,0,0,0,0,0,0,0,0,0,0,0,0,0,0,0,0,0,0,0,0,0,0
803,37.75,-92.75,0,CONUS_37.75_-92.75,USA,42.7,0,13.9,7.1,3.0,35.0,0.5,0.6,13.1,10.9,0,0,3.8,0.08,25.5,1.97,3.0,0.0,0.0,0,0,0,0,0,0,0,0,0,0,0,0,0,0,0,0,0,0,0,0,0,0,0,0
804,37.75,-92.25,0,CONUS_37.75_-92.25,USA,35.6,0,13.9,7.1,3.0,35.0,0.5,0.6,13.1,10.9,0,0,3.3,0.07,22.5,1.74,3.0,0.0,0.0,0,0,0,0,0,0,0,0,0,0,0,0,0,0,0,0,0,0,0,0,0,0,0,0
805,37.75,-91.75,0,CONUS_37.75_-91.75,USA,40.4,0,13.9,7.1,3.0,35.0,0.5,0.6,13.1,10.9,0,0,3.3,0.07,22.3,1.72,3.0,0.0,0.0,0,0,0,0,0,0,0,0,0,0,0,0,0,0,0,0,0,0,0,0,0,0,0,0
806,37.75,-91.25,0,CONUS_37.75_-91.25,USA,46.5,0,13.9,7.1,3.0,35.0,0.5,0.6,13.1,10.9,0,0,5.0,0.1,34.0,2.62,3.0,0.0,0.0,0,0,0,0,0,0,0,0,0,0,0,0,0,0,0,0,0,0,0,0,0,0,0,0
807,37.75,-90.75,0,CONUS_37.75_-90.75,USA,53.7,0,13.9,6.2,3.0,35.0,0.5,0.6,13.1,10.9,0,0,7.0,0.14,47.4,3.65,3.0,0.0,0.0,0,0,0,0,0,0,0,0,0,0,0,0,0,0,0,0,0,0,0,0,0,0,0,0
808,37.75,-90.25,0,CONUS_37.75_-90.25,USA,48.6,0,14.0,7.1,3.0,35.0,0.5,0.6,13.1,10.9,0,0,6.3,0.13,42.8,3.3,3.0,0.0,0.0,0,0,0,0,0,0,0,0,0,0,0,0,0,0,0,0,0,0,0,0,0,0,0,0
809,37.75,-89.75,0,CONUS_37.75_-89.75,USA,31.5,0,13.9,7.1,3.0,35.0,0.5,0.6,13.1,10.9,0,0,5.0,0.1,34.0,2.63,3.0,0.0,0.0,0,0,0,0,0,0,0,0,0,0,0,0,0,0,0,0,0,0,0,0,0,0,0,0
810,37.75,-89.25,0,CONUS_37.75_-89.25,USA,29.4,0,13.9,7.1,3.0,35.0,0.5,0.6,13.1,10.9,0,0,4.5,0.09,30.0,2.32,3.0,0.0,0.0,0,0,0,0,0,0,0,0,0,0,0,0,0,0,0,0,0,0,0,0,0,0,0,0
811,37.75,-88.75,0,CONUS_37.75_-88.75,USA,26.3,0,13.9,7.1,3.0,35.0,0.5,0.6,13.1,10.9,0,0,4.7,0.09,31.7,2.45,3.0,0.0,0.0,0,0,0,0,0,0,0,0,0,0,0,0,0,0,0,0,0,0,0,0,0,0,0,0
812,37.75,-88.25,0,CONUS_37.75_-88.25,USA,24.0,0,18.8,8.3,3.0,35.0,0.5,0.6,17.7,10.9,0,0,4.8,0.1,32.5,2.51,3.0,0.0,0.0,0,0,0,0,0,0,0,0,0,0,0,0,0,0,0,0,0,0,0,0,0,0,0,0
813,37.75,-86.75,0,CONUS_37.75_-86.75,USA,25.2,0,18.8,8.3,3.0,35.0,0.5,0.6,17.7,10.9,0,0,4.2,0.08,28.4,2.19,3.0,0.0,0.0,0,0,0,0,0,0,0,0,0,0,0,0,0,0,0,0,0,0,0,0,0,0,0,0
814,37.75,-86.25,0,CONUS_37.75_-86.25,USA,25.7,0,18.8,8.3,3.0,35.0,0.5,0.6,17.7,10.9,0,0,4.4,0.09,29.9,2.31,3.0,0.0,0.0,0,0,0,0,0,0,0,0,0,0,0,0,0,0,0,0,0,0,0,0,0,0,0,0
815,37.75,-85.75,0,CONUS_37.75_-85.75,USA,37.5,0,16.9,6.9,3.0,35.0,0.5,0.6,15.9,10.9,0,0,4.5,0.09,30.5,2.35,3.0,0.0,0.0,0,0,0,0,0,0,0,0,0,0,0,0,0,0,0,0,0,0,0,0,0,0,0,0
816,37.75,-85.25,0,CONUS_37.75_-85.25,USA,30.2,0,16.9,6.9,3.0,35.0,0.5,0.6,15.9,10.9,0,0,4.3,0.09,29.2,2.25,3.0,0.0,0.0,0,0,0,0,0,0,0,0,0,0,0,0,0,0,0,0,0,0,0,0,0,0,0,0
817,37.75,-83.75,0,CONUS_37.75_-83.75,USA,43.4,0,16.9,6.9,3.0,35.0,0.5,0.6,15.9,10.9,0,0,5.6,0.11,37.5,2.89,3.0,0.0,0.0,0,0,0,0,0,0,0,0,0,0,0,0,0,0,0,0,0,0,0,0,0,0,0,0
818,37.75,-83.25,0,CONUS_37.75_-83.25,USA,33.1,0,17.5,10.0,3.0,35.0,0.5,0.6,16.5,10.9,0,0,5.8,0.12,38.8,3.0,3.0,0.0,0.0,0,0,0,0,0,0,0,0,0,0,0,0,0,0,0,0,0,0,0,0,0,0,0,0
819,37.75,-82.75,0,CONUS_37.75_-82.75,USA,47.9,0,17.5,10.0,3.0,35.0,0.5,0.6,16.5,10.9,0,0,8.0,0.16,54.3,4.19,3.0,0.0,0.0,0,0,0,0,0,0,0,0,0,0,0,0,0,0,0,0,0,0,0,0,0,0,0,0
820,37.75,-82.25,0,CONUS_37.75_-82.25,USA,80.4,0,17.5,10.0,3.0,35.0,0.5,0.6,16.5,10.9,0,0,7.1,0.14,47.6,3.67,3.0,0.0,0.0,0,0,0,0,0,0,0,0,0,0,0,0,0,0,0,0,0,0,0,0,0,0,0,0
821,37.75,-81.75,0,CONUS_37.75_-81.75,USA,111.6,0,17.5,10.1,3.0,35.0,0.5,0.6,16.5,10.9,0,0,14.5,0.29,97.4,7.52,3.0,0.0,0.0,0,0,0,0,0,0,0,0,0,0,0,0,0,0,0,0,0,0,0,0,0,0,0,0
822,37.75,-81.25,0,CONUS_37.75_-81.25,USA,119.6,0,17.6,10.1,3.0,35.0,0.5,0.6,16.5,10.9,0,0,25.0,0.5,168.5,13.0,3.0,0.0,0.0,0,0,0,0,0,0,0,0,0,0,0,0,0,0,0,0,0,0,0,0,0,0,0,0
823,37.75,-80.75,0,CONUS_37.75_-80.75,USA,130.7,0,17.6,10.1,3.0,35.0,0.5,0.6,16.5,10.9,0,0,25.0,0.5,168.5,13.0,3.0,0.0,0.0,0,0,0,0,0,0,0,0,0,0,0,0,0,0,0,0,0,0,0,0,0,0,0,0
824,37.75,-80.25,0,CONUS_37.75_-80.25,USA,136.9,0,17.6,10.1,3.0,35.0,0.5,0.6,16.5,10.9,0,0,25.0,0.5,168.5,13.0,3.0,0.0,0.0,0,0,0,0,0,0,0,0,0,0,0,0,0,0,0,0,0,0,0,0,0,0,0,0
825,37.75,-79.75,0,CONUS_37.75_-79.75,USA,178.8,0,17.6,10.1,3.0,35.0,0.5,0.6,16.5,10.9,0,0,25.0,0.5,168.5,13.0,3.0,0.0,0.0,0,0,0,0,0,0,0,0,0,0,0,0,0,0,0,0,0,0,0,0,0,0,0,0
826,37.75,-79.25,0,CONUS_37.75_-79.25,USA,215.4,0,17.6,10.1,3.0,35.0,0.5,0.6,16.5,10.9,0,0,25.0,0.5,168.5,13.0,3.0,0.0,0.0,0,0,0,0,0,0,0,0,0,0,0,0,0,0,0,0,0,0,0,0,0,0,0,0
827,37.75,-78.75,0,CONUS_37.75_-78.75,USA,140.0,0,17.6,10.1,3.0,35.0,0.5,0.6,16.5,10.9,0,0,25.0,0.5,168.5,13.0,3.0,0.0,0.0,0,0,0,0,0,0,0,0,0,0,0,0,0,0,0,0,0,0,0,0,0,0,0,0
828,37.75,-78.25,0,CONUS_37.75_-78.25,USA,29.3,0,17.6,10.1,3.0,35.0,0.5,0.6,16.5,10.9,0,0,21.2,0.42,142.9,11.02,3.0,0.0,0.0,0,0,0,0,0,0,0,0,0,0,0,0,0,0,0,0,0,0,0,0,0,0,0,0
829,37.75,-77.75,0,CONUS_37.75_-77.75,USA,16.7,0,17.6,10.1,3.0,35.0,0.5,0.6,16.5,10.9,0,0,16.9,0.34,113.7,8.77,3.0,0.0,0.0,0,0,0,0,0,0,0,0,0,0,0,0,0,0,0,0,0,0,0,0,0,0,0,0
830,37.75,-77.25,0,CONUS_37.75_-77.25,USA,11.3,0,14.0,8.0,3.0,35.0,0.5,0.6,13.2,10.9,0,0,6.7,0.13,45.3,3.49,3.0,0.0,0.0,0,0,0,0,0,0,0,0,0,0,0,0,0,0,0,0,0,0,0,0,0,0,0,0
831,37.75,-76.75,0,CONUS_37.75_-76.75,USA,10.4,0,22.9,11.7,3.0,35.0,0.5,0.6,21.5,10.9,0,0,6.2,0.12,42.1,3.24,3.0,0.0,0.0,0,0,0,0,0,0,0,0,0,0,0,0,0,0,0,0,0,0,0,0,0,0,0,0
832,37.75,-75.75,0,CONUS_37.75_-75.75,USA,4.6,0,14.9,6.7,3.0,35.0,0.5,0.6,14.0,10.9,0,0,5.8,0.12,39.3,3.03,3.0,0.0,0.0,0,0,0,0,0,0,0,0,0,0,0,0,0,0,0,0,0,0,0,0,0,0,0,0
833,37.25,-122.25,0,CONUS_37.25_-122.25,USA,197.3,0,16.4,8.2,3.0,35.0,0.5,0.6,15.4,10.9,0,0,4.8,0.1,32.2,2.49,3.0,0.0,0.0,0,0,0,0,0,0,0,0,0,0,0,0,0,0,0,0,0,0,0,0,0,0,0,0
834,37.25,-119.25,0,CONUS_37.25_-119.25,USA,644.7,0,27.1,15.4,3.0,35.0,0.5,0.6,25.4,10.9,0,0,7.2,0.14,48.7,3.75,3.0,0.0,0.0,0,0,0,0,0,0,0,0,0,0,0,0,0,0,0,0,0,0,0,0,0,0,0,0
835,37.25,-107.75,0,CONUS_37.25_-107.75,USA,339.7,0,16.4,9.1,3.0,35.0,0.5,0.6,15.4,10.9,0,0,3.2,0.06,21.3,1.64,3.0,0.0,0.0,0,0,0,0,0,0,0,0,0,0,0,0,0,0,0,0,0,0,0,0,0,0,0,0
836,37.25,-107.25,0,CONUS_37.25_-107.25,USA,343.1,0,13.9,7.1,3.0,35.0,0.5,0.6,13.1,10.9,0,0,3.2,0.06,21.9,1.69,3.0,0.0,0.0,0,0,0,0,0,0,0,0,0,0,0,0,0,0,0,0,0,0,0,0,0,0,0,0
837,37.25,-106.75,0,CONUS_37.25_-106.75,USA,457.8,0,13.9,7.1,3.0,35.0,0.5,0.6,13.1,10.9,0,0,3.0,0.06,20.3,1.57,3.0,0.0,0.0,0,0,0,0,0,0,0,0,0,0,0,0,0,0,0,0,0,0,0,0,0,0,0,0
838,37.25,-106.25,0,CONUS_37.25_-106.25,USA,349.2,0,13.9,7.1,3.0,35.0,0.5,0.6,13.1,10.9,0,0,3.4,0.07,23.2,1.79,3.0,0.0,0.0,0,0,0,0,0,0,0,0,0,0,0,0,0,0,0,0,0,0,0,0,0,0,0,0
839,37.25,-105.25,0,CONUS_37.25_-105.25,USA,381.4,0,13.9,7.1,3.0,35.0,0.5,0.6,13.1,10.9,0,0,3.6,0.07,24.3,1.88,3.0,0.0,0.0,0,0,0,0,0,0,0,0,0,0,0,0,0,0,0,0,0,0,0,0,0,0,0,0
840,37.25,-104.75,0,CONUS_37.25_-104.75,USA,256.5,0,13.9,7.1,3.0,35.0,0.5,0.6,13.1,10.9,0,0,2.6,0.05,17.4,1.34,3.0,0.0,0.0,0,0,0,0,0,0,0,0,0,0,0,0,0,0,0,0,0,0,0,0,0,0,0,0
841,37.25,-92.75,0,CONUS_37.25_-92.75,USA,39.5,0,13.9,7.1,3.0,35.0,0.5,0.6,13.1,10.9,0,0,3.1,0.06,20.6,1.59,3.0,0.0,0.0,0,0,0,0,0,0,0,0,0,0,0,0,0,0,0,0,0,0,0,0,0,0,0,0
842,37.25,-92.25,0,CONUS_37.25_-92.25,USA,35.1,0,13.9,7.1,3.0,35.0,0.5,0.6,13.1,10.9,0,0,3.0,0.06,20.0,1.54,3.0,0.0,0.0,0,0,0,0,0,0,0,0,0,0,0,0,0,0,0,0,0,0,0,0,0,0,0,0
843,37.25,-91.75,0,CONUS_37.25_-91.75,USA,35.6,0,14.0,7.1,3.0,35.0,0.5,0.6,13.1,10.9,0,0,5.8,0.12,39.0,3.01,3.0,0.0,0.0,0,0,0,0,0,0,0,0,0,0,0,0,0,0,0,0,0,0,0,0,0,0,0,0
844,37.25,-91.25,0,CONUS_37.25_-91.25,USA,51.1,0,13.9,7.1,3.0,35.0,0.5,0.6,13.1,10.9,0,0,5.4,0.11,36.1,2.79,3.0,0.0,0.0,0,0,0,0,0,0,0,0,0,0,0,0,0,0,0,0,0,0,0,0,0,0,0,0
845,37.25,-90.75,0,CONUS_37.25_-90.75,USA,47.2,0,13.9,7.1,3.0,35.0,0.5,0.6,13.1,10.9,0,0,3.4,0.07,23.2,1.79,3.0,0.0,0.0,0,0,0,0,0,0,0,0,0,0,0,0,0,0,0,0,0,0,0,0,0,0,0,0
846,37.25,-90.25,0,CONUS_37.25_-90.25,USA,48.1,0,13.9,7.1,3.0,35.0,0.5,0.6,13.1,10.9,0,0,4.8,0.1,32.6,2.51,3.0,0.0,0.0,0,0,0,0,0,0,0,0,0,0,0,0,0,0,0,0,0,0,0,0,0,0,0,0
847,37.25,-89.75,0,CONUS_37.25_-89.75,USA,31.5,0,13.9,6.2,3.0,35.0,0.5,0.6,13.1,10.9,0,0,7.1,0.14,47.8,3.69,3.0,0.0,0.0,0,0,0,0,0,0,0,0,0,0,0,0,0,0,0,0,0,0,0,0,0,0,0,0
848,37.25,-89.25,0,CONUS_37.25_-89.25,USA,26.3,0,13.9,7.1,3.0,35.0,0.5,0.6,13.1,10.9,0,0,4.1,0.08,27.9,2.15,3.0,0.0,0.0,0,0,0,0,0,0,0,0,0,0,0,0,0,0,0,0,0,0,0,0,0,0,0,0
849,37.25,-88.75,0,CONUS_37.25_-88.75,USA,23.0,0,13.9,7.1,3.0,35.0,0.5,0.6,13.1,10.9,0,0,3.7,0.07,25.0,1.93,3.0,0.0,0.0,0,0,0,0,0,0,0,0,0,0,0,0,0,0,0,0,0,0,0,0,0,0,0,0
850,37.25,-88.25,0,CONUS_37.25_-88.25,USA,24.7,0,14.0,8.0,3.0,35.0,0.5,0.6,13.2,10.9,0,0,5.3,0.11,35.9,2.77,3.0,0.0,0.0,0,0,0,0,0,0,0,0,0,0,0,0,0,0,0,0,0,0,0,0,0,0,0,0
851,37.25,-87.75,0,CONUS_37.25_-87.75,USA,21.8,0,14.0,8.0,3.0,35.0,0.5,0.6,13.2,10.9,0,0,6.1,0.12,41.0,3.16,3.0,0.0,0.0,0,0,0,0,0,0,0,0,0,0,0,0,0,0,0,0,0,0,0,0,0,0,0,0
852,37.25,-87.25,0,CONUS_37.25_-87.25,USA,25.2,0,16.9,6.9,3.0,35.0,0.5,0.6,15.9,10.9,0,0,4.9,0.1,33.1,2.56,3.0,0.0,0.0,0,0,0,0,0,0,0,0,0,0,0,0,0,0,0,0,0,0,0,0,0,0,0,0
853,37.25,-86.75,0,CONUS_37.25_-86.75,USA,22.7,0,16.9,6.9,3.0,35.0,0.5,0.6,15.9,10.9,0,0,4.3,0.09,28.9,2.23,3.0,0.0,0.0,0,0,0,0,0,0,0,0,0,0,0,0,0,0,0,0,0,0,0,0,0,0,0,0
854,37.25,-86.25,0,CONUS_37.25_-86.25,USA,25.5,0,18.9,8.8,3.0,35.0,0.5,0.6,17.7,10.9,0,0,5.5,0.11,36.9,2.85,3.0,0.0,0.0,0,0,0,0,0,0,0,0,0,0,0,0,0,0,0,0,0,0,0,0,0,0,0,0
855,37.25,-85.75,0,CONUS_37.25_-85.75,USA,23.2,0,18.9,8.8,3.0,35.0,0.5,0.6,17.7,10.9,0,0,5.7,0.11,38.6,2.98,3.0,0.0,0.0,0,0,0,0,0,0,0,0,0,0,0,0,0,0,0,0,0,0,0,0,0,0,0,0
856,37.25,-85.25,0,CONUS_37.25_-85.25,USA,34.8,0,18.9,8.8,3.0,35.0,0.5,0.6,17.7,10.9,0,0,5.7,0.11,38.6,2.98,3.0,0.0,0.0,0,0,0,0,0,0,0,0,0,0,0,0,0,0,0,0,0,0,0,0,0,0,0,0
857,37.25,-84.75,0,CONUS_37.25_-84.75,USA,35.4,0,18.9,8.8,3.0,35.0,0.5,0.6,17.7,10.9,0,0,5.6,0.11,37.8,2.92,3.0,0.0,0.0,0,0,0,0,0,0,0,0,0,0,0,0,0,0,0,0,0,0,0,0,0,0,0,0
858,37.25,-84.25,0,CONUS_37.25_-84.25,USA,32.3,0,18.2,9.6,3.0,35.0,0.5,0.6,17.1,10.9,0,0,5.4,0.11,36.1,2.79,3.0,0.0,0.0,0,0,0,0,0,0,0,0,0,0,0,0,0,0,0,0,0,0,0,0,0,0,0,0
859,37.25,-83.75,0,CONUS_37.25_-83.75,USA,49.0,0,18.2,9.6,3.0,35.0,0.5,0.6,17.1,10.9,0,0,5.8,0.12,39.0,3.01,3.0,0.0,0.0,0,0,0,0,0,0,0,0,0,0,0,0,0,0,0,0,0,0,0,0,0,0,0,0
860,37.25,-83.25,0,CONUS_37.25_-83.25,USA,81.7,0,17.5,8.7,3.0,35.0,0.5,0.6,16.4,10.9,0,0,5.6,0.11,37.8,2.91,3.0,0.0,0.0,0,0,0,0,0,0,0,0,0,0,0,0,0,0,0,0,0,0,0,0,0,0,0,0
861,37.25,-82.75,0,CONUS_37.25_-82.75,USA,138.0,0,17.5,8.7,3.0,35.0,0.5,0.6,16.4,10.9,0,0,5.6,0.11,37.6,2.9,3.0,0.0,0.0,0,0,0,0,0,0,0,0,0,0,0,0,0,0,0,0,0,0,0,0,0,0,0,0
862,37.25,-82.25,0,CONUS_37.25_-82.25,USA,119.3,0,17.5,8.7,3.0,35.0,0.5,0.6,16.4,10.9,0,0,5.9,0.12,40.0,3.09,3.0,0.0,0.0,0,0,0,0,0,0,0,0,0,0,0,0,0,0,0,0,0,0,0,0,0,0,0,0
863,37.25,-81.75,0,CONUS_37.25_-81.75,USA,134.8,0,14.0,8.0,3.0,35.0,0.5,0.6,13.2,10.9,0,0,7.6,0.15,51.0,3.93,3.0,0.0,0.0,0,0,0,0,0,0,0,0,0,0,0,0,0,0,0,0,0,0,0,0,0,0,0,0
864,37.25,-81.25,0,CONUS_37.25_-81.25,USA,123.8,0,17.6,10.1,3.0,35.0,0.5,0.6,16.5,10.9,0,0,25.0,0.5,168.5,13.0,3.0,0.0,0.0,0,0,0,0,0,0,0,0,0,0,0,0,0,0,0,0,0,0,0,0,0,0,0,0
865,37.25,-80.75,0,CONUS_37.25_-80.75,USA,143.6,0,26.1,15.0,3.0,35.0,0.5,0.6,24.5,10.9,0,0,25.0,0.5,168.5,13.0,3.0,0.0,0.0,0,0,0,0,0,0,0,0,0,0,0,0,0,0,0,0,0,0,0,0,0,0,0,0
866,37.25,-80.25,0,CONUS_37.25_-80.25,USA,158.5,0,26.1,15.0,3.0,35.0,0.5,0.6,24.5,10.9,0,0,25.0,0.5,168.5,13.0,3.0,0.0,0.0,0,0,0,0,0,0,0,0,0,0,0,0,0,0,0,0,0,0,0,0,0,0,0,0
867,37.25,-79.75,0,CONUS_37.25_-79.75,USA,106.2,0,26.1,15.0,3.0,35.0,0.5,0.6,24.5,10.9,0,0,25.0,0.5,168.5,13.0,3.0,0.0,0.0,0,0,0,0,0,0,0,0,0,0,0,0,0,0,0,0,0,0,0,0,0,0,0,0
868,37.25,-79.25,0,CONUS_37.25_-79.25,USA,51.3,0,17.6,10.1,3.0,35.0,0.5,0.6,16.5,10.9,0,0,25.0,0.5,168.5,13.0,3.0,0.0,0.0,0,0,0,0,0,0,0,0,0,0,0,0,0,0,0,0,0,0,0,0,0,0,0,0
869,37.25,-78.75,0,CONUS_37.25_-78.75,USA,33.8,0,17.6,10.1,3.0,35.0,0.5,0.6,16.5,10.9,0,0,25.0,0.5,168.5,13.0,3.0,0.0,0.0,0,0,0,0,0,0,0,0,0,0,0,0,0,0,0,0,0,0,0,0,0,0,0,0
870,37.25,-78.25,0,CONUS_37.25_-78.25,USA,22.9,0,17.6,10.1,3.0,35.0,0.5,0.6,16.5,10.9,0,0,25.0,0.5,168.5,13.0,3.0,0.0,0.0,0,0,0,0,0,0,0,0,0,0,0,0,0,0,0,0,0,0,0,0,0,0,0,0
871,37.25,-77.75,0,CONUS_37.25_-77.75,USA,16.6,0,14.1,8.0,3.0,35.0,0.5,0.6,13.2,10.9,0,0,25.0,0.5,168.5,13.0,3.0,0.0,0.0,0,0,0,0,0,0,0,0,0,0,0,0,0,0,0,0,0,0,0,0,0,0,0,0
872,37.25,-77.25,0,CONUS_37.25_-77.25,USA,7.2,0,14.1,8.0,3.0,35.0,0.5,0.6,13.2,10.9,0,0,23.0,0.46,155.0,11.96,3.0,0.0,0.0,0,0,0,0,0,0,0,0,0,0,0,0,0,0,0,0,0,0,0,0,0,0,0,0
873,37.25,-76.75,0,CONUS_37.25_-76.75,USA,10.3,0,14.1,8.0,3.0,35.0,0.5,0.6,13.2,10.9,0,0,15.1,0.3,102.0,7.87,3.0,0.0,0.0,0,0,0,0,0,0,0,0,0,0,0,0,0,0,0,0,0,0,0,0,0,0,0,0
874,36.75,-118.75,0,CONUS_36.75_-118.75,USA,741.9,0,27.1,15.4,3.0,35.0,0.5,0.6,25.4,10.9,0,0,6.1,0.12,41.0,3.16,3.0,0.0,0.0,0,0,0,0,0,0,0,0,0,0,0,0,0,0,0,0,0,0,0,0,0,0,0,0
875,36.75,-106.25,0,CONUS_36.75_-106.25,USA,237.9,0,16.4,9.1,3.0,35.0,0.5,0.6,15.4,10.9,0,0,2.4,0.05,16.4,1.26,3.0,0.0,0.0,0,0,0,0,0,0,0,0,0,0,0,0,0,0,0,0,0,0,0,0,0,0,0,0
876,36.75,-105.25,0,CONUS_36.75_-105.25,USA,352.4,0,13.9,7.1,3.0,35.0,0.5,0.6,13.1,10.9,0,0,2.5,0.05,16.7,1.29,3.0,0.0,0.0,0,0,0,0,0,0,0,0,0,0,0,0,0,0,0,0,0,0,0,0,0,0,0,0
877,36.75,-93.75,0,CONUS_36.75_-93.75,USA,48.7,0,13.9,7.1,3.0,35.0,0.5,0.6,13.1,10.9,0,0,3.3,0.07,22.5,1.74,3.0,0.0,0.0,0,0,0,0,0,0,0,0,0,0,0,0,0,0,0,0,0,0,0,0,0,0,0,0
878,36.75,-93.25,0,CONUS_36.75_-93.25,USA,50.9,0,13.9,7.1,3.0,35.0,0.5,0.6,13.1,10.9,0,0,3.2,0.06,21.9,1.69,3.0,0.0,0.0,0,0,0,0,0,0,0,0,0,0,0,0,0,0,0,0,0,0,0,0,0,0,0,0
879,36.75,-92.75,0,CONUS_36.75_-92.75,USA,51.4,0,13.9,7.1,3.0,35.0,0.5,0.6,13.1,10.9,0,0,3.1,0.06,20.6,1.59,3.0,0.0,0.0,0,0,0,0,0,0,0,0,0,0,0,0,0,0,0,0,0,0,0,0,0,0,0,0
880,36.75,-92.25,0,CONUS_36.75_-92.25,USA,40.0,0,13.9,7.1,3.0,35.0,0.5,0.6,13.1,10.9,0,0,3.4,0.07,23.2,1.79,3.0,0.0,0.0,0,0,0,0,0,0,0,0,0,0,0,0,0,0,0,0,0,0,0,0,0,0,0,0
881,36.75,-91.75,0,CONUS_36.75_-91.75,USA,44.8,0,13.9,7.1,3.0,35.0,0.5,0.6,13.1,10.9,0,0,3.9,0.08,26.1,2.01,3.0,0.0,0.0,0,0,0,0,0,0,0,0,0,0,0,0,0,0,0,0,0,0,0,0,0,0,0,0
882,36.75,-91.25,0,CONUS_36.75_-91.25,USA,42.6,0,13.9,7.1,3.0,35.0,0.5,0.6,13.1,10.9,0,0,3.4,0.07,23.2,1.79,3.0,0.0,0.0,0,0,0,0,0,0,0,0,0,0,0,0,0,0,0,0,0,0,0,0,0,0,0,0
883,36.75,-90.75,0,CONUS_36.75_-90.75,USA,43.3,0,13.9,7.1,3.0,35.0,0.5,0.6,13.1,10.9,0,0,3.2,0.06,21.9,1.69,3.0,0.0,0.0,0,0,0,0,0,0,0,0,0,0,0,0,0,0,0,0,0,0,0,0,0,0,0,0
884,36.75,-90.25,0,CONUS_36.75_-90.25,USA,19.1,0,13.9,7.1,3.0,35.0,0.5,0.6,13.1,10.9,0,0,3.2,0.06,21.2,1.64,3.0,0.0,0.0,0,0,0,0,0,0,0,0,0,0,0,0,0,0,0,0,0,0,0,0,0,0,0,0
885,36.75,-89.75,0,CONUS_36.75_-89.75,USA,15.0,0,13.9,7.1,3.0,35.0,0.5,0.6,13.1,10.9,0,0,3.1,0.06,20.6,1.59,3.0,0.0,0.0,0,0,0,0,0,0,0,0,0,0,0,0,0,0,0,0,0,0,0,0,0,0,0,0
886,36.75,-89.25,0,CONUS_36.75_-89.25,USA,12.1,0,13.9,7.1,3.0,35.0,0.5,0.6,13.1,10.9,0,0,3.1,0.06,20.6,1.59,3.0,0.0,0.0,0,0,0,0,0,0,0,0,0,0,0,0,0,0,0,0,0,0,0,0,0,0,0,0
887,36.75,-88.25,0,CONUS_36.75_-88.25,USA,20.1,0,13.9,7.1,3.0,35.0,0.5,0.6,13.1,10.9,0,0,4.2,0.08,28.0,2.16,3.0,0.0,0.0,0,0,0,0,0,0,0,0,0,0,0,0,0,0,0,0,0,0,0,0,0,0,0,0
888,36.75,-87.75,0,CONUS_36.75_-87.75,USA,23.2,0,14.0,8.0,3.0,35.0,0.5,0.6,13.2,10.9,0,0,5.5,0.11,37.1,2.87,3.0,0.0,0.0,0,0,0,0,0,0,0,0,0,0,0,0,0,0,0,0,0,0,0,0,0,0,0,0
889,36.75,-86.25,0,CONUS_36.75_-86.25,USA,35.9,0,16.9,6.9,3.0,35.0,0.5,0.6,15.9,10.9,0,0,5.0,0.1,33.8,2.61,3.0,0.0,0.0,0,0,0,0,0,0,0,0,0,0,0,0,0,0,0,0,0,0,0,0,0,0,0,0
890,36.75,-85.75,0,CONUS_36.75_-85.75,USA,32.3,0,16.9,6.9,3.0,35.0,0.5,0.6,15.9,10.9,0,0,4.7,0.09,31.7,2.45,3.0,0.0,0.0,0,0,0,0,0,0,0,0,0,0,0,0,0,0,0,0,0,0,0,0,0,0,0,0
891,36.75,-85.25,0,CONUS_36.75_-85.25,USA,53.8,0,18.9,8.8,3.0,35.0,0.5,0.6,17.7,10.9,0,0,4.9,0.1,32.9,2.53,3.0,0.0,0.0,0,0,0,0,0,0,0,0,0,0,0,0,0,0,0,0,0,0,0,0,0,0,0,0
892,36.75,-84.75,0,CONUS_36.75_-84.75,USA,70.3,0,18.9,8.8,3.0,35.0,0.5,0.6,17.7,10.9,0,0,5.6,0.11,37.6,2.9,3.0,0.0,0.0,0,0,0,0,0,0,0,0,0,0,0,0,0,0,0,0,0,0,0,0,0,0,0,0
893,36.75,-84.25,0,CONUS_36.75_-84.25,USA,74.7,0,18.9,8.8,3.0,35.0,0.5,0.6,17.7,10.9,0,0,5.7,0.11,38.6,2.98,3.0,0.0,0.0,0,0,0,0,0,0,0,0,0,0,0,0,0,0,0,0,0,0,0,0,0,0,0,0
894,36.75,-83.75,0,CONUS_36.75_-83.75,USA,114.2,0,18.9,8.8,3.0,35.0,0.5,0.6,17.7,10.9,0,0,5.3,0.11,36.0,2.78,3.0,0.0,0.0,0,0,0,0,0,0,0,0,0,0,0,0,0,0,0,0,0,0,0,0,0,0,0,0
895,36.75,-83.25,0,CONUS_36.75_-83.25,USA,131.6,0,18.9,8.8,3.0,35.0,0.5,0.6,17.7,10.9,0,0,5.3,0.11,36.0,2.77,3.0,0.0,0.0,0,0,0,0,0,0,0,0,0,0,0,0,0,0,0,0,0,0,0,0,0,0,0,0
896,36.75,-82.75,0,CONUS_36.75_-82.75,USA,177.4,0,18.9,8.8,3.0,35.0,0.5,0.6,17.7,10.9,0,0,5.1,0.1,34.7,2.68,3.0,0.0,0.0,0,0,0,0,0,0,0,0,0,0,0,0,0,0,0,0,0,0,0,0,0,0,0,0
897,36.75,-82.25,0,CONUS_36.75_-82.25,USA,116.8,0,18.8,8.3,3.0,35.0,0.5,0.6,17.7,10.9,0,0,4.3,0.09,28.9,2.23,3.0,0.0,0.0,0,0,0,0,0,0,0,0,0,0,0,0,0,0,0,0,0,0,0,0,0,0,0,0
898,36.75,-81.75,0,CONUS_36.75_-81.75,USA,210.8,0,18.8,8.3,3.0,35.0,0.5,0.6,17.7,10.9,0,0,4.8,0.1,32.5,2.51,3.0,0.0,0.0,0,0,0,0,0,0,0,0,0,0,0,0,0,0,0,0,0,0,0,0,0,0,0,0
899,36.75,-81.25,0,CONUS_36.75_-81.25,USA,123.3,0,14.0,8.0,3.0,35.0,0.5,0.6,13.2,10.9,0,0,6.0,0.12,40.1,3.1,3.0,0.0,0.0,0,0,0,0,0,0,0,0,0,0,0,0,0,0,0,0,0,0,0,0,0,0,0,0
900,36.75,-80.75,0,CONUS_36.75_-80.75,USA,148.7,0,14.1,8.0,3.0,35.0,0.5,0.6,13.2,10.9,0,0,15.6,0.31,105.4,8.13,3.0,0.0,0.0,0,0,0,0,0,0,0,0,0,0,0,0,0,0,0,0,0,0,0,0,0,0,0,0
901,36.75,-80.25,0,CONUS_36.75_-80.25,USA,212.5,0,26.1,14.9,3.0,35.0,0.5,0.6,24.5,10.9,0,0,25.0,0.5,168.5,13.0,3.0,0.0,0.0,0,0,0,0,0,0,0,0,0,0,0,0,0,0,0,0,0,0,0,0,0,0,0,0
902,36.75,-79.75,0,CONUS_36.75_-79.75,USA,58.2,0,26.1,14.9,3.0,35.0,0.5,0.6,24.5,10.9,0,0,25.0,0.5,168.5,13.0,3.0,0.0,0.0,0,0,0,0,0,0,0,0,0,0,0,0,0,0,0,0,0,0,0,0,0,0,0,0
903,36.75,-79.25,0,CONUS_36.75_-79.25,USA,38.8,0,26.1,15.0,3.0,35.0,0.5,0.6,24.5,10.9,0,0,25.0,0.5,168.5,13.0,3.0,0.0,0.0,0,0,0,0,0,0,0,0,0,0,0,0,0,0,0,0,0,0,0,0,0,0,0,0
904,36.75,-78.75,0,CONUS_36.75_-78.75,USA,20.0,0,14.1,8.0,3.0,35.0,0.5,0.6,13.2,10.9,0,0,25.0,0.5,168.5,13.0,3.0,0.0,0.0,0,0,0,0,0,0,0,0,0,0,0,0,0,0,0,0,0,0,0,0,0,0,0,0
905,36.75,-78.25,0,CONUS_36.75_-78.25,USA,23.8,0,28.3,17.7,3.0,35.0,0.5,0.6,26.6,10.9,0,0,8.6,0.17,58.0,4.47,3.0,0.0,0.0,0,0,0,0,0,0,0,0,0,0,0,0,0,0,0,0,0,0,0,0,0,0,0,0
906,36.75,-77.75,0,CONUS_36.75_-77.75,USA,20.7,0,14.1,8.0,3.0,35.0,0.5,0.6,13.2,10.9,0,0,23.1,0.46,155.6,12.01,3.0,0.0,0.0,0,0,0,0,0,0,0,0,0,0,0,0,0,0,0,0,0,0,0,0,0,0,0,0
907,36.75,-77.25,0,CONUS_36.75_-77.25,USA,8.3,0,14.1,8.0,3.0,35.0,0.5,0.6,13.2,10.9,0,0,14.1,0.28,94.9,7.33,3.0,0.0,0.0,0,0,0,0,0,0,0,0,0,0,0,0,0,0,0,0,0,0,0,0,0,0,0,0
908,36.75,-76.25,0,CONUS_36.75_-76.25,USA,1.9,0,22.9,11.7,3.0,35.0,0.5,0.6,21.5,10.9,0,0,5.5,0.11,37.2,2.87,3.0,0.0,0.0,0,0,0,0,0,0,0,0,0,0,0,0,0,0,0,0,0,0,0,0,0,0,0,0
909,36.25,-121.75,0,CONUS_36.25_-121.75,USA,306.0,0,16.4,8.2,3.0,35.0,0.5,0.6,15.4,10.9,0,0,5.5,0.11,37.0,2.86,3.0,0.0,0.0,0,0,0,0,0,0,0,0,0,0,0,0,0,0,0,0,0,0,0,0,0,0,0,0
910,36.25,-118.75,0,CONUS_36.25_-118.75,USA,920.9,0,14.8,5.8,3.0,35.0,0.5,0.6,13.9,10.9,0,0,5.9,0.12,39.6,3.06,3.0,0.0,0.0,0,0,0,0,0,0,0,0,0,0,0,0,0,0,0,0,0,0,0,0,0,0,0,0
911,36.25,-118.25,0,CONUS_36.25_-118.25,USA,549.1,0,14.8,5.8,3.0,35.0,0.5,0.6,13.9,10.9,0,0,6.2,0.12,41.9,3.23,3.0,0.0,0.0,0,0,0,0,0,0,0,0,0,0,0,0,0,0,0,0,0,0,0,0,0,0,0,0
912,36.25,-112.25,0,CONUS_36.25_-112.25,USA,502.4,0,12.9,5.2,3.0,35.0,0.5,0.6,12.1,10.9,0,0,5.0,0.1,33.4,2.58,3.0,0.0,0.0,0,0,0,0,0,0,0,0,0,0,0,0,0,0,0,0,0,0,0,0,0,0,0,0
913,36.25,-106.75,0,CONUS_36.25_-106.75,USA,282.0,0,18.5,11.0,3.0,35.0,0.5,0.6,17.4,10.9,0,0,6.1,0.12,41.2,3.18,3.0,0.0,0.0,0,0,0,0,0,0,0,0,0,0,0,0,0,0,0,0,0,0,0,0,0,0,0,0
914,36.25,-105.75,0,CONUS_36.25_-105.75,USA,374.7,0,13.9,7.1,3.0,35.0,0.5,0.6,13.1,10.9,0,0,3.5,0.07,23.5,1.81,3.0,0.0,0.0,0,0,0,0,0,0,0,0,0,0,0,0,0,0,0,0,0,0,0,0,0,0,0,0
915,36.25,-105.25,0,CONUS_36.25_-105.25,USA,301.0,0,13.9,7.1,3.0,35.0,0.5,0.6,13.1,10.9,0,0,1.9,0.04,12.8,0.98,3.0,0.0,0.0,0,0,0,0,0,0,0,0,0,0,0,0,0,0,0,0,0,0,0,0,0,0,0,0
916,36.25,-93.75,0,CONUS_36.25_-93.75,USA,55.3,0,13.9,7.1,3.0,35.0,0.5,0.6,13.1,10.9,0,0,3.1,0.06,20.6,1.59,3.0,0.0,0.0,0,0,0,0,0,0,0,0,0,0,0,0,0,0,0,0,0,0,0,0,0,0,0,0
917,36.25,-93.25,0,CONUS_36.25_-93.25,USA,97.3,0,13.9,7.1,3.0,35.0,0.5,0.6,13.1,10.9,0,0,3.2,0.06,21.7,1.67,3.0,0.0,0.0,0,0,0,0,0,0,0,0,0,0,0,0,0,0,0,0,0,0,0,0,0,0,0,0
918,36.25,-92.75,0,CONUS_36.25_-92.75,USA,53.8,0,13.9,7.1,3.0,35.0,0.5,0.6,13.1,10.9,0,0,4.0,0.08,27.2,2.1,3.0,0.0,0.0,0,0,0,0,0,0,0,0,0,0,0,0,0,0,0,0,0,0,0,0,0,0,0,0
919,36.25,-92.25,0,CONUS_36.25_-92.25,USA,48.1,0,13.9,7.1,3.0,35.0,0.5,0.6,13.1,10.9,0,0,2.9,0.06,19.3,1.49,3.0,0.0,0.0,0,0,0,0,0,0,0,0,0,0,0,0,0,0,0,0,0,0,0,0,0,0,0,0
920,36.25,-91.75,0,CONUS_36.25_-91.75,USA,37.4,0,14.0,7.1,3.0,35.0,0.5,0.6,13.1,10.9,0,0,5.7,0.11,38.2,2.95,3.0,0.0,0.0,0,0,0,0,0,0,0,0,0,0,0,0,0,0,0,0,0,0,0,0,0,0,0,0
921,36.25,-91.25,0,CONUS_36.25_-91.25,USA,45.8,0,14.0,7.1,3.0,35.0,0.5,0.6,13.1,10.9,0,0,5.6,0.11,37.8,2.92,3.0,0.0,0.0,0,0,0,0,0,0,0,0,0,0,0,0,0,0,0,0,0,0,0,0,0,0,0,0
922,36.25,-90.75,0,CONUS_36.25_-90.75,USA,18.7,0,13.9,7.1,3.0,35.0,0.5,0.6,13.1,10.9,0,0,4.7,0.09,31.9,2.46,3.0,0.0,0.0,0,0,0,0,0,0,0,0,0,0,0,0,0,0,0,0,0,0,0,0,0,0,0,0
923,36.25,-90.25,0,CONUS_36.25_-90.25,USA,15.8,0,13.9,7.1,3.0,35.0,0.5,0.6,13.1,10.9,0,0,3.8,0.08,25.4,1.96,3.0,0.0,0.0,0,0,0,0,0,0,0,0,0,0,0,0,0,0,0,0,0,0,0,0,0,0,0,0
924,36.25,-89.75,0,CONUS_36.25_-89.75,USA,3.1,0,13.9,7.1,3.0,35.0,0.5,0.6,13.1,10.9,0,0,2.8,0.06,19.1,1.47,3.0,0.0,0.0,0,0,0,0,0,0,0,0,0,0,0,0,0,0,0,0,0,0,0,0,0,0,0,0
925,36.25,-89.25,0,CONUS_36.25_-89.25,USA,16.5,0,13.9,7.1,3.0,35.0,0.5,0.6,13.1,10.9,0,0,1.5,0.03,10.3,0.8,3.0,0.0,0.0,0,0,0,0,0,0,0,0,0,0,0,0,0,0,0,0,0,0,0,0,0,0,0,0
926,36.25,-88.75,0,CONUS_36.25_-88.75,USA,14.4,0,13.9,7.1,3.0,35.0,0.5,0.6,13.1,10.9,0,0,2.4,0.05,16.1,1.24,3.0,0.0,0.0,0,0,0,0,0,0,0,0,0,0,0,0,0,0,0,0,0,0,0,0,0,0,0,0
927,36.25,-88.25,0,CONUS_36.25_-88.25,USA,19.0,0,13.9,7.1,3.0,35.0,0.5,0.6,13.1,10.9,0,0,2.8,0.06,18.7,1.44,3.0,0.0,0.0,0,0,0,0,0,0,0,0,0,0,0,0,0,0,0,0,0,0,0,0,0,0,0,0
928,36.25,-87.75,0,CONUS_36.25_-87.75,USA,36.1,0,13.9,7.1,3.0,35.0,0.5,0.6,13.1,10.9,0,0,2.9,0.06,19.3,1.49,3.0,0.0,0.0,0,0,0,0,0,0,0,0,0,0,0,0,0,0,0,0,0,0,0,0,0,0,0,0
929,36.25,-87.25,0,CONUS_36.25_-87.25,USA,35.2,0,13.9,7.1,3.0,35.0,0.5,0.6,13.1,10.9,0,0,3.5,0.07,23.7,1.83,3.0,0.0,0.0,0,0,0,0,0,0,0,0,0,0,0,0,0,0,0,0,0,0,0,0,0,0,0,0
930,36.25,-86.75,0,CONUS_36.25_-86.75,USA,36.9,0,13.9,7.1,3.0,35.0,0.5,0.6,13.1,10.9,0,0,4.3,0.09,29.1,2.25,3.0,0.0,0.0,0,0,0,0,0,0,0,0,0,0,0,0,0,0,0,0,0,0,0,0,0,0,0,0
931,36.25,-86.25,0,CONUS_36.25_-86.25,USA,41.9,0,14.0,8.0,3.0,35.0,0.5,0.6,13.2,10.9,0,0,5.0,0.1,33.4,2.58,3.0,0.0,0.0,0,0,0,0,0,0,0,0,0,0,0,0,0,0,0,0,0,0,0,0,0,0,0,0
932,36.25,-85.75,0,CONUS_36.25_-85.75,USA,48.5,0,14.0,8.0,3.0,35.0,0.5,0.6,13.2,10.9,0,0,5.2,0.1,35.1,2.71,3.0,0.0,0.0,0,0,0,0,0,0,0,0,0,0,0,0,0,0,0,0,0,0,0,0,0,0,0,0
933,36.25,-85.25,0,CONUS_36.25_-85.25,USA,109.8,0,14.0,8.0,3.0,35.0,0.5,0.6,13.2,10.9,0,0,5.3,0.11,35.6,2.75,3.0,0.0,0.0,0,0,0,0,0,0,0,0,0,0,0,0,0,0,0,0,0,0,0,0,0,0,0,0
934,36.25,-84.75,0,CONUS_36.25_-84.75,USA,66.4,0,16.9,6.9,3.0,35.0,0.5,0.6,15.9,10.9,0,0,5.1,0.1,34.5,2.66,3.0,0.0,0.0,0,0,0,0,0,0,0,0,0,0,0,0,0,0,0,0,0,0,0,0,0,0,0,0
935,36.25,-84.25,0,CONUS_36.25_-84.25,USA,162.1,0,16.9,6.9,3.0,35.0,0.5,0.6,15.9,10.9,0,0,5.0,0.1,33.7,2.6,3.0,0.0,0.0,0,0,0,0,0,0,0,0,0,0,0,0,0,0,0,0,0,0,0,0,0,0,0,0
936,36.25,-83.75,0,CONUS_36.25_-83.75,USA,68.4,0,16.9,6.9,3.0,35.0,0.5,0.6,15.9,10.9,0,0,4.7,0.09,31.6,2.44,3.0,0.0,0.0,0,0,0,0,0,0,0,0,0,0,0,0,0,0,0,0,0,0,0,0,0,0,0,0
937,36.25,-83.25,0,CONUS_36.25_-83.25,USA,63.8,0,16.9,6.9,3.0,35.0,0.5,0.6,15.9,10.9,0,0,4.4,0.09,29.6,2.28,3.0,0.0,0.0,0,0,0,0,0,0,0,0,0,0,0,0,0,0,0,0,0,0,0,0,0,0,0,0
938,36.25,-82.75,0,CONUS_36.25_-82.75,USA,176.4,0,16.9,6.9,3.0,35.0,0.5,0.6,15.9,10.9,0,0,5.2,0.1,35.0,2.7,3.0,0.0,0.0,0,0,0,0,0,0,0,0,0,0,0,0,0,0,0,0,0,0,0,0,0,0,0,0
939,36.25,-82.25,0,CONUS_36.25_-82.25,USA,267.1,0,16.9,6.9,3.0,35.0,0.5,0.6,15.9,10.9,0,0,3.9,0.08,26.4,2.04,3.0,0.0,0.0,0,0,0,0,0,0,0,0,0,0,0,0,0,0,0,0,0,0,0,0,0,0,0,0
940,36.25,-81.75,0,CONUS_36.25_-81.75,USA,228.6,0,16.9,6.9,3.0,35.0,0.5,0.6,15.9,10.9,0,0,3.9,0.08,26.4,2.04,3.0,0.0,0.0,0,0,0,0,0,0,0,0,0,0,0,0,0,0,0,0,0,0,0,0,0,0,0,0
941,36.25,-81.25,0,CONUS_36.25_-81.25,USA,237.4,0,14.0,8.0,3.0,35.0,0.5,0.6,13.2,10.9,0,0,5.7,0.11,38.3,2.96,3.0,0.0,0.0,0,0,0,0,0,0,0,0,0,0,0,0,0,0,0,0,0,0,0,0,0,0,0,0
942,36.25,-80.75,0,CONUS_36.25_-80.75,USA,98.8,0,14.0,8.0,3.0,35.0,0.5,0.6,13.2,10.9,0,0,8.5,0.17,57.0,4.4,3.0,0.0,0.0,0,0,0,0,0,0,0,0,0,0,0,0,0,0,0,0,0,0,0,0,0,0,0,0
943,36.25,-80.25,0,CONUS_36.25_-80.25,USA,50.5,0,18.9,8.3,3.0,35.0,0.5,0.6,17.7,10.9,0,0,13.9,0.28,93.4,7.21,3.0,0.0,0.0,0,0,0,0,0,0,0,0,0,0,0,0,0,0,0,0,0,0,0,0,0,0,0,0
944,36.25,-79.75,0,CONUS_36.25_-79.75,USA,26.8,0,14.1,8.0,3.0,35.0,0.5,0.6,13.2,10.9,0,0,13.4,0.27,90.1,6.95,3.0,0.0,0.0,0,0,0,0,0,0,0,0,0,0,0,0,0,0,0,0,0,0,0,0,0,0,0,0
945,36.25,-79.25,0,CONUS_36.25_-79.25,USA,23.0,0,26.1,14.9,3.0,35.0,0.5,0.6,24.5,10.9,0,0,25.0,0.5,168.5,13.0,3.0,0.0,0.0,0,0,0,0,0,0,0,0,0,0,0,0,0,0,0,0,0,0,0,0,0,0,0,0
946,36.25,-78.75,0,CONUS_36.25_-78.75,USA,31.1,0,14.1,8.0,3.0,35.0,0.5,0.6,13.2,10.9,0,0,24.2,0.48,163.2,12.59,3.0,0.0,0.0,0,0,0,0,0,0,0,0,0,0,0,0,0,0,0,0,0,0,0,0,0,0,0,0
947,36.25,-78.25,0,CONUS_36.25_-78.25,USA,20.7,0,14.1,8.0,3.0,35.0,0.5,0.6,13.2,10.9,0,0,21.1,0.42,142.4,10.98,3.0,0.0,0.0,0,0,0,0,0,0,0,0,0,0,0,0,0,0,0,0,0,0,0,0,0,0,0,0
948,36.25,-77.75,0,CONUS_36.25_-77.75,USA,25.4,0,14.1,8.0,3.0,35.0,0.5,0.6,13.2,10.9,0,0,24.4,0.49,164.1,12.66,3.0,0.0,0.0,0,0,0,0,0,0,0,0,0,0,0,0,0,0,0,0,0,0,0,0,0,0,0,0
949,36.25,-77.25,0,CONUS_36.25_-77.25,USA,7.4,0,14.1,8.0,3.0,35.0,0.5,0.6,13.2,10.9,0,0,10.1,0.2,68.2,5.26,3.0,0.0,0.0,0,0,0,0,0,0,0,0,0,0,0,0,0,0,0,0,0,0,0,0,0,0,0,0
950,36.25,-76.75,0,CONUS_36.25_-76.75,USA,5.2,0,28.3,17.7,3.0,35.0,0.5,0.6,26.6,10.9,0,0,7.7,0.15,51.7,3.99,3.0,0.0,0.0,0,0,0,0,0,0,0,0,0,0,0,0,0,0,0,0,0,0,0,0,0,0,0,0
951,36.25,-76.25,0,CONUS_36.25_-76.25,USA,1.4,0,22.9,11.7,3.0,35.0,0.5,0.6,21.5,10.9,0,0,7.0,0.14,47.0,3.63,3.0,0.0,0.0,0,0,0,0,0,0,0,0,0,0,0,0,0,0,0,0,0,0,0,0,0,0,0,0
952,35.75,-106.75,0,CONUS_35.75_-106.75,USA,351.9,0,18.5,11.0,3.0,35.0,0.5,0.6,17.4,10.9,0,0,9.7,0.19,65.1,5.02,3.0,0.0,0.0,0,0,0,0,0,0,0,0,0,0,0,0,0,0,0,0,0,0,0,0,0,0,0,0
953,35.75,-105.75,0,CONUS_35.75_-105.75,USA,458.2,0,18.5,11.0,3.0,35.0,0.5,0.6,17.4,10.9,0,0,12.6,0.25,84.6,6.53,3.0,0.0,0.0,0,0,0,0,0,0,0,0,0,0,0,0,0,0,0,0,0,0,0,0,0,0,0,0
954,35.75,-105.25,0,CONUS_35.75_-105.25,USA,229.6,0,22.4,13.5,3.0,35.0,0.5,0.6,21.0,10.9,0,0,6.9,0.14,46.6,3.59,3.0,0.0,0.0,0,0,0,0,0,0,0,0,0,0,0,0,0,0,0,0,0,0,0,0,0,0,0,0
955,35.75,-94.25,0,CONUS_35.75_-94.25,USA,116.4,0,13.9,7.1,3.0,35.0,0.5,0.6,13.1,10.9,0,0,2.7,0.05,18.3,1.41,3.0,0.0,0.0,0,0,0,0,0,0,0,0,0,0,0,0,0,0,0,0,0,0,0,0,0,0,0,0
956,35.75,-93.75,0,CONUS_35.75_-93.75,USA,152.9,0,13.9,7.1,3.0,35.0,0.5,0.6,13.1,10.9,0,0,2.1,0.04,14.2,1.09,3.0,0.0,0.0,0,0,0,0,0,0,0,0,0,0,0,0,0,0,0,0,0,0,0,0,0,0,0,0
957,35.75,-93.25,0,CONUS_35.75_-93.25,USA,135.6,0,13.9,7.1,3.0,35.0,0.5,0.6,13.1,10.9,0,0,2.9,0.06,19.5,1.51,3.0,0.0,0.0,0,0,0,0,0,0,0,0,0,0,0,0,0,0,0,0,0,0,0,0,0,0,0,0
958,35.75,-92.75,0,CONUS_35.75_-92.75,USA,103.1,0,13.9,6.2,3.0,35.0,0.5,0.6,13.1,10.9,0,0,5.9,0.12,39.8,3.07,3.0,0.0,0.0,0,0,0,0,0,0,0,0,0,0,0,0,0,0,0,0,0,0,0,0,0,0,0,0
959,35.75,-92.25,0,CONUS_35.75_-92.25,USA,86.0,0,13.9,7.1,3.0,35.0,0.5,0.6,13.1,10.9,0,0,3.3,0.07,22.3,1.72,3.0,0.0,0.0,0,0,0,0,0,0,0,0,0,0,0,0,0,0,0,0,0,0,0,0,0,0,0,0
960,35.75,-91.75,0,CONUS_35.75_-91.75,USA,67.3,0,13.9,7.1,3.0,35.0,0.5,0.6,13.1,10.9,0,0,5.3,0.11,35.7,2.76,3.0,0.0,0.0,0,0,0,0,0,0,0,0,0,0,0,0,0,0,0,0,0,0,0,0,0,0,0,0
961,35.75,-91.25,0,CONUS_35.75_-91.25,USA,27.0,0,13.9,6.2,3.0,35.0,0.5,0.6,13.1,10.9,0,0,4.5,0.09,30.6,2.36,3.0,0.0,0.0,0,0,0,0,0,0,0,0,0,0,0,0,0,0,0,0,0,0,0,0,0,0,0,0
962,35.75,-90.75,0,CONUS_35.75_-90.75,USA,15.5,0,13.9,6.2,3.0,35.0,0.5,0.6,13.1,10.9,0,0,5.2,0.1,34.7,2.68,3.0,0.0,0.0,0,0,0,0,0,0,0,0,0,0,0,0,0,0,0,0,0,0,0,0,0,0,0,0
963,35.75,-90.25,0,CONUS_35.75_-90.25,USA,2.3,0,13.9,7.1,3.0,35.0,0.5,0.6,13.1,10.9,0,0,4.7,0.09,31.4,2.42,3.0,0.0,0.0,0,0,0,0,0,0,0,0,0,0,0,0,0,0,0,0,0,0,0,0,0,0,0,0
964,35.75,-89.75,0,CONUS_35.75_-89.75,USA,16.2,0,14.0,7.1,3.0,35.0,0.5,0.6,13.1,10.9,0,0,6.3,0.13,42.5,3.28,3.0,0.0,0.0,0,0,0,0,0,0,0,0,0,0,0,0,0,0,0,0,0,0,0,0,0,0,0,0
965,35.75,-89.25,0,CONUS_35.75_-89.25,USA,13.8,0,13.9,6.2,3.0,35.0,0.5,0.6,13.1,10.9,0,0,6.4,0.13,43.5,3.35,3.0,0.0,0.0,0,0,0,0,0,0,0,0,0,0,0,0,0,0,0,0,0,0,0,0,0,0,0,0
966,35.75,-88.75,0,CONUS_35.75_-88.75,USA,18.2,0,14.0,6.2,3.0,35.0,0.5,0.6,13.1,10.9,0,0,8.1,0.16,54.9,4.23,3.0,0.0,0.0,0,0,0,0,0,0,0,0,0,0,0,0,0,0,0,0,0,0,0,0,0,0,0,0
967,35.75,-88.25,0,CONUS_35.75_-88.25,USA,17.6,0,13.9,7.1,3.0,35.0,0.5,0.6,13.1,10.9,0,0,4.7,0.09,31.8,2.45,3.0,0.0,0.0,0,0,0,0,0,0,0,0,0,0,0,0,0,0,0,0,0,0,0,0,0,0,0,0
968,35.75,-87.75,0,CONUS_35.75_-87.75,USA,43.4,0,13.9,7.1,3.0,35.0,0.5,0.6,13.1,10.9,0,0,3.3,0.07,22.5,1.74,3.0,0.0,0.0,0,0,0,0,0,0,0,0,0,0,0,0,0,0,0,0,0,0,0,0,0,0,0,0
969,35.75,-87.25,0,CONUS_35.75_-87.25,USA,30.7,0,13.9,7.1,3.0,35.0,0.5,0.6,13.1,10.9,0,0,3.5,0.07,23.8,1.84,3.0,0.0,0.0,0,0,0,0,0,0,0,0,0,0,0,0,0,0,0,0,0,0,0,0,0,0,0,0
970,35.75,-86.75,0,CONUS_35.75_-86.75,USA,26.8,0,16.4,9.1,3.0,35.0,0.5,0.6,15.4,10.9,0,0,3.9,0.08,26.2,2.02,3.0,0.0,0.0,0,0,0,0,0,0,0,0,0,0,0,0,0,0,0,0,0,0,0,0,0,0,0,0
971,35.75,-86.25,0,CONUS_35.75_-86.25,USA,60.5,0,16.4,9.1,3.0,35.0,0.5,0.6,15.4,10.9,0,0,3.9,0.08,26.0,2.0,3.0,0.0,0.0,0,0,0,0,0,0,0,0,0,0,0,0,0,0,0,0,0,0,0,0,0,0,0,0
972,35.75,-85.75,0,CONUS_35.75_-85.75,USA,83.2,0,16.4,9.1,3.0,35.0,0.5,0.6,15.4,10.9,0,0,4.4,0.09,29.8,2.3,3.0,0.0,0.0,0,0,0,0,0,0,0,0,0,0,0,0,0,0,0,0,0,0,0,0,0,0,0,0
973,35.75,-85.25,0,CONUS_35.75_-85.25,USA,108.1,0,16.4,9.1,3.0,35.0,0.5,0.6,15.4,10.9,0,0,4.8,0.1,32.5,2.5,3.0,0.0,0.0,0,0,0,0,0,0,0,0,0,0,0,0,0,0,0,0,0,0,0,0,0,0,0,0
974,35.75,-84.75,0,CONUS_35.75_-84.75,USA,130.5,0,16.4,9.1,3.0,35.0,0.5,0.6,15.4,10.9,0,0,4.6,0.09,30.9,2.38,3.0,0.0,0.0,0,0,0,0,0,0,0,0,0,0,0,0,0,0,0,0,0,0,0,0,0,0,0,0
975,35.75,-84.25,0,CONUS_35.75_-84.25,USA,35.9,0,16.4,9.1,3.0,35.0,0.5,0.6,15.4,10.9,0,0,3.6,0.07,24.3,1.88,3.0,0.0,0.0,0,0,0,0,0,0,0,0,0,0,0,0,0,0,0,0,0,0,0,0,0,0,0,0
976,35.75,-83.75,0,CONUS_35.75_-83.75,USA,325.2,0,16.4,9.1,3.0,35.0,0.5,0.6,15.4,10.9,0,0,4.4,0.09,30.0,2.31,3.0,0.0,0.0,0,0,0,0,0,0,0,0,0,0,0,0,0,0,0,0,0,0,0,0,0,0,0,0
977,35.75,-83.25,0,CONUS_35.75_-83.25,USA,414.3,0,16.4,9.1,3.0,35.0,0.5,0.6,15.4,10.9,0,0,4.7,0.09,32.0,2.47,3.0,0.0,0.0,0,0,0,0,0,0,0,0,0,0,0,0,0,0,0,0,0,0,0,0,0,0,0,0
978,35.75,-82.75,0,CONUS_35.75_-82.75,USA,195.4,0,14.0,8.0,3.0,35.0,0.5,0.6,13.2,10.9,0,0,5.7,0.11,38.7,2.99,3.0,0.0,0.0,0,0,0,0,0,0,0,0,0,0,0,0,0,0,0,0,0,0,0,0,0,0,0,0
979,35.75,-82.25,0,CONUS_35.75_-82.25,USA,287.9,0,16.4,9.1,3.0,35.0,0.5,0.6,15.4,10.9,0,0,5.9,0.12,40.0,3.08,3.0,0.0,0.0,0,0,0,0,0,0,0,0,0,0,0,0,0,0,0,0,0,0,0,0,0,0,0,0
980,35.75,-81.75,0,CONUS_35.75_-81.75,USA,181.9,0,14.0,8.0,3.0,35.0,0.5,0.6,13.2,10.9,0,0,6.3,0.13,42.5,3.28,3.0,0.0,0.0,0,0,0,0,0,0,0,0,0,0,0,0,0,0,0,0,0,0,0,0,0,0,0,0
981,35.75,-81.25,0,CONUS_35.75_-81.25,USA,58.4,0,16.4,9.1,3.0,35.0,0.5,0.6,15.4,10.9,0,0,5.5,0.11,37.2,2.87,3.0,0.0,0.0,0,0,0,0,0,0,0,0,0,0,0,0,0,0,0,0,0,0,0,0,0,0,0,0
982,35.75,-80.75,0,CONUS_35.75_-80.75,USA,27.0,0,16.4,9.1,3.0,35.0,0.5,0.6,15.4,10.9,0,0,5.7,0.11,38.3,2.95,3.0,0.0,0.0,0,0,0,0,0,0,0,0,0,0,0,0,0,0,0,0,0,0,0,0,0,0,0,0
983,35.75,-80.25,0,CONUS_35.75_-80.25,USA,22.8,0,16.3,9.1,3.0,35.0,0.5,0.6,15.3,10.9,0,0,25.0,0.5,168.5,13.0,3.0,0.0,0.0,0,0,0,0,0,0,0,0,0,0,0,0,0,0,0,0,0,0,0,0,0,0,0,0
984,35.75,-79.75,0,CONUS_35.75_-79.75,USA,35.7,0,16.3,9.1,3.0,35.0,0.5,0.6,15.3,10.9,0,0,25.0,0.5,168.5,13.0,3.0,0.0,0.0,0,0,0,0,0,0,0,0,0,0,0,0,0,0,0,0,0,0,0,0,0,0,0,0
985,35.75,-79.25,0,CONUS_35.75_-79.25,USA,43.4,0,16.3,9.1,3.0,35.0,0.5,0.6,15.3,10.9,0,0,21.6,0.43,145.7,11.24,3.0,0.0,0.0,0,0,0,0,0,0,0,0,0,0,0,0,0,0,0,0,0,0,0,0,0,0,0,0
986,35.75,-78.75,0,CONUS_35.75_-78.75,USA,19.7,0,16.3,9.1,3.0,35.0,0.5,0.6,15.3,10.9,0,0,25.0,0.5,168.5,13.0,3.0,0.0,0.0,0,0,0,0,0,0,0,0,0,0,0,0,0,0,0,0,0,0,0,0,0,0,0,0
987,35.75,-78.25,0,CONUS_35.75_-78.25,USA,20.1,0,14.1,8.0,3.0,35.0,0.5,0.6,13.3,10.9,0,0,25.0,0.5,168.5,13.0,3.0,0.0,0.0,0,0,0,0,0,0,0,0,0,0,0,0,0,0,0,0,0,0,0,0,0,0,0,0
988,35.75,-77.75,0,CONUS_35.75_-77.75,USA,11.4,0,26.1,14.9,3.0,35.0,0.5,0.6,24.5,10.9,0,0,25.0,0.5,168.5,13.0,3.0,0.0,0.0,0,0,0,0,0,0,0,0,0,0,0,0,0,0,0,0,0,0,0,0,0,0,0,0
989,35.75,-77.25,0,CONUS_35.75_-77.25,USA,5.9,0,14.1,8.0,3.0,35.0,0.5,0.6,13.2,10.9,0,0,14.4,0.29,96.9,7.48,3.0,0.0,0.0,0,0,0,0,0,0,0,0,0,0,0,0,0,0,0,0,0,0,0,0,0,0,0,0
990,35.75,-76.75,0,CONUS_35.75_-76.75,USA,4.2,0,14.0,8.0,3.0,35.0,0.5,0.6,13.2,10.9,0,0,7.4,0.15,49.7,3.84,3.0,0.0,0.0,0,0,0,0,0,0,0,0,0,0,0,0,0,0,0,0,0,0,0,0,0,0,0,0
991,35.75,-76.25,0,CONUS_35.75_-76.25,USA,1.3,0,22.9,11.7,3.0,35.0,0.5,0.6,21.6,10.9,0,0,9.0,0.18,60.8,4.69,3.0,0.0,0.0,0,0,0,0,0,0,0,0,0,0,0,0,0,0,0,0,0,0,0,0,0,0,0,0
992,35.75,-75.75,0,CONUS_35.75_-75.75,USA,1.0,0,22.9,11.7,3.0,35.0,0.5,0.6,21.5,10.9,0,0,7.2,0.14,48.8,3.76,3.0,0.0,0.0,0,0,0,0,0,0,0,0,0,0,0,0,0,0,0,0,0,0,0,0,0,0,0,0
993,35.25,-111.75,0,CONUS_35.25_-111.75,USA,225.4,0,15.8,8.6,3.0,35.0,0.5,0.6,14.9,10.9,0,0,4.8,0.1,32.0,2.47,3.0,0.0,0.0,0,0,0,0,0,0,0,0,0,0,0,0,0,0,0,0,0,0,0,0,0,0,0,0
994,35.25,-93.75,0,CONUS_35.25_-93.75,USA,103.4,0,13.9,6.2,3.0,35.0,0.5,0.6,13.1,10.9,0,0,6.5,0.13,43.7,3.37,3.0,0.0,0.0,0,0,0,0,0,0,0,0,0,0,0,0,0,0,0,0,0,0,0,0,0,0,0,0
995,35.25,-93.25,0,CONUS_35.25_-93.25,USA,61.3,0,13.9,7.1,3.0,35.0,0.5,0.6,13.1,10.9,0,0,3.7,0.07,24.7,1.91,3.0,0.0,0.0,0,0,0,0,0,0,0,0,0,0,0,0,0,0,0,0,0,0,0,0,0,0,0,0
996,35.25,-92.75,0,CONUS_35.25_-92.75,USA,65.7,0,13.9,6.2,3.0,35.0,0.5,0.6,13.1,10.9,0,0,6.4,0.13,43.3,3.34,3.0,0.0,0.0,0,0,0,0,0,0,0,0,0,0,0,0,0,0,0,0,0,0,0,0,0,0,0,0
997,35.25,-92.25,0,CONUS_35.25_-92.25,USA,53.1,0,13.9,7.1,3.0,35.0,0.5,0.6,13.1,10.9,0,0,2.8,0.06,18.7,1.44,3.0,0.0,0.0,0,0,0,0,0,0,0,0,0,0,0,0,0,0,0,0,0,0,0,0,0,0,0,0
998,35.25,-91.75,0,CONUS_35.25_-91.75,USA,48.8,0,13.9,7.1,3.0,35.0,0.5,0.6,13.1,10.9,0,0,5.5,0.11,36.8,2.84,3.0,0.0,0.0,0,0,0,0,0,0,0,0,0,0,0,0,0,0,0,0,0,0,0,0,0,0,0,0
999,35.25,-91.25,0,CONUS_35.25_-91.25,USA,15.1,0,13.9,7.1,3.0,35.0,0.5,0.6,13.1,10.9,0,0,3.9,0.08,26.1,2.02,3.0,0.0,0.0,0,0,0,0,0,0,0,0,0,0,0,0,0,0,0,0,0,0,0,0,0,0,0,0
1000,35.25,-90.75,0,CONUS_35.25_-90.75,USA,15.4,0,13.9,6.2,3.0,35.0,0.5,0.6,13.1,10.9,0,0,4.8,0.1,32.3,2.49,3.0,0.0,0.0,0,0,0,0,0,0,0,0,0,0,0,0,0,0,0,0,0,0,0,0,0,0,0,0
1001,35.25,-90.25,0,CONUS_35.25_-90.25,USA,7.4,0,13.9,7.1,3.0,35.0,0.5,0.6,13.1,10.9,0,0,4.4,0.09,29.3,2.26,3.0,0.0,0.0,0,0,0,0,0,0,0,0,0,0,0,0,0,0,0,0,0,0,0,0,0,0,0,0
1002,35.25,-89.75,0,CONUS_35.25_-89.75,USA,14.7,0,13.9,6.2,3.0,35.0,0.5,0.6,13.1,10.9,0,0,6.9,0.14,46.7,3.6,3.0,0.0,0.0,0,0,0,0,0,0,0,0,0,0,0,0,0,0,0,0,0,0,0,0,0,0,0,0
1003,35.25,-89.25,0,CONUS_35.25_-89.25,USA,24.2,0,13.9,7.1,3.0,35.0,0.5,0.6,13.1,10.9,0,0,4.0,0.08,27.1,2.09,3.0,0.0,0.0,0,0,0,0,0,0,0,0,0,0,0,0,0,0,0,0,0,0,0,0,0,0,0,0
1004,35.25,-88.75,0,CONUS_35.25_-88.75,USA,17.9,0,13.9,7.1,3.0,35.0,0.5,0.6,13.1,10.9,0,0,3.7,0.07,24.7,1.91,3.0,0.0,0.0,0,0,0,0,0,0,0,0,0,0,0,0,0,0,0,0,0,0,0,0,0,0,0,0
1005,35.25,-88.25,0,CONUS_35.25_-88.25,USA,27.6,0,16.4,9.1,3.0,35.0,0.5,0.6,15.4,10.9,0,0,3.2,0.06,21.8,1.68,3.0,0.0,0.0,0,0,0,0,0,0,0,0,0,0,0,0,0,0,0,0,0,0,0,0,0,0,0,0
1006,35.25,-87.75,0,CONUS_35.25_-87.75,USA,40.6,0,16.4,9.1,3.0,35.0,0.5,0.6,15.4,10.9,0,0,3.7,0.07,24.7,1.91,3.0,0.0,0.0,0,0,0,0,0,0,0,0,0,0,0,0,0,0,0,0,0,0,0,0,0,0,0,0
1007,35.25,-87.25,0,CONUS_35.25_-87.25,USA,29.0,0,16.4,9.1,3.0,35.0,0.5,0.6,15.4,10.9,0,0,3.9,0.08,26.2,2.02,3.0,0.0,0.0,0,0,0,0,0,0,0,0,0,0,0,0,0,0,0,0,0,0,0,0,0,0,0,0
1008,35.25,-86.75,0,CONUS_35.25_-86.75,USA,35.7,0,16.5,9.1,3.0,35.0,0.5,0.6,15.5,10.9,0,0,16.9,0.34,114.2,8.81,3.0,0.0,0.0,0,0,0,0,0,0,0,0,0,0,0,0,0,0,0,0,0,0,0,0,0,0,0,0
1009,35.25,-86.25,0,CONUS_35.25_-86.25,USA,63.0,0,16.4,9.1,3.0,35.0,0.5,0.6,15.5,10.9,0,0,7.0,0.14,47.5,3.66,3.0,0.0,0.0,0,0,0,0,0,0,0,0,0,0,0,0,0,0,0,0,0,0,0,0,0,0,0,0
1010,35.25,-85.75,0,CONUS_35.25_-85.75,USA,135.3,0,16.4,9.1,3.0,35.0,0.5,0.6,15.4,10.9,0,0,5.9,0.12,39.7,3.07,3.0,0.0,0.0,0,0,0,0,0,0,0,0,0,0,0,0,0,0,0,0,0,0,0,0,0,0,0,0
1011,35.25,-85.25,0,CONUS_35.25_-85.25,USA,143.3,0,16.4,9.1,3.0,35.0,0.5,0.6,15.4,10.9,0,0,3.9,0.08,26.2,2.02,3.0,0.0,0.0,0,0,0,0,0,0,0,0,0,0,0,0,0,0,0,0,0,0,0,0,0,0,0,0
1012,35.25,-84.75,0,CONUS_35.25_-84.75,USA,84.9,0,16.4,9.1,3.0,35.0,0.5,0.6,15.4,10.9,0,0,5.8,0.12,39.0,3.01,3.0,0.0,0.0,0,0,0,0,0,0,0,0,0,0,0,0,0,0,0,0,0,0,0,0,0,0,0,0
1013,35.25,-84.25,0,CONUS_35.25_-84.25,USA,223.3,0,16.5,9.1,3.0,35.0,0.5,0.6,15.5,10.9,0,0,8.1,0.16,54.5,4.2,3.0,0.0,0.0,0,0,0,0,0,0,0,0,0,0,0,0,0,0,0,0,0,0,0,0,0,0,0,0
1014,35.25,-83.75,0,CONUS_35.25_-83.75,USA,252.3,0,16.5,9.1,3.0,35.0,0.5,0.6,15.5,10.9,0,0,12.9,0.26,86.7,6.69,3.0,0.0,0.0,0,0,0,0,0,0,0,0,0,0,0,0,0,0,0,0,0,0,0,0,0,0,0,0
1015,35.25,-83.25,0,CONUS_35.25_-83.25,USA,237.3,0,16.5,9.1,3.0,35.0,0.5,0.6,15.5,10.9,0,0,25.0,0.5,168.5,13.0,3.0,0.0,0.0,0,0,0,0,0,0,0,0,0,0,0,0,0,0,0,0,0,0,0,0,0,0,0,0
1016,35.25,-82.75,0,CONUS_35.25_-82.75,USA,300.9,0,16.5,9.1,3.0,35.0,0.5,0.6,15.5,10.9,0,0,24.7,0.49,166.4,12.83,3.0,0.0,0.0,0,0,0,0,0,0,0,0,0,0,0,0,0,0,0,0,0,0,0,0,0,0,0,0
1017,35.25,-82.25,0,CONUS_35.25_-82.25,USA,199.0,0,16.5,9.1,3.0,35.0,0.5,0.6,15.5,10.9,0,0,11.0,0.22,74.0,5.71,3.0,0.0,0.0,0,0,0,0,0,0,0,0,0,0,0,0,0,0,0,0,0,0,0,0,0,0,0,0
1018,35.25,-81.75,0,CONUS_35.25_-81.75,USA,45.7,0,16.5,9.1,3.0,35.0,0.5,0.6,15.5,10.9,0,0,25.0,0.5,168.5,13.0,3.0,0.0,0.0,0,0,0,0,0,0,0,0,0,0,0,0,0,0,0,0,0,0,0,0,0,0,0,0
1019,35.25,-81.25,0,CONUS_35.25_-81.25,USA,33.6,0,16.5,9.1,3.0,35.0,0.5,0.6,15.5,10.9,0,0,13.1,0.26,88.1,6.79,3.0,0.0,0.0,0,0,0,0,0,0,0,0,0,0,0,0,0,0,0,0,0,0,0,0,0,0,0,0
1020,35.25,-80.75,0,CONUS_35.25_-80.75,USA,22.4,0,16.5,9.1,3.0,35.0,0.5,0.6,15.5,10.9,0,0,19.2,0.38,129.4,9.98,3.0,0.0,0.0,0,0,0,0,0,0,0,0,0,0,0,0,0,0,0,0,0,0,0,0,0,0,0,0
1021,35.25,-80.25,0,CONUS_35.25_-80.25,USA,43.2,0,16.3,9.1,3.0,35.0,0.5,0.6,15.4,10.9,0,0,25.0,0.5,168.5,13.0,3.0,0.0,0.0,0,0,0,0,0,0,0,0,0,0,0,0,0,0,0,0,0,0,0,0,0,0,0,0
1022,35.25,-79.75,0,CONUS_35.25_-79.75,USA,39.1,0,16.3,9.1,3.0,35.0,0.5,0.6,15.3,10.9,0,0,25.0,0.5,168.5,13.0,3.0,0.0,0.0,0,0,0,0,0,0,0,0,0,0,0,0,0,0,0,0,0,0,0,0,0,0,0,0
1023,35.25,-79.25,0,CONUS_35.25_-79.25,USA,22.9,0,16.3,9.1,3.0,35.0,0.5,0.6,15.4,10.9,0,0,25.0,0.5,168.5,13.0,3.0,0.0,0.0,0,0,0,0,0,0,0,0,0,0,0,0,0,0,0,0,0,0,0,0,0,0,0,0
1024,35.25,-78.75,0,CONUS_35.25_-78.75,USA,19.8,0,16.4,9.1,3.0,35.0,0.5,0.6,15.4,10.9,0,0,25.0,0.5,168.5,13.0,3.0,0.0,0.0,0,0,0,0,0,0,0,0,0,0,0,0,0,0,0,0,0,0,0,0,0,0,0,0
1025,35.25,-78.25,0,CONUS_35.25_-78.25,USA,10.0,0,16.4,9.1,3.0,35.0,0.5,0.6,15.4,10.9,0,0,25.0,0.5,168.5,13.0,3.0,0.0,0.0,0,0,0,0,0,0,0,0,0,0,0,0,0,0,0,0,0,0,0,0,0,0,0,0
1026,35.25,-77.75,0,CONUS_35.25_-77.75,USA,9.8,0,16.3,9.1,3.0,35.0,0.5,0.6,15.4,10.9,0,0,25.0,0.5,168.5,13.0,3.0,0.0,0.0,0,0,0,0,0,0,0,0,0,0,0,0,0,0,0,0,0,0,0,0,0,0,0,0
1027,35.25,-77.25,0,CONUS_35.25_-77.25,USA,4.5,0,14.1,8.0,3.0,35.0,0.5,0.6,13.2,10.9,0,0,25.0,0.5,168.5,13.0,3.0,0.0,0.0,0,0,0,0,0,0,0,0,0,0,0,0,0,0,0,0,0,0,0,0,0,0,0,0
1028,35.25,-76.75,0,CONUS_35.25_-76.75,USA,3.7,0,16.1,9.1,3.0,35.0,0.5,0.6,15.2,10.9,0,0,17.8,0.36,120.2,9.27,3.0,0.0,0.0,0,0,0,0,0,0,0,0,0,0,0,0,0,0,0,0,0,0,0,0,0,0,0,0
1029,34.75,-119.75,0,CONUS_34.75_-119.75,USA,353.5,0,20.8,10.2,3.0,35.0,0.5,0.6,19.5,10.9,0,0,5.6,0.11,38.0,2.93,3.0,0.0,0.0,0,0,0,0,0,0,0,0,0,0,0,0,0,0,0,0,0,0,0,0,0,0,0,0
1030,34.75,-111.25,0,CONUS_34.75_-111.25,USA,152.8,0,18.5,11.0,3.0,35.0,0.5,0.6,17.4,10.9,0,0,5.4,0.11,36.5,2.82,3.0,0.0,0.0,0,0,0,0,0,0,0,0,0,0,0,0,0,0,0,0,0,0,0,0,0,0,0,0
1031,34.75,-95.25,0,CONUS_34.75_-95.25,USA,86.0,0,13.9,7.1,3.0,35.0,0.5,0.6,13.1,10.9,0,0,3.4,0.07,22.8,1.76,3.0,0.0,0.0,0,0,0,0,0,0,0,0,0,0,0,0,0,0,0,0,0,0,0,0,0,0,0,0
1032,34.75,-94.75,0,CONUS_34.75_-94.75,USA,120.7,0,13.9,7.1,3.0,35.0,0.5,0.6,13.1,10.9,0,0,4.3,0.09,29.1,2.25,3.0,0.0,0.0,0,0,0,0,0,0,0,0,0,0,0,0,0,0,0,0,0,0,0,0,0,0,0,0
1033,34.75,-94.25,0,CONUS_34.75_-94.25,USA,107.3,0,13.9,6.2,3.0,35.0,0.5,0.6,13.1,10.9,0,0,7.2,0.14,48.2,3.72,3.0,0.0,0.0,0,0,0,0,0,0,0,0,0,0,0,0,0,0,0,0,0,0,0,0,0,0,0,0
1034,34.75,-93.75,0,CONUS_34.75_-93.75,USA,95.7,0,13.9,6.2,3.0,35.0,0.5,0.6,13.1,10.9,0,0,7.3,0.15,49.0,3.78,3.0,0.0,0.0,0,0,0,0,0,0,0,0,0,0,0,0,0,0,0,0,0,0,0,0,0,0,0,0
1035,34.75,-93.25,0,CONUS_34.75_-93.25,USA,78.1,0,13.9,6.2,3.0,35.0,0.5,0.6,13.1,10.9,0,0,4.4,0.09,30.0,2.31,3.0,0.0,0.0,0,0,0,0,0,0,0,0,0,0,0,0,0,0,0,0,0,0,0,0,0,0,0,0
1036,34.75,-92.75,0,CONUS_34.75_-92.75,USA,66.2,0,13.9,6.2,3.0,35.0,0.5,0.6,13.1,10.9,0,0,5.5,0.11,37.3,2.88,3.0,0.0,0.0,0,0,0,0,0,0,0,0,0,0,0,0,0,0,0,0,0,0,0,0,0,0,0,0
1037,34.75,-92.25,0,CONUS_34.75_-92.25,USA,26.1,0,13.9,7.1,3.0,35.0,0.5,0.6,13.1,10.9,0,0,2.9,0.06,19.8,1.53,3.0,0.0,0.0,0,0,0,0,0,0,0,0,0,0,0,0,0,0,0,0,0,0,0,0,0,0,0,0
1038,34.75,-91.75,0,CONUS_34.75_-91.75,USA,6.9,0,13.9,7.1,3.0,35.0,0.5,0.6,13.1,10.9,0,0,3.0,0.06,20.0,1.54,3.0,0.0,0.0,0,0,0,0,0,0,0,0,0,0,0,0,0,0,0,0,0,0,0,0,0,0,0,0
1039,34.75,-91.25,0,CONUS_34.75_-91.25,USA,4.7,0,14.0,7.1,3.0,35.0,0.5,0.6,13.1,10.9,0,0,5.5,0.11,37.3,2.88,3.0,0.0,0.0,0,0,0,0,0,0,0,0,0,0,0,0,0,0,0,0,0,0,0,0,0,0,0,0
1040,34.75,-90.75,0,CONUS_34.75_-90.75,USA,10.2,0,13.9,6.2,3.0,35.0,0.5,0.6,13.1,10.9,0,0,3.8,0.08,25.7,1.98,3.0,0.0,0.0,0,0,0,0,0,0,0,0,0,0,0,0,0,0,0,0,0,0,0,0,0,0,0,0
1041,34.75,-90.25,0,CONUS_34.75_-90.25,USA,15.0,0,13.9,7.1,3.0,35.0,0.5,0.6,13.1,10.9,0,0,4.3,0.09,29.2,2.26,3.0,0.0,0.0,0,0,0,0,0,0,0,0,0,0,0,0,0,0,0,0,0,0,0,0,0,0,0,0
1042,34.75,-89.75,0,CONUS_34.75_-89.75,USA,21.7,0,14.0,6.2,3.0,35.0,0.5,0.6,13.1,10.9,0,0,9.8,0.2,66.2,5.11,3.0,0.0,0.0,0,0,0,0,0,0,0,0,0,0,0,0,0,0,0,0,0,0,0,0,0,0,0,0
1043,34.75,-89.25,0,CONUS_34.75_-89.25,USA,26.1,0,13.9,7.1,3.0,35.0,0.5,0.6,13.1,10.9,0,0,5.3,0.11,36.0,2.77,3.0,0.0,0.0,0,0,0,0,0,0,0,0,0,0,0,0,0,0,0,0,0,0,0,0,0,0,0,0
1044,34.75,-88.75,0,CONUS_34.75_-88.75,USA,19.4,0,13.9,7.1,3.0,35.0,0.5,0.6,13.1,10.9,0,0,2.8,0.06,18.8,1.45,3.0,0.0,0.0,0,0,0,0,0,0,0,0,0,0,0,0,0,0,0,0,0,0,0,0,0,0,0,0
1045,34.75,-88.25,0,CONUS_34.75_-88.25,USA,25.3,0,16.4,9.1,3.0,35.0,0.5,0.6,15.4,10.9,0,0,3.3,0.07,22.6,1.74,3.0,0.0,0.0,0,0,0,0,0,0,0,0,0,0,0,0,0,0,0,0,0,0,0,0,0,0,0,0
1046,34.75,-87.75,0,CONUS_34.75_-87.75,USA,33.3,0,16.4,9.1,3.0,35.0,0.5,0.6,15.4,10.9,0,0,3.9,0.08,26.2,2.02,3.0,0.0,0.0,0,0,0,0,0,0,0,0,0,0,0,0,0,0,0,0,0,0,0,0,0,0,0,0
1047,34.75,-87.25,0,CONUS_34.75_-87.25,USA,21.7,0,16.5,9.1,3.0,35.0,0.5,0.6,15.5,10.9,0,0,24.9,0.5,168.0,12.96,3.0,0.0,0.0,0,0,0,0,0,0,0,0,0,0,0,0,0,0,0,0,0,0,0,0,0,0,0,0
1048,34.75,-86.75,0,CONUS_34.75_-86.75,USA,41.6,0,34.5,24.1,3.0,35.0,0.5,0.6,32.4,10.9,0,0,25.0,0.5,168.5,13.0,3.0,0.0,0.0,0,0,0,0,0,0,0,0,0,0,0,0,0,0,0,0,0,0,0,0,0,0,0,0
1049,34.75,-86.25,0,CONUS_34.75_-86.25,USA,106.5,0,16.5,9.1,3.0,35.0,0.5,0.6,15.5,10.9,0,0,25.0,0.5,168.5,13.0,3.0,0.0,0.0,0,0,0,0,0,0,0,0,0,0,0,0,0,0,0,0,0,0,0,0,0,0,0,0
1050,34.75,-85.75,0,CONUS_34.75_-85.75,USA,109.1,0,34.5,24.1,3.0,35.0,0.5,0.6,32.4,10.9,0,0,25.0,0.5,168.5,13.0,3.0,0.0,0.0,0,0,0,0,0,0,0,0,0,0,0,0,0,0,0,0,0,0,0,0,0,0,0,0
1051,34.75,-85.25,0,CONUS_34.75_-85.25,USA,98.7,0,34.5,24.1,3.0,35.0,0.5,0.6,32.4,10.9,0,0,25.0,0.5,168.5,13.0,3.0,0.0,0.0,0,0,0,0,0,0,0,0,0,0,0,0,0,0,0,0,0,0,0,0,0,0,0,0
1052,34.75,-84.75,0,CONUS_34.75_-84.75,USA,188.2,0,16.5,9.1,3.0,35.0,0.5,0.6,15.5,10.9,0,0,25.0,0.5,168.5,13.0,3.0,0.0,0.0,0,0,0,0,0,0,0,0,0,0,0,0,0,0,0,0,0,0,0,0,0,0,0,0
1053,34.75,-84.25,0,CONUS_34.75_-84.25,USA,136.7,0,16.5,9.1,3.0,35.0,0.5,0.6,15.5,10.9,0,0,16.9,0.34,113.9,8.79,3.0,0.0,0.0,0,0,0,0,0,0,0,0,0,0,0,0,0,0,0,0,0,0,0,0,0,0,0,0
1054,34.75,-83.75,0,CONUS_34.75_-83.75,USA,190.7,0,16.5,9.1,3.0,35.0,0.5,0.6,15.5,10.9,0,0,10.2,0.2,68.8,5.31,3.0,0.0,0.0,0,0,0,0,0,0,0,0,0,0,0,0,0,0,0,0,0,0,0,0,0,0,0,0
1055,34.75,-83.25,0,CONUS_34.75_-83.25,USA,201.5,0,16.5,9.1,3.0,35.0,0.5,0.6,15.5,10.9,0,0,25.0,0.5,168.5,13.0,3.0,0.0,0.0,0,0,0,0,0,0,0,0,0,0,0,0,0,0,0,0,0,0,0,0,0,0,0,0
1056,34.75,-82.75,0,CONUS_34.75_-82.75,USA,50.5,0,34.5,24.1,3.0,35.0,0.5,0.6,32.4,10.9,0,0,25.0,0.5,168.5,13.0,3.0,0.0,0.0,0,0,0,0,0,0,0,0,0,0,0,0,0,0,0,0,0,0,0,0,0,0,0,0
1057,34.75,-82.25,0,CONUS_34.75_-82.25,USA,36.6,0,34.5,24.1,3.0,35.0,0.5,0.6,32.4,10.9,0,0,25.0,0.5,168.5,13.0,3.0,0.0,0.0,0,0,0,0,0,0,0,0,0,0,0,0,0,0,0,0,0,0,0,0,0,0,0,0
1058,34.75,-81.75,0,CONUS_34.75_-81.75,USA,30.6,0,34.5,24.1,3.0,35.0,0.5,0.6,32.4,10.9,0,0,25.0,0.5,168.5,13.0,3.0,0.0,0.0,0,0,0,0,0,0,0,0,0,0,0,0,0,0,0,0,0,0,0,0,0,0,0,0
1059,34.75,-81.25,0,CONUS_34.75_-81.25,USA,25.9,0,34.5,24.1,3.0,35.0,0.5,0.6,32.4,10.9,0,0,25.0,0.5,168.5,13.0,3.0,0.0,0.0,0,0,0,0,0,0,0,0,0,0,0,0,0,0,0,0,0,0,0,0,0,0,0,0
1060,34.75,-80.75,0,CONUS_34.75_-80.75,USA,26.7,0,34.5,24.1,3.0,35.0,0.5,0.6,32.4,10.9,0,0,25.0,0.5,168.5,13.0,3.0,0.0,0.0,0,0,0,0,0,0,0,0,0,0,0,0,0,0,0,0,0,0,0,0,0,0,0,0
1061,34.75,-80.25,0,CONUS_34.75_-80.25,USA,33.4,0,34.5,24.1,3.0,35.0,0.5,0.6,32.4,10.9,0,0,25.0,0.5,168.5,13.0,3.0,0.0,0.0,0,0,0,0,0,0,0,0,0,0,0,0,0,0,0,0,0,0,0,0,0,0,0,0
1062,34.75,-79.75,0,CONUS_34.75_-79.75,USA,26.4,0,16.4,9.1,3.0,35.0,0.5,0.6,15.4,10.9,0,0,25.0,0.5,168.5,13.0,3.0,0.0,0.0,0,0,0,0,0,0,0,0,0,0,0,0,0,0,0,0,0,0,0,0,0,0,0,0
1063,34.75,-79.25,0,CONUS_34.75_-79.25,USA,15.3,0,16.8,10.0,3.0,35.0,0.5,0.6,15.8,10.9,0,0,25.0,0.5,168.5,13.0,3.0,0.0,0.0,0,0,0,0,0,0,0,0,0,0,0,0,0,0,0,0,0,0,0,0,0,0,0,0
1064,34.75,-78.75,0,CONUS_34.75_-78.75,USA,9.6,0,16.3,9.1,3.0,35.0,0.5,0.6,15.4,10.9,0,0,25.0,0.5,168.5,13.0,3.0,0.0,0.0,0,0,0,0,0,0,0,0,0,0,0,0,0,0,0,0,0,0,0,0,0,0,0,0
1065,34.75,-78.25,0,CONUS_34.75_-78.25,USA,9.4,0,16.4,9.1,3.0,35.0,0.5,0.6,15.4,10.9,0,0,25.0,0.5,168.5,13.0,3.0,0.0,0.0,0,0,0,0,0,0,0,0,0,0,0,0,0,0,0,0,0,0,0,0,0,0,0,0
1066,34.75,-77.75,0,CONUS_34.75_-77.75,USA,6.7,0,16.4,9.1,3.0,35.0,0.5,0.6,15.4,10.9,0,0,25.0,0.5,168.5,13.0,3.0,0.0,0.0,0,0,0,0,0,0,0,0,0,0,0,0,0,0,0,0,0,0,0,0,0,0,0,0
1067,34.75,-77.25,0,CONUS_34.75_-77.25,USA,5.1,0,16.3,9.1,3.0,35.0,0.5,0.6,15.4,10.9,0,0,25.0,0.5,168.5,13.0,3.0,0.0,0.0,0,0,0,0,0,0,0,0,0,0,0,0,0,0,0,0,0,0,0,0,0,0,0,0
1068,34.75,-76.75,0,CONUS_34.75_-76.75,USA,3.2,0,16.3,9.1,3.0,35.0,0.5,0.6,15.3,10.9,0,0,25.0,0.5,168.5,13.0,3.0,0.0,0.0,0,0,0,0,0,0,0,0,0,0,0,0,0,0,0,0,0,0,0,0,0,0,0,0
1069,34.25,-117.75,0,CONUS_34.25_-117.75,USA,669.0,0,19.1,8.8,3.0,35.0,0.5,0.6,17.9,10.9,0,0,5.8,0.12,39.1,3.02,3.0,0.0,0.0,0,0,0,0,0,0,0,0,0,0,0,0,0,0,0,0,0,0,0,0,0,0,0,0
1070,34.25,-117.25,0,CONUS_34.25_-117.25,USA,473.5,0,15.8,8.6,3.0,35.0,0.5,0.6,14.9,10.9,0,0,4.8,0.1,32.2,2.48,3.0,0.0,0.0,0,0,0,0,0,0,0,0,0,0,0,0,0,0,0,0,0,0,0,0,0,0,0,0
1071,34.25,-111.25,0,CONUS_34.25_-111.25,USA,376.0,0,15.8,8.6,3.0,35.0,0.5,0.6,14.9,10.9,0,0,4.6,0.09,31.3,2.41,3.0,0.0,0.0,0,0,0,0,0,0,0,0,0,0,0,0,0,0,0,0,0,0,0,0,0,0,0,0
1072,34.25,-110.75,0,CONUS_34.25_-110.75,USA,222.7,0,15.8,8.6,3.0,35.0,0.5,0.6,14.9,10.9,0,0,5.4,0.11,36.1,2.79,3.0,0.0,0.0,0,0,0,0,0,0,0,0,0,0,0,0,0,0,0,0,0,0,0,0,0,0,0,0
1073,34.25,-110.25,0,CONUS_34.25_-110.25,USA,123.3,0,15.8,8.6,3.0,35.0,0.5,0.6,14.9,10.9,0,0,4.5,0.09,30.2,2.33,3.0,0.0,0.0,0,0,0,0,0,0,0,0,0,0,0,0,0,0,0,0,0,0,0,0,0,0,0,0
1074,34.25,-109.75,0,CONUS_34.25_-109.75,USA,283.5,0,15.8,8.6,3.0,35.0,0.5,0.6,14.9,10.9,0,0,4.7,0.09,31.8,2.45,3.0,0.0,0.0,0,0,0,0,0,0,0,0,0,0,0,0,0,0,0,0,0,0,0,0,0,0,0,0
1075,34.25,-95.25,0,CONUS_34.25_-95.25,USA,66.0,0,13.9,7.1,3.0,35.0,0.5,0.6,13.1,10.9,0,0,3.2,0.06,21.7,1.67,3.0,0.0,0.0,0,0,0,0,0,0,0,0,0,0,0,0,0,0,0,0,0,0,0,0,0,0,0,0
1076,34.25,-94.75,0,CONUS_34.25_-94.75,USA,74.8,0,13.9,7.1,3.0,35.0,0.5,0.6,13.1,10.9,0,0,3.5,0.07,23.5,1.82,3.0,0.0,0.0,0,0,0,0,0,0,0,0,0,0,0,0,0,0,0,0,0,0,0,0,0,0,0,0
1077,34.25,-94.25,0,CONUS_34.25_-94.25,USA,101.8,0,13.9,7.1,3.0,35.0,0.5,0.6,13.1,10.9,0,0,4.6,0.09,30.8,2.38,3.0,0.0,0.0,0,0,0,0,0,0,0,0,0,0,0,0,0,0,0,0,0,0,0,0,0,0,0,0
1078,34.25,-93.75,0,CONUS_34.25_-93.75,USA,90.6,0,13.9,6.2,3.0,35.0,0.5,0.6,13.1,10.9,0,0,5.4,0.11,36.7,2.83,3.0,0.0,0.0,0,0,0,0,0,0,0,0,0,0,0,0,0,0,0,0,0,0,0,0,0,0,0,0
1079,34.25,-93.25,0,CONUS_34.25_-93.25,USA,54.4,0,13.9,6.2,3.0,35.0,0.5,0.6,13.1,10.9,0,0,4.5,0.09,30.4,2.35,3.0,0.0,0.0,0,0,0,0,0,0,0,0,0,0,0,0,0,0,0,0,0,0,0,0,0,0,0,0
1080,34.25,-92.75,0,CONUS_34.25_-92.75,USA,30.0,0,13.9,7.1,3.0,35.0,0.5,0.6,13.1,10.9,0,0,3.8,0.08,25.4,1.96,3.0,0.0,0.0,0,0,0,0,0,0,0,0,0,0,0,0,0,0,0,0,0,0,0,0,0,0,0,0
1081,34.25,-92.25,0,CONUS_34.25_-92.25,USA,15.0,0,13.9,7.1,3.0,35.0,0.5,0.6,13.1,10.9,0,0,5.3,0.11,35.9,2.77,3.0,0.0,0.0,0,0,0,0,0,0,0,0,0,0,0,0,0,0,0,0,0,0,0,0,0,0,0,0
1082,34.25,-91.75,0,CONUS_34.25_-91.75,USA,5.7,0,13.9,7.1,3.0,35.0,0.5,0.6,13.1,10.9,0,0,4.2,0.08,28.2,2.17,3.0,0.0,0.0,0,0,0,0,0,0,0,0,0,0,0,0,0,0,0,0,0,0,0,0,0,0,0,0
1083,34.25,-91.25,0,CONUS_34.25_-91.25,USA,6.2,0,13.9,7.1,3.0,35.0,0.5,0.6,13.1,10.9,0,0,3.2,0.06,21.9,1.69,3.0,0.0,0.0,0,0,0,0,0,0,0,0,0,0,0,0,0,0,0,0,0,0,0,0,0,0,0,0
1084,34.25,-90.75,0,CONUS_34.25_-90.75,USA,3.2,0,14.0,7.1,3.0,35.0,0.5,0.6,13.1,10.9,0,0,5.5,0.11,37.3,2.88,3.0,0.0,0.0,0,0,0,0,0,0,0,0,0,0,0,0,0,0,0,0,0,0,0,0,0,0,0,0
1085,34.25,-90.25,0,CONUS_34.25_-90.25,USA,15.1,0,13.9,7.1,3.0,35.0,0.5,0.6,13.1,10.9,0,0,3.1,0.06,20.7,1.6,3.0,0.0,0.0,0,0,0,0,0,0,0,0,0,0,0,0,0,0,0,0,0,0,0,0,0,0,0,0
1086,34.25,-89.75,0,CONUS_34.25_-89.75,USA,20.1,0,13.9,7.1,3.0,35.0,0.5,0.6,13.1,10.9,0,0,3.1,0.06,20.9,1.61,3.0,0.0,0.0,0,0,0,0,0,0,0,0,0,0,0,0,0,0,0,0,0,0,0,0,0,0,0,0
1087,34.25,-89.25,0,CONUS_34.25_-89.25,USA,19.3,0,16.4,9.1,3.0,35.0,0.5,0.6,15.4,10.9,0,0,3.8,0.08,25.5,1.97,3.0,0.0,0.0,0,0,0,0,0,0,0,0,0,0,0,0,0,0,0,0,0,0,0,0,0,0,0,0
1088,34.25,-88.75,0,CONUS_34.25_-88.75,USA,22.3,0,16.5,9.1,3.0,35.0,0.5,0.6,15.5,10.9,0,0,9.1,0.18,61.0,4.71,3.0,0.0,0.0,0,0,0,0,0,0,0,0,0,0,0,0,0,0,0,0,0,0,0,0,0,0,0,0
1089,34.25,-88.25,0,CONUS_34.25_-88.25,USA,36.4,0,34.5,24.1,3.0,35.0,0.5,0.6,32.4,10.9,0,0,25.0,0.5,168.5,13.0,3.0,0.0,0.0,0,0,0,0,0,0,0,0,0,0,0,0,0,0,0,0,0,0,0,0,0,0,0,0
1090,34.25,-87.75,0,CONUS_34.25_-87.75,USA,40.6,0,34.5,24.1,3.0,35.0,0.5,0.6,32.4,10.9,0,0,25.0,0.5,168.5,13.0,3.0,0.0,0.0,0,0,0,0,0,0,0,0,0,0,0,0,0,0,0,0,0,0,0,0,0,0,0,0
1091,34.25,-87.25,0,CONUS_34.25_-87.25,USA,32.7,0,34.5,24.1,3.0,35.0,0.5,0.6,32.4,10.9,0,0,25.0,0.5,168.5,13.0,3.0,0.0,0.0,0,0,0,0,0,0,0,0,0,0,0,0,0,0,0,0,0,0,0,0,0,0,0,0
1092,34.25,-86.75,0,CONUS_34.25_-86.75,USA,48.0,0,34.5,24.1,3.0,35.0,0.5,0.6,32.4,10.9,0,0,25.0,0.5,168.5,13.0,3.0,0.0,0.0,0,0,0,0,0,0,0,0,0,0,0,0,0,0,0,0,0,0,0,0,0,0,0,0
1093,34.25,-86.25,0,CONUS_34.25_-86.25,USA,52.3,0,34.5,24.1,3.0,35.0,0.5,0.6,32.4,10.9,0,0,25.0,0.5,168.5,13.0,3.0,0.0,0.0,0,0,0,0,0,0,0,0,0,0,0,0,0,0,0,0,0,0,0,0,0,0,0,0
1094,34.25,-85.75,0,CONUS_34.25_-85.75,USA,86.7,0,16.8,10.0,3.0,35.0,0.5,0.6,15.8,10.9,0,0,25.0,0.5,168.5,13.0,3.0,0.0,0.0,0,0,0,0,0,0,0,0,0,0,0,0,0,0,0,0,0,0,0,0,0,0,0,0
1095,34.25,-85.25,0,CONUS_34.25_-85.25,USA,44.4,0,16.8,10.0,3.0,35.0,0.5,0.6,15.8,10.9,0,0,22.2,0.44,149.3,11.52,3.0,0.0,0.0,0,0,0,0,0,0,0,0,0,0,0,0,0,0,0,0,0,0,0,0,0,0,0,0
1096,34.25,-84.75,0,CONUS_34.25_-84.75,USA,58.1,0,16.5,9.1,3.0,35.0,0.5,0.6,15.5,10.9,0,0,16.5,0.33,111.1,8.57,3.0,0.0,0.0,0,0,0,0,0,0,0,0,0,0,0,0,0,0,0,0,0,0,0,0,0,0,0,0
1097,34.25,-84.25,0,CONUS_34.25_-84.25,USA,56.4,0,16.5,9.1,3.0,35.0,0.5,0.6,15.5,10.9,0,0,20.6,0.41,138.6,10.7,3.0,0.0,0.0,0,0,0,0,0,0,0,0,0,0,0,0,0,0,0,0,0,0,0,0,0,0,0,0
1098,34.25,-83.75,0,CONUS_34.25_-83.75,USA,55.1,0,16.5,9.1,3.0,35.0,0.5,0.6,15.5,10.9,0,0,14.2,0.28,95.8,7.39,3.0,0.0,0.0,0,0,0,0,0,0,0,0,0,0,0,0,0,0,0,0,0,0,0,0,0,0,0,0
1099,34.25,-83.25,0,CONUS_34.25_-83.25,USA,29.9,0,16.5,9.1,3.0,35.0,0.5,0.6,15.5,10.9,0,0,13.8,0.28,93.2,7.19,3.0,0.0,0.0,0,0,0,0,0,0,0,0,0,0,0,0,0,0,0,0,0,0,0,0,0,0,0,0
1100,34.25,-82.75,0,CONUS_34.25_-82.75,USA,32.9,0,16.5,9.1,3.0,35.0,0.5,0.6,15.5,10.9,0,0,17.9,0.36,120.8,9.32,3.0,0.0,0.0,0,0,0,0,0,0,0,0,0,0,0,0,0,0,0,0,0,0,0,0,0,0,0,0
1101,34.25,-82.25,0,CONUS_34.25_-82.25,USA,28.1,0,16.5,9.1,3.0,35.0,0.5,0.6,15.5,10.9,0,0,13.3,0.27,89.5,6.91,3.0,0.0,0.0,0,0,0,0,0,0,0,0,0,0,0,0,0,0,0,0,0,0,0,0,0,0,0,0
1102,34.25,-81.75,0,CONUS_34.25_-81.75,USA,20.4,0,16.5,9.1,3.0,35.0,0.5,0.6,15.5,10.9,0,0,23.6,0.47,159.0,12.27,3.0,0.0,0.0,0,0,0,0,0,0,0,0,0,0,0,0,0,0,0,0,0,0,0,0,0,0,0,0
1103,34.25,-81.25,0,CONUS_34.25_-81.25,USA,24.2,0,34.5,24.1,3.0,35.0,0.5,0.6,32.4,10.9,0,0,25.0,0.5,168.5,13.0,3.0,0.0,0.0,0,0,0,0,0,0,0,0,0,0,0,0,0,0,0,0,0,0,0,0,0,0,0,0
1104,34.25,-80.75,0,CONUS_34.25_-80.75,USA,31.1,0,34.5,24.1,3.0,35.0,0.5,0.6,32.4,10.9,0,0,25.0,0.5,168.5,13.0,3.0,0.0,0.0,0,0,0,0,0,0,0,0,0,0,0,0,0,0,0,0,0,0,0,0,0,0,0,0
1105,34.25,-80.25,0,CONUS_34.25_-80.25,USA,23.0,0,34.5,24.1,3.0,35.0,0.5,0.6,32.4,10.9,0,0,25.0,0.5,168.5,13.0,3.0,0.0,0.0,0,0,0,0,0,0,0,0,0,0,0,0,0,0,0,0,0,0,0,0,0,0,0,0
1106,34.25,-79.75,0,CONUS_34.25_-79.75,USA,13.2,0,34.5,24.1,3.0,35.0,0.5,0.6,32.4,10.9,0,0,25.0,0.5,168.5,13.0,3.0,0.0,0.0,0,0,0,0,0,0,0,0,0,0,0,0,0,0,0,0,0,0,0,0,0,0,0,0
1107,34.25,-79.25,0,CONUS_34.25_-79.25,USA,8.5,0,34.5,24.1,3.0,35.0,0.5,0.6,32.4,10.9,0,0,25.0,0.5,168.5,13.0,3.0,0.0,0.0,0,0,0,0,0,0,0,0,0,0,0,0,0,0,0,0,0,0,0,0,0,0,0,0
1108,34.25,-78.75,0,CONUS_34.25_-78.75,USA,8.6,0,16.8,10.0,3.0,35.0,0.5,0.6,15.8,10.9,0,0,25.0,0.5,168.5,13.0,3.0,0.0,0.0,0,0,0,0,0,0,0,0,0,0,0,0,0,0,0,0,0,0,0,0,0,0,0,0
1109,34.25,-78.25,0,CONUS_34.25_-78.25,USA,5.4,0,16.3,9.1,3.0,35.0,0.5,0.6,15.4,10.9,0,0,25.0,0.5,168.5,13.0,3.0,0.0,0.0,0,0,0,0,0,0,0,0,0,0,0,0,0,0,0,0,0,0,0,0,0,0,0,0
1110,33.75,-109.75,0,CONUS_33.75_-109.75,USA,387.3,0,15.8,8.6,3.0,35.0,0.5,0.6,14.9,10.9,0,0,4.6,0.09,30.7,2.37,3.0,0.0,0.0,0,0,0,0,0,0,0,0,0,0,0,0,0,0,0,0,0,0,0,0,0,0,0,0
1111,33.75,-109.25,0,CONUS_33.75_-109.25,USA,287.3,0,15.8,8.6,3.0,35.0,0.5,0.6,14.9,10.9,0,0,7.2,0.14,48.7,3.76,3.0,0.0,0.0,0,0,0,0,0,0,0,0,0,0,0,0,0,0,0,0,0,0,0,0,0,0,0,0
1112,33.75,-95.25,0,CONUS_33.75_-95.25,USA,16.2,0,14.0,6.2,3.0,35.0,0.5,0.6,13.1,10.9,0,0,8.4,0.17,56.6,4.37,3.0,0.0,0.0,0,0,0,0,0,0,0,0,0,0,0,0,0,0,0,0,0,0,0,0,0,0,0,0
1113,33.75,-94.75,0,CONUS_33.75_-94.75,USA,12.7,0,13.9,7.1,3.0,35.0,0.5,0.6,13.1,10.9,0,0,4.8,0.1,32.2,2.48,3.0,0.0,0.0,0,0,0,0,0,0,0,0,0,0,0,0,0,0,0,0,0,0,0,0,0,0,0,0
1114,33.75,-94.25,0,CONUS_33.75_-94.25,USA,16.7,0,13.9,7.1,3.0,35.0,0.5,0.6,13.1,10.9,0,0,3.2,0.06,21.4,1.65,3.0,0.0,0.0,0,0,0,0,0,0,0,0,0,0,0,0,0,0,0,0,0,0,0,0,0,0,0,0
1115,33.75,-93.75,0,CONUS_33.75_-93.75,USA,20.3,0,13.9,6.2,3.0,35.0,0.5,0.6,13.1,10.9,0,0,5.2,0.1,35.3,2.72,3.0,0.0,0.0,0,0,0,0,0,0,0,0,0,0,0,0,0,0,0,0,0,0,0,0,0,0,0,0
1116,33.75,-93.25,0,CONUS_33.75_-93.25,USA,18.0,0,13.9,6.2,3.0,35.0,0.5,0.6,13.1,10.9,0,0,5.8,0.12,39.0,3.01,3.0,0.0,0.0,0,0,0,0,0,0,0,0,0,0,0,0,0,0,0,0,0,0,0,0,0,0,0,0
1117,33.75,-92.75,0,CONUS_33.75_-92.75,USA,20.9,0,13.9,7.1,3.0,35.0,0.5,0.6,13.1,10.9,0,0,3.0,0.06,19.9,1.54,3.0,0.0,0.0,0,0,0,0,0,0,0,0,0,0,0,0,0,0,0,0,0,0,0,0,0,0,0,0
1118,33.75,-92.25,0,CONUS_33.75_-92.25,USA,14.2,0,13.9,7.1,3.0,35.0,0.5,0.6,13.1,10.9,0,0,2.4,0.05,16.0,1.23,3.0,0.0,0.0,0,0,0,0,0,0,0,0,0,0,0,0,0,0,0,0,0,0,0,0,0,0,0,0
1119,33.75,-91.75,0,CONUS_33.75_-91.75,USA,16.5,0,13.9,7.1,3.0,35.0,0.5,0.6,13.1,10.9,0,0,4.7,0.09,32.0,2.47,3.0,0.0,0.0,0,0,0,0,0,0,0,0,0,0,0,0,0,0,0,0,0,0,0,0,0,0,0,0
1120,33.75,-91.25,0,CONUS_33.75_-91.25,USA,2.9,0,13.9,7.1,3.0,35.0,0.5,0.6,13.1,10.9,0,0,2.6,0.05,17.3,1.33,3.0,0.0,0.0,0,0,0,0,0,0,0,0,0,0,0,0,0,0,0,0,0,0,0,0,0,0,0,0
1121,33.75,-90.75,0,CONUS_33.75_-90.75,USA,2.9,0,13.9,7.1,3.0,35.0,0.5,0.6,13.1,10.9,0,0,1.6,0.03,11.0,0.85,3.0,0.0,0.0,0,0,0,0,0,0,0,0,0,0,0,0,0,0,0,0,0,0,0,0,0,0,0,0
1122,33.75,-90.25,0,CONUS_33.75_-90.25,USA,13.9,0,13.9,7.1,3.0,35.0,0.5,0.6,13.1,10.9,0,0,1.7,0.03,11.4,0.88,3.0,0.0,0.0,0,0,0,0,0,0,0,0,0,0,0,0,0,0,0,0,0,0,0,0,0,0,0,0
1123,33.75,-89.75,0,CONUS_33.75_-89.75,USA,21.0,0,14.0,6.2,3.0,35.0,0.5,0.6,13.1,10.9,0,0,8.2,0.16,55.1,4.25,3.0,0.0,0.0,0,0,0,0,0,0,0,0,0,0,0,0,0,0,0,0,0,0,0,0,0,0,0,0
1124,33.75,-89.25,0,CONUS_33.75_-89.25,USA,23.0,0,16.4,9.1,3.0,35.0,0.5,0.6,15.4,10.9,0,0,4.1,0.08,27.8,2.14,3.0,0.0,0.0,0,0,0,0,0,0,0,0,0,0,0,0,0,0,0,0,0,0,0,0,0,0,0,0
1125,33.75,-88.75,0,CONUS_33.75_-88.75,USA,16.8,0,16.5,9.1,3.0,35.0,0.5,0.6,15.5,10.9,0,0,10.5,0.21,70.6,5.45,3.0,0.0,0.0,0,0,0,0,0,0,0,0,0,0,0,0,0,0,0,0,0,0,0,0,0,0,0,0
1126,33.75,-88.25,0,CONUS_33.75_-88.25,USA,27.8,0,16.5,9.1,3.0,35.0,0.5,0.6,15.5,10.9,0,0,25.0,0.5,168.5,13.0,3.0,0.0,0.0,0,0,0,0,0,0,0,0,0,0,0,0,0,0,0,0,0,0,0,0,0,0,0,0
1127,33.75,-87.75,0,CONUS_33.75_-87.75,USA,28.6,0,34.5,24.1,3.0,35.0,0.5,0.6,32.4,10.9,0,0,25.0,0.5,168.5,13.0,3.0,0.0,0.0,0,0,0,0,0,0,0,0,0,0,0,0,0,0,0,0,0,0,0,0,0,0,0,0
1128,33.75,-87.25,0,CONUS_33.75_-87.25,USA,24.2,0,16.8,10.0,3.0,35.0,0.5,0.6,15.8,10.9,0,0,25.0,0.5,168.5,13.0,3.0,0.0,0.0,0,0,0,0,0,0,0,0,0,0,0,0,0,0,0,0,0,0,0,0,0,0,0,0
1129,33.75,-86.75,0,CONUS_33.75_-86.75,USA,56.0,0,16.5,9.1,3.0,35.0,0.5,0.6,15.5,10.9,0,0,14.3,0.29,96.5,7.45,3.0,0.0,0.0,0,0,0,0,0,0,0,0,0,0,0,0,0,0,0,0,0,0,0,0,0,0,0,0
1130,33.75,-86.25,0,CONUS_33.75_-86.25,USA,59.8,0,16.8,10.0,3.0,35.0,0.5,0.6,15.8,10.9,0,0,18.8,0.38,126.4,9.76,3.0,0.0,0.0,0,0,0,0,0,0,0,0,0,0,0,0,0,0,0,0,0,0,0,0,0,0,0,0
1131,33.75,-85.75,0,CONUS_33.75_-85.75,USA,70.0,0,16.5,9.1,3.0,35.0,0.5,0.6,15.5,10.9,0,0,13.2,0.26,88.7,6.84,3.0,0.0,0.0,0,0,0,0,0,0,0,0,0,0,0,0,0,0,0,0,0,0,0,0,0,0,0,0
1132,33.75,-85.25,0,CONUS_33.75_-85.25,USA,37.0,0,16.5,9.1,3.0,35.0,0.5,0.6,15.5,10.9,0,0,9.5,0.19,63.8,4.93,3.0,0.0,0.0,0,0,0,0,0,0,0,0,0,0,0,0,0,0,0,0,0,0,0,0,0,0,0,0
1133,33.75,-84.75,0,CONUS_33.75_-84.75,USA,37.8,0,16.5,9.1,3.0,35.0,0.5,0.6,15.5,10.9,0,0,8.0,0.16,54.2,4.18,3.0,0.0,0.0,0,0,0,0,0,0,0,0,0,0,0,0,0,0,0,0,0,0,0,0,0,0,0,0
1134,33.75,-84.25,0,CONUS_33.75_-84.25,USA,29.6,0,16.5,9.1,3.0,35.0,0.5,0.6,15.5,10.9,0,0,18.0,0.36,121.5,9.38,3.0,0.0,0.0,0,0,0,0,0,0,0,0,0,0,0,0,0,0,0,0,0,0,0,0,0,0,0,0
1135,33.75,-83.75,0,CONUS_33.75_-83.75,USA,33.4,0,16.8,10.0,3.0,35.0,0.5,0.6,15.8,10.9,0,0,23.4,0.47,157.9,12.18,3.0,0.0,0.0,0,0,0,0,0,0,0,0,0,0,0,0,0,0,0,0,0,0,0,0,0,0,0,0
1136,33.75,-83.25,0,CONUS_33.75_-83.25,USA,26.3,0,16.8,10.0,3.0,35.0,0.5,0.6,15.8,10.9,0,0,19.3,0.39,130.2,10.04,3.0,0.0,0.0,0,0,0,0,0,0,0,0,0,0,0,0,0,0,0,0,0,0,0,0,0,0,0,0
1137,33.75,-82.75,0,CONUS_33.75_-82.75,USA,22.1,0,16.5,9.1,3.0,35.0,0.5,0.6,15.5,10.9,0,0,17.2,0.34,115.7,8.93,3.0,0.0,0.0,0,0,0,0,0,0,0,0,0,0,0,0,0,0,0,0,0,0,0,0,0,0,0,0
1138,33.75,-82.25,0,CONUS_33.75_-82.25,USA,24.2,0,16.5,9.1,3.0,35.0,0.5,0.6,15.5,10.9,0,0,15.6,0.31,105.0,8.1,3.0,0.0,0.0,0,0,0,0,0,0,0,0,0,0,0,0,0,0,0,0,0,0,0,0,0,0,0,0
1139,33.75,-81.75,0,CONUS_33.75_-81.75,USA,27.6,0,16.5,9.1,3.0,35.0,0.5,0.6,15.5,10.9,0,0,17.2,0.34,115.7,8.93,3.0,0.0,0.0,0,0,0,0,0,0,0,0,0,0,0,0,0,0,0,0,0,0,0,0,0,0,0,0
1140,33.75,-81.25,0,CONUS_33.75_-81.25,USA,30.1,0,16.5,9.1,3.0,35.0,0.5,0.6,15.5,10.9,0,0,15.6,0.31,105.0,8.1,3.0,0.0,0.0,0,0,0,0,0,0,0,0,0,0,0,0,0,0,0,0,0,0,0,0,0,0,0,0
1141,33.75,-80.75,0,CONUS_33.75_-80.75,USA,24.5,0,18.2,10.6,3.0,35.0,0.5,0.6,17.1,10.9,0,0,25.0,0.5,168.5,13.0,3.0,0.0,0.0,0,0,0,0,0,0,0,0,0,0,0,0,0,0,0,0,0,0,0,0,0,0,0,0
1142,33.75,-80.25,0,CONUS_33.75_-80.25,USA,12.4,0,18.2,10.6,3.0,35.0,0.5,0.6,17.1,10.9,0,0,25.0,0.5,168.5,13.0,3.0,0.0,0.0,0,0,0,0,0,0,0,0,0,0,0,0,0,0,0,0,0,0,0,0,0,0,0,0
1143,33.75,-79.75,0,CONUS_33.75_-79.75,USA,6.3,0,18.2,10.6,3.0,35.0,0.5,0.6,17.1,10.9,0,0,25.0,0.5,168.5,13.0,3.0,0.0,0.0,0,0,0,0,0,0,0,0,0,0,0,0,0,0,0,0,0,0,0,0,0,0,0,0
1144,33.75,-79.25,0,CONUS_33.75_-79.25,USA,5.8,0,18.2,10.6,3.0,35.0,0.5,0.6,17.1,10.9,0,0,25.0,0.5,168.5,13.0,3.0,0.0,0.0,0,0,0,0,0,0,0,0,0,0,0,0,0,0,0,0,0,0,0,0,0,0,0,0
1145,33.25,-108.75,0,CONUS_33.25_-108.75,USA,433.8,0,15.8,8.6,3.0,35.0,0.5,0.6,14.9,10.9,0,0,3.9,0.08,26.2,2.02,3.0,0.0,0.0,0,0,0,0,0,0,0,0,0,0,0,0,0,0,0,0,0,0,0,0,0,0,0,0
1146,33.25,-105.75,0,CONUS_33.25_-105.75,USA,339.3,0,21.1,11.1,3.0,35.0,0.5,0.6,19.8,10.9,0,0,11.8,0.24,79.5,6.13,3.0,0.0,0.0,0,0,0,0,0,0,0,0,0,0,0,0,0,0,0,0,0,0,0,0,0,0,0,0
1147,33.25,-95.75,0,CONUS_33.25_-95.75,USA,15.6,0,14.0,7.1,3.0,35.0,0.5,0.6,13.1,10.9,0,0,6.1,0.12,41.3,3.19,3.0,0.0,0.0,0,0,0,0,0,0,0,0,0,0,0,0,0,0,0,0,0,0,0,0,0,0,0,0
1148,33.25,-95.25,0,CONUS_33.25_-95.25,USA,19.5,0,13.9,7.1,3.0,35.0,0.5,0.6,13.1,10.9,0,0,3.5,0.07,23.4,1.8,3.0,0.0,0.0,0,0,0,0,0,0,0,0,0,0,0,0,0,0,0,0,0,0,0,0,0,0,0,0
1149,33.25,-94.75,0,CONUS_33.25_-94.75,USA,16.7,0,13.9,7.1,3.0,35.0,0.5,0.6,13.1,10.9,0,0,3.2,0.06,21.6,1.66,3.0,0.0,0.0,0,0,0,0,0,0,0,0,0,0,0,0,0,0,0,0,0,0,0,0,0,0,0,0
1150,33.25,-94.25,0,CONUS_33.25_-94.25,USA,16.4,0,13.9,7.1,3.0,35.0,0.5,0.6,13.1,10.9,0,0,3.4,0.07,22.7,1.75,3.0,0.0,0.0,0,0,0,0,0,0,0,0,0,0,0,0,0,0,0,0,0,0,0,0,0,0,0,0
1151,33.25,-93.75,0,CONUS_33.25_-93.75,USA,13.2,0,13.9,7.1,3.0,35.0,0.5,0.6,13.1,10.9,0,0,4.5,0.09,30.5,2.36,3.0,0.0,0.0,0,0,0,0,0,0,0,0,0,0,0,0,0,0,0,0,0,0,0,0,0,0,0,0
1152,33.25,-93.25,0,CONUS_33.25_-93.25,USA,13.8,0,13.9,7.1,3.0,35.0,0.5,0.6,13.1,10.9,0,0,5.0,0.1,33.4,2.58,3.0,0.0,0.0,0,0,0,0,0,0,0,0,0,0,0,0,0,0,0,0,0,0,0,0,0,0,0,0
1153,33.25,-92.75,0,CONUS_33.25_-92.75,USA,15.7,0,13.9,7.1,3.0,35.0,0.5,0.6,13.1,10.9,0,0,2.4,0.05,16.2,1.25,3.0,0.0,0.0,0,0,0,0,0,0,0,0,0,0,0,0,0,0,0,0,0,0,0,0,0,0,0,0
1154,33.25,-92.25,0,CONUS_33.25_-92.25,USA,14.9,0,13.9,7.1,3.0,35.0,0.5,0.6,13.1,10.9,0,0,4.9,0.1,32.8,2.53,3.0,0.0,0.0,0,0,0,0,0,0,0,0,0,0,0,0,0,0,0,0,0,0,0,0,0,0,0,0
1155,33.25,-91.75,0,CONUS_33.25_-91.75,USA,11.7,0,13.9,6.2,3.0,35.0,0.5,0.6,13.1,10.9,0,0,6.2,0.12,41.6,3.21,3.0,0.0,0.0,0,0,0,0,0,0,0,0,0,0,0,0,0,0,0,0,0,0,0,0,0,0,0,0
1156,33.25,-91.25,0,CONUS_33.25_-91.25,USA,3.1,0,13.9,7.1,3.0,35.0,0.5,0.6,13.1,10.9,0,0,3.8,0.08,25.8,1.99,3.0,0.0,0.0,0,0,0,0,0,0,0,0,0,0,0,0,0,0,0,0,0,0,0,0,0,0,0,0
1157,33.25,-90.75,0,CONUS_33.25_-90.75,USA,2.1,0,13.9,7.1,3.0,35.0,0.5,0.6,13.1,10.9,0,0,4.2,0.08,28.3,2.18,3.0,0.0,0.0,0,0,0,0,0,0,0,0,0,0,0,0,0,0,0,0,0,0,0,0,0,0,0,0
1158,33.25,-90.25,0,CONUS_33.25_-90.25,USA,26.8,0,13.9,7.1,3.0,35.0,0.5,0.6,13.1,10.9,0,0,4.0,0.08,26.8,2.07,3.0,0.0,0.0,0,0,0,0,0,0,0,0,0,0,0,0,0,0,0,0,0,0,0,0,0,0,0,0
1159,33.25,-89.75,0,CONUS_33.25_-89.75,USA,18.6,0,14.0,7.1,3.0,35.0,0.5,0.6,13.1,10.9,0,0,5.8,0.12,39.1,3.02,3.0,0.0,0.0,0,0,0,0,0,0,0,0,0,0,0,0,0,0,0,0,0,0,0,0,0,0,0,0
1160,33.25,-89.25,0,CONUS_33.25_-89.25,USA,19.8,0,16.4,9.1,3.0,35.0,0.5,0.6,15.4,10.9,0,0,3.3,0.07,22.0,1.7,3.0,0.0,0.0,0,0,0,0,0,0,0,0,0,0,0,0,0,0,0,0,0,0,0,0,0,0,0,0
1161,33.25,-88.75,0,CONUS_33.25_-88.75,USA,26.8,0,16.4,9.1,3.0,35.0,0.5,0.6,15.4,10.9,0,0,2.1,0.04,13.8,1.07,3.0,0.0,0.0,0,0,0,0,0,0,0,0,0,0,0,0,0,0,0,0,0,0,0,0,0,0,0,0
1162,33.25,-88.25,0,CONUS_33.25_-88.25,USA,21.0,0,16.4,9.1,3.0,35.0,0.5,0.6,15.4,10.9,0,0,4.4,0.09,29.6,2.28,3.0,0.0,0.0,0,0,0,0,0,0,0,0,0,0,0,0,0,0,0,0,0,0,0,0,0,0,0,0
1163,33.25,-87.75,0,CONUS_33.25_-87.75,USA,26.6,0,16.5,9.1,3.0,35.0,0.5,0.6,15.5,10.9,0,0,12.0,0.24,80.7,6.22,3.0,0.0,0.0,0,0,0,0,0,0,0,0,0,0,0,0,0,0,0,0,0,0,0,0,0,0,0,0
1164,33.25,-87.25,0,CONUS_33.25_-87.25,USA,30.3,0,16.8,10.0,3.0,35.0,0.5,0.6,15.8,10.9,0,0,22.6,0.45,152.5,11.76,3.0,0.0,0.0,0,0,0,0,0,0,0,0,0,0,0,0,0,0,0,0,0,0,0,0,0,0,0,0
1165,33.25,-86.75,0,CONUS_33.25_-86.75,USA,38.5,0,16.8,10.0,3.0,35.0,0.5,0.6,15.8,10.9,0,0,21.8,0.44,147.2,11.36,3.0,0.0,0.0,0,0,0,0,0,0,0,0,0,0,0,0,0,0,0,0,0,0,0,0,0,0,0,0
1166,33.25,-86.25,0,CONUS_33.25_-86.25,USA,56.1,0,16.8,10.0,3.0,35.0,0.5,0.6,15.8,10.9,0,0,19.7,0.39,132.5,10.22,3.0,0.0,0.0,0,0,0,0,0,0,0,0,0,0,0,0,0,0,0,0,0,0,0,0,0,0,0,0
1167,33.25,-85.75,0,CONUS_33.25_-85.75,USA,61.4,0,16.5,9.1,3.0,35.0,0.5,0.6,15.5,10.9,0,0,11.8,0.24,79.3,6.12,3.0,0.0,0.0,0,0,0,0,0,0,0,0,0,0,0,0,0,0,0,0,0,0,0,0,0,0,0,0
1168,33.25,-85.25,0,CONUS_33.25_-85.25,USA,45.3,0,16.5,9.1,3.0,35.0,0.5,0.6,15.5,10.9,0,0,11.8,0.24,79.6,6.14,3.0,0.0,0.0,0,0,0,0,0,0,0,0,0,0,0,0,0,0,0,0,0,0,0,0,0,0,0,0
1169,33.25,-84.75,0,CONUS_33.25_-84.75,USA,21.8,0,16.5,9.1,3.0,35.0,0.5,0.6,15.5,10.9,0,0,12.2,0.24,81.9,6.32,3.0,0.0,0.0,0,0,0,0,0,0,0,0,0,0,0,0,0,0,0,0,0,0,0,0,0,0,0,0
1170,33.25,-84.25,0,CONUS_33.25_-84.25,USA,25.1,0,16.5,9.1,3.0,35.0,0.5,0.6,15.5,10.9,0,0,11.8,0.24,79.4,6.13,3.0,0.0,0.0,0,0,0,0,0,0,0,0,0,0,0,0,0,0,0,0,0,0,0,0,0,0,0,0
1171,33.25,-83.75,0,CONUS_33.25_-83.75,USA,25.5,0,16.5,9.1,3.0,35.0,0.5,0.6,15.5,10.9,0,0,17.7,0.35,119.4,9.21,3.0,0.0,0.0,0,0,0,0,0,0,0,0,0,0,0,0,0,0,0,0,0,0,0,0,0,0,0,0
1172,33.25,-83.25,0,CONUS_33.25_-83.25,USA,25.5,0,16.8,10.0,3.0,35.0,0.5,0.6,15.8,10.9,0,0,21.6,0.43,145.9,11.25,3.0,0.0,0.0,0,0,0,0,0,0,0,0,0,0,0,0,0,0,0,0,0,0,0,0,0,0,0,0
1173,33.25,-82.75,0,CONUS_33.25_-82.75,USA,25.4,0,16.8,10.0,3.0,35.0,0.5,0.6,15.8,10.9,0,0,22.5,0.45,151.5,11.69,3.0,0.0,0.0,0,0,0,0,0,0,0,0,0,0,0,0,0,0,0,0,0,0,0,0,0,0,0,0
1174,33.25,-82.25,0,CONUS_33.25_-82.25,USA,23.2,0,16.8,10.0,3.0,35.0,0.5,0.6,15.8,10.9,0,0,24.4,0.49,164.3,12.68,3.0,0.0,0.0,0,0,0,0,0,0,0,0,0,0,0,0,0,0,0,0,0,0,0,0,0,0,0,0
1175,33.25,-81.75,0,CONUS_33.25_-81.75,USA,26.8,0,16.8,10.0,3.0,35.0,0.5,0.6,15.8,10.9,0,0,23.6,0.47,159.0,12.27,3.0,0.0,0.0,0,0,0,0,0,0,0,0,0,0,0,0,0,0,0,0,0,0,0,0,0,0,0,0
1176,33.25,-81.25,0,CONUS_33.25_-81.25,USA,17.9,0,16.5,9.1,3.0,35.0,0.5,0.6,15.5,10.9,0,0,18.1,0.36,122.1,9.42,3.0,0.0,0.0,0,0,0,0,0,0,0,0,0,0,0,0,0,0,0,0,0,0,0,0,0,0,0,0
1177,33.25,-80.75,0,CONUS_33.25_-80.75,USA,12.6,0,16.5,9.1,3.0,35.0,0.5,0.6,15.5,10.9,0,0,13.5,0.27,91.2,7.03,3.0,0.0,0.0,0,0,0,0,0,0,0,0,0,0,0,0,0,0,0,0,0,0,0,0,0,0,0,0
1178,33.25,-80.25,0,CONUS_33.25_-80.25,USA,7.1,0,18.2,10.5,3.0,35.0,0.5,0.6,17.1,10.9,0,0,22.1,0.44,149.0,11.5,3.0,0.0,0.0,0,0,0,0,0,0,0,0,0,0,0,0,0,0,0,0,0,0,0,0,0,0,0,0
1179,33.25,-79.75,0,CONUS_33.25_-79.75,USA,5.0,0,16.5,9.1,3.0,35.0,0.5,0.6,15.5,10.9,0,0,23.9,0.48,161.2,12.44,3.0,0.0,0.0,0,0,0,0,0,0,0,0,0,0,0,0,0,0,0,0,0,0,0,0,0,0,0,0
1180,33.25,-79.25,0,CONUS_33.25_-79.25,USA,3.1,0,18.2,10.6,3.0,35.0,0.5,0.6,17.1,10.9,0,0,24.5,0.49,165.5,12.76,3.0,0.0,0.0,0,0,0,0,0,0,0,0,0,0,0,0,0,0,0,0,0,0,0,0,0,0,0,0
1181,32.75,-105.75,0,CONUS_32.75_-105.75,USA,502.7,0,24.1,13.5,3.0,35.0,0.5,0.6,22.6,10.9,0,0,9.7,0.19,65.7,5.07,3.0,0.0,0.0,0,0,0,0,0,0,0,0,0,0,0,0,0,0,0,0,0,0,0,0,0,0,0,0
1182,32.75,-95.75,0,CONUS_32.75_-95.75,USA,15.2,0,13.9,7.1,3.0,35.0,0.5,0.6,13.1,10.9,0,0,5.2,0.1,34.8,2.69,3.0,0.0,0.0,0,0,0,0,0,0,0,0,0,0,0,0,0,0,0,0,0,0,0,0,0,0,0,0
1183,32.75,-95.25,0,CONUS_32.75_-95.25,USA,21.4,0,13.9,7.1,3.0,35.0,0.5,0.6,13.1,10.9,0,0,4.3,0.09,29.0,2.24,3.0,0.0,0.0,0,0,0,0,0,0,0,0,0,0,0,0,0,0,0,0,0,0,0,0,0,0,0,0
1184,32.75,-94.75,0,CONUS_32.75_-94.75,USA,20.7,0,13.9,7.1,3.0,35.0,0.5,0.6,13.1,10.9,0,0,3.8,0.08,25.7,1.98,3.0,0.0,0.0,0,0,0,0,0,0,0,0,0,0,0,0,0,0,0,0,0,0,0,0,0,0,0,0
1185,32.75,-94.25,0,CONUS_32.75_-94.25,USA,19.1,0,14.0,7.1,3.0,35.0,0.5,0.6,13.1,10.9,0,0,5.7,0.11,38.3,2.96,3.0,0.0,0.0,0,0,0,0,0,0,0,0,0,0,0,0,0,0,0,0,0,0,0,0,0,0,0,0
1186,32.75,-93.75,0,CONUS_32.75_-93.75,USA,13.1,0,13.9,7.1,3.0,35.0,0.5,0.6,13.1,10.9,0,0,4.9,0.1,33.2,2.56,3.0,0.0,0.0,0,0,0,0,0,0,0,0,0,0,0,0,0,0,0,0,0,0,0,0,0,0,0,0
1187,32.75,-93.25,0,CONUS_32.75_-93.25,USA,18.8,0,13.9,7.1,3.0,35.0,0.5,0.6,13.1,10.9,0,0,3.8,0.08,25.3,1.95,3.0,0.0,0.0,0,0,0,0,0,0,0,0,0,0,0,0,0,0,0,0,0,0,0,0,0,0,0,0
1188,32.75,-92.75,0,CONUS_32.75_-92.75,USA,21.3,0,13.9,7.1,3.0,35.0,0.5,0.6,13.1,10.9,0,0,3.3,0.07,22.5,1.74,3.0,0.0,0.0,0,0,0,0,0,0,0,0,0,0,0,0,0,0,0,0,0,0,0,0,0,0,0,0
1189,32.75,-92.25,0,CONUS_32.75_-92.25,USA,17.3,0,13.9,6.2,3.0,35.0,0.5,0.6,13.1,10.9,0,0,7.3,0.15,49.4,3.81,3.0,0.0,0.0,0,0,0,0,0,0,0,0,0,0,0,0,0,0,0,0,0,0,0,0,0,0,0,0
1190,32.75,-91.75,0,CONUS_32.75_-91.75,USA,5.3,0,13.9,7.1,3.0,35.0,0.5,0.6,13.1,10.9,0,0,3.5,0.07,23.5,1.81,3.0,0.0,0.0,0,0,0,0,0,0,0,0,0,0,0,0,0,0,0,0,0,0,0,0,0,0,0,0
1191,32.75,-91.25,0,CONUS_32.75_-91.25,USA,3.2,0,13.9,7.1,3.0,35.0,0.5,0.6,13.1,10.9,0,0,3.2,0.06,21.8,1.69,3.0,0.0,0.0,0,0,0,0,0,0,0,0,0,0,0,0,0,0,0,0,0,0,0,0,0,0,0,0
1192,32.75,-90.75,0,CONUS_32.75_-90.75,USA,19.1,0,13.9,7.1,3.0,35.0,0.5,0.6,13.1,10.9,0,0,3.2,0.06,21.9,1.69,3.0,0.0,0.0,0,0,0,0,0,0,0,0,0,0,0,0,0,0,0,0,0,0,0,0,0,0,0,0
1193,32.75,-90.25,0,CONUS_32.75_-90.25,USA,23.5,0,14.0,7.1,3.0,35.0,0.5,0.6,13.1,10.9,0,0,5.8,0.12,39.0,3.01,3.0,0.0,0.0,0,0,0,0,0,0,0,0,0,0,0,0,0,0,0,0,0,0,0,0,0,0,0,0
1194,32.75,-89.75,0,CONUS_32.75_-89.75,USA,19.4,0,13.9,7.1,3.0,35.0,0.5,0.6,13.1,10.9,0,0,3.4,0.07,23.2,1.79,3.0,0.0,0.0,0,0,0,0,0,0,0,0,0,0,0,0,0,0,0,0,0,0,0,0,0,0,0,0
1195,32.75,-89.25,0,CONUS_32.75_-89.25,USA,16.0,0,13.9,7.1,3.0,35.0,0.5,0.6,13.1,10.9,0,0,3.4,0.07,23.2,1.79,3.0,0.0,0.0,0,0,0,0,0,0,0,0,0,0,0,0,0,0,0,0,0,0,0,0,0,0,0,0
1196,32.75,-88.75,0,CONUS_32.75_-88.75,USA,30.6,0,16.4,9.1,3.0,35.0,0.5,0.6,15.4,10.9,0,0,4.8,0.1,32.4,2.5,3.0,0.0,0.0,0,0,0,0,0,0,0,0,0,0,0,0,0,0,0,0,0,0,0,0,0,0,0,0
1197,32.75,-88.25,0,CONUS_32.75_-88.25,USA,16.3,0,16.4,9.1,3.0,35.0,0.5,0.6,15.4,10.9,0,0,5.5,0.11,36.8,2.84,3.0,0.0,0.0,0,0,0,0,0,0,0,0,0,0,0,0,0,0,0,0,0,0,0,0,0,0,0,0
1198,32.75,-87.75,0,CONUS_32.75_-87.75,USA,24.0,0,16.5,9.1,3.0,35.0,0.5,0.6,15.5,10.9,0,0,8.1,0.16,54.5,4.2,3.0,0.0,0.0,0,0,0,0,0,0,0,0,0,0,0,0,0,0,0,0,0,0,0,0,0,0,0,0
1199,32.75,-87.25,0,CONUS_32.75_-87.25,USA,29.4,0,16.5,9.1,3.0,35.0,0.5,0.6,15.5,10.9,0,0,11.5,0.23,77.6,5.99,3.0,0.0,0.0,0,0,0,0,0,0,0,0,0,0,0,0,0,0,0,0,0,0,0,0,0,0,0,0
1200,32.75,-86.75,0,CONUS_32.75_-86.75,USA,34.1,0,16.5,9.1,3.0,35.0,0.5,0.6,15.5,10.9,0,0,17.1,0.34,115.0,8.88,3.0,0.0,0.0,0,0,0,0,0,0,0,0,0,0,0,0,0,0,0,0,0,0,0,0,0,0,0,0
1201,32.75,-86.25,0,CONUS_32.75_-86.25,USA,46.1,0,16.5,9.1,3.0,35.0,0.5,0.6,15.5,10.9,0,0,14.8,0.3,100.0,7.72,3.0,0.0,0.0,0,0,0,0,0,0,0,0,0,0,0,0,0,0,0,0,0,0,0,0,0,0,0,0
1202,32.75,-85.75,0,CONUS_32.75_-85.75,USA,39.7,0,16.8,10.0,3.0,35.0,0.5,0.6,15.7,10.9,0,0,12.3,0.25,83.2,6.42,3.0,0.0,0.0,0,0,0,0,0,0,0,0,0,0,0,0,0,0,0,0,0,0,0,0,0,0,0,0
1203,32.75,-85.25,0,CONUS_32.75_-85.25,USA,36.3,0,16.8,10.0,3.0,35.0,0.5,0.6,15.8,10.9,0,0,20.4,0.41,137.8,10.63,3.0,0.0,0.0,0,0,0,0,0,0,0,0,0,0,0,0,0,0,0,0,0,0,0,0,0,0,0,0
1204,32.75,-84.75,0,CONUS_32.75_-84.75,USA,52.3,0,16.8,10.0,3.0,35.0,0.5,0.6,15.8,10.9,0,0,22.8,0.46,153.6,11.85,3.0,0.0,0.0,0,0,0,0,0,0,0,0,0,0,0,0,0,0,0,0,0,0,0,0,0,0,0,0
1205,32.75,-84.25,0,CONUS_32.75_-84.25,USA,41.9,0,16.5,9.1,3.0,35.0,0.5,0.6,15.5,10.9,0,0,18.7,0.37,125.8,9.71,3.0,0.0,0.0,0,0,0,0,0,0,0,0,0,0,0,0,0,0,0,0,0,0,0,0,0,0,0,0
1206,32.75,-83.75,0,CONUS_32.75_-83.75,USA,26.1,0,16.5,9.1,3.0,35.0,0.5,0.6,15.5,10.9,0,0,19.5,0.39,131.7,10.16,3.0,0.0,0.0,0,0,0,0,0,0,0,0,0,0,0,0,0,0,0,0,0,0,0,0,0,0,0,0
1207,32.75,-83.25,0,CONUS_32.75_-83.25,USA,23.4,0,16.5,9.1,3.0,35.0,0.5,0.6,15.5,10.9,0,0,14.9,0.3,100.4,7.74,3.0,0.0,0.0,0,0,0,0,0,0,0,0,0,0,0,0,0,0,0,0,0,0,0,0,0,0,0,0
1208,32.75,-82.75,0,CONUS_32.75_-82.75,USA,19.6,0,16.5,9.1,3.0,35.0,0.5,0.6,15.5,10.9,0,0,16.4,0.33,110.9,8.55,3.0,0.0,0.0,0,0,0,0,0,0,0,0,0,0,0,0,0,0,0,0,0,0,0,0,0,0,0,0
1209,32.75,-82.25,0,CONUS_32.75_-82.25,USA,15.0,0,16.8,10.0,3.0,35.0,0.5,0.6,15.8,10.9,0,0,20.7,0.41,139.5,10.76,3.0,0.0,0.0,0,0,0,0,0,0,0,0,0,0,0,0,0,0,0,0,0,0,0,0,0,0,0,0
1210,32.75,-81.75,0,CONUS_32.75_-81.75,USA,17.7,0,16.8,10.0,3.0,35.0,0.5,0.6,15.8,10.9,0,0,18.6,0.37,125.4,9.67,3.0,0.0,0.0,0,0,0,0,0,0,0,0,0,0,0,0,0,0,0,0,0,0,0,0,0,0,0,0
1211,32.75,-81.25,0,CONUS_32.75_-81.25,USA,10.4,0,16.8,10.0,3.0,35.0,0.5,0.6,15.8,10.9,0,0,23.5,0.47,158.5,12.23,3.0,0.0,0.0,0,0,0,0,0,0,0,0,0,0,0,0,0,0,0,0,0,0,0,0,0,0,0,0
1212,32.75,-80.75,0,CONUS_32.75_-80.75,USA,9.0,0,16.8,10.0,3.0,35.0,0.5,0.6,15.8,10.9,0,0,25.0,0.5,168.5,13.0,3.0,0.0,0.0,0,0,0,0,0,0,0,0,0,0,0,0,0,0,0,0,0,0,0,0,0,0,0,0
1213,32.75,-80.25,0,CONUS_32.75_-80.25,USA,4.2,0,18.2,10.6,3.0,35.0,0.5,0.6,17.1,10.9,0,0,22.7,0.45,153.0,11.81,3.0,0.0,0.0,0,0,0,0,0,0,0,0,0,0,0,0,0,0,0,0,0,0,0,0,0,0,0,0
1214,32.25,-95.75,0,CONUS_32.25_-95.75,USA,19.3,0,13.9,6.2,3.0,35.0,0.5,0.6,13.1,10.9,0,0,7.6,0.15,51.1,3.95,3.0,0.0,0.0,0,0,0,0,0,0,0,0,0,0,0,0,0,0,0,0,0,0,0,0,0,0,0,0
1215,32.25,-95.25,0,CONUS_32.25_-95.25,USA,20.3,0,14.0,7.1,3.0,35.0,0.5,0.6,13.1,10.9,0,0,6.1,0.12,41.0,3.16,3.0,0.0,0.0,0,0,0,0,0,0,0,0,0,0,0,0,0,0,0,0,0,0,0,0,0,0,0,0
1216,32.25,-94.75,0,CONUS_32.25_-94.75,USA,20.7,0,13.9,6.2,3.0,35.0,0.5,0.6,13.1,10.9,0,0,5.3,0.11,35.8,2.76,3.0,0.0,0.0,0,0,0,0,0,0,0,0,0,0,0,0,0,0,0,0,0,0,0,0,0,0,0,0
1217,32.25,-94.25,0,CONUS_32.25_-94.25,USA,14.9,0,13.9,6.2,3.0,35.0,0.5,0.6,13.1,10.9,0,0,6.4,0.13,43.0,3.32,3.0,0.0,0.0,0,0,0,0,0,0,0,0,0,0,0,0,0,0,0,0,0,0,0,0,0,0,0,0
1218,32.25,-93.75,0,CONUS_32.25_-93.75,USA,18.7,0,13.9,6.2,3.0,35.0,0.5,0.6,13.1,10.9,0,0,6.9,0.14,46.6,3.59,3.0,0.0,0.0,0,0,0,0,0,0,0,0,0,0,0,0,0,0,0,0,0,0,0,0,0,0,0,0
1219,32.25,-93.25,0,CONUS_32.25_-93.25,USA,16.4,0,13.9,6.2,3.0,35.0,0.5,0.6,13.1,10.9,0,0,6.4,0.13,43.3,3.34,3.0,0.0,0.0,0,0,0,0,0,0,0,0,0,0,0,0,0,0,0,0,0,0,0,0,0,0,0,0
1220,32.25,-92.75,0,CONUS_32.25_-92.75,USA,17.2,0,13.9,6.2,3.0,35.0,0.5,0.6,13.1,10.9,0,0,6.2,0.12,42.1,3.24,3.0,0.0,0.0,0,0,0,0,0,0,0,0,0,0,0,0,0,0,0,0,0,0,0,0,0,0,0,0
1221,32.25,-92.25,0,CONUS_32.25_-92.25,USA,20.0,0,13.9,7.1,3.0,35.0,0.5,0.6,13.1,10.9,0,0,3.9,0.08,26.4,2.03,3.0,0.0,0.0,0,0,0,0,0,0,0,0,0,0,0,0,0,0,0,0,0,0,0,0,0,0,0,0
1222,32.25,-91.75,0,CONUS_32.25_-91.75,USA,3.4,0,13.9,7.1,3.0,35.0,0.5,0.6,13.1,10.9,0,0,4.7,0.09,31.4,2.42,3.0,0.0,0.0,0,0,0,0,0,0,0,0,0,0,0,0,0,0,0,0,0,0,0,0,0,0,0,0
1223,32.25,-91.25,0,CONUS_32.25_-91.25,USA,5.2,0,14.0,6.2,3.0,35.0,0.5,0.6,13.1,10.9,0,0,8.7,0.17,58.9,4.55,3.0,0.0,0.0,0,0,0,0,0,0,0,0,0,0,0,0,0,0,0,0,0,0,0,0,0,0,0,0
1224,32.25,-90.75,0,CONUS_32.25_-90.75,USA,23.0,0,13.9,6.2,3.0,35.0,0.5,0.6,13.1,10.9,0,0,8.1,0.16,54.6,4.21,3.0,0.0,0.0,0,0,0,0,0,0,0,0,0,0,0,0,0,0,0,0,0,0,0,0,0,0,0,0
1225,32.25,-90.25,0,CONUS_32.25_-90.25,USA,16.2,0,13.9,7.1,3.0,35.0,0.5,0.6,13.1,10.9,0,0,5.3,0.11,36.0,2.78,3.0,0.0,0.0,0,0,0,0,0,0,0,0,0,0,0,0,0,0,0,0,0,0,0,0,0,0,0,0
1226,32.25,-89.75,0,CONUS_32.25_-89.75,USA,15.5,0,13.9,7.1,3.0,35.0,0.5,0.6,13.1,10.9,0,0,4.8,0.1,32.6,2.51,3.0,0.0,0.0,0,0,0,0,0,0,0,0,0,0,0,0,0,0,0,0,0,0,0,0,0,0,0,0
1227,32.25,-89.25,0,CONUS_32.25_-89.25,USA,16.8,0,14.0,7.1,3.0,35.0,0.5,0.6,13.1,10.9,0,0,6.3,0.13,42.8,3.3,3.0,0.0,0.0,0,0,0,0,0,0,0,0,0,0,0,0,0,0,0,0,0,0,0,0,0,0,0,0
1228,32.25,-88.75,0,CONUS_32.25_-88.75,USA,24.0,0,16.5,9.1,3.0,35.0,0.5,0.6,15.5,10.9,0,0,9.8,0.2,65.7,5.07,3.0,0.0,0.0,0,0,0,0,0,0,0,0,0,0,0,0,0,0,0,0,0,0,0,0,0,0,0,0
1229,32.25,-88.25,0,CONUS_32.25_-88.25,USA,34.5,0,16.5,9.1,3.0,35.0,0.5,0.6,15.5,10.9,0,0,12.9,0.26,86.6,6.68,3.0,0.0,0.0,0,0,0,0,0,0,0,0,0,0,0,0,0,0,0,0,0,0,0,0,0,0,0,0
1230,32.25,-87.75,0,CONUS_32.25_-87.75,USA,19.5,0,16.8,10.0,3.0,35.0,0.5,0.6,15.8,10.9,0,0,21.5,0.43,145.1,11.19,3.0,0.0,0.0,0,0,0,0,0,0,0,0,0,0,0,0,0,0,0,0,0,0,0,0,0,0,0,0
1231,32.25,-87.25,0,CONUS_32.25_-87.25,USA,16.0,0,16.8,10.0,3.0,35.0,0.5,0.6,15.8,10.9,0,0,21.8,0.44,146.9,11.33,3.0,0.0,0.0,0,0,0,0,0,0,0,0,0,0,0,0,0,0,0,0,0,0,0,0,0,0,0,0
1232,32.25,-86.75,0,CONUS_32.25_-86.75,USA,24.1,0,16.8,10.0,3.0,35.0,0.5,0.6,15.8,10.9,0,0,19.7,0.39,133.1,10.27,3.0,0.0,0.0,0,0,0,0,0,0,0,0,0,0,0,0,0,0,0,0,0,0,0,0,0,0,0,0
1233,32.25,-86.25,0,CONUS_32.25_-86.25,USA,28.6,0,16.8,10.0,3.0,35.0,0.5,0.6,15.8,10.9,0,0,21.7,0.43,146.1,11.27,3.0,0.0,0.0,0,0,0,0,0,0,0,0,0,0,0,0,0,0,0,0,0,0,0,0,0,0,0,0
1234,32.25,-85.75,0,CONUS_32.25_-85.75,USA,32.3,0,16.5,9.1,3.0,35.0,0.5,0.6,15.5,10.9,0,0,13.1,0.26,88.4,6.82,3.0,0.0,0.0,0,0,0,0,0,0,0,0,0,0,0,0,0,0,0,0,0,0,0,0,0,0,0,0
1235,32.25,-85.25,0,CONUS_32.25_-85.25,USA,25.0,0,16.5,9.1,3.0,35.0,0.5,0.6,15.5,10.9,0,0,8.8,0.18,59.6,4.6,3.0,0.0,0.0,0,0,0,0,0,0,0,0,0,0,0,0,0,0,0,0,0,0,0,0,0,0,0,0
1236,32.25,-84.75,0,CONUS_32.25_-84.75,USA,35.8,0,16.5,9.1,3.0,35.0,0.5,0.6,15.5,10.9,0,0,14.7,0.29,98.8,7.63,3.0,0.0,0.0,0,0,0,0,0,0,0,0,0,0,0,0,0,0,0,0,0,0,0,0,0,0,0,0
1237,32.25,-84.25,0,CONUS_32.25_-84.25,USA,28.7,0,16.8,10.0,3.0,35.0,0.5,0.6,15.8,10.9,0,0,24.6,0.49,165.9,12.8,3.0,0.0,0.0,0,0,0,0,0,0,0,0,0,0,0,0,0,0,0,0,0,0,0,0,0,0,0,0
1238,32.25,-83.75,0,CONUS_32.25_-83.75,USA,16.3,0,16.8,10.0,3.0,35.0,0.5,0.6,15.8,10.9,0,0,25.0,0.5,168.5,13.0,3.0,0.0,0.0,0,0,0,0,0,0,0,0,0,0,0,0,0,0,0,0,0,0,0,0,0,0,0,0
1239,32.25,-83.25,0,CONUS_32.25_-83.25,USA,15.8,0,16.5,9.1,3.0,35.0,0.5,0.6,15.5,10.9,0,0,16.6,0.33,111.9,8.63,3.0,0.0,0.0,0,0,0,0,0,0,0,0,0,0,0,0,0,0,0,0,0,0,0,0,0,0,0,0
1240,32.25,-82.75,0,CONUS_32.25_-82.75,USA,17.6,0,16.8,10.0,3.0,35.0,0.5,0.6,15.8,10.9,0,0,17.0,0.34,114.7,8.85,3.0,0.0,0.0,0,0,0,0,0,0,0,0,0,0,0,0,0,0,0,0,0,0,0,0,0,0,0,0
1241,32.25,-82.25,0,CONUS_32.25_-82.25,USA,13.1,0,16.5,9.1,3.0,35.0,0.5,0.6,15.5,10.9,0,0,18.3,0.37,123.4,9.52,3.0,0.0,0.0,0,0,0,0,0,0,0,0,0,0,0,0,0,0,0,0,0,0,0,0,0,0,0,0
1242,32.25,-81.75,0,CONUS_32.25_-81.75,USA,15.3,0,16.8,10.0,3.0,35.0,0.5,0.6,15.8,10.9,0,0,21.4,0.43,144.2,11.12,3.0,0.0,0.0,0,0,0,0,0,0,0,0,0,0,0,0,0,0,0,0,0,0,0,0,0,0,0,0
1243,32.25,-81.25,0,CONUS_32.25_-81.25,USA,9.9,0,16.8,10.0,3.0,35.0,0.5,0.6,15.8,10.9,0,0,20.7,0.41,139.5,10.76,3.0,0.0,0.0,0,0,0,0,0,0,0,0,0,0,0,0,0,0,0,0,0,0,0,0,0,0,0,0
1244,32.25,-80.75,0,CONUS_32.25_-80.75,USA,3.1,0,16.8,10.0,3.0,35.0,0.5,0.6,15.8,10.9,0,0,20.8,0.42,139.9,10.79,3.0,0.0,0.0,0,0,0,0,0,0,0,0,0,0,0,0,0,0,0,0,0,0,0,0,0,0,0,0
1245,31.75,-96.25,0,CONUS_31.75_-96.25,USA,22.7,0,13.9,7.1,3.0,35.0,0.5,0.6,13.1,10.9,0,0,3.0,0.06,20.0,1.54,3.0,0.0,0.0,0,0,0,0,0,0,0,0,0,0,0,0,0,0,0,0,0,0,0,0,0,0,0,0
1246,31.75,-95.75,0,CONUS_31.75_-95.75,USA,28.5,0,13.9,7.1,3.0,35.0,0.5,0.6,13.1,10.9,0,0,3.3,0.07,22.1,1.7,3.0,0.0,0.0,0,0,0,0,0,0,0,0,0,0,0,0,0,0,0,0,0,0,0,0,0,0,0,0
1247,31.75,-95.25,0,CONUS_31.75_-95.25,USA,29.6,0,13.9,7.1,3.0,35.0,0.5,0.6,13.1,10.9,0,0,4.2,0.08,28.3,2.18,3.0,0.0,0.0,0,0,0,0,0,0,0,0,0,0,0,0,0,0,0,0,0,0,0,0,0,0,0,0
1248,31.75,-94.75,0,CONUS_31.75_-94.75,USA,25.5,0,13.9,7.1,3.0,35.0,0.5,0.6,13.1,10.9,0,0,3.4,0.07,23.0,1.77,3.0,0.0,0.0,0,0,0,0,0,0,0,0,0,0,0,0,0,0,0,0,0,0,0,0,0,0,0,0
1249,31.75,-94.25,0,CONUS_31.75_-94.25,USA,21.0,0,13.9,7.1,3.0,35.0,0.5,0.6,13.1,10.9,0,0,3.3,0.07,22.5,1.74,3.0,0.0,0.0,0,0,0,0,0,0,0,0,0,0,0,0,0,0,0,0,0,0,0,0,0,0,0,0
1250,31.75,-93.75,0,CONUS_31.75_-93.75,USA,18.0,0,13.9,7.1,3.0,35.0,0.5,0.6,13.1,10.9,0,0,3.6,0.07,24.4,1.88,3.0,0.0,0.0,0,0,0,0,0,0,0,0,0,0,0,0,0,0,0,0,0,0,0,0,0,0,0,0
1251,31.75,-93.25,0,CONUS_31.75_-93.25,USA,24.4,0,13.9,6.2,3.0,35.0,0.5,0.6,13.1,10.9,0,0,7.3,0.15,49.0,3.78,3.0,0.0,0.0,0,0,0,0,0,0,0,0,0,0,0,0,0,0,0,0,0,0,0,0,0,0,0,0
1252,31.75,-92.75,0,CONUS_31.75_-92.75,USA,14.6,0,13.9,6.2,3.0,35.0,0.5,0.6,13.1,10.9,0,0,7.4,0.15,49.7,3.84,3.0,0.0,0.0,0,0,0,0,0,0,0,0,0,0,0,0,0,0,0,0,0,0,0,0,0,0,0,0
1253,31.75,-92.25,0,CONUS_31.75_-92.25,USA,16.3,0,14.0,7.1,3.0,35.0,0.5,0.6,13.1,10.9,0,0,6.4,0.13,42.9,3.31,3.0,0.0,0.0,0,0,0,0,0,0,0,0,0,0,0,0,0,0,0,0,0,0,0,0,0,0,0,0
1254,31.75,-91.75,0,CONUS_31.75_-91.75,USA,12.0,0,13.9,6.2,3.0,35.0,0.5,0.6,13.1,10.9,0,0,7.4,0.15,50.1,3.86,3.0,0.0,0.0,0,0,0,0,0,0,0,0,0,0,0,0,0,0,0,0,0,0,0,0,0,0,0,0
1255,31.75,-91.25,0,CONUS_31.75_-91.25,USA,33.2,0,14.0,6.2,3.0,35.0,0.5,0.6,13.1,10.9,0,0,11.4,0.23,76.8,5.92,3.0,0.0,0.0,0,0,0,0,0,0,0,0,0,0,0,0,0,0,0,0,0,0,0,0,0,0,0,0
1256,31.75,-90.75,0,CONUS_31.75_-90.75,USA,31.1,0,14.0,6.2,3.0,35.0,0.5,0.6,13.1,10.9,0,0,8.6,0.17,57.8,4.46,3.0,0.0,0.0,0,0,0,0,0,0,0,0,0,0,0,0,0,0,0,0,0,0,0,0,0,0,0,0
1257,31.75,-90.25,0,CONUS_31.75_-90.25,USA,24.8,0,14.0,7.1,3.0,35.0,0.5,0.6,13.1,10.9,0,0,5.9,0.12,39.8,3.07,3.0,0.0,0.0,0,0,0,0,0,0,0,0,0,0,0,0,0,0,0,0,0,0,0,0,0,0,0,0
1258,31.75,-89.75,0,CONUS_31.75_-89.75,USA,28.0,0,14.0,7.1,3.0,35.0,0.5,0.6,13.1,10.9,0,0,7.6,0.15,51.1,3.94,3.0,0.0,0.0,0,0,0,0,0,0,0,0,0,0,0,0,0,0,0,0,0,0,0,0,0,0,0,0
1259,31.75,-89.25,0,CONUS_31.75_-89.25,USA,23.0,0,14.0,6.2,3.0,35.0,0.5,0.6,13.1,10.9,0,0,15.0,0.3,100.9,7.78,3.0,0.0,0.0,0,0,0,0,0,0,0,0,0,0,0,0,0,0,0,0,0,0,0,0,0,0,0,0
1260,31.75,-88.75,0,CONUS_31.75_-88.75,USA,19.8,0,16.5,9.1,3.0,35.0,0.5,0.6,15.5,10.9,0,0,16.2,0.32,109.4,8.44,3.0,0.0,0.0,0,0,0,0,0,0,0,0,0,0,0,0,0,0,0,0,0,0,0,0,0,0,0,0
1261,31.75,-88.25,0,CONUS_31.75_-88.25,USA,24.6,0,16.5,9.1,3.0,35.0,0.5,0.6,15.5,10.9,0,0,14.8,0.3,99.8,7.7,3.0,0.0,0.0,0,0,0,0,0,0,0,0,0,0,0,0,0,0,0,0,0,0,0,0,0,0,0,0
1262,31.75,-87.75,0,CONUS_31.75_-87.75,USA,31.2,0,16.8,10.0,3.0,35.0,0.5,0.6,15.8,10.9,0,0,22.8,0.46,153.6,11.85,3.0,0.0,0.0,0,0,0,0,0,0,0,0,0,0,0,0,0,0,0,0,0,0,0,0,0,0,0,0
1263,31.75,-87.25,0,CONUS_31.75_-87.25,USA,32.9,0,16.8,10.0,3.0,35.0,0.5,0.6,15.8,10.9,0,0,21.6,0.43,145.6,11.23,3.0,0.0,0.0,0,0,0,0,0,0,0,0,0,0,0,0,0,0,0,0,0,0,0,0,0,0,0,0
1264,31.75,-86.75,0,CONUS_31.75_-86.75,USA,21.5,0,16.8,10.0,3.0,35.0,0.5,0.6,15.8,10.9,0,0,16.6,0.33,112.0,8.64,3.0,0.0,0.0,0,0,0,0,0,0,0,0,0,0,0,0,0,0,0,0,0,0,0,0,0,0,0,0
1265,31.75,-86.25,0,CONUS_31.75_-86.25,USA,21.0,0,16.8,10.0,3.0,35.0,0.5,0.6,15.8,10.9,0,0,21.0,0.42,141.5,10.92,3.0,0.0,0.0,0,0,0,0,0,0,0,0,0,0,0,0,0,0,0,0,0,0,0,0,0,0,0,0
1266,31.75,-85.75,0,CONUS_31.75_-85.75,USA,20.0,0,16.8,10.0,3.0,35.0,0.5,0.6,15.8,10.9,0,0,25.0,0.5,168.5,13.0,3.0,0.0,0.0,0,0,0,0,0,0,0,0,0,0,0,0,0,0,0,0,0,0,0,0,0,0,0,0
1267,31.75,-85.25,0,CONUS_31.75_-85.25,USA,28.6,0,16.8,10.0,3.0,35.0,0.5,0.6,15.8,10.9,0,0,18.5,0.37,125.0,9.64,3.0,0.0,0.0,0,0,0,0,0,0,0,0,0,0,0,0,0,0,0,0,0,0,0,0,0,0,0,0
1268,31.75,-84.75,0,CONUS_31.75_-84.75,USA,24.7,0,16.8,10.0,3.0,35.0,0.5,0.6,15.8,10.9,0,0,17.1,0.34,115.5,8.91,3.0,0.0,0.0,0,0,0,0,0,0,0,0,0,0,0,0,0,0,0,0,0,0,0,0,0,0,0,0
1269,31.75,-84.25,0,CONUS_31.75_-84.25,USA,20.2,0,16.8,10.0,3.0,35.0,0.5,0.6,15.8,10.9,0,0,19.4,0.39,131.1,10.11,3.0,0.0,0.0,0,0,0,0,0,0,0,0,0,0,0,0,0,0,0,0,0,0,0,0,0,0,0,0
1270,31.75,-83.75,0,CONUS_31.75_-83.75,USA,15.8,0,16.8,10.0,3.0,35.0,0.5,0.6,15.8,10.9,0,0,22.0,0.44,148.5,11.46,3.0,0.0,0.0,0,0,0,0,0,0,0,0,0,0,0,0,0,0,0,0,0,0,0,0,0,0,0,0
1271,31.75,-83.25,0,CONUS_31.75_-83.25,USA,18.7,0,16.8,10.0,3.0,35.0,0.5,0.6,15.8,10.9,0,0,22.5,0.45,152.0,11.72,3.0,0.0,0.0,0,0,0,0,0,0,0,0,0,0,0,0,0,0,0,0,0,0,0,0,0,0,0,0
1272,31.75,-82.75,0,CONUS_31.75_-82.75,USA,15.8,0,16.8,10.0,3.0,35.0,0.5,0.6,15.8,10.9,0,0,20.5,0.41,138.0,10.64,3.0,0.0,0.0,0,0,0,0,0,0,0,0,0,0,0,0,0,0,0,0,0,0,0,0,0,0,0,0
1273,31.75,-82.25,0,CONUS_31.75_-82.25,USA,13.1,0,16.8,10.0,3.0,35.0,0.5,0.6,15.8,10.9,0,0,15.7,0.31,105.9,8.17,3.0,0.0,0.0,0,0,0,0,0,0,0,0,0,0,0,0,0,0,0,0,0,0,0,0,0,0,0,0
1274,31.75,-81.75,0,CONUS_31.75_-81.75,USA,11.8,0,18.2,10.6,3.0,35.0,0.5,0.6,17.1,10.9,0,0,25.0,0.5,168.5,13.0,3.0,0.0,0.0,0,0,0,0,0,0,0,0,0,0,0,0,0,0,0,0,0,0,0,0,0,0,0,0
1275,31.25,-96.25,0,CONUS_31.25_-96.25,USA,17.7,0,13.9,7.1,3.0,35.0,0.5,0.6,13.1,10.9,0,0,4.1,0.08,27.4,2.11,3.0,0.0,0.0,0,0,0,0,0,0,0,0,0,0,0,0,0,0,0,0,0,0,0,0,0,0,0,0
1276,31.25,-95.75,0,CONUS_31.25_-95.75,USA,22.3,0,14.0,7.1,3.0,35.0,0.5,0.6,13.1,10.9,0,0,6.1,0.12,41.1,3.17,3.0,0.0,0.0,0,0,0,0,0,0,0,0,0,0,0,0,0,0,0,0,0,0,0,0,0,0,0,0
1277,31.25,-95.25,0,CONUS_31.25_-95.25,USA,19.4,0,13.9,7.1,3.0,35.0,0.5,0.6,13.1,10.9,0,0,2.8,0.06,18.6,1.43,3.0,0.0,0.0,0,0,0,0,0,0,0,0,0,0,0,0,0,0,0,0,0,0,0,0,0,0,0,0
1278,31.25,-94.75,0,CONUS_31.25_-94.75,USA,16.6,0,13.9,7.1,3.0,35.0,0.5,0.6,13.1,10.9,0,0,2.9,0.06,19.2,1.48,3.0,0.0,0.0,0,0,0,0,0,0,0,0,0,0,0,0,0,0,0,0,0,0,0,0,0,0,0,0
1279,31.25,-94.25,0,CONUS_31.25_-94.25,USA,19.6,0,13.9,7.1,3.0,35.0,0.5,0.6,13.1,10.9,0,0,4.3,0.09,28.8,2.22,3.0,0.0,0.0,0,0,0,0,0,0,0,0,0,0,0,0,0,0,0,0,0,0,0,0,0,0,0,0
1280,31.25,-93.75,0,CONUS_31.25_-93.75,USA,28.4,0,13.9,7.1,3.0,35.0,0.5,0.6,13.1,10.9,0,0,4.7,0.09,31.3,2.42,3.0,0.0,0.0,0,0,0,0,0,0,0,0,0,0,0,0,0,0,0,0,0,0,0,0,0,0,0,0
1281,31.25,-93.25,0,CONUS_31.25_-93.25,USA,17.6,0,13.9,7.1,3.0,35.0,0.5,0.6,13.1,10.9,0,0,5.4,0.11,36.5,2.82,3.0,0.0,0.0,0,0,0,0,0,0,0,0,0,0,0,0,0,0,0,0,0,0,0,0,0,0,0,0
1282,31.25,-92.75,0,CONUS_31.25_-92.75,USA,19.3,0,13.9,7.1,3.0,35.0,0.5,0.6,13.1,10.9,0,0,4.5,0.09,30.5,2.36,3.0,0.0,0.0,0,0,0,0,0,0,0,0,0,0,0,0,0,0,0,0,0,0,0,0,0,0,0,0
1283,31.25,-92.25,0,CONUS_31.25_-92.25,USA,11.7,0,14.0,7.1,3.0,35.0,0.5,0.6,13.1,10.9,0,0,7.0,0.14,47.2,3.64,3.0,0.0,0.0,0,0,0,0,0,0,0,0,0,0,0,0,0,0,0,0,0,0,0,0,0,0,0,0
1284,31.25,-91.75,0,CONUS_31.25_-91.75,USA,9.9,0,13.9,6.2,3.0,35.0,0.5,0.6,13.1,10.9,0,0,7.3,0.15,49.1,3.79,3.0,0.0,0.0,0,0,0,0,0,0,0,0,0,0,0,0,0,0,0,0,0,0,0,0,0,0,0,0
1285,31.25,-91.25,0,CONUS_31.25_-91.25,USA,30.0,0,14.0,7.1,3.0,35.0,0.5,0.6,13.1,10.9,0,0,6.7,0.13,45.1,3.48,3.0,0.0,0.0,0,0,0,0,0,0,0,0,0,0,0,0,0,0,0,0,0,0,0,0,0,0,0,0
1286,31.25,-90.75,0,CONUS_31.25_-90.75,USA,21.4,0,13.9,7.1,3.0,35.0,0.5,0.6,13.1,10.9,0,0,5.4,0.11,36.7,2.83,3.0,0.0,0.0,0,0,0,0,0,0,0,0,0,0,0,0,0,0,0,0,0,0,0,0,0,0,0,0
1287,31.25,-90.25,0,CONUS_31.25_-90.25,USA,20.2,0,16.5,9.1,3.0,35.0,0.5,0.6,15.5,10.9,0,0,8.2,0.16,55.6,4.29,3.0,0.0,0.0,0,0,0,0,0,0,0,0,0,0,0,0,0,0,0,0,0,0,0,0,0,0,0,0
1288,31.25,-89.75,0,CONUS_31.25_-89.75,USA,26.3,0,16.5,9.1,3.0,35.0,0.5,0.6,15.5,10.9,0,0,14.4,0.29,97.2,7.5,3.0,0.0,0.0,0,0,0,0,0,0,0,0,0,0,0,0,0,0,0,0,0,0,0,0,0,0,0,0
1289,31.25,-89.25,0,CONUS_31.25_-89.25,USA,21.8,0,14.0,6.2,3.0,35.0,0.5,0.6,13.1,10.9,0,0,15.2,0.3,102.7,7.92,3.0,0.0,0.0,0,0,0,0,0,0,0,0,0,0,0,0,0,0,0,0,0,0,0,0,0,0,0,0
1290,31.25,-88.75,0,CONUS_31.25_-88.75,USA,21.0,0,14.0,6.2,3.0,35.0,0.5,0.6,13.1,10.9,0,0,25.0,0.5,168.5,13.0,3.0,0.0,0.0,0,0,0,0,0,0,0,0,0,0,0,0,0,0,0,0,0,0,0,0,0,0,0,0
1291,31.25,-88.25,0,CONUS_31.25_-88.25,USA,21.3,0,16.5,9.1,3.0,35.0,0.5,0.6,15.5,10.9,0,0,15.7,0.31,105.9,8.17,3.0,0.0,0.0,0,0,0,0,0,0,0,0,0,0,0,0,0,0,0,0,0,0,0,0,0,0,0,0
1292,31.25,-87.75,0,CONUS_31.25_-87.75,USA,30.4,0,16.5,9.1,3.0,35.0,0.5,0.6,15.5,10.9,0,0,14.8,0.3,99.6,7.69,3.0,0.0,0.0,0,0,0,0,0,0,0,0,0,0,0,0,0,0,0,0,0,0,0,0,0,0,0,0
1293,31.25,-87.25,0,CONUS_31.25_-87.25,USA,24.2,0,16.5,9.1,3.0,35.0,0.5,0.6,15.5,10.9,0,0,10.5,0.21,70.7,5.45,3.0,0.0,0.0,0,0,0,0,0,0,0,0,0,0,0,0,0,0,0,0,0,0,0,0,0,0,0,0
1294,31.25,-86.75,0,CONUS_31.25_-86.75,USA,18.1,0,16.4,9.1,3.0,35.0,0.5,0.6,15.5,10.9,0,0,7.5,0.15,50.7,3.91,3.0,0.0,0.0,0,0,0,0,0,0,0,0,0,0,0,0,0,0,0,0,0,0,0,0,0,0,0,0
1295,31.25,-86.25,0,CONUS_31.25_-86.25,USA,21.9,0,16.5,9.1,3.0,35.0,0.5,0.6,15.5,10.9,0,0,11.1,0.22,74.9,5.78,3.0,0.0,0.0,0,0,0,0,0,0,0,0,0,0,0,0,0,0,0,0,0,0,0,0,0,0,0,0
1296,31.25,-85.75,0,CONUS_31.25_-85.75,USA,21.8,0,16.8,10.0,3.0,35.0,0.5,0.6,15.8,10.9,0,0,15.9,0.32,107.1,8.26,3.0,0.0,0.0,0,0,0,0,0,0,0,0,0,0,0,0,0,0,0,0,0,0,0,0,0,0,0,0
1297,31.25,-85.25,0,CONUS_31.25_-85.25,USA,22.5,0,16.8,10.0,3.0,35.0,0.5,0.6,15.8,10.9,0,0,19.2,0.38,129.5,9.99,3.0,0.0,0.0,0,0,0,0,0,0,0,0,0,0,0,0,0,0,0,0,0,0,0,0,0,0,0,0
1298,31.25,-84.75,0,CONUS_31.25_-84.75,USA,13.9,0,16.8,10.0,3.0,35.0,0.5,0.6,15.8,10.9,0,0,24.6,0.49,165.9,12.8,3.0,0.0,0.0,0,0,0,0,0,0,0,0,0,0,0,0,0,0,0,0,0,0,0,0,0,0,0,0
1299,31.25,-84.25,0,CONUS_31.25_-84.25,USA,19.8,0,16.8,10.0,3.0,35.0,0.5,0.6,15.8,10.9,0,0,17.5,0.35,117.9,9.1,3.0,0.0,0.0,0,0,0,0,0,0,0,0,0,0,0,0,0,0,0,0,0,0,0,0,0,0,0,0
1300,31.25,-83.75,0,CONUS_31.25_-83.75,USA,16.7,0,16.8,10.0,3.0,35.0,0.5,0.6,15.8,10.9,0,0,24.4,0.49,164.6,12.7,3.0,0.0,0.0,0,0,0,0,0,0,0,0,0,0,0,0,0,0,0,0,0,0,0,0,0,0,0,0
1301,31.25,-83.25,0,CONUS_31.25_-83.25,USA,11.9,0,16.8,10.0,3.0,35.0,0.5,0.6,15.8,10.9,0,0,22.8,0.46,153.7,11.86,3.0,0.0,0.0,0,0,0,0,0,0,0,0,0,0,0,0,0,0,0,0,0,0,0,0,0,0,0,0
1302,31.25,-82.75,0,CONUS_31.25_-82.75,USA,11.5,0,16.2,9.1,3.0,35.0,0.5,0.6,15.2,10.9,0,0,24.3,0.49,164.1,12.66,3.0,0.0,0.0,0,0,0,0,0,0,0,0,0,0,0,0,0,0,0,0,0,0,0,0,0,0,0,0
1303,31.25,-82.25,0,CONUS_31.25_-82.25,USA,11.1,0,16.8,10.0,3.0,35.0,0.5,0.6,15.8,10.9,0,0,21.2,0.42,142.6,11.0,3.0,0.0,0.0,0,0,0,0,0,0,0,0,0,0,0,0,0,0,0,0,0,0,0,0,0,0,0,0
1304,31.25,-81.75,0,CONUS_31.25_-81.75,USA,7.3,0,18.2,10.6,3.0,35.0,0.5,0.6,17.1,10.9,0,0,25.0,0.5,168.5,13.0,3.0,0.0,0.0,0,0,0,0,0,0,0,0,0,0,0,0,0,0,0,0,0,0,0,0,0,0,0,0
1305,30.75,-96.75,0,CONUS_30.75_-96.75,USA,24.2,0,16.4,9.1,3.0,35.0,0.5,0.6,15.4,10.9,0,0,2.5,0.05,16.7,1.29,3.0,0.0,0.0,0,0,0,0,0,0,0,0,0,0,0,0,0,0,0,0,0,0,0,0,0,0,0,0
1306,30.75,-96.25,0,CONUS_30.75_-96.25,USA,18.6,0,16.4,9.1,3.0,35.0,0.5,0.6,15.4,10.9,0,0,2.6,0.05,17.5,1.35,3.0,0.0,0.0,0,0,0,0,0,0,0,0,0,0,0,0,0,0,0,0,0,0,0,0,0,0,0,0
1307,30.75,-95.75,0,CONUS_30.75_-95.75,USA,20.0,0,16.4,9.1,3.0,35.0,0.5,0.6,15.4,10.9,0,0,2.9,0.06,19.3,1.49,3.0,0.0,0.0,0,0,0,0,0,0,0,0,0,0,0,0,0,0,0,0,0,0,0,0,0,0,0,0
1308,30.75,-95.25,0,CONUS_30.75_-95.25,USA,25.2,0,16.4,9.1,3.0,35.0,0.5,0.6,15.4,10.9,0,0,4.0,0.08,26.8,2.06,3.0,0.0,0.0,0,0,0,0,0,0,0,0,0,0,0,0,0,0,0,0,0,0,0,0,0,0,0,0
1309,30.75,-94.75,0,CONUS_30.75_-94.75,USA,25.9,0,16.4,9.1,3.0,35.0,0.5,0.6,15.4,10.9,0,0,4.1,0.08,27.9,2.15,3.0,0.0,0.0,0,0,0,0,0,0,0,0,0,0,0,0,0,0,0,0,0,0,0,0,0,0,0,0
1310,30.75,-94.25,0,CONUS_30.75_-94.25,USA,25.5,0,16.4,9.1,3.0,35.0,0.5,0.6,15.4,10.9,0,0,3.9,0.08,26.2,2.02,3.0,0.0,0.0,0,0,0,0,0,0,0,0,0,0,0,0,0,0,0,0,0,0,0,0,0,0,0,0
1311,30.75,-93.75,0,CONUS_30.75_-93.75,USA,24.8,0,16.4,9.1,3.0,35.0,0.5,0.6,15.4,10.9,0,0,4.9,0.1,33.2,2.56,3.0,0.0,0.0,0,0,0,0,0,0,0,0,0,0,0,0,0,0,0,0,0,0,0,0,0,0,0,0
1312,30.75,-93.25,0,CONUS_30.75_-93.25,USA,15.2,0,16.5,9.1,3.0,35.0,0.5,0.6,15.5,10.9,0,0,9.1,0.18,61.4,4.74,3.0,0.0,0.0,0,0,0,0,0,0,0,0,0,0,0,0,0,0,0,0,0,0,0,0,0,0,0,0
1313,30.75,-92.75,0,CONUS_30.75_-92.75,USA,12.7,0,16.5,9.1,3.0,35.0,0.5,0.6,15.5,10.9,0,0,10.2,0.2,68.6,5.29,3.0,0.0,0.0,0,0,0,0,0,0,0,0,0,0,0,0,0,0,0,0,0,0,0,0,0,0,0,0
1314,30.75,-92.25,0,CONUS_30.75_-92.25,USA,6.4,0,16.5,9.1,3.0,35.0,0.5,0.6,15.5,10.9,0,0,10.2,0.2,68.9,5.32,3.0,0.0,0.0,0,0,0,0,0,0,0,0,0,0,0,0,0,0,0,0,0,0,0,0,0,0,0,0
1315,30.75,-91.75,0,CONUS_30.75_-91.75,USA,8.0,0,16.5,9.1,3.0,35.0,0.5,0.6,15.5,10.9,0,0,9.6,0.19,65.0,5.01,3.0,0.0,0.0,0,0,0,0,0,0,0,0,0,0,0,0,0,0,0,0,0,0,0,0,0,0,0,0
1316,30.75,-91.25,0,CONUS_30.75_-91.25,USA,26.1,0,16.4,9.1,3.0,35.0,0.5,0.6,15.5,10.9,0,0,6.4,0.13,43.4,3.34,3.0,0.0,0.0,0,0,0,0,0,0,0,0,0,0,0,0,0,0,0,0,0,0,0,0,0,0,0,0
1317,30.75,-90.75,0,CONUS_30.75_-90.75,USA,25.6,0,16.5,9.1,3.0,35.0,0.5,0.6,15.5,10.9,0,0,10.2,0.2,68.8,5.31,3.0,0.0,0.0,0,0,0,0,0,0,0,0,0,0,0,0,0,0,0,0,0,0,0,0,0,0,0,0
1318,30.75,-90.25,0,CONUS_30.75_-90.25,USA,25.0,0,16.5,9.1,3.0,35.0,0.5,0.6,15.5,10.9,0,0,14.6,0.29,98.1,7.57,3.0,0.0,0.0,0,0,0,0,0,0,0,0,0,0,0,0,0,0,0,0,0,0,0,0,0,0,0,0
1319,30.75,-89.75,0,CONUS_30.75_-89.75,USA,25.1,0,14.0,6.2,3.0,35.0,0.5,0.6,13.1,10.9,0,0,20.6,0.41,138.6,10.69,3.0,0.0,0.0,0,0,0,0,0,0,0,0,0,0,0,0,0,0,0,0,0,0,0,0,0,0,0,0
1320,30.75,-89.25,0,CONUS_30.75_-89.25,USA,21.2,0,14.0,6.2,3.0,35.0,0.5,0.6,13.1,10.9,0,0,16.1,0.32,108.7,8.39,3.0,0.0,0.0,0,0,0,0,0,0,0,0,0,0,0,0,0,0,0,0,0,0,0,0,0,0,0,0
1321,30.75,-88.75,0,CONUS_30.75_-88.75,USA,20.5,0,16.5,9.1,3.0,35.0,0.5,0.6,15.5,10.9,0,0,13.9,0.28,93.4,7.21,3.0,0.0,0.0,0,0,0,0,0,0,0,0,0,0,0,0,0,0,0,0,0,0,0,0,0,0,0,0
1322,30.75,-88.25,0,CONUS_30.75_-88.25,USA,23.2,0,16.5,9.1,3.0,35.0,0.5,0.6,15.5,10.9,0,0,11.5,0.23,77.7,5.99,3.0,0.0,0.0,0,0,0,0,0,0,0,0,0,0,0,0,0,0,0,0,0,0,0,0,0,0,0,0
1323,30.75,-87.75,0,CONUS_30.75_-87.75,USA,23.0,0,16.5,9.1,3.0,35.0,0.5,0.6,15.5,10.9,0,0,10.6,0.21,71.2,5.49,3.0,0.0,0.0,0,0,0,0,0,0,0,0,0,0,0,0,0,0,0,0,0,0,0,0,0,0,0,0
1324,30.75,-87.25,0,CONUS_30.75_-87.25,USA,23.1,0,16.5,9.1,3.0,35.0,0.5,0.6,15.5,10.9,0,0,10.8,0.22,72.6,5.6,3.0,0.0,0.0,0,0,0,0,0,0,0,0,0,0,0,0,0,0,0,0,0,0,0,0,0,0,0,0
1325,30.75,-86.75,0,CONUS_30.75_-86.75,USA,17.0,0,16.5,9.1,3.0,35.0,0.5,0.6,15.5,10.9,0,0,9.3,0.19,62.7,4.84,3.0,0.0,0.0,0,0,0,0,0,0,0,0,0,0,0,0,0,0,0,0,0,0,0,0,0,0,0,0
1326,30.75,-86.25,0,CONUS_30.75_-86.25,USA,19.7,0,16.4,9.1,3.0,35.0,0.5,0.6,15.4,10.9,0,0,4.3,0.09,29.2,2.26,3.0,0.0,0.0,0,0,0,0,0,0,0,0,0,0,0,0,0,0,0,0,0,0,0,0,0,0,0,0
1327,30.75,-85.75,0,CONUS_30.75_-85.75,USA,14.1,0,16.5,9.1,3.0,35.0,0.5,0.6,15.5,10.9,0,0,8.4,0.17,56.8,4.38,3.0,0.0,0.0,0,0,0,0,0,0,0,0,0,0,0,0,0,0,0,0,0,0,0,0,0,0,0,0
1328,30.75,-85.25,0,CONUS_30.75_-85.25,USA,14.4,0,16.8,10.0,3.0,35.0,0.5,0.6,15.7,10.9,0,0,8.8,0.18,59.5,4.59,3.0,0.0,0.0,0,0,0,0,0,0,0,0,0,0,0,0,0,0,0,0,0,0,0,0,0,0,0,0
1329,30.75,-84.75,0,CONUS_30.75_-84.75,USA,22.7,0,16.8,10.0,3.0,35.0,0.5,0.6,15.8,10.9,0,0,16.5,0.33,110.9,8.56,3.0,0.0,0.0,0,0,0,0,0,0,0,0,0,0,0,0,0,0,0,0,0,0,0,0,0,0,0,0
1330,30.75,-84.25,0,CONUS_30.75_-84.25,USA,19.2,0,16.8,10.0,3.0,35.0,0.5,0.6,15.8,10.9,0,0,19.4,0.39,131.0,10.11,3.0,0.0,0.0,0,0,0,0,0,0,0,0,0,0,0,0,0,0,0,0,0,0,0,0,0,0,0,0
1331,30.75,-83.75,0,CONUS_30.75_-83.75,USA,17.4,0,16.8,10.0,3.0,35.0,0.5,0.6,15.8,10.9,0,0,21.5,0.43,145.0,11.19,3.0,0.0,0.0,0,0,0,0,0,0,0,0,0,0,0,0,0,0,0,0,0,0,0,0,0,0,0,0
1332,30.75,-83.25,0,CONUS_30.75_-83.25,USA,13.4,0,16.8,10.0,3.0,35.0,0.5,0.6,15.8,10.9,0,0,18.4,0.37,123.9,9.56,3.0,0.0,0.0,0,0,0,0,0,0,0,0,0,0,0,0,0,0,0,0,0,0,0,0,0,0,0,0
1333,30.75,-82.75,0,CONUS_30.75_-82.75,USA,7.9,0,18.2,10.6,3.0,35.0,0.5,0.6,17.1,10.9,0,0,25.0,0.5,168.5,13.0,3.0,0.0,0.0,0,0,0,0,0,0,0,0,0,0,0,0,0,0,0,0,0,0,0,0,0,0,0,0
1334,30.75,-82.25,0,CONUS_30.75_-82.25,USA,7.1,0,18.2,10.5,3.0,35.0,0.5,0.6,17.1,10.9,0,0,21.7,0.43,146.3,11.29,3.0,0.0,0.0,0,0,0,0,0,0,0,0,0,0,0,0,0,0,0,0,0,0,0,0,0,0,0,0
1335,30.75,-81.75,0,CONUS_30.75_-81.75,USA,7.0,0,18.2,10.6,3.0,35.0,0.5,0.6,17.1,10.9,0,0,25.0,0.5,168.5,13.0,3.0,0.0,0.0,0,0,0,0,0,0,0,0,0,0,0,0,0,0,0,0,0,0,0,0,0,0,0,0
1336,30.25,-97.75,0,CONUS_30.25_-97.75,USA,50.9,0,18.2,10.5,3.0,35.0,0.5,0.6,17.1,10.9,0,0,6.8,0.14,45.7,3.53,3.0,0.0,0.0,0,0,0,0,0,0,0,0,0,0,0,0,0,0,0,0,0,0,0,0,0,0,0,0
1337,30.25,-97.25,0,CONUS_30.25_-97.25,USA,20.8,0,18.2,10.5,3.0,35.0,0.5,0.6,17.1,10.9,0,0,10.1,0.2,67.9,5.24,3.0,0.0,0.0,0,0,0,0,0,0,0,0,0,0,0,0,0,0,0,0,0,0,0,0,0,0,0,0
1338,30.25,-96.75,0,CONUS_30.25_-96.75,USA,20.5,0,18.2,10.5,3.0,35.0,0.5,0.6,17.1,10.9,0,0,20.4,0.41,137.4,10.6,3.0,0.0,0.0,0,0,0,0,0,0,0,0,0,0,0,0,0,0,0,0,0,0,0,0,0,0,0,0
1339,30.25,-96.25,0,CONUS_30.25_-96.25,USA,19.4,0,18.2,10.5,3.0,35.0,0.5,0.6,17.1,10.9,0,0,11.7,0.23,79.1,6.1,3.0,0.0,0.0,0,0,0,0,0,0,0,0,0,0,0,0,0,0,0,0,0,0,0,0,0,0,0,0
1340,30.25,-95.75,0,CONUS_30.25_-95.75,USA,20.2,0,18.2,10.5,3.0,35.0,0.5,0.6,17.1,10.9,0,0,8.9,0.18,59.9,4.62,3.0,0.0,0.0,0,0,0,0,0,0,0,0,0,0,0,0,0,0,0,0,0,0,0,0,0,0,0,0
1341,30.25,-95.25,0,CONUS_30.25_-95.25,USA,22.5,0,16.4,9.1,3.0,35.0,0.5,0.6,15.4,10.9,0,0,2.7,0.05,18.2,1.4,3.0,0.0,0.0,0,0,0,0,0,0,0,0,0,0,0,0,0,0,0,0,0,0,0,0,0,0,0,0
1342,30.25,-94.75,0,CONUS_30.25_-94.75,USA,10.6,0,16.4,9.1,3.0,35.0,0.5,0.6,15.4,10.9,0,0,3.1,0.06,21.1,1.63,3.0,0.0,0.0,0,0,0,0,0,0,0,0,0,0,0,0,0,0,0,0,0,0,0,0,0,0,0,0
1343,30.25,-94.25,0,CONUS_30.25_-94.25,USA,8.2,0,16.4,9.1,3.0,35.0,0.5,0.6,15.4,10.9,0,0,2.6,0.05,17.2,1.33,3.0,0.0,0.0,0,0,0,0,0,0,0,0,0,0,0,0,0,0,0,0,0,0,0,0,0,0,0,0
1344,30.25,-93.75,0,CONUS_30.25_-93.75,USA,7.3,0,16.4,9.1,3.0,35.0,0.5,0.6,15.4,10.9,0,0,5.8,0.12,39.4,3.04,3.0,0.0,0.0,0,0,0,0,0,0,0,0,0,0,0,0,0,0,0,0,0,0,0,0,0,0,0,0
1345,30.25,-93.25,0,CONUS_30.25_-93.25,USA,5.4,0,16.4,9.1,3.0,35.0,0.5,0.6,15.4,10.9,0,0,3.9,0.08,26.2,2.02,3.0,0.0,0.0,0,0,0,0,0,0,0,0,0,0,0,0,0,0,0,0,0,0,0,0,0,0,0,0
1346,30.25,-92.75,0,CONUS_30.25_-92.75,USA,4.1,0,16.4,9.1,3.0,35.0,0.5,0.6,15.4,10.9,0,0,4.4,0.09,29.5,2.28,3.0,0.0,0.0,0,0,0,0,0,0,0,0,0,0,0,0,0,0,0,0,0,0,0,0,0,0,0,0
1347,30.25,-92.25,0,CONUS_30.25_-92.25,USA,4.0,0,16.4,9.1,3.0,35.0,0.5,0.6,15.5,10.9,0,0,6.8,0.14,45.8,3.53,3.0,0.0,0.0,0,0,0,0,0,0,0,0,0,0,0,0,0,0,0,0,0,0,0,0,0,0,0,0
1348,30.25,-91.75,0,CONUS_30.25_-91.75,USA,2.5,0,16.4,9.1,3.0,35.0,0.5,0.6,15.4,10.9,0,0,5.6,0.11,37.7,2.91,3.0,0.0,0.0,0,0,0,0,0,0,0,0,0,0,0,0,0,0,0,0,0,0,0,0,0,0,0,0
1349,30.25,-91.25,0,CONUS_30.25_-91.25,USA,3.8,0,16.5,9.1,3.0,35.0,0.5,0.6,15.5,10.9,0,0,8.9,0.18,59.7,4.61,3.0,0.0,0.0,0,0,0,0,0,0,0,0,0,0,0,0,0,0,0,0,0,0,0,0,0,0,0,0
1350,30.25,-90.75,0,CONUS_30.25_-90.75,USA,3.2,0,16.5,9.1,3.0,35.0,0.5,0.6,15.5,10.9,0,0,10.1,0.2,68.3,5.27,3.0,0.0,0.0,0,0,0,0,0,0,0,0,0,0,0,0,0,0,0,0,0,0,0,0,0,0,0,0
1351,30.25,-89.75,0,CONUS_30.25_-89.75,USA,5.3,0,16.5,9.1,3.0,35.0,0.5,0.6,15.5,10.9,0,0,10.6,0.21,71.2,5.5,3.0,0.0,0.0,0,0,0,0,0,0,0,0,0,0,0,0,0,0,0,0,0,0,0,0,0,0,0,0
1352,30.25,-88.75,0,CONUS_30.25_-88.75,USA,4.5,0,16.5,9.1,3.0,35.0,0.5,0.6,15.5,10.9,0,0,12.9,0.26,86.7,6.69,3.0,0.0,0.0,0,0,0,0,0,0,0,0,0,0,0,0,0,0,0,0,0,0,0,0,0,0,0,0
1353,30.25,-88.25,0,CONUS_30.25_-88.25,USA,9.2,0,16.5,9.1,3.0,35.0,0.5,0.6,15.5,10.9,0,0,12.4,0.25,83.4,6.43,3.0,0.0,0.0,0,0,0,0,0,0,0,0,0,0,0,0,0,0,0,0,0,0,0,0,0,0,0,0
1354,30.25,-87.75,0,CONUS_30.25_-87.75,USA,12.2,0,16.4,9.1,3.0,35.0,0.5,0.6,15.5,10.9,0,0,7.4,0.15,49.9,3.85,3.0,0.0,0.0,0,0,0,0,0,0,0,0,0,0,0,0,0,0,0,0,0,0,0,0,0,0,0,0
1355,30.25,-85.25,0,CONUS_30.25_-85.25,USA,12.7,0,16.8,10.0,3.0,35.0,0.5,0.6,15.8,10.9,0,0,14.1,0.28,95.0,7.33,3.0,0.0,0.0,0,0,0,0,0,0,0,0,0,0,0,0,0,0,0,0,0,0,0,0,0,0,0,0
1356,30.25,-84.75,0,CONUS_30.25_-84.75,USA,13.7,0,16.8,10.0,3.0,35.0,0.5,0.6,15.8,10.9,0,0,13.8,0.28,93.0,7.18,3.0,0.0,0.0,0,0,0,0,0,0,0,0,0,0,0,0,0,0,0,0,0,0,0,0,0,0,0,0
1357,30.25,-84.25,0,CONUS_30.25_-84.25,USA,13.9,0,16.8,10.0,3.0,35.0,0.5,0.6,15.7,10.9,0,0,12.3,0.25,83.0,6.41,3.0,0.0,0.0,0,0,0,0,0,0,0,0,0,0,0,0,0,0,0,0,0,0,0,0,0,0,0,0
1358,30.25,-83.75,0,CONUS_30.25_-83.75,USA,12.4,0,16.8,10.0,3.0,35.0,0.5,0.6,15.8,10.9,0,0,13.9,0.28,93.5,7.21,3.0,0.0,0.0,0,0,0,0,0,0,0,0,0,0,0,0,0,0,0,0,0,0,0,0,0,0,0,0
1359,30.25,-83.25,0,CONUS_30.25_-83.25,USA,7.5,0,16.8,10.0,3.0,35.0,0.5,0.6,15.7,10.9,0,0,6.9,0.14,46.8,3.61,3.0,0.0,0.0,0,0,0,0,0,0,0,0,0,0,0,0,0,0,0,0,0,0,0,0,0,0,0,0
1360,30.25,-82.75,0,CONUS_30.25_-82.75,USA,9.7,0,18.2,10.6,3.0,35.0,0.5,0.6,17.1,10.9,0,0,25.0,0.5,168.5,13.0,3.0,0.0,0.0,0,0,0,0,0,0,0,0,0,0,0,0,0,0,0,0,0,0,0,0,0,0,0,0
1361,30.25,-82.25,0,CONUS_30.25_-82.25,USA,8.4,0,18.2,10.6,3.0,35.0,0.5,0.6,17.1,10.9,0,0,25.0,0.5,168.5,13.0,3.0,0.0,0.0,0,0,0,0,0,0,0,0,0,0,0,0,0,0,0,0,0,0,0,0,0,0,0,0
1362,30.25,-81.75,0,CONUS_30.25_-81.75,USA,9.5,0,18.2,10.6,3.0,35.0,0.5,0.6,17.1,10.9,0,0,25.0,0.5,168.5,13.0,3.0,0.0,0.0,0,0,0,0,0,0,0,0,0,0,0,0,0,0,0,0,0,0,0,0,0,0,0,0
1363,29.75,-99.75,0,CONUS_29.75_-99.75,USA,88.4,0,26.9,16.3,3.0,35.0,0.5,0.6,25.3,10.9,0,0,25.0,0.5,168.5,13.0,3.0,0.0,0.0,0,0,0,0,0,0,0,0,0,0,0,0,0,0,0,0,0,0,0,0,0,0,0,0
1364,29.75,-98.25,0,CONUS_29.75_-98.25,USA,65.6,0,18.2,10.6,3.0,35.0,0.5,0.6,17.1,10.9,0,0,25.0,0.5,168.5,13.0,3.0,0.0,0.0,0,0,0,0,0,0,0,0,0,0,0,0,0,0,0,0,0,0,0,0,0,0,0,0
1365,29.75,-97.75,0,CONUS_29.75_-97.75,USA,31.4,0,22.7,12.1,3.0,35.0,0.5,0.6,21.4,10.9,0,0,25.0,0.5,168.5,13.0,3.0,0.0,0.0,0,0,0,0,0,0,0,0,0,0,0,0,0,0,0,0,0,0,0,0,0,0,0,0
1366,29.75,-97.25,0,CONUS_29.75_-97.25,USA,24.0,0,18.2,10.5,3.0,35.0,0.5,0.6,17.1,10.9,0,0,11.4,0.23,76.9,5.94,3.0,0.0,0.0,0,0,0,0,0,0,0,0,0,0,0,0,0,0,0,0,0,0,0,0,0,0,0,0
1367,29.75,-96.75,0,CONUS_29.75_-96.75,USA,18.6,0,18.2,10.5,3.0,35.0,0.5,0.6,17.1,10.9,0,0,19.1,0.38,129.0,9.95,3.0,0.0,0.0,0,0,0,0,0,0,0,0,0,0,0,0,0,0,0,0,0,0,0,0,0,0,0,0
1368,29.75,-94.25,0,CONUS_29.75_-94.25,USA,3.2,0,16.4,9.1,3.0,35.0,0.5,0.6,15.4,10.9,0,0,4.0,0.08,26.7,2.06,3.0,0.0,0.0,0,0,0,0,0,0,0,0,0,0,0,0,0,0,0,0,0,0,0,0,0,0,0,0
1369,29.75,-93.75,0,CONUS_29.75_-93.75,USA,0.8,0,16.7,10.0,3.0,35.0,0.5,0.6,15.7,10.9,0,0,4.7,0.09,31.6,2.44,3.0,0.0,0.0,0,0,0,0,0,0,0,0,0,0,0,0,0,0,0,0,0,0,0,0,0,0,0,0
1370,29.75,-92.75,0,CONUS_29.75_-92.75,USA,0.4,0,16.4,9.1,3.0,35.0,0.5,0.6,15.4,10.9,0,0,3.8,0.08,25.6,1.98,3.0,0.0,0.0,0,0,0,0,0,0,0,0,0,0,0,0,0,0,0,0,0,0,0,0,0,0,0,0
1371,29.75,-92.25,0,CONUS_29.75_-92.25,USA,1.1,0,16.8,10.0,3.0,35.0,0.5,0.6,15.7,10.9,0,0,11.7,0.23,79.1,6.1,3.0,0.0,0.0,0,0,0,0,0,0,0,0,0,0,0,0,0,0,0,0,0,0,0,0,0,0,0,0
1372,29.75,-91.75,0,CONUS_29.75_-91.75,USA,1.9,0,16.8,10.0,3.0,35.0,0.5,0.6,15.8,10.9,0,0,15.3,0.31,103.1,7.96,3.0,0.0,0.0,0,0,0,0,0,0,0,0,0,0,0,0,0,0,0,0,0,0,0,0,0,0,0,0
1373,29.75,-91.25,0,CONUS_29.75_-91.25,USA,0.8,0,16.8,10.0,3.0,35.0,0.5,0.6,15.8,10.9,0,0,14.8,0.3,99.6,7.68,3.0,0.0,0.0,0,0,0,0,0,0,0,0,0,0,0,0,0,0,0,0,0,0,0,0,0,0,0,0
1374,29.75,-90.75,0,CONUS_29.75_-90.75,USA,0.9,0,16.8,10.0,3.0,35.0,0.5,0.6,15.7,10.9,0,0,11.0,0.22,73.8,5.7,3.0,0.0,0.0,0,0,0,0,0,0,0,0,0,0,0,0,0,0,0,0,0,0,0,0,0,0,0,0
1375,29.75,-90.25,0,CONUS_29.75_-90.25,USA,0.8,0,16.8,10.0,3.0,35.0,0.5,0.6,15.8,10.9,0,0,13.5,0.27,91.3,7.04,3.0,0.0,0.0,0,0,0,0,0,0,0,0,0,0,0,0,0,0,0,0,0,0,0,0,0,0,0,0
1376,29.75,-89.75,0,CONUS_29.75_-89.75,USA,0.8,0,16.8,10.0,3.0,35.0,0.5,0.6,15.8,10.9,0,0,16.1,0.32,108.3,8.35,3.0,0.0,0.0,0,0,0,0,0,0,0,0,0,0,0,0,0,0,0,0,0,0,0,0,0,0,0,0
1377,29.75,-85.25,0,CONUS_29.75_-85.25,USA,1.7,0,16.8,10.0,3.0,35.0,0.5,0.6,15.8,10.9,0,0,20.7,0.41,139.4,10.76,3.0,0.0,0.0,0,0,0,0,0,0,0,0,0,0,0,0,0,0,0,0,0,0,0,0,0,0,0,0
1378,29.75,-83.25,0,CONUS_29.75_-83.25,USA,6.1,0,16.8,10.0,3.0,35.0,0.5,0.6,15.7,10.9,0,0,8.8,0.18,59.5,4.59,3.0,0.0,0.0,0,0,0,0,0,0,0,0,0,0,0,0,0,0,0,0,0,0,0,0,0,0,0,0
1379,29.75,-82.75,0,CONUS_29.75_-82.75,USA,8.3,0,18.2,10.5,3.0,35.0,0.5,0.6,17.1,10.9,0,0,7.9,0.16,53.4,4.12,3.0,0.0,0.0,0,0,0,0,0,0,0,0,0,0,0,0,0,0,0,0,0,0,0,0,0,0,0,0
1380,29.75,-82.25,0,CONUS_29.75_-82.25,USA,10.8,0,18.2,10.5,3.0,35.0,0.5,0.6,17.1,10.9,0,0,22.1,0.44,148.7,11.47,3.0,0.0,0.0,0,0,0,0,0,0,0,0,0,0,0,0,0,0,0,0,0,0,0,0,0,0,0,0
1381,29.75,-81.75,0,CONUS_29.75_-81.75,USA,15.4,0,18.2,10.5,3.0,35.0,0.5,0.6,17.1,10.9,0,0,13.5,0.27,91.1,7.03,3.0,0.0,0.0,0,0,0,0,0,0,0,0,0,0,0,0,0,0,0,0,0,0,0,0,0,0,0,0
1382,29.75,-81.25,0,CONUS_29.75_-81.25,USA,3.1,0,18.2,10.6,3.0,35.0,0.5,0.6,17.1,10.9,0,0,25.0,0.5,168.5,13.0,3.0,0.0,0.0,0,0,0,0,0,0,0,0,0,0,0,0,0,0,0,0,0,0,0,0,0,0,0,0
1383,29.25,-97.75,0,CONUS_29.25_-97.75,USA,29.1,0,18.2,10.6,3.0,35.0,0.5,0.6,17.1,10.9,0,0,25.0,0.5,168.5,13.0,3.0,0.0,0.0,0,0,0,0,0,0,0,0,0,0,0,0,0,0,0,0,0,0,0,0,0,0,0,0
1384,29.25,-96.75,0,CONUS_29.25_-96.75,USA,17.8,0,18.2,10.5,3.0,35.0,0.5,0.6,17.1,10.9,0,0,6.1,0.12,41.1,3.17,3.0,0.0,0.0,0,0,0,0,0,0,0,0,0,0,0,0,0,0,0,0,0,0,0,0,0,0,0,0
1385,29.25,-91.25,0,CONUS_29.25_-91.25,USA,0.0,0,16.8,10.0,3.0,35.0,0.5,0.6,15.8,10.9,0,0,13.7,0.27,92.3,7.12,3.0,0.0,0.0,0,0,0,0,0,0,0,0,0,0,0,0,0,0,0,0,0,0,0,0,0,0,0,0
1386,29.25,-90.75,0,CONUS_29.25_-90.75,USA,0.1,0,16.8,10.0,3.0,35.0,0.5,0.6,15.8,10.9,0,0,17.5,0.35,118.0,9.1,3.0,0.0,0.0,0,0,0,0,0,0,0,0,0,0,0,0,0,0,0,0,0,0,0,0,0,0,0,0
1387,29.25,-90.25,0,CONUS_29.25_-90.25,USA,0.1,0,18.2,10.6,3.0,35.0,0.5,0.6,17.1,10.9,0,0,23.9,0.48,161.0,12.42,3.0,0.0,0.0,0,0,0,0,0,0,0,0,0,0,0,0,0,0,0,0,0,0,0,0,0,0,0,0
1388,29.25,-89.25,0,CONUS_29.25_-89.25,USA,0.5,0,16.8,10.0,3.0,35.0,0.5,0.6,15.8,10.9,0,0,24.5,0.49,165.3,12.75,3.0,0.0,0.0,0,0,0,0,0,0,0,0,0,0,0,0,0,0,0,0,0,0,0,0,0,0,0,0
1389,29.25,-82.75,0,CONUS_29.25_-82.75,USA,9.2,0,18.2,10.5,3.0,35.0,0.5,0.6,17.1,10.9,0,0,17.5,0.35,118.2,9.12,3.0,0.0,0.0,0,0,0,0,0,0,0,0,0,0,0,0,0,0,0,0,0,0,0,0,0,0,0,0
1390,29.25,-82.25,0,CONUS_29.25_-82.25,USA,7.9,0,18.2,10.5,3.0,35.0,0.5,0.6,17.1,10.9,0,0,21.0,0.42,141.6,10.93,3.0,0.0,0.0,0,0,0,0,0,0,0,0,0,0,0,0,0,0,0,0,0,0,0,0,0,0,0,0
1391,29.25,-81.75,0,CONUS_29.25_-81.75,USA,11.3,0,18.2,10.6,3.0,35.0,0.5,0.6,17.1,10.9,0,0,24.9,0.5,168.0,12.96,3.0,0.0,0.0,0,0,0,0,0,0,0,0,0,0,0,0,0,0,0,0,0,0,0,0,0,0,0,0
1392,29.25,-81.25,0,CONUS_29.25_-81.25,USA,5.0,0,18.2,10.6,3.0,35.0,0.5,0.6,17.1,10.9,0,0,25.0,0.5,168.5,13.0,3.0,0.0,0.0,0,0,0,0,0,0,0,0,0,0,0,0,0,0,0,0,0,0,0,0,0,0,0,0
1393,28.75,-97.25,0,CONUS_28.75_-97.25,USA,24.2,0,18.2,10.6,3.0,35.0,0.5,0.6,17.1,10.9,0,0,25.0,0.5,168.5,13.0,3.0,0.0,0.0,0,0,0,0,0,0,0,0,0,0,0,0,0,0,0,0,0,0,0,0,0,0,0,0
1394,28.75,-96.75,0,CONUS_28.75_-96.75,USA,9.0,0,18.2,10.5,3.0,35.0,0.5,0.6,17.1,10.9,0,0,19.9,0.4,134.4,10.37,3.0,0.0,0.0,0,0,0,0,0,0,0,0,0,0,0,0,0,0,0,0,0,0,0,0,0,0,0,0
1395,28.75,-95.75,0,CONUS_28.75_-95.75,USA,3.7,0,18.2,10.5,3.0,35.0,0.5,0.6,17.1,10.9,0,0,9.9,0.2,66.5,5.13,3.0,0.0,0.0,0,0,0,0,0,0,0,0,0,0,0,0,0,0,0,0,0,0,0,0,0,0,0,0
1396,28.75,-82.25,0,CONUS_28.75_-82.25,USA,8.1,0,22.3,13.5,3.0,35.0,0.5,0.6,20.9,10.9,0,0,25.0,0.5,168.5,13.0,3.0,0.0,0.0,0,0,0,0,0,0,0,0,0,0,0,0,0,0,0,0,0,0,0,0,0,0,0,0
1397,28.75,-81.75,0,CONUS_28.75_-81.75,USA,8.0,0,20.4,9.8,3.0,35.0,0.5,0.6,19.2,10.9,0,0,19.9,0.4,134.2,10.35,3.0,0.0,0.0,0,0,0,0,0,0,0,0,0,0,0,0,0,0,0,0,0,0,0,0,0,0,0,0
1398,28.75,-81.25,0,CONUS_28.75_-81.25,USA,9.7,0,18.2,10.6,3.0,35.0,0.5,0.6,17.1,10.9,0,0,25.0,0.5,168.5,13.0,3.0,0.0,0.0,0,0,0,0,0,0,0,0,0,0,0,0,0,0,0,0,0,0,0,0,0,0,0,0
1399,28.75,-80.75,0,CONUS_28.75_-80.75,USA,2.8,0,20.4,9.8,3.0,35.0,0.5,0.6,19.2,10.9,0,0,25.0,0.5,168.5,13.0,3.0,0.0,0.0,0,0,0,0,0,0,0,0,0,0,0,0,0,0,0,0,0,0,0,0,0,0,0,0
1400,28.25,-82.25,0,CONUS_28.25_-82.25,USA,10.3,0,22.3,13.5,3.0,35.0,0.5,0.6,21.0,10.9,0,0,25.0,0.5,168.5,13.0,3.0,0.0,0.0,0,0,0,0,0,0,0,0,0,0,0,0,0,0,0,0,0,0,0,0,0,0,0,0
1401,28.25,-81.75,0,CONUS_28.25_-81.75,USA,7.5,0,18.2,10.6,3.0,35.0,0.5,0.6,17.1,10.9,0,0,25.0,0.5,168.5,13.0,3.0,0.0,0.0,0,0,0,0,0,0,0,0,0,0,0,0,0,0,0,0,0,0,0,0,0,0,0,0
1402,28.25,-81.25,0,CONUS_28.25_-81.25,USA,4.0,0,18.2,10.6,3.0,35.0,0.5,0.6,17.1,10.9,0,0,25.0,0.5,168.5,13.0,3.0,0.0,0.0,0,0,0,0,0,0,0,0,0,0,0,0,0,0,0,0,0,0,0,0,0,0,0,0
1403,28.25,-80.75,0,CONUS_28.25_-80.75,USA,4.5,0,20.4,9.8,3.0,35.0,0.5,0.6,19.2,10.9,0,0,25.0,0.5,168.5,13.0,3.0,0.0,0.0,0,0,0,0,0,0,0,0,0,0,0,0,0,0,0,0,0,0,0,0,0,0,0,0
1404,27.75,-82.25,0,CONUS_27.75_-82.25,USA,13.4,0,22.3,13.5,3.0,35.0,0.5,0.6,21.0,10.9,0,0,25.0,0.5,168.5,13.0,3.0,0.0,0.0,0,0,0,0,0,0,0,0,0,0,0,0,0,0,0,0,0,0,0,0,0,0,0,0
1405,27.75,-81.75,0,CONUS_27.75_-81.75,USA,9.2,0,22.3,13.5,3.0,35.0,0.5,0.6,21.0,10.9,0,0,25.0,0.5,168.5,13.0,3.0,0.0,0.0,0,0,0,0,0,0,0,0,0,0,0,0,0,0,0,0,0,0,0,0,0,0,0,0
1406,27.75,-81.25,0,CONUS_27.75_-81.25,USA,6.0,0,20.4,9.8,3.0,35.0,0.5,0.6,19.2,10.9,0,0,25.0,0.5,168.5,13.0,3.0,0.0,0.0,0,0,0,0,0,0,0,0,0,0,0,0,0,0,0,0,0,0,0,0,0,0,0,0
1407,27.75,-80.75,0,CONUS_27.75_-80.75,USA,6.2,0,18.2,10.6,3.0,35.0,0.5,0.6,17.1,10.9,0,0,25.0,0.5,168.5,13.0,3.0,0.0,0.0,0,0,0,0,0,0,0,0,0,0,0,0,0,0,0,0,0,0,0,0,0,0,0,0
1408,27.25,-82.25,0,CONUS_27.25_-82.25,USA,7.6,0,20.2,12.0,3.0,35.0,0.5,0.6,19.0,10.9,0,0,25.0,0.5,168.5,13.0,3.0,0.0,0.0,0,0,0,0,0,0,0,0,0,0,0,0,0,0,0,0,0,0,0,0,0,0,0,0
1409,27.25,-81.75,0,CONUS_27.25_-81.75,USA,7.0,0,18.6,10.1,3.0,35.0,0.5,0.6,17.4,10.9,0,0,25.0,0.5,168.5,13.0,3.0,0.0,0.0,0,0,0,0,0,0,0,0,0,0,0,0,0,0,0,0,0,0,0,0,0,0,0,0
1410,27.25,-81.25,0,CONUS_27.25_-81.25,USA,10.5,0,22.3,13.5,3.0,35.0,0.5,0.6,21.0,10.9,0,0,25.0,0.5,168.5,13.0,3.0,0.0,0.0,0,0,0,0,0,0,0,0,0,0,0,0,0,0,0,0,0,0,0,0,0,0,0,0
1411,27.25,-80.75,0,CONUS_27.25_-80.75,USA,4.4,0,18.2,10.6,3.0,35.0,0.5,0.6,17.1,10.9,0,0,25.0,0.5,168.5,13.0,3.0,0.0,0.0,0,0,0,0,0,0,0,0,0,0,0,0,0,0,0,0,0,0,0,0,0,0,0,0
1412,27.25,-80.25,0,CONUS_27.25_-80.25,USA,2.6,0,20.2,12.5,3.0,35.0,0.5,0.6,19.0,10.9,0,0,25.0,0.5,168.5,13.0,3.0,0.0,0.0,0,0,0,0,0,0,0,0,0,0,0,0,0,0,0,0,0,0,0,0,0,0,0,0
1413,26.75,-81.75,0,CONUS_26.75_-81.75,USA,4.5,0,18.6,10.1,3.0,35.0,0.5,0.6,17.4,10.9,0,0,25.0,0.5,168.5,13.0,3.0,0.0,0.0,0,0,0,0,0,0,0,0,0,0,0,0,0,0,0,0,0,0,0,0,0,0,0,0
1414,26.75,-81.25,0,CONUS_26.75_-81.25,USA,3.5,0,22.3,13.5,3.0,35.0,0.5,0.6,21.0,10.9,0,0,25.0,0.5,168.5,13.0,3.0,0.0,0.0,0,0,0,0,0,0,0,0,0,0,0,0,0,0,0,0,0,0,0,0,0,0,0,0
1415,26.75,-80.75,0,CONUS_26.75_-80.75,USA,0.8,0,20.2,12.5,3.0,35.0,0.5,0.6,19.0,10.9,0,0,25.0,0.5,168.5,13.0,3.0,0.0,0.0,0,0,0,0,0,0,0,0,0,0,0,0,0,0,0,0,0,0,0,0,0,0,0,0
1416,26.75,-80.25,0,CONUS_26.75_-80.25,USA,1.4,0,20.2,12.5,3.0,35.0,0.5,0.6,19.0,10.9,0,0,25.0,0.5,168.5,13.0,3.0,0.0,0.0,0,0,0,0,0,0,0,0,0,0,0,0,0,0,0,0,0,0,0,0,0,0,0,0
1417,26.25,-81.75,0,CONUS_26.25_-81.75,USA,2.0,0,18.5,10.1,3.0,35.0,0.5,0.6,17.4,10.9,0,0,25.0,0.5,168.5,13.0,3.0,0.0,0.0,0,0,0,0,0,0,0,0,0,0,0,0,0,0,0,0,0,0,0,0,0,0,0,0
1418,26.25,-81.25,0,CONUS_26.25_-81.25,USA,2.0,0,22.3,13.5,3.0,35.0,0.5,0.6,21.0,10.9,0,0,25.0,0.5,168.5,13.0,3.0,0.0,0.0,0,0,0,0,0,0,0,0,0,0,0,0,0,0,0,0,0,0,0,0,0,0,0,0
1419,26.25,-80.75,0,CONUS_26.25_-80.75,USA,0.6,0,16.2,9.1,3.0,35.0,0.5,0.6,15.2,10.9,0,0,23.2,0.46,156.4,12.07,3.0,0.0,0.0,0,0,0,0,0,0,0,0,0,0,0,0,0,0,0,0,0,0,0,0,0,0,0,0
1420,26.25,-80.25,0,CONUS_26.25_-80.25,USA,0.9,0,16.1,9.1,3.0,35.0,0.5,0.6,15.2,10.9,0,0,17.8,0.36,120.3,9.28,3.0,0.0,0.0,0,0,0,0,0,0,0,0,0,0,0,0,0,0,0,0,0,0,0,0,0,0,0,0
1421,25.75,-81.25,0,CONUS_25.75_-81.25,USA,1.1,0,20.4,9.8,3.0,35.0,0.5,0.6,19.2,10.9,0,0,25.0,0.5,168.5,13.0,3.0,0.0,0.0,0,0,0,0,0,0,0,0,0,0,0,0,0,0,0,0,0,0,0,0,0,0,0,0
1422,25.75,-80.75,0,CONUS_25.75_-80.75,USA,0.8,0,20.4,9.8,3.0,35.0,0.5,0.6,19.2,10.9,0,0,25.0,0.5,168.5,13.0,3.0,0.0,0.0,0,0,0,0,0,0,0,0,0,0,0,0,0,0,0,0,0,0,0,0,0,0,0,0
1423,25.25,-80.75,0,CONUS_25.25_-80.75,USA,0.6,0,16.1,9.1,3.0,35.0,0.5,0.6,15.2,10.9,0,0,14.9,0.3,100.1,7.72,3.0,0.0,0.0,0,0,0,0,0,0,0,0,0,0,0,0,0,0,0,0,0,0,0,0,0,0,0,0
