siteID,year,genus,<0,0-8,8-28,-48,-68,-88,>88,max_diam,max_hgt,leaf_area_ind,basal_area,total_biomC,pl_biomC_std,total_biomN,pl_biomN_std
1313,10,Abies',0,0,0,0,0,0,0,0.0,0.0,0.0,0.0,0.0,0.0,0.0,0.0
1313,10,Acer',0,1750,223,0,0,0,0,11.431077003479004,8.616292953491211,901.332184242061,4.869631034136016,5922.473298691362,15952.527412314712,0.026136229190728593,67.40156676249585
1313,10,Aesculus',0,0,0,0,0,0,0,0.0,0.0,0.0,0.0,0.0,0.0,0.0,0.0
1313,10,Ailanthus',0,0,0,0,0,0,0,0.0,0.0,0.0,0.0,0.0,0.0,0.0,0.0
1313,10,Alnus',0,0,0,0,0,0,0,0.0,0.0,0.0,0.0,0.0,0.0,0.0,0.0
1313,10,Amelanchier',0,0,0,0,0,0,0,0.0,0.0,0.0,0.0,0.0,0.0,0.0,0.0
1313,10,Arbutus',0,0,0,0,0,0,0,0.0,0.0,0.0,0.0,0.0,0.0,0.0,0.0
1313,10,Asimina',0,0,0,0,0,0,0,0.0,0.0,0.0,0.0,0.0,0.0,0.0,0.0
1313,10,Betula',0,0,0,0,0,0,0,0.0,0.0,0.0,0.0,0.0,0.0,0.0,0.0
1313,10,Calocedrus',0,0,0,0,0,0,0,0.0,0.0,0.0,0.0,0.0,0.0,0.0,0.0
1313,10,Carpinus',0,0,0,0,0,0,0,0.0,0.0,0.0,0.0,0.0,0.0,0.0,0.0
1313,10,Carya',0,92,2,0,0,0,0,8.838260650634766,8.513582229614258,29.95499193668365,0.12941672010255678,185.1199845838547,2987.4450843913473,0.0008425964904427618,12.764287024346974
1313,10,Castanea',0,0,0,0,0,0,0,0.0,0.0,0.0,0.0,0.0,0.0,0.0,0.0
1313,10,Catalpa',0,134,28,0,0,0,0,10.410595893859863,4.739962577819824,99.67149771844284,0.4863379226373109,430.353688082099,4193.916685372204,0.0023911680950610818,22.33916112501965
1313,10,Celtis',0,0,15,0,0,0,0,9.701421737670898,6.804945468902588,24.6158794134478,0.1097513958039771,158.23157142162324,2575.671042439236,0.0007059849795699116,11.489014933645974
1313,10,Cercis',0,0,0,0,0,0,0,0.0,0.0,0.0,0.0,0.0,0.0,0.0,0.0
1313,10,Cercocarpus',0,0,0,0,0,0,0,0.0,0.0,0.0,0.0,0.0,0.0,0.0,0.0
1313,10,Chamaecyparis',0,0,0,0,0,0,0,0.0,0.0,0.0,0.0,0.0,0.0,0.0,0.0
1313,10,Chilopsis',0,0,0,0,0,0,0,0.0,0.0,0.0,0.0,0.0,0.0,0.0,0.0
1313,10,Chrysolepis',0,0,0,0,0,0,0,0.0,0.0,0.0,0.0,0.0,0.0,0.0,0.0
1313,10,Cladrastis',0,0,0,0,0,0,0,0.0,0.0,0.0,0.0,0.0,0.0,0.0,0.0
1313,10,Comus',0,0,0,0,0,0,0,0.0,0.0,0.0,0.0,0.0,0.0,0.0,0.0
1313,10,Cornus',0,0,0,0,0,0,0,0.0,0.0,0.0,0.0,0.0,0.0,0.0,0.0
1313,10,Crataegus',0,0,0,0,0,0,0,0.0,0.0,0.0,0.0,0.0,0.0,0.0,0.0
1313,10,Cupressus',0,0,0,0,0,0,0,0.0,0.0,0.0,0.0,0.0,0.0,0.0,0.0
1313,10,Diospyros',0,39,0,0,0,0,0,7.142692565917969,4.691483497619629,11.027240130720257,0.15659156043096312,183.2922159075737,4098.538545159014,0.0005660593026876449,12.657470801056991
1313,10,Elaeagnus',0,0,0,0,0,0,0,0.0,0.0,0.0,0.0,0.0,0.0,0.0,0.0
1313,10,Fagus',0,0,0,0,0,0,0,0.0,0.0,0.0,0.0,0.0,0.0,0.0,0.0
1313,10,Fraxinus',0,3772,190,0,0,0,0,12.038843154907227,6.587433338165283,1411.9746657600035,7.914714784569462,9169.168094967456,17494.40917374158,0.04070208893485645,72.78875027183535
1313,10,Gleditsia',0,113,0,0,0,0,0,7.807129383087158,5.820114612579346,22.665827561028394,0.3615949180773117,386.46025490283967,5280.822415705656,0.0011850877604819702,15.524860390003726
1313,10,Gordonia',0,0,0,0,0,0,0,0.0,0.0,0.0,0.0,0.0,0.0,0.0,0.0
1313,10,Gymnocladus',0,0,0,0,0,0,0,0.0,0.0,0.0,0.0,0.0,0.0,0.0,0.0
1313,10,Halesia',0,32,26,0,0,0,0,8.97693920135498,4.751169204711914,25.55408756755575,0.1975341055173649,159.7863828241825,2830.410030968743,0.0007229461332857662,11.742411833059275
1313,10,Ilex',0,0,0,0,0,0,0,0.0,0.0,0.0,0.0,0.0,0.0,0.0,0.0
1313,10,Juglans',0,0,0,0,0,0,0,0.0,0.0,0.0,0.0,0.0,0.0,0.0,0.0
1313,10,Juniperus',0,34,0,0,0,0,0,2.2822811603546143,3.078019618988037,6.2774134516716,0.0141548173828798,21.598599201440813,482.9593603319477,0.00013867063568284236,3.1007696786994563
1313,10,Larix',0,0,0,0,0,0,0,0.0,0.0,0.0,0.0,0.0,0.0,0.0,0.0
1313,10,Liquidambar',0,160,0,0,0,0,0,6.802215576171875,6.039945125579834,69.1762372540145,0.32426565353352726,362.67874303758146,3495.6053070945495,0.0018017831207620771,16.98728010429146
1313,10,Liriodendron',0,2120,162,0,0,0,0,11.098345756530762,6.138489246368408,790.2027768082917,4.844209009449325,4171.765108258575,11529.834702962728,0.020645997105302516,53.85279731802157
1313,10,Lithocarpus',0,0,0,0,0,0,0,0.0,0.0,0.0,0.0,0.0,0.0,0.0,0.0
1313,10,Maclura',0,62,9,0,0,0,0,8.062044143676758,5.194275379180908,31.081553427856175,0.2229912755529785,332.38121351361275,4279.821362324928,0.0011860611402541466,15.10939440776111
1313,10,Magnolia',0,25,0,0,0,0,0,2.5079050064086914,3.0114965438842773,5.1790448278188705,0.01266572537034532,15.795391842722893,353.19569891573894,0.00010965609874296997,2.451984909367106
1313,10,Malus',0,0,0,0,0,0,0,0.0,0.0,0.0,0.0,0.0,0.0,0.0,0.0
1313,10,Morus',0,0,0,0,0,0,0,0.0,0.0,0.0,0.0,0.0,0.0,0.0,0.0
1313,10,Nyssa',0,98,0,0,0,0,0,3.745039224624634,3.1381618976593018,27.314638780264914,0.06595499640897165,95.48144430994988,1338.1496506258077,0.0006053903852822208,8.475636101271544
1313,10,Olneya',0,0,0,0,0,0,0,0.0,0.0,0.0,0.0,0.0,0.0,0.0,0.0
1313,10,Ostrya',0,0,0,0,0,0,0,0.0,0.0,0.0,0.0,0.0,0.0,0.0,0.0
1313,10,Oxydendron',0,0,0,0,0,0,0,0.0,0.0,0.0,0.0,0.0,0.0,0.0,0.0
1313,10,Paulownia',0,668,84,0,0,0,0,10.335600852966309,5.278656959533691,283.4991434612606,1.6104949225496807,1025.0310012686252,5456.130790472565,0.0063589743630774465,32.04373291883053
1313,10,Persea',0,51,21,0,0,0,0,8.950763702392578,6.2707929611206055,39.572561540305614,0.2617156643319735,338.3329130336642,5077.702143067153,0.0013234546029636128,19.88657062642462
1313,10,Picea',0,0,0,0,0,0,0,0.0,0.0,0.0,0.0,0.0,0.0,0.0,0.0
1313,10,Pinus',0,357,180,0,0,0,0,13.102785110473633,8.998494148254395,227.42263192430138,1.8203733202961117,2081.3207793708148,11458.469320266984,0.007910150904981499,41.428052247736204
1313,10,Planera',0,0,0,0,0,0,0,0.0,0.0,0.0,0.0,0.0,0.0,0.0,0.0
1313,10,Platanus',0,108,0,0,0,0,0,4.219858646392822,2.5428504943847656,36.5326005104882,0.06530240738582856,124.81606164082885,1876.298943646364,0.0008032761052227515,12.47303847994391
1313,10,Populus',0,931,76,0,0,0,0,13.066903114318848,6.0351457595825195,457.77378728259583,2.279308472359259,1978.6703346583247,8181.064347495611,0.010986953162988197,43.63576523198518
1313,10,Prosopis',0,0,0,0,0,0,0,0.0,0.0,0.0,0.0,0.0,0.0,0.0,0.0
1313,10,Prunus',0,22,0,0,0,0,0,5.056670665740967,3.73728346824646,17.912444698659677,0.0450652799207363,61.45208443164825,1374.110381482218,0.00039441978083923454,8.819494416271068
1313,10,Pseudotsuga',0,0,0,0,0,0,0,0.0,0.0,0.0,0.0,0.0,0.0,0.0,0.0
1313,10,Quercus',0,771,71,0,0,0,0,9.320080757141113,6.1807966232299805,366.0200408214255,2.1268036771504524,2676.8514833045006,12128.451512672282,0.011114227145876749,48.16692506964982
1313,10,Robinia',0,0,0,0,0,0,0,0.0,0.0,0.0,0.0,0.0,0.0,0.0,0.0
1313,10,Salix',0,524,69,0,0,0,0,8.880912780761719,6.383390426635742,236.12711294495227,1.4782088702943466,1214.2856583485006,6475.297432538405,0.006097593568444712,29.97881799698589
1313,10,Sassafras',0,0,0,0,0,0,0,0.0,0.0,0.0,0.0,0.0,0.0,0.0,0.0
1313,10,Sequoia',0,0,0,0,0,0,0,0.0,0.0,0.0,0.0,0.0,0.0,0.0,0.0
1313,10,Sequoiadendron',0,0,0,0,0,0,0,0.0,0.0,0.0,0.0,0.0,0.0,0.0,0.0
1313,10,Sorbus',0,0,0,0,0,0,0,0.0,0.0,0.0,0.0,0.0,0.0,0.0,0.0
1313,10,Taxodium',0,36,0,0,0,0,0,5.023092269897461,2.7742629051208496,32.03099223631846,0.07237073142863994,97.67490763664246,2184.0773317154217,0.0006781592657677773,15.164102178281237
1313,10,Taxus',0,0,0,0,0,0,0,0.0,0.0,0.0,0.0,0.0,0.0,0.0,0.0
1313,10,Thuja',0,0,0,0,0,0,0,0.0,0.0,0.0,0.0,0.0,0.0,0.0,0.0
1313,10,Tilia',0,0,0,0,0,0,0,0.0,0.0,0.0,0.0,0.0,0.0,0.0,0.0
1313,10,Torreya',0,83,0,0,0,0,0,7.797790050506592,6.068087100982666,34.78372272729874,0.24753584596596237,287.3544681954384,4817.11257401087,0.001140997036675614,18.645748069013553
1313,10,Tsuga',0,0,0,0,0,0,0,0.0,0.0,0.0,0.0,0.0,0.0,0.0,0.0
1313,10,Ulmus',0,0,0,0,0,0,0,0.0,0.0,0.0,0.0,0.0,0.0,0.0,0.0
1313,10,Umbellularia',0,0,0,0,0,0,0,0.0,0.0,0.0,0.0,0.0,0.0,0.0,0.0
1313,20,Abies',0,0,0,0,0,0,0,0.0,0.0,0.0,0.0,0.0,0.0,0.0,0.0
1313,20,Acer',0,954,770,0,0,0,0,21.381948471069336,13.700494766235352,904.0368106486156,10.265669176673283,11988.111525537148,37290.48203581157,0.039654359721829464,112.84604098378819
1313,20,Aesculus',0,0,0,0,0,0,0,0.0,0.0,0.0,0.0,0.0,0.0,0.0,0.0
1313,20,Ailanthus',0,0,0,0,0,0,0,0.0,0.0,0.0,0.0,0.0,0.0,0.0,0.0
1313,20,Alnus',0,0,0,0,0,0,0,0.0,0.0,0.0,0.0,0.0,0.0,0.0,0.0
1313,20,Amelanchier',0,0,0,0,0,0,0,0.0,0.0,0.0,0.0,0.0,0.0,0.0,0.0
1313,20,Arbutus',0,0,0,0,0,0,0,0.0,0.0,0.0,0.0,0.0,0.0,0.0,0.0
1313,20,Asimina',0,0,0,0,0,0,0,0.0,0.0,0.0,0.0,0.0,0.0,0.0,0.0
1313,20,Betula',0,0,0,0,0,0,0,0.0,0.0,0.0,0.0,0.0,0.0,0.0,0.0
1313,20,Calocedrus',0,0,0,0,0,0,0,0.0,0.0,0.0,0.0,0.0,0.0,0.0,0.0
1313,20,Carpinus',0,0,0,0,0,0,0,0.0,0.0,0.0,0.0,0.0,0.0,0.0,0.0
1313,20,Carya',0,69,40,0,0,0,0,12.722922325134277,11.080594062805176,32.6217724929882,0.48277076493980475,562.47126475811,8878.333505797615,0.001719544683992886,26.18055851034409
1313,20,Castanea',0,0,0,0,0,0,0,0.0,0.0,0.0,0.0,0.0,0.0,0.0,0.0
1313,20,Catalpa',0,69,75,0,0,0,0,11.781956672668457,5.136789321899414,94.60483649863471,0.8464655642801437,628.8192692947388,6530.664285923902,0.002759265330824971,26.86742310858874
1313,20,Celtis',0,43,12,0,0,0,0,9.357766151428223,6.629308223724365,46.52038060788866,0.24975774526719538,301.27008027791976,3683.912492953167,0.0013391757770329648,16.43377046505465
1313,20,Cercis',0,0,0,0,0,0,0,0.0,0.0,0.0,0.0,0.0,0.0,0.0,0.0
1313,20,Cercocarpus',0,0,0,0,0,0,0,0.0,0.0,0.0,0.0,0.0,0.0,0.0,0.0
1313,20,Chamaecyparis',0,0,0,0,0,0,0,0.0,0.0,0.0,0.0,0.0,0.0,0.0,0.0
1313,20,Chilopsis',0,0,0,0,0,0,0,0.0,0.0,0.0,0.0,0.0,0.0,0.0,0.0
1313,20,Chrysolepis',0,0,0,0,0,0,0,0.0,0.0,0.0,0.0,0.0,0.0,0.0,0.0
1313,20,Cladrastis',0,0,0,0,0,0,0,0.0,0.0,0.0,0.0,0.0,0.0,0.0,0.0
1313,20,Comus',0,0,0,0,0,0,0,0.0,0.0,0.0,0.0,0.0,0.0,0.0,0.0
1313,20,Cornus',0,0,0,0,0,0,0,0.0,0.0,0.0,0.0,0.0,0.0,0.0,0.0
1313,20,Crataegus',0,0,0,0,0,0,0,0.0,0.0,0.0,0.0,0.0,0.0,0.0,0.0
1313,20,Cupressus',0,0,0,0,0,0,0,0.0,0.0,0.0,0.0,0.0,0.0,0.0,0.0
1313,20,Diospyros',0,27,0,0,0,0,0,5.501792907714844,3.9433391094207764,10.041080895292607,0.06552055580935306,87.32044211447239,1952.5444439329488,0.00033859236410259765,7.571155427957667
1313,20,Elaeagnus',0,0,0,0,0,0,0,0.0,0.0,0.0,0.0,0.0,0.0,0.0,0.0
1313,20,Fagus',0,0,0,0,0,0,0,0.0,0.0,0.0,0.0,0.0,0.0,0.0,0.0
1313,20,Fraxinus',0,1792,1408,0,0,0,0,29.271690368652344,12.087193489074707,1347.2334717939123,18.666460488580018,19696.31207540922,45859.48211818304,0.06316375671372303,134.0529473396034
1313,20,Gleditsia',0,34,76,0,0,0,0,13.668024063110352,8.739151000976562,28.597870857655245,0.8758622127348263,1014.5617928433419,14382.999677612668,0.002666264018818749,36.090088205218805
1313,20,Gordonia',0,0,0,0,0,0,0,0.0,0.0,0.0,0.0,0.0,0.0,0.0,0.0
1313,20,Gymnocladus',0,0,0,0,0,0,0,0.0,0.0,0.0,0.0,0.0,0.0,0.0,0.0
1313,20,Halesia',0,0,32,0,0,0,0,10.280952453613281,5.102738380432129,6.5016196583268,0.26598006640998245,176.14930598795414,3938.8182237847586,0.00048503733104468083,10.845764438409738
1313,20,Ilex',0,0,0,0,0,0,0,0.0,0.0,0.0,0.0,0.0,0.0,0.0,0.0
1313,20,Juglans',0,0,0,0,0,0,0,0.0,0.0,0.0,0.0,0.0,0.0,0.0,0.0
1313,20,Juniperus',0,0,0,0,0,0,0,0.0,0.0,0.0,0.0,0.0,0.0,0.0,0.0
1313,20,Larix',0,0,0,0,0,0,0,0.0,0.0,0.0,0.0,0.0,0.0,0.0,0.0
1313,20,Liquidambar',0,44,78,0,0,0,0,10.663777351379395,8.432794570922852,54.62293600357031,0.7436173542877155,734.030464951992,8307.840842894253,0.002417506280895332,25.280761380782092
1313,20,Liriodendron',0,1797,1230,0,0,0,0,19.821847915649414,9.456868171691895,1148.609979708054,17.101785778463725,13398.762042198703,36340.45887550409,0.04630990540637842,109.0236012768264
1313,20,Lithocarpus',0,0,0,0,0,0,0,0.0,0.0,0.0,0.0,0.0,0.0,0.0,0.0
1313,20,Maclura',0,23,49,0,0,0,0,16.034433364868164,8.151407241821289,26.91994798617272,0.5727423251558502,814.0690925139189,11642.073407266671,0.002196570027723926,30.2589664244149
1313,20,Magnolia',0,0,31,0,0,0,0,15.856951713562012,9.365865707397461,46.90238120623781,0.24001710260850587,287.9076404631138,4614.69086344797,0.0011568988110423034,18.4095030484244
1313,20,Malus',0,0,0,0,0,0,0,0.0,0.0,0.0,0.0,0.0,0.0,0.0,0.0
1313,20,Morus',0,0,0,0,0,0,0,0.0,0.0,0.0,0.0,0.0,0.0,0.0,0.0
1313,20,Nyssa',0,67,29,0,0,0,0,9.795600891113281,6.130782604217529,41.43228444872023,0.355445002213148,332.20506147384646,4928.055552086082,0.0013346742362603575,18.182532681819467
1313,20,Olneya',0,0,0,0,0,0,0,0.0,0.0,0.0,0.0,0.0,0.0,0.0,0.0
1313,20,Ostrya',0,0,0,0,0,0,0,0.0,0.0,0.0,0.0,0.0,0.0,0.0,0.0
1313,20,Oxydendron',0,0,0,0,0,0,0,0.0,0.0,0.0,0.0,0.0,0.0,0.0,0.0
1313,20,Paulownia',0,388,0,0,0,0,0,7.356205463409424,4.2222819328308105,105.14798366900862,0.5033937999902137,344.675819530189,2679.573460358487,0.002279609907291583,16.99269355014446
1313,20,Persea',0,5,50,0,0,0,0,15.47020149230957,9.082196235656738,37.75687161207199,0.7633865898972236,910.2625256037712,14430.494689827608,0.0025681826927463056,40.57799787838802
1313,20,Picea',0,0,0,0,0,0,0,0.0,0.0,0.0,0.0,0.0,0.0,0.0,0.0
1313,20,Pinus',0,392,531,2,0,0,0,30.93927001953125,16.511112213134766,389.9262162076682,8.685183570385778,9837.50062053971,45252.92371025825,0.027493380210028447,118.1852630822531
1313,20,Planera',0,0,0,0,0,0,0,0.0,0.0,0.0,0.0,0.0,0.0,0.0,0.0
1313,20,Platanus',0,106,0,0,0,0,0,5.587204933166504,2.935814142227173,59.80026257849192,0.12305686207885523,198.14811166465282,2967.485705362826,0.0013011871466683373,19.75008976315993
1313,20,Populus',0,328,402,0,0,0,0,27.789216995239258,10.590723037719727,354.2552893660679,5.99476242736387,4286.309739765227,21554.55596860007,0.01462483440525688,68.53651154267656
1313,20,Prosopis',0,0,0,0,0,0,0,0.0,0.0,0.0,0.0,0.0,0.0,0.0,0.0
1313,20,Prunus',0,11,22,0,0,0,0,11.140459060668945,6.4409284591674805,18.220187119102174,0.22448037822852518,199.8664250010252,4276.474161384216,0.0007064373510414783,14.514606124049209
1313,20,Pseudotsuga',0,0,0,0,0,0,0,0.0,0.0,0.0,0.0,0.0,0.0,0.0,0.0
1313,20,Quercus',0,322,503,0,0,0,0,16.502626419067383,9.291857719421387,345.83453901347855,6.482744098182527,7349.787310067118,34281.87903965981,0.02105007866372909,95.10716473316579
1313,20,Robinia',0,0,0,0,0,0,0,0.0,0.0,0.0,0.0,0.0,0.0,0.0,0.0
1313,20,Salix',0,308,155,0,0,0,0,17.36808967590332,10.397710800170898,169.0495286943226,2.637094661137842,2100.7352876463533,14405.641893398542,0.00710186255123862,44.09940814919045
1313,20,Sassafras',0,0,0,0,0,0,0,0.0,0.0,0.0,0.0,0.0,0.0,0.0,0.0
1313,20,Sequoia',0,0,0,0,0,0,0,0.0,0.0,0.0,0.0,0.0,0.0,0.0,0.0
1313,20,Sequoiadendron',0,0,0,0,0,0,0,0.0,0.0,0.0,0.0,0.0,0.0,0.0,0.0
1313,20,Sorbus',0,0,0,0,0,0,0,0.0,0.0,0.0,0.0,0.0,0.0,0.0,0.0
1313,20,Taxodium',0,1,36,0,0,0,0,8.465996742248535,3.747929811477661,32.39290858937215,0.20705966943492596,179.41118689894677,3962.1916042139846,0.0008650054167062104,18.999281558905036
1313,20,Taxus',0,0,0,0,0,0,0,0.0,0.0,0.0,0.0,0.0,0.0,0.0,0.0
1313,20,Thuja',0,0,0,0,0,0,0,0.0,0.0,0.0,0.0,0.0,0.0,0.0,0.0
1313,20,Tilia',0,0,0,0,0,0,0,0.0,0.0,0.0,0.0,0.0,0.0,0.0,0.0
1313,20,Torreya',0,0,60,0,0,0,0,14.024674415588379,8.877425193786621,29.76996190905571,0.8339157758916462,878.9542788112163,13961.245644444678,0.002383242280791221,37.78943393723119
1313,20,Tsuga',0,0,0,0,0,0,0,0.0,0.0,0.0,0.0,0.0,0.0,0.0,0.0
1313,20,Ulmus',0,28,0,0,0,0,0,1.731628656387329,2.149510383605957,0.0,0.006791952905801356,12.566620239019395,280.9981710187163,2.7925821805838493e-05,0.624440358854011
1313,20,Umbellularia',0,0,0,0,0,0,0,0.0,0.0,0.0,0.0,0.0,0.0,0.0,0.0
1313,30,Abies',0,0,0,0,0,0,0,0.0,0.0,0.0,0.0,0.0,0.0,0.0,0.0
1313,30,Acer',0,955,681,4,0,0,0,33.15793991088867,18.492443084716797,741.6949041527283,13.108252698114493,16019.92205132246,60826.514916294866,0.046276937070968464,159.72358298986248
1313,30,Aesculus',0,0,0,0,0,0,0,0.0,0.0,0.0,0.0,0.0,0.0,0.0,0.0
1313,30,Ailanthus',0,0,0,0,0,0,0,0.0,0.0,0.0,0.0,0.0,0.0,0.0,0.0
1313,30,Alnus',0,0,0,0,0,0,0,0.0,0.0,0.0,0.0,0.0,0.0,0.0,0.0
1313,30,Amelanchier',0,0,0,0,0,0,0,0.0,0.0,0.0,0.0,0.0,0.0,0.0,0.0
1313,30,Arbutus',0,0,0,0,0,0,0,0.0,0.0,0.0,0.0,0.0,0.0,0.0,0.0
1313,30,Asimina',0,0,0,0,0,0,0,0.0,0.0,0.0,0.0,0.0,0.0,0.0,0.0
1313,30,Betula',0,0,0,0,0,0,0,0.0,0.0,0.0,0.0,0.0,0.0,0.0,0.0
1313,30,Calocedrus',0,0,0,0,0,0,0,0.0,0.0,0.0,0.0,0.0,0.0,0.0,0.0
1313,30,Carpinus',0,0,0,0,0,0,0,0.0,0.0,0.0,0.0,0.0,0.0,0.0,0.0
1313,30,Carya',0,108,70,0,0,0,0,12.644561767578125,10.461575508117676,62.199611336087116,0.9415417594641193,1199.8797764864564,16309.66740907139,0.0035617975548016905,45.19712270498957
1313,30,Castanea',0,0,0,0,0,0,0,0.0,0.0,0.0,0.0,0.0,0.0,0.0,0.0
1313,30,Catalpa',0,140,108,0,0,0,0,19.07111930847168,7.055085182189941,124.04454214663444,1.5797022939334857,1163.6806433677673,11096.325868426571,0.00437164706806655,34.77034378493994
1313,30,Celtis',0,32,9,0,0,0,0,15.585367202758789,9.615407943725586,34.649692079688926,0.3368078802978644,385.36803151130675,6154.423942972381,0.0013551749834418232,21.45254958362438
1313,30,Cercis',0,0,0,0,0,0,0,0.0,0.0,0.0,0.0,0.0,0.0,0.0,0.0
1313,30,Cercocarpus',0,0,0,0,0,0,0,0.0,0.0,0.0,0.0,0.0,0.0,0.0,0.0
1313,30,Chamaecyparis',0,0,0,0,0,0,0,0.0,0.0,0.0,0.0,0.0,0.0,0.0,0.0
1313,30,Chilopsis',0,0,0,0,0,0,0,0.0,0.0,0.0,0.0,0.0,0.0,0.0,0.0
1313,30,Chrysolepis',0,0,0,0,0,0,0,0.0,0.0,0.0,0.0,0.0,0.0,0.0,0.0
1313,30,Cladrastis',0,0,0,0,0,0,0,0.0,0.0,0.0,0.0,0.0,0.0,0.0,0.0
1313,30,Comus',0,0,0,0,0,0,0,0.0,0.0,0.0,0.0,0.0,0.0,0.0,0.0
1313,30,Cornus',0,0,0,0,0,0,0,0.0,0.0,0.0,0.0,0.0,0.0,0.0,0.0
1313,30,Crataegus',0,0,0,0,0,0,0,0.0,0.0,0.0,0.0,0.0,0.0,0.0,0.0
1313,30,Cupressus',0,0,0,0,0,0,0,0.0,0.0,0.0,0.0,0.0,0.0,0.0,0.0
1313,30,Diospyros',0,0,0,0,0,0,0,0.0,0.0,0.0,0.0,0.0,0.0,0.0,0.0
1313,30,Elaeagnus',0,0,0,0,0,0,0,0.0,0.0,0.0,0.0,0.0,0.0,0.0,0.0
1313,30,Fagus',0,0,0,0,0,0,0,0.0,0.0,0.0,0.0,0.0,0.0,0.0,0.0
1313,30,Fraxinus',0,1376,1819,6,0,0,0,45.7137565612793,15.706649780273438,1267.5842294447075,27.34549080574845,29908.719275994972,75397.32821791383,0.08471139957511759,196.91886452969942
1313,30,Gleditsia',0,47,41,0,0,0,0,14.40816593170166,9.081785202026367,21.796332676010795,0.5224562925787415,628.4430463021994,10416.315647844738,0.001710310414232316,26.695376880821996
1313,30,Gordonia',0,0,0,0,0,0,0,0.0,0.0,0.0,0.0,0.0,0.0,0.0,0.0
1313,30,Gymnocladus',0,0,0,0,0,0,0,0.0,0.0,0.0,0.0,0.0,0.0,0.0,0.0
1313,30,Halesia',0,0,0,0,0,0,0,0.0,0.0,0.0,0.0,0.0,0.0,0.0,0.0
1313,30,Ilex',0,0,0,0,0,0,0,0.0,0.0,0.0,0.0,0.0,0.0,0.0,0.0
1313,30,Juglans',0,0,0,0,0,0,0,0.0,0.0,0.0,0.0,0.0,0.0,0.0,0.0
1313,30,Juniperus',0,0,0,0,0,0,0,0.0,0.0,0.0,0.0,0.0,0.0,0.0,0.0
1313,30,Larix',0,0,0,0,0,0,0,0.0,0.0,0.0,0.0,0.0,0.0,0.0,0.0
1313,30,Liquidambar',0,0,88,0,0,0,0,15.625038146972656,11.22458267211914,57.92515380661698,1.1619363200088482,1269.1904998600482,15737.795047351092,0.003654288156665846,43.90591520551587
1313,30,Liriodendron',0,1664,1636,0,0,0,0,29.147823333740234,12.591529846191406,1347.4139542760963,31.699843873044642,25896.292810836807,70138.82819931734,0.07694408998453393,184.26653781693275
1313,30,Lithocarpus',0,0,0,0,0,0,0,0.0,0.0,0.0,0.0,0.0,0.0,0.0,0.0
1313,30,Maclura',0,111,39,0,0,0,0,14.665868759155273,7.697350978851318,33.35313608374776,0.7956297025018231,1153.946395930648,20938.054231889182,0.003044462297644893,51.525547442174
1313,30,Magnolia',0,0,0,5,0,0,0,29.440155029296875,14.746650695800781,30.326893963391264,0.3675901169860611,537.9970825195312,12029.980482102234,0.0014723998939991016,32.923862530455004
1313,30,Malus',0,0,0,0,0,0,0,0.0,0.0,0.0,0.0,0.0,0.0,0.0,0.0
1313,30,Morus',0,0,0,0,0,0,0,0.0,0.0,0.0,0.0,0.0,0.0,0.0,0.0
1313,30,Nyssa',0,0,64,0,0,0,0,14.984930992126465,8.35118579864502,18.214013343559035,0.7683791495068074,674.5814512878657,11462.245261988983,0.001761270798459635,28.89183753419866
1313,30,Olneya',0,0,0,0,0,0,0,0.0,0.0,0.0,0.0,0.0,0.0,0.0,0.0
1313,30,Ostrya',0,0,0,0,0,0,0,0.0,0.0,0.0,0.0,0.0,0.0,0.0,0.0
1313,30,Oxydendron',0,0,0,0,0,0,0,0.0,0.0,0.0,0.0,0.0,0.0,0.0,0.0
1313,30,Paulownia',0,235,50,0,0,0,0,12.852630615234375,6.11909294128418,127.56847829664054,0.6413329886596778,433.63325124800207,3997.73889621346,0.002800048572138396,22.767738937076206
1313,30,Persea',0,36,33,0,0,0,0,16.757858276367188,9.570464134216309,22.44779132604599,0.6887450668027821,838.5379687476159,17209.642870367137,0.002187663524995237,43.98917661674843
1313,30,Picea',0,0,0,0,0,0,0,0.0,0.0,0.0,0.0,0.0,0.0,0.0,0.0
1313,30,Pinus',0,358,697,13,2,0,0,48.18720626831055,21.82676124572754,395.3338135963678,17.550394722135962,21829.229738984108,95511.63355740967,0.05421977684914486,227.92423217465006
1313,30,Planera',0,0,0,0,0,0,0,0.0,0.0,0.0,0.0,0.0,0.0,0.0,0.0
1313,30,Platanus',0,65,36,0,0,0,0,8.268380165100098,3.692833662033081,64.43300768167157,0.2623124743041828,293.46836888074876,4540.050638082659,0.0015797008820567318,23.249604116551946
1313,30,Populus',0,376,205,0,0,0,0,21.080259323120117,8.609155654907227,254.79918903423635,3.6098992859128844,2655.2170636335018,20454.14246652931,0.00956845813533526,59.216301877995704
1313,30,Prosopis',0,0,0,0,0,0,0,0.0,0.0,0.0,0.0,0.0,0.0,0.0,0.0
1313,30,Prunus',0,25,0,0,0,0,0,0.7169914841651917,1.6566263437271118,0.0,0.0010352277313559841,3.9660998541116714,88.68468879345625,8.813555188244207e-06,0.19707708524359988
1313,30,Pseudotsuga',0,0,0,0,0,0,0,0.0,0.0,0.0,0.0,0.0,0.0,0.0,0.0
1313,30,Quercus',0,27,592,0,0,0,0,33.35576629638672,12.78458309173584,261.20973518778436,9.587006540453983,11549.592010091692,59255.37811709785,0.029121734821828584,147.43030721985411
1313,30,Robinia',0,0,0,0,0,0,0,0.0,0.0,0.0,0.0,0.0,0.0,0.0,0.0
1313,30,Salix',0,319,121,0,0,0,0,27.498170852661133,14.30599594116211,157.22136095873537,2.7744272942902692,2424.2356100657585,24386.49216862665,0.007650479084205255,62.2407802190716
1313,30,Sassafras',0,62,0,0,0,0,0,2.0840232372283936,3.4804720878601074,5.090797762327555,0.012636961364796985,16.777007310390474,351.1500804114677,0.00011056710101949201,2.41770995670352
1313,30,Sequoia',0,0,0,0,0,0,0,0.0,0.0,0.0,0.0,0.0,0.0,0.0,0.0
1313,30,Sequoiadendron',0,0,0,0,0,0,0,0.0,0.0,0.0,0.0,0.0,0.0,0.0,0.0
1313,30,Sorbus',0,0,0,0,0,0,0,0.0,0.0,0.0,0.0,0.0,0.0,0.0,0.0
1313,30,Taxodium',0,0,37,0,0,0,0,11.791013717651367,4.660796642303467,34.57782043686396,0.41304036549297335,318.5347502994537,6704.938944251576,0.001205621951460822,24.47051522832641
1313,30,Taxus',0,0,0,0,0,0,0,0.0,0.0,0.0,0.0,0.0,0.0,0.0,0.0
1313,30,Thuja',0,0,0,0,0,0,0,0.0,0.0,0.0,0.0,0.0,0.0,0.0,0.0
1313,30,Tilia',0,0,0,0,0,0,0,0.0,0.0,0.0,0.0,0.0,0.0,0.0,0.0
1313,30,Torreya',0,68,60,0,0,0,0,19.748254776000977,10.87231159210205,48.89152726113796,1.6361232254474938,1858.8526868671179,27301.726131468462,0.00483699472535125,67.86759508886223
1313,30,Tsuga',0,0,0,0,0,0,0,0.0,0.0,0.0,0.0,0.0,0.0,0.0,0.0
1313,30,Ulmus',0,0,0,0,0,0,0,0.0,0.0,0.0,0.0,0.0,0.0,0.0,0.0
1313,30,Umbellularia',0,0,0,0,0,0,0,0.0,0.0,0.0,0.0,0.0,0.0,0.0,0.0
1313,40,Abies',0,0,0,0,0,0,0,0.0,0.0,0.0,0.0,0.0,0.0,0.0,0.0
1313,40,Acer',0,726,612,9,0,0,0,46.436893463134766,22.647966384887695,648.5297858281226,14.08810431133882,18253.937241362928,82809.41629485029,0.049900251630998996,203.91567131056732
1313,40,Aesculus',0,0,0,0,0,0,0,0.0,0.0,0.0,0.0,0.0,0.0,0.0,0.0
1313,40,Ailanthus',0,0,0,0,0,0,0,0.0,0.0,0.0,0.0,0.0,0.0,0.0,0.0
1313,40,Alnus',0,0,0,0,0,0,0,0.0,0.0,0.0,0.0,0.0,0.0,0.0,0.0
1313,40,Amelanchier',0,0,0,0,0,0,0,0.0,0.0,0.0,0.0,0.0,0.0,0.0,0.0
1313,40,Arbutus',0,0,0,0,0,0,0,0.0,0.0,0.0,0.0,0.0,0.0,0.0,0.0
1313,40,Asimina',0,0,0,0,0,0,0,0.0,0.0,0.0,0.0,0.0,0.0,0.0,0.0
1313,40,Betula',0,0,0,0,0,0,0,0.0,0.0,0.0,0.0,0.0,0.0,0.0,0.0
1313,40,Calocedrus',0,0,0,0,0,0,0,0.0,0.0,0.0,0.0,0.0,0.0,0.0,0.0
1313,40,Carpinus',0,0,0,0,0,0,0,0.0,0.0,0.0,0.0,0.0,0.0,0.0,0.0
1313,40,Carya',0,72,69,0,0,0,0,15.355883598327637,12.643765449523926,40.65127770640427,1.0526088812775867,1453.7330948990584,21566.67904489256,0.0038157158145811186,53.116888065090066
1313,40,Castanea',0,0,0,0,0,0,0,0.0,0.0,0.0,0.0,0.0,0.0,0.0,0.0
1313,40,Catalpa',0,87,51,0,0,0,0,16.98969841003418,6.538538455963135,53.491604871387715,1.0443021091798559,732.617377667427,10004.947349490947,0.0023980799685567435,30.810010775318176
1313,40,Celtis',0,94,0,0,0,0,0,6.249388217926025,4.979001045227051,41.78082870248752,0.17361862268295689,213.00896427214147,2500.451935554257,0.0010748115022238365,12.562847078665493
1313,40,Cercis',0,0,0,0,0,0,0,0.0,0.0,0.0,0.0,0.0,0.0,0.0,0.0
1313,40,Cercocarpus',0,0,0,0,0,0,0,0.0,0.0,0.0,0.0,0.0,0.0,0.0,0.0
1313,40,Chamaecyparis',0,0,0,0,0,0,0,0.0,0.0,0.0,0.0,0.0,0.0,0.0,0.0
1313,40,Chilopsis',0,0,0,0,0,0,0,0.0,0.0,0.0,0.0,0.0,0.0,0.0,0.0
1313,40,Chrysolepis',0,0,0,0,0,0,0,0.0,0.0,0.0,0.0,0.0,0.0,0.0,0.0
1313,40,Cladrastis',0,0,0,0,0,0,0,0.0,0.0,0.0,0.0,0.0,0.0,0.0,0.0
1313,40,Comus',0,0,0,0,0,0,0,0.0,0.0,0.0,0.0,0.0,0.0,0.0,0.0
1313,40,Cornus',0,0,0,0,0,0,0,0.0,0.0,0.0,0.0,0.0,0.0,0.0,0.0
1313,40,Crataegus',0,0,0,0,0,0,0,0.0,0.0,0.0,0.0,0.0,0.0,0.0,0.0
1313,40,Cupressus',0,0,0,0,0,0,0,0.0,0.0,0.0,0.0,0.0,0.0,0.0,0.0
1313,40,Diospyros',0,0,0,0,0,0,0,0.0,0.0,0.0,0.0,0.0,0.0,0.0,0.0
1313,40,Elaeagnus',0,0,0,0,0,0,0,0.0,0.0,0.0,0.0,0.0,0.0,0.0,0.0
1313,40,Fagus',0,0,0,0,0,0,0,0.0,0.0,0.0,0.0,0.0,0.0,0.0,0.0
1313,40,Fraxinus',0,1431,1588,5,1,0,0,54.0766716003418,17.10188102722168,1145.519509520853,32.921529194133235,38036.54931870684,107265.2328525903,0.10101605529674526,263.27356640993844
1313,40,Gleditsia',0,31,70,0,0,0,0,16.640695571899414,10.082204818725586,46.03090875510927,1.0054799995730803,1318.2479069757462,22870.223122125673,0.0035920802835077356,56.70194112947758
1313,40,Gordonia',0,36,0,0,0,0,0,3.0433735847473145,3.72421932220459,3.8892888540029524,0.02627532863432234,25.385839671492576,567.6446317136861,0.0001125915958648558,2.5176246204900194
1313,40,Gymnocladus',0,0,0,0,0,0,0,0.0,0.0,0.0,0.0,0.0,0.0,0.0,0.0
1313,40,Halesia',0,0,0,0,0,0,0,0.0,0.0,0.0,0.0,0.0,0.0,0.0,0.0
1313,40,Ilex',0,0,0,0,0,0,0,0.0,0.0,0.0,0.0,0.0,0.0,0.0,0.0
1313,40,Juglans',0,0,0,0,0,0,0,0.0,0.0,0.0,0.0,0.0,0.0,0.0,0.0
1313,40,Juniperus',0,0,0,0,0,0,0,0.0,0.0,0.0,0.0,0.0,0.0,0.0,0.0
1313,40,Larix',0,0,0,0,0,0,0,0.0,0.0,0.0,0.0,0.0,0.0,0.0,0.0
1313,40,Liquidambar',0,0,70,0,0,0,0,19.887128829956055,13.39232063293457,30.662211071275454,1.6034063979292166,1861.8548646718264,26091.981075317643,0.004578854776516555,63.25746433137983
1313,40,Liriodendron',0,1410,1917,52,0,0,0,43.14518356323242,16.604124069213867,1448.3647864659704,47.05763307046486,40835.08983654671,111469.46828038749,0.11159466034829499,273.10802645595527
1313,40,Lithocarpus',0,0,0,0,0,0,0,0.0,0.0,0.0,0.0,0.0,0.0,0.0,0.0
1313,40,Maclura',0,60,61,0,0,0,0,14.69548511505127,7.707395076751709,48.96169479794894,0.6906569263523907,974.5772730916739,12483.948426467501,0.002870558069795387,33.96841628979259
1313,40,Magnolia',0,0,0,5,0,0,0,39.61981964111328,18.041154861450195,27.25516233263136,0.6657460978478023,1057.4941956996918,23646.289073959488,0.0025987964344024684,58.11085487007885
1313,40,Malus',0,0,0,0,0,0,0,0.0,0.0,0.0,0.0,0.0,0.0,0.0,0.0
1313,40,Morus',0,0,0,0,0,0,0,0.0,0.0,0.0,0.0,0.0,0.0,0.0,0.0
1313,40,Nyssa',0,34,64,0,0,0,0,19.119491577148438,9.971473693847656,30.85729148757608,1.441801992747473,1390.542233864069,22252.254816344604,0.0035343016494810316,55.55427673124019
1313,40,Olneya',0,0,0,0,0,0,0,0.0,0.0,0.0,0.0,0.0,0.0,0.0,0.0
1313,40,Ostrya',0,0,0,0,0,0,0,0.0,0.0,0.0,0.0,0.0,0.0,0.0,0.0
1313,40,Oxydendron',0,0,0,0,0,0,0,0.0,0.0,0.0,0.0,0.0,0.0,0.0,0.0
1313,40,Paulownia',0,278,78,0,0,0,0,24.1594181060791,9.373568534851074,179.0079187328302,1.6764369551928546,1003.6534282183648,9280.640360927362,0.004807259432362373,34.99562302881175
1313,40,Persea',0,31,41,0,0,0,0,23.209354400634766,11.73161506652832,51.64812091350555,0.5362364917490187,720.6535548543931,9818.867296631459,0.0023474807337771015,31.178752694404864
1313,40,Picea',0,0,0,0,0,0,0,0.0,0.0,0.0,0.0,0.0,0.0,0.0,0.0
1313,40,Pinus',0,362,799,35,2,0,0,61.976661682128906,24.987455368041992,460.5680469620228,27.52111769542112,36412.10105420023,151486.2343046923,0.08756843001799883,351.1090366663385
1313,40,Planera',0,0,0,0,0,0,0,0.0,0.0,0.0,0.0,0.0,0.0,0.0,0.0
1313,40,Platanus',0,31,36,0,0,0,0,10.077719688415527,4.193740367889404,43.32919531985174,0.34964257238247937,314.7285598707199,5409.454897173047,0.001323144642952837,20.97631545322452
1313,40,Populus',0,691,92,0,0,0,0,25.54458236694336,9.944520950317383,336.48354469881025,2.7844130149024364,2232.748579657674,12568.79283336183,0.00980553101066549,47.20623386585294
1313,40,Prosopis',0,0,0,0,0,0,0,0.0,0.0,0.0,0.0,0.0,0.0,0.0,0.0
1313,40,Prunus',0,0,0,0,0,0,0,0.0,0.0,0.0,0.0,0.0,0.0,0.0,0.0
1313,40,Pseudotsuga',0,0,0,0,0,0,0,0.0,0.0,0.0,0.0,0.0,0.0,0.0,0.0
1313,40,Quercus',0,67,392,8,0,0,0,30.008869171142578,15.14753532409668,222.0106851017173,10.82201793771483,14359.306243730784,85184.1516081153,0.03482419277491037,203.63712507292504
1313,40,Robinia',0,0,0,0,0,0,0,0.0,0.0,0.0,0.0,0.0,0.0,0.0,0.0
1313,40,Salix',0,332,100,0,0,0,0,23.4759578704834,12.857320785522461,140.96857467595532,2.070925731928142,1779.4388466876746,21018.174265645197,0.005983629653643446,54.804543366549616
1313,40,Sassafras',0,0,0,0,0,0,0,0.0,0.0,0.0,0.0,0.0,0.0,0.0,0.0
1313,40,Sequoia',0,0,0,0,0,0,0,0.0,0.0,0.0,0.0,0.0,0.0,0.0,0.0
1313,40,Sequoiadendron',0,0,0,0,0,0,0,0.0,0.0,0.0,0.0,0.0,0.0,0.0,0.0
1313,40,Sorbus',0,0,0,0,0,0,0,0.0,0.0,0.0,0.0,0.0,0.0,0.0,0.0
1313,40,Taxodium',0,36,37,0,0,0,0,18.625926971435547,6.45583963394165,44.475581481864175,0.7118473096974554,548.5099772274494,10511.752472727745,0.0018591617342680546,32.29136450290358
1313,40,Taxus',0,0,0,0,0,0,0,0.0,0.0,0.0,0.0,0.0,0.0,0.0,0.0
1313,40,Thuja',0,0,0,0,0,0,0,0.0,0.0,0.0,0.0,0.0,0.0,0.0,0.0
1313,40,Tilia',0,0,0,0,0,0,0,0.0,0.0,0.0,0.0,0.0,0.0,0.0,0.0
1313,40,Torreya',0,49,90,0,0,0,0,24.3298282623291,12.149904251098633,70.09417449116707,2.822745451413676,3313.0046822082995,43104.50813298505,0.00837470397467905,103.09422986032291
1313,40,Tsuga',0,0,0,0,0,0,0,0.0,0.0,0.0,0.0,0.0,0.0,0.0,0.0
1313,40,Ulmus',0,0,0,0,0,0,0,0.0,0.0,0.0,0.0,0.0,0.0,0.0,0.0
1313,40,Umbellularia',0,0,0,0,0,0,0,0.0,0.0,0.0,0.0,0.0,0.0,0.0,0.0
1313,50,Abies',0,0,0,0,0,0,0,0.0,0.0,0.0,0.0,0.0,0.0,0.0,0.0
1313,50,Acer',0,784,392,4,0,0,0,44.21965789794922,22.032197952270508,518.115322279119,9.908517210693201,12785.740893077254,72479.35458778818,0.03587131551175636,176.60040567139617
1313,50,Aesculus',0,0,0,0,0,0,0,0.0,0.0,0.0,0.0,0.0,0.0,0.0,0.0
1313,50,Ailanthus',0,0,0,0,0,0,0,0.0,0.0,0.0,0.0,0.0,0.0,0.0,0.0
1313,50,Alnus',0,0,0,0,0,0,0,0.0,0.0,0.0,0.0,0.0,0.0,0.0,0.0
1313,50,Amelanchier',0,0,0,0,0,0,0,0.0,0.0,0.0,0.0,0.0,0.0,0.0,0.0
1313,50,Arbutus',0,0,0,0,0,0,0,0.0,0.0,0.0,0.0,0.0,0.0,0.0,0.0
1313,50,Asimina',0,0,0,0,0,0,0,0.0,0.0,0.0,0.0,0.0,0.0,0.0,0.0
1313,50,Betula',0,0,0,0,0,0,0,0.0,0.0,0.0,0.0,0.0,0.0,0.0,0.0
1313,50,Calocedrus',0,0,0,0,0,0,0,0.0,0.0,0.0,0.0,0.0,0.0,0.0,0.0
1313,50,Carpinus',0,0,0,0,0,0,0,0.0,0.0,0.0,0.0,0.0,0.0,0.0,0.0
1313,50,Carya',0,75,141,0,0,0,0,18.158767700195312,14.166150093078613,77.89054962464525,2.1772536144855366,3081.438186939955,36146.87898734729,0.007968918158501363,87.59835501509761
1313,50,Castanea',0,0,0,0,0,0,0,0.0,0.0,0.0,0.0,0.0,0.0,0.0,0.0
1313,50,Catalpa',0,19,0,0,0,0,0,9.435683250427246,4.450432300567627,10.973660402660128,0.02352669640397901,30.48854455947876,629.962515032167,0.00022572426088154243,4.70208070992134
1313,50,Celtis',0,134,79,0,0,0,0,12.389427185058594,8.133974075317383,86.07546407776542,1.0258504831543958,1052.0229832112789,10533.917382085423,0.0035769329042434875,33.45612263850105
1313,50,Cercis',0,0,0,0,0,0,0,0.0,0.0,0.0,0.0,0.0,0.0,0.0,0.0
1313,50,Cercocarpus',0,0,0,0,0,0,0,0.0,0.0,0.0,0.0,0.0,0.0,0.0,0.0
1313,50,Chamaecyparis',0,0,0,0,0,0,0,0.0,0.0,0.0,0.0,0.0,0.0,0.0,0.0
1313,50,Chilopsis',0,0,0,0,0,0,0,0.0,0.0,0.0,0.0,0.0,0.0,0.0,0.0
1313,50,Chrysolepis',0,0,0,0,0,0,0,0.0,0.0,0.0,0.0,0.0,0.0,0.0,0.0
1313,50,Cladrastis',0,0,0,0,0,0,0,0.0,0.0,0.0,0.0,0.0,0.0,0.0,0.0
1313,50,Comus',0,0,0,0,0,0,0,0.0,0.0,0.0,0.0,0.0,0.0,0.0,0.0
1313,50,Cornus',0,0,0,0,0,0,0,0.0,0.0,0.0,0.0,0.0,0.0,0.0,0.0
1313,50,Crataegus',0,0,0,0,0,0,0,0.0,0.0,0.0,0.0,0.0,0.0,0.0,0.0
1313,50,Cupressus',0,0,0,0,0,0,0,0.0,0.0,0.0,0.0,0.0,0.0,0.0,0.0
1313,50,Diospyros',0,0,0,0,0,0,0,0.0,0.0,0.0,0.0,0.0,0.0,0.0,0.0
1313,50,Elaeagnus',0,0,0,0,0,0,0,0.0,0.0,0.0,0.0,0.0,0.0,0.0,0.0
1313,50,Fagus',0,0,0,0,0,0,0,0.0,0.0,0.0,0.0,0.0,0.0,0.0,0.0
1313,50,Fraxinus',0,1288,1381,22,5,0,0,57.611454010009766,17.61858367919922,999.0602580434347,36.21957684482042,43769.36892773002,137285.7483911934,0.11164729150899488,324.9328340682791
1313,50,Gleditsia',0,0,32,0,0,0,0,14.130853652954102,8.954060554504395,10.8267923321905,0.516908747449438,637.6732749414444,14258.807902039827,0.0015729093438386916,35.17132215267957
1313,50,Gordonia',0,36,0,0,0,0,0,4.945956707000732,5.085758209228516,6.176168135404587,0.06939660813193012,60.85356580138207,1360.727098051454,0.0002244414609707913,5.0186636370005395
1313,50,Gymnocladus',0,0,0,0,0,0,0,0.0,0.0,0.0,0.0,0.0,0.0,0.0,0.0
1313,50,Halesia',0,22,0,0,0,0,0,2.0035018920898438,2.256892681121826,3.651871630756915,0.007150105426532073,11.169269362986087,249.75245554642896,7.739131883438755e-05,1.7305224978204952
1313,50,Ilex',0,36,0,0,0,0,0,1.1227737665176392,1.9062477350234985,2.332429075241089,0.003643528858692571,10.575512528419495,236.47564910446076,5.7191780731082914e-05,1.2788470946896446
1313,50,Juglans',0,0,0,0,0,0,0,0.0,0.0,0.0,0.0,0.0,0.0,0.0,0.0
1313,50,Juniperus',0,0,0,0,0,0,0,0.0,0.0,0.0,0.0,0.0,0.0,0.0,0.0
1313,50,Larix',0,0,0,0,0,0,0,0.0,0.0,0.0,0.0,0.0,0.0,0.0,0.0
1313,50,Liquidambar',0,0,70,0,0,0,0,24.61730194091797,15.572770118713379,34.446772401091415,2.545945026301898,3285.1167922711375,44475.007278463934,0.007796139940559853,104.85798228951526
1313,50,Liriodendron',0,1658,2235,139,3,0,0,59.312347412109375,20.374330520629883,1776.7108329699101,67.07466462446304,60279.38251290694,152911.74715701712,0.15953092281712553,366.6929978644441
1313,50,Lithocarpus',0,0,0,0,0,0,0,0.0,0.0,0.0,0.0,0.0,0.0,0.0,0.0
1313,50,Maclura',0,42,23,0,0,0,0,10.34349250793457,6.121206283569336,19.061164622065384,0.21060391754078808,308.25056632518766,6113.318079237282,0.0009593973152227702,17.564500760024472
1313,50,Magnolia',0,35,0,5,0,0,0,47.54658508300781,20.240890502929688,28.698568286114853,1.0103192608312292,1670.3392233911156,36388.22785431514,0.0040107886916976344,85.37029421100627
1313,50,Malus',0,0,0,0,0,0,0,0.0,0.0,0.0,0.0,0.0,0.0,0.0,0.0
1313,50,Morus',0,0,0,0,0,0,0,0.0,0.0,0.0,0.0,0.0,0.0,0.0,0.0
1313,50,Nyssa',0,27,35,0,0,0,0,17.888792037963867,9.502281188964844,21.528788382493993,0.9190162525267694,902.0504372215271,19123.531997618786,0.0023144753670413373,45.49687584542626
1313,50,Olneya',0,0,0,0,0,0,0,0.0,0.0,0.0,0.0,0.0,0.0,0.0,0.0
1313,50,Ostrya',0,0,0,0,0,0,0,0.0,0.0,0.0,0.0,0.0,0.0,0.0,0.0
1313,50,Oxydendron',0,0,0,0,0,0,0,0.0,0.0,0.0,0.0,0.0,0.0,0.0,0.0
1313,50,Paulownia',0,369,0,0,0,0,0,6.9031758308410645,4.055552959442139,80.95605655467207,0.4470534651329146,303.05473937779664,2436.793413542437,0.0018388623901687082,13.679512410823895
1313,50,Persea',0,104,0,5,0,0,0,36.38517379760742,14.959044456481934,36.318299997150895,0.6353261043288786,1009.5538920667768,19526.089608228387,0.002768050790015001,48.25913142952175
1313,50,Picea',0,0,0,0,0,0,0,0.0,0.0,0.0,0.0,0.0,0.0,0.0,0.0
1313,50,Pinus',0,532,926,57,10,2,0,73.15258026123047,27.00687599182129,619.2757200849056,37.96975619200352,51816.98525094032,202497.1880813487,0.124093950614537,464.7549455312813
1313,50,Planera',0,0,0,0,0,0,0,0.0,0.0,0.0,0.0,0.0,0.0,0.0,0.0
1313,50,Platanus',0,30,36,0,0,0,0,12.396954536437988,4.824310302734375,44.333414264683476,0.447847066915518,392.1820318287611,8170.555115630808,0.001509719751819945,30.07746227119339
1313,50,Populus',0,289,262,17,0,0,0,36.98798370361328,13.072992324829102,276.8904757049359,4.493791834078638,3476.191485349685,24801.269211629166,0.011710862036725717,69.98086065687097
1313,50,Prosopis',0,0,0,0,0,0,0,0.0,0.0,0.0,0.0,0.0,0.0,0.0,0.0
1313,50,Prunus',0,0,0,0,0,0,0,0.0,0.0,0.0,0.0,0.0,0.0,0.0,0.0
1313,50,Pseudotsuga',0,0,0,0,0,0,0,0.0,0.0,0.0,0.0,0.0,0.0,0.0,0.0
1313,50,Quercus',0,106,289,43,0,0,0,35.42742156982422,16.813125610351562,201.12384156854466,12.845731804746544,18393.287735777794,115668.17677850007,0.04358444535422515,269.5982554469033
1313,50,Robinia',0,0,0,0,0,0,0,0.0,0.0,0.0,0.0,0.0,0.0,0.0,0.0
1313,50,Salix',0,354,122,21,0,0,0,29.267444610595703,14.903830528259277,169.50112629222056,2.8340658550835407,2550.2585843173415,34287.71588836979,0.0081073041321947,82.42045815564734
1313,50,Sassafras',0,0,0,0,0,0,0,0.0,0.0,0.0,0.0,0.0,0.0,0.0,0.0
1313,50,Sequoia',0,0,0,0,0,0,0,0.0,0.0,0.0,0.0,0.0,0.0,0.0,0.0
1313,50,Sequoiadendron',0,0,0,0,0,0,0,0.0,0.0,0.0,0.0,0.0,0.0,0.0,0.0
1313,50,Sorbus',0,0,0,0,0,0,0,0.0,0.0,0.0,0.0,0.0,0.0,0.0,0.0
1313,50,Taxodium',0,36,70,0,0,0,0,24.643476486206055,7.949683666229248,55.896347825285744,1.184842086808141,904.8382604861259,14604.223249835559,0.0028154107348974766,39.73048620737016
1313,50,Taxus',0,0,0,0,0,0,0,0.0,0.0,0.0,0.0,0.0,0.0,0.0,0.0
1313,50,Thuja',0,0,0,0,0,0,0,0.0,0.0,0.0,0.0,0.0,0.0,0.0,0.0
1313,50,Tilia',0,0,0,0,0,0,0,0.0,0.0,0.0,0.0,0.0,0.0,0.0,0.0
1313,50,Torreya',0,35,116,23,0,0,0,28.088186264038086,13.02502155303955,71.64368551373481,4.455319388604768,5363.568365155458,61724.44067519333,0.012953894158502382,145.20266337359587
1313,50,Tsuga',0,0,0,0,0,0,0,0.0,0.0,0.0,0.0,0.0,0.0,0.0,0.0
1313,50,Ulmus',0,0,0,0,0,0,0,0.0,0.0,0.0,0.0,0.0,0.0,0.0,0.0
1313,50,Umbellularia',0,0,0,0,0,0,0,0.0,0.0,0.0,0.0,0.0,0.0,0.0,0.0
1313,60,Abies',0,0,0,0,0,0,0,0.0,0.0,0.0,0.0,0.0,0.0,0.0,0.0
1313,60,Acer',0,664,420,0,0,0,0,24.767702102661133,15.201725959777832,443.46523923540036,8.389802418810444,10245.035848124922,62633.57957180925,0.029150675076904692,154.68202595828802
1313,60,Aesculus',0,0,0,0,0,0,0,0.0,0.0,0.0,0.0,0.0,0.0,0.0,0.0
1313,60,Ailanthus',0,0,0,0,0,0,0,0.0,0.0,0.0,0.0,0.0,0.0,0.0,0.0
1313,60,Alnus',0,0,0,0,0,0,0,0.0,0.0,0.0,0.0,0.0,0.0,0.0,0.0
1313,60,Amelanchier',0,0,0,0,0,0,0,0.0,0.0,0.0,0.0,0.0,0.0,0.0,0.0
1313,60,Arbutus',0,0,0,0,0,0,0,0.0,0.0,0.0,0.0,0.0,0.0,0.0,0.0
1313,60,Asimina',0,0,0,0,0,0,0,0.0,0.0,0.0,0.0,0.0,0.0,0.0,0.0
1313,60,Betula',0,0,0,0,0,0,0,0.0,0.0,0.0,0.0,0.0,0.0,0.0,0.0
1313,60,Calocedrus',0,0,0,0,0,0,0,0.0,0.0,0.0,0.0,0.0,0.0,0.0,0.0
1313,60,Carpinus',0,0,0,0,0,0,0,0.0,0.0,0.0,0.0,0.0,0.0,0.0,0.0
1313,60,Carya',0,65,179,0,0,0,0,20.40522575378418,15.289336204528809,58.84344800882324,3.3278537286497025,4879.699978960454,54082.21005664408,0.011690861885070887,126.90393963238546
1313,60,Castanea',0,0,0,0,0,0,0,0.0,0.0,0.0,0.0,0.0,0.0,0.0,0.0
1313,60,Catalpa',0,83,0,0,0,0,0,29.180084228515625,9.251311302185059,40.0998845102289,0.21465685869935125,189.61438080608846,2250.5443497797987,0.000998625409949571,12.190226664682434
1313,60,Celtis',0,16,87,0,0,0,0,20.439136505126953,11.675606727600098,49.35711069574839,1.5248988012755298,1672.2666089224815,19932.46915805919,0.004426671016737837,50.26279258686137
1313,60,Cercis',0,0,0,0,0,0,0,0.0,0.0,0.0,0.0,0.0,0.0,0.0,0.0
1313,60,Cercocarpus',0,0,0,0,0,0,0,0.0,0.0,0.0,0.0,0.0,0.0,0.0,0.0
1313,60,Chamaecyparis',0,0,0,0,0,0,0,0.0,0.0,0.0,0.0,0.0,0.0,0.0,0.0
1313,60,Chilopsis',0,0,0,0,0,0,0,0.0,0.0,0.0,0.0,0.0,0.0,0.0,0.0
1313,60,Chrysolepis',0,0,0,0,0,0,0,0.0,0.0,0.0,0.0,0.0,0.0,0.0,0.0
1313,60,Cladrastis',0,0,0,0,0,0,0,0.0,0.0,0.0,0.0,0.0,0.0,0.0,0.0
1313,60,Comus',0,0,0,0,0,0,0,0.0,0.0,0.0,0.0,0.0,0.0,0.0,0.0
1313,60,Cornus',0,0,0,0,0,0,0,0.0,0.0,0.0,0.0,0.0,0.0,0.0,0.0
1313,60,Crataegus',0,0,0,0,0,0,0,0.0,0.0,0.0,0.0,0.0,0.0,0.0,0.0
1313,60,Cupressus',0,0,0,0,0,0,0,0.0,0.0,0.0,0.0,0.0,0.0,0.0,0.0
1313,60,Diospyros',0,0,0,0,0,0,0,0.0,0.0,0.0,0.0,0.0,0.0,0.0,0.0
1313,60,Elaeagnus',0,0,0,0,0,0,0,0.0,0.0,0.0,0.0,0.0,0.0,0.0,0.0
1313,60,Fagus',0,0,0,0,0,0,0,0.0,0.0,0.0,0.0,0.0,0.0,0.0,0.0
1313,60,Fraxinus',0,1246,1479,17,0,0,0,45.7730712890625,15.717477798461914,1072.7581141794783,37.56285289657219,45899.528107630016,152662.1286938742,0.11744190041224879,358.5806642484027
1313,60,Gleditsia',0,0,32,0,0,0,0,18.66931915283203,10.949701309204102,11.836575405507146,0.9022648621147298,1246.7082669258118,27877.244329570647,0.0029408570361137386,65.7595624485891
1313,60,Gordonia',0,0,36,0,0,0,0,11.923584938049316,9.222990989685059,19.634735941886902,0.4033214524684443,413.60754851818086,9248.545944936957,0.0012027407168596826,26.894100022050857
1313,60,Gymnocladus',0,0,0,0,0,0,0,0.0,0.0,0.0,0.0,0.0,0.0,0.0,0.0
1313,60,Halesia',0,0,0,0,0,0,0,0.0,0.0,0.0,0.0,0.0,0.0,0.0,0.0
1313,60,Ilex',0,0,0,0,0,0,0,0.0,0.0,0.0,0.0,0.0,0.0,0.0,0.0
1313,60,Juglans',0,0,0,0,0,0,0,0.0,0.0,0.0,0.0,0.0,0.0,0.0,0.0
1313,60,Juniperus',0,23,0,0,0,0,0,4.211562156677246,4.508857727050781,12.958180077075959,0.03337821627632159,51.60791165113449,1153.9879862873977,0.00030185796274306696,6.74974924243093
1313,60,Larix',0,0,0,0,0,0,0,0.0,0.0,0.0,0.0,0.0,0.0,0.0,0.0
1313,60,Liquidambar',0,0,33,0,0,0,0,21.7563533782959,14.281047821044922,12.309784331842312,1.2387026953224187,1577.8663211733103,35282.163535510386,0.0036835757051854974,82.36725677061456
1313,60,Liriodendron',0,1670,1985,217,0,0,0,75.57557678222656,23.41050910949707,1608.6647955594653,67.341669088563,61924.766233223825,167950.02063200588,0.16076821510388972,396.3450841798981
1313,60,Lithocarpus',0,0,0,0,0,0,0,0.0,0.0,0.0,0.0,0.0,0.0,0.0,0.0
1313,60,Maclura',0,60,0,0,0,0,0,4.982748985290527,3.8274612426757812,11.982088519048085,0.05365500079906789,90.89198223590851,1603.575695990211,0.00037447100389003556,6.32478556796555
1313,60,Magnolia',0,48,35,0,0,0,0,10.120597839355469,6.033685207366943,50.0186078731395,0.4026353383057384,351.72005389750007,5610.5644322648295,0.0013391012323455112,20.143700608878294
1313,60,Malus',0,0,0,0,0,0,0,0.0,0.0,0.0,0.0,0.0,0.0,0.0,0.0
1313,60,Morus',0,0,0,0,0,0,0,0.0,0.0,0.0,0.0,0.0,0.0,0.0,0.0
1313,60,Nyssa',0,40,27,0,0,0,0,14.787203788757324,8.343165397644043,28.178756557687926,0.3993402160267735,409.0987447190285,6360.049995293824,0.0013147571434509037,20.09772341890409
1313,60,Olneya',0,0,0,0,0,0,0,0.0,0.0,0.0,0.0,0.0,0.0,0.0,0.0
1313,60,Ostrya',0,0,0,0,0,0,0,0.0,0.0,0.0,0.0,0.0,0.0,0.0,0.0
1313,60,Oxydendron',0,0,0,0,0,0,0,0.0,0.0,0.0,0.0,0.0,0.0,0.0,0.0
1313,60,Paulownia',0,252,86,0,0,0,0,11.33612060546875,5.618269443511963,106.27715334579159,0.8386274545196485,492.70232378423214,4505.360626467056,0.0026248127070344074,20.46756103289193
1313,60,Persea',0,60,67,0,5,0,0,48.070648193359375,16.867292404174805,60.894198183417316,1.592778748657384,2361.546540045142,37918.21149353072,0.006127464011924338,91.30000667715208
1313,60,Picea',0,0,0,0,0,0,0,0.0,0.0,0.0,0.0,0.0,0.0,0.0,0.0
1313,60,Pinus',0,309,1120,180,13,2,0,83.06078338623047,28.47205352783203,681.7071630738675,50.65417700739768,71444.34077444897,259913.87351956125,0.16861208437829447,592.0514311602439
1313,60,Planera',0,0,0,0,0,0,0,0.0,0.0,0.0,0.0,0.0,0.0,0.0,0.0
1313,60,Platanus',0,0,0,0,0,0,0,0.0,0.0,0.0,0.0,0.0,0.0,0.0,0.0
1313,60,Populus',0,368,78,0,0,0,0,18.34159278869629,7.755738258361816,200.34150632970693,2.1392796873493167,1662.0694019985199,16252.661705259468,0.006577514873127452,49.55908346543771
1313,60,Prosopis',0,0,0,0,0,0,0,0.0,0.0,0.0,0.0,0.0,0.0,0.0,0.0
1313,60,Prunus',0,76,0,0,0,0,0,6.314968109130859,4.316334247589111,24.29275575152869,0.1630698615289343,151.3509630443156,2424.8583694835866,0.0006860431839302165,10.500333397031657
1313,60,Pseudotsuga',0,0,0,0,0,0,0,0.0,0.0,0.0,0.0,0.0,0.0,0.0,0.0
1313,60,Quercus',0,96,328,43,0,0,0,39.98318099975586,18.06807518005371,254.47623393863813,15.481289684558059,22943.36125677526,146982.68816548504,0.05427705821448923,341.6378347393575
1313,60,Robinia',0,0,0,0,0,0,0,0.0,0.0,0.0,0.0,0.0,0.0,0.0,0.0
1313,60,Salix',0,309,157,0,0,0,0,18.025331497192383,10.678487777709961,153.04755011927097,2.072871860144128,1586.1095582589508,13285.033848095818,0.005727892419270157,41.503317789725614
1313,60,Sassafras',0,0,0,0,0,0,0,0.0,0.0,0.0,0.0,0.0,0.0,0.0,0.0
1313,60,Sequoia',0,0,0,0,0,0,0,0.0,0.0,0.0,0.0,0.0,0.0,0.0,0.0
1313,60,Sequoiadendron',0,0,0,0,0,0,0,0.0,0.0,0.0,0.0,0.0,0.0,0.0,0.0
1313,60,Sorbus',0,0,0,0,0,0,0,0.0,0.0,0.0,0.0,0.0,0.0,0.0,0.0
1313,60,Taxodium',0,0,69,1,0,0,0,29.215566635131836,9.03321361541748,51.03689473641069,1.778899340858393,1365.078690276146,22084.343513758926,0.0037682126383483112,62.04853881117445
1313,60,Taxus',0,0,0,0,0,0,0,0.0,0.0,0.0,0.0,0.0,0.0,0.0,0.0
1313,60,Thuja',0,0,0,0,0,0,0,0.0,0.0,0.0,0.0,0.0,0.0,0.0,0.0
1313,60,Tilia',0,0,0,0,0,0,0,0.0,0.0,0.0,0.0,0.0,0.0,0.0,0.0
1313,60,Torreya',0,125,37,10,0,0,0,28.470304489135742,13.106310844421387,66.83306955993176,2.7994645221757373,3461.39413690269,52109.072910884126,0.008657353406026955,120.44722795453882
1313,60,Tsuga',0,0,0,0,0,0,0,0.0,0.0,0.0,0.0,0.0,0.0,0.0,0.0
1313,60,Ulmus',0,0,0,0,0,0,0,0.0,0.0,0.0,0.0,0.0,0.0,0.0,0.0
1313,60,Umbellularia',0,0,0,0,0,0,0,0.0,0.0,0.0,0.0,0.0,0.0,0.0,0.0
1313,70,Abies',0,0,0,0,0,0,0,0.0,0.0,0.0,0.0,0.0,0.0,0.0,0.0
1313,70,Acer',0,730,343,0,0,0,0,23.338300704956055,14.580939292907715,504.96250831038697,7.577394673768733,9226.732643173189,46692.22088115191,0.027773066222764906,123.17739650449504
1313,70,Aesculus',0,0,0,0,0,0,0,0.0,0.0,0.0,0.0,0.0,0.0,0.0,0.0
1313,70,Ailanthus',0,0,0,0,0,0,0,0.0,0.0,0.0,0.0,0.0,0.0,0.0,0.0
1313,70,Alnus',0,0,0,0,0,0,0,0.0,0.0,0.0,0.0,0.0,0.0,0.0,0.0
1313,70,Amelanchier',0,0,0,0,0,0,0,0.0,0.0,0.0,0.0,0.0,0.0,0.0,0.0
1313,70,Arbutus',0,0,0,0,0,0,0,0.0,0.0,0.0,0.0,0.0,0.0,0.0,0.0
1313,70,Asimina',0,0,0,0,0,0,0,0.0,0.0,0.0,0.0,0.0,0.0,0.0,0.0
1313,70,Betula',0,0,0,0,0,0,0,0.0,0.0,0.0,0.0,0.0,0.0,0.0,0.0
1313,70,Calocedrus',0,0,0,0,0,0,0,0.0,0.0,0.0,0.0,0.0,0.0,0.0,0.0
1313,70,Carpinus',0,0,0,0,0,0,0,0.0,0.0,0.0,0.0,0.0,0.0,0.0,0.0
1313,70,Carya',0,39,109,0,0,0,0,22.285785675048828,16.168073654174805,30.49952043149667,3.204932539850626,5164.882664721907,66742.38786293495,0.011916574346556366,152.23201198983799
1313,70,Castanea',0,0,0,0,0,0,0,0.0,0.0,0.0,0.0,0.0,0.0,0.0,0.0
1313,70,Catalpa',0,39,20,0,0,0,0,14.643960952758789,5.927119255065918,33.900762351253356,0.4247661493315274,309.91066050052643,5418.025721539711,0.001176710674289608,18.67246064355604
1313,70,Celtis',0,79,61,2,0,0,0,33.316566467285156,16.18772315979004,62.546843810926504,1.8641503518433487,2274.90037157774,29577.241225652582,0.005955730746761714,71.82227606768643
1313,70,Cercis',0,0,0,0,0,0,0,0.0,0.0,0.0,0.0,0.0,0.0,0.0,0.0
1313,70,Cercocarpus',0,0,0,0,0,0,0,0.0,0.0,0.0,0.0,0.0,0.0,0.0,0.0
1313,70,Chamaecyparis',0,0,0,0,0,0,0,0.0,0.0,0.0,0.0,0.0,0.0,0.0,0.0
1313,70,Chilopsis',0,0,0,0,0,0,0,0.0,0.0,0.0,0.0,0.0,0.0,0.0,0.0
1313,70,Chrysolepis',0,0,0,0,0,0,0,0.0,0.0,0.0,0.0,0.0,0.0,0.0,0.0
1313,70,Cladrastis',0,0,0,0,0,0,0,0.0,0.0,0.0,0.0,0.0,0.0,0.0,0.0
1313,70,Comus',0,0,0,0,0,0,0,0.0,0.0,0.0,0.0,0.0,0.0,0.0,0.0
1313,70,Cornus',0,0,0,0,0,0,0,0.0,0.0,0.0,0.0,0.0,0.0,0.0,0.0
1313,70,Crataegus',0,0,0,0,0,0,0,0.0,0.0,0.0,0.0,0.0,0.0,0.0,0.0
1313,70,Cupressus',0,0,0,0,0,0,0,0.0,0.0,0.0,0.0,0.0,0.0,0.0,0.0
1313,70,Diospyros',0,0,0,0,0,0,0,0.0,0.0,0.0,0.0,0.0,0.0,0.0,0.0
1313,70,Elaeagnus',0,0,0,0,0,0,0,0.0,0.0,0.0,0.0,0.0,0.0,0.0,0.0
1313,70,Fagus',0,0,0,0,0,0,0,0.0,0.0,0.0,0.0,0.0,0.0,0.0,0.0
1313,70,Fraxinus',0,1059,1414,95,3,0,0,52.92271041870117,16.924299240112305,1024.7963340071183,39.25831413142943,49761.982168355586,176100.42051274516,0.1253346960832519,408.430962752097
1313,70,Gleditsia',0,0,0,0,0,0,0,0.0,0.0,0.0,0.0,0.0,0.0,0.0,0.0
1313,70,Gordonia',0,0,36,0,0,0,0,17.123695373535156,11.589942932128906,15.479607245922088,0.8318262273447754,913.3647521281242,20423.456740107424,0.002253293795794262,50.38518100674496
1313,70,Gymnocladus',0,0,0,0,0,0,0,0.0,0.0,0.0,0.0,0.0,0.0,0.0,0.0
1313,70,Halesia',0,0,0,0,0,0,0,0.0,0.0,0.0,0.0,0.0,0.0,0.0,0.0
1313,70,Ilex',0,14,0,0,0,0,0,1.9806725978851318,2.3545992374420166,0.0,0.00442455611840934,6.466788716316223,144.60179165811698,1.4370641205459832e-05,0.321337306156678
1313,70,Juglans',0,0,0,0,0,0,0,0.0,0.0,0.0,0.0,0.0,0.0,0.0,0.0
1313,70,Juniperus',0,23,0,0,0,0,0,6.9018940925598145,6.399495601654053,12.858172607421874,0.08964235901993488,94.8522728919983,2120.961300068704,0.0003965119808477655,8.866277430686914
1313,70,Larix',0,0,0,0,0,0,0,0.0,0.0,0.0,0.0,0.0,0.0,0.0,0.0
1313,70,Liquidambar',0,0,33,0,0,0,0,25.049814224243164,15.761104583740234,7.817634545926805,1.6421162275542724,2238.8513581311704,50062.23828299062,0.00508776431354888,113.76586858592889
1313,70,Liriodendron',0,1716,2335,212,8,0,0,91.31378173828125,25.769222259521484,1931.5508784664958,75.72089381341948,70966.7648756975,185557.73493411893,0.1855096703002682,435.20898942393126
1313,70,Lithocarpus',0,0,0,0,0,0,0,0.0,0.0,0.0,0.0,0.0,0.0,0.0,0.0
1313,70,Maclura',0,14,23,0,0,0,0,10.845088958740234,6.3158278465271,16.589358314588853,0.22001340551109835,317.7143642386794,6864.26499518234,0.0009448449607053819,19.90842410655563
1313,70,Magnolia',0,18,70,0,0,0,0,15.130012512207031,7.853641510009766,40.70847959646695,1.0579551370817801,901.9000961983204,13959.018901823652,0.0024545517320161163,36.541799693538636
1313,70,Malus',0,0,0,0,0,0,0,0.0,0.0,0.0,0.0,0.0,0.0,0.0,0.0
1313,70,Morus',0,0,0,0,0,0,0,0.0,0.0,0.0,0.0,0.0,0.0,0.0,0.0
1313,70,Nyssa',0,126,15,0,0,0,0,23.357589721679688,11.506555557250977,57.478307187085655,0.6971611078159174,797.3114467343688,11975.621022598792,0.002599235337627578,33.94808341781574
1313,70,Olneya',0,0,0,0,0,0,0,0.0,0.0,0.0,0.0,0.0,0.0,0.0,0.0
1313,70,Ostrya',0,0,0,0,0,0,0,0.0,0.0,0.0,0.0,0.0,0.0,0.0,0.0
1313,70,Oxydendron',0,0,0,0,0,0,0,0.0,0.0,0.0,0.0,0.0,0.0,0.0,0.0
1313,70,Paulownia',0,248,0,0,0,0,0,7.354902267456055,4.221804618835449,78.69678923695146,0.38261755807914594,257.9823279327154,2537.4858138561735,0.0017061780715528756,16.21460833732156
1313,70,Persea',0,0,36,0,5,0,0,57.65275573730469,17.972806930541992,24.94403741836548,2.0051055178731185,3198.909884586334,57030.88299117405,0.007468991362730676,131.72654016884601
1313,70,Picea',0,0,0,0,0,0,0,0.0,0.0,0.0,0.0,0.0,0.0,0.0,0.0
1313,70,Pinus',0,280,1027,426,15,3,2,91.82936096191406,29.55780601501465,684.8122350150346,69.80569435499551,101970.3110267216,333178.6909436781,0.2364924237584007,754.7948714296473
1313,70,Planera',0,8,0,0,0,0,0,0.851365864276886,1.7932089567184448,0.37615193619946885,0.0004759141580586078,1.4768189676105976,33.02267602038369,8.696735975332589e-06,0.19446492823211772
1313,70,Platanus',0,27,0,0,0,0,0,3.3003077507019043,2.275920867919922,12.699352219889434,0.023576426170013064,41.21200214624405,921.5283828786859,0.00027439645262994177,6.135691208653475
1313,70,Populus',0,182,129,0,0,0,0,21.789356231689453,8.825820922851562,152.04069356469412,2.42615552017172,1834.6310885411501,20472.911208512494,0.006265668246417751,57.384072310160626
1313,70,Prosopis',0,0,0,0,0,0,0,0.0,0.0,0.0,0.0,0.0,0.0,0.0,0.0
1313,70,Prunus',0,11,25,0,0,0,0,10.731851577758789,6.2667670249938965,18.456414678617364,0.2515919247145233,216.14899342358112,4388.158282881658,0.000746021418238053,14.64757366429727
1313,70,Pseudotsuga',0,0,0,0,0,0,0,0.0,0.0,0.0,0.0,0.0,0.0,0.0,0.0
1313,70,Quercus',0,0,285,49,0,0,0,43.96265411376953,19.066152572631836,138.8579680572582,16.654745010894814,25909.399907393457,175224.4837433654,0.05957538214210452,400.1635508283167
1313,70,Robinia',0,0,0,0,0,0,0,0.0,0.0,0.0,0.0,0.0,0.0,0.0,0.0
1313,70,Salix',0,406,72,0,0,0,0,16.23969078063965,9.90610408782959,156.64853725346583,1.7451133658592453,1424.5135746127366,15754.231108060223,0.005420628442583602,44.65460162701667
1313,70,Sassafras',0,0,0,0,0,0,0,0.0,0.0,0.0,0.0,0.0,0.0,0.0,0.0
1313,70,Sequoia',0,0,0,0,0,0,0,0.0,0.0,0.0,0.0,0.0,0.0,0.0,0.0
1313,70,Sequoiadendron',0,0,0,0,0,0,0,0.0,0.0,0.0,0.0,0.0,0.0,0.0,0.0
1313,70,Sorbus',0,0,0,0,0,0,0,0.0,0.0,0.0,0.0,0.0,0.0,0.0,0.0
1313,70,Taxodium',0,0,69,1,0,0,0,33.208702087402344,9.944687843322754,42.66349845860577,2.4702544731771825,1952.3488898026944,30302.458806225695,0.0049527179263532065,77.03218991797586
1313,70,Taxus',0,0,0,0,0,0,0,0.0,0.0,0.0,0.0,0.0,0.0,0.0,0.0
1313,70,Thuja',0,0,0,0,0,0,0,0.0,0.0,0.0,0.0,0.0,0.0,0.0,0.0
1313,70,Tilia',0,0,0,0,0,0,0,0.0,0.0,0.0,0.0,0.0,0.0,0.0,0.0
1313,70,Torreya',0,0,125,0,0,0,0,13.333273887634277,8.601397514343262,59.26158810377121,1.4286164600968436,1489.840355079174,17304.573261558413,0.004166756980339667,47.29757869547433
1313,70,Tsuga',0,0,0,0,0,0,0,0.0,0.0,0.0,0.0,0.0,0.0,0.0,0.0
1313,70,Ulmus',0,0,0,0,0,0,0,0.0,0.0,0.0,0.0,0.0,0.0,0.0,0.0
1313,70,Umbellularia',0,0,0,0,0,0,0,0.0,0.0,0.0,0.0,0.0,0.0,0.0,0.0
1313,80,Abies',0,0,0,0,0,0,0,0.0,0.0,0.0,0.0,0.0,0.0,0.0,0.0
1313,80,Acer',0,865,516,12,0,0,0,28.335243225097656,16.67212677001953,573.5273353213184,8.961902632090144,10951.707200649678,57668.33230806058,0.0325933715946821,145.8205766191539
1313,80,Aesculus',0,0,0,0,0,0,0,0.0,0.0,0.0,0.0,0.0,0.0,0.0,0.0
1313,80,Ailanthus',0,0,0,0,0,0,0,0.0,0.0,0.0,0.0,0.0,0.0,0.0,0.0
1313,80,Alnus',0,0,0,0,0,0,0,0.0,0.0,0.0,0.0,0.0,0.0,0.0,0.0
1313,80,Amelanchier',0,0,0,0,0,0,0,0.0,0.0,0.0,0.0,0.0,0.0,0.0,0.0
1313,80,Arbutus',0,0,0,0,0,0,0,0.0,0.0,0.0,0.0,0.0,0.0,0.0,0.0
1313,80,Asimina',0,0,0,0,0,0,0,0.0,0.0,0.0,0.0,0.0,0.0,0.0,0.0
1313,80,Betula',0,0,0,0,0,0,0,0.0,0.0,0.0,0.0,0.0,0.0,0.0,0.0
1313,80,Calocedrus',0,0,0,0,0,0,0,0.0,0.0,0.0,0.0,0.0,0.0,0.0,0.0
1313,80,Carpinus',0,0,0,0,0,0,0,0.0,0.0,0.0,0.0,0.0,0.0,0.0,0.0
1313,80,Carya',0,36,76,0,0,0,0,21.23845672607422,13.769970893859863,20.921808584015576,2.414128947599942,4037.809933164716,64329.994909701156,0.00927409191694474,147.22067011989708
1313,80,Castanea',0,0,0,0,0,0,0,0.0,0.0,0.0,0.0,0.0,0.0,0.0,0.0
1313,80,Catalpa',0,32,0,0,0,0,0,5.044048309326172,3.065793037414551,7.347876014588754,0.06522265990511708,50.32893874168396,1125.3892826182932,0.00021761884617805806,4.866105332392124
1313,80,Celtis',0,0,84,0,0,0,0,25.269580841064453,13.51915168762207,33.0755282334889,2.42450450428697,2885.4265280330183,41702.672257682774,0.00688819953165952,96.98282600376528
1313,80,Cercis',0,0,0,0,0,0,0,0.0,0.0,0.0,0.0,0.0,0.0,0.0,0.0
1313,80,Cercocarpus',0,0,0,0,0,0,0,0.0,0.0,0.0,0.0,0.0,0.0,0.0,0.0
1313,80,Chamaecyparis',0,0,0,0,0,0,0,0.0,0.0,0.0,0.0,0.0,0.0,0.0,0.0
1313,80,Chilopsis',0,0,0,0,0,0,0,0.0,0.0,0.0,0.0,0.0,0.0,0.0,0.0
1313,80,Chrysolepis',0,0,0,0,0,0,0,0.0,0.0,0.0,0.0,0.0,0.0,0.0,0.0
1313,80,Cladrastis',0,0,0,0,0,0,0,0.0,0.0,0.0,0.0,0.0,0.0,0.0,0.0
1313,80,Comus',0,0,0,0,0,0,0,0.0,0.0,0.0,0.0,0.0,0.0,0.0,0.0
1313,80,Cornus',0,0,0,0,0,0,0,0.0,0.0,0.0,0.0,0.0,0.0,0.0,0.0
1313,80,Crataegus',0,0,0,0,0,0,0,0.0,0.0,0.0,0.0,0.0,0.0,0.0,0.0
1313,80,Cupressus',0,0,0,0,0,0,0,0.0,0.0,0.0,0.0,0.0,0.0,0.0,0.0
1313,80,Diospyros',0,0,0,0,0,0,0,0.0,0.0,0.0,0.0,0.0,0.0,0.0,0.0
1313,80,Elaeagnus',0,0,0,0,0,0,0,0.0,0.0,0.0,0.0,0.0,0.0,0.0,0.0
1313,80,Fagus',0,0,0,0,0,0,0,0.0,0.0,0.0,0.0,0.0,0.0,0.0,0.0
1313,80,Fraxinus',0,931,1405,126,0,0,0,36.44416809082031,17.073650360107422,907.7542118726982,43.9258842638317,56505.03783367984,204930.3778826276,0.13863437651439167,474.02959698632066
1313,80,Gleditsia',0,34,0,0,0,0,0,1.474572777748108,2.214106798171997,3.4077731654330896,0.005949773758095866,13.553336603194476,303.0618196667866,7.917531283432743e-05,1.7704138163736574
1313,80,Gordonia',0,81,0,0,0,0,0,6.975709915161133,6.420211315155029,31.130181255340574,0.13649148804966152,185.44598650693894,3187.0239580015223,0.0008617603489579587,14.772143406758715
1313,80,Gymnocladus',0,0,0,0,0,0,0,0.0,0.0,0.0,0.0,0.0,0.0,0.0,0.0
1313,80,Halesia',0,0,0,0,0,0,0,0.0,0.0,0.0,0.0,0.0,0.0,0.0,0.0
1313,80,Ilex',0,0,14,0,0,0,0,8.069927215576172,5.1975998878479,6.6285337126255035,0.07344860585488437,71.77240633606911,1604.8797947618682,0.0002552397205283238,5.707333656593815
1313,80,Juglans',0,0,0,0,0,0,0,0.0,0.0,0.0,0.0,0.0,0.0,0.0,0.0
1313,80,Juniperus',0,0,23,0,0,0,0,9.806966781616211,8.311970710754395,13.030544714927673,0.1809864675164844,180.69700707912446,4040.507911596799,0.0005897678845301331,13.187610807556222
1313,80,Larix',0,0,0,0,0,0,0,0.0,0.0,0.0,0.0,0.0,0.0,0.0,0.0
1313,80,Liquidambar',0,6,0,33,0,0,0,28.006174087524414,17.001760482788086,12.897030215097379,2.057848133430797,2977.747109395266,66420.61412742663,0.006802875494983152,151.05503809338728
1313,80,Liriodendron',0,1947,2030,357,0,0,0,101.78492736816406,27.07887840270996,1725.0895642001133,79.02544771690361,75423.88192940608,202699.13147345983,0.1924422483568975,468.9041683688944
1313,80,Lithocarpus',0,0,0,0,0,0,0,0.0,0.0,0.0,0.0,0.0,0.0,0.0,0.0
1313,80,Maclura',0,0,37,0,0,0,0,16.502944946289062,8.302205085754395,15.30191566747955,0.5884832864969464,867.5767321419717,16721.3853055044,0.0021482278278321136,39.51539938532333
1313,80,Magnolia',0,75,35,0,0,0,0,21.9940185546875,11.95062255859375,57.964549849304966,0.9071190812039891,947.9180356228352,15940.940230652439,0.0026356364750964585,39.821186293555826
1313,80,Malus',0,0,0,0,0,0,0,0.0,0.0,0.0,0.0,0.0,0.0,0.0,0.0
1313,80,Morus',0,0,0,0,0,0,0,0.0,0.0,0.0,0.0,0.0,0.0,0.0,0.0
1313,80,Nyssa',0,50,44,0,0,0,0,27.38279151916504,12.855441093444824,39.679748483850986,0.7810680806523629,836.1585525226593,12091.044945726235,0.0024293421786502132,33.33209202242678
1313,80,Olneya',0,0,0,0,0,0,0,0.0,0.0,0.0,0.0,0.0,0.0,0.0,0.0
1313,80,Ostrya',0,0,0,0,0,0,0,0.0,0.0,0.0,0.0,0.0,0.0,0.0,0.0
1313,80,Oxydendron',0,0,0,0,0,0,0,0.0,0.0,0.0,0.0,0.0,0.0,0.0,0.0
1313,80,Paulownia',0,41,0,0,0,0,0,3.0853214263916016,2.5830018520355225,14.80439963408663,0.029750216922131846,30.980787192583083,663.8486544126512,0.00028196374805457443,6.041658361416019
1313,80,Persea',0,27,0,0,0,0,0,6.714601039886475,5.160935878753662,26.906583755016324,0.07987184565464946,146.81597815275194,2631.290491405619,0.00071490838089834,12.861289091636356
1313,80,Picea',0,0,0,0,0,0,0,0.0,0.0,0.0,0.0,0.0,0.0,0.0,0.0
1313,80,Pinus',0,651,1136,412,16,4,0,82.7153091430664,28.425466537475586,722.5633360721171,78.68954727298556,116862.93733908639,376664.8748247727,0.27013244409023174,850.1802495801323
1313,80,Planera',0,0,0,0,0,0,0,0.0,0.0,0.0,0.0,0.0,0.0,0.0,0.0
1313,80,Platanus',0,83,0,0,0,0,0,3.857372283935547,2.4378836154937744,35.592021459265595,0.07699723226324841,128.12563171625138,1850.6090628279535,0.0007970905521288481,12.27435787047278
1313,80,Populus',0,366,2,0,0,0,0,19.68198013305664,8.176752090454102,129.17961926659262,0.5664436001149252,542.9265017180145,3800.3827119500675,0.003066115714880628,20.96951665881388
1313,80,Prosopis',0,0,0,0,0,0,0,0.0,0.0,0.0,0.0,0.0,0.0,0.0,0.0
1313,80,Prunus',0,0,0,0,0,0,0,0.0,0.0,0.0,0.0,0.0,0.0,0.0,0.0
1313,80,Pseudotsuga',0,0,0,0,0,0,0,0.0,0.0,0.0,0.0,0.0,0.0,0.0,0.0
1313,80,Quercus',0,15,98,69,0,0,0,47.71872329711914,19.931488037109375,90.78544972535175,9.07285921393785,14324.81072810948,139697.75921590236,0.03313981986103211,318.224026864348
1313,80,Robinia',0,0,0,0,0,0,0,0.0,0.0,0.0,0.0,0.0,0.0,0.0,0.0
1313,80,Salix',0,231,41,0,0,0,0,20.985759735107422,11.89416790008545,95.40390503274487,1.696478992630694,1511.1192199259997,27183.595766530958,0.004731434863623227,66.10379227932758
1313,80,Sassafras',0,0,0,0,0,0,0,0.0,0.0,0.0,0.0,0.0,0.0,0.0,0.0
1313,80,Sequoia',0,0,0,0,0,0,0,0.0,0.0,0.0,0.0,0.0,0.0,0.0,0.0
1313,80,Sequoiadendron',0,0,0,0,0,0,0,0.0,0.0,0.0,0.0,0.0,0.0,0.0,0.0
1313,80,Sorbus',0,0,0,0,0,0,0,0.0,0.0,0.0,0.0,0.0,0.0,0.0,0.0
1313,80,Taxodium',0,32,36,1,0,0,0,42.676639556884766,11.982616424560547,67.82268043937562,2.0293946486124614,1722.5413751387596,32346.46321179581,0.004804215014070311,86.95912008935478
1313,80,Taxus',0,0,0,0,0,0,0,0.0,0.0,0.0,0.0,0.0,0.0,0.0,0.0
1313,80,Thuja',0,0,0,0,0,0,0,0.0,0.0,0.0,0.0,0.0,0.0,0.0,0.0
1313,80,Tilia',0,0,0,0,0,0,0,0.0,0.0,0.0,0.0,0.0,0.0,0.0,0.0
1313,80,Torreya',0,0,125,0,0,0,0,18.459463119506836,10.465054512023926,53.25480222463607,2.869133610230667,3182.385075814724,35930.292530873194,0.00784120274867621,88.22143753141104
1313,80,Tsuga',0,0,0,0,0,0,0,0.0,0.0,0.0,0.0,0.0,0.0,0.0,0.0
1313,80,Ulmus',0,0,0,0,0,0,0,0.0,0.0,0.0,0.0,0.0,0.0,0.0,0.0
1313,80,Umbellularia',0,0,0,0,0,0,0,0.0,0.0,0.0,0.0,0.0,0.0,0.0,0.0
1313,90,Abies',0,0,0,0,0,0,0,0.0,0.0,0.0,0.0,0.0,0.0,0.0,0.0
1313,90,Acer',0,418,539,15,0,0,0,29.755542755126953,17.227514266967773,515.6668763999131,9.379170755100391,11356.900824995339,61109.93106539665,0.03266086836316059,153.84149955262407
1313,90,Aesculus',0,0,0,0,0,0,0,0.0,0.0,0.0,0.0,0.0,0.0,0.0,0.0
1313,90,Ailanthus',0,0,0,0,0,0,0,0.0,0.0,0.0,0.0,0.0,0.0,0.0,0.0
1313,90,Alnus',0,0,0,0,0,0,0,0.0,0.0,0.0,0.0,0.0,0.0,0.0,0.0
1313,90,Amelanchier',0,0,0,0,0,0,0,0.0,0.0,0.0,0.0,0.0,0.0,0.0,0.0
1313,90,Arbutus',0,0,0,0,0,0,0,0.0,0.0,0.0,0.0,0.0,0.0,0.0,0.0
1313,90,Asimina',0,0,0,0,0,0,0,0.0,0.0,0.0,0.0,0.0,0.0,0.0,0.0
1313,90,Betula',0,0,0,0,0,0,0,0.0,0.0,0.0,0.0,0.0,0.0,0.0,0.0
1313,90,Calocedrus',0,0,0,0,0,0,0,0.0,0.0,0.0,0.0,0.0,0.0,0.0,0.0
1313,90,Carpinus',0,0,0,0,0,0,0,0.0,0.0,0.0,0.0,0.0,0.0,0.0,0.0
1313,90,Carya',0,53,76,0,0,0,0,23.22734832763672,14.674038887023926,39.40833702589137,3.0217562602079977,5311.779771931768,82901.61103089649,0.012371260087907305,188.79984738973465
1313,90,Castanea',0,0,0,0,0,0,0,0.0,0.0,0.0,0.0,0.0,0.0,0.0,0.0
1313,90,Catalpa',0,112,13,0,0,0,0,14.681537628173828,5.937166213989258,37.97082199514666,0.2744283102544172,234.00397624611855,3681.808189576712,0.0010666199030466411,14.018558717903815
1313,90,Celtis',0,117,23,22,0,0,0,28.24631118774414,14.561627388000488,53.87217995298059,2.069043054585471,2697.9677912914754,45294.16322280347,0.0067710040514599714,104.24393243561185
1313,90,Cercis',0,0,0,0,0,0,0,0.0,0.0,0.0,0.0,0.0,0.0,0.0,0.0
1313,90,Cercocarpus',0,0,0,0,0,0,0,0.0,0.0,0.0,0.0,0.0,0.0,0.0,0.0
1313,90,Chamaecyparis',0,0,0,0,0,0,0,0.0,0.0,0.0,0.0,0.0,0.0,0.0,0.0
1313,90,Chilopsis',0,0,0,0,0,0,0,0.0,0.0,0.0,0.0,0.0,0.0,0.0,0.0
1313,90,Chrysolepis',0,0,0,0,0,0,0,0.0,0.0,0.0,0.0,0.0,0.0,0.0,0.0
1313,90,Cladrastis',0,0,0,0,0,0,0,0.0,0.0,0.0,0.0,0.0,0.0,0.0,0.0
1313,90,Comus',0,0,0,0,0,0,0,0.0,0.0,0.0,0.0,0.0,0.0,0.0,0.0
1313,90,Cornus',0,0,0,0,0,0,0,0.0,0.0,0.0,0.0,0.0,0.0,0.0,0.0
1313,90,Crataegus',0,0,0,0,0,0,0,0.0,0.0,0.0,0.0,0.0,0.0,0.0,0.0
1313,90,Cupressus',0,0,0,0,0,0,0,0.0,0.0,0.0,0.0,0.0,0.0,0.0,0.0
1313,90,Diospyros',0,0,0,0,0,0,0,0.0,0.0,0.0,0.0,0.0,0.0,0.0,0.0
1313,90,Elaeagnus',0,0,0,0,0,0,0,0.0,0.0,0.0,0.0,0.0,0.0,0.0,0.0
1313,90,Fagus',0,0,0,0,0,0,0,0.0,0.0,0.0,0.0,0.0,0.0,0.0,0.0
1313,90,Fraxinus',0,1012,891,252,0,0,0,51.92868423461914,18.21196746826172,752.8993158240484,42.375060344150896,57042.293014770745,230872.58291395727,0.1375990552601062,528.5751152458326
1313,90,Gleditsia',0,74,0,0,0,0,0,5.974424362182617,4.8275227546691895,20.806617158689072,0.1659211605778878,189.614799105525,3012.7588362124857,0.0007208890372849943,11.388252327874351
1313,90,Gordonia',0,0,81,0,0,0,0,14.693761825561523,10.549771308898926,45.8169622528553,0.887970335546846,932.174378196001,12890.134837986814,0.0027332992931753584,36.323135867728425
1313,90,Gymnocladus',0,0,0,0,0,0,0,0.0,0.0,0.0,0.0,0.0,0.0,0.0,0.0
1313,90,Halesia',0,0,0,0,0,0,0,0.0,0.0,0.0,0.0,0.0,0.0,0.0,0.0
1313,90,Ilex',0,0,14,0,0,0,0,16.10312843322754,8.173664093017578,17.748493542671202,0.29245889498461736,320.81932720661166,7173.73824129732,0.0009692989721794896,21.67418392314022
1313,90,Juglans',0,0,0,0,0,0,0,0.0,0.0,0.0,0.0,0.0,0.0,0.0,0.0
1313,90,Juniperus',0,30,23,0,0,0,0,12.897896766662598,10.20925235748291,13.106272592544554,0.32751288086727137,341.7083543729782,7300.427035211919,0.0009486647226515493,20.45251777467042
1313,90,Larix',0,0,0,0,0,0,0,0.0,0.0,0.0,0.0,0.0,0.0,0.0,0.0
1313,90,Liquidambar',0,6,0,0,0,0,0,6.607735633850098,5.914000034332275,1.2209840250920643,0.022084169259023158,18.411442739963533,411.6923753040379,5.8491059992462285e-05,1.3078998621916398
1313,90,Liriodendron',0,1994,2246,244,0,0,0,114.5891342163086,28.444578170776367,1821.901400400019,78.09152165494508,73454.62392196924,194141.02788200032,0.18945978001924546,451.6960722105733
1313,90,Lithocarpus',0,0,0,0,0,0,0,0.0,0.0,0.0,0.0,0.0,0.0,0.0,0.0
1313,90,Maclura',0,0,23,0,0,0,0,21.359071731567383,9.735525131225586,11.036487998841682,0.8370038744664119,1357.5794988918306,30356.400443822247,0.003175719836950302,71.01125432915421
1313,90,Magnolia',0,0,34,1,0,0,0,43.50473403930664,19.156139373779297,45.26908103235159,1.202327189028052,1464.243347862959,25356.656669015665,0.0036671304211814675,61.730144295230104
1313,90,Malus',0,0,0,0,0,0,0,0.0,0.0,0.0,0.0,0.0,0.0,0.0,0.0
1313,90,Morus',0,0,0,0,0,0,0,0.0,0.0,0.0,0.0,0.0,0.0,0.0,0.0
1313,90,Nyssa',0,73,55,4,0,0,0,37.420631408691406,15.80605411529541,58.780711826078495,1.0515099878033698,1205.6609950238467,17421.881926615537,0.0035254277988784016,44.9848131506046
1313,90,Olneya',0,0,0,0,0,0,0,0.0,0.0,0.0,0.0,0.0,0.0,0.0,0.0
1313,90,Ostrya',0,0,0,0,0,0,0,0.0,0.0,0.0,0.0,0.0,0.0,0.0,0.0
1313,90,Oxydendron',0,0,0,0,0,0,0,0.0,0.0,0.0,0.0,0.0,0.0,0.0,0.0
1313,90,Paulownia',0,32,0,0,0,0,0,3.7679810523986816,2.855393409729004,16.48538625693019,0.03568266479298157,34.64460372924805,774.6768899214225,0.0003143043011426965,7.028057829756271
1313,90,Persea',0,0,22,0,0,0,0,13.763998031616211,8.40294075012207,10.662788970470428,0.3279371931898665,371.49552571058274,8306.892488258838,0.0009795636639197552,21.90370940813331
1313,90,Picea',0,0,0,0,0,0,0,0.0,0.0,0.0,0.0,0.0,0.0,0.0,0.0
1313,90,Pinus',0,378,1335,442,40,6,0,100.64390563964844,30.4815616607666,834.0993922829628,88.98906952128644,135296.6515998465,428611.2847943116,0.31270733067537687,967.2150390899639
1313,90,Planera',0,0,0,0,0,0,0,0.0,0.0,0.0,0.0,0.0,0.0,0.0,0.0
1313,90,Platanus',0,120,0,0,0,0,0,7.476222991943359,3.471018075942993,78.93384179548372,0.24444564211759828,308.66120658278464,3853.6827904225424,0.0018222102880142716,23.080032598542473
1313,90,Populus',0,194,99,0,0,0,0,18.25098419189453,7.72704553604126,128.84152535962153,1.2801219012638534,993.003530254364,9231.973784443959,0.004061419830684072,31.924070617003743
1313,90,Prosopis',0,0,0,0,0,0,0,0.0,0.0,0.0,0.0,0.0,0.0,0.0,0.0
1313,90,Prunus',0,19,0,0,0,0,0,3.027971029281616,2.7810163497924805,6.392690399779549,0.014027564206101966,20.101306118965148,449.4788691853837,0.00013669589775335155,3.0566131962185383
1313,90,Pseudotsuga',0,0,0,0,0,0,0,0.0,0.0,0.0,0.0,0.0,0.0,0.0,0.0
1313,90,Quercus',0,0,83,92,0,0,0,40.20532989501953,17.380369186401367,103.50987521530705,9.603381400496534,14711.608185441495,150505.4445549083,0.0341825439648031,344.0971400319032
1313,90,Robinia',0,0,0,0,0,0,0,0.0,0.0,0.0,0.0,0.0,0.0,0.0,0.0
1313,90,Salix',0,189,122,0,0,0,0,12.293646812438965,8.087952613830566,115.57049056491519,1.4468436564780527,1061.5964735609293,9349.170083486404,0.00402280468581989,31.031666680830206
1313,90,Sassafras',0,0,0,0,0,0,0,0.0,0.0,0.0,0.0,0.0,0.0,0.0,0.0
1313,90,Sequoia',0,0,0,0,0,0,0,0.0,0.0,0.0,0.0,0.0,0.0,0.0,0.0
1313,90,Sequoiadendron',0,0,0,0,0,0,0,0.0,0.0,0.0,0.0,0.0,0.0,0.0,0.0
1313,90,Sorbus',0,0,0,0,0,0,0,0.0,0.0,0.0,0.0,0.0,0.0,0.0,0.0
1313,90,Taxodium',0,38,69,0,1,0,0,53.341148376464844,14.084564208984375,72.25547447046146,2.8447576676765878,2481.3872122061252,40936.33140454072,0.006554351315419251,102.82031092885637
1313,90,Taxus',0,0,0,0,0,0,0,0.0,0.0,0.0,0.0,0.0,0.0,0.0,0.0
1313,90,Thuja',0,0,0,0,0,0,0,0.0,0.0,0.0,0.0,0.0,0.0,0.0,0.0
1313,90,Tilia',0,0,0,0,0,0,0,0.0,0.0,0.0,0.0,0.0,0.0,0.0,0.0
1313,90,Torreya',0,23,89,0,0,0,0,22.803369522094727,11.75195026397705,38.61886922955513,3.164321695043363,3746.788119546175,48327.06741344639,0.008884024203409778,113.8485195298852
1313,90,Tsuga',0,0,0,0,0,0,0,0.0,0.0,0.0,0.0,0.0,0.0,0.0,0.0
1313,90,Ulmus',0,38,0,0,0,0,0,0.5,1.5727481842041016,0.0,0.0007602654221687278,5.025431609153748,112.3720669434389,1.116762607358396e-05,0.2497157104783265
1313,90,Umbellularia',0,0,0,0,0,0,0,0.0,0.0,0.0,0.0,0.0,0.0,0.0,0.0
1313,100,Abies',0,0,0,0,0,0,0,0.0,0.0,0.0,0.0,0.0,0.0,0.0,0.0
1313,100,Acer',0,724,384,0,0,0,0,27.74094581604004,16.434770584106445,474.8535508275786,9.20933894416306,11359.856941414178,64123.151746883894,0.032079907525748484,158.42617086645606
1313,100,Aesculus',0,0,0,0,0,0,0,0.0,0.0,0.0,0.0,0.0,0.0,0.0,0.0
1313,100,Ailanthus',0,0,0,0,0,0,0,0.0,0.0,0.0,0.0,0.0,0.0,0.0,0.0
1313,100,Alnus',0,0,0,0,0,0,0,0.0,0.0,0.0,0.0,0.0,0.0,0.0,0.0
1313,100,Amelanchier',0,0,0,0,0,0,0,0.0,0.0,0.0,0.0,0.0,0.0,0.0,0.0
1313,100,Arbutus',0,0,0,0,0,0,0,0.0,0.0,0.0,0.0,0.0,0.0,0.0,0.0
1313,100,Asimina',0,0,0,0,0,0,0,0.0,0.0,0.0,0.0,0.0,0.0,0.0,0.0
1313,100,Betula',0,0,0,0,0,0,0,0.0,0.0,0.0,0.0,0.0,0.0,0.0,0.0
1313,100,Calocedrus',0,0,0,0,0,0,0,0.0,0.0,0.0,0.0,0.0,0.0,0.0,0.0
1313,100,Carpinus',0,0,0,0,0,0,0,0.0,0.0,0.0,0.0,0.0,0.0,0.0,0.0
1313,100,Carya',0,35,44,0,0,0,0,11.667370796203613,10.41507339477539,53.84396355787786,0.39099548042888693,589.6269492402673,7410.271260060067,0.0020853958634743344,24.804751239082293
1313,100,Castanea',0,0,0,0,0,0,0,0.0,0.0,0.0,0.0,0.0,0.0,0.0,0.0
1313,100,Catalpa',0,101,0,0,0,0,0,5.367457389831543,3.172419309616089,7.867458700379238,0.08996961984569854,82.85029721498489,1295.1153629790053,0.00029736821622773613,5.237260259081179
1313,100,Celtis',0,0,39,0,0,0,0,9.41646957397461,6.659404754638672,7.630885903122303,0.2721577158464562,240.46595977038146,5376.982323213028,0.0006442196357846144,14.40518898054556
1313,100,Cercis',0,0,0,0,0,0,0,0.0,0.0,0.0,0.0,0.0,0.0,0.0,0.0
1313,100,Cercocarpus',0,0,0,0,0,0,0,0.0,0.0,0.0,0.0,0.0,0.0,0.0,0.0
1313,100,Chamaecyparis',0,0,0,0,0,0,0,0.0,0.0,0.0,0.0,0.0,0.0,0.0,0.0
1313,100,Chilopsis',0,0,0,0,0,0,0,0.0,0.0,0.0,0.0,0.0,0.0,0.0,0.0
1313,100,Chrysolepis',0,0,0,0,0,0,0,0.0,0.0,0.0,0.0,0.0,0.0,0.0,0.0
1313,100,Cladrastis',0,0,0,0,0,0,0,0.0,0.0,0.0,0.0,0.0,0.0,0.0,0.0
1313,100,Comus',0,0,0,0,0,0,0,0.0,0.0,0.0,0.0,0.0,0.0,0.0,0.0
1313,100,Cornus',0,0,0,0,0,0,0,0.0,0.0,0.0,0.0,0.0,0.0,0.0,0.0
1313,100,Crataegus',0,0,0,0,0,0,0,0.0,0.0,0.0,0.0,0.0,0.0,0.0,0.0
1313,100,Cupressus',0,0,0,0,0,0,0,0.0,0.0,0.0,0.0,0.0,0.0,0.0,0.0
1313,100,Diospyros',0,39,0,0,0,0,0,2.3718833923339844,2.4656476974487305,0.0,0.017249891144805882,32.09291015625,717.6192870516813,7.131757430732249e-05,1.5947094414156429
1313,100,Elaeagnus',0,0,0,0,0,0,0,0.0,0.0,0.0,0.0,0.0,0.0,0.0,0.0
1313,100,Fagus',0,0,0,0,0,0,0,0.0,0.0,0.0,0.0,0.0,0.0,0.0,0.0
1313,100,Fraxinus',0,1012,858,215,0,0,0,43.53226089477539,19.163780212402344,864.8325002943224,39.67213346164381,56106.55482389063,250971.029140827,0.1371309780055622,572.0728005249775
1313,100,Gleditsia',0,40,39,0,0,0,0,10.578923225402832,7.247458457946777,19.150525939804087,0.3788077885704073,435.3401949626207,8538.569904627635,0.001243105070628222,21.64118182256371
1313,100,Gordonia',0,2,81,0,0,0,0,20.829744338989258,12.980522155761719,46.8753844165802,2.11142098970373,2410.187741513252,32001.396073919866,0.0060330616115524035,79.66411747727429
1313,100,Gymnocladus',0,0,0,0,0,0,0,0.0,0.0,0.0,0.0,0.0,0.0,0.0,0.0
1313,100,Halesia',0,0,0,0,0,0,0,0.0,0.0,0.0,0.0,0.0,0.0,0.0,0.0
1313,100,Ilex',0,0,14,0,0,0,0,25.309865951538086,10.743844032287598,17.344682908058164,0.7224769756829588,847.8174174356461,18957.773778944163,0.002134572994112968,47.73050317771855
1313,100,Juglans',0,0,0,0,0,0,0,0.0,0.0,0.0,0.0,0.0,0.0,0.0,0.0
1313,100,Juniperus',0,0,23,0,0,0,0,16.55995750427246,12.286845207214355,14.904286277294158,0.5160539790416503,589.0701809763908,13172.009681813204,0.0015243290372689568,34.085033474102005
1313,100,Larix',0,0,0,0,0,0,0,0.0,0.0,0.0,0.0,0.0,0.0,0.0,0.0
1313,100,Liquidambar',0,0,0,0,0,0,0,0.0,0.0,0.0,0.0,0.0,0.0,0.0,0.0
1313,100,Liriodendron',0,1861,2329,328,3,0,0,125.18826293945312,29.407011032104492,1903.5195096952343,84.09002967149239,80825.29698063478,211382.5542121877,0.20701399189212905,489.2919560953368
1313,100,Lithocarpus',0,0,0,0,0,0,0,0.0,0.0,0.0,0.0,0.0,0.0,0.0,0.0
1313,100,Maclura',0,82,23,0,0,0,0,25.2502498626709,10.729582786560059,58.7253745843338,1.284182170407931,2260.1091864264013,45076.50937375975,0.005867849433269399,105.02023838594106
1313,100,Magnolia',0,0,34,0,0,0,0,21.589309692382812,11.788317680358887,16.50540037434312,1.2666116917483332,1407.7524869501592,31478.302563148904,0.003279014807641559,73.32100009114882
1313,100,Malus',0,0,0,0,0,0,0,0.0,0.0,0.0,0.0,0.0,0.0,0.0,0.0
1313,100,Morus',0,0,0,0,0,0,0,0.0,0.0,0.0,0.0,0.0,0.0,0.0,0.0
1313,100,Nyssa',0,0,103,4,0,0,0,45.97325897216797,17.91584587097168,48.445229419990426,2.0563747558430543,2346.4415065449475,31051.626419075736,0.00591171054972704,75.92927346479604
1313,100,Olneya',0,0,0,0,0,0,0,0.0,0.0,0.0,0.0,0.0,0.0,0.0,0.0
1313,100,Ostrya',0,0,0,0,0,0,0,0.0,0.0,0.0,0.0,0.0,0.0,0.0,0.0
1313,100,Oxydendron',0,0,0,0,0,0,0,0.0,0.0,0.0,0.0,0.0,0.0,0.0,0.0
1313,100,Paulownia',0,104,0,0,0,0,0,4.045886516571045,2.9651246070861816,23.219670071914976,0.05332826175742049,56.467126676142215,1006.3053624324526,0.00045974255028483226,9.022020293911417
1313,100,Persea',0,35,0,0,0,0,0,1.310461401939392,2.1210930347442627,2.5355506896972657,0.004747675335423404,11.548658275604248,258.23584953166437,6.228830687701799e-05,1.3928088838038069
1313,100,Picea',0,0,0,0,0,0,0,0.0,0.0,0.0,0.0,0.0,0.0,0.0,0.0
1313,100,Pinus',0,530,1323,522,47,7,4,115.88970184326172,31.75617218017578,946.175303029716,104.24293212919997,160989.22063624888,485810.8734485016,0.37142080067807665,1094.38603703178
1313,100,Planera',0,0,0,0,0,0,0,0.0,0.0,0.0,0.0,0.0,0.0,0.0,0.0
1313,100,Platanus',0,0,83,0,0,0,0,11.738104820251465,4.646477699279785,73.86264049931417,0.6061196219153264,536.1695395302772,7103.576453208523,0.0022547816054672002,29.521449955654365
1313,100,Populus',0,115,48,0,0,0,0,20.996749877929688,8.583523750305176,61.99694922689017,1.7122720326494407,1286.7515138998629,18191.072282591238,0.0037519284221259825,46.220907704236694
1313,100,Prosopis',0,0,0,0,0,0,0,0.0,0.0,0.0,0.0,0.0,0.0,0.0,0.0
1313,100,Prunus',0,0,0,0,0,0,0,0.0,0.0,0.0,0.0,0.0,0.0,0.0,0.0
1313,100,Pseudotsuga',0,0,0,0,0,0,0,0.0,0.0,0.0,0.0,0.0,0.0,0.0,0.0
1313,100,Quercus',0,0,67,93,0,0,0,45.0745849609375,18.7232666015625,70.80724388455288,11.298750182250087,17777.358773410917,178151.4779669863,0.040524550929382154,402.5913010548974
1313,100,Robinia',0,0,0,0,0,0,0,0.0,0.0,0.0,0.0,0.0,0.0,0.0,0.0
1313,100,Salix',0,190,98,0,0,0,0,16.828630447387695,10.164204597473145,89.57053713783432,1.7001133106711013,1344.0990715432167,16101.072039955798,0.004276304391272406,43.871776818541676
1313,100,Sassafras',0,23,0,0,0,0,0,2.5490009784698486,3.9376473426818848,4.792637284609335,0.011900314302386852,15.543616470694543,347.5658304465785,0.00010353404505271502,2.3150916272339557
1313,100,Sequoia',0,0,0,0,0,0,0,0.0,0.0,0.0,0.0,0.0,0.0,0.0,0.0
1313,100,Sequoiadendron',0,0,0,0,0,0,0,0.0,0.0,0.0,0.0,0.0,0.0,0.0,0.0
1313,100,Sorbus',0,0,0,0,0,0,0,0.0,0.0,0.0,0.0,0.0,0.0,0.0,0.0
1313,100,Taxodium',0,38,32,36,1,0,0,63.10163497924805,15.843639373779297,77.98486312167553,3.559227855098607,3202.1904430115223,49059.39321692003,0.008238614216459076,125.26106475648214
1313,100,Taxus',0,0,0,0,0,0,0,0.0,0.0,0.0,0.0,0.0,0.0,0.0,0.0
1313,100,Thuja',0,0,0,0,0,0,0,0.0,0.0,0.0,0.0,0.0,0.0,0.0,0.0
1313,100,Tilia',0,0,0,0,0,0,0,0.0,0.0,0.0,0.0,0.0,0.0,0.0,0.0
1313,100,Torreya',0,23,89,0,0,0,0,27.254697799682617,12.842995643615723,26.411272835731506,4.247125356678757,5222.731160607338,66990.7720993921,0.011987565326889382,153.40601999415617
1313,100,Tsuga',0,0,0,0,0,0,0,0.0,0.0,0.0,0.0,0.0,0.0,0.0,0.0
1313,100,Ulmus',0,0,0,0,0,0,0,0.0,0.0,0.0,0.0,0.0,0.0,0.0,0.0
1313,100,Umbellularia',0,0,0,0,0,0,0,0.0,0.0,0.0,0.0,0.0,0.0,0.0,0.0
1313,110,Abies',0,0,0,0,0,0,0,0.0,0.0,0.0,0.0,0.0,0.0,0.0,0.0
1313,110,Acer',0,549,308,0,0,0,0,22.614789962768555,14.259538650512695,283.99265742294864,7.808411953537537,9731.452711541131,72377.54139495027,0.025713682197745464,172.1001894080485
1313,110,Aesculus',0,0,0,0,0,0,0,0.0,0.0,0.0,0.0,0.0,0.0,0.0,0.0
1313,110,Ailanthus',0,0,0,0,0,0,0,0.0,0.0,0.0,0.0,0.0,0.0,0.0,0.0
1313,110,Alnus',0,0,0,0,0,0,0,0.0,0.0,0.0,0.0,0.0,0.0,0.0,0.0
1313,110,Amelanchier',0,0,0,0,0,0,0,0.0,0.0,0.0,0.0,0.0,0.0,0.0,0.0
1313,110,Arbutus',0,0,0,0,0,0,0,0.0,0.0,0.0,0.0,0.0,0.0,0.0,0.0
1313,110,Asimina',0,0,0,0,0,0,0,0.0,0.0,0.0,0.0,0.0,0.0,0.0,0.0
1313,110,Betula',0,0,0,0,0,0,0,0.0,0.0,0.0,0.0,0.0,0.0,0.0,0.0
1313,110,Calocedrus',0,0,0,0,0,0,0,0.0,0.0,0.0,0.0,0.0,0.0,0.0,0.0
1313,110,Carpinus',0,0,0,0,0,0,0,0.0,0.0,0.0,0.0,0.0,0.0,0.0,0.0
1313,110,Carya',0,50,70,0,0,0,0,18.73487663269043,14.462119102478027,62.93509284105104,1.157234149315216,1663.342304520309,19232.893135043974,0.00460230181485042,50.771466823317255
1313,110,Castanea',0,0,0,0,0,0,0,0.0,0.0,0.0,0.0,0.0,0.0,0.0,0.0
1313,110,Catalpa',0,79,32,0,0,0,0,28.17823028564453,9.054946899414062,60.58784813254694,0.5042305790647175,393.1522089493275,4329.868975411733,0.0017458673190828657,19.20994408048425
1313,110,Celtis',0,25,17,0,0,0,0,10.02464485168457,6.968935489654541,11.177723956636235,0.144590048953022,148.98364600419998,3146.7612400126327,0.0004919843030236635,10.586515231099714
1313,110,Cercis',0,0,0,0,0,0,0,0.0,0.0,0.0,0.0,0.0,0.0,0.0,0.0
1313,110,Cercocarpus',0,0,0,0,0,0,0,0.0,0.0,0.0,0.0,0.0,0.0,0.0,0.0
1313,110,Chamaecyparis',0,0,0,0,0,0,0,0.0,0.0,0.0,0.0,0.0,0.0,0.0,0.0
1313,110,Chilopsis',0,0,0,0,0,0,0,0.0,0.0,0.0,0.0,0.0,0.0,0.0,0.0
1313,110,Chrysolepis',0,0,0,0,0,0,0,0.0,0.0,0.0,0.0,0.0,0.0,0.0,0.0
1313,110,Cladrastis',0,0,0,0,0,0,0,0.0,0.0,0.0,0.0,0.0,0.0,0.0,0.0
1313,110,Comus',0,0,0,0,0,0,0,0.0,0.0,0.0,0.0,0.0,0.0,0.0,0.0
1313,110,Cornus',0,0,0,0,0,0,0,0.0,0.0,0.0,0.0,0.0,0.0,0.0,0.0
1313,110,Crataegus',0,0,0,0,0,0,0,0.0,0.0,0.0,0.0,0.0,0.0,0.0,0.0
1313,110,Cupressus',0,0,0,0,0,0,0,0.0,0.0,0.0,0.0,0.0,0.0,0.0,0.0
1313,110,Diospyros',0,0,0,0,0,0,0,0.0,0.0,0.0,0.0,0.0,0.0,0.0,0.0
1313,110,Elaeagnus',0,0,0,0,0,0,0,0.0,0.0,0.0,0.0,0.0,0.0,0.0,0.0
1313,110,Fagus',0,0,0,0,0,0,0,0.0,0.0,0.0,0.0,0.0,0.0,0.0,0.0
1313,110,Fraxinus',0,718,951,179,0,0,0,46.70491409301758,20.021081924438477,738.9160432628814,36.73956107857045,52379.99296074152,257228.16738579905,0.1270370897616364,582.9559535334143
1313,110,Gleditsia',0,54,0,0,0,0,0,3.469329357147217,3.404524326324463,14.745771326596222,0.032975088498076226,58.817633438110356,932.4671450537261,0.00034297942117601717,5.430436147876002
1313,110,Gordonia',0,25,49,0,0,0,0,25.647554397583008,14.485710144042969,32.63150248289108,2.367352593651752,2965.4307066226006,47333.20855853488,0.007061189844998598,111.68806932572883
1313,110,Gymnocladus',0,0,0,0,0,0,0,0.0,0.0,0.0,0.0,0.0,0.0,0.0,0.0
1313,110,Halesia',0,0,0,0,0,0,0,0.0,0.0,0.0,0.0,0.0,0.0,0.0,0.0
1313,110,Ilex',0,0,0,14,0,0,0,32.7354621887207,12.318048477172852,15.193379406929015,1.2085963418316905,1516.8782841920854,33918.42957046745,0.0035903004003365966,80.28155754797334
1313,110,Juglans',0,0,0,0,0,0,0,0.0,0.0,0.0,0.0,0.0,0.0,0.0,0.0
1313,110,Juniperus',0,0,23,0,0,0,0,20.27968406677246,14.222888946533203,7.367995736598968,0.7739253369616569,942.4547431731224,21073.928714522037,0.002200770477215418,49.21072389928311
1313,110,Larix',0,0,0,0,0,0,0,0.0,0.0,0.0,0.0,0.0,0.0,0.0,0.0
1313,110,Liquidambar',0,0,0,0,0,0,0,0.0,0.0,0.0,0.0,0.0,0.0,0.0,0.0
1313,110,Liriodendron',0,1933,2446,297,12,0,0,58.26895523071289,20.15543556213379,1994.2489044998972,92.79694700851988,89566.02459090404,232761.14021377766,0.22774393176172936,538.0145998003173
1313,110,Lithocarpus',0,0,0,0,0,0,0,0.0,0.0,0.0,0.0,0.0,0.0,0.0,0.0
1313,110,Maclura',0,38,44,23,0,0,0,28.29159164428711,11.42253303527832,51.06599504811854,2.0246858384153468,3431.4236858773234,59594.80349118645,0.008360509263932628,136.81591451692395
1313,110,Magnolia',0,0,34,0,0,0,0,23.423702239990234,12.515161514282227,12.17328198725664,1.4909979885417164,1718.2134597420693,38420.420958383336,0.003929380567173198,87.86362057665927
1313,110,Malus',0,0,0,0,0,0,0,0.0,0.0,0.0,0.0,0.0,0.0,0.0,0.0
1313,110,Morus',0,0,0,0,0,0,0,0.0,0.0,0.0,0.0,0.0,0.0,0.0,0.0
1313,110,Nyssa',0,0,63,0,4,0,0,52.090824127197266,19.229713439941406,33.30601380029811,2.543637822149519,3119.316497050524,43589.89193565778,0.007411273052811656,102.4097466442073
1313,110,Olneya',0,0,0,0,0,0,0,0.0,0.0,0.0,0.0,0.0,0.0,0.0,0.0
1313,110,Ostrya',0,0,0,0,0,0,0,0.0,0.0,0.0,0.0,0.0,0.0,0.0,0.0
1313,110,Oxydendron',0,0,0,0,0,0,0,0.0,0.0,0.0,0.0,0.0,0.0,0.0,0.0
1313,110,Paulownia',0,200,0,0,0,0,0,7.96999979019165,4.445562839508057,62.79932509966288,0.3412502226836725,220.95520086705685,2545.957452105072,0.0013950427314359647,15.221711856054807
1313,110,Persea',0,96,0,0,0,0,0,2.5665721893310547,2.8759894371032715,16.205364807248113,0.03877518929019009,71.62445319473744,1052.384817250331,0.00039324294125575636,5.795625345147806
1313,110,Picea',0,0,0,0,0,0,0,0.0,0.0,0.0,0.0,0.0,0.0,0.0,0.0
1313,110,Pinus',0,545,1538,487,37,1,7,124.2193603515625,32.3116340637207,1000.818094915077,109.46771146492173,169384.2431314599,506148.0669448056,0.39086569116784486,1138.432483140647
1313,110,Planera',0,0,0,0,0,0,0,0.0,0.0,0.0,0.0,0.0,0.0,0.0,0.0
1313,110,Platanus',0,35,57,0,0,0,0,12.991701126098633,4.98396110534668,70.97051703854451,0.6731624307786159,589.1676519370079,8286.602000769552,0.0023309214718639716,30.817339266446254
1313,110,Populus',0,330,0,0,0,0,0,6.503419399261475,3.7447116374969482,109.17190517263509,0.35094005379319093,379.76609531357883,2860.6430922563086,0.002415514868459195,19.38536112118933
1313,110,Prosopis',0,0,0,0,0,0,0,0.0,0.0,0.0,0.0,0.0,0.0,0.0,0.0
1313,110,Prunus',0,31,0,0,0,0,0,1.7989670038223267,2.187776803970337,0.0,0.00805232786564011,11.80749873161316,264.0236980812956,2.623888688161969e-05,0.5867193472122925
1313,110,Pseudotsuga',0,0,0,0,0,0,0,0.0,0.0,0.0,0.0,0.0,0.0,0.0,0.0
1313,110,Quercus',0,92,39,113,7,0,0,55.32370376586914,19.94850730895996,117.05848087898536,13.611160892732187,21899.197442750334,209853.40049617027,0.0503500038339006,476.01004157521675
1313,110,Robinia',0,0,0,0,0,0,0,0.0,0.0,0.0,0.0,0.0,0.0,0.0,0.0
1313,110,Salix',0,201,0,0,0,0,0,7.434927940368652,5.621748924255371,71.44655878738133,0.5293168004045323,399.27561953514817,3791.0164919663907,0.0019157920692479255,17.495486199955042
1313,110,Sassafras',0,0,0,0,0,0,0,0.0,0.0,0.0,0.0,0.0,0.0,0.0,0.0
1313,110,Sequoia',0,0,0,0,0,0,0,0.0,0.0,0.0,0.0,0.0,0.0,0.0,0.0
1313,110,Sequoiadendron',0,0,0,0,0,0,0,0.0,0.0,0.0,0.0,0.0,0.0,0.0,0.0
1313,110,Sorbus',0,0,0,0,0,0,0,0.0,0.0,0.0,0.0,0.0,0.0,0.0,0.0
1313,110,Taxodium',0,11,32,36,0,1,0,73.9569091796875,17.63127899169922,54.651820952002,4.390660833065958,4070.9175222527983,58968.866544679986,0.009833226917609447,140.10843994098474
1313,110,Taxus',0,0,0,0,0,0,0,0.0,0.0,0.0,0.0,0.0,0.0,0.0,0.0
1313,110,Thuja',0,0,0,0,0,0,0,0.0,0.0,0.0,0.0,0.0,0.0,0.0,0.0
1313,110,Tilia',0,0,0,0,0,0,0,0.0,0.0,0.0,0.0,0.0,0.0,0.0,0.0
1313,110,Torreya',0,46,68,0,0,0,0,27.970184326171875,12.99964714050293,54.18016514539718,3.7325474718377616,4673.94651112318,70643.85845206783,0.011169150299489606,164.58162164969568
1313,110,Tsuga',0,0,0,0,0,0,0,0.0,0.0,0.0,0.0,0.0,0.0,0.0,0.0
1313,110,Ulmus',0,34,0,0,0,0,0,5.001084327697754,3.836016893386841,10.655618785302849,0.06725924572505228,71.97360342979431,1609.378698546324,0.0003133348947167348,7.006381243093575
1313,110,Umbellularia',0,0,0,0,0,0,0,0.0,0.0,0.0,0.0,0.0,0.0,0.0,0.0
1313,120,Abies',0,0,0,0,0,0,0,0.0,0.0,0.0,0.0,0.0,0.0,0.0,0.0
1313,120,Acer',0,551,263,0,0,0,0,23.10720443725586,14.478811264038086,319.54266202624274,5.183468270753737,6308.806694655567,43286.58740093041,0.018619564866266678,109.24949362697866
1313,120,Aesculus',0,0,0,0,0,0,0,0.0,0.0,0.0,0.0,0.0,0.0,0.0,0.0
1313,120,Ailanthus',0,0,0,0,0,0,0,0.0,0.0,0.0,0.0,0.0,0.0,0.0,0.0
1313,120,Alnus',0,0,0,0,0,0,0,0.0,0.0,0.0,0.0,0.0,0.0,0.0,0.0
1313,120,Amelanchier',0,0,0,0,0,0,0,0.0,0.0,0.0,0.0,0.0,0.0,0.0,0.0
1313,120,Arbutus',0,0,0,0,0,0,0,0.0,0.0,0.0,0.0,0.0,0.0,0.0,0.0
1313,120,Asimina',0,0,0,0,0,0,0,0.0,0.0,0.0,0.0,0.0,0.0,0.0,0.0
1313,120,Betula',0,0,0,0,0,0,0,0.0,0.0,0.0,0.0,0.0,0.0,0.0,0.0
1313,120,Calocedrus',0,0,0,0,0,0,0,0.0,0.0,0.0,0.0,0.0,0.0,0.0,0.0
1313,120,Carpinus',0,0,0,0,0,0,0,0.0,0.0,0.0,0.0,0.0,0.0,0.0,0.0
1313,120,Carya',0,28,87,0,0,0,0,25.410804748535156,17.513765335083008,60.469163911817944,2.154232776041003,3343.806477507949,36655.663186722515,0.008301168255768692,88.55308616732995
1313,120,Castanea',0,0,0,0,0,0,0,0.0,0.0,0.0,0.0,0.0,0.0,0.0,0.0
1313,120,Catalpa',0,76,56,3,0,0,0,47.686500549316406,12.194060325622559,84.43321341955209,0.9283219377609064,750.4736259317398,7683.116398739927,0.002883182140976199,29.1909872326295
1313,120,Celtis',0,92,17,0,0,0,0,17.132469177246094,10.296061515808105,34.61693580580663,0.45139368350415277,538.0734027630091,10465.905095018323,0.0016940486788689234,29.22548362358336
1313,120,Cercis',0,0,0,0,0,0,0,0.0,0.0,0.0,0.0,0.0,0.0,0.0,0.0
1313,120,Cercocarpus',0,0,0,0,0,0,0,0.0,0.0,0.0,0.0,0.0,0.0,0.0,0.0
1313,120,Chamaecyparis',0,0,0,0,0,0,0,0.0,0.0,0.0,0.0,0.0,0.0,0.0,0.0
1313,120,Chilopsis',0,0,0,0,0,0,0,0.0,0.0,0.0,0.0,0.0,0.0,0.0,0.0
1313,120,Chrysolepis',0,0,0,0,0,0,0,0.0,0.0,0.0,0.0,0.0,0.0,0.0,0.0
1313,120,Cladrastis',0,0,0,0,0,0,0,0.0,0.0,0.0,0.0,0.0,0.0,0.0,0.0
1313,120,Comus',0,0,0,0,0,0,0,0.0,0.0,0.0,0.0,0.0,0.0,0.0,0.0
1313,120,Cornus',0,0,0,0,0,0,0,0.0,0.0,0.0,0.0,0.0,0.0,0.0,0.0
1313,120,Crataegus',0,0,0,0,0,0,0,0.0,0.0,0.0,0.0,0.0,0.0,0.0,0.0
1313,120,Cupressus',0,0,0,0,0,0,0,0.0,0.0,0.0,0.0,0.0,0.0,0.0,0.0
1313,120,Diospyros',0,39,0,0,0,0,0,1.9440162181854248,2.258347272872925,5.723311146603354,0.011587759096745578,27.64839241027832,618.2368489797154,0.0001438311160802817,3.2161615283517313
1313,120,Elaeagnus',0,0,0,0,0,0,0,0.0,0.0,0.0,0.0,0.0,0.0,0.0,0.0
1313,120,Fagus',0,0,0,0,0,0,0,0.0,0.0,0.0,0.0,0.0,0.0,0.0,0.0
1313,120,Fraxinus',0,786,702,158,13,0,0,49.913108825683594,20.8424015045166,667.80031567463,32.50216049897215,48612.80880107135,278793.79534975206,0.11764181929040457,631.3908845221456
1313,120,Gleditsia',0,21,34,0,0,0,0,8.437889099121094,6.1526007652282715,19.115336033739617,0.2645052090723398,293.5358660900593,5129.664353977046,0.000927477811828245,15.884923116179518
1313,120,Gordonia',0,0,0,49,0,0,0,29.69272232055664,15.52900505065918,27.958980363607406,3.3003251532431737,4357.015944474935,69333.90560840582,0.010086109514534492,160.57811327736104
1313,120,Gymnocladus',0,0,0,0,0,0,0,0.0,0.0,0.0,0.0,0.0,0.0,0.0,0.0
1313,120,Halesia',0,0,0,0,0,0,0,0.0,0.0,0.0,0.0,0.0,0.0,0.0,0.0
1313,120,Ilex',0,0,0,14,0,0,0,39.281837463378906,13.420016288757324,6.747797553539276,1.7403151862691553,2286.504288032055,51127.790188844476,0.005178588863094664,115.7967672540304
1313,120,Juglans',0,0,0,0,0,0,0,0.0,0.0,0.0,0.0,0.0,0.0,0.0,0.0
1313,120,Juniperus',0,0,0,0,0,0,0,0.0,0.0,0.0,0.0,0.0,0.0,0.0,0.0
1313,120,Larix',0,0,0,0,0,0,0,0.0,0.0,0.0,0.0,0.0,0.0,0.0,0.0
1313,120,Liquidambar',0,0,0,0,0,0,0,0.0,0.0,0.0,0.0,0.0,0.0,0.0,0.0
1313,120,Liriodendron',0,2269,2404,222,27,0,0,70.69718170166016,22.569774627685547,2091.5740126267638,86.91858223883604,83832.36321565181,221092.1178275312,0.21640350952251738,510.04802567817774
1313,120,Lithocarpus',0,0,0,0,0,0,0,0.0,0.0,0.0,0.0,0.0,0.0,0.0,0.0
1313,120,Maclura',0,0,11,0,0,0,0,22.256914138793945,9.976325035095215,7.455822350103643,0.4606504339042247,761.8379940319062,17035.21542497422,0.001800304000616083,40.256021255423875
1313,120,Magnolia',0,25,34,0,0,0,0,24.871084213256836,13.07293701171875,32.306610689133024,1.7275153744886778,2059.944806611538,44514.615289861526,0.0048725784013668024,100.50460934247327
1313,120,Malus',0,0,0,0,0,0,0,0.0,0.0,0.0,0.0,0.0,0.0,0.0,0.0
1313,120,Morus',0,0,0,0,0,0,0,0.0,0.0,0.0,0.0,0.0,0.0,0.0,0.0
1313,120,Nyssa',0,0,0,0,0,0,0,0.0,0.0,0.0,0.0,0.0,0.0,0.0,0.0
1313,120,Olneya',0,0,0,0,0,0,0,0.0,0.0,0.0,0.0,0.0,0.0,0.0,0.0
1313,120,Ostrya',0,0,0,0,0,0,0,0.0,0.0,0.0,0.0,0.0,0.0,0.0,0.0
1313,120,Oxydendron',0,0,0,0,0,0,0,0.0,0.0,0.0,0.0,0.0,0.0,0.0,0.0
1313,120,Paulownia',0,170,0,0,0,0,0,9.890625,5.125216484069824,34.50726907653144,0.06943930879772964,79.83905963540077,922.3145854561114,0.0006741714448495747,8.215302940003133
1313,120,Persea',0,60,35,0,0,0,0,8.234152793884277,5.923862934112549,30.54487463355064,0.29678548461214566,333.61181915163996,5280.884041605401,0.00118256336243017,18.896315578944666
1313,120,Picea',0,0,0,0,0,0,0,0.0,0.0,0.0,0.0,0.0,0.0,0.0,0.0
1313,120,Pinus',0,605,1625,563,54,1,8,132.35836791992188,32.775848388671875,1119.884054390192,126.67892591722351,199162.82257967532,561592.7822992534,0.45876015083516986,1264.26200055347
1313,120,Planera',0,0,0,0,0,0,0,0.0,0.0,0.0,0.0,0.0,0.0,0.0,0.0
1313,120,Platanus',0,114,57,0,0,0,0,17.4735107421875,6.16066312789917,98.87842842955378,1.165162511069137,1025.031074528098,13022.80485657911,0.003701256757508961,42.73635495000732
1313,120,Populus',0,57,118,0,0,0,0,15.976165771484375,6.996905326843262,68.27537539921984,1.4171308914693752,952.9042752665282,10147.692650833422,0.0031004269921071866,30.85378806658721
1313,120,Prosopis',0,0,0,0,0,0,0,0.0,0.0,0.0,0.0,0.0,0.0,0.0,0.0
1313,120,Prunus',0,0,0,0,0,0,0,0.0,0.0,0.0,0.0,0.0,0.0,0.0,0.0
1313,120,Pseudotsuga',0,0,0,0,0,0,0,0.0,0.0,0.0,0.0,0.0,0.0,0.0,0.0
1313,120,Quercus',0,67,102,113,6,0,0,54.442161560058594,21.0340633392334,121.42893179590942,15.91633275004811,25785.107245807052,240862.0185407453,0.05904827457715221,544.6047769916725
1313,120,Robinia',0,0,0,0,0,0,0,0.0,0.0,0.0,0.0,0.0,0.0,0.0,0.0
1313,120,Salix',0,105,40,0,0,0,0,16.96712875366211,10.224417686462402,38.149382519665394,0.6142402785022645,502.99521329134706,7435.956209923916,0.0016669486775426144,23.217730857596905
1313,120,Sassafras',0,29,0,0,0,0,0,2.3737428188323975,3.766538619995117,5.3722221677816355,0.013152430459736695,17.0734020280838,381.77287541977904,0.00011527701673004679,2.5776724565176767
1313,120,Sequoia',0,0,0,0,0,0,0,0.0,0.0,0.0,0.0,0.0,0.0,0.0,0.0
1313,120,Sequoiadendron',0,0,0,0,0,0,0,0.0,0.0,0.0,0.0,0.0,0.0,0.0,0.0
1313,120,Sorbus',0,0,0,0,0,0,0,0.0,0.0,0.0,0.0,0.0,0.0,0.0,0.0
1313,120,Taxodium',0,0,44,36,0,1,0,86.63932800292969,19.51552963256836,100.01771084115474,5.455604923272083,5325.234415297508,71474.21603722885,0.013273665157556557,174.95232150328914
1313,120,Taxus',0,0,0,0,0,0,0,0.0,0.0,0.0,0.0,0.0,0.0,0.0,0.0
1313,120,Thuja',0,0,0,0,0,0,0,0.0,0.0,0.0,0.0,0.0,0.0,0.0,0.0
1313,120,Tilia',0,0,0,0,0,0,0,0.0,0.0,0.0,0.0,0.0,0.0,0.0,0.0
1313,120,Torreya',0,0,84,0,0,0,0,25.801843643188477,12.509639739990234,35.97378494977951,2.5886390966717743,3136.3223649668694,57174.87835893789,0.007489226501623718,131.5340548047963
1313,120,Tsuga',0,0,0,0,0,0,0,0.0,0.0,0.0,0.0,0.0,0.0,0.0,0.0
1313,120,Ulmus',0,5,0,0,0,0,0,5.425164699554443,4.032465934753418,2.2290123867083196,0.013314909509417017,14.523573017120361,324.7569654246305,6.436247956752761e-05,1.4391887951343216
1313,120,Umbellularia',0,0,0,0,0,0,0,0.0,0.0,0.0,0.0,0.0,0.0,0.0,0.0
1313,130,Abies',0,0,0,0,0,0,0,0.0,0.0,0.0,0.0,0.0,0.0,0.0,0.0
1313,130,Acer',0,580,432,0,0,0,0,20.395587921142578,13.242670059204102,444.42436181651306,6.679303954285393,8044.401275668927,48234.773414792064,0.024274182715274373,124.27977438837618
1313,130,Aesculus',0,0,0,0,0,0,0,0.0,0.0,0.0,0.0,0.0,0.0,0.0,0.0
1313,130,Ailanthus',0,0,0,0,0,0,0,0.0,0.0,0.0,0.0,0.0,0.0,0.0,0.0
1313,130,Alnus',0,0,0,0,0,0,0,0.0,0.0,0.0,0.0,0.0,0.0,0.0,0.0
1313,130,Amelanchier',0,0,0,0,0,0,0,0.0,0.0,0.0,0.0,0.0,0.0,0.0,0.0
1313,130,Arbutus',0,0,0,0,0,0,0,0.0,0.0,0.0,0.0,0.0,0.0,0.0,0.0
1313,130,Asimina',0,0,0,0,0,0,0,0.0,0.0,0.0,0.0,0.0,0.0,0.0,0.0
1313,130,Betula',0,0,0,0,0,0,0,0.0,0.0,0.0,0.0,0.0,0.0,0.0,0.0
1313,130,Calocedrus',0,0,0,0,0,0,0,0.0,0.0,0.0,0.0,0.0,0.0,0.0,0.0
1313,130,Carpinus',0,0,0,0,0,0,0,0.0,0.0,0.0,0.0,0.0,0.0,0.0,0.0
1313,130,Carya',0,73,92,12,0,0,0,34.32788848876953,19.524377822875977,82.98370745976136,2.979050067412612,4936.065153557956,54630.47808628465,0.0121636302262032,128.4514985386516
1313,130,Castanea',0,0,0,0,0,0,0,0.0,0.0,0.0,0.0,0.0,0.0,0.0,0.0
1313,130,Catalpa',0,74,0,0,0,0,0,6.158771991729736,3.430112600326538,23.793521766798403,0.18450615089425945,142.67844930291176,2299.181787320267,0.0006595842081941632,10.751648042988379
1313,130,Celtis',0,37,0,0,0,0,0,7.638340473175049,5.730359077453613,19.127895258649993,0.17137975166651562,171.453231716156,3833.8108107934845,0.0006563638414070123,14.67674167358982
1313,130,Cercis',0,0,0,0,0,0,0,0.0,0.0,0.0,0.0,0.0,0.0,0.0,0.0
1313,130,Cercocarpus',0,0,0,0,0,0,0,0.0,0.0,0.0,0.0,0.0,0.0,0.0,0.0
1313,130,Chamaecyparis',0,0,0,0,0,0,0,0.0,0.0,0.0,0.0,0.0,0.0,0.0,0.0
1313,130,Chilopsis',0,0,0,0,0,0,0,0.0,0.0,0.0,0.0,0.0,0.0,0.0,0.0
1313,130,Chrysolepis',0,0,0,0,0,0,0,0.0,0.0,0.0,0.0,0.0,0.0,0.0,0.0
1313,130,Cladrastis',0,0,0,0,0,0,0,0.0,0.0,0.0,0.0,0.0,0.0,0.0,0.0
1313,130,Comus',0,0,0,0,0,0,0,0.0,0.0,0.0,0.0,0.0,0.0,0.0,0.0
1313,130,Cornus',0,0,0,0,0,0,0,0.0,0.0,0.0,0.0,0.0,0.0,0.0,0.0
1313,130,Crataegus',0,0,0,0,0,0,0,0.0,0.0,0.0,0.0,0.0,0.0,0.0,0.0
1313,130,Cupressus',0,0,0,0,0,0,0,0.0,0.0,0.0,0.0,0.0,0.0,0.0,0.0
1313,130,Diospyros',0,0,0,0,0,0,0,0.0,0.0,0.0,0.0,0.0,0.0,0.0,0.0
1313,130,Elaeagnus',0,0,0,0,0,0,0,0.0,0.0,0.0,0.0,0.0,0.0,0.0,0.0
1313,130,Fagus',0,0,0,0,0,0,0,0.0,0.0,0.0,0.0,0.0,0.0,0.0,0.0
1313,130,Fraxinus',0,1044,751,76,14,0,0,57.450660705566406,22.605249404907227,659.3601587997111,29.693069905185638,43141.90671122685,255956.33668928634,0.10536276117722514,579.6518484052943
1313,130,Gleditsia',0,5,56,0,0,0,0,14.029071807861328,8.906986236572266,24.05351266830782,0.8362934743477528,1032.5712960577011,16878.24076407659,0.0026408665875196718,42.403166532305946
1313,130,Gordonia',0,20,0,23,0,0,0,32.83387756347656,16.22244644165039,14.315642411708831,1.9660857226847623,2688.442961137295,59863.917621058965,0.00618109880975879,137.14020875113127
1313,130,Gymnocladus',0,0,0,0,0,0,0,0.0,0.0,0.0,0.0,0.0,0.0,0.0,0.0
1313,130,Halesia',0,0,0,0,0,0,0,0.0,0.0,0.0,0.0,0.0,0.0,0.0,0.0
1313,130,Ilex',0,0,0,14,0,0,0,44.976341247558594,14.203225135803223,18.883174858093263,2.281458472310028,3147.6753226852416,70384.15992622772,0.007267591077645667,162.50827682286638
1313,130,Juglans',0,0,0,0,0,0,0,0.0,0.0,0.0,0.0,0.0,0.0,0.0,0.0
1313,130,Juniperus',0,0,0,0,0,0,0,0.0,0.0,0.0,0.0,0.0,0.0,0.0,0.0
1313,130,Larix',0,0,0,0,0,0,0,0.0,0.0,0.0,0.0,0.0,0.0,0.0,0.0
1313,130,Liquidambar',0,0,0,0,0,0,0,0.0,0.0,0.0,0.0,0.0,0.0,0.0,0.0
1313,130,Liriodendron',0,1880,2599,241,11,3,0,88.79386901855469,25.424949645996094,2124.3845750004807,90.54693742155783,86942.46555819124,213000.979731054,0.22378717476466833,495.14374128253803
1313,130,Lithocarpus',0,0,0,0,0,0,0,0.0,0.0,0.0,0.0,0.0,0.0,0.0,0.0
1313,130,Maclura',0,47,0,11,0,0,0,28.793025970458984,11.53026294708252,17.065934183052445,0.8294866209270735,1480.1945579449832,31021.45137680269,0.0035349946522833645,70.90892289006436
1313,130,Magnolia',0,0,34,0,0,0,0,26.222694396972656,13.581605911254883,13.869894824073283,1.8686183419373656,2281.9648137509826,51026.28445809797,0.005197649749020696,116.2229816204477
1313,130,Malus',0,0,0,0,0,0,0,0.0,0.0,0.0,0.0,0.0,0.0,0.0,0.0
1313,130,Morus',0,0,0,0,0,0,0,0.0,0.0,0.0,0.0,0.0,0.0,0.0,0.0
1313,130,Nyssa',0,0,0,0,0,0,0,0.0,0.0,0.0,0.0,0.0,0.0,0.0,0.0
1313,130,Olneya',0,0,0,0,0,0,0,0.0,0.0,0.0,0.0,0.0,0.0,0.0,0.0
1313,130,Ostrya',0,0,0,0,0,0,0,0.0,0.0,0.0,0.0,0.0,0.0,0.0,0.0
1313,130,Oxydendron',0,0,0,0,0,0,0,0.0,0.0,0.0,0.0,0.0,0.0,0.0,0.0
1313,130,Paulownia',0,229,44,0,0,0,0,10.520500183105469,5.341978549957275,81.30362282259553,0.6275293588623175,372.2228513354063,3842.439580661951,0.001997572711403711,18.58132777830081
1313,130,Persea',0,38,35,0,0,0,0,13.191079139709473,8.166281700134277,21.05596179962158,0.6611460946972129,706.4860216140747,12499.680587495513,0.0018741105230649286,32.709734621142914
1313,130,Picea',0,0,0,0,0,0,0,0.0,0.0,0.0,0.0,0.0,0.0,0.0,0.0
1313,130,Pinus',0,613,1705,618,55,9,7,137.0,33.01020050048828,1096.6083323998748,141.1308026079589,224043.8793309437,609012.5027365453,0.5137151823095311,1368.7768526796697
1313,130,Planera',0,36,0,0,0,0,0,1.2510650157928467,2.0185961723327637,2.774474664202219,0.004518821056463202,9.762502185702324,218.29618517720743,6.163455403339948e-05,1.3781905258156513
1313,130,Platanus',0,39,67,0,0,0,0,15.414380073547363,5.625769138336182,99.83449403620973,0.953382958509677,848.7232163357735,13037.653165037624,0.0033232245788052703,45.11369547517145
1313,130,Populus',0,80,35,0,0,0,0,11.255770683288574,5.420123100280762,43.790431011326696,0.4980662723246726,352.45277653694154,5318.588126452997,0.0014136159721105427,18.25199509662457
1313,130,Prosopis',0,0,0,0,0,0,0,0.0,0.0,0.0,0.0,0.0,0.0,0.0,0.0
1313,130,Prunus',0,0,0,0,0,0,0,0.0,0.0,0.0,0.0,0.0,0.0,0.0,0.0
1313,130,Pseudotsuga',0,0,0,0,0,0,0,0.0,0.0,0.0,0.0,0.0,0.0,0.0,0.0
1313,130,Quercus',0,33,99,153,6,0,0,58.806209564208984,21.999469757080078,107.85375588396681,18.198757237203754,30063.27486915171,274707.8158879954,0.06835989286420473,620.442840937639
1313,130,Robinia',0,0,0,0,0,0,0,0.0,0.0,0.0,0.0,0.0,0.0,0.0,0.0
1313,130,Salix',0,56,14,0,0,0,0,25.923974990844727,13.754202842712402,32.67622523104088,0.7939599961999946,776.3567966377735,15596.458671426733,0.002195629718601707,38.77586634098239
1313,130,Sassafras',0,0,0,0,0,0,0,0.0,0.0,0.0,0.0,0.0,0.0,0.0,0.0
1313,130,Sequoia',0,0,0,0,0,0,0,0.0,0.0,0.0,0.0,0.0,0.0,0.0,0.0
1313,130,Sequoiadendron',0,0,0,0,0,0,0,0.0,0.0,0.0,0.0,0.0,0.0,0.0,0.0
1313,130,Sorbus',0,0,0,0,0,0,0,0.0,0.0,0.0,0.0,0.0,0.0,0.0,0.0
1313,130,Taxodium',0,0,44,36,0,0,1,98.99877166748047,21.16104507446289,62.57649544485007,6.60976429915105,6653.574172147512,83042.16727191751,0.01568654406329993,193.17490900996364
1313,130,Taxus',0,0,0,0,0,0,0,0.0,0.0,0.0,0.0,0.0,0.0,0.0,0.0
1313,130,Thuja',0,0,0,0,0,0,0,0.0,0.0,0.0,0.0,0.0,0.0,0.0,0.0
1313,130,Tilia',0,0,0,0,0,0,0,0.0,0.0,0.0,0.0,0.0,0.0,0.0,0.0
1313,130,Torreya',0,0,84,0,0,0,0,27.30910873413086,12.85507869720459,28.90990343928337,3.2852674693372172,4035.727322262526,67579.44111125718,0.009385870605647528,156.2199389486164
1313,130,Tsuga',0,0,0,0,0,0,0,0.0,0.0,0.0,0.0,0.0,0.0,0.0,0.0
1313,130,Ulmus',0,0,0,0,0,0,0,0.0,0.0,0.0,0.0,0.0,0.0,0.0,0.0
1313,130,Umbellularia',0,0,0,0,0,0,0,0.0,0.0,0.0,0.0,0.0,0.0,0.0,0.0
1313,140,Abies',0,0,0,0,0,0,0,0.0,0.0,0.0,0.0,0.0,0.0,0.0,0.0
1313,140,Acer',0,623,448,0,0,0,0,26.92957878112793,16.105892181396484,437.0240338995486,8.201492269366314,10054.837134274245,57663.782054164214,0.02863528595635654,143.78387022603195
1313,140,Aesculus',0,0,0,0,0,0,0,0.0,0.0,0.0,0.0,0.0,0.0,0.0,0.0
1313,140,Ailanthus',0,0,0,0,0,0,0,0.0,0.0,0.0,0.0,0.0,0.0,0.0,0.0
1313,140,Alnus',0,0,0,0,0,0,0,0.0,0.0,0.0,0.0,0.0,0.0,0.0,0.0
1313,140,Amelanchier',0,0,0,0,0,0,0,0.0,0.0,0.0,0.0,0.0,0.0,0.0,0.0
1313,140,Arbutus',0,0,0,0,0,0,0,0.0,0.0,0.0,0.0,0.0,0.0,0.0,0.0
1313,140,Asimina',0,0,0,0,0,0,0,0.0,0.0,0.0,0.0,0.0,0.0,0.0,0.0
1313,140,Betula',0,0,0,0,0,0,0,0.0,0.0,0.0,0.0,0.0,0.0,0.0,0.0
1313,140,Calocedrus',0,0,0,0,0,0,0,0.0,0.0,0.0,0.0,0.0,0.0,0.0,0.0
1313,140,Carpinus',0,0,0,0,0,0,0,0.0,0.0,0.0,0.0,0.0,0.0,0.0,0.0
1313,140,Carya',0,92,89,9,0,0,0,35.29684066772461,20.96746253967285,71.36423215741597,2.8881147115816987,4996.3952267354725,64590.495244973165,0.012130428110631109,148.7262480676844
1313,140,Castanea',0,0,0,0,0,0,0,0.0,0.0,0.0,0.0,0.0,0.0,0.0,0.0
1313,140,Catalpa',0,0,0,0,0,0,0,0.0,0.0,0.0,0.0,0.0,0.0,0.0,0.0
1313,140,Celtis',0,77,0,0,0,0,0,3.170660972595215,3.229588031768799,12.08308826518964,0.03133861850988325,48.09013882160187,993.2421233771692,0.0002808097455073105,6.09144064275371
1313,140,Cercis',0,0,0,0,0,0,0,0.0,0.0,0.0,0.0,0.0,0.0,0.0,0.0
1313,140,Cercocarpus',0,0,0,0,0,0,0,0.0,0.0,0.0,0.0,0.0,0.0,0.0,0.0
1313,140,Chamaecyparis',0,0,0,0,0,0,0,0.0,0.0,0.0,0.0,0.0,0.0,0.0,0.0
1313,140,Chilopsis',0,0,0,0,0,0,0,0.0,0.0,0.0,0.0,0.0,0.0,0.0,0.0
1313,140,Chrysolepis',0,0,0,0,0,0,0,0.0,0.0,0.0,0.0,0.0,0.0,0.0,0.0
1313,140,Cladrastis',0,0,0,0,0,0,0,0.0,0.0,0.0,0.0,0.0,0.0,0.0,0.0
1313,140,Comus',0,0,0,0,0,0,0,0.0,0.0,0.0,0.0,0.0,0.0,0.0,0.0
1313,140,Cornus',0,0,0,0,0,0,0,0.0,0.0,0.0,0.0,0.0,0.0,0.0,0.0
1313,140,Crataegus',0,0,0,0,0,0,0,0.0,0.0,0.0,0.0,0.0,0.0,0.0,0.0
1313,140,Cupressus',0,0,0,0,0,0,0,0.0,0.0,0.0,0.0,0.0,0.0,0.0,0.0
1313,140,Diospyros',0,0,0,0,0,0,0,0.0,0.0,0.0,0.0,0.0,0.0,0.0,0.0
1313,140,Elaeagnus',0,0,0,0,0,0,0,0.0,0.0,0.0,0.0,0.0,0.0,0.0,0.0
1313,140,Fagus',0,0,0,0,0,0,0,0.0,0.0,0.0,0.0,0.0,0.0,0.0,0.0
1313,140,Fraxinus',0,1087,774,96,13,0,0,70.37612915039062,24.243167877197266,713.7372787798978,29.327202990884906,42178.90120686546,250436.99501461684,0.10400553636047688,567.1481837501416
1313,140,Gleditsia',0,0,21,0,0,0,0,19.21302032470703,11.175712585449219,9.70557080039495,0.6215927590903395,873.8949876403809,19540.885975602363,0.0020817059535980053,46.54836021411103
1313,140,Gordonia',0,0,0,23,0,0,0,36.76688003540039,16.968130111694336,11.329760373830794,2.4504127412454455,3466.663128293753,77516.94409956953,0.007867347568094811,175.91923964877762
1313,140,Gymnocladus',0,0,0,0,0,0,0,0.0,0.0,0.0,0.0,0.0,0.0,0.0,0.0
1313,140,Halesia',0,0,0,0,0,0,0,0.0,0.0,0.0,0.0,0.0,0.0,0.0,0.0
1313,140,Ilex',0,0,0,0,0,0,0,0.0,0.0,0.0,0.0,0.0,0.0,0.0,0.0
1313,140,Juglans',0,0,0,0,0,0,0,0.0,0.0,0.0,0.0,0.0,0.0,0.0,0.0
1313,140,Juniperus',0,0,0,0,0,0,0,0.0,0.0,0.0,0.0,0.0,0.0,0.0,0.0
1313,140,Larix',0,0,0,0,0,0,0,0.0,0.0,0.0,0.0,0.0,0.0,0.0,0.0
1313,140,Liquidambar',0,0,0,0,0,0,0,0.0,0.0,0.0,0.0,0.0,0.0,0.0,0.0
1313,140,Liriodendron',0,1567,2759,347,21,3,0,105.67770385742188,27.519742965698242,2172.8408877985385,104.80500273853968,100646.37916662634,228187.02713275573,0.25493787279135693,530.8436915929819
1313,140,Lithocarpus',0,0,0,0,0,0,0,0.0,0.0,0.0,0.0,0.0,0.0,0.0,0.0
1313,140,Maclura',0,23,23,0,0,0,0,12.348429679870605,6.880237579345703,24.75506471304954,0.3532134909080115,516.6777287459373,9217.992630470075,0.0015045356718767344,25.116278134967345
1313,140,Magnolia',0,0,0,0,0,0,0,0.0,0.0,0.0,0.0,0.0,0.0,0.0,0.0
1313,140,Malus',0,0,0,0,0,0,0,0.0,0.0,0.0,0.0,0.0,0.0,0.0,0.0
1313,140,Morus',0,0,0,0,0,0,0,0.0,0.0,0.0,0.0,0.0,0.0,0.0,0.0
1313,140,Nyssa',0,10,0,0,0,0,0,5.518660068511963,4.83609676361084,9.100047964838486,0.02612039903478685,38.447974927425385,859.722855349304,0.00021644018927961478,4.839749762921363
1313,140,Olneya',0,0,0,0,0,0,0,0.0,0.0,0.0,0.0,0.0,0.0,0.0,0.0
1313,140,Ostrya',0,0,0,0,0,0,0,0.0,0.0,0.0,0.0,0.0,0.0,0.0,0.0
1313,140,Oxydendron',0,0,0,0,0,0,0,0.0,0.0,0.0,0.0,0.0,0.0,0.0,0.0
1313,140,Paulownia',0,63,80,0,0,0,0,20.62960433959961,8.442378044128418,65.3221435580827,1.2309124756673337,651.7443230950832,7674.998333260606,0.0023886692407745795,24.523158356774356
1313,140,Persea',0,0,73,0,0,0,0,16.774677276611328,9.576706886291504,18.86150007247925,1.102676489257651,1240.6227915763855,21577.72642725498,0.003029383449554398,51.63796622131108
1313,140,Picea',0,0,0,0,0,0,0,0.0,0.0,0.0,0.0,0.0,0.0,0.0,0.0
1313,140,Pinus',0,835,1567,525,63,18,6,114.00520324707031,31.61785316467285,1102.2129069428145,133.68683915577319,215765.8073693459,628015.4917822873,0.49540042751855823,1409.6180830117771
1313,140,Planera',0,0,0,0,0,0,0,0.0,0.0,0.0,0.0,0.0,0.0,0.0,0.0
1313,140,Platanus',0,50,31,0,0,0,0,12.012893676757812,4.720771789550781,50.91448473402216,0.508713689212166,440.2860694241524,7233.621191286756,0.001711355778565636,26.914353466937957
1313,140,Populus',0,120,22,0,0,0,0,11.165820121765137,5.389245510101318,74.10860095031653,0.4264491597324206,353.6627801001072,3972.8745140889196,0.0018527517799534865,19.70148279444043
1313,140,Prosopis',0,0,0,0,0,0,0,0.0,0.0,0.0,0.0,0.0,0.0,0.0,0.0
1313,140,Prunus',0,0,0,0,0,0,0,0.0,0.0,0.0,0.0,0.0,0.0,0.0,0.0
1313,140,Pseudotsuga',0,0,0,0,0,0,0,0.0,0.0,0.0,0.0,0.0,0.0,0.0,0.0
1313,140,Quercus',0,30,104,153,6,0,0,62.8172607421875,22.830081939697266,108.11326130941697,20.60343384527646,34648.58684126079,307963.2884110747,0.07855320995255524,695.1094720456366
1313,140,Robinia',0,0,0,0,0,0,0,0.0,0.0,0.0,0.0,0.0,0.0,0.0,0.0
1313,140,Salix',0,48,27,0,0,0,0,15.774280548095703,9.699766159057617,27.319625514689125,0.23263638551227442,184.2771341267228,3036.2747471550674,0.0008027859245189484,11.921368385975475
1313,140,Sassafras',0,0,0,0,0,0,0,0.0,0.0,0.0,0.0,0.0,0.0,0.0,0.0
1313,140,Sequoia',0,0,0,0,0,0,0,0.0,0.0,0.0,0.0,0.0,0.0,0.0,0.0
1313,140,Sequoiadendron',0,0,0,0,0,0,0,0.0,0.0,0.0,0.0,0.0,0.0,0.0,0.0
1313,140,Sorbus',0,0,0,0,0,0,0,0.0,0.0,0.0,0.0,0.0,0.0,0.0,0.0
1313,140,Taxodium',0,44,0,48,0,0,1,111.16878509521484,22.616302490234375,53.867476331187945,5.977814849296629,6571.10996333927,91806.35873793764,0.015377919162776426,213.42559261975256
1313,140,Taxus',0,0,0,0,0,0,0,0.0,0.0,0.0,0.0,0.0,0.0,0.0,0.0
1313,140,Thuja',0,0,0,0,0,0,0,0.0,0.0,0.0,0.0,0.0,0.0,0.0,0.0
1313,140,Tilia',0,0,0,0,0,0,0,0.0,0.0,0.0,0.0,0.0,0.0,0.0,0.0
1313,140,Torreya',0,1,46,0,0,0,0,25.28363037109375,12.385592460632324,18.468526933193207,1.5346601820519394,1840.9672290492058,33043.83870304634,0.0043578058476783565,78.24864963762481
1313,140,Tsuga',0,0,0,0,0,0,0,0.0,0.0,0.0,0.0,0.0,0.0,0.0,0.0
1313,140,Ulmus',0,0,0,0,0,0,0,0.0,0.0,0.0,0.0,0.0,0.0,0.0,0.0
1313,140,Umbellularia',0,0,0,0,0,0,0,0.0,0.0,0.0,0.0,0.0,0.0,0.0,0.0
1313,150,Abies',0,0,0,0,0,0,0,0.0,0.0,0.0,0.0,0.0,0.0,0.0,0.0
1313,150,Acer',0,597,319,0,0,0,0,26.50855255126953,15.933012962341309,413.2154527195741,8.107180437626715,10548.09687750116,72862.42244709752,0.029388681053369427,174.24050703367476
1313,150,Aesculus',0,0,0,0,0,0,0,0.0,0.0,0.0,0.0,0.0,0.0,0.0,0.0
1313,150,Ailanthus',0,0,0,0,0,0,0,0.0,0.0,0.0,0.0,0.0,0.0,0.0,0.0
1313,150,Alnus',0,0,0,0,0,0,0,0.0,0.0,0.0,0.0,0.0,0.0,0.0,0.0
1313,150,Amelanchier',0,0,0,0,0,0,0,0.0,0.0,0.0,0.0,0.0,0.0,0.0,0.0
1313,150,Arbutus',0,0,0,0,0,0,0,0.0,0.0,0.0,0.0,0.0,0.0,0.0,0.0
1313,150,Asimina',0,0,0,0,0,0,0,0.0,0.0,0.0,0.0,0.0,0.0,0.0,0.0
1313,150,Betula',0,0,0,0,0,0,0,0.0,0.0,0.0,0.0,0.0,0.0,0.0,0.0
1313,150,Calocedrus',0,0,0,0,0,0,0,0.0,0.0,0.0,0.0,0.0,0.0,0.0,0.0
1313,150,Carpinus',0,0,0,0,0,0,0,0.0,0.0,0.0,0.0,0.0,0.0,0.0,0.0
1313,150,Carya',0,78,109,9,0,0,0,39.11883544921875,22.030250549316406,91.56129256833957,4.0779189149228845,7066.688896689415,82152.95929796531,0.017021828636549396,186.80646491717772
1313,150,Castanea',0,0,0,0,0,0,0,0.0,0.0,0.0,0.0,0.0,0.0,0.0,0.0
1313,150,Catalpa',0,37,0,0,0,0,0,6.577098846435547,3.5645272731781006,18.728091445150252,0.1261149542418839,98.43762504577637,2201.132211459938,0.0004883515518903732,10.919872669443869
1313,150,Celtis',0,50,0,0,0,0,0,3.4227075576782227,3.3772923946380615,12.670841171771663,0.039907196571361624,56.05369126319886,1072.0288143297028,0.00030696755826473235,6.434570577627149
1313,150,Cercis',0,0,0,0,0,0,0,0.0,0.0,0.0,0.0,0.0,0.0,0.0,0.0
1313,150,Cercocarpus',0,0,0,0,0,0,0,0.0,0.0,0.0,0.0,0.0,0.0,0.0,0.0
1313,150,Chamaecyparis',0,0,0,0,0,0,0,0.0,0.0,0.0,0.0,0.0,0.0,0.0,0.0
1313,150,Chilopsis',0,0,0,0,0,0,0,0.0,0.0,0.0,0.0,0.0,0.0,0.0,0.0
1313,150,Chrysolepis',0,0,0,0,0,0,0,0.0,0.0,0.0,0.0,0.0,0.0,0.0,0.0
1313,150,Cladrastis',0,0,0,0,0,0,0,0.0,0.0,0.0,0.0,0.0,0.0,0.0,0.0
1313,150,Comus',0,0,0,0,0,0,0,0.0,0.0,0.0,0.0,0.0,0.0,0.0,0.0
1313,150,Cornus',0,0,0,0,0,0,0,0.0,0.0,0.0,0.0,0.0,0.0,0.0,0.0
1313,150,Crataegus',0,0,0,0,0,0,0,0.0,0.0,0.0,0.0,0.0,0.0,0.0,0.0
1313,150,Cupressus',0,0,0,0,0,0,0,0.0,0.0,0.0,0.0,0.0,0.0,0.0,0.0
1313,150,Diospyros',0,0,0,0,0,0,0,0.0,0.0,0.0,0.0,0.0,0.0,0.0,0.0
1313,150,Elaeagnus',0,0,0,0,0,0,0,0.0,0.0,0.0,0.0,0.0,0.0,0.0,0.0
1313,150,Fagus',0,0,0,0,0,0,0,0.0,0.0,0.0,0.0,0.0,0.0,0.0,0.0
1313,150,Fraxinus',0,804,1063,61,11,1,0,73.90011596679688,25.75337791442871,733.7633859517076,27.347420960332222,38237.26926139712,234089.78079286707,0.09553464205764559,529.9236471140251
1313,150,Gleditsia',0,0,0,0,0,0,0,0.0,0.0,0.0,0.0,0.0,0.0,0.0,0.0
1313,150,Gordonia',0,0,0,23,0,0,0,40.431861877441406,17.55784797668457,7.951278165578842,2.9632832607628394,4295.350764249563,96046.96296067795,0.009660075627624888,216.00585771157944
1313,150,Gymnocladus',0,0,0,0,0,0,0,0.0,0.0,0.0,0.0,0.0,0.0,0.0,0.0
1313,150,Halesia',0,36,0,0,0,0,0,0.7972660660743713,1.696056604385376,1.6797781037756156,0.0018371484867012956,6.506180623173714,145.48262147308554,3.863951901905295e-05,0.864005911444995
1313,150,Ilex',0,0,0,0,0,0,0,0.0,0.0,0.0,0.0,0.0,0.0,0.0,0.0
1313,150,Juglans',0,0,0,0,0,0,0,0.0,0.0,0.0,0.0,0.0,0.0,0.0,0.0
1313,150,Juniperus',0,0,0,0,0,0,0,0.0,0.0,0.0,0.0,0.0,0.0,0.0,0.0
1313,150,Larix',0,0,0,0,0,0,0,0.0,0.0,0.0,0.0,0.0,0.0,0.0,0.0
1313,150,Liquidambar',0,0,0,0,0,0,0,0.0,0.0,0.0,0.0,0.0,0.0,0.0,0.0
1313,150,Liriodendron',0,1446,2693,238,13,3,0,121.2750244140625,29.0678653717041,1920.043919722349,100.52292680212686,96304.46352050289,221112.20281573012,0.2416500168952302,514.8096080385053
1313,150,Lithocarpus',0,0,0,0,0,0,0,0.0,0.0,0.0,0.0,0.0,0.0,0.0,0.0
1313,150,Maclura',0,38,42,0,0,0,0,18.14297103881836,8.812115669250488,33.08677364565149,0.9477199514228941,1454.3565907609463,22973.335894361735,0.003708205925762685,55.52248154714495
1313,150,Magnolia',0,37,0,0,0,0,0,2.7120285034179688,2.8374083042144775,14.003051723105996,0.02162789341943988,33.93213173389435,758.7455317846565,0.00020323703996837197,4.54451836915122
1313,150,Malus',0,0,0,0,0,0,0,0.0,0.0,0.0,0.0,0.0,0.0,0.0,0.0
1313,150,Morus',0,0,0,0,0,0,0,0.0,0.0,0.0,0.0,0.0,0.0,0.0,0.0
1313,150,Nyssa',0,0,10,0,0,0,0,14.896013259887695,9.213772773742676,15.89633258460443,0.19030606098926597,214.50696955919267,4796.521655818398,0.0007055186708271503,15.775877073647951
1313,150,Olneya',0,0,0,0,0,0,0,0.0,0.0,0.0,0.0,0.0,0.0,0.0,0.0
1313,150,Ostrya',0,0,0,0,0,0,0,0.0,0.0,0.0,0.0,0.0,0.0,0.0,0.0
1313,150,Oxydendron',0,0,0,0,0,0,0,0.0,0.0,0.0,0.0,0.0,0.0,0.0,0.0
1313,150,Paulownia',0,124,2,0,0,0,0,24.432085037231445,9.442559242248535,11.948147234094293,0.07162657677525705,63.8551352840662,729.4439154065471,0.00031390051947393705,4.999682664764143
1313,150,Persea',0,0,73,0,0,0,0,19.491247177124023,10.54165267944336,20.040914821624757,1.5343932661088422,1815.2521697044374,31160.935262528037,0.004323373600641894,73.18329459712452
1313,150,Picea',0,0,0,0,0,0,0,0.0,0.0,0.0,0.0,0.0,0.0,0.0,0.0
1313,150,Pinus',0,720,1740,637,96,27,7,121.60250854492188,32.146488189697266,1183.5096357271075,137.464696736657,221893.88268821806,653192.8238315122,0.5101926585056518,1464.149937766
1313,150,Planera',0,0,0,0,0,0,0,0.0,0.0,0.0,0.0,0.0,0.0,0.0,0.0
1313,150,Platanus',0,0,0,0,0,0,0,0.0,0.0,0.0,0.0,0.0,0.0,0.0,0.0
1313,150,Populus',0,128,0,0,0,0,0,4.409815788269043,2.9773690700531006,43.397536492800405,0.09843517375052693,128.24099407434463,1763.9615729335874,0.0009097116280775525,13.297082259312381
1313,150,Prosopis',0,0,0,0,0,0,0,0.0,0.0,0.0,0.0,0.0,0.0,0.0,0.0
1313,150,Prunus',0,0,0,0,0,0,0,0.0,0.0,0.0,0.0,0.0,0.0,0.0,0.0
1313,150,Pseudotsuga',0,0,0,0,0,0,0,0.0,0.0,0.0,0.0,0.0,0.0,0.0,0.0
1313,150,Quercus',0,37,104,113,6,0,0,66.92887878417969,23.628721237182617,80.74130198034115,19.798644829463928,34939.75966679201,327034.1852681446,0.07880622582330947,733.8278986179182
1313,150,Robinia',0,0,0,0,0,0,0,0.0,0.0,0.0,0.0,0.0,0.0,0.0,0.0
1313,150,Salix',0,218,0,0,0,0,0,6.8072333335876465,5.283524513244629,41.07371682984919,0.18962448740166424,170.7754275405407,1742.297683321725,0.0009707799236425168,9.95980486196839
1313,150,Sassafras',0,0,0,0,0,0,0,0.0,0.0,0.0,0.0,0.0,0.0,0.0,0.0
1313,150,Sequoia',0,0,0,0,0,0,0,0.0,0.0,0.0,0.0,0.0,0.0,0.0,0.0
1313,150,Sequoiadendron',0,0,0,0,0,0,0,0.0,0.0,0.0,0.0,0.0,0.0,0.0,0.0
1313,150,Sorbus',0,0,0,0,0,0,0,0.0,0.0,0.0,0.0,0.0,0.0,0.0,0.0
1313,150,Taxodium',0,0,0,48,0,0,1,122.40054321289062,23.82847023010254,62.35609445390821,6.888276330494552,7962.937795286179,108124.0218547697,0.018593068193555006,253.41003339268264
1313,150,Taxus',0,0,0,0,0,0,0,0.0,0.0,0.0,0.0,0.0,0.0,0.0,0.0
1313,150,Thuja',0,0,0,0,0,0,0,0.0,0.0,0.0,0.0,0.0,0.0,0.0,0.0
1313,150,Tilia',0,0,0,0,0,0,0,0.0,0.0,0.0,0.0,0.0,0.0,0.0,0.0
1313,150,Torreya',0,0,23,22,0,0,0,29.214031219482422,13.260737419128418,21.38885639190674,2.0015972219644436,2514.8899147415163,45785.11237591053,0.005897594497680682,107.01207274610758
1313,150,Tsuga',0,0,0,0,0,0,0,0.0,0.0,0.0,0.0,0.0,0.0,0.0,0.0
1313,150,Ulmus',0,0,0,0,0,0,0,0.0,0.0,0.0,0.0,0.0,0.0,0.0,0.0
1313,150,Umbellularia',0,0,0,0,0,0,0,0.0,0.0,0.0,0.0,0.0,0.0,0.0,0.0
1313,160,Abies',0,0,0,0,0,0,0,0.0,0.0,0.0,0.0,0.0,0.0,0.0,0.0
1313,160,Acer',0,442,337,41,0,0,0,29.954065322875977,17.303831100463867,388.7024166965503,8.976686404927745,12006.274448613078,87577.14013419815,0.03227619675536762,206.78908390011284
1313,160,Aesculus',0,0,0,0,0,0,0,0.0,0.0,0.0,0.0,0.0,0.0,0.0,0.0
1313,160,Ailanthus',0,0,0,0,0,0,0,0.0,0.0,0.0,0.0,0.0,0.0,0.0,0.0
1313,160,Alnus',0,0,0,0,0,0,0,0.0,0.0,0.0,0.0,0.0,0.0,0.0,0.0
1313,160,Amelanchier',0,0,0,0,0,0,0,0.0,0.0,0.0,0.0,0.0,0.0,0.0,0.0
1313,160,Arbutus',0,0,0,0,0,0,0,0.0,0.0,0.0,0.0,0.0,0.0,0.0,0.0
1313,160,Asimina',0,0,0,0,0,0,0,0.0,0.0,0.0,0.0,0.0,0.0,0.0,0.0
1313,160,Betula',0,0,0,0,0,0,0,0.0,0.0,0.0,0.0,0.0,0.0,0.0,0.0
1313,160,Calocedrus',0,0,0,0,0,0,0,0.0,0.0,0.0,0.0,0.0,0.0,0.0,0.0
1313,160,Carpinus',0,0,0,0,0,0,0,0.0,0.0,0.0,0.0,0.0,0.0,0.0,0.0
1313,160,Carya',0,28,132,0,0,0,0,24.04909896850586,16.94428062438965,88.93968102864072,3.50888407287742,5797.694809964895,70933.64895127596,0.014164102440385112,163.11028753279314
1313,160,Castanea',0,0,0,0,0,0,0,0.0,0.0,0.0,0.0,0.0,0.0,0.0,0.0
1313,160,Catalpa',0,32,37,0,0,0,0,10.46594524383545,4.756213665008545,25.68819963479344,0.3296501090714485,236.266786390543,4961.560666324059,0.0008948332041939653,19.28398615387957
1313,160,Celtis',0,53,8,0,0,0,0,10.995550155639648,7.454592704772949,38.29415811768061,0.1312901553735511,199.58705513954163,3143.05830646717,0.0009947924753427593,14.97375383847607
1313,160,Cercis',0,0,0,0,0,0,0,0.0,0.0,0.0,0.0,0.0,0.0,0.0,0.0
1313,160,Cercocarpus',0,0,0,0,0,0,0,0.0,0.0,0.0,0.0,0.0,0.0,0.0,0.0
1313,160,Chamaecyparis',0,0,0,0,0,0,0,0.0,0.0,0.0,0.0,0.0,0.0,0.0,0.0
1313,160,Chilopsis',0,0,0,0,0,0,0,0.0,0.0,0.0,0.0,0.0,0.0,0.0,0.0
1313,160,Chrysolepis',0,0,0,0,0,0,0,0.0,0.0,0.0,0.0,0.0,0.0,0.0,0.0
1313,160,Cladrastis',0,0,0,0,0,0,0,0.0,0.0,0.0,0.0,0.0,0.0,0.0,0.0
1313,160,Comus',0,0,0,0,0,0,0,0.0,0.0,0.0,0.0,0.0,0.0,0.0,0.0
1313,160,Cornus',0,0,0,0,0,0,0,0.0,0.0,0.0,0.0,0.0,0.0,0.0,0.0
1313,160,Crataegus',0,0,0,0,0,0,0,0.0,0.0,0.0,0.0,0.0,0.0,0.0,0.0
1313,160,Cupressus',0,0,0,0,0,0,0,0.0,0.0,0.0,0.0,0.0,0.0,0.0,0.0
1313,160,Diospyros',0,0,0,0,0,0,0,0.0,0.0,0.0,0.0,0.0,0.0,0.0,0.0
1313,160,Elaeagnus',0,0,0,0,0,0,0,0.0,0.0,0.0,0.0,0.0,0.0,0.0,0.0
1313,160,Fagus',0,0,0,0,0,0,0,0.0,0.0,0.0,0.0,0.0,0.0,0.0,0.0
1313,160,Fraxinus',0,755,819,43,15,1,0,81.97146606445312,27.005447387695312,515.0307380916149,23.486878417870567,33083.90678186082,207500.0499778065,0.08093394718529293,472.2316281014083
1313,160,Gleditsia',0,32,0,0,0,0,0,4.729117393493652,3.708580255508423,8.985358416279658,0.057332413067941804,62.96253779411316,1407.8851454353662,0.00026926597425341257,6.020970224583388
1313,160,Gordonia',0,0,0,23,0,0,0,44.148712158203125,18.067882537841797,15.753581712245941,3.533147470094953,5252.721657884121,117454.4269391403,0.011900267026384725,266.09806021395923
1313,160,Gymnocladus',0,0,0,0,0,0,0,0.0,0.0,0.0,0.0,0.0,0.0,0.0,0.0
1313,160,Halesia',0,0,0,0,0,0,0,0.0,0.0,0.0,0.0,0.0,0.0,0.0,0.0
1313,160,Ilex',0,0,0,0,0,0,0,0.0,0.0,0.0,0.0,0.0,0.0,0.0,0.0
1313,160,Juglans',0,0,0,0,0,0,0,0.0,0.0,0.0,0.0,0.0,0.0,0.0,0.0
1313,160,Juniperus',0,0,0,0,0,0,0,0.0,0.0,0.0,0.0,0.0,0.0,0.0,0.0
1313,160,Larix',0,0,0,0,0,0,0,0.0,0.0,0.0,0.0,0.0,0.0,0.0,0.0
1313,160,Liquidambar',0,0,0,0,0,0,0,0.0,0.0,0.0,0.0,0.0,0.0,0.0,0.0
1313,160,Liriodendron',0,1999,2248,402,20,0,4,136.17486572265625,30.267372131347656,1939.570895200477,107.99250255523543,107847.14259396345,260350.67123394326,0.2675815184801407,600.5561833942068
1313,160,Lithocarpus',0,0,0,0,0,0,0,0.0,0.0,0.0,0.0,0.0,0.0,0.0,0.0
1313,160,Maclura',0,33,46,0,0,0,0,22.49816131591797,10.039822578430176,36.68907100452652,1.8088278641059623,2972.3581067359446,41202.25702427757,0.007133399847537276,95.15307946368837
1313,160,Magnolia',0,71,0,0,0,0,0,6.729692459106445,4.989058017730713,25.189918181564234,0.14404907548119886,135.96142508983613,2651.024243147215,0.0005320924711450882,9.696043894415208
1313,160,Malus',0,0,0,0,0,0,0,0.0,0.0,0.0,0.0,0.0,0.0,0.0,0.0
1313,160,Morus',0,0,0,0,0,0,0,0.0,0.0,0.0,0.0,0.0,0.0,0.0,0.0
1313,160,Nyssa',0,4,0,0,0,0,0,1.7142812013626099,2.4897732734680176,0.0,0.001107886433278446,1.4018630504608154,31.346610759756004,3.11525110155344e-06,0.06965913230054606
1313,160,Olneya',0,0,0,0,0,0,0,0.0,0.0,0.0,0.0,0.0,0.0,0.0,0.0
1313,160,Ostrya',0,0,0,0,0,0,0,0.0,0.0,0.0,0.0,0.0,0.0,0.0,0.0
1313,160,Oxydendron',0,0,0,0,0,0,0,0.0,0.0,0.0,0.0,0.0,0.0,0.0,0.0
1313,160,Paulownia',0,77,95,0,0,0,0,36.39985275268555,12.099530220031738,79.39116693278655,0.8415109981616332,471.3806162625551,4422.675058404126,0.0021903924361472067,20.511394228080285
1313,160,Persea',0,0,73,0,0,0,0,21.595224380493164,11.232624053955078,8.97031283378601,1.9931136308199013,2428.484961271286,40718.22260268242,0.005526204137007437,92.58365126349116
1313,160,Picea',0,0,0,0,0,0,0,0.0,0.0,0.0,0.0,0.0,0.0,0.0,0.0
1313,160,Pinus',0,404,1901,709,100,36,7,130.71607971191406,32.687862396240234,1262.3564529585838,162.14503179710525,261641.62437499344,722600.308379169,0.599659874520956,1619.8885969526082
1313,160,Planera',0,0,0,0,0,0,0,0.0,0.0,0.0,0.0,0.0,0.0,0.0,0.0
1313,160,Platanus',0,0,0,0,0,0,0,0.0,0.0,0.0,0.0,0.0,0.0,0.0,0.0
1313,160,Populus',0,191,117,0,0,0,0,10.939672470092773,5.311476707458496,123.83417476534464,1.2043296366973117,875.3548587867617,7364.989368629372,0.003727894729631961,30.657831915885808
1313,160,Prosopis',0,0,0,0,0,0,0,0.0,0.0,0.0,0.0,0.0,0.0,0.0,0.0
1313,160,Prunus',0,0,0,0,0,0,0,0.0,0.0,0.0,0.0,0.0,0.0,0.0,0.0
1313,160,Pseudotsuga',0,0,0,0,0,0,0,0.0,0.0,0.0,0.0,0.0,0.0,0.0,0.0
1313,160,Quercus',0,86,104,86,0,6,0,71.10067749023438,24.38783836364746,100.53678528853702,18.2526630606286,33792.015285208,338980.3507212163,0.07654065000049669,761.5307336856818
1313,160,Robinia',0,0,0,0,0,0,0,0.0,0.0,0.0,0.0,0.0,0.0,0.0,0.0
1313,160,Salix',0,217,34,0,0,0,0,12.373470306396484,8.126314163208008,59.17194181793852,0.8985850558540904,642.2752883094549,7685.699616864603,0.0022790913724578046,23.590698079417066
1313,160,Sassafras',0,0,0,0,0,0,0,0.0,0.0,0.0,0.0,0.0,0.0,0.0,0.0
1313,160,Sequoia',0,0,0,0,0,0,0,0.0,0.0,0.0,0.0,0.0,0.0,0.0,0.0
1313,160,Sequoiadendron',0,0,0,0,0,0,0,0.0,0.0,0.0,0.0,0.0,0.0,0.0,0.0
1313,160,Sorbus',0,0,0,0,0,0,0,0.0,0.0,0.0,0.0,0.0,0.0,0.0,0.0
1313,160,Taxodium',0,3,7,11,0,0,1,132.113525390625,24.784767150878906,39.26009991689573,3.777819706475159,5457.500073324442,86668.8240800412,0.012692949567580571,198.3396101214568
1313,160,Taxus',0,0,0,0,0,0,0,0.0,0.0,0.0,0.0,0.0,0.0,0.0,0.0
1313,160,Thuja',0,0,0,0,0,0,0,0.0,0.0,0.0,0.0,0.0,0.0,0.0,0.0
1313,160,Tilia',0,0,0,0,0,0,0,0.0,0.0,0.0,0.0,0.0,0.0,0.0,0.0
1313,160,Torreya',0,0,23,22,0,0,0,32.90726852416992,13.958353042602539,23.4909539604187,2.6955056607801535,3515.4025335502624,61435.469588979715,0.008151319099108396,141.61071331841183
1313,160,Tsuga',0,0,0,0,0,0,0,0.0,0.0,0.0,0.0,0.0,0.0,0.0,0.0
1313,160,Ulmus',0,0,0,0,0,0,0,0.0,0.0,0.0,0.0,0.0,0.0,0.0,0.0
1313,160,Umbellularia',0,0,0,0,0,0,0,0.0,0.0,0.0,0.0,0.0,0.0,0.0,0.0
1313,170,Abies',0,0,0,0,0,0,0,0.0,0.0,0.0,0.0,0.0,0.0,0.0,0.0
1313,170,Acer',0,485,260,44,0,0,0,43.37053298950195,21.78867530822754,367.565411843383,8.891260333119892,12451.407313131467,97569.83691837534,0.03296110299462524,228.09919825554033
1313,170,Aesculus',0,0,0,0,0,0,0,0.0,0.0,0.0,0.0,0.0,0.0,0.0,0.0
1313,170,Ailanthus',0,0,0,0,0,0,0,0.0,0.0,0.0,0.0,0.0,0.0,0.0,0.0
1313,170,Alnus',0,0,0,0,0,0,0,0.0,0.0,0.0,0.0,0.0,0.0,0.0,0.0
1313,170,Amelanchier',0,0,0,0,0,0,0,0.0,0.0,0.0,0.0,0.0,0.0,0.0,0.0
1313,170,Arbutus',0,0,0,0,0,0,0,0.0,0.0,0.0,0.0,0.0,0.0,0.0,0.0
1313,170,Asimina',0,0,0,0,0,0,0,0.0,0.0,0.0,0.0,0.0,0.0,0.0,0.0
1313,170,Betula',0,0,0,0,0,0,0,0.0,0.0,0.0,0.0,0.0,0.0,0.0,0.0
1313,170,Calocedrus',0,0,0,0,0,0,0,0.0,0.0,0.0,0.0,0.0,0.0,0.0,0.0
1313,170,Carpinus',0,0,0,0,0,0,0,0.0,0.0,0.0,0.0,0.0,0.0,0.0,0.0
1313,170,Carya',0,66,64,2,0,0,0,32.534767150878906,16.140207290649414,65.49039840509619,2.5413074915522835,4094.2346602523326,47427.72749879821,0.010041070003248739,112.61696025090143
1313,170,Castanea',0,0,0,0,0,0,0,0.0,0.0,0.0,0.0,0.0,0.0,0.0,0.0
1313,170,Catalpa',0,92,0,0,0,0,0,4.258342266082764,2.803544521331787,44.46281258724158,0.09320418403995077,122.96866736352445,1862.8236123117263,0.0009133305906937405,13.872869628728502
1313,170,Celtis',0,59,0,0,0,0,0,5.300516605377197,4.452375888824463,11.041830340518226,0.07766948617353321,85.30352321147919,1538.3725725584393,0.00034851667641382317,6.90332398712659
1313,170,Cercis',0,0,0,0,0,0,0,0.0,0.0,0.0,0.0,0.0,0.0,0.0,0.0
1313,170,Cercocarpus',0,0,0,0,0,0,0,0.0,0.0,0.0,0.0,0.0,0.0,0.0,0.0
1313,170,Chamaecyparis',0,0,0,0,0,0,0,0.0,0.0,0.0,0.0,0.0,0.0,0.0,0.0
1313,170,Chilopsis',0,0,0,0,0,0,0,0.0,0.0,0.0,0.0,0.0,0.0,0.0,0.0
1313,170,Chrysolepis',0,0,0,0,0,0,0,0.0,0.0,0.0,0.0,0.0,0.0,0.0,0.0
1313,170,Cladrastis',0,0,0,0,0,0,0,0.0,0.0,0.0,0.0,0.0,0.0,0.0,0.0
1313,170,Comus',0,0,0,0,0,0,0,0.0,0.0,0.0,0.0,0.0,0.0,0.0,0.0
1313,170,Cornus',0,0,0,0,0,0,0,0.0,0.0,0.0,0.0,0.0,0.0,0.0,0.0
1313,170,Crataegus',0,0,0,0,0,0,0,0.0,0.0,0.0,0.0,0.0,0.0,0.0,0.0
1313,170,Cupressus',0,0,0,0,0,0,0,0.0,0.0,0.0,0.0,0.0,0.0,0.0,0.0
1313,170,Diospyros',0,0,0,0,0,0,0,0.0,0.0,0.0,0.0,0.0,0.0,0.0,0.0
1313,170,Elaeagnus',0,0,0,0,0,0,0,0.0,0.0,0.0,0.0,0.0,0.0,0.0,0.0
1313,170,Fagus',0,0,0,0,0,0,0,0.0,0.0,0.0,0.0,0.0,0.0,0.0,0.0
1313,170,Fraxinus',0,747,669,0,11,0,1,90.17398071289062,28.11412811279297,545.0774001990314,19.522255804246075,28201.349852971434,199324.52153625942,0.07051635976101558,451.06288241155016
1313,170,Gleditsia',0,0,32,0,0,0,0,12.292501449584961,6.859736919403076,13.511924109881436,0.38736516939172716,392.19874013900755,8769.830436405964,0.0010660643992423872,23.837924650984533
1313,170,Gordonia',0,0,0,0,0,0,0,0.0,0.0,0.0,0.0,0.0,0.0,0.0,0.0
1313,170,Gymnocladus',0,0,0,0,0,0,0,0.0,0.0,0.0,0.0,0.0,0.0,0.0,0.0
1313,170,Halesia',0,0,0,0,0,0,0,0.0,0.0,0.0,0.0,0.0,0.0,0.0,0.0
1313,170,Ilex',0,21,0,0,0,0,0,4.3512749671936035,3.529627799987793,11.734859144687652,0.03182267703309263,50.71349617242813,1133.988248182247,0.00028220017568518816,6.310187760944639
1313,170,Juglans',0,0,0,0,0,0,0,0.0,0.0,0.0,0.0,0.0,0.0,0.0,0.0
1313,170,Juniperus',0,0,0,0,0,0,0,0.0,0.0,0.0,0.0,0.0,0.0,0.0,0.0
1313,170,Larix',0,0,0,0,0,0,0,0.0,0.0,0.0,0.0,0.0,0.0,0.0,0.0
1313,170,Liquidambar',0,0,0,0,0,0,0,0.0,0.0,0.0,0.0,0.0,0.0,0.0,0.0
1313,170,Liriodendron',0,1909,2329,376,15,0,0,149.16806030273438,31.1308536529541,2004.6159089050147,101.59737785819281,101416.6783259958,252596.16079870556,0.2542279554261319,583.3310831655524
1313,170,Lithocarpus',0,0,0,0,0,0,0,0.0,0.0,0.0,0.0,0.0,0.0,0.0,0.0
1313,170,Maclura',0,0,76,4,0,0,0,30.066709518432617,11.796040534973145,53.05235177089896,2.8885110707489927,5038.663130508661,62715.41538371041,0.011960747424155439,145.76061204169923
1313,170,Magnolia',0,94,0,0,0,0,0,3.3040828704833984,3.163749933242798,24.928783880004396,0.06159485570956158,77.65316645979881,1008.3625429129909,0.0004001346868043733,5.1712540811428
1313,170,Malus',0,0,0,0,0,0,0,0.0,0.0,0.0,0.0,0.0,0.0,0.0,0.0
1313,170,Morus',0,0,0,0,0,0,0,0.0,0.0,0.0,0.0,0.0,0.0,0.0,0.0
1313,170,Nyssa',0,0,0,0,0,0,0,0.0,0.0,0.0,0.0,0.0,0.0,0.0,0.0
1313,170,Olneya',0,0,0,0,0,0,0,0.0,0.0,0.0,0.0,0.0,0.0,0.0,0.0
1313,170,Ostrya',0,0,0,0,0,0,0,0.0,0.0,0.0,0.0,0.0,0.0,0.0,0.0
1313,170,Oxydendron',0,0,0,0,0,0,0,0.0,0.0,0.0,0.0,0.0,0.0,0.0,0.0
1313,170,Paulownia',0,108,87,0,0,0,0,10.115764617919922,5.203037261962891,60.06204929980861,0.6550205737545859,348.8941503767669,3620.852437858259,0.0016399469000194277,15.108215051750939
1313,170,Persea',0,25,63,0,0,0,0,17.660444259643555,9.900741577148438,34.82121209979057,1.1157342864078206,1342.4467759335041,25535.058796328452,0.003486188238292955,62.19780289700819
1313,170,Picea',0,0,0,0,0,0,0,0.0,0.0,0.0,0.0,0.0,0.0,0.0,0.0
1313,170,Pinus',0,400,1931,696,101,25,7,136.69662475585938,32.995506286621094,1258.3919985738396,173.82298392925753,276893.73043433577,721600.1429320513,0.6334961707599013,1620.2702190203352
1313,170,Planera',0,0,0,0,0,0,0,0.0,0.0,0.0,0.0,0.0,0.0,0.0,0.0
1313,170,Platanus',0,0,0,0,0,0,0,0.0,0.0,0.0,0.0,0.0,0.0,0.0,0.0
1313,170,Populus',0,111,202,0,0,0,0,19.056711196899414,7.981154918670654,154.63456417846527,2.982479325762716,2097.4902146714926,18348.42025792959,0.006887139816879717,55.56431772365492
1313,170,Prosopis',0,0,0,0,0,0,0,0.0,0.0,0.0,0.0,0.0,0.0,0.0,0.0
1313,170,Prunus',0,0,0,0,0,0,0,0.0,0.0,0.0,0.0,0.0,0.0,0.0,0.0
1313,170,Pseudotsuga',0,0,0,0,0,0,0,0.0,0.0,0.0,0.0,0.0,0.0,0.0,0.0
1313,170,Quercus',0,42,104,58,0,6,0,74.99732971191406,25.053186416625977,92.76925991230372,14.838843405740615,28839.326955654622,313743.7677250637,0.06542285740842065,707.7077552123408
1313,170,Robinia',0,0,0,0,0,0,0,0.0,0.0,0.0,0.0,0.0,0.0,0.0,0.0
1313,170,Salix',0,197,26,0,0,0,0,11.135836601257324,7.523913383483887,66.0923015406426,0.41419716056115236,356.9798352718353,4539.328795429208,0.0017447239011221056,17.89705734393742
1313,170,Sassafras',0,0,0,0,0,0,0,0.0,0.0,0.0,0.0,0.0,0.0,0.0,0.0
1313,170,Sequoia',0,0,0,0,0,0,0,0.0,0.0,0.0,0.0,0.0,0.0,0.0,0.0
1313,170,Sequoiadendron',0,0,0,0,0,0,0,0.0,0.0,0.0,0.0,0.0,0.0,0.0,0.0
1313,170,Sorbus',0,0,0,0,0,0,0,0.0,0.0,0.0,0.0,0.0,0.0,0.0,0.0
1313,170,Taxodium',0,39,7,0,11,0,1,142.3055877685547,25.704500198364258,65.61470801883105,4.8355509343730265,7020.511899555921,105428.92476089875,0.016545697808597232,240.33582229149047
1313,170,Taxus',0,0,0,0,0,0,0,0.0,0.0,0.0,0.0,0.0,0.0,0.0,0.0
1313,170,Thuja',0,0,0,0,0,0,0,0.0,0.0,0.0,0.0,0.0,0.0,0.0,0.0
1313,170,Tilia',0,0,0,0,0,0,0,0.0,0.0,0.0,0.0,0.0,0.0,0.0,0.0
1313,170,Torreya',0,24,23,22,0,0,0,36.22919845581055,14.497659683227539,29.09724254131317,3.5008625192624705,4715.817266402245,79016.2309879032,0.01089988757088278,180.1500198196591
1313,170,Tsuga',0,0,0,0,0,0,0,0.0,0.0,0.0,0.0,0.0,0.0,0.0,0.0
1313,170,Ulmus',0,0,0,0,0,0,0,0.0,0.0,0.0,0.0,0.0,0.0,0.0,0.0
1313,170,Umbellularia',0,0,0,0,0,0,0,0.0,0.0,0.0,0.0,0.0,0.0,0.0,0.0
1313,180,Abies',0,0,0,0,0,0,0,0.0,0.0,0.0,0.0,0.0,0.0,0.0,0.0
1313,180,Acer',0,456,371,43,1,0,0,56.944610595703125,25.205839157104492,403.2237312817781,11.906520329997724,17123.812450041027,123370.36433345338,0.043857547073679976,285.3073299057853
1313,180,Aesculus',0,0,0,0,0,0,0,0.0,0.0,0.0,0.0,0.0,0.0,0.0,0.0
1313,180,Ailanthus',0,0,0,0,0,0,0,0.0,0.0,0.0,0.0,0.0,0.0,0.0,0.0
1313,180,Alnus',0,0,0,0,0,0,0,0.0,0.0,0.0,0.0,0.0,0.0,0.0,0.0
1313,180,Amelanchier',0,0,0,0,0,0,0,0.0,0.0,0.0,0.0,0.0,0.0,0.0,0.0
1313,180,Arbutus',0,0,0,0,0,0,0,0.0,0.0,0.0,0.0,0.0,0.0,0.0,0.0
1313,180,Asimina',0,0,0,0,0,0,0,0.0,0.0,0.0,0.0,0.0,0.0,0.0,0.0
1313,180,Betula',0,0,0,0,0,0,0,0.0,0.0,0.0,0.0,0.0,0.0,0.0,0.0
1313,180,Calocedrus',0,0,0,0,0,0,0,0.0,0.0,0.0,0.0,0.0,0.0,0.0,0.0
1313,180,Carpinus',0,0,0,0,0,0,0,0.0,0.0,0.0,0.0,0.0,0.0,0.0,0.0
1313,180,Carya',0,62,19,20,0,0,0,43.17972183227539,18.444746017456055,54.4574828087529,2.8184128362994683,4691.215572814942,59435.05053644097,0.011208869088627456,137.0782997155124
1313,180,Castanea',0,0,0,0,0,0,0,0.0,0.0,0.0,0.0,0.0,0.0,0.0,0.0
1313,180,Catalpa',0,40,0,0,0,0,0,7.624683380126953,3.8957157135009766,30.37504946129231,0.18263899165738273,146.74838662147522,3281.393680740378,0.0007633732296526424,17.06954433706856
1313,180,Celtis',0,40,0,0,0,0,0,7.988414287567139,5.916145324707031,16.145487110826032,0.0873762114723238,102.37474050998688,1727.5398518757816,0.00045992267116904296,7.83682683993435
1313,180,Cercis',0,0,0,0,0,0,0,0.0,0.0,0.0,0.0,0.0,0.0,0.0,0.0
1313,180,Cercocarpus',0,0,0,0,0,0,0,0.0,0.0,0.0,0.0,0.0,0.0,0.0,0.0
1313,180,Chamaecyparis',0,0,0,0,0,0,0,0.0,0.0,0.0,0.0,0.0,0.0,0.0,0.0
1313,180,Chilopsis',0,0,0,0,0,0,0,0.0,0.0,0.0,0.0,0.0,0.0,0.0,0.0
1313,180,Chrysolepis',0,0,0,0,0,0,0,0.0,0.0,0.0,0.0,0.0,0.0,0.0,0.0
1313,180,Cladrastis',0,0,0,0,0,0,0,0.0,0.0,0.0,0.0,0.0,0.0,0.0,0.0
1313,180,Comus',0,0,0,0,0,0,0,0.0,0.0,0.0,0.0,0.0,0.0,0.0,0.0
1313,180,Cornus',0,0,0,0,0,0,0,0.0,0.0,0.0,0.0,0.0,0.0,0.0,0.0
1313,180,Crataegus',0,0,0,0,0,0,0,0.0,0.0,0.0,0.0,0.0,0.0,0.0,0.0
1313,180,Cupressus',0,0,0,0,0,0,0,0.0,0.0,0.0,0.0,0.0,0.0,0.0,0.0
1313,180,Diospyros',0,14,0,0,0,0,0,2.5,2.52746844291687,0.0,0.007245298057341407,13.172056646347047,294.5361406471016,2.927123766392469e-05,0.654524772020889
1313,180,Elaeagnus',0,0,0,0,0,0,0,0.0,0.0,0.0,0.0,0.0,0.0,0.0,0.0
1313,180,Fagus',0,0,0,0,0,0,0,0.0,0.0,0.0,0.0,0.0,0.0,0.0,0.0
1313,180,Fraxinus',0,577,743,0,11,0,1,97.37162017822266,28.967914581298828,551.1267357517646,21.046989942500367,30952.943528529406,217519.6979499046,0.0767180959659117,492.8307107791792
1313,180,Gleditsia',0,28,0,0,0,0,0,2.6141421794891357,2.900547742843628,6.9289584420149835,0.015135521829504762,27.078962320089342,605.5040050787545,0.00015992167712654742,3.5759574113073294
1313,180,Gordonia',0,37,0,0,0,0,0,2.098358154296875,3.005244731903076,1.3167416501045226,0.013058133395381886,12.237016098499298,273.6279983800393,4.621297155072259e-05,1.0333534582967938
1313,180,Gymnocladus',0,0,0,0,0,0,0,0.0,0.0,0.0,0.0,0.0,0.0,0.0,0.0
1313,180,Halesia',0,0,0,0,0,0,0,0.0,0.0,0.0,0.0,0.0,0.0,0.0,0.0
1313,180,Ilex',0,0,21,0,0,0,0,12.090019226074219,6.78519868850708,18.01580647230148,0.2456731179543396,253.90806263685226,5677.556880912765,0.0008244684396684142,18.435674764017605
1313,180,Juglans',0,0,0,0,0,0,0,0.0,0.0,0.0,0.0,0.0,0.0,0.0,0.0
1313,180,Juniperus',0,0,0,0,0,0,0,0.0,0.0,0.0,0.0,0.0,0.0,0.0,0.0
1313,180,Larix',0,0,0,0,0,0,0,0.0,0.0,0.0,0.0,0.0,0.0,0.0,0.0
1313,180,Liquidambar',0,0,0,0,0,0,0,0.0,0.0,0.0,0.0,0.0,0.0,0.0,0.0
1313,180,Liriodendron',0,1815,2789,440,21,9,0,160.63565063476562,31.7750301361084,2199.881973639366,113.9024231888496,113800.28924751833,272214.1674474116,0.28455805544570706,625.6298169043946
1313,180,Lithocarpus',0,0,0,0,0,0,0,0.0,0.0,0.0,0.0,0.0,0.0,0.0,0.0
1313,180,Maclura',0,0,33,42,0,0,0,38.97468185424805,13.37345027923584,39.96636946273,3.8617441261716667,6973.1420108813045,87080.16254318964,0.01607120884470643,199.0847591528998
1313,180,Magnolia',0,75,19,0,0,0,0,13.465054512023926,8.283451080322266,73.97782879539682,0.5892235186157032,571.6670095252991,7797.2800621576025,0.0019457065144032194,25.94205506338121
1313,180,Malus',0,0,0,0,0,0,0,0.0,0.0,0.0,0.0,0.0,0.0,0.0,0.0
1313,180,Morus',0,0,0,0,0,0,0,0.0,0.0,0.0,0.0,0.0,0.0,0.0,0.0
1313,180,Nyssa',0,0,0,0,0,0,0,0.0,0.0,0.0,0.0,0.0,0.0,0.0,0.0
1313,180,Olneya',0,0,0,0,0,0,0,0.0,0.0,0.0,0.0,0.0,0.0,0.0,0.0
1313,180,Ostrya',0,0,0,0,0,0,0,0.0,0.0,0.0,0.0,0.0,0.0,0.0,0.0
1313,180,Oxydendron',0,0,0,0,0,0,0,0.0,0.0,0.0,0.0,0.0,0.0,0.0,0.0
1313,180,Paulownia',0,248,66,0,0,0,0,16.664392471313477,7.307091236114502,125.47515765021117,1.1560504995463805,666.684234418869,6482.001162203323,0.0032878051425321037,25.233046916040493
1313,180,Persea',0,0,88,0,0,0,0,20.205886840820312,10.78166389465332,49.985586339235304,1.8822214104440054,2344.2510912907123,36783.12148242473,0.005931460795874413,87.41392692245975
1313,180,Picea',0,0,0,0,0,0,0,0.0,0.0,0.0,0.0,0.0,0.0,0.0,0.0
1313,180,Pinus',0,653,1765,740,83,45,6,134.12826538085938,32.867652893066406,1230.497293689251,176.21490706434426,286438.15604559303,753684.3226590788,0.6543030852445464,1689.9399420256686
1313,180,Planera',0,0,0,0,0,0,0,0.0,0.0,0.0,0.0,0.0,0.0,0.0,0.0
1313,180,Platanus',0,12,0,0,0,0,0,6.6264472007751465,3.231351613998413,18.567779396153703,0.044142948150150525,61.37795486450195,1372.45279396941,0.0004036889553070068,9.026759458323395
1313,180,Populus',0,169,79,0,0,0,0,15.033790588378906,6.688851356506348,109.47094431594955,1.1586938031035596,853.9882535803318,8505.673157521238,0.0034736467159371897,29.62957468300749
1313,180,Prosopis',0,0,0,0,0,0,0,0.0,0.0,0.0,0.0,0.0,0.0,0.0,0.0
1313,180,Prunus',0,0,0,0,0,0,0,0.0,0.0,0.0,0.0,0.0,0.0,0.0,0.0
1313,180,Pseudotsuga',0,0,0,0,0,0,0,0.0,0.0,0.0,0.0,0.0,0.0,0.0,0.0
1313,180,Quercus',0,89,77,27,0,6,0,79.05052185058594,25.703235626220703,91.39042710767517,10.699343605542484,21024.80748048663,269081.81344165443,0.04803741134254287,606.7127472198565
1313,180,Robinia',0,0,0,0,0,0,0,0.0,0.0,0.0,0.0,0.0,0.0,0.0,0.0
1313,180,Salix',0,164,0,0,0,0,0,7.284969806671143,5.541369438171387,50.24042280037191,0.2125022424826195,194.10843797683717,2119.1830961549654,0.0011545908921174733,11.840541943122144
1313,180,Sassafras',0,0,0,0,0,0,0,0.0,0.0,0.0,0.0,0.0,0.0,0.0,0.0
1313,180,Sequoia',0,0,0,0,0,0,0,0.0,0.0,0.0,0.0,0.0,0.0,0.0,0.0
1313,180,Sequoiadendron',0,0,0,0,0,0,0,0.0,0.0,0.0,0.0,0.0,0.0,0.0,0.0
1313,180,Sorbus',0,0,0,0,0,0,0,0.0,0.0,0.0,0.0,0.0,0.0,0.0,0.0
1313,180,Taxodium',0,2,39,7,11,0,1,151.3103790283203,26.45152473449707,60.15796732959113,6.000658947637302,8687.81951698482,124097.16876687325,0.020172273046205738,281.1322334392284
1313,180,Taxus',0,0,0,0,0,0,0,0.0,0.0,0.0,0.0,0.0,0.0,0.0,0.0
1313,180,Thuja',0,0,0,0,0,0,0,0.0,0.0,0.0,0.0,0.0,0.0,0.0,0.0
1313,180,Tilia',0,0,0,0,0,0,0,0.0,0.0,0.0,0.0,0.0,0.0,0.0,0.0
1313,180,Torreya',0,24,0,23,0,0,0,28.979948043823242,13.212665557861328,19.455297122001646,1.617709681856182,2100.9572381544112,45840.3335218048,0.00494981495465832,106.84492122184201
1313,180,Tsuga',0,0,0,0,0,0,0,0.0,0.0,0.0,0.0,0.0,0.0,0.0,0.0
1313,180,Ulmus',0,0,0,0,0,0,0,0.0,0.0,0.0,0.0,0.0,0.0,0.0,0.0
1313,180,Umbellularia',0,0,0,0,0,0,0,0.0,0.0,0.0,0.0,0.0,0.0,0.0,0.0
1313,190,Abies',0,0,0,0,0,0,0,0.0,0.0,0.0,0.0,0.0,0.0,0.0,0.0
1313,190,Acer',0,684,249,11,3,0,0,49.702396392822266,23.50417137145996,375.69845118524523,9.30880777078665,13047.15272843033,95798.5479161213,0.03440206044534589,223.42217151687365
1313,190,Aesculus',0,0,0,0,0,0,0,0.0,0.0,0.0,0.0,0.0,0.0,0.0,0.0
1313,190,Ailanthus',0,0,0,0,0,0,0,0.0,0.0,0.0,0.0,0.0,0.0,0.0,0.0
1313,190,Alnus',0,0,0,0,0,0,0,0.0,0.0,0.0,0.0,0.0,0.0,0.0,0.0
1313,190,Amelanchier',0,0,0,0,0,0,0,0.0,0.0,0.0,0.0,0.0,0.0,0.0,0.0
1313,190,Arbutus',0,0,0,0,0,0,0,0.0,0.0,0.0,0.0,0.0,0.0,0.0,0.0
1313,190,Asimina',0,0,0,0,0,0,0,0.0,0.0,0.0,0.0,0.0,0.0,0.0,0.0
1313,190,Betula',0,0,0,0,0,0,0,0.0,0.0,0.0,0.0,0.0,0.0,0.0,0.0
1313,190,Calocedrus',0,0,0,0,0,0,0,0.0,0.0,0.0,0.0,0.0,0.0,0.0,0.0
1313,190,Carpinus',0,0,0,0,0,0,0,0.0,0.0,0.0,0.0,0.0,0.0,0.0,0.0
1313,190,Carya',0,76,34,17,2,0,0,51.6651725769043,19.787206649780273,46.85976807452455,2.439105894484406,4452.520869529248,65252.80872350604,0.010569063410320342,149.61682456516434
1313,190,Castanea',0,0,0,0,0,0,0,0.0,0.0,0.0,0.0,0.0,0.0,0.0,0.0
1313,190,Catalpa',0,0,0,0,0,0,0,0.0,0.0,0.0,0.0,0.0,0.0,0.0,0.0
1313,190,Celtis',0,77,0,0,0,0,0,7.3019609451293945,5.550489902496338,28.72815105073814,0.2416051291200224,239.64281090319156,3517.0087598307805,0.0009460972703555656,13.313833109150421
1313,190,Cercis',0,0,0,0,0,0,0,0.0,0.0,0.0,0.0,0.0,0.0,0.0,0.0
1313,190,Cercocarpus',0,0,0,0,0,0,0,0.0,0.0,0.0,0.0,0.0,0.0,0.0,0.0
1313,190,Chamaecyparis',0,0,0,0,0,0,0,0.0,0.0,0.0,0.0,0.0,0.0,0.0,0.0
1313,190,Chilopsis',0,0,0,0,0,0,0,0.0,0.0,0.0,0.0,0.0,0.0,0.0,0.0
1313,190,Chrysolepis',0,0,0,0,0,0,0,0.0,0.0,0.0,0.0,0.0,0.0,0.0,0.0
1313,190,Cladrastis',0,0,0,0,0,0,0,0.0,0.0,0.0,0.0,0.0,0.0,0.0,0.0
1313,190,Comus',0,0,0,0,0,0,0,0.0,0.0,0.0,0.0,0.0,0.0,0.0,0.0
1313,190,Cornus',0,0,0,0,0,0,0,0.0,0.0,0.0,0.0,0.0,0.0,0.0,0.0
1313,190,Crataegus',0,0,0,0,0,0,0,0.0,0.0,0.0,0.0,0.0,0.0,0.0,0.0
1313,190,Cupressus',0,0,0,0,0,0,0,0.0,0.0,0.0,0.0,0.0,0.0,0.0,0.0
1313,190,Diospyros',0,0,0,0,0,0,0,0.0,0.0,0.0,0.0,0.0,0.0,0.0,0.0
1313,190,Elaeagnus',0,0,0,0,0,0,0,0.0,0.0,0.0,0.0,0.0,0.0,0.0,0.0
1313,190,Fagus',0,0,0,0,0,0,0,0.0,0.0,0.0,0.0,0.0,0.0,0.0,0.0
1313,190,Fraxinus',0,602,672,52,11,0,1,104.16626739501953,29.683813095092773,534.3865653416259,22.649442663989156,34093.200805722256,237970.68144227559,0.08345545956219345,538.3123901752374
1313,190,Gleditsia',0,9,0,0,0,0,0,3.842280864715576,3.621365785598755,4.435662082101725,0.010713714484654614,18.604203618764878,416.0026395880616,0.00010519649629108652,2.3522651670167485
1313,190,Gordonia',0,68,18,0,0,0,0,8.29121208190918,7.224715709686279,42.106064364910125,0.2686627005780383,308.04643861532213,4109.9624478686,0.0012927463579773789,17.570853161891794
1313,190,Gymnocladus',0,0,0,0,0,0,0,0.0,0.0,0.0,0.0,0.0,0.0,0.0,0.0
1313,190,Halesia',0,0,0,0,0,0,0,0.0,0.0,0.0,0.0,0.0,0.0,0.0,0.0
1313,190,Ilex',0,0,21,0,0,0,0,18.47999382019043,8.913533210754395,10.278936153650283,0.5739939277206174,592.0581292688847,13238.822236765856,0.0014641582507391847,32.739573784700006
1313,190,Juglans',0,0,0,0,0,0,0,0.0,0.0,0.0,0.0,0.0,0.0,0.0,0.0
1313,190,Juniperus',0,0,0,0,0,0,0,0.0,0.0,0.0,0.0,0.0,0.0,0.0,0.0
1313,190,Larix',0,0,0,0,0,0,0,0.0,0.0,0.0,0.0,0.0,0.0,0.0,0.0
1313,190,Liquidambar',0,0,0,0,0,0,0,0.0,0.0,0.0,0.0,0.0,0.0,0.0,0.0
1313,190,Liriodendron',0,1345,2943,430,36,9,0,170.58065795898438,32.25723648071289,2060.894219183563,135.29501954594568,136559.25791960032,302602.4209788354,0.3331327340412367,694.3781538132353
1313,190,Lithocarpus',0,0,0,0,0,0,0,0.0,0.0,0.0,0.0,0.0,0.0,0.0,0.0
1313,190,Maclura',0,0,33,38,0,0,0,36.233768463134766,12.936383247375488,30.75978059934664,4.145255250674304,7529.147200992107,103168.43614633945,0.01717424181073914,234.23434407893632
1313,190,Magnolia',0,25,75,0,0,0,0,12.946447372436523,8.042924880981445,35.59739129264143,0.8221987320552193,736.2656790876389,11859.36706579637,0.0019611105885980313,31.529601436105533
1313,190,Malus',0,0,0,0,0,0,0,0.0,0.0,0.0,0.0,0.0,0.0,0.0,0.0
1313,190,Morus',0,0,0,0,0,0,0,0.0,0.0,0.0,0.0,0.0,0.0,0.0,0.0
1313,190,Nyssa',0,0,0,0,0,0,0,0.0,0.0,0.0,0.0,0.0,0.0,0.0,0.0
1313,190,Olneya',0,0,0,0,0,0,0,0.0,0.0,0.0,0.0,0.0,0.0,0.0,0.0
1313,190,Ostrya',0,0,0,0,0,0,0,0.0,0.0,0.0,0.0,0.0,0.0,0.0,0.0
1313,190,Oxydendron',0,0,0,0,0,0,0,0.0,0.0,0.0,0.0,0.0,0.0,0.0,0.0
1313,190,Paulownia',0,88,35,0,0,0,0,17.564058303833008,7.573360919952393,41.83490023394174,0.7552350746429524,412.62181153416634,6981.358495819388,0.0015191740104165,20.8563273494747
1313,190,Persea',0,61,23,0,0,0,0,23.864742279052734,11.92686939239502,76.02617259263992,0.5096732386288805,768.2570174145699,9613.262478217737,0.0028053935760036005,32.886910223566666
1313,190,Picea',0,0,0,0,0,0,0,0.0,0.0,0.0,0.0,0.0,0.0,0.0,0.0
1313,190,Pinus',0,567,1677,936,65,30,8,137.0,33.01020050048828,1207.4476498684287,181.79618585646105,292304.2886126897,758815.488290792,0.6670059967515524,1701.4416336155934
1313,190,Planera',0,0,0,0,0,0,0,0.0,0.0,0.0,0.0,0.0,0.0,0.0,0.0
1313,190,Platanus',0,35,0,0,0,0,0,4.4654221534729,2.6137704849243164,26.449518233914915,0.05562728754684434,84.31273023605347,1885.2899617641697,0.0005681171405017291,12.70348545344676
1313,190,Populus',0,124,25,0,0,0,0,16.29019546508789,7.098826885223389,64.13694699070875,0.36477555087870717,319.27325112879277,3710.5520329367414,0.0016327830820269853,15.89519268283597
1313,190,Prosopis',0,0,0,0,0,0,0,0.0,0.0,0.0,0.0,0.0,0.0,0.0,0.0
1313,190,Prunus',0,0,0,0,0,0,0,0.0,0.0,0.0,0.0,0.0,0.0,0.0,0.0
1313,190,Pseudotsuga',0,0,0,0,0,0,0,0.0,0.0,0.0,0.0,0.0,0.0,0.0,0.0
1313,190,Quercus',0,63,86,27,0,6,0,82.531005859375,26.229230880737305,67.77317545364927,10.31742678630735,20922.24181801021,285332.5404267423,0.04746950347637051,638.3965959002843
1313,190,Robinia',0,0,0,0,0,0,0,0.0,0.0,0.0,0.0,0.0,0.0,0.0,0.0
1313,190,Salix',0,167,0,0,0,0,0,7.175262451171875,5.482396602630615,34.70611455084025,0.2549045868967349,194.3591076770425,2602.8572871032084,0.000931522946895568,11.582620906357432
1313,190,Sassafras',0,0,0,0,0,0,0,0.0,0.0,0.0,0.0,0.0,0.0,0.0,0.0
1313,190,Sequoia',0,0,0,0,0,0,0,0.0,0.0,0.0,0.0,0.0,0.0,0.0,0.0
1313,190,Sequoiadendron',0,0,0,0,0,0,0,0.0,0.0,0.0,0.0,0.0,0.0,0.0,0.0
1313,190,Sorbus',0,0,0,0,0,0,0,0.0,0.0,0.0,0.0,0.0,0.0,0.0,0.0
1313,190,Taxodium',0,11,41,7,0,0,1,160.2431182861328,27.13658905029297,79.94075105537341,4.51919676595086,7162.439809257984,120618.78395755778,0.01706732506175711,273.55648271691626
1313,190,Taxus',0,0,0,0,0,0,0,0.0,0.0,0.0,0.0,0.0,0.0,0.0,0.0
1313,190,Thuja',0,0,0,0,0,0,0,0.0,0.0,0.0,0.0,0.0,0.0,0.0,0.0
1313,190,Tilia',0,0,0,0,0,0,0,0.0,0.0,0.0,0.0,0.0,0.0,0.0,0.0
1313,190,Torreya',0,24,0,23,0,0,0,32.571136474609375,13.8993558883667,14.233045091629029,2.0859509346721836,2766.7600257587433,59748.90921103269,0.006353944251477722,136.8951694635432
1313,190,Tsuga',0,0,0,0,0,0,0,0.0,0.0,0.0,0.0,0.0,0.0,0.0,0.0
1313,190,Ulmus',0,0,0,0,0,0,0,0.0,0.0,0.0,0.0,0.0,0.0,0.0,0.0
1313,190,Umbellularia',0,0,0,0,0,0,0,0.0,0.0,0.0,0.0,0.0,0.0,0.0,0.0
1313,200,Abies',0,0,0,0,0,0,0,0.0,0.0,0.0,0.0,0.0,0.0,0.0,0.0
1313,200,Acer',0,442,331,23,0,0,0,28.000978469848633,16.538990020751953,302.35014081991545,7.906193643655931,10036.479473439158,79727.43452824105,0.02665578567861059,189.46519871429024
1313,200,Aesculus',0,0,0,0,0,0,0,0.0,0.0,0.0,0.0,0.0,0.0,0.0,0.0
1313,200,Ailanthus',0,0,0,0,0,0,0,0.0,0.0,0.0,0.0,0.0,0.0,0.0,0.0
1313,200,Alnus',0,0,0,0,0,0,0,0.0,0.0,0.0,0.0,0.0,0.0,0.0,0.0
1313,200,Amelanchier',0,0,0,0,0,0,0,0.0,0.0,0.0,0.0,0.0,0.0,0.0,0.0
1313,200,Arbutus',0,0,0,0,0,0,0,0.0,0.0,0.0,0.0,0.0,0.0,0.0,0.0
1313,200,Asimina',0,0,0,0,0,0,0,0.0,0.0,0.0,0.0,0.0,0.0,0.0,0.0
1313,200,Betula',0,0,0,0,0,0,0,0.0,0.0,0.0,0.0,0.0,0.0,0.0,0.0
1313,200,Calocedrus',0,0,0,0,0,0,0,0.0,0.0,0.0,0.0,0.0,0.0,0.0,0.0
1313,200,Carpinus',0,0,0,0,0,0,0,0.0,0.0,0.0,0.0,0.0,0.0,0.0,0.0
1313,200,Carya',0,76,46,17,2,0,0,58.83110427856445,20.664833068847656,80.91518275628361,3.421140936888938,6287.8714056414365,81975.22840965021,0.015137866961274204,187.5143878155177
1313,200,Castanea',0,0,0,0,0,0,0,0.0,0.0,0.0,0.0,0.0,0.0,0.0,0.0
1313,200,Catalpa',0,40,0,0,0,0,0,6.6435418128967285,3.585761785507202,20.766043210331393,0.13865936854447033,108.39169263839722,2423.7119293572073,0.0005398091599345121,12.070499764906245
1313,200,Celtis',0,0,29,0,0,0,0,13.322277069091797,8.577176094055176,15.262093215803555,0.41428156645111,422.68081789255143,9451.430415929462,0.0011589969871938228,25.91596049082854
1313,200,Cercis',0,0,0,0,0,0,0,0.0,0.0,0.0,0.0,0.0,0.0,0.0,0.0
1313,200,Cercocarpus',0,0,0,0,0,0,0,0.0,0.0,0.0,0.0,0.0,0.0,0.0,0.0
1313,200,Chamaecyparis',0,0,0,0,0,0,0,0.0,0.0,0.0,0.0,0.0,0.0,0.0,0.0
1313,200,Chilopsis',0,0,0,0,0,0,0,0.0,0.0,0.0,0.0,0.0,0.0,0.0,0.0
1313,200,Chrysolepis',0,0,0,0,0,0,0,0.0,0.0,0.0,0.0,0.0,0.0,0.0,0.0
1313,200,Cladrastis',0,0,0,0,0,0,0,0.0,0.0,0.0,0.0,0.0,0.0,0.0,0.0
1313,200,Comus',0,0,0,0,0,0,0,0.0,0.0,0.0,0.0,0.0,0.0,0.0,0.0
1313,200,Cornus',0,0,0,0,0,0,0,0.0,0.0,0.0,0.0,0.0,0.0,0.0,0.0
1313,200,Crataegus',0,0,0,0,0,0,0,0.0,0.0,0.0,0.0,0.0,0.0,0.0,0.0
1313,200,Cupressus',0,0,0,0,0,0,0,0.0,0.0,0.0,0.0,0.0,0.0,0.0,0.0
1313,200,Diospyros',0,0,0,0,0,0,0,0.0,0.0,0.0,0.0,0.0,0.0,0.0,0.0
1313,200,Elaeagnus',0,0,0,0,0,0,0,0.0,0.0,0.0,0.0,0.0,0.0,0.0,0.0
1313,200,Fagus',0,0,0,0,0,0,0,0.0,0.0,0.0,0.0,0.0,0.0,0.0,0.0
1313,200,Fraxinus',0,764,756,55,11,0,1,110.7614974975586,30.30421257019043,626.8450247119122,25.523908329691434,37638.173380687236,252724.64848198756,0.09266416764329734,570.8517154164521
1313,200,Gleditsia',0,11,9,0,0,0,0,11.080090522766113,7.496392726898193,10.066412268560143,0.10207759553520068,128.23471913576125,2415.8822075211665,0.00042987762856483566,7.327698902759087
1313,200,Gordonia',0,37,30,0,0,0,0,13.656435012817383,10.071417808532715,21.941022667884827,0.6217208100767655,614.8094367837906,10919.171993368342,0.0016831690705915484,29.77686696513367
1313,200,Gymnocladus',0,0,0,0,0,0,0,0.0,0.0,0.0,0.0,0.0,0.0,0.0,0.0
1313,200,Halesia',0,0,0,0,0,0,0,0.0,0.0,0.0,0.0,0.0,0.0,0.0,0.0
1313,200,Ilex',0,0,21,0,0,0,0,25.335477828979492,10.749961853027344,10.477885222434997,1.0788519571832145,1227.877258849144,27456.17018812788,0.002879963428378099,64.39793998566779
1313,200,Juglans',0,0,0,0,0,0,0,0.0,0.0,0.0,0.0,0.0,0.0,0.0,0.0
1313,200,Juniperus',0,0,0,0,0,0,0,0.0,0.0,0.0,0.0,0.0,0.0,0.0,0.0
1313,200,Larix',0,0,0,0,0,0,0,0.0,0.0,0.0,0.0,0.0,0.0,0.0,0.0
1313,200,Liquidambar',0,0,0,0,0,0,0,0.0,0.0,0.0,0.0,0.0,0.0,0.0,0.0
1313,200,Liriodendron',0,1434,2606,486,26,9,0,180.02427673339844,32.6580696105957,2058.2832992857298,136.5953033328183,140446.86871508465,316030.9647902553,0.34173428377419396,724.9628070098461
1313,200,Lithocarpus',0,0,0,0,0,0,0,0.0,0.0,0.0,0.0,0.0,0.0,0.0,0.0
1313,200,Maclura',0,33,0,38,0,0,0,39.96787643432617,13.52233600616455,20.881638440150244,3.989526357977536,7774.404764196873,122373.22236243746,0.017577057537138598,276.7128195491454
1313,200,Magnolia',0,0,75,0,0,0,0,16.586864471435547,9.687541007995605,21.10767981202542,1.3295050910052668,1258.1694355076552,20676.1137052177,0.002988621821492905,49.220658570592306
1313,200,Malus',0,0,0,0,0,0,0,0.0,0.0,0.0,0.0,0.0,0.0,0.0,0.0
1313,200,Morus',0,0,0,0,0,0,0,0.0,0.0,0.0,0.0,0.0,0.0,0.0,0.0
1313,200,Nyssa',0,0,0,0,0,0,0,0.0,0.0,0.0,0.0,0.0,0.0,0.0,0.0
1313,200,Olneya',0,0,0,0,0,0,0,0.0,0.0,0.0,0.0,0.0,0.0,0.0,0.0
1313,200,Ostrya',0,0,0,0,0,0,0,0.0,0.0,0.0,0.0,0.0,0.0,0.0,0.0
1313,200,Oxydendron',0,0,0,0,0,0,0,0.0,0.0,0.0,0.0,0.0,0.0,0.0,0.0
1313,200,Paulownia',0,95,59,0,0,0,0,18.46857452392578,7.835846900939941,70.28174023085002,0.8996877772176503,485.84876156926157,5200.455340212347,0.002091408615373089,19.883296408116774
1313,200,Persea',0,24,36,4,0,0,0,37.99909973144531,15.267623901367188,33.516775360107424,0.9451915286656066,1355.4296015113594,22550.713971024164,0.0034961969713666174,57.11322272355315
1313,200,Picea',0,0,0,0,0,0,0,0.0,0.0,0.0,0.0,0.0,0.0,0.0,0.0
1313,200,Pinus',0,707,1848,1034,47,41,6,109.14204406738281,31.23719596862793,1351.7955780395864,190.5669006157177,302330.6445710203,747011.1331157997,0.6913718049955045,1674.619550958831
1313,200,Planera',0,35,0,0,0,0,0,2.259530782699585,2.570314884185791,6.7106790180447735,0.014371245453863195,21.92908721923828,490.34929706738876,0.00014533526062965392,3.2497952229555436
1313,200,Platanus',0,102,0,0,0,0,0,6.356678009033203,3.154893398284912,32.3411453090891,0.1438853265516705,168.77868891835212,2556.376615299045,0.000840632514143368,11.886641852322049
1313,200,Populus',0,204,67,0,0,0,0,27.992572784423828,10.648455619812012,100.57467121536594,1.261086812680185,1030.357580960095,12796.269010630436,0.0037375117786880487,37.70235848249615
1313,200,Prosopis',0,0,0,0,0,0,0,0.0,0.0,0.0,0.0,0.0,0.0,0.0,0.0
1313,200,Prunus',0,0,0,0,0,0,0,0.0,0.0,0.0,0.0,0.0,0.0,0.0,0.0
1313,200,Pseudotsuga',0,0,0,0,0,0,0,0.0,0.0,0.0,0.0,0.0,0.0,0.0,0.0
1313,200,Quercus',0,40,116,27,0,6,0,86.07418060302734,26.735864639282227,100.82312939476361,12.131285733966969,24286.377415190935,310142.5689708184,0.05542113178170922,696.805187597559
1313,200,Robinia',0,0,0,0,0,0,0,0.0,0.0,0.0,0.0,0.0,0.0,0.0,0.0
1313,200,Salix',0,133,90,0,0,0,0,13.039324760437012,8.44370174407959,59.94665799568159,0.9789088030017485,720.7340948815644,9084.563118008135,0.0024645967717401096,25.83201338954524
1313,200,Sassafras',0,30,0,0,0,0,0,1.7807012796401978,3.1766397953033447,0.0,0.007491173485582615,7.703787384033204,172.26192274903568,1.7119526788592338e-05,0.38280425641921184
1313,200,Sequoia',0,0,0,0,0,0,0,0.0,0.0,0.0,0.0,0.0,0.0,0.0,0.0
1313,200,Sequoiadendron',0,0,0,0,0,0,0,0.0,0.0,0.0,0.0,0.0,0.0,0.0,0.0
1313,200,Sorbus',0,0,0,0,0,0,0,0.0,0.0,0.0,0.0,0.0,0.0,0.0,0.0
1313,200,Taxodium',0,0,47,3,7,0,0,54.8203239440918,15.384575843811035,57.74220099366163,2.762391272422134,2897.83518524766,46935.70672687397,0.007270864552989582,108.92612995898232
1313,200,Taxus',0,0,0,0,0,0,0,0.0,0.0,0.0,0.0,0.0,0.0,0.0,0.0
1313,200,Thuja',0,0,0,0,0,0,0,0.0,0.0,0.0,0.0,0.0,0.0,0.0,0.0
1313,200,Tilia',0,0,0,0,0,0,0,0.0,0.0,0.0,0.0,0.0,0.0,0.0,0.0
1313,200,Torreya',0,0,24,23,0,0,0,35.792659759521484,14.431118965148926,23.965467834472655,2.7617939865714676,3716.189347229004,74363.57109677029,0.008604366691509836,168.5173226974774
1313,200,Tsuga',0,0,0,0,0,0,0,0.0,0.0,0.0,0.0,0.0,0.0,0.0,0.0
1313,200,Ulmus',0,0,0,0,0,0,0,0.0,0.0,0.0,0.0,0.0,0.0,0.0,0.0
1313,200,Umbellularia',0,0,0,0,0,0,0,0.0,0.0,0.0,0.0,0.0,0.0,0.0,0.0
1313,210,Abies',0,0,0,0,0,0,0,0.0,0.0,0.0,0.0,0.0,0.0,0.0,0.0
1313,210,Acer',0,430,174,0,0,0,0,25.55704116821289,15.536624908447266,267.60690572659803,4.657325466237103,5977.84286657244,47732.654532892084,0.017136445337315283,117.81811281824866
1313,210,Aesculus',0,0,0,0,0,0,0,0.0,0.0,0.0,0.0,0.0,0.0,0.0,0.0
1313,210,Ailanthus',0,0,0,0,0,0,0,0.0,0.0,0.0,0.0,0.0,0.0,0.0,0.0
1313,210,Alnus',0,0,0,0,0,0,0,0.0,0.0,0.0,0.0,0.0,0.0,0.0,0.0
1313,210,Amelanchier',0,0,0,0,0,0,0,0.0,0.0,0.0,0.0,0.0,0.0,0.0,0.0
1313,210,Arbutus',0,0,0,0,0,0,0,0.0,0.0,0.0,0.0,0.0,0.0,0.0,0.0
1313,210,Asimina',0,0,0,0,0,0,0,0.0,0.0,0.0,0.0,0.0,0.0,0.0,0.0
1313,210,Betula',0,0,0,0,0,0,0,0.0,0.0,0.0,0.0,0.0,0.0,0.0,0.0
1313,210,Calocedrus',0,0,0,0,0,0,0,0.0,0.0,0.0,0.0,0.0,0.0,0.0,0.0
1313,210,Carpinus',0,0,0,0,0,0,0,0.0,0.0,0.0,0.0,0.0,0.0,0.0,0.0
1313,210,Carya',0,45,88,17,0,0,0,37.081298828125,17.22291374206543,64.18047735113886,2.810608692204132,4914.794329822659,81074.35040088969,0.01184567852465059,185.16449196681788
1313,210,Castanea',0,0,0,0,0,0,0,0.0,0.0,0.0,0.0,0.0,0.0,0.0,0.0
1313,210,Catalpa',0,63,0,0,0,0,0,4.234577178955078,2.7955408096313477,23.066037742397448,0.0465603692277421,65.32937968254089,1155.2100984557912,0.0004772248294949521,8.54023481233515
1313,210,Celtis',0,28,0,0,0,0,0,2.5,2.8325634002685547,0.0,0.013823007675795225,17.088702087402343,382.114995146742,3.797489494085311e-05,0.8491444652616063
1313,210,Cercis',0,0,0,0,0,0,0,0.0,0.0,0.0,0.0,0.0,0.0,0.0,0.0
1313,210,Cercocarpus',0,0,0,0,0,0,0,0.0,0.0,0.0,0.0,0.0,0.0,0.0,0.0
1313,210,Chamaecyparis',0,0,0,0,0,0,0,0.0,0.0,0.0,0.0,0.0,0.0,0.0,0.0
1313,210,Chilopsis',0,0,0,0,0,0,0,0.0,0.0,0.0,0.0,0.0,0.0,0.0,0.0
1313,210,Chrysolepis',0,0,0,0,0,0,0,0.0,0.0,0.0,0.0,0.0,0.0,0.0,0.0
1313,210,Cladrastis',0,0,0,0,0,0,0,0.0,0.0,0.0,0.0,0.0,0.0,0.0,0.0
1313,210,Comus',0,0,0,0,0,0,0,0.0,0.0,0.0,0.0,0.0,0.0,0.0,0.0
1313,210,Cornus',0,0,0,0,0,0,0,0.0,0.0,0.0,0.0,0.0,0.0,0.0,0.0
1313,210,Crataegus',0,0,0,0,0,0,0,0.0,0.0,0.0,0.0,0.0,0.0,0.0,0.0
1313,210,Cupressus',0,0,0,0,0,0,0,0.0,0.0,0.0,0.0,0.0,0.0,0.0,0.0
1313,210,Diospyros',0,28,0,0,0,0,0,2.5,2.52746844291687,0.0,0.014156801895239154,25.737270574569703,575.5028656004362,5.7193935923278324e-05,1.278895286252164
1313,210,Elaeagnus',0,0,0,0,0,0,0,0.0,0.0,0.0,0.0,0.0,0.0,0.0,0.0
1313,210,Fagus',0,0,0,0,0,0,0,0.0,0.0,0.0,0.0,0.0,0.0,0.0,0.0
1313,210,Fraxinus',0,820,652,29,0,0,1,116.75274658203125,30.810787200927734,578.5123165555392,22.592813154085196,31086.54570174575,168997.11561587898,0.07740921796243054,387.96386101079815
1313,210,Gleditsia',0,0,0,0,0,0,0,0.0,0.0,0.0,0.0,0.0,0.0,0.0,0.0
1313,210,Gordonia',0,37,68,0,0,0,0,19.449737548828125,12.48851203918457,36.49428255915642,1.3748002788603408,1482.2190815627575,24246.708352109963,0.003820959927871829,59.4118407481529
1313,210,Gymnocladus',0,0,0,0,0,0,0,0.0,0.0,0.0,0.0,0.0,0.0,0.0,0.0
1313,210,Halesia',0,0,0,0,0,0,0,0.0,0.0,0.0,0.0,0.0,0.0,0.0,0.0
1313,210,Ilex',0,0,0,0,0,0,0,0.0,0.0,0.0,0.0,0.0,0.0,0.0,0.0
1313,210,Juglans',0,0,0,0,0,0,0,0.0,0.0,0.0,0.0,0.0,0.0,0.0,0.0
1313,210,Juniperus',0,0,0,0,0,0,0,0.0,0.0,0.0,0.0,0.0,0.0,0.0,0.0
1313,210,Larix',0,0,0,0,0,0,0,0.0,0.0,0.0,0.0,0.0,0.0,0.0,0.0
1313,210,Liquidambar',0,0,0,0,0,0,0,0.0,0.0,0.0,0.0,0.0,0.0,0.0,0.0
1313,210,Liriodendron',0,1982,1840,438,43,4,0,186.57675170898438,32.907196044921875,1843.2753948783618,106.82353191625008,111230.71421041318,291758.0729342752,0.27371434013496504,670.403509947927
1313,210,Lithocarpus',0,0,0,0,0,0,0,0.0,0.0,0.0,0.0,0.0,0.0,0.0,0.0
1313,210,Maclura',0,8,33,38,0,0,0,42.87977600097656,13.931800842285156,58.08327263291877,4.762037347890092,9358.05342322588,141957.93473711787,0.02163181438344702,323.51887665846556
1313,210,Magnolia',0,0,75,0,0,0,0,19.238386154174805,10.823186874389648,42.76567391956908,1.811109413622869,1854.859664568901,30251.423828314473,0.004512313634455214,73.0072123076568
1313,210,Malus',0,0,0,0,0,0,0,0.0,0.0,0.0,0.0,0.0,0.0,0.0,0.0
1313,210,Morus',0,0,0,0,0,0,0,0.0,0.0,0.0,0.0,0.0,0.0,0.0,0.0
1313,210,Nyssa',0,0,0,0,0,0,0,0.0,0.0,0.0,0.0,0.0,0.0,0.0,0.0
1313,210,Olneya',0,0,0,0,0,0,0,0.0,0.0,0.0,0.0,0.0,0.0,0.0,0.0
1313,210,Ostrya',0,0,0,0,0,0,0,0.0,0.0,0.0,0.0,0.0,0.0,0.0,0.0
1313,210,Oxydendron',0,0,0,0,0,0,0,0.0,0.0,0.0,0.0,0.0,0.0,0.0,0.0
1313,210,Paulownia',0,143,59,0,0,0,0,18.41297721862793,7.819861888885498,65.7355967616733,0.9072175358049163,501.8015259003639,6767.463965238571,0.00206141496525519,22.50715312747591
1313,210,Persea',0,0,24,0,4,0,0,49.98442459106445,17.116413116455078,34.49954752922058,1.1516659126556545,1927.529888677597,38052.89907495403,0.004781726456359032,91.22256165982114
1313,210,Picea',0,0,0,0,0,0,0,0.0,0.0,0.0,0.0,0.0,0.0,0.0,0.0
1313,210,Pinus',0,774,1790,1050,54,46,6,120.63988494873047,32.083648681640625,1428.1672165456414,193.35728361154779,308720.98856733146,778763.5813666253,0.7066757269272954,1744.1604378283207
1313,210,Planera',0,0,35,0,0,0,0,9.953714370727539,6.076107501983643,15.948033634620375,0.27888697439410354,236.75597366333008,5294.024511903588,0.0007557051801681517,16.8980815380472
1313,210,Platanus',0,133,35,0,0,0,0,8.993474006652832,3.8945257663726807,95.48280701041222,0.4167355273685125,460.4917044746876,5681.143727584906,0.00239784295857697,28.815950123595826
1313,210,Populus',0,235,82,0,0,0,0,17.930435180664062,7.625300884246826,122.97771218409642,1.7932238417186064,1323.8372287139298,15100.334138024999,0.004712193064740385,45.44716225884471
1313,210,Prosopis',0,0,0,0,0,0,0,0.0,0.0,0.0,0.0,0.0,0.0,0.0,0.0
1313,210,Prunus',0,0,0,0,0,0,0,0.0,0.0,0.0,0.0,0.0,0.0,0.0,0.0
1313,210,Pseudotsuga',0,0,0,0,0,0,0,0.0,0.0,0.0,0.0,0.0,0.0,0.0,0.0
1313,210,Quercus',0,19,82,33,0,0,6,89.5124740600586,27.201173782348633,70.38598891772047,8.881692713142998,16342.967786040903,218717.34410933335,0.03733095127372589,491.5468603091475
1313,210,Robinia',0,0,0,0,0,0,0,0.0,0.0,0.0,0.0,0.0,0.0,0.0,0.0
1313,210,Salix',0,228,7,0,0,0,0,14.468836784362793,9.109624862670898,101.571322741765,0.39927200660986956,393.8639946615696,3433.0035241820124,0.0023374289449397487,18.514633600915676
1313,210,Sassafras',0,30,0,0,0,0,0,4.421809196472168,5.678188323974609,10.527672541292405,0.04619210039915198,50.97709736824036,1139.8825501101048,0.00026483413425088236,5.921871269472763
1313,210,Sequoia',0,0,0,0,0,0,0,0.0,0.0,0.0,0.0,0.0,0.0,0.0,0.0
1313,210,Sequoiadendron',0,0,0,0,0,0,0,0.0,0.0,0.0,0.0,0.0,0.0,0.0,0.0
1313,210,Sorbus',0,0,0,0,0,0,0,0.0,0.0,0.0,0.0,0.0,0.0,0.0,0.0
1313,210,Taxodium',0,0,38,3,7,0,0,61.31810760498047,16.359651565551758,51.50970454834684,3.467320512402616,3841.472484867573,62086.57658317741,0.009278116467356696,142.05747562872858
1313,210,Taxus',0,0,0,0,0,0,0,0.0,0.0,0.0,0.0,0.0,0.0,0.0,0.0
1313,210,Thuja',0,0,0,0,0,0,0,0.0,0.0,0.0,0.0,0.0,0.0,0.0,0.0
1313,210,Tilia',0,0,0,0,0,0,0,0.0,0.0,0.0,0.0,0.0,0.0,0.0,0.0
1313,210,Torreya',0,22,24,23,0,0,0,38.80018997192383,14.865135192871094,42.45329849004745,3.5670758933622984,4900.703145172596,91092.95340212036,0.011503665758100039,208.60974445957325
1313,210,Tsuga',0,0,0,0,0,0,0,0.0,0.0,0.0,0.0,0.0,0.0,0.0,0.0
1313,210,Ulmus',0,0,0,0,0,0,0,0.0,0.0,0.0,0.0,0.0,0.0,0.0,0.0
1313,210,Umbellularia',0,0,0,0,0,0,0,0.0,0.0,0.0,0.0,0.0,0.0,0.0,0.0
1313,220,Abies',0,0,0,0,0,0,0,0.0,0.0,0.0,0.0,0.0,0.0,0.0,0.0
1313,220,Acer',0,425,344,19,0,0,0,38.902042388916016,20.433012008666992,333.5687880236891,7.098670367498925,9281.482979894876,67888.89244058364,0.025427425850849544,163.34851878566835
1313,220,Aesculus',0,0,0,0,0,0,0,0.0,0.0,0.0,0.0,0.0,0.0,0.0,0.0
1313,220,Ailanthus',0,0,0,0,0,0,0,0.0,0.0,0.0,0.0,0.0,0.0,0.0,0.0
1313,220,Alnus',0,0,0,0,0,0,0,0.0,0.0,0.0,0.0,0.0,0.0,0.0,0.0
1313,220,Amelanchier',0,0,0,0,0,0,0,0.0,0.0,0.0,0.0,0.0,0.0,0.0,0.0
1313,220,Arbutus',0,0,0,0,0,0,0,0.0,0.0,0.0,0.0,0.0,0.0,0.0,0.0
1313,220,Asimina',0,0,0,0,0,0,0,0.0,0.0,0.0,0.0,0.0,0.0,0.0,0.0
1313,220,Betula',0,0,0,0,0,0,0,0.0,0.0,0.0,0.0,0.0,0.0,0.0,0.0
1313,220,Calocedrus',0,0,0,0,0,0,0,0.0,0.0,0.0,0.0,0.0,0.0,0.0,0.0
1313,220,Carpinus',0,0,0,0,0,0,0,0.0,0.0,0.0,0.0,0.0,0.0,0.0,0.0
1313,220,Carya',0,13,77,0,0,0,0,23.180301666259766,13.337770462036133,53.44629668359514,1.4955981808124768,2347.6586301255224,29760.905669862696,0.0059864084284250085,73.80675617563722
1313,220,Castanea',0,0,0,0,0,0,0,0.0,0.0,0.0,0.0,0.0,0.0,0.0,0.0
1313,220,Catalpa',0,71,0,0,0,0,0,7.0799736976623535,3.7244679927825928,42.90406626613834,0.17329502623588425,161.5287839961052,2441.924182446251,0.000976580724567169,13.920283893295753
1313,220,Celtis',0,0,37,0,0,0,0,9.9710054397583,6.94180154800415,30.694825690758375,0.2792164447614883,304.9592216563225,5296.841143834254,0.0011195562062114393,18.646018244473847
1313,220,Cercis',0,0,0,0,0,0,0,0.0,0.0,0.0,0.0,0.0,0.0,0.0,0.0
1313,220,Cercocarpus',0,0,0,0,0,0,0,0.0,0.0,0.0,0.0,0.0,0.0,0.0,0.0
1313,220,Chamaecyparis',0,0,0,0,0,0,0,0.0,0.0,0.0,0.0,0.0,0.0,0.0,0.0
1313,220,Chilopsis',0,0,0,0,0,0,0,0.0,0.0,0.0,0.0,0.0,0.0,0.0,0.0
1313,220,Chrysolepis',0,0,0,0,0,0,0,0.0,0.0,0.0,0.0,0.0,0.0,0.0,0.0
1313,220,Cladrastis',0,0,0,0,0,0,0,0.0,0.0,0.0,0.0,0.0,0.0,0.0,0.0
1313,220,Comus',0,0,0,0,0,0,0,0.0,0.0,0.0,0.0,0.0,0.0,0.0,0.0
1313,220,Cornus',0,0,0,0,0,0,0,0.0,0.0,0.0,0.0,0.0,0.0,0.0,0.0
1313,220,Crataegus',0,0,0,0,0,0,0,0.0,0.0,0.0,0.0,0.0,0.0,0.0,0.0
1313,220,Cupressus',0,0,0,0,0,0,0,0.0,0.0,0.0,0.0,0.0,0.0,0.0,0.0
1313,220,Diospyros',0,0,0,0,0,0,0,0.0,0.0,0.0,0.0,0.0,0.0,0.0,0.0
1313,220,Elaeagnus',0,0,0,0,0,0,0,0.0,0.0,0.0,0.0,0.0,0.0,0.0,0.0
1313,220,Fagus',0,0,0,0,0,0,0,0.0,0.0,0.0,0.0,0.0,0.0,0.0,0.0
1313,220,Fraxinus',0,647,684,0,0,0,1,122.41439056396484,31.244503021240234,462.75319207412525,19.553415586102773,27379.873143216075,168981.38364119816,0.06750575207200984,387.51312618720624
1313,220,Gleditsia',0,38,0,0,0,0,0,0.5,1.6132776737213135,0.0,0.0007539822368615484,4.611271762847901,103.11117124453153,1.0247271135449408e-05,0.22913594842736848
1313,220,Gordonia',0,0,75,0,0,0,0,13.441268920898438,9.969486236572266,26.09383068203926,1.0624588379654902,1072.1384846889973,16945.747803773414,0.0027594409305552923,43.75527749370975
1313,220,Gymnocladus',0,0,0,0,0,0,0,0.0,0.0,0.0,0.0,0.0,0.0,0.0,0.0
1313,220,Halesia',0,0,0,0,0,0,0,0.0,0.0,0.0,0.0,0.0,0.0,0.0,0.0
1313,220,Ilex',0,0,0,0,0,0,0,0.0,0.0,0.0,0.0,0.0,0.0,0.0,0.0
1313,220,Juglans',0,0,0,0,0,0,0,0.0,0.0,0.0,0.0,0.0,0.0,0.0,0.0
1313,220,Juniperus',0,27,0,0,0,0,0,2.3770058155059814,3.1497867107391357,5.3554576396942135,0.012212337542216902,18.525844678878784,414.25048042575753,0.000118525152330598,2.650302976547352
1313,220,Larix',0,0,0,0,0,0,0,0.0,0.0,0.0,0.0,0.0,0.0,0.0,0.0
1313,220,Liquidambar',0,0,0,0,0,0,0,0.0,0.0,0.0,0.0,0.0,0.0,0.0,0.0
1313,220,Liriodendron',0,1487,2080,426,43,2,2,190.82882690429688,33.057281494140625,1866.5471104111614,110.30299553563204,117697.09252105706,316450.4691617592,0.28841907585530097,720.2375803596933
1313,220,Lithocarpus',0,0,0,0,0,0,0,0.0,0.0,0.0,0.0,0.0,0.0,0.0,0.0
1313,220,Maclura',0,15,41,38,0,0,0,45.92211151123047,14.31966495513916,51.38634138280832,5.862157756758437,11450.090828951597,162741.4356153779,0.02618438197871293,365.7305047130957
1313,220,Magnolia',0,37,38,0,0,0,0,21.236839294433594,11.6460542678833,35.34319445868081,1.3804147013926074,1532.0816541731358,33161.153729803205,0.0037272702080992943,77.04018132998104
1313,220,Malus',0,0,0,0,0,0,0,0.0,0.0,0.0,0.0,0.0,0.0,0.0,0.0
1313,220,Morus',0,0,0,0,0,0,0,0.0,0.0,0.0,0.0,0.0,0.0,0.0,0.0
1313,220,Nyssa',0,0,0,0,0,0,0,0.0,0.0,0.0,0.0,0.0,0.0,0.0,0.0
1313,220,Olneya',0,0,0,0,0,0,0,0.0,0.0,0.0,0.0,0.0,0.0,0.0,0.0
1313,220,Ostrya',0,0,0,0,0,0,0,0.0,0.0,0.0,0.0,0.0,0.0,0.0,0.0
1313,220,Oxydendron',0,0,0,0,0,0,0,0.0,0.0,0.0,0.0,0.0,0.0,0.0,0.0
1313,220,Paulownia',0,94,0,0,0,0,0,5.78677225112915,3.637575149536133,27.308263492923746,0.14894368672152983,94.73801850140094,1328.2857603161428,0.0006036465527524661,8.084602946016235
1313,220,Persea',0,32,24,0,4,0,0,59.634639739990234,18.16157341003418,36.731188873052595,1.8805891767374296,3122.4156149947644,56792.08294710669,0.007469262857270121,131.51594689507283
1313,220,Picea',0,0,0,0,0,0,0,0.0,0.0,0.0,0.0,0.0,0.0,0.0,0.0
1313,220,Pinus',0,481,2183,1084,56,61,6,130.22756958007812,32.661155700683594,1500.2585901999473,209.44572787204848,337333.13533263624,828094.8232943616,0.7712995892449622,1853.6897915186028
1313,220,Planera',0,0,0,0,0,0,0,0.0,0.0,0.0,0.0,0.0,0.0,0.0,0.0
1313,220,Platanus',0,104,28,0,0,0,0,10.70256233215332,4.364889144897461,113.0092598460143,0.4693496845469558,515.5065748941898,6181.356769426538,0.002772401264324793,32.104925557188764
1313,220,Populus',0,235,0,0,0,0,0,7.459777355194092,4.089194297790527,114.63352060959308,0.2903179374707675,337.9619736993313,2636.351782397518,0.002401239817116416,19.01535748189537
1313,220,Prosopis',0,0,0,0,0,0,0,0.0,0.0,0.0,0.0,0.0,0.0,0.0,0.0
1313,220,Prunus',0,0,0,0,0,0,0,0.0,0.0,0.0,0.0,0.0,0.0,0.0,0.0
1313,220,Pseudotsuga',0,0,0,0,0,0,0,0.0,0.0,0.0,0.0,0.0,0.0,0.0,0.0
1313,220,Quercus',0,0,71,45,0,0,6,92.70231628417969,27.610881805419922,75.52647918745686,10.512783944719473,19536.687707075478,243625.73902646196,0.04450210724799324,549.6216985158287
1313,220,Robinia',0,0,0,0,0,0,0,0.0,0.0,0.0,0.0,0.0,0.0,0.0,0.0
1313,220,Salix',0,192,45,0,0,0,0,26.034215927124023,13.793468475341797,94.9053463066303,0.981631300949514,828.8145784211159,8857.153888274865,0.003208025357785509,29.292026755418384
1313,220,Sassafras',0,17,0,0,0,0,0,1.3331553936004639,2.7201061248779297,1.1915399002123481,0.0025014362246417853,3.4577602481842042,77.31786964836405,2.483679008483866e-05,0.5553675097259219
1313,220,Sequoia',0,0,0,0,0,0,0,0.0,0.0,0.0,0.0,0.0,0.0,0.0,0.0
1313,220,Sequoiadendron',0,0,0,0,0,0,0,0.0,0.0,0.0,0.0,0.0,0.0,0.0,0.0
1313,220,Sorbus',0,0,0,0,0,0,0,0.0,0.0,0.0,0.0,0.0,0.0,0.0,0.0
1313,220,Taxodium',0,0,35,2,10,0,0,66.78518676757812,17.103036880493164,72.53804830433445,4.551777812091342,5219.260910465718,77963.85916510515,0.012642583055823983,179.53336914504962
1313,220,Taxus',0,0,0,0,0,0,0,0.0,0.0,0.0,0.0,0.0,0.0,0.0,0.0
1313,220,Thuja',0,0,0,0,0,0,0,0.0,0.0,0.0,0.0,0.0,0.0,0.0,0.0
1313,220,Tilia',0,0,0,0,0,0,0,0.0,0.0,0.0,0.0,0.0,0.0,0.0,0.0
1313,220,Torreya',0,0,46,23,0,0,0,41.918819427490234,15.259528160095215,34.49294615745544,4.650882016686966,6395.178332891464,110199.2201510188,0.014709738587225537,248.72017068277015
1313,220,Tsuga',0,0,0,0,0,0,0,0.0,0.0,0.0,0.0,0.0,0.0,0.0,0.0
1313,220,Ulmus',0,0,0,0,0,0,0,0.0,0.0,0.0,0.0,0.0,0.0,0.0,0.0
1313,220,Umbellularia',0,0,0,0,0,0,0,0.0,0.0,0.0,0.0,0.0,0.0,0.0,0.0
1313,230,Abies',0,0,0,0,0,0,0,0.0,0.0,0.0,0.0,0.0,0.0,0.0,0.0
1313,230,Acer',0,488,190,0,0,0,0,54.711463928222656,24.70846939086914,289.4211243071793,3.1059708078092765,3988.094504440874,24739.905767642704,0.013028810075796185,71.80233789721115
1313,230,Aesculus',0,0,0,0,0,0,0,0.0,0.0,0.0,0.0,0.0,0.0,0.0,0.0
1313,230,Ailanthus',0,0,0,0,0,0,0,0.0,0.0,0.0,0.0,0.0,0.0,0.0,0.0
1313,230,Alnus',0,0,0,0,0,0,0,0.0,0.0,0.0,0.0,0.0,0.0,0.0,0.0
1313,230,Amelanchier',0,0,0,0,0,0,0,0.0,0.0,0.0,0.0,0.0,0.0,0.0,0.0
1313,230,Arbutus',0,0,0,0,0,0,0,0.0,0.0,0.0,0.0,0.0,0.0,0.0,0.0
1313,230,Asimina',0,0,0,0,0,0,0,0.0,0.0,0.0,0.0,0.0,0.0,0.0,0.0
1313,230,Betula',0,0,0,0,0,0,0,0.0,0.0,0.0,0.0,0.0,0.0,0.0,0.0
1313,230,Calocedrus',0,0,0,0,0,0,0,0.0,0.0,0.0,0.0,0.0,0.0,0.0,0.0
1313,230,Carpinus',0,0,0,0,0,0,0,0.0,0.0,0.0,0.0,0.0,0.0,0.0,0.0
1313,230,Carya',0,37,72,12,0,0,0,28.40157127380371,15.00653076171875,59.07641220507742,2.4148665488088272,4063.771604832411,48883.31824378645,0.009881041089421108,115.19636184973072
1313,230,Castanea',0,0,0,0,0,0,0,0.0,0.0,0.0,0.0,0.0,0.0,0.0,0.0
1313,230,Catalpa',0,53,31,0,0,0,0,12.19831371307373,5.2549028396606445,17.944442654335045,0.3812932972548381,262.618123112917,5213.73576507532,0.0008419160823002471,15.487899528712116
1313,230,Celtis',0,0,28,0,0,0,0,15.323123931884766,9.497724533081055,14.156899391850336,0.5192986099558775,551.2589768218994,12326.5254538075,0.0014288163871765092,31.949305690923456
1313,230,Cercis',0,0,0,0,0,0,0,0.0,0.0,0.0,0.0,0.0,0.0,0.0,0.0
1313,230,Cercocarpus',0,0,0,0,0,0,0,0.0,0.0,0.0,0.0,0.0,0.0,0.0,0.0
1313,230,Chamaecyparis',0,0,0,0,0,0,0,0.0,0.0,0.0,0.0,0.0,0.0,0.0,0.0
1313,230,Chilopsis',0,0,0,0,0,0,0,0.0,0.0,0.0,0.0,0.0,0.0,0.0,0.0
1313,230,Chrysolepis',0,0,0,0,0,0,0,0.0,0.0,0.0,0.0,0.0,0.0,0.0,0.0
1313,230,Cladrastis',0,0,0,0,0,0,0,0.0,0.0,0.0,0.0,0.0,0.0,0.0,0.0
1313,230,Comus',0,0,0,0,0,0,0,0.0,0.0,0.0,0.0,0.0,0.0,0.0,0.0
1313,230,Cornus',0,0,0,0,0,0,0,0.0,0.0,0.0,0.0,0.0,0.0,0.0,0.0
1313,230,Crataegus',0,0,0,0,0,0,0,0.0,0.0,0.0,0.0,0.0,0.0,0.0,0.0
1313,230,Cupressus',0,0,0,0,0,0,0,0.0,0.0,0.0,0.0,0.0,0.0,0.0,0.0
1313,230,Diospyros',0,0,0,0,0,0,0,0.0,0.0,0.0,0.0,0.0,0.0,0.0,0.0
1313,230,Elaeagnus',0,0,0,0,0,0,0,0.0,0.0,0.0,0.0,0.0,0.0,0.0,0.0
1313,230,Fagus',0,0,0,0,0,0,0,0.0,0.0,0.0,0.0,0.0,0.0,0.0,0.0
1313,230,Fraxinus',0,775,562,39,0,0,1,127.73700714111328,31.616024017333984,503.20429871695796,19.894536160465616,28751.8166964332,185579.65212954572,0.0711368316377933,424.3209276528703
1313,230,Gleditsia',0,0,0,0,0,0,0,0.0,0.0,0.0,0.0,0.0,0.0,0.0,0.0
1313,230,Gordonia',0,11,37,0,0,0,0,18.235519409179688,12.030706405639648,14.470454013347625,0.9985105876889492,1110.0578161597252,24445.25354909401,0.002675812723618045,57.7015852400943
1313,230,Gymnocladus',0,0,0,0,0,0,0,0.0,0.0,0.0,0.0,0.0,0.0,0.0,0.0
1313,230,Halesia',0,0,0,0,0,0,0,0.0,0.0,0.0,0.0,0.0,0.0,0.0,0.0
1313,230,Ilex',0,0,0,0,0,0,0,0.0,0.0,0.0,0.0,0.0,0.0,0.0,0.0
1313,230,Juglans',0,0,0,0,0,0,0,0.0,0.0,0.0,0.0,0.0,0.0,0.0,0.0
1313,230,Juniperus',0,0,0,0,0,0,0,0.0,0.0,0.0,0.0,0.0,0.0,0.0,0.0
1313,230,Larix',0,0,0,0,0,0,0,0.0,0.0,0.0,0.0,0.0,0.0,0.0,0.0
1313,230,Liquidambar',0,16,0,0,0,0,0,3.840441942214966,4.06256103515625,7.39551345004311,0.018534132870768376,26.22474765777588,586.4031845556605,0.0001647397421300399,3.6836926199855906
1313,230,Liriodendron',0,2064,1955,326,32,0,2,94.0654296875,26.131803512573242,1697.6702383971665,87.79431719066191,89364.21135676504,253302.67484692374,0.22302604278571952,581.7955961090108
1313,230,Lithocarpus',0,0,0,0,0,0,0,0.0,0.0,0.0,0.0,0.0,0.0,0.0,0.0
1313,230,Maclura',0,48,0,23,0,0,0,38.97113800048828,13.372910499572754,26.07214002858234,2.8574522674530973,5688.631545096636,125583.71628379708,0.013016725681866652,282.7874613688813
1313,230,Magnolia',0,37,38,0,0,0,0,22.819929122924805,12.27841567993164,14.727071322783637,1.6977138113858652,1874.0944077557326,39540.97387218243,0.004299095954344925,89.85665929303121
1313,230,Malus',0,0,0,0,0,0,0,0.0,0.0,0.0,0.0,0.0,0.0,0.0,0.0
1313,230,Morus',0,0,0,0,0,0,0,0.0,0.0,0.0,0.0,0.0,0.0,0.0,0.0
1313,230,Nyssa',0,0,0,0,0,0,0,0.0,0.0,0.0,0.0,0.0,0.0,0.0,0.0
1313,230,Olneya',0,0,0,0,0,0,0,0.0,0.0,0.0,0.0,0.0,0.0,0.0,0.0
1313,230,Ostrya',0,0,0,0,0,0,0,0.0,0.0,0.0,0.0,0.0,0.0,0.0,0.0
1313,230,Oxydendron',0,0,0,0,0,0,0,0.0,0.0,0.0,0.0,0.0,0.0,0.0,0.0
1313,230,Paulownia',0,51,30,0,0,0,0,9.394192695617676,4.952264785766602,31.630889875224874,0.23727450857803653,138.85815388917922,2498.0656122880955,0.0007639179064957502,12.267912350966606
1313,230,Persea',0,15,57,0,0,0,0,20.799732208251953,10.976911544799805,32.95589133620262,1.104202965601302,1372.9263499104977,24647.721441702713,0.0035269769271040747,59.658338883093904
1313,230,Picea',0,0,0,0,0,0,0,0.0,0.0,0.0,0.0,0.0,0.0,0.0,0.0
1313,230,Pinus',0,818,1934,895,126,62,5,136.3737030029297,32.97977066040039,1376.720148651898,208.46042988199184,337841.67155273526,829238.4482130496,0.7706452271466502,1857.495347895199
1313,230,Planera',0,0,0,0,0,0,0,0.0,0.0,0.0,0.0,0.0,0.0,0.0,0.0
1313,230,Platanus',0,34,66,0,0,0,0,14.13716983795166,5.289112091064453,89.04415941125228,0.7535827752146952,677.7645076096059,9389.302697028723,0.0027879835321158114,35.99142842445936
1313,230,Populus',0,212,109,0,0,0,0,20.213130950927734,8.341815948486328,164.95335515541365,1.5370201577409268,1190.1013106632233,9504.908524986264,0.0050192646974082855,33.87466896588811
1313,230,Prosopis',0,0,0,0,0,0,0,0.0,0.0,0.0,0.0,0.0,0.0,0.0,0.0
1313,230,Prunus',0,0,0,0,0,0,0,0.0,0.0,0.0,0.0,0.0,0.0,0.0,0.0
1313,230,Pseudotsuga',0,0,0,0,0,0,0,0.0,0.0,0.0,0.0,0.0,0.0,0.0,0.0
1313,230,Quercus',0,36,53,51,0,0,6,95.95043182373047,28.00743293762207,41.90484386220385,10.946807284587164,20445.496791743935,265462.0912148275,0.046037682723926575,594.8482984100862
1313,230,Robinia',0,0,0,0,0,0,0,0.0,0.0,0.0,0.0,0.0,0.0,0.0,0.0
1313,230,Salix',0,331,89,5,0,0,0,37.37599182128906,17.365280151367188,157.40897208357913,2.0389620764983873,1821.364958231747,18364.52738496544,0.00631346739831635,50.084773257488486
1313,230,Sassafras',0,34,0,0,0,0,0,5.04653263092041,6.224532127380371,20.202579903828944,0.05461661715898479,82.37439405322075,1352.5167200273452,0.0004738815696239474,7.7112269918927705
1313,230,Sequoia',0,0,0,0,0,0,0,0.0,0.0,0.0,0.0,0.0,0.0,0.0,0.0
1313,230,Sequoiadendron',0,0,0,0,0,0,0,0.0,0.0,0.0,0.0,0.0,0.0,0.0,0.0
1313,230,Sorbus',0,0,0,0,0,0,0,0.0,0.0,0.0,0.0,0.0,0.0,0.0,0.0
1313,230,Taxodium',0,0,35,0,5,7,0,72.06510925292969,17.76020050048828,62.77772691053679,5.898555858351078,6982.845357544422,96759.71565421247,0.016421154338300145,222.33988979787972
1313,230,Taxus',0,0,0,0,0,0,0,0.0,0.0,0.0,0.0,0.0,0.0,0.0,0.0
1313,230,Thuja',0,0,0,0,0,0,0,0.0,0.0,0.0,0.0,0.0,0.0,0.0,0.0
1313,230,Tilia',0,0,0,0,0,0,0,0.0,0.0,0.0,0.0,0.0,0.0,0.0,0.0
1313,230,Torreya',0,14,22,47,0,0,0,45.32581329345703,15.633902549743652,47.29399371385574,6.003358632638332,8388.740985970497,134404.57932697443,0.019324783017463928,305.0387849409843
1313,230,Tsuga',0,0,0,0,0,0,0,0.0,0.0,0.0,0.0,0.0,0.0,0.0,0.0
1313,230,Ulmus',0,0,0,0,0,0,0,0.0,0.0,0.0,0.0,0.0,0.0,0.0,0.0
1313,230,Umbellularia',0,0,0,0,0,0,0,0.0,0.0,0.0,0.0,0.0,0.0,0.0,0.0
1313,240,Abies',0,0,0,0,0,0,0,0.0,0.0,0.0,0.0,0.0,0.0,0.0,0.0
1313,240,Acer',0,556,283,0,0,0,0,17.734668731689453,11.959186553955078,358.69667133505015,5.100273537691673,5786.167931997031,36309.08081919615,0.018021788789363512,96.54784991355035
1313,240,Aesculus',0,0,0,0,0,0,0,0.0,0.0,0.0,0.0,0.0,0.0,0.0,0.0
1313,240,Ailanthus',0,0,0,0,0,0,0,0.0,0.0,0.0,0.0,0.0,0.0,0.0,0.0
1313,240,Alnus',0,0,0,0,0,0,0,0.0,0.0,0.0,0.0,0.0,0.0,0.0,0.0
1313,240,Amelanchier',0,0,0,0,0,0,0,0.0,0.0,0.0,0.0,0.0,0.0,0.0,0.0
1313,240,Arbutus',0,0,0,0,0,0,0,0.0,0.0,0.0,0.0,0.0,0.0,0.0,0.0
1313,240,Asimina',0,0,0,0,0,0,0,0.0,0.0,0.0,0.0,0.0,0.0,0.0,0.0
1313,240,Betula',0,0,0,0,0,0,0,0.0,0.0,0.0,0.0,0.0,0.0,0.0,0.0
1313,240,Calocedrus',0,0,0,0,0,0,0,0.0,0.0,0.0,0.0,0.0,0.0,0.0,0.0
1313,240,Carpinus',0,0,0,0,0,0,0,0.0,0.0,0.0,0.0,0.0,0.0,0.0,0.0
1313,240,Carya',0,47,72,0,0,0,0,24.314897537231445,17.057445526123047,46.374572131641294,2.351151701154645,4220.08324654162,57849.822631387324,0.010045550718756444,134.79119121393896
1313,240,Castanea',0,0,0,0,0,0,0,0.0,0.0,0.0,0.0,0.0,0.0,0.0,0.0
1313,240,Catalpa',0,12,54,0,0,0,0,16.0921688079834,6.3083415031433105,41.452068069690384,0.9748971329242242,666.3631652033329,10411.76450953718,0.0020775325584858847,29.531796554347697
1313,240,Celtis',0,27,28,0,0,0,0,19.52659797668457,11.304842948913574,13.13391371618343,0.8546519043322933,993.2131761789323,21888.82786889978,0.002396210389466983,52.86915301247415
1313,240,Cercis',0,0,0,0,0,0,0,0.0,0.0,0.0,0.0,0.0,0.0,0.0,0.0
1313,240,Cercocarpus',0,0,0,0,0,0,0,0.0,0.0,0.0,0.0,0.0,0.0,0.0,0.0
1313,240,Chamaecyparis',0,0,0,0,0,0,0,0.0,0.0,0.0,0.0,0.0,0.0,0.0,0.0
1313,240,Chilopsis',0,0,0,0,0,0,0,0.0,0.0,0.0,0.0,0.0,0.0,0.0,0.0
1313,240,Chrysolepis',0,0,0,0,0,0,0,0.0,0.0,0.0,0.0,0.0,0.0,0.0,0.0
1313,240,Cladrastis',0,0,0,0,0,0,0,0.0,0.0,0.0,0.0,0.0,0.0,0.0,0.0
1313,240,Comus',0,0,0,0,0,0,0,0.0,0.0,0.0,0.0,0.0,0.0,0.0,0.0
1313,240,Cornus',0,0,0,0,0,0,0,0.0,0.0,0.0,0.0,0.0,0.0,0.0,0.0
1313,240,Crataegus',0,0,0,0,0,0,0,0.0,0.0,0.0,0.0,0.0,0.0,0.0,0.0
1313,240,Cupressus',0,0,0,0,0,0,0,0.0,0.0,0.0,0.0,0.0,0.0,0.0,0.0
1313,240,Diospyros',0,0,0,0,0,0,0,0.0,0.0,0.0,0.0,0.0,0.0,0.0,0.0
1313,240,Elaeagnus',0,0,0,0,0,0,0,0.0,0.0,0.0,0.0,0.0,0.0,0.0,0.0
1313,240,Fagus',0,0,0,0,0,0,0,0.0,0.0,0.0,0.0,0.0,0.0,0.0,0.0
1313,240,Fraxinus',0,757,597,109,0,0,1,132.85960388183594,31.943313598632812,609.8438898672031,24.00026218057688,35205.857468600276,212457.01907605721,0.08701427906823388,485.01585203935724
1313,240,Gleditsia',0,11,0,0,0,0,0,3.3937110900878906,3.3603415489196777,4.548238066932822,0.010673862991861285,18.515056025981902,414.0092388131256,0.0001066189813148236,2.3840728991172577
1313,240,Gordonia',0,35,49,0,0,0,0,22.204578399658203,13.442404747009277,29.864802333712575,1.7030707784780068,2034.7471877783537,39247.705892340404,0.0049530408653617195,90.18943513870774
1313,240,Gymnocladus',0,0,0,0,0,0,0,0.0,0.0,0.0,0.0,0.0,0.0,0.0,0.0
1313,240,Halesia',0,0,0,0,0,0,0,0.0,0.0,0.0,0.0,0.0,0.0,0.0,0.0
1313,240,Ilex',0,0,0,0,0,0,0,0.0,0.0,0.0,0.0,0.0,0.0,0.0,0.0
1313,240,Juglans',0,0,0,0,0,0,0,0.0,0.0,0.0,0.0,0.0,0.0,0.0,0.0
1313,240,Juniperus',0,0,0,0,0,0,0,0.0,0.0,0.0,0.0,0.0,0.0,0.0,0.0
1313,240,Larix',0,0,0,0,0,0,0,0.0,0.0,0.0,0.0,0.0,0.0,0.0,0.0
1313,240,Liquidambar',0,0,16,0,0,0,0,8.30264663696289,6.993803977966309,13.768422452709341,0.08662494527545858,98.60931968688965,2204.9714203489725,0.0004173359185457198,9.331914833205571
1313,240,Liriodendron',0,1741,2203,325,17,6,2,103.56906127929688,27.283859252929688,1822.8427129605477,92.25464424927036,93023.45149775528,258259.73936386552,0.23295961461116263,593.5821885730584
1313,240,Lithocarpus',0,0,0,0,0,0,0,0.0,0.0,0.0,0.0,0.0,0.0,0.0,0.0
1313,240,Maclura',0,78,0,0,0,0,0,7.844695091247559,5.102280616760254,12.461126056747345,0.19826538150809636,263.9654056492448,4672.256643536669,0.000765974594770007,12.203429791295564
1313,240,Magnolia',0,0,75,0,0,0,0,24.240890502929688,12.831759452819824,43.603585798151876,2.2745369634928747,2549.9961906659605,47433.973504676746,0.006064710366611616,110.51680758671475
1313,240,Malus',0,0,0,0,0,0,0,0.0,0.0,0.0,0.0,0.0,0.0,0.0,0.0
1313,240,Morus',0,0,0,0,0,0,0,0.0,0.0,0.0,0.0,0.0,0.0,0.0,0.0
1313,240,Nyssa',0,0,0,0,0,0,0,0.0,0.0,0.0,0.0,0.0,0.0,0.0,0.0
1313,240,Olneya',0,0,0,0,0,0,0,0.0,0.0,0.0,0.0,0.0,0.0,0.0,0.0
1313,240,Ostrya',0,0,0,0,0,0,0,0.0,0.0,0.0,0.0,0.0,0.0,0.0,0.0
1313,240,Oxydendron',0,0,0,0,0,0,0,0.0,0.0,0.0,0.0,0.0,0.0,0.0,0.0
1313,240,Paulownia',0,198,0,0,0,0,0,7.952273845672607,4.439156532287598,63.77759493887424,0.39781347689412017,243.69145913004877,2310.7626406672907,0.0014596504823057963,12.969234388384937
1313,240,Persea',0,0,48,0,0,0,0,14.934626579284668,8.873019218444824,24.765478692054746,0.8057385200853354,932.222414727211,15843.041837038601,0.0024293289705216575,40.17577859946463
1313,240,Picea',0,0,0,0,0,0,0,0.0,0.0,0.0,0.0,0.0,0.0,0.0,0.0
1313,240,Pinus',0,718,2086,816,160,78,6,115.39200592041016,31.720121383666992,1503.8865573486685,223.96318816134692,369674.08143056603,906194.2336167973,0.8432207669799591,2027.7337252115371
1313,240,Planera',0,0,0,0,0,0,0,0.0,0.0,0.0,0.0,0.0,0.0,0.0,0.0
1313,240,Platanus',0,0,38,0,0,0,0,10.798484802246094,4.391080379486084,22.123274622084217,0.3516792532128046,279.4438053131104,6248.553445713241,0.0009394630622863932,21.007032696225174
1313,240,Populus',0,195,85,0,0,0,0,22.984224319458008,9.186978340148926,121.18618934780736,1.7386460092264402,1305.4755325901508,14723.831446331906,0.004645599366902847,41.516869656813675
1313,240,Prosopis',0,0,0,0,0,0,0,0.0,0.0,0.0,0.0,0.0,0.0,0.0,0.0
1313,240,Prunus',0,0,0,0,0,0,0,0.0,0.0,0.0,0.0,0.0,0.0,0.0,0.0
1313,240,Pseudotsuga',0,0,0,0,0,0,0,0.0,0.0,0.0,0.0,0.0,0.0,0.0,0.0
1313,240,Quercus',0,36,30,74,0,0,0,33.38536834716797,15.930076599121094,52.39961812107622,7.424272741333964,12149.777881661057,151583.3021591799,0.02775382703264613,344.9134904915022
1313,240,Robinia',0,0,0,0,0,0,0,0.0,0.0,0.0,0.0,0.0,0.0,0.0,0.0
1313,240,Salix',0,176,136,0,0,0,0,19.031911849975586,11.100727081298828,104.33877807865036,2.6390828402561883,2115.6275101968645,22966.847660449912,0.006203409109339814,59.152143715157024
1313,240,Sassafras',0,17,0,0,0,0,0,6.850529670715332,7.712451457977295,11.532592290564427,0.06605051223740475,76.24244781494141,1704.8329608518984,0.00033544573497771934,7.500794661725556
1313,240,Sequoia',0,0,0,0,0,0,0,0.0,0.0,0.0,0.0,0.0,0.0,0.0,0.0
1313,240,Sequoiadendron',0,0,0,0,0,0,0,0.0,0.0,0.0,0.0,0.0,0.0,0.0,0.0
1313,240,Sorbus',0,0,0,0,0,0,0,0.0,0.0,0.0,0.0,0.0,0.0,0.0,0.0
1313,240,Taxodium',0,0,35,0,0,12,0,76.7571029663086,18.29815101623535,50.21734363481968,7.317425052084323,9032.823266023397,117292.49115067067,0.02079584642669561,266.4501851768764
1313,240,Taxus',0,0,0,0,0,0,0,0.0,0.0,0.0,0.0,0.0,0.0,0.0,0.0
1313,240,Thuja',0,0,0,0,0,0,0,0.0,0.0,0.0,0.0,0.0,0.0,0.0,0.0
1313,240,Tilia',0,0,0,0,0,0,0,0.0,0.0,0.0,0.0,0.0,0.0,0.0,0.0
1313,240,Torreya',0,0,36,24,0,0,0,32.0949821472168,13.81430435180664,43.80995277404785,3.235559590503681,4226.904790725708,65617.13776352195,0.010025932201435156,151.67720576518641
1313,240,Tsuga',0,0,0,0,0,0,0,0.0,0.0,0.0,0.0,0.0,0.0,0.0,0.0
1313,240,Ulmus',0,0,0,0,0,0,0,0.0,0.0,0.0,0.0,0.0,0.0,0.0,0.0
1313,240,Umbellularia',0,0,0,0,0,0,0,0.0,0.0,0.0,0.0,0.0,0.0,0.0,0.0
1313,250,Abies',0,0,0,0,0,0,0,0.0,0.0,0.0,0.0,0.0,0.0,0.0,0.0
1313,250,Acer',0,284,500,0,0,0,0,21.17557144165039,13.605486869812012,348.86372920172875,7.395204614237333,8548.488762426972,50483.74388203415,0.024018729000020778,128.98089962150055
1313,250,Aesculus',0,0,0,0,0,0,0,0.0,0.0,0.0,0.0,0.0,0.0,0.0,0.0
1313,250,Ailanthus',0,0,0,0,0,0,0,0.0,0.0,0.0,0.0,0.0,0.0,0.0,0.0
1313,250,Alnus',0,0,0,0,0,0,0,0.0,0.0,0.0,0.0,0.0,0.0,0.0,0.0
1313,250,Amelanchier',0,0,0,0,0,0,0,0.0,0.0,0.0,0.0,0.0,0.0,0.0,0.0
1313,250,Arbutus',0,0,0,0,0,0,0,0.0,0.0,0.0,0.0,0.0,0.0,0.0,0.0
1313,250,Asimina',0,0,0,0,0,0,0,0.0,0.0,0.0,0.0,0.0,0.0,0.0,0.0
1313,250,Betula',0,0,0,0,0,0,0,0.0,0.0,0.0,0.0,0.0,0.0,0.0,0.0
1313,250,Calocedrus',0,0,0,0,0,0,0,0.0,0.0,0.0,0.0,0.0,0.0,0.0,0.0
1313,250,Carpinus',0,0,0,0,0,0,0,0.0,0.0,0.0,0.0,0.0,0.0,0.0,0.0
1313,250,Carya',0,19,92,7,0,0,0,31.168766021728516,19.659807205200195,65.5747464638722,3.3273950062780537,6230.522487945556,79123.53000158645,0.014789590514831388,183.542329156831
1313,250,Castanea',0,0,0,0,0,0,0,0.0,0.0,0.0,0.0,0.0,0.0,0.0,0.0
1313,250,Catalpa',0,26,23,0,0,0,0,18.406660079956055,6.892767429351807,37.22560182402405,0.7191248790801701,517.4337133789063,10000.31067049116,0.001685735939323896,30.290406761666283
1313,250,Celtis',0,45,27,0,0,0,0,9.656394958496094,6.782008647918701,22.401000040618676,0.22498590197134957,232.7912789952755,4536.887521020816,0.0008397887685266409,15.365518015936244
1313,250,Cercis',0,0,0,0,0,0,0,0.0,0.0,0.0,0.0,0.0,0.0,0.0,0.0
1313,250,Cercocarpus',0,0,0,0,0,0,0,0.0,0.0,0.0,0.0,0.0,0.0,0.0,0.0
1313,250,Chamaecyparis',0,0,0,0,0,0,0,0.0,0.0,0.0,0.0,0.0,0.0,0.0,0.0
1313,250,Chilopsis',0,0,0,0,0,0,0,0.0,0.0,0.0,0.0,0.0,0.0,0.0,0.0
1313,250,Chrysolepis',0,0,0,0,0,0,0,0.0,0.0,0.0,0.0,0.0,0.0,0.0,0.0
1313,250,Cladrastis',0,0,0,0,0,0,0,0.0,0.0,0.0,0.0,0.0,0.0,0.0,0.0
1313,250,Comus',0,0,0,0,0,0,0,0.0,0.0,0.0,0.0,0.0,0.0,0.0,0.0
1313,250,Cornus',0,0,0,0,0,0,0,0.0,0.0,0.0,0.0,0.0,0.0,0.0,0.0
1313,250,Crataegus',0,0,0,0,0,0,0,0.0,0.0,0.0,0.0,0.0,0.0,0.0,0.0
1313,250,Cupressus',0,0,0,0,0,0,0,0.0,0.0,0.0,0.0,0.0,0.0,0.0,0.0
1313,250,Diospyros',0,24,0,0,0,0,0,2.697587728500366,2.6225850582122803,6.003142888598803,0.013922535051868471,28.37619856774807,634.5110894051684,0.0001494767979159951,3.3424028119916467
1313,250,Elaeagnus',0,0,0,0,0,0,0,0.0,0.0,0.0,0.0,0.0,0.0,0.0,0.0
1313,250,Fagus',0,0,0,0,0,0,0,0.0,0.0,0.0,0.0,0.0,0.0,0.0,0.0
1313,250,Fraxinus',0,622,770,75,0,0,1,138.59983825683594,32.277870178222656,589.0199359316567,26.426979038881623,38854.531520697696,225609.20030890574,0.09482267288005965,514.0120589734837
1313,250,Gleditsia',0,32,11,0,0,0,0,11.385961532592773,7.646981239318848,17.86982360897185,0.15408396671419816,202.3753897070885,3738.36147427311,0.0007069691071510295,12.71128966270018
1313,250,Gordonia',0,25,35,0,0,0,0,10.601712226867676,8.531763076782227,12.17774579539895,0.3124843640900453,298.2520153076947,6584.103200735866,0.0008386830196779667,18.249237241541184
1313,250,Gymnocladus',0,0,0,0,0,0,0,0.0,0.0,0.0,0.0,0.0,0.0,0.0,0.0
1313,250,Halesia',0,0,0,0,0,0,0,0.0,0.0,0.0,0.0,0.0,0.0,0.0,0.0
1313,250,Ilex',0,0,0,0,0,0,0,0.0,0.0,0.0,0.0,0.0,0.0,0.0,0.0
1313,250,Juglans',0,0,0,0,0,0,0,0.0,0.0,0.0,0.0,0.0,0.0,0.0,0.0
1313,250,Juniperus',0,0,0,0,0,0,0,0.0,0.0,0.0,0.0,0.0,0.0,0.0,0.0
1313,250,Larix',0,0,0,0,0,0,0,0.0,0.0,0.0,0.0,0.0,0.0,0.0,0.0
1313,250,Liquidambar',0,0,16,0,0,0,0,13.689590454101562,10.171396255493164,9.7099037110051,0.23549992624837646,251.47584676742554,5623.170880712834,0.000698614680767061,15.621499162744726
1313,250,Liriodendron',0,1595,2531,214,10,12,2,111.38385009765625,28.124874114990234,1895.4604159922726,94.2423263711875,94917.89119311095,259491.14904362505,0.2382148533870512,596.4526676096889
1313,250,Lithocarpus',0,0,0,0,0,0,0,0.0,0.0,0.0,0.0,0.0,0.0,0.0,0.0
1313,250,Maclura',0,20,29,0,0,0,0,8.455710411071777,5.359230995178223,34.20227747740625,0.20817776852496853,330.0721825492382,5710.739626012969,0.001225854551471761,20.087967352338918
1313,250,Magnolia',0,0,0,0,0,0,0,0.0,0.0,0.0,0.0,0.0,0.0,0.0,0.0
1313,250,Malus',0,0,0,0,0,0,0,0.0,0.0,0.0,0.0,0.0,0.0,0.0,0.0
1313,250,Morus',0,0,0,0,0,0,0,0.0,0.0,0.0,0.0,0.0,0.0,0.0,0.0
1313,250,Nyssa',0,0,0,0,0,0,0,0.0,0.0,0.0,0.0,0.0,0.0,0.0,0.0
1313,250,Olneya',0,0,0,0,0,0,0,0.0,0.0,0.0,0.0,0.0,0.0,0.0,0.0
1313,250,Ostrya',0,0,0,0,0,0,0,0.0,0.0,0.0,0.0,0.0,0.0,0.0,0.0
1313,250,Oxydendron',0,0,0,0,0,0,0,0.0,0.0,0.0,0.0,0.0,0.0,0.0,0.0
1313,250,Paulownia',0,99,19,0,0,0,0,18.92845344543457,7.967327117919922,38.31115904771074,0.6727001611920199,380.5269895452261,6833.509629757271,0.0013971259764225645,21.848330568336554
1313,250,Persea',0,0,48,0,0,0,0,21.24161148071289,11.119770050048828,30.821321794986723,1.4311621081851478,1812.633305132389,29118.26595372492,0.00447327084805565,71.5950553279024
1313,250,Picea',0,0,0,0,0,0,0,0.0,0.0,0.0,0.0,0.0,0.0,0.0,0.0
1313,250,Pinus',0,608,2074,942,175,55,23,126.46083068847656,32.44670867919922,1525.6857406952977,234.91025535098905,386414.2990275779,925560.0846269948,0.8807361230225561,2071.267993119549
1313,250,Planera',0,0,0,0,0,0,0,0.0,0.0,0.0,0.0,0.0,0.0,0.0,0.0
1313,250,Platanus',0,28,38,0,0,0,0,12.587937355041504,4.875667095184326,62.80751780618594,0.524044263616531,471.6114201927185,9121.17042139471,0.0019521745307147808,34.771197254605084
1313,250,Populus',0,145,50,18,0,0,0,29.284839630126953,11.012218475341797,80.2276343899437,1.8309027709220156,1504.3286649179458,24051.126473454573,0.004497874173386004,57.379261752324915
1313,250,Prosopis',0,0,0,0,0,0,0,0.0,0.0,0.0,0.0,0.0,0.0,0.0,0.0
1313,250,Prunus',0,34,0,0,0,0,0,2.806702136993408,2.6749939918518066,10.091814760920366,0.02158037605044502,31.631520352363587,707.3022973955284,0.00021556954877823939,4.820281649470997
1313,250,Pseudotsuga',0,0,0,0,0,0,0,0.0,0.0,0.0,0.0,0.0,0.0,0.0,0.0
1313,250,Quercus',0,65,30,74,0,0,0,34.77867126464844,16.62398910522461,69.51704533322702,8.617825546123015,14348.636613637806,172840.90337752047,0.03288659555331975,389.9152918899631
1313,250,Robinia',0,0,0,0,0,0,0,0.0,0.0,0.0,0.0,0.0,0.0,0.0,0.0
1313,250,Salix',0,258,49,0,0,0,0,17.469881057739258,10.441461563110352,138.0573669764437,1.1280612434688762,1004.8635878151655,12768.412174590476,0.00422044276830367,38.55169552041706
1313,250,Sassafras',0,0,0,0,0,0,0,0.0,0.0,0.0,0.0,0.0,0.0,0.0,0.0
1313,250,Sequoia',0,0,0,0,0,0,0,0.0,0.0,0.0,0.0,0.0,0.0,0.0,0.0
1313,250,Sequoiadendron',0,0,0,0,0,0,0,0.0,0.0,0.0,0.0,0.0,0.0,0.0,0.0
1313,250,Sorbus',0,0,0,0,0,0,0,0.0,0.0,0.0,0.0,0.0,0.0,0.0,0.0
1313,250,Taxodium',0,0,35,0,0,9,0,84.078125,19.058801651000977,58.05554894329626,7.044966624848428,8813.781772520542,128984.8119127362,0.020421922788739277,294.7722083766083
1313,250,Taxus',0,0,0,0,0,0,0,0.0,0.0,0.0,0.0,0.0,0.0,0.0,0.0
1313,250,Thuja',0,0,0,0,0,0,0,0.0,0.0,0.0,0.0,0.0,0.0,0.0,0.0
1313,250,Tilia',0,0,0,0,0,0,0,0.0,0.0,0.0,0.0,0.0,0.0,0.0,0.0
1313,250,Torreya',0,47,14,46,0,0,0,35.18291473388672,14.336054801940918,48.806341607570644,4.448916791717173,5971.448998582363,85180.32356029385,0.013974867778291345,194.51514030401427
1313,250,Tsuga',0,0,0,0,0,0,0,0.0,0.0,0.0,0.0,0.0,0.0,0.0,0.0
1313,250,Ulmus',0,0,0,0,0,0,0,0.0,0.0,0.0,0.0,0.0,0.0,0.0,0.0
1313,250,Umbellularia',0,0,0,0,0,0,0,0.0,0.0,0.0,0.0,0.0,0.0,0.0,0.0
1313,260,Abies',0,0,0,0,0,0,0,0.0,0.0,0.0,0.0,0.0,0.0,0.0,0.0
1313,260,Acer',0,646,296,0,0,0,0,25.526277542114258,15.523675918579102,284.37195237725973,6.277228218232035,7653.996959299743,51681.26151994933,0.02110257437316311,129.46509847503697
1313,260,Aesculus',0,0,0,0,0,0,0,0.0,0.0,0.0,0.0,0.0,0.0,0.0,0.0
1313,260,Ailanthus',0,0,0,0,0,0,0,0.0,0.0,0.0,0.0,0.0,0.0,0.0,0.0
1313,260,Alnus',0,0,0,0,0,0,0,0.0,0.0,0.0,0.0,0.0,0.0,0.0,0.0
1313,260,Amelanchier',0,0,0,0,0,0,0,0.0,0.0,0.0,0.0,0.0,0.0,0.0,0.0
1313,260,Arbutus',0,0,0,0,0,0,0,0.0,0.0,0.0,0.0,0.0,0.0,0.0,0.0
1313,260,Asimina',0,0,0,0,0,0,0,0.0,0.0,0.0,0.0,0.0,0.0,0.0,0.0
1313,260,Betula',0,0,0,0,0,0,0,0.0,0.0,0.0,0.0,0.0,0.0,0.0,0.0
1313,260,Calocedrus',0,0,0,0,0,0,0,0.0,0.0,0.0,0.0,0.0,0.0,0.0,0.0
1313,260,Carpinus',0,0,0,0,0,0,0,0.0,0.0,0.0,0.0,0.0,0.0,0.0,0.0
1313,260,Carya',0,90,50,7,0,0,0,37.19160079956055,21.510967254638672,46.67404467357864,2.4156774155719813,4907.026001127959,73133.772874476,0.011576401058778173,167.2414044363481
1313,260,Castanea',0,0,0,0,0,0,0,0.0,0.0,0.0,0.0,0.0,0.0,0.0,0.0
1313,260,Catalpa',0,30,0,0,0,0,0,2.7883472442626953,2.300467014312744,3.849119394074512,0.0055142271293214615,12.40332981646061,195.98075309020032,8.297316698171251e-05,1.3145395398652235
1313,260,Celtis',0,21,23,0,0,0,0,8.757291793823242,6.319216728210449,22.689599889931795,0.1515248955196532,169.5410793930292,3429.172324824114,0.0007033873588051699,13.514624522274927
1313,260,Cercis',0,0,0,0,0,0,0,0.0,0.0,0.0,0.0,0.0,0.0,0.0,0.0
1313,260,Cercocarpus',0,0,0,0,0,0,0,0.0,0.0,0.0,0.0,0.0,0.0,0.0,0.0
1313,260,Chamaecyparis',0,0,0,0,0,0,0,0.0,0.0,0.0,0.0,0.0,0.0,0.0,0.0
1313,260,Chilopsis',0,0,0,0,0,0,0,0.0,0.0,0.0,0.0,0.0,0.0,0.0,0.0
1313,260,Chrysolepis',0,0,0,0,0,0,0,0.0,0.0,0.0,0.0,0.0,0.0,0.0,0.0
1313,260,Cladrastis',0,0,0,0,0,0,0,0.0,0.0,0.0,0.0,0.0,0.0,0.0,0.0
1313,260,Comus',0,0,0,0,0,0,0,0.0,0.0,0.0,0.0,0.0,0.0,0.0,0.0
1313,260,Cornus',0,0,0,0,0,0,0,0.0,0.0,0.0,0.0,0.0,0.0,0.0,0.0
1313,260,Crataegus',0,0,0,0,0,0,0,0.0,0.0,0.0,0.0,0.0,0.0,0.0,0.0
1313,260,Cupressus',0,0,0,0,0,0,0,0.0,0.0,0.0,0.0,0.0,0.0,0.0,0.0
1313,260,Diospyros',0,24,0,0,0,0,0,7.537775993347168,4.868955612182617,19.98383273806753,0.10870602598212059,161.63779073238373,3614.3308781049564,0.0006468734717667174,14.464530557116769
1313,260,Elaeagnus',0,0,0,0,0,0,0,0.0,0.0,0.0,0.0,0.0,0.0,0.0,0.0
1313,260,Fagus',0,0,0,0,0,0,0,0.0,0.0,0.0,0.0,0.0,0.0,0.0,0.0
1313,260,Fraxinus',0,578,594,128,2,0,0,61.0070686340332,18.078458786010742,484.7610682480131,22.53704943240346,30578.74296085149,161086.94727188002,0.07493116714387842,370.4794028527359
1313,260,Gleditsia',0,43,0,0,0,0,0,6.676778793334961,4.5965142250061035,12.09176934406727,0.13177465891450468,133.2113966858387,2441.2396559355384,0.00047009306734427847,8.272954854654294
1313,260,Gordonia',0,37,35,0,0,0,0,16.544620513916016,11.351866722106934,25.089941376447676,0.868117794564961,924.646655768156,18378.28711637065,0.002417180572537099,45.4269183239737
1313,260,Gymnocladus',0,0,0,0,0,0,0,0.0,0.0,0.0,0.0,0.0,0.0,0.0,0.0
1313,260,Halesia',0,0,0,0,0,0,0,0.0,0.0,0.0,0.0,0.0,0.0,0.0,0.0
1313,260,Ilex',0,0,0,0,0,0,0,0.0,0.0,0.0,0.0,0.0,0.0,0.0,0.0
1313,260,Juglans',0,0,0,0,0,0,0,0.0,0.0,0.0,0.0,0.0,0.0,0.0,0.0
1313,260,Juniperus',0,0,0,0,0,0,0,0.0,0.0,0.0,0.0,0.0,0.0,0.0,0.0
1313,260,Larix',0,0,0,0,0,0,0,0.0,0.0,0.0,0.0,0.0,0.0,0.0,0.0
1313,260,Liquidambar',0,0,16,0,0,0,0,19.601364135742188,13.253219604492188,11.540260496018806,0.4828168934220463,596.2294187545776,13332.09510520418,0.0014910828113555796,33.34162526272525
1313,260,Liriodendron',0,1418,2518,317,5,9,2,119.15032196044922,28.875953674316406,1940.4306582568943,104.10185043283734,105101.53131634563,276456.11817764957,0.2614925353545981,635.328365993974
1313,260,Lithocarpus',0,0,0,0,0,0,0,0.0,0.0,0.0,0.0,0.0,0.0,0.0,0.0
1313,260,Maclura',0,0,29,0,0,0,0,13.30221939086914,7.224105358123779,5.42272822907831,0.4096996313127944,564.7372433575988,12627.908655734333,0.0013330347778424728,29.80756379627099
1313,260,Magnolia',0,0,0,0,0,0,0,0.0,0.0,0.0,0.0,0.0,0.0,0.0,0.0
1313,260,Malus',0,0,0,0,0,0,0,0.0,0.0,0.0,0.0,0.0,0.0,0.0,0.0
1313,260,Morus',0,0,0,0,0,0,0,0.0,0.0,0.0,0.0,0.0,0.0,0.0,0.0
1313,260,Nyssa',0,21,0,0,0,0,0,1.0495784282684326,1.836958646774292,1.3103808179686338,0.0018826889114873409,5.28193512916565,118.10766001558494,3.060129390656978e-05,0.6842657337454108
1313,260,Olneya',0,0,0,0,0,0,0,0.0,0.0,0.0,0.0,0.0,0.0,0.0,0.0
1313,260,Ostrya',0,0,0,0,0,0,0,0.0,0.0,0.0,0.0,0.0,0.0,0.0,0.0
1313,260,Oxydendron',0,0,0,0,0,0,0,0.0,0.0,0.0,0.0,0.0,0.0,0.0,0.0
1313,260,Paulownia',0,142,23,0,0,0,0,14.921327590942383,6.776085376739502,43.10976581860192,0.5346395884146123,299.71078352689744,4908.239395905611,0.0012866129848430879,17.678199127090316
1313,260,Persea',0,0,15,0,0,0,0,27.153841018676758,12.846368789672852,15.657279567718506,0.905710019078585,1299.3914912986756,29055.277039286637,0.0031136974661350476,69.62439195646822
1313,260,Picea',0,0,0,0,0,0,0,0.0,0.0,0.0,0.0,0.0,0.0,0.0,0.0
1313,260,Pinus',0,967,2058,872,146,35,21,133.94290161132812,32.85818099975586,1677.4540821838377,222.30752989799322,363133.9445234138,874081.2900736849,0.8311942121509924,1957.2289867273437
1313,260,Planera',0,0,0,0,0,0,0,0.0,0.0,0.0,0.0,0.0,0.0,0.0,0.0
1313,260,Platanus',0,0,28,0,0,0,0,8.084153175354004,3.6413846015930176,22.364100761051414,0.14618369458275016,135.93801838874816,3039.6664984385893,0.0006240281364917674,13.953693330681103
1313,260,Populus',0,264,18,0,0,0,0,12.765969276428223,5.933831691741943,117.59297142677667,0.8121209307870864,637.5596479964256,5239.383015842868,0.0031096154159624065,23.08797396423293
1313,260,Prosopis',0,0,0,0,0,0,0,0.0,0.0,0.0,0.0,0.0,0.0,0.0,0.0
1313,260,Prunus',0,0,34,0,0,0,0,8.561880111694336,5.324247360229492,6.749548761150504,0.20081892698770912,152.77848093032839,3416.2306885936905,0.00043667125386000384,9.764266074510369
1313,260,Pseudotsuga',0,0,0,0,0,0,0,0.0,0.0,0.0,0.0,0.0,0.0,0.0,0.0
1313,260,Quercus',0,48,65,23,0,0,0,35.78803253173828,16.069658279418945,62.01895296667949,3.0812989282698884,4092.1105344158414,76132.05958862613,0.00998637589655824,174.81960835217936
1313,260,Robinia',0,0,0,0,0,0,0,0.0,0.0,0.0,0.0,0.0,0.0,0.0,0.0
1313,260,Salix',0,160,128,0,0,0,0,23.600833892822266,12.904247283935547,84.10315348943575,2.4283643091300786,2025.3163741230965,26385.32449825676,0.005711414448669216,65.03832803116458
1313,260,Sassafras',0,0,0,0,0,0,0,0.0,0.0,0.0,0.0,0.0,0.0,0.0,0.0
1313,260,Sequoia',0,0,0,0,0,0,0,0.0,0.0,0.0,0.0,0.0,0.0,0.0,0.0
1313,260,Sequoiadendron',0,0,0,0,0,0,0,0.0,0.0,0.0,0.0,0.0,0.0,0.0,0.0
1313,260,Sorbus',0,0,0,0,0,0,0,0.0,0.0,0.0,0.0,0.0,0.0,0.0,0.0
1313,260,Taxodium',0,3,0,35,0,7,2,97.00476837158203,20.197223663330078,38.33229329012617,8.11078747115237,10398.863689985275,148126.3986882478,0.023660400547891737,333.9348790310389
1313,260,Taxus',0,0,0,0,0,0,0,0.0,0.0,0.0,0.0,0.0,0.0,0.0,0.0
1313,260,Thuja',0,0,0,0,0,0,0,0.0,0.0,0.0,0.0,0.0,0.0,0.0,0.0
1313,260,Tilia',0,0,0,0,0,0,0,0.0,0.0,0.0,0.0,0.0,0.0,0.0,0.0
1313,260,Torreya',0,25,0,38,0,0,0,38.39158630371094,14.809420585632324,31.844647345542906,3.886718251179683,5441.9234254217145,94054.14740720697,0.01255314163045077,215.00198140187436
1313,260,Tsuga',0,0,0,0,0,0,0,0.0,0.0,0.0,0.0,0.0,0.0,0.0,0.0
1313,260,Ulmus',0,0,0,0,0,0,0,0.0,0.0,0.0,0.0,0.0,0.0,0.0,0.0
1313,260,Umbellularia',0,0,0,0,0,0,0,0.0,0.0,0.0,0.0,0.0,0.0,0.0,0.0
1313,270,Abies',0,0,0,0,0,0,0,0.0,0.0,0.0,0.0,0.0,0.0,0.0,0.0
1313,270,Acer',0,563,223,17,0,0,0,29.875654220581055,17.273725509643555,262.88737838380507,6.609225957386429,8452.647527778596,69357.4405285555,0.02256807083717803,163.02934382783496
1313,270,Aesculus',0,0,0,0,0,0,0,0.0,0.0,0.0,0.0,0.0,0.0,0.0,0.0
1313,270,Ailanthus',0,0,0,0,0,0,0,0.0,0.0,0.0,0.0,0.0,0.0,0.0,0.0
1313,270,Alnus',0,0,0,0,0,0,0,0.0,0.0,0.0,0.0,0.0,0.0,0.0,0.0
1313,270,Amelanchier',0,0,0,0,0,0,0,0.0,0.0,0.0,0.0,0.0,0.0,0.0,0.0
1313,270,Arbutus',0,0,0,0,0,0,0,0.0,0.0,0.0,0.0,0.0,0.0,0.0,0.0
1313,270,Asimina',0,0,0,0,0,0,0,0.0,0.0,0.0,0.0,0.0,0.0,0.0,0.0
1313,270,Betula',0,0,0,0,0,0,0,0.0,0.0,0.0,0.0,0.0,0.0,0.0,0.0
1313,270,Calocedrus',0,0,0,0,0,0,0,0.0,0.0,0.0,0.0,0.0,0.0,0.0,0.0
1313,270,Carpinus',0,0,0,0,0,0,0,0.0,0.0,0.0,0.0,0.0,0.0,0.0,0.0
1313,270,Carya',0,47,39,7,0,0,0,42.57621383666992,22.883508682250977,56.87525959614711,1.7708757119679974,3512.79620049417,57138.95770265436,0.008624965073607884,132.1835213886731
1313,270,Castanea',0,0,0,0,0,0,0,0.0,0.0,0.0,0.0,0.0,0.0,0.0,0.0
1313,270,Catalpa',0,46,0,0,0,0,0,7.440333366394043,3.8379902839660645,30.65414304031601,0.1321426750464503,119.77671140551567,2007.9382116486422,0.0007074538896400451,11.365876183213448
1313,270,Celtis',0,23,12,0,0,0,0,11.796122550964355,7.847333908081055,13.557871817787989,0.13468043636859842,155.45771281778812,3400.586450559498,0.0005406346797384347,11.920366193677443
1313,270,Cercis',0,0,0,0,0,0,0,0.0,0.0,0.0,0.0,0.0,0.0,0.0,0.0
1313,270,Cercocarpus',0,0,0,0,0,0,0,0.0,0.0,0.0,0.0,0.0,0.0,0.0,0.0
1313,270,Chamaecyparis',0,0,0,0,0,0,0,0.0,0.0,0.0,0.0,0.0,0.0,0.0,0.0
1313,270,Chilopsis',0,0,0,0,0,0,0,0.0,0.0,0.0,0.0,0.0,0.0,0.0,0.0
1313,270,Chrysolepis',0,0,0,0,0,0,0,0.0,0.0,0.0,0.0,0.0,0.0,0.0,0.0
1313,270,Cladrastis',0,0,0,0,0,0,0,0.0,0.0,0.0,0.0,0.0,0.0,0.0,0.0
1313,270,Comus',0,0,0,0,0,0,0,0.0,0.0,0.0,0.0,0.0,0.0,0.0,0.0
1313,270,Cornus',0,0,0,0,0,0,0,0.0,0.0,0.0,0.0,0.0,0.0,0.0,0.0
1313,270,Crataegus',0,0,0,0,0,0,0,0.0,0.0,0.0,0.0,0.0,0.0,0.0,0.0
1313,270,Cupressus',0,0,0,0,0,0,0,0.0,0.0,0.0,0.0,0.0,0.0,0.0,0.0
1313,270,Diospyros',0,0,0,0,0,0,0,0.0,0.0,0.0,0.0,0.0,0.0,0.0,0.0
1313,270,Elaeagnus',0,0,0,0,0,0,0,0.0,0.0,0.0,0.0,0.0,0.0,0.0,0.0
1313,270,Fagus',0,0,0,0,0,0,0,0.0,0.0,0.0,0.0,0.0,0.0,0.0,0.0
1313,270,Fraxinus',0,863,570,115,0,0,0,73.953125,19.547607421875,500.809416783667,24.57139918914011,34234.0733350268,185895.01351210088,0.08328514883049368,425.2292056931716
1313,270,Gleditsia',0,28,0,0,0,0,0,0.7268862724304199,1.75430428981781,0.0,0.001170231876441363,4.380135038495064,97.94279696703533,9.733633225550874e-06,0.21765065560382285
1313,270,Gordonia',0,0,73,0,0,0,0,21.213308334350586,13.112150192260742,27.834980583190916,1.7520182681218017,1977.1070619583131,34620.96819774542,0.004795632143293799,82.30128671962413
1313,270,Gymnocladus',0,0,0,0,0,0,0,0.0,0.0,0.0,0.0,0.0,0.0,0.0,0.0
1313,270,Halesia',0,0,0,0,0,0,0,0.0,0.0,0.0,0.0,0.0,0.0,0.0,0.0
1313,270,Ilex',0,0,0,0,0,0,0,0.0,0.0,0.0,0.0,0.0,0.0,0.0,0.0
1313,270,Juglans',0,0,0,0,0,0,0,0.0,0.0,0.0,0.0,0.0,0.0,0.0,0.0
1313,270,Juniperus',0,0,0,0,0,0,0,0.0,0.0,0.0,0.0,0.0,0.0,0.0,0.0
1313,270,Larix',0,0,0,0,0,0,0,0.0,0.0,0.0,0.0,0.0,0.0,0.0,0.0
1313,270,Liquidambar',0,0,16,0,0,0,0,25.19668960571289,15.824655532836914,9.72715887842299,0.7978051510722719,1102.2562069892883,24647.198074491374,0.0025894860863685458,57.90266915909899
1313,270,Liriodendron',0,1490,2080,420,37,6,4,126.37528228759766,29.506338119506836,1820.6829179387207,110.5894320660843,115673.29977974787,312132.47847797803,0.28326151986631365,712.662078284819
1313,270,Lithocarpus',0,0,0,0,0,0,0,0.0,0.0,0.0,0.0,0.0,0.0,0.0,0.0
1313,270,Maclura',0,0,29,0,0,0,0,18.07411766052246,8.79125690460205,13.47598790933814,0.7563652556053951,1162.0842126643659,25984.992950968448,0.002776403749734163,62.08227517390898
1313,270,Magnolia',0,0,0,0,0,0,0,0.0,0.0,0.0,0.0,0.0,0.0,0.0,0.0
1313,270,Malus',0,0,0,0,0,0,0,0.0,0.0,0.0,0.0,0.0,0.0,0.0,0.0
1313,270,Morus',0,0,0,0,0,0,0,0.0,0.0,0.0,0.0,0.0,0.0,0.0,0.0
1313,270,Nyssa',0,21,0,0,0,0,0,2.9727749824523926,2.7764546871185303,6.263737044756924,0.015103334722090786,21.650162830352784,484.11235812607765,0.00013828144824504977,3.0920671830305384
1313,270,Olneya',0,0,0,0,0,0,0,0.0,0.0,0.0,0.0,0.0,0.0,0.0,0.0
1313,270,Ostrya',0,0,0,0,0,0,0,0.0,0.0,0.0,0.0,0.0,0.0,0.0,0.0
1313,270,Oxydendron',0,0,0,0,0,0,0,0.0,0.0,0.0,0.0,0.0,0.0,0.0,0.0
1313,270,Paulownia',0,145,0,0,0,0,0,5.654858589172363,3.587510824203491,30.922152548085283,0.13821489252101074,101.61167770147324,1400.805533755709,0.0006709452954975401,9.10729691495987
1313,270,Persea',0,37,0,0,0,0,0,4.857008934020996,4.17564582824707,24.44250057220459,0.06996159009755792,122.62424068450927,2741.961378598557,0.000625556658685218,13.987872125977805
1313,270,Picea',0,0,0,0,0,0,0,0.0,0.0,0.0,0.0,0.0,0.0,0.0,0.0
1313,270,Pinus',0,761,2050,1011,164,52,21,100.59009552001953,30.47637939453125,1669.736500248909,239.54607433978387,389138.0938033134,903765.67663569,0.8888697334993519,2024.4449612065764
1313,270,Planera',0,0,18,0,0,0,0,11.590944290161133,6.683647155761719,14.759844888614701,0.1958418442255408,180.19064994812013,4029.185421938691,0.0006128998024463602,13.704856216662458
1313,270,Platanus',0,0,28,0,0,0,0,11.552997589111328,4.596330165863037,21.788648034952864,0.2985514822824732,242.64657698631288,5425.742406490371,0.0008528743165731429,19.07084948121236
1313,270,Populus',0,171,104,0,0,0,0,21.991151809692383,8.887160301208496,120.62261742692958,2.1032058471393227,1548.1287375813722,16519.456782456447,0.00517671561972912,47.20682944061669
1313,270,Prosopis',0,0,0,0,0,0,0,0.0,0.0,0.0,0.0,0.0,0.0,0.0,0.0
1313,270,Prunus',0,37,0,0,0,0,0,6.140449047088623,4.23665714263916,6.0439839242379865,0.10992541474409746,84.27600023269653,1884.4686539209554,0.0002742865029573397,6.133232659233052
1313,270,Pseudotsuga',0,0,0,0,0,0,0,0.0,0.0,0.0,0.0,0.0,0.0,0.0,0.0
1313,270,Quercus',0,10,102,23,0,0,0,38.83588790893555,16.983741760253906,63.74313328650933,4.35665258300607,5847.3265407454965,95168.4297630957,0.013911676713228332,217.4579938607734
1313,270,Robinia',0,0,0,0,0,0,0,0.0,0.0,0.0,0.0,0.0,0.0,0.0,0.0
1313,270,Salix',0,185,59,27,0,0,0,28.811321258544922,14.751921653747559,83.88758677352642,3.1636992084469924,2978.4971438525617,44300.154921951194,0.007826491059157038,104.25811033614457
1313,270,Sassafras',0,0,0,0,0,0,0,0.0,0.0,0.0,0.0,0.0,0.0,0.0,0.0
1313,270,Sequoia',0,0,0,0,0,0,0,0.0,0.0,0.0,0.0,0.0,0.0,0.0,0.0
1313,270,Sequoiadendron',0,0,0,0,0,0,0,0.0,0.0,0.0,0.0,0.0,0.0,0.0,0.0
1313,270,Sorbus',0,0,0,0,0,0,0,0.0,0.0,0.0,0.0,0.0,0.0,0.0,0.0
1313,270,Taxodium',0,0,3,35,0,0,9,108.6530990600586,21.03497314453125,61.753800428366354,9.315715871567996,12248.216089401245,170749.41462456505,0.028107237240515757,387.67261284291703
1313,270,Taxus',0,0,0,0,0,0,0,0.0,0.0,0.0,0.0,0.0,0.0,0.0,0.0
1313,270,Thuja',0,0,0,0,0,0,0,0.0,0.0,0.0,0.0,0.0,0.0,0.0,0.0
1313,270,Tilia',0,0,0,0,0,0,0,0.0,0.0,0.0,0.0,0.0,0.0,0.0,0.0
1313,270,Torreya',0,84,0,38,0,0,0,41.61012268066406,15.222810745239258,45.28819573163986,4.9338603324372485,7089.190501606465,116831.57437561787,0.016407919033863055,264.4961922518493
1313,270,Tsuga',0,0,0,0,0,0,0,0.0,0.0,0.0,0.0,0.0,0.0,0.0,0.0
1313,270,Ulmus',0,0,0,0,0,0,0,0.0,0.0,0.0,0.0,0.0,0.0,0.0,0.0
1313,270,Umbellularia',0,0,0,0,0,0,0,0.0,0.0,0.0,0.0,0.0,0.0,0.0,0.0
1313,280,Abies',0,0,0,0,0,0,0,0.0,0.0,0.0,0.0,0.0,0.0,0.0,0.0
1313,280,Acer',0,486,218,0,0,0,0,22.323638916015625,14.128816604614258,269.06053038384715,5.0645788148937285,6221.8431648102405,55999.92011171504,0.01769959397690141,134.41566421307317
1313,280,Aesculus',0,0,0,0,0,0,0,0.0,0.0,0.0,0.0,0.0,0.0,0.0,0.0
1313,280,Ailanthus',0,0,0,0,0,0,0,0.0,0.0,0.0,0.0,0.0,0.0,0.0,0.0
1313,280,Alnus',0,0,0,0,0,0,0,0.0,0.0,0.0,0.0,0.0,0.0,0.0,0.0
1313,280,Amelanchier',0,0,0,0,0,0,0,0.0,0.0,0.0,0.0,0.0,0.0,0.0,0.0
1313,280,Arbutus',0,0,0,0,0,0,0,0.0,0.0,0.0,0.0,0.0,0.0,0.0,0.0
1313,280,Asimina',0,0,0,0,0,0,0,0.0,0.0,0.0,0.0,0.0,0.0,0.0,0.0
1313,280,Betula',0,0,0,0,0,0,0,0.0,0.0,0.0,0.0,0.0,0.0,0.0,0.0
1313,280,Calocedrus',0,0,0,0,0,0,0,0.0,0.0,0.0,0.0,0.0,0.0,0.0,0.0
1313,280,Carpinus',0,0,0,0,0,0,0,0.0,0.0,0.0,0.0,0.0,0.0,0.0,0.0
1313,280,Carya',0,51,39,7,0,0,0,47.30290222167969,23.904178619384766,55.607466716555095,2.4669971584004835,4997.436768028736,75956.77254698423,0.011905915341261824,174.6497219735289
1313,280,Castanea',0,0,0,0,0,0,0,0.0,0.0,0.0,0.0,0.0,0.0,0.0,0.0
1313,280,Catalpa',0,0,23,0,0,0,0,15.077374458312988,6.042495250701904,6.229619436626192,0.4170750032192173,269.96758335113526,6036.658680944806,0.0006896068096160888,15.420077040483273
1313,280,Celtis',0,32,0,0,0,0,0,3.6950523853302,3.5359761714935303,6.998924012236956,0.03420635329593998,37.566935817599294,618.6273467567823,0.00018423548367992116,2.93291871143597
1313,280,Cercis',0,0,0,0,0,0,0,0.0,0.0,0.0,0.0,0.0,0.0,0.0,0.0
1313,280,Cercocarpus',0,0,0,0,0,0,0,0.0,0.0,0.0,0.0,0.0,0.0,0.0,0.0
1313,280,Chamaecyparis',0,0,0,0,0,0,0,0.0,0.0,0.0,0.0,0.0,0.0,0.0,0.0
1313,280,Chilopsis',0,0,0,0,0,0,0,0.0,0.0,0.0,0.0,0.0,0.0,0.0,0.0
1313,280,Chrysolepis',0,0,0,0,0,0,0,0.0,0.0,0.0,0.0,0.0,0.0,0.0,0.0
1313,280,Cladrastis',0,0,0,0,0,0,0,0.0,0.0,0.0,0.0,0.0,0.0,0.0,0.0
1313,280,Comus',0,0,0,0,0,0,0,0.0,0.0,0.0,0.0,0.0,0.0,0.0,0.0
1313,280,Cornus',0,0,0,0,0,0,0,0.0,0.0,0.0,0.0,0.0,0.0,0.0,0.0
1313,280,Crataegus',0,0,0,0,0,0,0,0.0,0.0,0.0,0.0,0.0,0.0,0.0,0.0
1313,280,Cupressus',0,0,0,0,0,0,0,0.0,0.0,0.0,0.0,0.0,0.0,0.0,0.0
1313,280,Diospyros',0,0,0,0,0,0,0,0.0,0.0,0.0,0.0,0.0,0.0,0.0,0.0
1313,280,Elaeagnus',0,0,0,0,0,0,0,0.0,0.0,0.0,0.0,0.0,0.0,0.0,0.0
1313,280,Fagus',0,0,0,0,0,0,0,0.0,0.0,0.0,0.0,0.0,0.0,0.0,0.0
1313,280,Fraxinus',0,682,579,71,0,0,0,83.41814422607422,20.385473251342773,437.44249968376903,22.927435535693974,32224.84369700715,189130.936927006,0.07790799210357796,430.45009003129593
1313,280,Gleditsia',0,40,0,0,0,0,0,1.1975979804992676,2.0446557998657227,2.8791052253940435,0.004505800746847756,11.920126080513,266.5421221639545,6.793548865243908e-05,1.5190837071151986
1313,280,Gordonia',0,0,0,0,0,0,0,0.0,0.0,0.0,0.0,0.0,0.0,0.0,0.0
1313,280,Gymnocladus',0,0,0,0,0,0,0,0.0,0.0,0.0,0.0,0.0,0.0,0.0,0.0
1313,280,Halesia',0,0,0,0,0,0,0,0.0,0.0,0.0,0.0,0.0,0.0,0.0,0.0
1313,280,Ilex',0,24,0,0,0,0,0,4.435963153839111,3.5699315071105957,5.093557859659195,0.03764809672399386,39.11438848614693,874.6243155335952,0.00016049447516724522,3.588765564871122
1313,280,Juglans',0,0,0,0,0,0,0,0.0,0.0,0.0,0.0,0.0,0.0,0.0,0.0
1313,280,Juniperus',0,24,0,0,0,0,0,3.044337034225464,3.6509079933166504,2.8001832008361816,0.01770267571062507,16.914357089996336,378.21652248937284,7.803454836209684e-05,1.7449055473114394
1313,280,Larix',0,0,0,0,0,0,0,0.0,0.0,0.0,0.0,0.0,0.0,0.0,0.0
1313,280,Liquidambar',0,0,0,16,0,0,0,30.21881866455078,17.879159927368164,11.158343357375905,1.147532063711951,1738.552683353424,38875.2198244297,0.004024080860614748,89.98118351290493
1313,280,Liriodendron',0,1379,2428,502,22,6,2,132.2193145751953,29.972442626953125,1952.648658659309,124.02273105130034,130364.09171157077,342925.1961263013,0.31780744572399805,780.9848752133677
1313,280,Lithocarpus',0,0,0,0,0,0,0,0.0,0.0,0.0,0.0,0.0,0.0,0.0,0.0
1313,280,Maclura',0,30,29,0,0,0,0,21.707427978515625,9.82979965209961,32.94757835849931,1.18326737127615,1929.3718886876106,39997.39301387864,0.004761791724741519,94.48780099574492
1313,280,Magnolia',0,0,0,0,0,0,0,0.0,0.0,0.0,0.0,0.0,0.0,0.0,0.0
1313,280,Malus',0,0,0,0,0,0,0,0.0,0.0,0.0,0.0,0.0,0.0,0.0,0.0
1313,280,Morus',0,0,0,0,0,0,0,0.0,0.0,0.0,0.0,0.0,0.0,0.0,0.0
1313,280,Nyssa',0,35,0,0,0,0,0,6.775273323059082,5.530307292938232,13.44074551912048,0.12791666623449857,117.2753593403101,2622.356755706451,0.000454098897606127,10.15396003555022
1313,280,Olneya',0,0,0,0,0,0,0,0.0,0.0,0.0,0.0,0.0,0.0,0.0,0.0
1313,280,Ostrya',0,0,0,0,0,0,0,0.0,0.0,0.0,0.0,0.0,0.0,0.0,0.0
1313,280,Oxydendron',0,0,0,0,0,0,0,0.0,0.0,0.0,0.0,0.0,0.0,0.0,0.0
1313,280,Paulownia',0,82,19,0,0,0,0,12.471049308776855,5.994633197784424,61.654474139213555,0.34425722857353236,222.91554920434953,2944.902557476724,0.0013829183030463809,14.70173451929564
1313,280,Persea',0,0,37,0,0,0,0,10.800339698791504,7.129772186279297,13.102810134887696,0.3459367474360831,365.06795112609865,8163.1675512452875,0.0010005249085426196,22.372417086830435
1313,280,Picea',0,0,0,0,0,0,0,0.0,0.0,0.0,0.0,0.0,0.0,0.0,0.0
1313,280,Pinus',0,762,2395,1067,141,58,11,108.529541015625,31.18671226501465,1710.1478090420364,242.64047290557008,391077.4063523686,861317.3011741175,0.8937630410045418,1929.1482983540302
1313,280,Planera',0,0,0,0,0,0,0,0.0,0.0,0.0,0.0,0.0,0.0,0.0,0.0
1313,280,Platanus',0,0,28,0,0,0,0,14.990683555603027,5.514504909515381,20.186085399193097,0.5026581626627477,398.90820289611815,8919.858584579955,0.0011770525977611403,26.31969621686617
1313,280,Populus',0,178,38,0,0,0,0,13.767844200134277,7.185973167419434,115.4976743346528,0.8295985899208399,660.7725553286076,6095.485978476859,0.003131036648074141,27.126129891247594
1313,280,Prosopis',0,0,0,0,0,0,0,0.0,0.0,0.0,0.0,0.0,0.0,0.0,0.0
1313,280,Prunus',0,0,37,0,0,0,0,12.014033317565918,6.809807777404785,14.149467341507536,0.42079978856278616,348.3042016410828,7788.318717182475,0.0009776987328529196,21.86200828174506
1313,280,Pseudotsuga',0,0,0,0,0,0,0,0.0,0.0,0.0,0.0,0.0,0.0,0.0,0.0
1313,280,Quercus',0,48,113,23,0,0,0,41.7188835144043,17.80888557434082,58.74023359575414,5.865088334842464,8087.739577725977,117465.13586939202,0.018818353311540595,266.39845859142804
1313,280,Robinia',0,0,0,0,0,0,0,0.0,0.0,0.0,0.0,0.0,0.0,0.0,0.0
1313,280,Salix',0,177,10,27,0,0,0,32.757591247558594,16.01719856262207,45.74265824654434,2.6362515047904647,2745.578225675821,55987.21917218002,0.006759776022917669,126.00299525108646
1313,280,Sassafras',0,0,0,0,0,0,0,0.0,0.0,0.0,0.0,0.0,0.0,0.0,0.0
1313,280,Sequoia',0,0,0,0,0,0,0,0.0,0.0,0.0,0.0,0.0,0.0,0.0,0.0
1313,280,Sequoiadendron',0,0,0,0,0,0,0,0.0,0.0,0.0,0.0,0.0,0.0,0.0,0.0
1313,280,Sorbus',0,0,0,0,0,0,0,0.0,0.0,0.0,0.0,0.0,0.0,0.0,0.0
1313,280,Taxodium',0,37,7,0,0,0,2,119.42081451416016,21.67881202697754,38.78252654135981,2.526694081441454,4058.0357513141635,88767.0706005327,0.009576153125267484,201.65171545724743
1313,280,Taxus',0,0,0,0,0,0,0,0.0,0.0,0.0,0.0,0.0,0.0,0.0,0.0
1313,280,Thuja',0,0,0,0,0,0,0,0.0,0.0,0.0,0.0,0.0,0.0,0.0,0.0
1313,280,Tilia',0,0,0,0,0,0,0,0.0,0.0,0.0,0.0,0.0,0.0,0.0,0.0
1313,280,Torreya',0,6,58,14,0,0,0,44.120662689208984,15.507713317871094,47.7464899122715,2.704103357676567,3754.1480725729466,71771.76926038906,0.009032222806184249,166.40155553527262
1313,280,Tsuga',0,0,0,0,0,0,0,0.0,0.0,0.0,0.0,0.0,0.0,0.0,0.0
1313,280,Ulmus',0,0,0,0,0,0,0,0.0,0.0,0.0,0.0,0.0,0.0,0.0,0.0
1313,280,Umbellularia',0,0,0,0,0,0,0,0.0,0.0,0.0,0.0,0.0,0.0,0.0,0.0
1313,290,Abies',0,0,0,0,0,0,0,0.0,0.0,0.0,0.0,0.0,0.0,0.0,0.0
1313,290,Acer',0,445,267,0,0,0,0,24.85843849182129,15.240506172180176,274.9817390607882,4.345184545031913,5347.12941770494,59269.74232149999,0.015841025037916963,141.94457889313588
1313,290,Aesculus',0,0,0,0,0,0,0,0.0,0.0,0.0,0.0,0.0,0.0,0.0,0.0
1313,290,Ailanthus',0,0,0,0,0,0,0,0.0,0.0,0.0,0.0,0.0,0.0,0.0,0.0
1313,290,Alnus',0,0,0,0,0,0,0,0.0,0.0,0.0,0.0,0.0,0.0,0.0,0.0
1313,290,Amelanchier',0,0,0,0,0,0,0,0.0,0.0,0.0,0.0,0.0,0.0,0.0,0.0
1313,290,Arbutus',0,0,0,0,0,0,0,0.0,0.0,0.0,0.0,0.0,0.0,0.0,0.0
1313,290,Asimina',0,0,0,0,0,0,0,0.0,0.0,0.0,0.0,0.0,0.0,0.0,0.0
1313,290,Betula',0,0,0,0,0,0,0,0.0,0.0,0.0,0.0,0.0,0.0,0.0,0.0
1313,290,Calocedrus',0,0,0,0,0,0,0,0.0,0.0,0.0,0.0,0.0,0.0,0.0,0.0
1313,290,Carpinus',0,0,0,0,0,0,0,0.0,0.0,0.0,0.0,0.0,0.0,0.0,0.0
1313,290,Carya',0,93,13,0,7,0,0,51.6536750793457,24.713775634765625,44.0618888184994,1.8196113178358373,4224.081719381511,86065.42431229082,0.010021143402640452,195.41360660119864
1313,290,Castanea',0,0,0,0,0,0,0,0.0,0.0,0.0,0.0,0.0,0.0,0.0,0.0
1313,290,Catalpa',0,22,42,0,0,0,0,20.53245735168457,7.403773307800293,35.26078456093238,1.0090737008470576,715.0640977162122,12552.59728716582,0.00209662989468871,33.426933637697985
1313,290,Celtis',0,0,9,0,0,0,0,13.848906517028809,8.82340145111084,17.595701172382014,0.14521045380665834,187.79160153388978,4199.147866333253,0.0006706145833134681,14.995397949916288
1313,290,Cercis',0,0,0,0,0,0,0,0.0,0.0,0.0,0.0,0.0,0.0,0.0,0.0
1313,290,Cercocarpus',0,0,0,0,0,0,0,0.0,0.0,0.0,0.0,0.0,0.0,0.0,0.0
1313,290,Chamaecyparis',0,0,0,0,0,0,0,0.0,0.0,0.0,0.0,0.0,0.0,0.0,0.0
1313,290,Chilopsis',0,0,0,0,0,0,0,0.0,0.0,0.0,0.0,0.0,0.0,0.0,0.0
1313,290,Chrysolepis',0,0,0,0,0,0,0,0.0,0.0,0.0,0.0,0.0,0.0,0.0,0.0
1313,290,Cladrastis',0,0,0,0,0,0,0,0.0,0.0,0.0,0.0,0.0,0.0,0.0,0.0
1313,290,Comus',0,0,0,0,0,0,0,0.0,0.0,0.0,0.0,0.0,0.0,0.0,0.0
1313,290,Cornus',0,0,0,0,0,0,0,0.0,0.0,0.0,0.0,0.0,0.0,0.0,0.0
1313,290,Crataegus',0,0,0,0,0,0,0,0.0,0.0,0.0,0.0,0.0,0.0,0.0,0.0
1313,290,Cupressus',0,0,0,0,0,0,0,0.0,0.0,0.0,0.0,0.0,0.0,0.0,0.0
1313,290,Diospyros',0,0,0,0,0,0,0,0.0,0.0,0.0,0.0,0.0,0.0,0.0,0.0
1313,290,Elaeagnus',0,0,0,0,0,0,0,0.0,0.0,0.0,0.0,0.0,0.0,0.0,0.0
1313,290,Fagus',0,0,0,0,0,0,0,0.0,0.0,0.0,0.0,0.0,0.0,0.0,0.0
1313,290,Fraxinus',0,678,620,66,0,0,0,89.81700897216797,20.860647201538086,488.96254007150475,19.54215016733099,26229.574527249933,156203.98393087852,0.06532683057683866,360.33089411036997
1313,290,Gleditsia',0,34,0,0,0,0,0,2.165156841278076,2.63214111328125,0.0,0.012842367120556093,20.254002418518066,452.89326224251465,4.500889781862497e-05,1.0064295511478765
1313,290,Gordonia',0,24,0,0,0,0,0,1.1501874923706055,2.253796339035034,1.2926068687438965,0.0025269155801208735,4.823065605163574,107.84702553087013,2.9388911639650692e-05,0.6571560421099432
1313,290,Gymnocladus',0,0,0,0,0,0,0,0.0,0.0,0.0,0.0,0.0,0.0,0.0,0.0
1313,290,Halesia',0,0,0,0,0,0,0,0.0,0.0,0.0,0.0,0.0,0.0,0.0,0.0
1313,290,Ilex',0,0,0,0,0,0,0,0.0,0.0,0.0,0.0,0.0,0.0,0.0,0.0
1313,290,Juglans',0,0,0,0,0,0,0,0.0,0.0,0.0,0.0,0.0,0.0,0.0,0.0
1313,290,Juniperus',0,0,0,0,0,0,0,0.0,0.0,0.0,0.0,0.0,0.0,0.0,0.0
1313,290,Larix',0,0,0,0,0,0,0,0.0,0.0,0.0,0.0,0.0,0.0,0.0,0.0
1313,290,Liquidambar',0,0,0,16,0,0,0,34.7750244140625,19.557369232177734,9.605109691619873,1.519654117560658,2464.2249703407288,55101.745455342934,0.005614326155185657,125.54014930850249
1313,290,Liriodendron',0,1542,2152,334,51,12,2,136.99891662597656,30.326824188232422,1798.938506608593,113.42979982029189,121743.08207814567,343136.93489603006,0.2964369007606832,779.8635685163408
1313,290,Lithocarpus',0,0,0,0,0,0,0,0.0,0.0,0.0,0.0,0.0,0.0,0.0,0.0
1313,290,Maclura',0,0,29,0,0,0,0,24.82396125793457,10.626790046691895,13.511007084876674,1.426788269643602,2434.6809700274466,54441.121525065,0.00560490060871842,125.32938768224341
1313,290,Magnolia',0,0,0,0,0,0,0,0.0,0.0,0.0,0.0,0.0,0.0,0.0,0.0
1313,290,Malus',0,0,0,0,0,0,0,0.0,0.0,0.0,0.0,0.0,0.0,0.0,0.0
1313,290,Morus',0,0,0,0,0,0,0,0.0,0.0,0.0,0.0,0.0,0.0,0.0,0.0
1313,290,Nyssa',0,30,0,0,0,0,0,3.317751884460449,2.939107656478882,10.64830297156225,0.026558216185759802,37.13230682373047,830.3036221924043,0.00023580447721481543,5.272748404511254
1313,290,Olneya',0,0,0,0,0,0,0,0.0,0.0,0.0,0.0,0.0,0.0,0.0,0.0
1313,290,Ostrya',0,0,0,0,0,0,0,0.0,0.0,0.0,0.0,0.0,0.0,0.0,0.0
1313,290,Oxydendron',0,0,0,0,0,0,0,0.0,0.0,0.0,0.0,0.0,0.0,0.0,0.0
1313,290,Paulownia',0,153,0,0,0,0,0,5.435278415679932,3.503854751586914,28.00300191569177,0.09869889907098969,82.61471552968025,890.8487313942346,0.0005867070293147128,6.005703976680059
1313,290,Persea',0,0,37,0,0,0,0,15.113470077514648,8.94327449798584,12.4156902885437,0.6774078857969459,769.5442095756531,17207.531643025042,0.0018894359939892898,42.249073216949725
1313,290,Picea',0,0,0,0,0,0,0,0.0,0.0,0.0,0.0,0.0,0.0,0.0,0.0
1313,290,Pinus',0,744,2352,1247,127,56,8,116.1315689086914,31.773569107055664,1723.7542695094644,248.78792684867557,398958.3600616534,893155.0990200286,0.9114728101441284,1998.6006987765065
1313,290,Planera',0,0,0,0,0,0,0,0.0,0.0,0.0,0.0,0.0,0.0,0.0,0.0
1313,290,Platanus',0,0,0,0,0,0,0,0.0,0.0,0.0,0.0,0.0,0.0,0.0,0.0
1313,290,Populus',0,161,70,0,0,0,0,11.735097885131836,5.584128379821777,85.30771375456942,0.6644662639529785,513.4084263467789,5203.307774407432,0.002368959555193768,20.048806490239425
1313,290,Prosopis',0,0,0,0,0,0,0,0.0,0.0,0.0,0.0,0.0,0.0,0.0,0.0
1313,290,Prunus',0,0,37,0,0,0,0,16.847919464111328,8.768102645874023,14.452513169638717,0.8275426859274837,755.0297060966492,16882.977478638128,0.0018858958373069547,42.169912907023004
1313,290,Pseudotsuga',0,0,0,0,0,0,0,0.0,0.0,0.0,0.0,0.0,0.0,0.0,0.0
1313,290,Quercus',0,19,113,23,0,0,0,44.28535461425781,18.512542724609375,71.32550745636601,7.418808889740286,10596.743477243186,141907.30131877618,0.02457508986768134,321.2690302637902
1313,290,Robinia',0,0,0,0,0,0,0,0.0,0.0,0.0,0.0,0.0,0.0,0.0,0.0
1313,290,Salix',0,148,32,0,0,0,0,13.307984352111816,8.570453643798828,58.34865112282052,0.64840658446705,512.4747405314446,7423.911336522302,0.0019787939741949053,21.318851565117182
1313,290,Sassafras',0,31,0,0,0,0,0,3.708796739578247,5.034083366394043,12.952824302866489,0.034181602637447725,48.08765845775604,1075.2727319033565,0.00029332456116377926,6.558936582325055
1313,290,Sequoia',0,0,0,0,0,0,0,0.0,0.0,0.0,0.0,0.0,0.0,0.0,0.0
1313,290,Sequoiadendron',0,0,0,0,0,0,0,0.0,0.0,0.0,0.0,0.0,0.0,0.0,0.0
1313,290,Sorbus',0,0,0,0,0,0,0,0.0,0.0,0.0,0.0,0.0,0.0,0.0,0.0
1313,290,Taxodium',0,72,0,0,0,0,0,7.651557922363281,4.103883266448975,41.69222977342485,0.09595137033907947,128.8018699836731,2065.82204103117,0.0008864091777037834,14.199350436416381
1313,290,Taxus',0,0,0,0,0,0,0,0.0,0.0,0.0,0.0,0.0,0.0,0.0,0.0
1313,290,Thuja',0,0,0,0,0,0,0,0.0,0.0,0.0,0.0,0.0,0.0,0.0,0.0
1313,290,Tilia',0,0,0,0,0,0,0,0.0,0.0,0.0,0.0,0.0,0.0,0.0,0.0
1313,290,Torreya',0,24,65,0,0,0,0,20.70624542236328,11.160706520080566,58.12012831687927,1.5643132896792173,1820.1810740566254,23798.827330671556,0.004884359723250088,59.76074399646609
1313,290,Tsuga',0,0,0,0,0,0,0,0.0,0.0,0.0,0.0,0.0,0.0,0.0,0.0
1313,290,Ulmus',0,0,0,0,0,0,0,0.0,0.0,0.0,0.0,0.0,0.0,0.0,0.0
1313,290,Umbellularia',0,0,0,0,0,0,0,0.0,0.0,0.0,0.0,0.0,0.0,0.0,0.0
1313,300,Abies',0,0,0,0,0,0,0,0.0,0.0,0.0,0.0,0.0,0.0,0.0,0.0
1313,300,Acer',0,302,227,0,0,0,0,27.045379638671875,16.153175354003906,180.03757656103917,5.340383648459699,6858.343382920101,74971.72521803468,0.01783250447272219,172.65120029538937
1313,300,Aesculus',0,0,0,0,0,0,0,0.0,0.0,0.0,0.0,0.0,0.0,0.0,0.0
1313,300,Ailanthus',0,0,0,0,0,0,0,0.0,0.0,0.0,0.0,0.0,0.0,0.0,0.0
1313,300,Alnus',0,0,0,0,0,0,0,0.0,0.0,0.0,0.0,0.0,0.0,0.0,0.0
1313,300,Amelanchier',0,0,0,0,0,0,0,0.0,0.0,0.0,0.0,0.0,0.0,0.0,0.0
1313,300,Arbutus',0,0,0,0,0,0,0,0.0,0.0,0.0,0.0,0.0,0.0,0.0,0.0
1313,300,Asimina',0,0,0,0,0,0,0,0.0,0.0,0.0,0.0,0.0,0.0,0.0,0.0
1313,300,Betula',0,0,0,0,0,0,0,0.0,0.0,0.0,0.0,0.0,0.0,0.0,0.0
1313,300,Calocedrus',0,0,0,0,0,0,0,0.0,0.0,0.0,0.0,0.0,0.0,0.0,0.0
1313,300,Carpinus',0,0,0,0,0,0,0,0.0,0.0,0.0,0.0,0.0,0.0,0.0,0.0
1313,300,Carya',0,15,36,0,7,0,0,55.495262145996094,25.338756561279297,30.643749106911162,2.0829424423441396,4924.143948682547,101442.67728244729,0.01138367590160294,229.23694138189626
1313,300,Castanea',0,0,0,0,0,0,0,0.0,0.0,0.0,0.0,0.0,0.0,0.0,0.0
1313,300,Catalpa',0,33,0,0,0,0,0,1.4919072389602661,1.842982292175293,4.424145259906219,0.00582476644969146,14.0408668795228,313.9633280563817,9.4889953437727e-05,2.121803862685488
1313,300,Celtis',0,91,0,0,0,0,0,4.905265808105469,4.229754447937012,34.472056033113326,0.11084690686610804,160.556366866827,2277.906566767543,0.0008530363269830054,12.884857409927811
1313,300,Cercis',0,0,0,0,0,0,0,0.0,0.0,0.0,0.0,0.0,0.0,0.0,0.0
1313,300,Cercocarpus',0,0,0,0,0,0,0,0.0,0.0,0.0,0.0,0.0,0.0,0.0,0.0
1313,300,Chamaecyparis',0,0,0,0,0,0,0,0.0,0.0,0.0,0.0,0.0,0.0,0.0,0.0
1313,300,Chilopsis',0,0,0,0,0,0,0,0.0,0.0,0.0,0.0,0.0,0.0,0.0,0.0
1313,300,Chrysolepis',0,0,0,0,0,0,0,0.0,0.0,0.0,0.0,0.0,0.0,0.0,0.0
1313,300,Cladrastis',0,0,0,0,0,0,0,0.0,0.0,0.0,0.0,0.0,0.0,0.0,0.0
1313,300,Comus',0,0,0,0,0,0,0,0.0,0.0,0.0,0.0,0.0,0.0,0.0,0.0
1313,300,Cornus',0,0,0,0,0,0,0,0.0,0.0,0.0,0.0,0.0,0.0,0.0,0.0
1313,300,Crataegus',0,0,0,0,0,0,0,0.0,0.0,0.0,0.0,0.0,0.0,0.0,0.0
1313,300,Cupressus',0,0,0,0,0,0,0,0.0,0.0,0.0,0.0,0.0,0.0,0.0,0.0
1313,300,Diospyros',0,0,0,0,0,0,0,0.0,0.0,0.0,0.0,0.0,0.0,0.0,0.0
1313,300,Elaeagnus',0,0,0,0,0,0,0,0.0,0.0,0.0,0.0,0.0,0.0,0.0,0.0
1313,300,Fagus',0,0,0,0,0,0,0,0.0,0.0,0.0,0.0,0.0,0.0,0.0,0.0
1313,300,Fraxinus',0,679,573,124,0,0,0,40.97136688232422,18.437400817871094,532.503543814432,24.56186116230021,32929.96526925415,184171.69265364396,0.08084338438677711,420.2860908330013
1313,300,Gleditsia',0,32,0,0,0,0,0,5.2241692543029785,4.409524440765381,4.550731018940104,0.06919231882150816,71.08493067920209,1589.5073717455728,0.00022347682257368979,4.997093666704312
1313,300,Gordonia',0,24,24,0,0,0,0,9.862384796142578,8.127615928649902,22.819100845456123,0.22350978709533045,241.72927558243276,4752.721788639113,0.0008667853981945657,17.08419073376573
1313,300,Gymnocladus',0,0,0,0,0,0,0,0.0,0.0,0.0,0.0,0.0,0.0,0.0,0.0
1313,300,Halesia',0,0,0,0,0,0,0,0.0,0.0,0.0,0.0,0.0,0.0,0.0,0.0
1313,300,Ilex',0,0,0,0,0,0,0,0.0,0.0,0.0,0.0,0.0,0.0,0.0,0.0
1313,300,Juglans',0,0,0,0,0,0,0,0.0,0.0,0.0,0.0,0.0,0.0,0.0,0.0
1313,300,Juniperus',0,0,0,0,0,0,0,0.0,0.0,0.0,0.0,0.0,0.0,0.0,0.0
1313,300,Larix',0,0,0,0,0,0,0,0.0,0.0,0.0,0.0,0.0,0.0,0.0,0.0
1313,300,Liquidambar',0,0,0,0,0,0,0,0.0,0.0,0.0,0.0,0.0,0.0,0.0,0.0
1313,300,Liriodendron',0,1706,2186,406,30,0,0,65.32693481445312,21.576824188232422,1832.6487792460127,101.44978770397107,101517.15174187705,263160.115602911,0.2519756680165784,605.7938859644569
1313,300,Lithocarpus',0,0,0,0,0,0,0,0.0,0.0,0.0,0.0,0.0,0.0,0.0,0.0
1313,300,Maclura',0,38,29,0,0,0,0,27.061574935913086,11.150612831115723,7.164045993851709,1.71456687772109,3007.509726027846,66403.52004220456,0.006786485495660454,149.86926094523005
1313,300,Magnolia',0,0,0,0,0,0,0,0.0,0.0,0.0,0.0,0.0,0.0,0.0,0.0
1313,300,Malus',0,0,0,0,0,0,0,0.0,0.0,0.0,0.0,0.0,0.0,0.0,0.0
1313,300,Morus',0,0,0,0,0,0,0,0.0,0.0,0.0,0.0,0.0,0.0,0.0,0.0
1313,300,Nyssa',0,30,0,0,0,0,0,5.528663635253906,3.941056966781616,11.294804343694372,0.07374820073584475,69.70259857177734,1558.5974861487364,0.0003174896478652954,7.099284347792749
1313,300,Olneya',0,0,0,0,0,0,0,0.0,0.0,0.0,0.0,0.0,0.0,0.0,0.0
1313,300,Ostrya',0,0,0,0,0,0,0,0.0,0.0,0.0,0.0,0.0,0.0,0.0,0.0
1313,300,Oxydendron',0,0,0,0,0,0,0,0.0,0.0,0.0,0.0,0.0,0.0,0.0,0.0
1313,300,Paulownia',0,134,78,0,0,0,0,13.333484649658203,6.274463176727295,107.39452218330358,1.0350323766833864,579.9569219735265,5809.773259392476,0.002834796965378926,24.575350826329778
1313,300,Persea',0,0,37,0,0,0,0,18.05304718017578,10.041409492492676,14.953655376434325,0.9665468310732749,1170.4256585502624,26171.513351283596,0.0028169431772231907,62.98876433025289
1313,300,Picea',0,0,0,0,0,0,0,0.0,0.0,0.0,0.0,0.0,0.0,0.0,0.0
1313,300,Pinus',0,1004,2493,1423,123,35,7,123.39826202392578,32.26069641113281,1903.2438187859952,263.21602270025954,416043.0884614192,885248.3175492635,0.9520314927979765,1983.0022988481985
1313,300,Planera',0,0,0,0,0,0,0,0.0,0.0,0.0,0.0,0.0,0.0,0.0,0.0
1313,300,Platanus',0,0,0,0,0,0,0,0.0,0.0,0.0,0.0,0.0,0.0,0.0,0.0
1313,300,Populus',0,187,4,0,0,0,0,8.183022499084473,4.347229480743408,62.95223942097228,0.1559429268538182,199.21717094659806,2051.098904895369,0.001348937282408363,15.061608196855003
1313,300,Prosopis',0,0,0,0,0,0,0,0.0,0.0,0.0,0.0,0.0,0.0,0.0,0.0
1313,300,Prunus',0,0,37,0,0,0,0,19.977102279663086,9.96407413482666,18.650306508510923,1.1634904828650316,1143.007679748535,25558.428707220526,0.0028084986190795745,62.799938269761846
1313,300,Pseudotsuga',0,0,0,0,0,0,0,0.0,0.0,0.0,0.0,0.0,0.0,0.0,0.0
1313,300,Quercus',0,23,133,0,0,0,0,25.849098205566406,12.764525413513184,67.46376120308531,5.014248350725725,6751.618218992353,81521.62143123105,0.015974774248123002,187.20892856102623
1313,300,Robinia',0,0,0,0,0,0,0,0.0,0.0,0.0,0.0,0.0,0.0,0.0,0.0
1313,300,Salix',0,159,0,0,0,0,0,6.296916961669922,5.005092144012451,51.878041574566424,0.229424376023032,202.7715864917636,2264.601769046884,0.0011974167535754303,13.013751104095
1313,300,Sassafras',0,31,0,0,0,0,0,6.885538101196289,7.740058898925781,12.83228692563274,0.11781541782927683,115.30591080307961,2578.3185476321287,0.0004409632529504597,9.860238091766613
1313,300,Sequoia',0,0,0,0,0,0,0,0.0,0.0,0.0,0.0,0.0,0.0,0.0,0.0
1313,300,Sequoiadendron',0,0,0,0,0,0,0,0.0,0.0,0.0,0.0,0.0,0.0,0.0,0.0
1313,300,Sorbus',0,0,0,0,0,0,0,0.0,0.0,0.0,0.0,0.0,0.0,0.0,0.0
1313,300,Taxodium',0,0,72,0,0,0,0,14.576135635375977,6.354318141937256,33.45915339038341,0.6365652571474623,468.1319515633583,7399.726118445169,0.0015219563105478913,24.09994495255383
1313,300,Taxus',0,0,0,0,0,0,0,0.0,0.0,0.0,0.0,0.0,0.0,0.0,0.0
1313,300,Thuja',0,0,0,0,0,0,0,0.0,0.0,0.0,0.0,0.0,0.0,0.0,0.0
1313,300,Tilia',0,0,0,0,0,0,0,0.0,0.0,0.0,0.0,0.0,0.0,0.0,0.0
1313,300,Torreya',0,0,82,6,0,0,0,32.925899505615234,13.96159839630127,59.39600156188011,3.0549116904644666,3748.8472903954985,44720.14412843925,0.009188713971118092,108.79866001907854
1313,300,Tsuga',0,0,0,0,0,0,0,0.0,0.0,0.0,0.0,0.0,0.0,0.0,0.0
1313,300,Ulmus',0,0,0,0,0,0,0,0.0,0.0,0.0,0.0,0.0,0.0,0.0,0.0
1313,300,Umbellularia',0,0,0,0,0,0,0,0.0,0.0,0.0,0.0,0.0,0.0,0.0,0.0
1313,310,Abies',0,0,0,0,0,0,0,0.0,0.0,0.0,0.0,0.0,0.0,0.0,0.0
1313,310,Acer',0,285,152,5,0,0,0,29.700637817382812,17.206350326538086,198.97573233499557,2.85416143203828,3666.6925133019686,32136.596511218777,0.011012571899196586,81.68980975241061
1313,310,Aesculus',0,0,0,0,0,0,0,0.0,0.0,0.0,0.0,0.0,0.0,0.0,0.0
1313,310,Ailanthus',0,0,0,0,0,0,0,0.0,0.0,0.0,0.0,0.0,0.0,0.0,0.0
1313,310,Alnus',0,0,0,0,0,0,0,0.0,0.0,0.0,0.0,0.0,0.0,0.0,0.0
1313,310,Amelanchier',0,0,0,0,0,0,0,0.0,0.0,0.0,0.0,0.0,0.0,0.0,0.0
1313,310,Arbutus',0,0,0,0,0,0,0,0.0,0.0,0.0,0.0,0.0,0.0,0.0,0.0
1313,310,Asimina',0,0,0,0,0,0,0,0.0,0.0,0.0,0.0,0.0,0.0,0.0,0.0
1313,310,Betula',0,0,0,0,0,0,0,0.0,0.0,0.0,0.0,0.0,0.0,0.0,0.0
1313,310,Calocedrus',0,0,0,0,0,0,0,0.0,0.0,0.0,0.0,0.0,0.0,0.0,0.0
1313,310,Carpinus',0,0,0,0,0,0,0,0.0,0.0,0.0,0.0,0.0,0.0,0.0,0.0
1313,310,Carya',0,15,36,0,7,0,0,58.952880859375,25.837831497192383,44.4455706365878,2.6501422404215242,6141.670309317708,117679.93004337596,0.014287974860861858,267.0865737851552
1313,310,Castanea',0,0,0,0,0,0,0,0.0,0.0,0.0,0.0,0.0,0.0,0.0,0.0
1313,310,Catalpa',0,0,19,0,0,0,0,9.300941467285156,4.409922122955322,8.45136209756513,0.13235265462755558,87.97543214082718,1967.1904661680865,0.0003171630012169452,7.091980306689391
1313,310,Celtis',0,100,22,0,0,0,0,11.79759693145752,7.848051071166992,47.6310821377401,0.4164409357316366,438.24870976388456,6204.769220281314,0.0016595619000596864,20.951110032464232
1313,310,Cercis',0,0,0,0,0,0,0,0.0,0.0,0.0,0.0,0.0,0.0,0.0,0.0
1313,310,Cercocarpus',0,0,0,0,0,0,0,0.0,0.0,0.0,0.0,0.0,0.0,0.0,0.0
1313,310,Chamaecyparis',0,0,0,0,0,0,0,0.0,0.0,0.0,0.0,0.0,0.0,0.0,0.0
1313,310,Chilopsis',0,0,0,0,0,0,0,0.0,0.0,0.0,0.0,0.0,0.0,0.0,0.0
1313,310,Chrysolepis',0,0,0,0,0,0,0,0.0,0.0,0.0,0.0,0.0,0.0,0.0,0.0
1313,310,Cladrastis',0,0,0,0,0,0,0,0.0,0.0,0.0,0.0,0.0,0.0,0.0,0.0
1313,310,Comus',0,0,0,0,0,0,0,0.0,0.0,0.0,0.0,0.0,0.0,0.0,0.0
1313,310,Cornus',0,0,0,0,0,0,0,0.0,0.0,0.0,0.0,0.0,0.0,0.0,0.0
1313,310,Crataegus',0,0,0,0,0,0,0,0.0,0.0,0.0,0.0,0.0,0.0,0.0,0.0
1313,310,Cupressus',0,0,0,0,0,0,0,0.0,0.0,0.0,0.0,0.0,0.0,0.0,0.0
1313,310,Diospyros',0,0,0,0,0,0,0,0.0,0.0,0.0,0.0,0.0,0.0,0.0,0.0
1313,310,Elaeagnus',0,0,0,0,0,0,0,0.0,0.0,0.0,0.0,0.0,0.0,0.0,0.0
1313,310,Fagus',0,0,0,0,0,0,0,0.0,0.0,0.0,0.0,0.0,0.0,0.0,0.0
1313,310,Fraxinus',0,466,838,93,0,0,0,43.18810272216797,19.06798553466797,546.0019318476508,28.537280802571708,38719.98387586176,208454.7152692996,0.09390441050893551,474.5991838845785
1313,310,Gleditsia',0,0,0,0,0,0,0,0.0,0.0,0.0,0.0,0.0,0.0,0.0,0.0
1313,310,Gordonia',0,62,24,0,0,0,0,17.55206871032715,11.762272834777832,18.674938855171202,0.6767895693010068,735.7587902647257,14748.817850368987,0.0019047686156724048,36.8559609001614
1313,310,Gymnocladus',0,0,0,0,0,0,0,0.0,0.0,0.0,0.0,0.0,0.0,0.0,0.0
1313,310,Halesia',0,0,0,0,0,0,0,0.0,0.0,0.0,0.0,0.0,0.0,0.0,0.0
1313,310,Ilex',0,0,0,0,0,0,0,0.0,0.0,0.0,0.0,0.0,0.0,0.0,0.0
1313,310,Juglans',0,0,0,0,0,0,0,0.0,0.0,0.0,0.0,0.0,0.0,0.0,0.0
1313,310,Juniperus',0,0,0,0,0,0,0,0.0,0.0,0.0,0.0,0.0,0.0,0.0,0.0
1313,310,Larix',0,0,0,0,0,0,0,0.0,0.0,0.0,0.0,0.0,0.0,0.0,0.0
1313,310,Liquidambar',0,0,0,0,0,0,0,0.0,0.0,0.0,0.0,0.0,0.0,0.0,0.0
1313,310,Liriodendron',0,1572,2227,405,8,13,0,70.23045349121094,22.486351013183594,1818.4603014571849,102.55158774975044,102377.95281466797,270000.67818466184,0.2536843047092566,618.0566542900463
1313,310,Lithocarpus',0,0,0,0,0,0,0,0.0,0.0,0.0,0.0,0.0,0.0,0.0,0.0
1313,310,Maclura',0,25,38,29,0,0,0,29.451515197753906,11.669060707092285,36.24762988260275,2.284312735952245,4013.5743310958146,81661.51679644865,0.009440859288841377,186.994409010908
1313,310,Magnolia',0,0,0,0,0,0,0,0.0,0.0,0.0,0.0,0.0,0.0,0.0,0.0
1313,310,Malus',0,0,0,0,0,0,0,0.0,0.0,0.0,0.0,0.0,0.0,0.0,0.0
1313,310,Morus',0,0,0,0,0,0,0,0.0,0.0,0.0,0.0,0.0,0.0,0.0,0.0
1313,310,Nyssa',0,63,0,0,0,0,0,7.0343451499938965,4.584976673126221,19.416262289579908,0.14784649380306503,135.9645944863558,2328.495280196738,0.0005816514323092928,9.260214370089013
1313,310,Olneya',0,0,0,0,0,0,0,0.0,0.0,0.0,0.0,0.0,0.0,0.0,0.0
1313,310,Ostrya',0,0,0,0,0,0,0,0.0,0.0,0.0,0.0,0.0,0.0,0.0,0.0
1313,310,Oxydendron',0,0,0,0,0,0,0,0.0,0.0,0.0,0.0,0.0,0.0,0.0,0.0
1313,310,Paulownia',0,89,25,0,0,0,0,22.089628219604492,8.836261749267578,55.22850537601905,1.0659971707956255,623.6039768135548,12075.99909327606,0.002180831556299693,34.17562809784963
1313,310,Persea',0,38,39,0,0,0,0,20.446056365966797,10.861082077026367,34.743370856046674,1.3006563881077016,1678.781434262991,35068.39172017753,0.004232474199696174,82.97154024066744
1313,310,Picea',0,0,0,0,0,0,0,0.0,0.0,0.0,0.0,0.0,0.0,0.0,0.0
1313,310,Pinus',0,836,2253,1507,153,43,8,131.82455444335938,32.74755096435547,1732.7309615841507,277.0866919299512,444600.64296557754,946295.1775304459,1.0130297648812512,2118.1881021554536
1313,310,Planera',0,0,0,0,0,0,0,0.0,0.0,0.0,0.0,0.0,0.0,0.0,0.0
1313,310,Platanus',0,0,0,0,0,0,0,0.0,0.0,0.0,0.0,0.0,0.0,0.0,0.0
1313,310,Populus',0,70,63,0,0,0,0,13.187507629394531,6.075652122497559,84.3591892653251,0.7925584186415238,583.4094921070338,6426.265274415387,0.0025108629628885536,24.34620933319072
1313,310,Prosopis',0,0,0,0,0,0,0,0.0,0.0,0.0,0.0,0.0,0.0,0.0,0.0
1313,310,Prunus',0,0,37,0,0,0,0,22.67210578918457,10.951216697692871,19.10516581957853,1.498585643094369,1555.9310956573486,34791.67698195526,0.0037326542472839353,83.46468633430156
1313,310,Pseudotsuga',0,0,0,0,0,0,0,0.0,0.0,0.0,0.0,0.0,0.0,0.0,0.0
1313,310,Quercus',0,0,120,36,0,0,0,28.597745895385742,13.73095703125,65.43380400991137,6.308796704596478,8814.957240191698,103932.49732945712,0.020530749821223368,236.63257964846952
1313,310,Robinia',0,0,0,0,0,0,0,0.0,0.0,0.0,0.0,0.0,0.0,0.0,0.0
1313,310,Salix',0,138,3,0,0,0,0,15.401748657226562,9.533079147338867,58.421296877668624,0.19155387184008804,221.64517427116633,2314.698428095688,0.001333551845700945,13.616320750423533
1313,310,Sassafras',0,0,31,0,0,0,0,10.288365364074707,10.211846351623535,11.023893550604203,0.263038375398206,258.0997337424755,5771.285496227719,0.0007322500175833713,16.373608158418314
1313,310,Sequoia',0,0,0,0,0,0,0,0.0,0.0,0.0,0.0,0.0,0.0,0.0,0.0
1313,310,Sequoiadendron',0,0,0,0,0,0,0,0.0,0.0,0.0,0.0,0.0,0.0,0.0,0.0
1313,310,Sorbus',0,0,0,0,0,0,0,0.0,0.0,0.0,0.0,0.0,0.0,0.0,0.0
1313,310,Taxodium',0,0,72,0,0,0,0,19.504987716674805,7.806921482086182,57.15454388457008,1.2977890934495042,1014.794260121584,16097.145720648856,0.003077869731307005,48.648722943433654
1313,310,Taxus',0,0,0,0,0,0,0,0.0,0.0,0.0,0.0,0.0,0.0,0.0,0.0
1313,310,Thuja',0,0,0,0,0,0,0,0.0,0.0,0.0,0.0,0.0,0.0,0.0,0.0
1313,310,Tilia',0,0,0,0,0,0,0,0.0,0.0,0.0,0.0,0.0,0.0,0.0,0.0
1313,310,Torreya',0,0,37,27,0,0,0,43.774085998535156,15.470193862915039,40.712876744270325,3.816847665444291,5032.393393406868,65730.13115240292,0.011771171410798944,153.83567198446804
1313,310,Tsuga',0,0,0,0,0,0,0,0.0,0.0,0.0,0.0,0.0,0.0,0.0,0.0
1313,310,Ulmus',0,0,0,0,0,0,0,0.0,0.0,0.0,0.0,0.0,0.0,0.0,0.0
1313,310,Umbellularia',0,0,0,0,0,0,0,0.0,0.0,0.0,0.0,0.0,0.0,0.0,0.0
1313,320,Abies',0,0,0,0,0,0,0,0.0,0.0,0.0,0.0,0.0,0.0,0.0,0.0
1313,320,Acer',0,468,177,5,0,0,0,38.01732635498047,20.149169921875,313.0669354003724,4.502910417964601,5960.034299951941,49430.96569607979,0.017751293265512388,123.4425417606939
1313,320,Aesculus',0,0,0,0,0,0,0,0.0,0.0,0.0,0.0,0.0,0.0,0.0,0.0
1313,320,Ailanthus',0,0,0,0,0,0,0,0.0,0.0,0.0,0.0,0.0,0.0,0.0,0.0
1313,320,Alnus',0,0,0,0,0,0,0,0.0,0.0,0.0,0.0,0.0,0.0,0.0,0.0
1313,320,Amelanchier',0,0,0,0,0,0,0,0.0,0.0,0.0,0.0,0.0,0.0,0.0,0.0
1313,320,Arbutus',0,0,0,0,0,0,0,0.0,0.0,0.0,0.0,0.0,0.0,0.0,0.0
1313,320,Asimina',0,0,0,0,0,0,0,0.0,0.0,0.0,0.0,0.0,0.0,0.0,0.0
1313,320,Betula',0,0,0,0,0,0,0,0.0,0.0,0.0,0.0,0.0,0.0,0.0,0.0
1313,320,Calocedrus',0,0,0,0,0,0,0,0.0,0.0,0.0,0.0,0.0,0.0,0.0,0.0
1313,320,Carpinus',0,0,0,0,0,0,0,0.0,0.0,0.0,0.0,0.0,0.0,0.0,0.0
1313,320,Carya',0,0,15,0,0,0,0,12.790614128112793,9.0034761428833,16.757427740700635,0.19787612479849276,299.29352102279665,6692.4065823223955,0.0009063292300701104,20.26613768431808
1313,320,Castanea',0,0,0,0,0,0,0,0.0,0.0,0.0,0.0,0.0,0.0,0.0,0.0
1313,320,Catalpa',0,3,19,0,0,0,0,18.6049861907959,6.941465854644775,20.152173179991635,0.5304636798597735,379.4454305970669,8444.84957561425,0.001133313791249422,25.064184104767477
1313,320,Celtis',0,0,49,0,0,0,0,17.497514724731445,10.453322410583496,27.56203533727911,0.7512610048241611,813.6006200027466,14348.426450896848,0.002204772170856604,37.22635552577117
1313,320,Cercis',0,0,0,0,0,0,0,0.0,0.0,0.0,0.0,0.0,0.0,0.0,0.0
1313,320,Cercocarpus',0,0,0,0,0,0,0,0.0,0.0,0.0,0.0,0.0,0.0,0.0,0.0
1313,320,Chamaecyparis',0,0,0,0,0,0,0,0.0,0.0,0.0,0.0,0.0,0.0,0.0,0.0
1313,320,Chilopsis',0,0,0,0,0,0,0,0.0,0.0,0.0,0.0,0.0,0.0,0.0,0.0
1313,320,Chrysolepis',0,0,0,0,0,0,0,0.0,0.0,0.0,0.0,0.0,0.0,0.0,0.0
1313,320,Cladrastis',0,0,0,0,0,0,0,0.0,0.0,0.0,0.0,0.0,0.0,0.0,0.0
1313,320,Comus',0,0,0,0,0,0,0,0.0,0.0,0.0,0.0,0.0,0.0,0.0,0.0
1313,320,Cornus',0,0,0,0,0,0,0,0.0,0.0,0.0,0.0,0.0,0.0,0.0,0.0
1313,320,Crataegus',0,0,0,0,0,0,0,0.0,0.0,0.0,0.0,0.0,0.0,0.0,0.0
1313,320,Cupressus',0,0,0,0,0,0,0,0.0,0.0,0.0,0.0,0.0,0.0,0.0,0.0
1313,320,Diospyros',0,0,0,0,0,0,0,0.0,0.0,0.0,0.0,0.0,0.0,0.0,0.0
1313,320,Elaeagnus',0,0,0,0,0,0,0,0.0,0.0,0.0,0.0,0.0,0.0,0.0,0.0
1313,320,Fagus',0,0,0,0,0,0,0,0.0,0.0,0.0,0.0,0.0,0.0,0.0,0.0
1313,320,Fraxinus',0,539,508,133,0,0,0,45.433319091796875,19.68299674987793,469.0028342821552,26.00070154468116,36243.688556391004,216683.72573562348,0.08729308724010854,494.0247081186839
1313,320,Gleditsia',0,0,0,0,0,0,0,0.0,0.0,0.0,0.0,0.0,0.0,0.0,0.0
1313,320,Gordonia',0,0,48,0,0,0,0,23.642475128173828,13.897038459777832,22.751841412782667,1.206245085522474,1448.3071962177753,29731.8061365889,0.0035470981936454767,71.60610159100776
1313,320,Gymnocladus',0,0,0,0,0,0,0,0.0,0.0,0.0,0.0,0.0,0.0,0.0,0.0
1313,320,Halesia',0,0,0,0,0,0,0,0.0,0.0,0.0,0.0,0.0,0.0,0.0,0.0
1313,320,Ilex',0,0,0,0,0,0,0,0.0,0.0,0.0,0.0,0.0,0.0,0.0,0.0
1313,320,Juglans',0,0,0,0,0,0,0,0.0,0.0,0.0,0.0,0.0,0.0,0.0,0.0
1313,320,Juniperus',0,0,0,0,0,0,0,0.0,0.0,0.0,0.0,0.0,0.0,0.0,0.0
1313,320,Larix',0,0,0,0,0,0,0,0.0,0.0,0.0,0.0,0.0,0.0,0.0,0.0
1313,320,Liquidambar',0,0,0,0,0,0,0,0.0,0.0,0.0,0.0,0.0,0.0,0.0,0.0
1313,320,Liriodendron',0,1692,1968,445,12,13,0,75.88143157958984,23.461368560791016,1787.2058857844172,101.1189120642203,103714.28076723717,288509.17230675084,0.2562040002068986,660.6210523967923
1313,320,Lithocarpus',0,0,0,0,0,0,0,0.0,0.0,0.0,0.0,0.0,0.0,0.0,0.0
1313,320,Maclura',0,38,0,29,0,0,0,31.081804275512695,12.000018119812012,16.510259861810297,2.303961877877748,4211.976732596159,91985.23353029398,0.009597623463246963,206.45489999272027
1313,320,Magnolia',0,0,0,0,0,0,0,0.0,0.0,0.0,0.0,0.0,0.0,0.0,0.0
1313,320,Malus',0,0,0,0,0,0,0,0.0,0.0,0.0,0.0,0.0,0.0,0.0,0.0
1313,320,Morus',0,0,0,0,0,0,0,0.0,0.0,0.0,0.0,0.0,0.0,0.0,0.0
1313,320,Nyssa',0,0,63,0,0,0,0,9.949034690856934,6.034420013427734,23.049609304606157,0.4715700749619716,390.4522346913815,6167.492733442077,0.00119948361468315,18.954847045810844
1313,320,Olneya',0,0,0,0,0,0,0,0.0,0.0,0.0,0.0,0.0,0.0,0.0,0.0
1313,320,Ostrya',0,0,0,0,0,0,0,0.0,0.0,0.0,0.0,0.0,0.0,0.0,0.0
1313,320,Oxydendron',0,0,0,0,0,0,0,0.0,0.0,0.0,0.0,0.0,0.0,0.0,0.0
1313,320,Paulownia',0,114,0,0,0,0,0,4.011862277984619,2.951725721359253,26.270853871408892,0.07085102442022308,69.54767854571342,907.8927238882945,0.0005327339324513512,7.929206441696644
1313,320,Persea',0,20,39,0,0,0,0,24.729385375976562,12.178186416625977,22.73860118150711,1.557559751858948,2087.000269291401,43023.01690521202,0.004966224875528296,98.78130572970113
1313,320,Picea',0,0,0,0,0,0,0,0.0,0.0,0.0,0.0,0.0,0.0,0.0,0.0
1313,320,Pinus',0,757,2277,1429,180,43,17,137.0,33.01020050048828,1818.853083434701,281.721389202976,456667.32692886534,970729.916214524,1.041088610821877,2173.3238310399083
1313,320,Planera',0,0,0,0,0,0,0,0.0,0.0,0.0,0.0,0.0,0.0,0.0,0.0
1313,320,Platanus',0,0,0,0,0,0,0,0.0,0.0,0.0,0.0,0.0,0.0,0.0,0.0
1313,320,Populus',0,86,41,0,0,0,0,18.012863159179688,7.6514997482299805,53.1650341188983,0.9768671755509767,712.8077455407381,10929.588798428385,0.002349357487032199,30.764466113283664
1313,320,Prosopis',0,0,0,0,0,0,0,0.0,0.0,0.0,0.0,0.0,0.0,0.0,0.0
1313,320,Prunus',0,0,0,0,0,0,0,0.0,0.0,0.0,0.0,0.0,0.0,0.0,0.0
1313,320,Pseudotsuga',0,0,0,0,0,0,0,0.0,0.0,0.0,0.0,0.0,0.0,0.0,0.0
1313,320,Quercus',0,0,91,65,0,0,0,31.041378021240234,14.55567741394043,74.4117528662274,7.715563201885212,11160.122600408196,127962.0089751932,0.025871470580682086,292.6465460334834
1313,320,Robinia',0,0,0,0,0,0,0,0.0,0.0,0.0,0.0,0.0,0.0,0.0,0.0
1313,320,Salix',0,192,5,0,0,0,0,15.828699111938477,9.724000930786133,58.20929586745892,0.3500477706880883,316.55469727844,3316.6856681079485,0.001541410025092309,15.388148743755139
1313,320,Sassafras',0,0,31,0,0,0,0,13.881108283996582,12.414989471435547,14.589427036197877,0.4788225998136203,522.7904480016232,11689.949797191934,0.0013717794281542213,30.67392051488641
1313,320,Sequoia',0,0,0,0,0,0,0,0.0,0.0,0.0,0.0,0.0,0.0,0.0,0.0
1313,320,Sequoiadendron',0,0,0,0,0,0,0,0.0,0.0,0.0,0.0,0.0,0.0,0.0,0.0
1313,320,Sorbus',0,0,0,0,0,0,0,0.0,0.0,0.0,0.0,0.0,0.0,0.0,0.0
1313,320,Taxodium',0,0,72,0,0,0,0,23.562673568725586,8.917449951171875,61.94182494584518,1.9635896694591979,1597.4012571847438,25336.698633611813,0.004441467629194253,70.26687784955075
1313,320,Taxus',0,0,0,0,0,0,0,0.0,0.0,0.0,0.0,0.0,0.0,0.0,0.0
1313,320,Thuja',0,0,0,0,0,0,0,0.0,0.0,0.0,0.0,0.0,0.0,0.0,0.0
1313,320,Tilia',0,0,0,0,0,0,0,0.0,0.0,0.0,0.0,0.0,0.0,0.0,0.0
1313,320,Torreya',0,0,37,21,0,0,0,34.28965377807617,14.1921968460083,31.685070490837095,3.6047069954060467,4713.791097712517,75361.16713921414,0.010932764167189659,174.64093331407494
1313,320,Tsuga',0,0,0,0,0,0,0,0.0,0.0,0.0,0.0,0.0,0.0,0.0,0.0
1313,320,Ulmus',0,0,0,0,0,0,0,0.0,0.0,0.0,0.0,0.0,0.0,0.0,0.0
1313,320,Umbellularia',0,0,0,0,0,0,0,0.0,0.0,0.0,0.0,0.0,0.0,0.0,0.0
1313,330,Abies',0,0,0,0,0,0,0,0.0,0.0,0.0,0.0,0.0,0.0,0.0,0.0
1313,330,Acer',0,386,356,0,0,0,0,26.98176383972168,16.127214431762695,323.9224788881366,5.8903317659459375,7544.564290593565,60535.2276693142,0.021428742074227992,146.56845804091114
1313,330,Aesculus',0,0,0,0,0,0,0,0.0,0.0,0.0,0.0,0.0,0.0,0.0,0.0
1313,330,Ailanthus',0,0,0,0,0,0,0,0.0,0.0,0.0,0.0,0.0,0.0,0.0,0.0
1313,330,Alnus',0,0,0,0,0,0,0,0.0,0.0,0.0,0.0,0.0,0.0,0.0,0.0
1313,330,Amelanchier',0,0,0,0,0,0,0,0.0,0.0,0.0,0.0,0.0,0.0,0.0,0.0
1313,330,Arbutus',0,0,0,0,0,0,0,0.0,0.0,0.0,0.0,0.0,0.0,0.0,0.0
1313,330,Asimina',0,0,0,0,0,0,0,0.0,0.0,0.0,0.0,0.0,0.0,0.0,0.0
1313,330,Betula',0,0,0,0,0,0,0,0.0,0.0,0.0,0.0,0.0,0.0,0.0,0.0
1313,330,Calocedrus',0,0,0,0,0,0,0,0.0,0.0,0.0,0.0,0.0,0.0,0.0,0.0
1313,330,Carpinus',0,0,0,0,0,0,0,0.0,0.0,0.0,0.0,0.0,0.0,0.0,0.0
1313,330,Carya',0,30,15,0,0,0,0,17.929548263549805,11.542975425720215,14.576846115951295,0.39158855667792014,629.5482536959648,13880.589185690505,0.0016088379839062712,35.537548023495255
1313,330,Castanea',0,0,0,0,0,0,0,0.0,0.0,0.0,0.0,0.0,0.0,0.0,0.0
1313,330,Catalpa',0,0,3,0,0,0,0,17.048885345458984,6.553558349609375,11.389863008185277,0.07944400051673446,71.30555597305298,1594.4407032916247,0.0003224201902449136,7.2095346270604
1313,330,Celtis',0,0,0,0,0,0,0,0.0,0.0,0.0,0.0,0.0,0.0,0.0,0.0
1313,330,Cercis',0,0,0,0,0,0,0,0.0,0.0,0.0,0.0,0.0,0.0,0.0,0.0
1313,330,Cercocarpus',0,0,0,0,0,0,0,0.0,0.0,0.0,0.0,0.0,0.0,0.0,0.0
1313,330,Chamaecyparis',0,0,0,0,0,0,0,0.0,0.0,0.0,0.0,0.0,0.0,0.0,0.0
1313,330,Chilopsis',0,0,0,0,0,0,0,0.0,0.0,0.0,0.0,0.0,0.0,0.0,0.0
1313,330,Chrysolepis',0,0,0,0,0,0,0,0.0,0.0,0.0,0.0,0.0,0.0,0.0,0.0
1313,330,Cladrastis',0,0,0,0,0,0,0,0.0,0.0,0.0,0.0,0.0,0.0,0.0,0.0
1313,330,Comus',0,0,0,0,0,0,0,0.0,0.0,0.0,0.0,0.0,0.0,0.0,0.0
1313,330,Cornus',0,0,0,0,0,0,0,0.0,0.0,0.0,0.0,0.0,0.0,0.0,0.0
1313,330,Crataegus',0,0,0,0,0,0,0,0.0,0.0,0.0,0.0,0.0,0.0,0.0,0.0
1313,330,Cupressus',0,0,0,0,0,0,0,0.0,0.0,0.0,0.0,0.0,0.0,0.0,0.0
1313,330,Diospyros',0,0,0,0,0,0,0,0.0,0.0,0.0,0.0,0.0,0.0,0.0,0.0
1313,330,Elaeagnus',0,0,0,0,0,0,0,0.0,0.0,0.0,0.0,0.0,0.0,0.0,0.0
1313,330,Fagus',0,0,0,0,0,0,0,0.0,0.0,0.0,0.0,0.0,0.0,0.0,0.0
1313,330,Fraxinus',0,787,530,92,0,0,0,42.26020431518555,15.051164627075195,543.7744447515828,20.820619356115856,27566.504403538853,167575.23257968406,0.06908683320850756,386.15048785313485
1313,330,Gleditsia',0,61,0,0,0,0,0,2.5,2.8325634002685547,0.0,0.013546066416290792,23.90705609917641,427.87566675283387,5.312679038499482e-05,0.9508347993677974
1313,330,Gordonia',0,33,63,0,0,0,0,10.64331340789795,8.554122924804688,21.27507024914026,0.5050391653367969,468.0643698707223,7022.136082946499,0.0013474496664206133,19.946203079812218
1313,330,Gymnocladus',0,0,0,0,0,0,0,0.0,0.0,0.0,0.0,0.0,0.0,0.0,0.0
1313,330,Halesia',0,0,0,0,0,0,0,0.0,0.0,0.0,0.0,0.0,0.0,0.0,0.0
1313,330,Ilex',0,0,0,0,0,0,0,0.0,0.0,0.0,0.0,0.0,0.0,0.0,0.0
1313,330,Juglans',0,0,0,0,0,0,0,0.0,0.0,0.0,0.0,0.0,0.0,0.0,0.0
1313,330,Juniperus',0,3,0,0,0,0,0,0.9318657517433167,2.0374391078948975,0.1700401347875595,0.00026462343849654145,0.6086867633461952,13.610649798464271,3.808772492998591e-06,0.08516674205176251
1313,330,Larix',0,0,0,0,0,0,0,0.0,0.0,0.0,0.0,0.0,0.0,0.0,0.0
1313,330,Liquidambar',0,0,0,0,0,0,0,0.0,0.0,0.0,0.0,0.0,0.0,0.0,0.0
1313,330,Liriodendron',0,1630,2273,418,7,0,0,53.86135482788086,19.195392608642578,1859.1818622250958,98.70925903645079,96318.57704612859,249066.0727730645,0.24080523820790445,574.8413020627829
1313,330,Lithocarpus',0,0,0,0,0,0,0,0.0,0.0,0.0,0.0,0.0,0.0,0.0,0.0
1313,330,Maclura',0,0,0,29,0,0,0,32.937992095947266,12.355822563171387,11.729784822916683,2.5119535395761132,4722.416606576443,105596.44550378804,0.010663115519940706,238.4345115452044
1313,330,Magnolia',0,17,0,0,0,0,0,3.820061683654785,3.445502758026123,11.66347874870783,0.019804978296127214,29.642429409027102,662.8248717682346,0.00017234666848182537,3.853788664209801
1313,330,Malus',0,0,0,0,0,0,0,0.0,0.0,0.0,0.0,0.0,0.0,0.0,0.0
1313,330,Morus',0,0,0,0,0,0,0,0.0,0.0,0.0,0.0,0.0,0.0,0.0,0.0
1313,330,Nyssa',0,0,0,0,0,0,0,0.0,0.0,0.0,0.0,0.0,0.0,0.0,0.0
1313,330,Olneya',0,0,0,0,0,0,0,0.0,0.0,0.0,0.0,0.0,0.0,0.0,0.0
1313,330,Ostrya',0,0,0,0,0,0,0,0.0,0.0,0.0,0.0,0.0,0.0,0.0,0.0
1313,330,Oxydendron',0,0,0,0,0,0,0,0.0,0.0,0.0,0.0,0.0,0.0,0.0,0.0
1313,330,Paulownia',0,68,22,0,0,0,0,12.683835983276367,6.0641655921936035,39.125917723661736,0.32937234704122503,193.24317157506943,3383.904502871037,0.0009926685938276344,14.65416278568737
1313,330,Persea',0,20,0,1,0,0,0,43.260223388671875,16.168241500854492,21.61919494628906,0.26817452028268435,494.5286041259766,10061.970406741386,0.0014112297206223027,27.505222034728433
1313,330,Picea',0,0,0,0,0,0,0,0.0,0.0,0.0,0.0,0.0,0.0,0.0,0.0
1313,330,Pinus',0,784,2203,1387,170,46,22,130.31723022460938,32.66607666015625,1796.4927994015811,273.3105377390075,440703.08820000204,965334.4627443479,1.0052895362802488,2160.1549701083486
1313,330,Planera',0,0,0,0,0,0,0,0.0,0.0,0.0,0.0,0.0,0.0,0.0,0.0
1313,330,Platanus',0,77,0,0,0,0,0,2.873649835586548,2.1513373851776123,21.944931836067873,0.03486517971927137,75.7909916973114,1244.9627268394747,0.0004843339071683624,8.035164307375366
1313,330,Populus',0,190,33,0,0,0,0,23.591020584106445,9.368515014648438,87.58672828868596,0.8501905906027993,672.2490539321303,7318.20810617707,0.002754746422943216,27.25661216486733
1313,330,Prosopis',0,0,0,0,0,0,0,0.0,0.0,0.0,0.0,0.0,0.0,0.0,0.0
1313,330,Prunus',0,0,0,0,0,0,0,0.0,0.0,0.0,0.0,0.0,0.0,0.0,0.0
1313,330,Pseudotsuga',0,0,0,0,0,0,0,0.0,0.0,0.0,0.0,0.0,0.0,0.0,0.0
1313,330,Quercus',0,38,43,39,0,0,0,31.993696212768555,14.84622573852539,55.51667084469448,4.305473228198997,6897.275620947183,103418.01789327901,0.01612647230993947,235.23820674891368
1313,330,Robinia',0,0,0,0,0,0,0,0.0,0.0,0.0,0.0,0.0,0.0,0.0,0.0
1313,330,Salix',0,112,12,0,0,0,0,8.969701766967773,6.429375171661377,25.358330350887922,0.2274047335278373,176.5366652059555,2481.2620276331786,0.0007573509711921195,10.913342760181802
1313,330,Sassafras',0,0,0,0,0,0,0,0.0,0.0,0.0,0.0,0.0,0.0,0.0,0.0
1313,330,Sequoia',0,0,0,0,0,0,0,0.0,0.0,0.0,0.0,0.0,0.0,0.0,0.0
1313,330,Sequoiadendron',0,0,0,0,0,0,0,0.0,0.0,0.0,0.0,0.0,0.0,0.0,0.0
1313,330,Sorbus',0,0,0,0,0,0,0,0.0,0.0,0.0,0.0,0.0,0.0,0.0,0.0
1313,330,Taxodium',0,0,72,0,0,0,0,27.302040100097656,9.877239227294922,56.18677205111406,2.6645161235149195,2244.108846241236,35561.90679192179,0.005795748357594116,91.70116288068554
1313,330,Taxus',0,0,0,0,0,0,0,0.0,0.0,0.0,0.0,0.0,0.0,0.0,0.0
1313,330,Thuja',0,0,0,0,0,0,0,0.0,0.0,0.0,0.0,0.0,0.0,0.0,0.0
1313,330,Tilia',0,0,0,0,0,0,0,0.0,0.0,0.0,0.0,0.0,0.0,0.0,0.0
1313,330,Torreya',0,33,37,0,0,0,0,25.852890014648438,12.521709442138672,32.807460033893584,2.0782451323658475,2608.9856453061107,55088.138676923416,0.006271631818910364,126.33633018127477
1313,330,Tsuga',0,0,0,0,0,0,0,0.0,0.0,0.0,0.0,0.0,0.0,0.0,0.0
1313,330,Ulmus',0,0,0,0,0,0,0,0.0,0.0,0.0,0.0,0.0,0.0,0.0,0.0
1313,330,Umbellularia',0,0,0,0,0,0,0,0.0,0.0,0.0,0.0,0.0,0.0,0.0,0.0
1313,340,Abies',0,0,0,0,0,0,0,0.0,0.0,0.0,0.0,0.0,0.0,0.0,0.0
1313,340,Acer',0,735,336,3,0,0,0,30.12590789794922,17.3696346282959,456.29760153355846,5.992934425776842,7286.918578868211,39219.63529179538,0.022761809799084876,105.3536156167205
1313,340,Aesculus',0,0,0,0,0,0,0,0.0,0.0,0.0,0.0,0.0,0.0,0.0,0.0
1313,340,Ailanthus',0,0,0,0,0,0,0,0.0,0.0,0.0,0.0,0.0,0.0,0.0,0.0
1313,340,Alnus',0,0,0,0,0,0,0,0.0,0.0,0.0,0.0,0.0,0.0,0.0,0.0
1313,340,Amelanchier',0,0,0,0,0,0,0,0.0,0.0,0.0,0.0,0.0,0.0,0.0,0.0
1313,340,Arbutus',0,0,0,0,0,0,0,0.0,0.0,0.0,0.0,0.0,0.0,0.0,0.0
1313,340,Asimina',0,0,0,0,0,0,0,0.0,0.0,0.0,0.0,0.0,0.0,0.0,0.0
1313,340,Betula',0,0,0,0,0,0,0,0.0,0.0,0.0,0.0,0.0,0.0,0.0,0.0
1313,340,Calocedrus',0,0,0,0,0,0,0,0.0,0.0,0.0,0.0,0.0,0.0,0.0,0.0
1313,340,Carpinus',0,0,0,0,0,0,0,0.0,0.0,0.0,0.0,0.0,0.0,0.0,0.0
1313,340,Carya',0,28,46,0,0,0,0,23.078948974609375,13.818096160888672,24.841027233419535,0.8850210816226078,1383.9234318757058,25703.06545350534,0.0034329857401251772,61.220213999500444
1313,340,Castanea',0,0,0,0,0,0,0,0.0,0.0,0.0,0.0,0.0,0.0,0.0,0.0
1313,340,Catalpa',0,38,0,0,0,0,0,0.813454270362854,1.5982820987701416,2.506337857840559,0.001976954510799025,9.79990884706378,219.13262355336104,5.785770138446141e-05,1.2937375331753762
1313,340,Celtis',0,19,7,0,0,0,0,8.787643432617188,6.334989070892334,14.817617311130594,0.07014398912582442,84.7707590687275,1367.0656923847132,0.00040168729936331714,6.344873418400465
1313,340,Cercis',0,0,0,0,0,0,0,0.0,0.0,0.0,0.0,0.0,0.0,0.0,0.0
1313,340,Cercocarpus',0,0,0,0,0,0,0,0.0,0.0,0.0,0.0,0.0,0.0,0.0,0.0
1313,340,Chamaecyparis',0,0,0,0,0,0,0,0.0,0.0,0.0,0.0,0.0,0.0,0.0,0.0
1313,340,Chilopsis',0,0,0,0,0,0,0,0.0,0.0,0.0,0.0,0.0,0.0,0.0,0.0
1313,340,Chrysolepis',0,0,0,0,0,0,0,0.0,0.0,0.0,0.0,0.0,0.0,0.0,0.0
1313,340,Cladrastis',0,0,0,0,0,0,0,0.0,0.0,0.0,0.0,0.0,0.0,0.0,0.0
1313,340,Comus',0,0,0,0,0,0,0,0.0,0.0,0.0,0.0,0.0,0.0,0.0,0.0
1313,340,Cornus',0,0,0,0,0,0,0,0.0,0.0,0.0,0.0,0.0,0.0,0.0,0.0
1313,340,Crataegus',0,0,0,0,0,0,0,0.0,0.0,0.0,0.0,0.0,0.0,0.0,0.0
1313,340,Cupressus',0,0,0,0,0,0,0,0.0,0.0,0.0,0.0,0.0,0.0,0.0,0.0
1313,340,Diospyros',0,0,0,0,0,0,0,0.0,0.0,0.0,0.0,0.0,0.0,0.0,0.0
1313,340,Elaeagnus',0,0,0,0,0,0,0,0.0,0.0,0.0,0.0,0.0,0.0,0.0,0.0
1313,340,Fagus',0,0,0,0,0,0,0,0.0,0.0,0.0,0.0,0.0,0.0,0.0,0.0
1313,340,Fraxinus',0,814,475,33,0,0,0,32.87504959106445,14.10594367980957,505.4635228980568,16.21363513300752,20654.699879004358,134986.01505735322,0.05317576175683782,312.7047553760509
1313,340,Gleditsia',0,36,0,0,0,0,0,5.830512523651123,4.747876167297363,8.095870270759244,0.09814741126528768,104.60916212797166,2339.1319758744285,0.0003490093553625047,7.804086433739465
1313,340,Gordonia',0,0,39,0,0,0,0,15.146618843078613,10.751981735229492,17.542530378103255,0.7041672617526072,746.5108593881131,16692.490275335884,0.00191230517744025,42.76044370481179
1313,340,Gymnocladus',0,0,0,0,0,0,0,0.0,0.0,0.0,0.0,0.0,0.0,0.0,0.0
1313,340,Halesia',0,0,0,0,0,0,0,0.0,0.0,0.0,0.0,0.0,0.0,0.0,0.0
1313,340,Ilex',0,0,0,0,0,0,0,0.0,0.0,0.0,0.0,0.0,0.0,0.0,0.0
1313,340,Juglans',0,0,0,0,0,0,0,0.0,0.0,0.0,0.0,0.0,0.0,0.0,0.0
1313,340,Juniperus',0,0,0,0,0,0,0,0.0,0.0,0.0,0.0,0.0,0.0,0.0,0.0
1313,340,Larix',0,0,0,0,0,0,0,0.0,0.0,0.0,0.0,0.0,0.0,0.0,0.0
1313,340,Liquidambar',0,0,0,0,0,0,0,0.0,0.0,0.0,0.0,0.0,0.0,0.0,0.0
1313,340,Liriodendron',0,1295,2367,327,23,0,0,61.33234786987305,20.789304733276367,1795.871183160881,97.75649746452841,95830.48437318846,248554.27445105085,0.23880919495443026,573.2492188743539
1313,340,Lithocarpus',0,0,0,0,0,0,0,0.0,0.0,0.0,0.0,0.0,0.0,0.0,0.0
1313,340,Maclura',0,0,0,29,0,0,0,34.620479583740234,12.660065650939941,18.450565290979192,2.7751311989103193,5318.861902893782,118933.36777804377,0.012085299095123838,270.23550305113594
1313,340,Magnolia',0,23,0,0,0,0,0,3.1141319274902344,3.0594048500061035,11.050048130977002,0.017792490149769767,27.14155129432678,606.903537089122,0.0001611892222240567,3.6043005813330966
1313,340,Malus',0,0,0,0,0,0,0,0.0,0.0,0.0,0.0,0.0,0.0,0.0,0.0
1313,340,Morus',0,0,0,0,0,0,0,0.0,0.0,0.0,0.0,0.0,0.0,0.0,0.0
1313,340,Nyssa',0,0,0,0,0,0,0,0.0,0.0,0.0,0.0,0.0,0.0,0.0,0.0
1313,340,Olneya',0,0,0,0,0,0,0,0.0,0.0,0.0,0.0,0.0,0.0,0.0,0.0
1313,340,Ostrya',0,0,0,0,0,0,0,0.0,0.0,0.0,0.0,0.0,0.0,0.0,0.0
1313,340,Oxydendron',0,0,0,0,0,0,0,0.0,0.0,0.0,0.0,0.0,0.0,0.0,0.0
1313,340,Paulownia',0,100,0,0,0,0,0,4.045792102813721,2.965087413787842,18.165936328565017,0.053668568309946735,53.14068045318127,816.4395127751154,0.00037959914707625644,6.929494817677866
1313,340,Persea',0,0,0,0,1,0,0,56.44957733154297,17.852136611938477,13.933615264892577,0.3904234265087448,752.2556977844239,16820.94876707509,0.001872942701339723,41.88027198157702
1313,340,Picea',0,0,0,0,0,0,0,0.0,0.0,0.0,0.0,0.0,0.0,0.0,0.0
1313,340,Pinus',0,1120,2133,1306,134,28,19,136.42724609375,32.98238754272461,2007.760808854699,253.73325153618342,405645.9175807199,868320.3332456048,0.9304363603085563,1945.820319932302
1313,340,Planera',0,0,0,0,0,0,0,0.0,0.0,0.0,0.0,0.0,0.0,0.0,0.0
1313,340,Platanus',0,59,0,0,0,0,0,4.896829605102539,2.737994432449341,39.40416660489915,0.08193290947458284,127.23622195243836,2392.0196773779658,0.0008499920297758791,16.064927114020264
1313,340,Populus',0,118,64,0,0,0,0,12.884218215942383,5.9736833572387695,82.0910021917352,0.8532550406163859,625.8923600810766,6755.622026516961,0.00257261745553651,25.510512691700562
1313,340,Prosopis',0,0,0,0,0,0,0,0.0,0.0,0.0,0.0,0.0,0.0,0.0,0.0
1313,340,Prunus',0,1,0,0,0,0,0,1.928605079650879,2.250856399536133,0.3058779164205623,0.0005608900329698276,0.9785187578201294,21.88034459744463,6.577768631279473e-06,0.14708337799806873
1313,340,Pseudotsuga',0,0,0,0,0,0,0,0.0,0.0,0.0,0.0,0.0,0.0,0.0,0.0
1313,340,Quercus',0,50,43,39,0,0,0,36.476776123046875,16.28007698059082,78.54736775808223,5.405644892907905,8856.926558381841,122600.76437524811,0.020812791660601487,281.1831622064936
1313,340,Robinia',0,0,0,0,0,0,0,0.0,0.0,0.0,0.0,0.0,0.0,0.0,0.0
1313,340,Salix',0,113,22,0,0,0,0,11.645465850830078,7.773951530456543,67.03696313113728,0.48888717839333423,399.42513832122086,4264.918797366988,0.0018526457591810002,18.835282479648402
1313,340,Sassafras',0,19,0,0,0,0,0,1.9455080032348633,3.342277765274048,2.5188078835040706,0.005897902551097277,7.641194634437561,170.86230631908845,5.324007140845039e-05,1.1904841879623929
1313,340,Sequoia',0,0,0,0,0,0,0,0.0,0.0,0.0,0.0,0.0,0.0,0.0,0.0
1313,340,Sequoiadendron',0,0,0,0,0,0,0,0.0,0.0,0.0,0.0,0.0,0.0,0.0,0.0
1313,340,Sorbus',0,0,0,0,0,0,0,0.0,0.0,0.0,0.0,0.0,0.0,0.0,0.0
1313,340,Taxodium',0,0,70,2,0,0,0,30.625194549560547,10.682019233703613,42.1479134752026,3.3643663227534764,2921.3501288688185,46276.613164962946,0.007098631849795564,112.34844228816222
1313,340,Taxus',0,0,0,0,0,0,0,0.0,0.0,0.0,0.0,0.0,0.0,0.0,0.0
1313,340,Thuja',0,0,0,0,0,0,0,0.0,0.0,0.0,0.0,0.0,0.0,0.0,0.0
1313,340,Tilia',0,0,0,0,0,0,0,0.0,0.0,0.0,0.0,0.0,0.0,0.0,0.0
1313,340,Torreya',0,33,37,0,0,0,0,27.671419143676758,12.934821128845215,17.635110181570052,2.2569770856866516,2906.889719051123,64760.495127048285,0.006714484418692711,149.6080984399487
1313,340,Tsuga',0,0,0,0,0,0,0,0.0,0.0,0.0,0.0,0.0,0.0,0.0,0.0
1313,340,Ulmus',0,0,0,0,0,0,0,0.0,0.0,0.0,0.0,0.0,0.0,0.0,0.0
1313,340,Umbellularia',0,0,0,0,0,0,0,0.0,0.0,0.0,0.0,0.0,0.0,0.0,0.0
1313,350,Abies',0,0,0,0,0,0,0,0.0,0.0,0.0,0.0,0.0,0.0,0.0,0.0
1313,350,Acer',0,433,333,2,0,0,0,33.99351119995117,18.78949737548828,325.4564096144388,5.454187388856374,6534.342684638352,37063.9275993189,0.019205887315563875,99.14918890061428
1313,350,Aesculus',0,0,0,0,0,0,0,0.0,0.0,0.0,0.0,0.0,0.0,0.0,0.0
1313,350,Ailanthus',0,0,0,0,0,0,0,0.0,0.0,0.0,0.0,0.0,0.0,0.0,0.0
1313,350,Alnus',0,0,0,0,0,0,0,0.0,0.0,0.0,0.0,0.0,0.0,0.0,0.0
1313,350,Amelanchier',0,0,0,0,0,0,0,0.0,0.0,0.0,0.0,0.0,0.0,0.0,0.0
1313,350,Arbutus',0,0,0,0,0,0,0,0.0,0.0,0.0,0.0,0.0,0.0,0.0,0.0
1313,350,Asimina',0,0,0,0,0,0,0,0.0,0.0,0.0,0.0,0.0,0.0,0.0,0.0
1313,350,Betula',0,0,0,0,0,0,0,0.0,0.0,0.0,0.0,0.0,0.0,0.0,0.0
1313,350,Calocedrus',0,0,0,0,0,0,0,0.0,0.0,0.0,0.0,0.0,0.0,0.0,0.0
1313,350,Carpinus',0,0,0,0,0,0,0,0.0,0.0,0.0,0.0,0.0,0.0,0.0,0.0
1313,350,Carya',0,94,46,0,0,0,0,27.561298370361328,15.601186752319336,55.56778318519833,1.6459311743634855,2632.683243088722,41519.718694895935,0.006650336539905475,97.47569546012281
1313,350,Castanea',0,0,0,0,0,0,0,0.0,0.0,0.0,0.0,0.0,0.0,0.0,0.0
1313,350,Catalpa',0,0,0,0,0,0,0,0.0,0.0,0.0,0.0,0.0,0.0,0.0,0.0
1313,350,Celtis',0,47,0,0,0,0,0,6.300632953643799,5.007131099700928,23.275121146742297,0.12499479463956327,138.23188262820244,2183.4712383046763,0.0006422402627170015,10.14480820778562
1313,350,Cercis',0,0,0,0,0,0,0,0.0,0.0,0.0,0.0,0.0,0.0,0.0,0.0
1313,350,Cercocarpus',0,0,0,0,0,0,0,0.0,0.0,0.0,0.0,0.0,0.0,0.0,0.0
1313,350,Chamaecyparis',0,0,0,0,0,0,0,0.0,0.0,0.0,0.0,0.0,0.0,0.0,0.0
1313,350,Chilopsis',0,0,0,0,0,0,0,0.0,0.0,0.0,0.0,0.0,0.0,0.0,0.0
1313,350,Chrysolepis',0,0,0,0,0,0,0,0.0,0.0,0.0,0.0,0.0,0.0,0.0,0.0
1313,350,Cladrastis',0,0,0,0,0,0,0,0.0,0.0,0.0,0.0,0.0,0.0,0.0,0.0
1313,350,Comus',0,0,0,0,0,0,0,0.0,0.0,0.0,0.0,0.0,0.0,0.0,0.0
1313,350,Cornus',0,0,0,0,0,0,0,0.0,0.0,0.0,0.0,0.0,0.0,0.0,0.0
1313,350,Crataegus',0,0,0,0,0,0,0,0.0,0.0,0.0,0.0,0.0,0.0,0.0,0.0
1313,350,Cupressus',0,0,0,0,0,0,0,0.0,0.0,0.0,0.0,0.0,0.0,0.0,0.0
1313,350,Diospyros',0,0,0,0,0,0,0,0.0,0.0,0.0,0.0,0.0,0.0,0.0,0.0
1313,350,Elaeagnus',0,0,0,0,0,0,0,0.0,0.0,0.0,0.0,0.0,0.0,0.0,0.0
1313,350,Fagus',0,0,0,0,0,0,0,0.0,0.0,0.0,0.0,0.0,0.0,0.0,0.0
1313,350,Fraxinus',0,692,454,33,0,0,0,36.195430755615234,13.772208213806152,439.30795712396497,14.042388486096913,17226.560985078962,112180.65107508836,0.04460532859631022,261.11230162115936
1313,350,Gleditsia',0,45,0,0,0,0,0,7.536992073059082,5.676305770874023,9.59540069527641,0.04916868416756229,66.97553258687257,1159.1435124201864,0.0002869656411013577,4.657750841929007
1313,350,Gordonia',0,0,39,0,0,0,0,19.815654754638672,12.621838569641113,7.231085894107818,1.2052060147021764,1368.7316303277016,30605.769683668226,0.003146074664354382,70.34836811786305
1313,350,Gymnocladus',0,0,0,0,0,0,0,0.0,0.0,0.0,0.0,0.0,0.0,0.0,0.0
1313,350,Halesia',0,0,0,0,0,0,0,0.0,0.0,0.0,0.0,0.0,0.0,0.0,0.0
1313,350,Ilex',0,0,0,0,0,0,0,0.0,0.0,0.0,0.0,0.0,0.0,0.0,0.0
1313,350,Juglans',0,0,0,0,0,0,0,0.0,0.0,0.0,0.0,0.0,0.0,0.0,0.0
1313,350,Juniperus',0,0,0,0,0,0,0,0.0,0.0,0.0,0.0,0.0,0.0,0.0,0.0
1313,350,Larix',0,0,0,0,0,0,0,0.0,0.0,0.0,0.0,0.0,0.0,0.0,0.0
1313,350,Liquidambar',0,0,0,0,0,0,0,0.0,0.0,0.0,0.0,0.0,0.0,0.0,0.0
1313,350,Liriodendron',0,1368,1947,402,27,0,0,67.78108978271484,22.03968048095703,1558.2288095534225,97.62336965938846,98181.31329884232,263995.0849846601,0.24061226332954314,606.9773062252832
1313,350,Lithocarpus',0,0,0,0,0,0,0,0.0,0.0,0.0,0.0,0.0,0.0,0.0,0.0
1313,350,Maclura',0,0,0,29,0,0,0,36.015506744384766,12.899853706359863,25.120766675924948,3.003284122160235,5845.504040603638,130709.44397539417,0.01335163656663888,298.5516697387645
1313,350,Magnolia',0,60,0,0,0,0,0,7.965304374694824,5.621891975402832,29.651030020057398,0.13147159828302624,137.35517142474652,2572.6541207137543,0.0005759146778962276,10.086426591294856
1313,350,Malus',0,0,0,0,0,0,0,0.0,0.0,0.0,0.0,0.0,0.0,0.0,0.0
1313,350,Morus',0,0,0,0,0,0,0,0.0,0.0,0.0,0.0,0.0,0.0,0.0,0.0
1313,350,Nyssa',0,0,0,0,0,0,0,0.0,0.0,0.0,0.0,0.0,0.0,0.0,0.0
1313,350,Olneya',0,0,0,0,0,0,0,0.0,0.0,0.0,0.0,0.0,0.0,0.0,0.0
1313,350,Ostrya',0,0,0,0,0,0,0,0.0,0.0,0.0,0.0,0.0,0.0,0.0,0.0
1313,350,Oxydendron',0,0,0,0,0,0,0,0.0,0.0,0.0,0.0,0.0,0.0,0.0,0.0
1313,350,Paulownia',0,43,43,0,0,0,0,12.486194610595703,5.999593257904053,43.07649638833879,0.48818411778926674,266.15468678712847,4192.599105710405,0.001211564945910132,17.20926359013078
1313,350,Persea',0,38,0,0,0,0,0,2.6024415493011475,2.897097110748291,8.265028019547461,0.02044726513799611,36.387717755436896,813.6541044723316,0.00020024533446443376,4.477621800396555
1313,350,Picea',0,0,0,0,0,0,0,0.0,0.0,0.0,0.0,0.0,0.0,0.0,0.0
1313,350,Pinus',0,1011,2237,1368,144,16,8,115.16820526123047,31.703798294067383,1788.6048672330378,257.6535523024329,408547.76897295297,833720.4402291194,0.9337193409755792,1868.1476494369472
1313,350,Planera',0,0,0,0,0,0,0,0.0,0.0,0.0,0.0,0.0,0.0,0.0,0.0
1313,350,Platanus',0,59,0,0,0,0,0,7.399438381195068,3.4494354724884033,32.10660716023626,0.23545685220145202,216.16872677087784,3655.1955296832357,0.0009425674000084285,16.06707612764001
1313,350,Populus',0,199,107,0,0,0,0,18.219106674194336,7.716944217681885,149.96866254678255,2.1083225125741407,1553.0593359971047,15863.429767939804,0.005610125219396998,48.29770116259378
1313,350,Prosopis',0,0,0,0,0,0,0,0.0,0.0,0.0,0.0,0.0,0.0,0.0,0.0
1313,350,Prunus',0,1,0,0,0,0,0,7.602665424346924,4.898005962371826,3.2238104373593868,0.008716113306694313,12.781032485961914,285.79257461244396,7.481083703041083e-05,1.672821170536578
1313,350,Pseudotsuga',0,0,0,0,0,0,0,0.0,0.0,0.0,0.0,0.0,0.0,0.0,0.0
1313,350,Quercus',0,33,43,39,0,0,0,41.19523620605469,17.661787033081055,60.67427941138231,6.721668665152673,11235.141498668194,146497.92923954484,0.025840420684732704,332.0659106823126
1313,350,Robinia',0,0,0,0,0,0,0,0.0,0.0,0.0,0.0,0.0,0.0,0.0,0.0
1313,350,Salix',0,162,0,0,0,0,0,7.0759992599487305,5.428915977478027,44.038768864319294,0.28321164190042414,222.4212249290943,2842.873459325974,0.001128231948588633,13.111243940507658
1313,350,Sassafras',0,19,0,0,0,0,0,4.611873149871826,5.846160411834717,12.227639970900137,0.0331425756388888,50.03164836883545,1118.741667790823,0.00028720511227846144,6.422101545400919
1313,350,Sequoia',0,0,0,0,0,0,0,0.0,0.0,0.0,0.0,0.0,0.0,0.0,0.0
1313,350,Sequoiadendron',0,0,0,0,0,0,0,0.0,0.0,0.0,0.0,0.0,0.0,0.0,0.0
1313,350,Sorbus',0,0,0,0,0,0,0,0.0,0.0,0.0,0.0,0.0,0.0,0.0,0.0
1313,350,Taxodium',0,0,37,32,0,0,0,28.424833297729492,10.15408706665039,19.392958340954177,3.789112046084373,3350.622214844823,53440.93506455522,0.007724999457314649,123.18644148875306
1313,350,Taxus',0,0,0,0,0,0,0,0.0,0.0,0.0,0.0,0.0,0.0,0.0,0.0
1313,350,Thuja',0,0,0,0,0,0,0,0.0,0.0,0.0,0.0,0.0,0.0,0.0,0.0
1313,350,Tilia',0,0,0,0,0,0,0,0.0,0.0,0.0,0.0,0.0,0.0,0.0,0.0
1313,350,Torreya',0,27,33,37,0,0,0,29.626209259033203,13.344212532043457,38.818781450390816,2.8918285545739937,3715.993930833936,75675.30738592593,0.008818480286722528,171.8976488055286
1313,350,Tsuga',0,0,0,0,0,0,0,0.0,0.0,0.0,0.0,0.0,0.0,0.0,0.0
1313,350,Ulmus',0,0,0,0,0,0,0,0.0,0.0,0.0,0.0,0.0,0.0,0.0,0.0
1313,350,Umbellularia',0,0,0,0,0,0,0,0.0,0.0,0.0,0.0,0.0,0.0,0.0,0.0
1313,360,Abies',0,0,0,0,0,0,0,0.0,0.0,0.0,0.0,0.0,0.0,0.0,0.0
1313,360,Acer',0,515,362,0,0,0,0,20.9271240234375,13.490564346313477,346.7238552623157,5.57826698254792,6697.838068066835,43961.762326538315,0.019875367197211825,113.23922483303483
1313,360,Aesculus',0,0,0,0,0,0,0,0.0,0.0,0.0,0.0,0.0,0.0,0.0,0.0
1313,360,Ailanthus',0,0,0,0,0,0,0,0.0,0.0,0.0,0.0,0.0,0.0,0.0,0.0
1313,360,Alnus',0,0,0,0,0,0,0,0.0,0.0,0.0,0.0,0.0,0.0,0.0,0.0
1313,360,Amelanchier',0,0,0,0,0,0,0,0.0,0.0,0.0,0.0,0.0,0.0,0.0,0.0
1313,360,Arbutus',0,0,0,0,0,0,0,0.0,0.0,0.0,0.0,0.0,0.0,0.0,0.0
1313,360,Asimina',0,0,0,0,0,0,0,0.0,0.0,0.0,0.0,0.0,0.0,0.0,0.0
1313,360,Betula',0,0,0,0,0,0,0,0.0,0.0,0.0,0.0,0.0,0.0,0.0,0.0
1313,360,Calocedrus',0,0,0,0,0,0,0,0.0,0.0,0.0,0.0,0.0,0.0,0.0,0.0
1313,360,Carpinus',0,0,0,0,0,0,0,0.0,0.0,0.0,0.0,0.0,0.0,0.0,0.0
1313,360,Carya',0,49,0,0,0,0,0,6.9607768058776855,5.9083638191223145,8.139841352836994,0.1551957523521966,173.89075521945955,3778.6214205124743,0.000503601425290101,11.016242110881791
1313,360,Castanea',0,0,0,0,0,0,0,0.0,0.0,0.0,0.0,0.0,0.0,0.0,0.0
1313,360,Catalpa',0,0,0,0,0,0,0,0.0,0.0,0.0,0.0,0.0,0.0,0.0,0.0
1313,360,Celtis',0,36,47,0,0,0,0,14.474430084228516,9.112190246582031,33.3844966375375,0.7103749798409525,725.9586773109436,10624.312004284327,0.002093829794213167,29.553902876953426
1313,360,Cercis',0,0,0,0,0,0,0,0.0,0.0,0.0,0.0,0.0,0.0,0.0,0.0
1313,360,Cercocarpus',0,0,0,0,0,0,0,0.0,0.0,0.0,0.0,0.0,0.0,0.0,0.0
1313,360,Chamaecyparis',0,0,0,0,0,0,0,0.0,0.0,0.0,0.0,0.0,0.0,0.0,0.0
1313,360,Chilopsis',0,0,0,0,0,0,0,0.0,0.0,0.0,0.0,0.0,0.0,0.0,0.0
1313,360,Chrysolepis',0,0,0,0,0,0,0,0.0,0.0,0.0,0.0,0.0,0.0,0.0,0.0
1313,360,Cladrastis',0,0,0,0,0,0,0,0.0,0.0,0.0,0.0,0.0,0.0,0.0,0.0
1313,360,Comus',0,0,0,0,0,0,0,0.0,0.0,0.0,0.0,0.0,0.0,0.0,0.0
1313,360,Cornus',0,0,0,0,0,0,0,0.0,0.0,0.0,0.0,0.0,0.0,0.0,0.0
1313,360,Crataegus',0,0,0,0,0,0,0,0.0,0.0,0.0,0.0,0.0,0.0,0.0,0.0
1313,360,Cupressus',0,0,0,0,0,0,0,0.0,0.0,0.0,0.0,0.0,0.0,0.0,0.0
1313,360,Diospyros',0,0,0,0,0,0,0,0.0,0.0,0.0,0.0,0.0,0.0,0.0,0.0
1313,360,Elaeagnus',0,0,0,0,0,0,0,0.0,0.0,0.0,0.0,0.0,0.0,0.0,0.0
1313,360,Fagus',0,0,0,0,0,0,0,0.0,0.0,0.0,0.0,0.0,0.0,0.0,0.0
1313,360,Fraxinus',0,536,740,79,0,0,0,29.04144287109375,14.605698585510254,526.7251887557957,15.620754020948086,18400.16584011011,106326.61039281847,0.04847175969686657,250.68057264918184
1313,360,Gleditsia',0,0,0,0,0,0,0,0.0,0.0,0.0,0.0,0.0,0.0,0.0,0.0
1313,360,Gordonia',0,0,39,0,0,0,0,23.67696189880371,13.907599449157715,11.539147946834564,1.7206652462303247,2098.594573972225,46926.001246141284,0.004830219988584595,108.00700240753389
1313,360,Gymnocladus',0,0,0,0,0,0,0,0.0,0.0,0.0,0.0,0.0,0.0,0.0,0.0
1313,360,Halesia',0,0,0,0,0,0,0,0.0,0.0,0.0,0.0,0.0,0.0,0.0,0.0
1313,360,Ilex',0,0,0,0,0,0,0,0.0,0.0,0.0,0.0,0.0,0.0,0.0,0.0
1313,360,Juglans',0,0,0,0,0,0,0,0.0,0.0,0.0,0.0,0.0,0.0,0.0,0.0
1313,360,Juniperus',0,0,0,0,0,0,0,0.0,0.0,0.0,0.0,0.0,0.0,0.0,0.0
1313,360,Larix',0,0,0,0,0,0,0,0.0,0.0,0.0,0.0,0.0,0.0,0.0,0.0
1313,360,Liquidambar',0,0,0,0,0,0,0,0.0,0.0,0.0,0.0,0.0,0.0,0.0,0.0
1313,360,Liriodendron',0,1278,2215,446,8,7,0,73.85360717773438,23.12015151977539,2005.922518897377,103.18095857932296,102849.80046855599,261116.78356267043,0.25743148105718977,603.9023649279375
1313,360,Lithocarpus',0,0,0,0,0,0,0,0.0,0.0,0.0,0.0,0.0,0.0,0.0,0.0
1313,360,Maclura',0,0,0,0,0,0,0,0.0,0.0,0.0,0.0,0.0,0.0,0.0,0.0
1313,360,Magnolia',0,0,23,0,0,0,0,15.916399002075195,9.392212867736816,18.258051479919047,0.4647852693944968,463.0069736671448,10353.150671761894,0.0011955801184972226,26.73398417507046
1313,360,Malus',0,0,0,0,0,0,0,0.0,0.0,0.0,0.0,0.0,0.0,0.0,0.0
1313,360,Morus',0,0,0,0,0,0,0,0.0,0.0,0.0,0.0,0.0,0.0,0.0,0.0
1313,360,Nyssa',0,0,0,0,0,0,0,0.0,0.0,0.0,0.0,0.0,0.0,0.0,0.0
1313,360,Olneya',0,0,0,0,0,0,0,0.0,0.0,0.0,0.0,0.0,0.0,0.0,0.0
1313,360,Ostrya',0,0,0,0,0,0,0,0.0,0.0,0.0,0.0,0.0,0.0,0.0,0.0
1313,360,Oxydendron',0,0,0,0,0,0,0,0.0,0.0,0.0,0.0,0.0,0.0,0.0,0.0
1313,360,Paulownia',0,42,0,0,0,0,0,7.617842197418213,4.317823886871338,13.002872326517405,0.03266382284464434,32.66981294333935,472.3502081382435,0.0002597831578655151,4.108886085124604
1313,360,Persea',0,36,0,0,0,0,0,1.457045078277588,2.210782527923584,3.103179616630077,0.006129306803357346,13.89490089505911,310.69942941975,7.570126449704747e-05,1.6927317339809065
1313,360,Picea',0,0,0,0,0,0,0,0.0,0.0,0.0,0.0,0.0,0.0,0.0,0.0
1313,360,Pinus',0,735,2264,1521,151,36,6,120.34715270996094,32.064308166503906,1892.6811364609002,268.9527494227484,432925.2972151959,897820.005078289,0.989394948890843,2010.4258749642531
1313,360,Planera',0,0,0,0,0,0,0,0.0,0.0,0.0,0.0,0.0,0.0,0.0,0.0
1313,360,Platanus',0,30,37,0,0,0,0,9.299427032470703,3.9792463779449463,69.30469410328925,0.3119852645486684,327.7452833175659,5790.7968092997735,0.0017260024198889469,28.99519500443045
1313,360,Populus',0,212,123,0,0,0,0,22.066072463989258,8.909897804260254,147.07049476477917,2.400900857365542,1830.7772322779895,21326.787298258037,0.0061855553436386485,60.13699965883684
1313,360,Prosopis',0,0,0,0,0,0,0,0.0,0.0,0.0,0.0,0.0,0.0,0.0,0.0
1313,360,Prunus',0,0,1,0,0,0,0,15.712607383728027,8.320503234863281,9.47904128062574,0.03722953634976456,59.75317108154297,1336.121524095039,0.0002692408933639528,6.020409398845622
1313,360,Pseudotsuga',0,0,0,0,0,0,0,0.0,0.0,0.0,0.0,0.0,0.0,0.0,0.0
1313,360,Quercus',0,0,33,59,0,0,0,45.434776306152344,18.81856918334961,62.69226883219766,6.7114303978651275,12126.34199184537,166231.23520926066,0.027849916980683845,378.44136145675725
1313,360,Robinia',0,0,0,0,0,0,0,0.0,0.0,0.0,0.0,0.0,0.0,0.0,0.0
1313,360,Salix',0,179,40,0,0,0,0,14.211134910583496,8.991116523742676,40.27062866601008,0.6758445619141634,545.2003604966402,9646.08525614546,0.0017912744213165906,26.074387723144593
1313,360,Sassafras',0,0,0,0,0,0,0,0.0,0.0,0.0,0.0,0.0,0.0,0.0,0.0
1313,360,Sequoia',0,0,0,0,0,0,0,0.0,0.0,0.0,0.0,0.0,0.0,0.0,0.0
1313,360,Sequoiadendron',0,0,0,0,0,0,0,0.0,0.0,0.0,0.0,0.0,0.0,0.0,0.0
1313,360,Sorbus',0,0,0,0,0,0,0,0.0,0.0,0.0,0.0,0.0,0.0,0.0,0.0
1313,360,Taxodium',0,0,37,32,0,0,0,30.681442260742188,10.695265769958496,48.08703661530832,4.500237736040944,4158.401561187506,66110.81434091472,0.009933132351428281,157.7774733786504
1313,360,Taxus',0,0,0,0,0,0,0,0.0,0.0,0.0,0.0,0.0,0.0,0.0,0.0
1313,360,Thuja',0,0,0,0,0,0,0,0.0,0.0,0.0,0.0,0.0,0.0,0.0,0.0
1313,360,Tilia',0,0,0,0,0,0,0,0.0,0.0,0.0,0.0,0.0,0.0,0.0,0.0
1313,360,Torreya',0,0,61,0,0,0,0,15.754385948181152,9.532987594604492,35.05919986724853,0.9624338429705209,1047.0604956436157,17644.7890406106,0.0028332117984294926,46.80368883756473
1313,360,Tsuga',0,0,0,0,0,0,0,0.0,0.0,0.0,0.0,0.0,0.0,0.0,0.0
1313,360,Ulmus',0,0,0,0,0,0,0,0.0,0.0,0.0,0.0,0.0,0.0,0.0,0.0
1313,360,Umbellularia',0,0,0,0,0,0,0,0.0,0.0,0.0,0.0,0.0,0.0,0.0,0.0
1313,370,Abies',0,0,0,0,0,0,0,0.0,0.0,0.0,0.0,0.0,0.0,0.0,0.0
1313,370,Acer',0,425,344,0,0,0,0,24.972021102905273,15.288947105407715,305.1830877770398,6.648913377820741,8124.221312911585,59972.95723225955,0.02244710484233408,145.69950699884242
1313,370,Aesculus',0,0,0,0,0,0,0,0.0,0.0,0.0,0.0,0.0,0.0,0.0,0.0
1313,370,Ailanthus',0,0,0,0,0,0,0,0.0,0.0,0.0,0.0,0.0,0.0,0.0,0.0
1313,370,Alnus',0,0,0,0,0,0,0,0.0,0.0,0.0,0.0,0.0,0.0,0.0,0.0
1313,370,Amelanchier',0,0,0,0,0,0,0,0.0,0.0,0.0,0.0,0.0,0.0,0.0,0.0
1313,370,Arbutus',0,0,0,0,0,0,0,0.0,0.0,0.0,0.0,0.0,0.0,0.0,0.0
1313,370,Asimina',0,0,0,0,0,0,0,0.0,0.0,0.0,0.0,0.0,0.0,0.0,0.0
1313,370,Betula',0,0,0,0,0,0,0,0.0,0.0,0.0,0.0,0.0,0.0,0.0,0.0
1313,370,Calocedrus',0,0,0,0,0,0,0,0.0,0.0,0.0,0.0,0.0,0.0,0.0,0.0
1313,370,Carpinus',0,0,0,0,0,0,0,0.0,0.0,0.0,0.0,0.0,0.0,0.0,0.0
1313,370,Carya',0,112,0,0,0,0,0,6.848671913146973,5.842126846313477,27.26890887216299,0.14844311196038004,202.7125779697299,2896.604318263737,0.000843023508446287,11.08208297429599
1313,370,Castanea',0,0,0,0,0,0,0,0.0,0.0,0.0,0.0,0.0,0.0,0.0,0.0
1313,370,Catalpa',0,0,10,0,0,0,0,8.36014175415039,4.123676776885986,10.196836322923248,0.057747462291202756,47.57188033819199,1063.7395825368267,0.00025250441367924306,5.646170336055145
1313,370,Celtis',0,156,84,0,0,0,0,20.631555557250977,11.752842903137207,101.33079123553594,1.962518944400165,2186.8105794328453,25299.632297280787,0.006318292030141236,65.06210340037923
1313,370,Cercis',0,0,0,0,0,0,0,0.0,0.0,0.0,0.0,0.0,0.0,0.0,0.0
1313,370,Cercocarpus',0,0,0,0,0,0,0,0.0,0.0,0.0,0.0,0.0,0.0,0.0,0.0
1313,370,Chamaecyparis',0,0,0,0,0,0,0,0.0,0.0,0.0,0.0,0.0,0.0,0.0,0.0
1313,370,Chilopsis',0,0,0,0,0,0,0,0.0,0.0,0.0,0.0,0.0,0.0,0.0,0.0
1313,370,Chrysolepis',0,0,0,0,0,0,0,0.0,0.0,0.0,0.0,0.0,0.0,0.0,0.0
1313,370,Cladrastis',0,0,0,0,0,0,0,0.0,0.0,0.0,0.0,0.0,0.0,0.0,0.0
1313,370,Comus',0,0,0,0,0,0,0,0.0,0.0,0.0,0.0,0.0,0.0,0.0,0.0
1313,370,Cornus',0,0,0,0,0,0,0,0.0,0.0,0.0,0.0,0.0,0.0,0.0,0.0
1313,370,Crataegus',0,0,0,0,0,0,0,0.0,0.0,0.0,0.0,0.0,0.0,0.0,0.0
1313,370,Cupressus',0,0,0,0,0,0,0,0.0,0.0,0.0,0.0,0.0,0.0,0.0,0.0
1313,370,Diospyros',0,35,0,0,0,0,0,7.695188522338867,4.939380645751953,13.43551663846909,0.16687099044435855,201.09652475953104,4496.6549940127625,0.0006402929070219397,14.317384656119977
1313,370,Elaeagnus',0,0,0,0,0,0,0,0.0,0.0,0.0,0.0,0.0,0.0,0.0,0.0
1313,370,Fagus',0,0,0,0,0,0,0,0.0,0.0,0.0,0.0,0.0,0.0,0.0,0.0
1313,370,Fraxinus',0,587,771,33,0,0,0,35.1859016418457,15.437250137329102,494.8004318528537,18.463063074992906,21984.714799536767,115146.48578028096,0.05597784838730894,269.2255457476117
1313,370,Gleditsia',0,0,0,0,0,0,0,0.0,0.0,0.0,0.0,0.0,0.0,0.0,0.0
1313,370,Gordonia',0,20,0,0,0,0,0,0.6331431865692139,1.8308871984481812,0.0,0.0006347230711258836,1.4874157691001892,33.25962770513145,3.3053683536127208e-06,0.07391028329354601
1313,370,Gymnocladus',0,0,0,0,0,0,0,0.0,0.0,0.0,0.0,0.0,0.0,0.0,0.0
1313,370,Halesia',0,0,28,0,0,0,0,10.439212799072266,5.14337682723999,22.483304029778587,0.24650053733173435,187.9993987083435,4203.794352409428,0.0007414361071586614,16.57901536579581
1313,370,Ilex',0,0,0,0,0,0,0,0.0,0.0,0.0,0.0,0.0,0.0,0.0,0.0
1313,370,Juglans',0,0,0,0,0,0,0,0.0,0.0,0.0,0.0,0.0,0.0,0.0,0.0
1313,370,Juniperus',0,0,0,0,0,0,0,0.0,0.0,0.0,0.0,0.0,0.0,0.0,0.0
1313,370,Larix',0,0,0,0,0,0,0,0.0,0.0,0.0,0.0,0.0,0.0,0.0,0.0
1313,370,Liquidambar',0,0,0,0,0,0,0,0.0,0.0,0.0,0.0,0.0,0.0,0.0,0.0
1313,370,Liriodendron',0,1244,2229,439,8,9,0,80.9649887084961,24.276172637939453,1801.4453253332713,106.79705060792446,106938.6238319733,270754.5527223844,0.26357419126135356,625.0010372986934
1313,370,Lithocarpus',0,0,0,0,0,0,0,0.0,0.0,0.0,0.0,0.0,0.0,0.0,0.0
1313,370,Maclura',0,0,0,0,0,0,0,0.0,0.0,0.0,0.0,0.0,0.0,0.0,0.0
1313,370,Magnolia',0,0,23,0,0,0,0,21.06224250793457,11.575267791748047,22.99464418918271,0.8139016661795868,911.6127909088135,20384.28169630406,0.0022357216881116536,49.99225673388254
1313,370,Malus',0,0,0,0,0,0,0,0.0,0.0,0.0,0.0,0.0,0.0,0.0,0.0
1313,370,Morus',0,0,0,0,0,0,0,0.0,0.0,0.0,0.0,0.0,0.0,0.0,0.0
1313,370,Nyssa',0,60,0,0,0,0,0,4.807559967041016,3.7821285724639893,11.384774017371708,0.05730718544562535,58.82714319884777,1052.7920676839735,0.00029461713110003567,4.997260027402634
1313,370,Olneya',0,0,0,0,0,0,0,0.0,0.0,0.0,0.0,0.0,0.0,0.0,0.0
1313,370,Ostrya',0,0,0,0,0,0,0,0.0,0.0,0.0,0.0,0.0,0.0,0.0,0.0
1313,370,Oxydendron',0,0,0,0,0,0,0,0.0,0.0,0.0,0.0,0.0,0.0,0.0,0.0
1313,370,Paulownia',0,40,11,0,0,0,0,11.84917163848877,5.789562225341797,34.177100489128236,0.16994567777680267,116.63464936822653,1913.708327002967,0.0007511864572092877,11.589400179302693
1313,370,Persea',0,21,0,0,0,0,0,2.9085426330566406,3.0762274265289307,5.50302877664566,0.014059064156025189,24.52704905986786,548.4414898533693,0.00013399274397268767,2.996168840146521
1313,370,Picea',0,0,0,0,0,0,0,0.0,0.0,0.0,0.0,0.0,0.0,0.0,0.0
1313,370,Pinus',0,786,2332,1315,148,21,15,125.76300811767578,32.405269622802734,1786.919848305583,250.48622288807448,403072.1632400686,875479.7691871453,0.9215269852421853,1961.4200966442222
1313,370,Planera',0,0,0,0,0,0,0,0.0,0.0,0.0,0.0,0.0,0.0,0.0,0.0
1313,370,Platanus',0,30,0,0,0,0,0,7.065049171447754,3.3552753925323486,15.920834692218634,0.11792288368997866,108.06427541732788,2416.3906577240477,0.00046933210545778696,10.494584918267096
1313,370,Populus',0,66,79,0,0,0,0,25.938472747802734,10.059114456176758,49.92500087599965,2.3654367597077264,1785.6271208006144,26307.31981974906,0.00468675834832715,62.618107214532145
1313,370,Prosopis',0,0,0,0,0,0,0,0.0,0.0,0.0,0.0,0.0,0.0,0.0,0.0
1313,370,Prunus',0,0,1,0,0,0,0,25.027217864990234,11.782634735107422,12.424415878102748,0.09445310918681724,139.54574157714845,3120.3376413712704,0.0004889580059051513,10.933433393466828
1313,370,Pseudotsuga',0,0,0,0,0,0,0,0.0,0.0,0.0,0.0,0.0,0.0,0.0,0.0
1313,370,Quercus',0,0,0,48,10,0,0,49.348873138427734,19.820049285888672,38.856718083725696,7.343323320022476,13863.460108792782,190821.45861503528,0.0313670526723263,430.54661834920034
1313,370,Robinia',0,0,0,0,0,0,0,0.0,0.0,0.0,0.0,0.0,0.0,0.0,0.0
1313,370,Salix',0,95,3,0,0,0,0,12.028939247131348,7.960258960723877,6.9547295101175575,0.08113921876841435,71.0790869639814,790.8961778843467,0.0002580707287144612,2.702766715581271
1313,370,Sassafras',0,0,0,0,0,0,0,0.0,0.0,0.0,0.0,0.0,0.0,0.0,0.0
1313,370,Sequoia',0,0,0,0,0,0,0,0.0,0.0,0.0,0.0,0.0,0.0,0.0,0.0
1313,370,Sequoiadendron',0,0,0,0,0,0,0,0.0,0.0,0.0,0.0,0.0,0.0,0.0,0.0
1313,370,Sorbus',0,0,0,0,0,0,0,0.0,0.0,0.0,0.0,0.0,0.0,0.0,0.0
1313,370,Taxodium',0,76,0,37,0,0,0,28.121715545654297,10.079850196838379,12.062370537579813,2.3629952665899565,2161.12636028409,47669.42317452996,0.004976147599235095,109.36457748238647
1313,370,Taxus',0,0,0,0,0,0,0,0.0,0.0,0.0,0.0,0.0,0.0,0.0,0.0
1313,370,Thuja',0,0,0,0,0,0,0,0.0,0.0,0.0,0.0,0.0,0.0,0.0,0.0
1313,370,Tilia',0,0,0,0,0,0,0,0.0,0.0,0.0,0.0,0.0,0.0,0.0,0.0
1313,370,Torreya',0,21,61,0,0,0,0,20.0632266998291,10.968448638916016,26.078059623241423,1.761908201677021,2019.1170875430107,32599.591430904293,0.004863610065117475,78.05560862927011
1313,370,Tsuga',0,0,0,0,0,0,0,0.0,0.0,0.0,0.0,0.0,0.0,0.0,0.0
1313,370,Ulmus',0,0,0,0,0,0,0,0.0,0.0,0.0,0.0,0.0,0.0,0.0,0.0
1313,370,Umbellularia',0,0,0,0,0,0,0,0.0,0.0,0.0,0.0,0.0,0.0,0.0,0.0
1313,380,Abies',0,0,0,0,0,0,0,0.0,0.0,0.0,0.0,0.0,0.0,0.0,0.0
1313,380,Acer',0,481,355,0,0,0,0,26.110620498657227,15.768202781677246,339.1448255477449,7.756329421839757,9638.935185012222,70432.66147340876,0.026302033728725718,168.94584276963303
1313,380,Aesculus',0,0,0,0,0,0,0,0.0,0.0,0.0,0.0,0.0,0.0,0.0,0.0
1313,380,Ailanthus',0,0,0,0,0,0,0,0.0,0.0,0.0,0.0,0.0,0.0,0.0,0.0
1313,380,Alnus',0,0,0,0,0,0,0,0.0,0.0,0.0,0.0,0.0,0.0,0.0,0.0
1313,380,Amelanchier',0,0,0,0,0,0,0,0.0,0.0,0.0,0.0,0.0,0.0,0.0,0.0
1313,380,Arbutus',0,0,0,0,0,0,0,0.0,0.0,0.0,0.0,0.0,0.0,0.0,0.0
1313,380,Asimina',0,0,0,0,0,0,0,0.0,0.0,0.0,0.0,0.0,0.0,0.0,0.0
1313,380,Betula',0,0,0,0,0,0,0,0.0,0.0,0.0,0.0,0.0,0.0,0.0,0.0
1313,380,Calocedrus',0,0,0,0,0,0,0,0.0,0.0,0.0,0.0,0.0,0.0,0.0,0.0
1313,380,Carpinus',0,0,0,0,0,0,0,0.0,0.0,0.0,0.0,0.0,0.0,0.0,0.0
1313,380,Carya',0,85,26,0,0,0,0,13.039361953735352,9.160490036010742,54.19284906002539,0.5751145920908631,803.6786954081059,11398.620576542546,0.002566088843606424,33.796708768805885
1313,380,Castanea',0,0,0,0,0,0,0,0.0,0.0,0.0,0.0,0.0,0.0,0.0,0.0
1313,380,Catalpa',0,0,0,0,0,0,0,0.0,0.0,0.0,0.0,0.0,0.0,0.0,0.0
1313,380,Celtis',0,66,66,0,0,0,0,25.209604263305664,13.49743938446045,76.85384074721154,2.390837789849806,2956.13828234911,39918.06922959704,0.007675549976933736,95.74503396682732
1313,380,Cercis',0,0,0,0,0,0,0,0.0,0.0,0.0,0.0,0.0,0.0,0.0,0.0
1313,380,Cercocarpus',0,0,0,0,0,0,0,0.0,0.0,0.0,0.0,0.0,0.0,0.0,0.0
1313,380,Chamaecyparis',0,0,0,0,0,0,0,0.0,0.0,0.0,0.0,0.0,0.0,0.0,0.0
1313,380,Chilopsis',0,0,0,0,0,0,0,0.0,0.0,0.0,0.0,0.0,0.0,0.0,0.0
1313,380,Chrysolepis',0,0,0,0,0,0,0,0.0,0.0,0.0,0.0,0.0,0.0,0.0,0.0
1313,380,Cladrastis',0,0,0,0,0,0,0,0.0,0.0,0.0,0.0,0.0,0.0,0.0,0.0
1313,380,Comus',0,0,0,0,0,0,0,0.0,0.0,0.0,0.0,0.0,0.0,0.0,0.0
1313,380,Cornus',0,0,0,0,0,0,0,0.0,0.0,0.0,0.0,0.0,0.0,0.0,0.0
1313,380,Crataegus',0,0,0,0,0,0,0,0.0,0.0,0.0,0.0,0.0,0.0,0.0,0.0
1313,380,Cupressus',0,0,0,0,0,0,0,0.0,0.0,0.0,0.0,0.0,0.0,0.0,0.0
1313,380,Diospyros',0,0,0,0,0,0,0,0.0,0.0,0.0,0.0,0.0,0.0,0.0,0.0
1313,380,Elaeagnus',0,0,0,0,0,0,0,0.0,0.0,0.0,0.0,0.0,0.0,0.0,0.0
1313,380,Fagus',0,0,0,0,0,0,0,0.0,0.0,0.0,0.0,0.0,0.0,0.0,0.0
1313,380,Fraxinus',0,559,827,65,0,0,0,45.14333724975586,16.036174774169922,443.5456075795183,24.754245572993526,30839.78844313994,155786.40411493793,0.07491794815017316,361.1579135223753
1313,380,Gleditsia',0,0,0,0,0,0,0,0.0,0.0,0.0,0.0,0.0,0.0,0.0,0.0
1313,380,Gordonia',0,0,44,0,0,0,0,9.204587936401367,7.757036209106445,31.993180179595946,0.26062090145896094,293.3594228553772,4634.3156645152385,0.001114033536811678,17.64905232974993
1313,380,Gymnocladus',0,0,0,0,0,0,0,0.0,0.0,0.0,0.0,0.0,0.0,0.0,0.0
1313,380,Halesia',0,0,28,0,0,0,0,18.010847091674805,6.664340972900391,20.658601990228966,0.7337542799286991,531.9118394851685,11893.910311257967,0.0014794183659553725,33.080800334378765
1313,380,Ilex',0,0,0,0,0,0,0,0.0,0.0,0.0,0.0,0.0,0.0,0.0,0.0
1313,380,Juglans',0,0,0,0,0,0,0,0.0,0.0,0.0,0.0,0.0,0.0,0.0,0.0
1313,380,Juniperus',0,0,0,0,0,0,0,0.0,0.0,0.0,0.0,0.0,0.0,0.0,0.0
1313,380,Larix',0,0,0,0,0,0,0,0.0,0.0,0.0,0.0,0.0,0.0,0.0,0.0
1313,380,Liquidambar',0,0,0,0,0,0,0,0.0,0.0,0.0,0.0,0.0,0.0,0.0,0.0
1313,380,Liriodendron',0,1586,1940,481,32,5,1,93.63109588623047,26.075477600097656,1821.4990462828425,108.14204149798277,111287.32533645176,286273.82077403687,0.27352665708086765,658.6444994824544
1313,380,Lithocarpus',0,0,0,0,0,0,0,0.0,0.0,0.0,0.0,0.0,0.0,0.0,0.0
1313,380,Maclura',0,0,0,0,0,0,0,0.0,0.0,0.0,0.0,0.0,0.0,0.0,0.0
1313,380,Magnolia',0,0,23,0,0,0,0,24.879308700561523,13.076067924499512,15.845404350304904,1.135636486701197,1359.0319286060333,30388.877759557326,0.0031647217411995276,70.76532943193635
1313,380,Malus',0,0,0,0,0,0,0,0.0,0.0,0.0,0.0,0.0,0.0,0.0,0.0
1313,380,Morus',0,0,0,0,0,0,0,0.0,0.0,0.0,0.0,0.0,0.0,0.0,0.0
1313,380,Nyssa',0,0,60,0,0,0,0,11.800909042358398,7.0146026611328125,26.28201037833962,0.5072615595778668,449.57581680178646,7149.694735167035,0.001377401499524723,21.7674059921201
1313,380,Olneya',0,0,0,0,0,0,0,0.0,0.0,0.0,0.0,0.0,0.0,0.0,0.0
1313,380,Ostrya',0,0,0,0,0,0,0,0.0,0.0,0.0,0.0,0.0,0.0,0.0,0.0
1313,380,Oxydendron',0,0,0,0,0,0,0,0.0,0.0,0.0,0.0,0.0,0.0,0.0,0.0
1313,380,Paulownia',0,97,0,0,0,0,0,3.7557339668273926,2.8505423069000244,27.394593114717093,0.06357275731101586,64.44530817866325,955.4119463298607,0.0005375721827652376,8.582177821209568
1313,380,Persea',0,0,21,0,0,0,0,12.352420806884766,7.81181001663208,13.44857269525528,0.25357690757520174,290.9882822442055,6506.6957975393825,0.0008408977939685163,18.803046294432185
1313,380,Picea',0,0,0,0,0,0,0,0.0,0.0,0.0,0.0,0.0,0.0,0.0,0.0
1313,380,Pinus',0,810,2357,1187,147,39,8,131.2278594970703,32.715576171875,1823.6365613383055,254.82322166787074,410724.5097590047,886370.7440598425,0.9390625519808082,1986.212698206343
1313,380,Planera',0,0,0,0,0,0,0,0.0,0.0,0.0,0.0,0.0,0.0,0.0,0.0
1313,380,Platanus',0,16,0,0,0,0,0,1.519436240196228,1.7528114318847656,0.0,0.0029011810040843514,8.358513832092285,186.90205119430632,1.857447624206543e-05,0.4153379152371315
1313,380,Populus',0,199,82,25,0,0,0,29.24498176574707,11.001078605651855,110.40421004395317,3.4035218937325284,2768.895874812901,37343.273597633626,0.007742432125868819,89.22057149716505
1313,380,Prosopis',0,0,0,0,0,0,0,0.0,0.0,0.0,0.0,0.0,0.0,0.0,0.0
1313,380,Prunus',0,0,0,1,0,0,0,35.420433044433594,15.128791809082031,11.672046516515032,0.18919029006808258,276.5872119140625,6184.678075469937,0.0007826638412475585,17.50089552560624
1313,380,Pseudotsuga',0,0,0,0,0,0,0,0.0,0.0,0.0,0.0,0.0,0.0,0.0,0.0
1313,380,Quercus',0,28,0,0,10,0,0,53.16702651977539,20.739212036132812,14.549298588233656,2.419671501393529,4207.482761825323,93904.6284037769,0.009559406291380478,213.36026745079792
1313,380,Robinia',0,0,0,0,0,0,0,0.0,0.0,0.0,0.0,0.0,0.0,0.0,0.0
1313,380,Salix',0,67,3,0,0,0,0,15.250957489013672,9.46522045135498,29.719820067380798,0.19476960753404962,173.6962783023715,2185.396449057044,0.0008138250662554076,10.137063300392171
1313,380,Sassafras',0,0,0,0,0,0,0,0.0,0.0,0.0,0.0,0.0,0.0,0.0,0.0
1313,380,Sequoia',0,0,0,0,0,0,0,0.0,0.0,0.0,0.0,0.0,0.0,0.0,0.0
1313,380,Sequoiadendron',0,0,0,0,0,0,0,0.0,0.0,0.0,0.0,0.0,0.0,0.0,0.0
1313,380,Sorbus',0,0,0,0,0,0,0,0.0,0.0,0.0,0.0,0.0,0.0,0.0,0.0
1313,380,Taxodium',0,0,43,0,0,0,0,16.499773025512695,6.935299396514893,35.29470552372026,0.4281926927625888,345.2055030059814,5605.622788064125,0.0012752102325558708,20.823959635444428
1313,380,Taxus',0,0,0,0,0,0,0,0.0,0.0,0.0,0.0,0.0,0.0,0.0,0.0
1313,380,Thuja',0,0,0,0,0,0,0,0.0,0.0,0.0,0.0,0.0,0.0,0.0,0.0
1313,380,Tilia',0,0,0,0,0,0,0,0.0,0.0,0.0,0.0,0.0,0.0,0.0,0.0
1313,380,Torreya',0,0,82,0,0,0,0,23.472978591918945,11.92974853515625,38.733374519348146,2.744226218716275,3304.9958073806765,49536.143913533015,0.007903917251348555,115.73846285194534
1313,380,Tsuga',0,0,0,0,0,0,0,0.0,0.0,0.0,0.0,0.0,0.0,0.0,0.0
1313,380,Ulmus',0,0,0,0,0,0,0,0.0,0.0,0.0,0.0,0.0,0.0,0.0,0.0
1313,380,Umbellularia',0,0,0,0,0,0,0,0.0,0.0,0.0,0.0,0.0,0.0,0.0,0.0
1313,390,Abies',0,0,0,0,0,0,0,0.0,0.0,0.0,0.0,0.0,0.0,0.0,0.0
1313,390,Acer',0,396,380,29,0,0,0,28.864551544189453,16.881044387817383,286.16355639045366,9.12374650514635,11757.006212129296,94475.77728583071,0.030246163205486738,219.8068891394118
1313,390,Aesculus',0,0,0,0,0,0,0,0.0,0.0,0.0,0.0,0.0,0.0,0.0,0.0
1313,390,Ailanthus',0,0,0,0,0,0,0,0.0,0.0,0.0,0.0,0.0,0.0,0.0,0.0
1313,390,Alnus',0,0,0,0,0,0,0,0.0,0.0,0.0,0.0,0.0,0.0,0.0,0.0
1313,390,Amelanchier',0,0,0,0,0,0,0,0.0,0.0,0.0,0.0,0.0,0.0,0.0,0.0
1313,390,Arbutus',0,0,0,0,0,0,0,0.0,0.0,0.0,0.0,0.0,0.0,0.0,0.0
1313,390,Asimina',0,0,0,0,0,0,0,0.0,0.0,0.0,0.0,0.0,0.0,0.0,0.0
1313,390,Betula',0,0,0,0,0,0,0,0.0,0.0,0.0,0.0,0.0,0.0,0.0,0.0
1313,390,Calocedrus',0,0,0,0,0,0,0,0.0,0.0,0.0,0.0,0.0,0.0,0.0,0.0
1313,390,Carpinus',0,0,0,0,0,0,0,0.0,0.0,0.0,0.0,0.0,0.0,0.0,0.0
1313,390,Carya',0,35,75,0,0,0,0,17.60947608947754,11.214502334594727,39.94109753000585,1.0996117592081904,1550.6147534787656,22491.168361248605,0.004020784754583605,55.51894240763883
1313,390,Castanea',0,0,0,0,0,0,0,0.0,0.0,0.0,0.0,0.0,0.0,0.0,0.0
1313,390,Catalpa',0,22,5,0,0,0,0,10.716740608215332,4.829599380493164,14.309560494332372,0.05777322121755607,58.3717802464962,1077.3005091763973,0.0003357091390723351,5.968331785029476
1313,390,Celtis',0,47,64,0,0,0,0,24.42315101623535,13.21007251739502,42.923662540844724,1.7880981992359357,2160.831279563308,38344.77545514217,0.005419757289148871,87.59771002742136
1313,390,Cercis',0,0,0,0,0,0,0,0.0,0.0,0.0,0.0,0.0,0.0,0.0,0.0
1313,390,Cercocarpus',0,0,0,0,0,0,0,0.0,0.0,0.0,0.0,0.0,0.0,0.0,0.0
1313,390,Chamaecyparis',0,0,0,0,0,0,0,0.0,0.0,0.0,0.0,0.0,0.0,0.0,0.0
1313,390,Chilopsis',0,0,0,0,0,0,0,0.0,0.0,0.0,0.0,0.0,0.0,0.0,0.0
1313,390,Chrysolepis',0,0,0,0,0,0,0,0.0,0.0,0.0,0.0,0.0,0.0,0.0,0.0
1313,390,Cladrastis',0,0,0,0,0,0,0,0.0,0.0,0.0,0.0,0.0,0.0,0.0,0.0
1313,390,Comus',0,0,0,0,0,0,0,0.0,0.0,0.0,0.0,0.0,0.0,0.0,0.0
1313,390,Cornus',0,0,0,0,0,0,0,0.0,0.0,0.0,0.0,0.0,0.0,0.0,0.0
1313,390,Crataegus',0,0,0,0,0,0,0,0.0,0.0,0.0,0.0,0.0,0.0,0.0,0.0
1313,390,Cupressus',0,0,0,0,0,0,0,0.0,0.0,0.0,0.0,0.0,0.0,0.0,0.0
1313,390,Diospyros',0,0,0,0,0,0,0,0.0,0.0,0.0,0.0,0.0,0.0,0.0,0.0
1313,390,Elaeagnus',0,0,0,0,0,0,0,0.0,0.0,0.0,0.0,0.0,0.0,0.0,0.0
1313,390,Fagus',0,0,0,0,0,0,0,0.0,0.0,0.0,0.0,0.0,0.0,0.0,0.0
1313,390,Fraxinus',0,599,710,60,5,0,0,54.13576126098633,17.11085319519043,455.0075909240713,26.08503023781707,34245.91318915904,180741.5689829616,0.08265211632689659,414.95172891433526
1313,390,Gleditsia',0,17,0,0,0,0,0,1.4622619152069092,2.206597089767456,1.7307105698162994,0.0030093882743202917,6.89231348991394,154.11681485686398,4.023079186677932e-05,0.8995878540276452
1313,390,Gordonia',0,0,44,0,0,0,0,18.32646942138672,12.065834999084473,29.531882190704344,1.0552532591237131,1192.1371318244935,18834.018057338937,0.0030757652541001683,48.58355835100063
1313,390,Gymnocladus',0,0,0,0,0,0,0,0.0,0.0,0.0,0.0,0.0,0.0,0.0,0.0
1313,390,Halesia',0,0,0,0,0,0,0,0.0,0.0,0.0,0.0,0.0,0.0,0.0,0.0
1313,390,Ilex',0,0,0,0,0,0,0,0.0,0.0,0.0,0.0,0.0,0.0,0.0,0.0
1313,390,Juglans',0,0,0,0,0,0,0,0.0,0.0,0.0,0.0,0.0,0.0,0.0,0.0
1313,390,Juniperus',0,0,0,0,0,0,0,0.0,0.0,0.0,0.0,0.0,0.0,0.0,0.0
1313,390,Larix',0,0,0,0,0,0,0,0.0,0.0,0.0,0.0,0.0,0.0,0.0,0.0
1313,390,Liquidambar',0,0,0,0,0,0,0,0.0,0.0,0.0,0.0,0.0,0.0,0.0,0.0
1313,390,Liriodendron',0,1820,1882,526,30,8,1,104.9423599243164,27.438257217407227,1842.951814991575,111.67640914005845,117514.1744193408,305370.9294022335,0.28767292574607006,699.3820701351683
1313,390,Lithocarpus',0,0,0,0,0,0,0,0.0,0.0,0.0,0.0,0.0,0.0,0.0,0.0
1313,390,Maclura',0,13,0,0,0,0,0,3.3585309982299805,3.0486974716186523,1.327738840651663,0.01194203928957232,17.60459137648344,393.65063033923764,5.8234854422509434e-05,1.302170931485351
1313,390,Magnolia',0,0,0,0,0,0,0,0.0,0.0,0.0,0.0,0.0,0.0,0.0,0.0
1313,390,Malus',0,0,0,0,0,0,0,0.0,0.0,0.0,0.0,0.0,0.0,0.0,0.0
1313,390,Morus',0,0,0,0,0,0,0,0.0,0.0,0.0,0.0,0.0,0.0,0.0,0.0
1313,390,Nyssa',0,30,0,0,0,0,0,2.9530293941497803,2.767091751098633,8.756046424372284,0.021067439349383075,30.25338279545307,676.4862047995437,0.00019327789028920512,4.3218250123441475
1313,390,Olneya',0,0,0,0,0,0,0,0.0,0.0,0.0,0.0,0.0,0.0,0.0,0.0
1313,390,Ostrya',0,0,0,0,0,0,0,0.0,0.0,0.0,0.0,0.0,0.0,0.0,0.0
1313,390,Oxydendron',0,0,0,0,0,0,0,0.0,0.0,0.0,0.0,0.0,0.0,0.0,0.0
1313,390,Paulownia',0,0,0,0,0,0,0,0.0,0.0,0.0,0.0,0.0,0.0,0.0,0.0
1313,390,Persea',0,0,0,0,0,0,0,0.0,0.0,0.0,0.0,0.0,0.0,0.0,0.0
1313,390,Picea',0,0,0,0,0,0,0,0.0,0.0,0.0,0.0,0.0,0.0,0.0,0.0
1313,390,Pinus',0,585,2677,1253,128,37,11,136.8470001220703,33.00279998779297,1794.3664333102106,261.4327205010053,415010.5266171834,871033.1988772897,0.9481642407841923,1950.2393361561824
1313,390,Planera',0,0,0,0,0,0,0,0.0,0.0,0.0,0.0,0.0,0.0,0.0,0.0
1313,390,Platanus',0,16,0,0,0,0,0,4.978522777557373,2.761465072631836,14.258288129975524,0.0311466154492562,45.595367431640625,1019.5434103622853,0.00030657902061939434,6.855315305802758
1313,390,Populus',0,125,24,29,0,0,0,36.733612060546875,13.00778865814209,91.65634619331433,3.3833468823524644,2951.986197591126,44565.85950217118,0.007879413299479957,108.32167600489647
1313,390,Prosopis',0,0,0,0,0,0,0,0.0,0.0,0.0,0.0,0.0,0.0,0.0,0.0
1313,390,Prunus',0,0,0,1,0,0,0,46.173179626464844,18.0958251953125,13.301243359529517,0.32149237346705134,513.5807217407227,11484.014057456745,0.001332769203186035,29.801625366422094
1313,390,Pseudotsuga',0,0,0,0,0,0,0,0.0,0.0,0.0,0.0,0.0,0.0,0.0,0.0
1313,390,Quercus',0,51,28,0,10,0,0,56.761470794677734,21.55539894104004,46.99903214090986,3.1281478012962696,5353.164718478918,110517.86270225447,0.012572498174715856,250.29671146432565
1313,390,Robinia',0,0,0,0,0,0,0,0.0,0.0,0.0,0.0,0.0,0.0,0.0,0.0
1313,390,Salix',0,0,17,0,0,0,0,13.547272682189941,8.682721138000488,10.598927509935594,0.24907914393989247,191.0476139831543,4271.954518054737,0.000577127684354782,12.904967339143422
1313,390,Sassafras',0,0,0,0,0,0,0,0.0,0.0,0.0,0.0,0.0,0.0,0.0,0.0
1313,390,Sequoia',0,0,0,0,0,0,0,0.0,0.0,0.0,0.0,0.0,0.0,0.0,0.0
1313,390,Sequoiadendron',0,0,0,0,0,0,0,0.0,0.0,0.0,0.0,0.0,0.0,0.0,0.0
1313,390,Sorbus',0,0,0,0,0,0,0,0.0,0.0,0.0,0.0,0.0,0.0,0.0,0.0
1313,390,Taxodium',0,0,38,7,0,0,0,30.95345687866211,10.759153366088867,43.61520181728314,1.2679650907873121,1107.7697068405153,16297.799137001492,0.003089575502336032,43.93249930067285
1313,390,Taxus',0,0,0,0,0,0,0,0.0,0.0,0.0,0.0,0.0,0.0,0.0,0.0
1313,390,Thuja',0,0,0,0,0,0,0,0.0,0.0,0.0,0.0,0.0,0.0,0.0,0.0
1313,390,Tilia',0,0,0,0,0,0,0,0.0,0.0,0.0,0.0,0.0,0.0,0.0,0.0
1313,390,Torreya',0,0,82,0,0,0,0,26.430479049682617,12.656445503234863,33.866396284103395,3.9647455299802674,4948.88020731926,69175.16487338422,0.011486692550182375,159.2422218708844
1313,390,Tsuga',0,0,0,0,0,0,0,0.0,0.0,0.0,0.0,0.0,0.0,0.0,0.0
1313,390,Ulmus',0,24,0,0,0,0,0,4.1655049324035645,3.2900612354278564,13.565723541416698,0.033524344478241506,53.61086676120758,1198.7754241074522,0.00031442138727754657,7.030675955323767
1313,390,Umbellularia',0,0,0,0,0,0,0,0.0,0.0,0.0,0.0,0.0,0.0,0.0,0.0
1313,400,Abies',0,0,0,0,0,0,0,0.0,0.0,0.0,0.0,0.0,0.0,0.0,0.0
1313,400,Acer',0,399,282,29,0,0,0,31.308393478393555,17.816057205200195,284.59612473892633,8.18743756285493,10702.034088672697,94097.37243826092,0.027879218018460845,218.85274624717934
1313,400,Aesculus',0,0,0,0,0,0,0,0.0,0.0,0.0,0.0,0.0,0.0,0.0,0.0
1313,400,Ailanthus',0,0,0,0,0,0,0,0.0,0.0,0.0,0.0,0.0,0.0,0.0,0.0
1313,400,Alnus',0,0,0,0,0,0,0,0.0,0.0,0.0,0.0,0.0,0.0,0.0,0.0
1313,400,Amelanchier',0,0,0,0,0,0,0,0.0,0.0,0.0,0.0,0.0,0.0,0.0,0.0
1313,400,Arbutus',0,0,0,0,0,0,0,0.0,0.0,0.0,0.0,0.0,0.0,0.0,0.0
1313,400,Asimina',0,0,0,0,0,0,0,0.0,0.0,0.0,0.0,0.0,0.0,0.0,0.0
1313,400,Betula',0,0,0,0,0,0,0,0.0,0.0,0.0,0.0,0.0,0.0,0.0,0.0
1313,400,Calocedrus',0,0,0,0,0,0,0,0.0,0.0,0.0,0.0,0.0,0.0,0.0,0.0
1313,400,Carpinus',0,0,0,0,0,0,0,0.0,0.0,0.0,0.0,0.0,0.0,0.0,0.0
1313,400,Carya',0,50,48,0,0,0,0,18.32989501953125,11.729143142700195,34.47186316964747,0.9132432439013878,1396.3914944702387,20787.16266731,0.003599333769991973,52.84802467649948
1313,400,Castanea',0,0,0,0,0,0,0,0.0,0.0,0.0,0.0,0.0,0.0,0.0,0.0
1313,400,Catalpa',0,15,27,0,0,0,0,22.434886932373047,7.841118335723877,16.625094210045244,0.47814016519647956,333.90423235416415,5095.51963001671,0.0009813368487954102,14.245158061969791
1313,400,Celtis',0,59,2,0,0,0,0,17.813213348388672,10.588312149047852,18.924206714086893,0.1000121398110529,169.90605433940888,3007.2385733027654,0.0006499934849068523,11.396251579434661
1313,400,Cercis',0,0,0,0,0,0,0,0.0,0.0,0.0,0.0,0.0,0.0,0.0,0.0
1313,400,Cercocarpus',0,0,0,0,0,0,0,0.0,0.0,0.0,0.0,0.0,0.0,0.0,0.0
1313,400,Chamaecyparis',0,0,0,0,0,0,0,0.0,0.0,0.0,0.0,0.0,0.0,0.0,0.0
1313,400,Chilopsis',0,0,0,0,0,0,0,0.0,0.0,0.0,0.0,0.0,0.0,0.0,0.0
1313,400,Chrysolepis',0,0,0,0,0,0,0,0.0,0.0,0.0,0.0,0.0,0.0,0.0,0.0
1313,400,Cladrastis',0,0,0,0,0,0,0,0.0,0.0,0.0,0.0,0.0,0.0,0.0,0.0
1313,400,Comus',0,0,0,0,0,0,0,0.0,0.0,0.0,0.0,0.0,0.0,0.0,0.0
1313,400,Cornus',0,0,0,0,0,0,0,0.0,0.0,0.0,0.0,0.0,0.0,0.0,0.0
1313,400,Crataegus',0,0,0,0,0,0,0,0.0,0.0,0.0,0.0,0.0,0.0,0.0,0.0
1313,400,Cupressus',0,0,0,0,0,0,0,0.0,0.0,0.0,0.0,0.0,0.0,0.0,0.0
1313,400,Diospyros',0,0,0,0,0,0,0,0.0,0.0,0.0,0.0,0.0,0.0,0.0,0.0
1313,400,Elaeagnus',0,0,0,0,0,0,0,0.0,0.0,0.0,0.0,0.0,0.0,0.0,0.0
1313,400,Fagus',0,0,0,0,0,0,0,0.0,0.0,0.0,0.0,0.0,0.0,0.0,0.0
1313,400,Fraxinus',0,719,517,46,0,0,0,39.08418273925781,17.08330535888672,474.32054777688614,19.502441307043643,25986.10135369003,167443.784308407,0.06457500050292833,382.77229379987375
1313,400,Gleditsia',0,23,0,0,0,0,0,7.71876335144043,5.773166179656982,12.189824092614497,0.09381233450488947,114.90136458516122,2309.9009955560864,0.0004308156649731099,8.523105581311729
1313,400,Gordonia',0,0,44,0,0,0,0,25.77857780456543,14.522433280944824,26.31694158554077,2.0949459018407266,2615.9385980796815,41328.91762254458,0.006193330465793608,97.83226452696283
1313,400,Gymnocladus',0,0,0,0,0,0,0,0.0,0.0,0.0,0.0,0.0,0.0,0.0,0.0
1313,400,Halesia',0,0,0,0,0,0,0,0.0,0.0,0.0,0.0,0.0,0.0,0.0,0.0
1313,400,Ilex',0,0,0,0,0,0,0,0.0,0.0,0.0,0.0,0.0,0.0,0.0,0.0
1313,400,Juglans',0,0,0,0,0,0,0,0.0,0.0,0.0,0.0,0.0,0.0,0.0,0.0
1313,400,Juniperus',0,0,0,0,0,0,0,0.0,0.0,0.0,0.0,0.0,0.0,0.0,0.0
1313,400,Larix',0,0,0,0,0,0,0,0.0,0.0,0.0,0.0,0.0,0.0,0.0,0.0
1313,400,Liquidambar',0,0,0,0,0,0,0,0.0,0.0,0.0,0.0,0.0,0.0,0.0,0.0
1313,400,Liriodendron',0,1999,1949,459,35,3,0,80.27273559570312,24.16853141784668,1865.3046570520232,99.07633669653626,102618.81050053626,280394.7892606091,0.25489389867748247,643.2019663737476
1313,400,Lithocarpus',0,0,0,0,0,0,0,0.0,0.0,0.0,0.0,0.0,0.0,0.0,0.0
1313,400,Maclura',0,13,0,0,0,0,0,7.352077484130859,4.891322135925293,4.948834526953817,0.057226860973429355,77.672387637496,1736.8073873215496,0.00024384652370959664,5.452574030916725
1313,400,Magnolia',0,0,0,0,0,0,0,0.0,0.0,0.0,0.0,0.0,0.0,0.0,0.0
1313,400,Malus',0,0,0,0,0,0,0,0.0,0.0,0.0,0.0,0.0,0.0,0.0,0.0
1313,400,Morus',0,0,0,0,0,0,0,0.0,0.0,0.0,0.0,0.0,0.0,0.0,0.0
1313,400,Nyssa',0,0,0,0,0,0,0,0.0,0.0,0.0,0.0,0.0,0.0,0.0,0.0
1313,400,Olneya',0,0,0,0,0,0,0,0.0,0.0,0.0,0.0,0.0,0.0,0.0,0.0
1313,400,Ostrya',0,0,0,0,0,0,0,0.0,0.0,0.0,0.0,0.0,0.0,0.0,0.0
1313,400,Oxydendron',0,0,0,0,0,0,0,0.0,0.0,0.0,0.0,0.0,0.0,0.0,0.0
1313,400,Paulownia',0,50,0,0,0,0,0,5.424320220947266,3.4996695518493652,13.92038444693707,0.07117579108817872,46.60674527496099,854.8942069425061,0.0003039622087213219,5.246724337086137
1313,400,Persea',0,24,21,0,0,0,0,10.619222640991211,7.047919273376465,14.997355782985686,0.19896883765985782,235.62627722740174,4920.995952867404,0.0007402424368945283,15.770496850587177
1313,400,Picea',0,0,0,0,0,0,0,0.0,0.0,0.0,0.0,0.0,0.0,0.0,0.0
1313,400,Pinus',0,959,2408,1481,136,16,8,99.78841400146484,30.398523330688477,1841.776790792346,270.5719364733901,423024.9707675475,847630.3260949196,0.966658929365273,1898.292737173456
1313,400,Planera',0,29,0,0,0,0,0,3.20682430267334,3.067190408706665,10.050525793546361,0.024036605775087972,33.57023184299469,750.6532042136453,0.00021928342169523087,4.903326372492895
1313,400,Platanus',0,38,0,0,0,0,0,1.4089823961257935,1.720097541809082,5.5494774557367155,0.005993553612656877,22.4527676486969,502.05914745494107,0.00012978285011835394,2.90203275178305
1313,400,Populus',0,75,70,0,0,0,0,14.304947853088379,6.44832181930542,43.58119413256645,0.8839690887105762,602.9405486392975,8161.212232963148,0.001967243414927732,24.405853244081136
1313,400,Prosopis',0,0,0,0,0,0,0,0.0,0.0,0.0,0.0,0.0,0.0,0.0,0.0
1313,400,Prunus',0,26,0,0,0,0,0,5.788140296936035,4.075189113616943,12.067383963473233,0.06915018412915304,65.68063838839531,1468.6637224203273,0.0003196736733354589,7.148120641951459
1313,400,Pseudotsuga',0,0,0,0,0,0,0,0.0,0.0,0.0,0.0,0.0,0.0,0.0,0.0
1313,400,Quercus',0,0,70,0,10,0,0,60.293617248535156,22.313627243041992,37.81421008743817,4.167404073122421,6952.099915118218,129259.55644293972,0.01599346846142408,291.5264504353631
1313,400,Robinia',0,0,0,0,0,0,0,0.0,0.0,0.0,0.0,0.0,0.0,0.0,0.0
1313,400,Salix',0,63,57,0,0,0,0,22.073707580566406,12.32144546508789,45.93239986443821,0.9465208703075508,822.4003470611573,13896.273396306551,0.002488778640409939,36.35176080375444
1313,400,Sassafras',0,0,0,0,0,0,0,0.0,0.0,0.0,0.0,0.0,0.0,0.0,0.0
1313,400,Sequoia',0,0,0,0,0,0,0,0.0,0.0,0.0,0.0,0.0,0.0,0.0,0.0
1313,400,Sequoiadendron',0,0,0,0,0,0,0,0.0,0.0,0.0,0.0,0.0,0.0,0.0,0.0
1313,400,Sorbus',0,0,0,0,0,0,0,0.0,0.0,0.0,0.0,0.0,0.0,0.0,0.0
1313,400,Taxodium',0,0,36,9,0,0,0,41.97990036010742,13.122254371643066,49.253949077823485,2.3233431976568752,2271.6473953533173,31399.0023674853,0.005757143399238578,78.05853404661106
1313,400,Taxus',0,0,0,0,0,0,0,0.0,0.0,0.0,0.0,0.0,0.0,0.0,0.0
1313,400,Thuja',0,0,0,0,0,0,0,0.0,0.0,0.0,0.0,0.0,0.0,0.0,0.0
1313,400,Tilia',0,0,0,0,0,0,0,0.0,0.0,0.0,0.0,0.0,0.0,0.0,0.0
1313,400,Torreya',0,71,21,0,0,0,0,25.16850471496582,12.357656478881836,47.344896373748774,1.2999867706729527,1602.708755016327,29928.96666173815,0.004245445564498532,72.36083609456207
1313,400,Tsuga',0,0,0,0,0,0,0,0.0,0.0,0.0,0.0,0.0,0.0,0.0,0.0
1313,400,Ulmus',0,0,0,0,0,0,0,0.0,0.0,0.0,0.0,0.0,0.0,0.0,0.0
1313,400,Umbellularia',0,0,0,0,0,0,0,0.0,0.0,0.0,0.0,0.0,0.0,0.0,0.0
1313,410,Abies',0,0,0,0,0,0,0,0.0,0.0,0.0,0.0,0.0,0.0,0.0,0.0
1313,410,Acer',0,440,258,42,0,0,0,33.47455596923828,18.60561752319336,233.52419850664046,8.514728783761752,11719.587745635808,113314.21311479264,0.029405239167929663,259.6666140891769
1313,410,Aesculus',0,0,0,0,0,0,0,0.0,0.0,0.0,0.0,0.0,0.0,0.0,0.0
1313,410,Ailanthus',0,0,0,0,0,0,0,0.0,0.0,0.0,0.0,0.0,0.0,0.0,0.0
1313,410,Alnus',0,0,0,0,0,0,0,0.0,0.0,0.0,0.0,0.0,0.0,0.0,0.0
1313,410,Amelanchier',0,0,0,0,0,0,0,0.0,0.0,0.0,0.0,0.0,0.0,0.0,0.0
1313,410,Arbutus',0,0,0,0,0,0,0,0.0,0.0,0.0,0.0,0.0,0.0,0.0,0.0
1313,410,Asimina',0,0,0,0,0,0,0,0.0,0.0,0.0,0.0,0.0,0.0,0.0,0.0
1313,410,Betula',0,0,0,0,0,0,0,0.0,0.0,0.0,0.0,0.0,0.0,0.0,0.0
1313,410,Calocedrus',0,0,0,0,0,0,0,0.0,0.0,0.0,0.0,0.0,0.0,0.0,0.0
1313,410,Carpinus',0,0,0,0,0,0,0,0.0,0.0,0.0,0.0,0.0,0.0,0.0,0.0
1313,410,Carya',0,0,48,0,0,0,0,22.25804901123047,13.472270011901855,22.098832883035076,1.2817153895620856,2176.1184829509257,34439.65084163353,0.00515394412687421,81.65076309782066
1313,410,Castanea',0,0,0,0,0,0,0,0.0,0.0,0.0,0.0,0.0,0.0,0.0,0.0
1313,410,Catalpa',0,36,22,0,0,0,0,19.014484405517578,7.0413432121276855,32.10015762267233,0.6843655160045015,499.45912663578986,9648.594021935607,0.0015720087532829642,25.534517146156084
1313,410,Celtis',0,19,59,0,0,0,0,10.567028045654297,7.241516590118408,35.69316205816178,0.4303941059845574,430.3308029705286,6587.804310484109,0.0014701135459412062,21.959780589632413
1313,410,Cercis',0,0,0,0,0,0,0,0.0,0.0,0.0,0.0,0.0,0.0,0.0,0.0
1313,410,Cercocarpus',0,0,0,0,0,0,0,0.0,0.0,0.0,0.0,0.0,0.0,0.0,0.0
1313,410,Chamaecyparis',0,0,0,0,0,0,0,0.0,0.0,0.0,0.0,0.0,0.0,0.0,0.0
1313,410,Chilopsis',0,0,0,0,0,0,0,0.0,0.0,0.0,0.0,0.0,0.0,0.0,0.0
1313,410,Chrysolepis',0,0,0,0,0,0,0,0.0,0.0,0.0,0.0,0.0,0.0,0.0,0.0
1313,410,Cladrastis',0,0,0,0,0,0,0,0.0,0.0,0.0,0.0,0.0,0.0,0.0,0.0
1313,410,Comus',0,0,0,0,0,0,0,0.0,0.0,0.0,0.0,0.0,0.0,0.0,0.0
1313,410,Cornus',0,0,0,0,0,0,0,0.0,0.0,0.0,0.0,0.0,0.0,0.0,0.0
1313,410,Crataegus',0,0,0,0,0,0,0,0.0,0.0,0.0,0.0,0.0,0.0,0.0,0.0
1313,410,Cupressus',0,0,0,0,0,0,0,0.0,0.0,0.0,0.0,0.0,0.0,0.0,0.0
1313,410,Diospyros',0,0,0,0,0,0,0,0.0,0.0,0.0,0.0,0.0,0.0,0.0,0.0
1313,410,Elaeagnus',0,0,0,0,0,0,0,0.0,0.0,0.0,0.0,0.0,0.0,0.0,0.0
1313,410,Fagus',0,0,0,0,0,0,0,0.0,0.0,0.0,0.0,0.0,0.0,0.0,0.0
1313,410,Fraxinus',0,683,616,73,0,0,0,42.0023193359375,15.000187873840332,479.5538217149957,18.24461916629595,23061.541866049767,138136.52621012,0.05815131500762775,320.572181872039
1313,410,Gleditsia',0,0,0,0,0,0,0,0.0,0.0,0.0,0.0,0.0,0.0,0.0,0.0
1313,410,Gordonia',0,7,0,24,0,0,0,28.60841178894043,15.266962051391602,13.75332642197609,1.5877852517132114,2081.0476912128925,46403.37863166699,0.004823209715640822,107.07446730223852
1313,410,Gymnocladus',0,0,0,0,0,0,0,0.0,0.0,0.0,0.0,0.0,0.0,0.0,0.0
1313,410,Halesia',0,72,0,0,0,0,0,4.907366752624512,3.43672513961792,17.219218068485016,0.13213362412743923,106.2915817308426,1680.67559342495,0.0004840837360024441,7.656637924079326
1313,410,Ilex',0,0,0,0,0,0,0,0.0,0.0,0.0,0.0,0.0,0.0,0.0,0.0
1313,410,Juglans',0,0,0,0,0,0,0,0.0,0.0,0.0,0.0,0.0,0.0,0.0,0.0
1313,410,Juniperus',0,0,0,0,0,0,0,0.0,0.0,0.0,0.0,0.0,0.0,0.0,0.0
1313,410,Larix',0,0,0,0,0,0,0,0.0,0.0,0.0,0.0,0.0,0.0,0.0,0.0
1313,410,Liquidambar',0,0,0,0,0,0,0,0.0,0.0,0.0,0.0,0.0,0.0,0.0,0.0
1313,410,Liriodendron',0,1439,2017,310,37,0,0,69.28076171875,22.314943313598633,1732.842119698047,85.77489722949134,88385.2762132664,273721.79220435437,0.2213569502470918,626.6350423319712
1313,410,Lithocarpus',0,0,0,0,0,0,0,0.0,0.0,0.0,0.0,0.0,0.0,0.0,0.0
1313,410,Maclura',0,0,0,0,0,0,0,0.0,0.0,0.0,0.0,0.0,0.0,0.0,0.0
1313,410,Magnolia',0,0,1,0,0,0,0,8.666166305541992,5.975005626678467,4.723533293868922,0.0092017094853471,16.033335213661193,358.51627443787856,7.875024268031118e-05,1.7609089587778095
1313,410,Malus',0,0,0,0,0,0,0,0.0,0.0,0.0,0.0,0.0,0.0,0.0,0.0
1313,410,Morus',0,0,0,0,0,0,0,0.0,0.0,0.0,0.0,0.0,0.0,0.0,0.0
1313,410,Nyssa',0,0,0,0,0,0,0,0.0,0.0,0.0,0.0,0.0,0.0,0.0,0.0
1313,410,Olneya',0,0,0,0,0,0,0,0.0,0.0,0.0,0.0,0.0,0.0,0.0,0.0
1313,410,Ostrya',0,0,0,0,0,0,0,0.0,0.0,0.0,0.0,0.0,0.0,0.0,0.0
1313,410,Oxydendron',0,0,0,0,0,0,0,0.0,0.0,0.0,0.0,0.0,0.0,0.0,0.0
1313,410,Paulownia',0,46,0,0,0,0,0,4.807528018951416,3.26246976852417,0.2506648437886298,0.002999112909004761,6.246905137300492,91.90842191248626,1.749047087971121e-05,0.22907731811488202
1313,410,Persea',0,31,21,0,0,0,0,18.11760139465332,10.064367294311523,25.479611430764198,0.6121450632318967,762.3485652691126,15523.54233059844,0.0020621467190620885,40.73187707464629
1313,410,Picea',0,0,0,0,0,0,0,0.0,0.0,0.0,0.0,0.0,0.0,0.0,0.0
1313,410,Pinus',0,462,2311,1915,170,30,11,114.85736846923828,31.681013107299805,1774.3241567543148,313.08765028159723,496149.3589541057,928245.7518183811,1.1281832601132373,2077.8943143841107
1313,410,Planera',0,0,29,0,0,0,0,11.316646575927734,6.584825038909912,8.122373600549334,0.2993355610073057,246.79163204669953,5518.428655345375,0.000665351948618898,14.877721860738134
1313,410,Platanus',0,41,0,0,0,0,0,4.228087425231934,2.54522967338562,27.27821956329708,0.055866497046189977,87.1155954861641,1869.0238449152728,0.0005862753363549618,12.590336910574178
1313,410,Populus',0,156,55,0,0,0,0,19.22797393798828,8.034868240356445,76.09604892285563,1.7636326460371874,1313.3912275469304,17876.246659259727,0.004014091990888153,47.02975317040188
1313,410,Prosopis',0,0,0,0,0,0,0,0.0,0.0,0.0,0.0,0.0,0.0,0.0,0.0
1313,410,Prunus',0,9,0,0,0,0,0,1.1131346225738525,1.8520703315734863,0.0,0.0009653769736821296,2.1676103496551513,48.46924090561029,4.816912095993757e-06,0.10770942888282994
1313,410,Pseudotsuga',0,0,0,0,0,0,0,0.0,0.0,0.0,0.0,0.0,0.0,0.0,0.0
1313,410,Quercus',0,41,70,0,10,0,0,63.59205627441406,22.984561920166016,64.40658860946003,5.324584089873761,8949.345640347005,149716.2171673791,0.020808770914761087,336.9595845728037
1313,410,Robinia',0,0,0,0,0,0,0,0.0,0.0,0.0,0.0,0.0,0.0,0.0,0.0
1313,410,Salix',0,212,0,0,0,0,0,7.130346298217773,5.458211421966553,81.71346377534202,0.35062764717241485,315.0545872485638,3327.6443682119525,0.0018764320048727068,18.522079250382088
1313,410,Sassafras',0,0,0,0,0,0,0,0.0,0.0,0.0,0.0,0.0,0.0,0.0,0.0
1313,410,Sequoia',0,0,0,0,0,0,0,0.0,0.0,0.0,0.0,0.0,0.0,0.0,0.0
1313,410,Sequoiadendron',0,0,0,0,0,0,0,0.0,0.0,0.0,0.0,0.0,0.0,0.0,0.0
1313,410,Sorbus',0,0,0,0,0,0,0,0.0,0.0,0.0,0.0,0.0,0.0,0.0,0.0
1313,410,Taxodium',0,16,69,0,2,0,0,61.312889099121094,16.358909606933594,55.18193996405299,2.3155730891250137,2234.048518810272,32780.504085636996,0.00575892712880676,80.87055639840351
1313,410,Taxus',0,0,0,0,0,0,0,0.0,0.0,0.0,0.0,0.0,0.0,0.0,0.0
1313,410,Thuja',0,0,0,0,0,0,0,0.0,0.0,0.0,0.0,0.0,0.0,0.0,0.0
1313,410,Tilia',0,0,0,0,0,0,0,0.0,0.0,0.0,0.0,0.0,0.0,0.0,0.0
1313,410,Torreya',0,20,71,21,0,0,0,30.07198715209961,13.432838439941406,66.1706852531433,2.496768201534597,3069.185478420258,47363.517396436764,0.0077762108070254295,113.3774251009022
1313,410,Tsuga',0,0,0,0,0,0,0,0.0,0.0,0.0,0.0,0.0,0.0,0.0,0.0
1313,410,Ulmus',0,0,0,0,0,0,0,0.0,0.0,0.0,0.0,0.0,0.0,0.0,0.0
1313,410,Umbellularia',0,0,0,0,0,0,0,0.0,0.0,0.0,0.0,0.0,0.0,0.0,0.0
1313,420,Abies',0,0,0,0,0,0,0,0.0,0.0,0.0,0.0,0.0,0.0,0.0,0.0
1313,420,Acer',0,368,280,0,0,0,0,24.787343978881836,15.210126876831055,289.82921319011643,6.2449430237679,7763.453625267744,67521.00272270897,0.02142437128594281,161.79084120941735
1313,420,Aesculus',0,0,0,0,0,0,0,0.0,0.0,0.0,0.0,0.0,0.0,0.0,0.0
1313,420,Ailanthus',0,0,0,0,0,0,0,0.0,0.0,0.0,0.0,0.0,0.0,0.0,0.0
1313,420,Alnus',0,0,0,0,0,0,0,0.0,0.0,0.0,0.0,0.0,0.0,0.0,0.0
1313,420,Amelanchier',0,0,0,0,0,0,0,0.0,0.0,0.0,0.0,0.0,0.0,0.0,0.0
1313,420,Arbutus',0,0,0,0,0,0,0,0.0,0.0,0.0,0.0,0.0,0.0,0.0,0.0
1313,420,Asimina',0,0,0,0,0,0,0,0.0,0.0,0.0,0.0,0.0,0.0,0.0,0.0
1313,420,Betula',0,0,0,0,0,0,0,0.0,0.0,0.0,0.0,0.0,0.0,0.0,0.0
1313,420,Calocedrus',0,0,0,0,0,0,0,0.0,0.0,0.0,0.0,0.0,0.0,0.0,0.0
1313,420,Carpinus',0,0,0,0,0,0,0,0.0,0.0,0.0,0.0,0.0,0.0,0.0,0.0
1313,420,Carya',0,0,48,0,0,0,0,25.28386878967285,14.782596588134766,22.26409452342534,1.7285777272098903,3149.801081994176,50039.76214722505,0.007320061995759606,116.2921191826965
1313,420,Castanea',0,0,0,0,0,0,0,0.0,0.0,0.0,0.0,0.0,0.0,0.0,0.0
1313,420,Catalpa',0,15,0,0,0,0,0,6.915012359619141,3.6721978187561035,9.111098896099042,0.05888732967339213,46.341741495132446,1036.2328417883937,0.00023414097663760293,5.235551400798676
1313,420,Celtis',0,59,59,0,0,0,0,16.11293601989746,9.850115776062012,45.290557348134016,1.1213711676844313,1190.0252580524982,17216.783857800565,0.00329648324338488,45.00222501075804
1313,420,Cercis',0,0,0,0,0,0,0,0.0,0.0,0.0,0.0,0.0,0.0,0.0,0.0
1313,420,Cercocarpus',0,0,0,0,0,0,0,0.0,0.0,0.0,0.0,0.0,0.0,0.0,0.0
1313,420,Chamaecyparis',0,0,0,0,0,0,0,0.0,0.0,0.0,0.0,0.0,0.0,0.0,0.0
1313,420,Chilopsis',0,0,0,0,0,0,0,0.0,0.0,0.0,0.0,0.0,0.0,0.0,0.0
1313,420,Chrysolepis',0,0,0,0,0,0,0,0.0,0.0,0.0,0.0,0.0,0.0,0.0,0.0
1313,420,Cladrastis',0,0,0,0,0,0,0,0.0,0.0,0.0,0.0,0.0,0.0,0.0,0.0
1313,420,Comus',0,0,0,0,0,0,0,0.0,0.0,0.0,0.0,0.0,0.0,0.0,0.0
1313,420,Cornus',0,0,0,0,0,0,0,0.0,0.0,0.0,0.0,0.0,0.0,0.0,0.0
1313,420,Crataegus',0,0,0,0,0,0,0,0.0,0.0,0.0,0.0,0.0,0.0,0.0,0.0
1313,420,Cupressus',0,0,0,0,0,0,0,0.0,0.0,0.0,0.0,0.0,0.0,0.0,0.0
1313,420,Diospyros',0,0,0,0,0,0,0,0.0,0.0,0.0,0.0,0.0,0.0,0.0,0.0
1313,420,Elaeagnus',0,0,0,0,0,0,0,0.0,0.0,0.0,0.0,0.0,0.0,0.0,0.0
1313,420,Fagus',0,0,0,0,0,0,0,0.0,0.0,0.0,0.0,0.0,0.0,0.0,0.0
1313,420,Fraxinus',0,840,585,122,0,0,0,44.74391555786133,15.527580261230469,569.6702070811268,21.69253788090653,28486.554786794113,163970.58188379058,0.07150417440296619,374.76715311092585
1313,420,Gleditsia',0,0,0,0,0,0,0,0.0,0.0,0.0,0.0,0.0,0.0,0.0,0.0
1313,420,Gordonia',0,0,0,24,0,0,0,32.99263000488281,16.25506019592285,14.053260765075683,2.106514525755357,2891.1482973861694,64648.04125988151,0.006627765610376951,148.20134443738158
1313,420,Gymnocladus',0,0,0,0,0,0,0,0.0,0.0,0.0,0.0,0.0,0.0,0.0,0.0
1313,420,Halesia',0,0,0,0,0,0,0,0.0,0.0,0.0,0.0,0.0,0.0,0.0,0.0
1313,420,Ilex',0,0,0,0,0,0,0,0.0,0.0,0.0,0.0,0.0,0.0,0.0,0.0
1313,420,Juglans',0,0,0,0,0,0,0,0.0,0.0,0.0,0.0,0.0,0.0,0.0,0.0
1313,420,Juniperus',0,0,0,0,0,0,0,0.0,0.0,0.0,0.0,0.0,0.0,0.0,0.0
1313,420,Larix',0,0,0,0,0,0,0,0.0,0.0,0.0,0.0,0.0,0.0,0.0,0.0
1313,420,Liquidambar',0,0,0,0,0,0,0,0.0,0.0,0.0,0.0,0.0,0.0,0.0,0.0
1313,420,Liriodendron',0,1716,1913,214,35,7,0,69.7757797241211,22.404565811157227,1648.5909028275855,76.93674035336528,77369.21161913723,251059.0144416077,0.19566396296302582,574.7837468997275
1313,420,Lithocarpus',0,0,0,0,0,0,0,0.0,0.0,0.0,0.0,0.0,0.0,0.0,0.0
1313,420,Maclura',0,21,0,0,0,0,0,0.8651418685913086,1.7691131830215454,0.0,0.00127915576609669,5.835519905090332,130.4861919183502,1.2967822551727294e-05,0.2899693274581696
1313,420,Magnolia',0,0,0,0,0,0,0,0.0,0.0,0.0,0.0,0.0,0.0,0.0,0.0
1313,420,Malus',0,0,0,0,0,0,0,0.0,0.0,0.0,0.0,0.0,0.0,0.0,0.0
1313,420,Morus',0,0,0,0,0,0,0,0.0,0.0,0.0,0.0,0.0,0.0,0.0,0.0
1313,420,Nyssa',0,0,0,0,0,0,0,0.0,0.0,0.0,0.0,0.0,0.0,0.0,0.0
1313,420,Olneya',0,0,0,0,0,0,0,0.0,0.0,0.0,0.0,0.0,0.0,0.0,0.0
1313,420,Ostrya',0,0,0,0,0,0,0,0.0,0.0,0.0,0.0,0.0,0.0,0.0,0.0
1313,420,Oxydendron',0,0,0,0,0,0,0,0.0,0.0,0.0,0.0,0.0,0.0,0.0,0.0
1313,420,Paulownia',0,90,0,0,0,0,0,7.098039627075195,4.127470970153809,15.208069020057025,0.15983064533401667,87.97430036902428,1514.868460672069,0.00041442705098259747,6.365142897045983
1313,420,Persea',0,6,45,0,0,0,0,23.017141342163086,11.67355728149414,21.311354547142983,1.073699561605906,1372.680647187829,26733.498604302928,0.0033582321009933682,64.87693512286265
1313,420,Picea',0,0,0,0,0,0,0,0.0,0.0,0.0,0.0,0.0,0.0,0.0,0.0
1313,420,Pinus',0,757,2274,1634,174,29,6,126.36161041259766,32.440853118896484,1772.7652276238798,302.0928118760592,478284.72209973424,908920.5587245594,1.0884615462832499,2037.8787576468164
1313,420,Planera',0,0,0,0,0,0,0,0.0,0.0,0.0,0.0,0.0,0.0,0.0,0.0
1313,420,Platanus',0,38,0,0,0,0,0,5.842850208282471,3.008763551712036,11.096079126000404,0.10306774290316074,95.07600831210614,2125.9641761520293,0.0003710142419785265,8.296130656845438
1313,420,Populus',0,180,0,0,0,0,0,6.797106742858887,3.850898027420044,51.13204113054501,0.22359652841999594,212.31275324374437,2080.6850713281697,0.0012078802527203268,11.548335071908207
1313,420,Prosopis',0,0,0,0,0,0,0,0.0,0.0,0.0,0.0,0.0,0.0,0.0,0.0
1313,420,Prunus',0,9,0,0,0,0,0,4.577662944793701,3.51404070854187,6.63357961026928,0.01632635283580684,22.1819407081604,496.0032729631647,0.00014478726583719192,3.2375416868829583
1313,420,Pseudotsuga',0,0,0,0,0,0,0,0.0,0.0,0.0,0.0,0.0,0.0,0.0,0.0
1313,420,Quercus',0,72,67,2,10,0,0,66.49720001220703,23.547283172607422,58.349348153871816,6.490728087707601,10947.03550117016,169699.18036116904,0.025166716028518898,380.2578591512483
1313,420,Robinia',0,0,0,0,0,0,0,0.0,0.0,0.0,0.0,0.0,0.0,0.0,0.0
1313,420,Salix',0,132,37,0,0,0,0,9.27175235748291,6.585140228271484,50.1809198994048,0.5570702768339834,404.7819310063124,4526.951273802829,0.0016218976466830367,16.185574314746066
1313,420,Sassafras',0,0,0,0,0,0,0,0.0,0.0,0.0,0.0,0.0,0.0,0.0,0.0
1313,420,Sequoia',0,0,0,0,0,0,0,0.0,0.0,0.0,0.0,0.0,0.0,0.0,0.0
1313,420,Sequoiadendron',0,0,0,0,0,0,0,0.0,0.0,0.0,0.0,0.0,0.0,0.0,0.0
1313,420,Sorbus',0,0,0,0,0,0,0,0.0,0.0,0.0,0.0,0.0,0.0,0.0,0.0
1313,420,Taxodium',0,36,49,0,0,2,0,77.56219482421875,18.386354446411133,55.27792625600778,1.7901979696725254,2072.978880223036,34708.5205070191,0.005402376146826892,83.50363966333445
1313,420,Taxus',0,0,0,0,0,0,0,0.0,0.0,0.0,0.0,0.0,0.0,0.0,0.0
1313,420,Thuja',0,0,0,0,0,0,0,0.0,0.0,0.0,0.0,0.0,0.0,0.0,0.0
1313,420,Tilia',0,0,0,0,0,0,0,0.0,0.0,0.0,0.0,0.0,0.0,0.0,0.0
1313,420,Torreya',0,85,110,0,0,0,0,17.619905471801758,10.1873197555542,96.70077892661094,2.3792372228350787,2717.2706467425824,32429.99199232379,0.0074351680228220245,81.79052982622152
1313,420,Tsuga',0,0,0,0,0,0,0,0.0,0.0,0.0,0.0,0.0,0.0,0.0,0.0
1313,420,Ulmus',0,0,0,0,0,0,0,2.880033493041992,2.8112151622772217,0.2630762397488461,0.0005993393402611792,0.9703672814369202,21.69807204434622,5.943500350229439e-06,0.13290070807406912
1313,420,Umbellularia',0,0,0,0,0,0,0,0.0,0.0,0.0,0.0,0.0,0.0,0.0,0.0
1313,430,Abies',0,0,0,0,0,0,0,0.0,0.0,0.0,0.0,0.0,0.0,0.0,0.0
1313,430,Acer',0,310,404,0,0,0,0,27.086454391479492,16.169918060302734,291.2861703586163,9.293184399881017,11466.273204980194,87233.85383947926,0.0296738338847237,204.9184139000154
1313,430,Aesculus',0,0,0,0,0,0,0,0.0,0.0,0.0,0.0,0.0,0.0,0.0,0.0
1313,430,Ailanthus',0,0,0,0,0,0,0,0.0,0.0,0.0,0.0,0.0,0.0,0.0,0.0
1313,430,Alnus',0,0,0,0,0,0,0,0.0,0.0,0.0,0.0,0.0,0.0,0.0,0.0
1313,430,Amelanchier',0,0,0,0,0,0,0,0.0,0.0,0.0,0.0,0.0,0.0,0.0,0.0
1313,430,Arbutus',0,0,0,0,0,0,0,0.0,0.0,0.0,0.0,0.0,0.0,0.0,0.0
1313,430,Asimina',0,0,0,0,0,0,0,0.0,0.0,0.0,0.0,0.0,0.0,0.0,0.0
1313,430,Betula',0,0,0,0,0,0,0,0.0,0.0,0.0,0.0,0.0,0.0,0.0,0.0
1313,430,Calocedrus',0,0,0,0,0,0,0,0.0,0.0,0.0,0.0,0.0,0.0,0.0,0.0
1313,430,Carpinus',0,0,0,0,0,0,0,0.0,0.0,0.0,0.0,0.0,0.0,0.0,0.0
1313,430,Carya',0,7,48,0,0,0,0,27.743127822875977,16.105003356933594,18.70799788379971,2.161611190684661,4141.786913524867,65940.0228779248,0.009473282367125236,150.40225554208573
1313,430,Castanea',0,0,0,0,0,0,0,0.0,0.0,0.0,0.0,0.0,0.0,0.0,0.0
1313,430,Catalpa',0,13,24,0,0,0,0,10.00096321105957,4.619071006774902,23.422006964683533,0.2515983412914282,177.68512877941131,3143.828914714876,0.0007320286263562801,12.381868338241784
1313,430,Celtis',0,12,61,0,0,0,0,20.50153923034668,11.700690269470215,23.26255437599707,1.0577985198503967,1189.6975294810534,22145.708389392115,0.00297864965002004,52.474724463219545
1313,430,Cercis',0,0,0,0,0,0,0,0.0,0.0,0.0,0.0,0.0,0.0,0.0,0.0
1313,430,Cercocarpus',0,0,0,0,0,0,0,0.0,0.0,0.0,0.0,0.0,0.0,0.0,0.0
1313,430,Chamaecyparis',0,0,0,0,0,0,0,0.0,0.0,0.0,0.0,0.0,0.0,0.0,0.0
1313,430,Chilopsis',0,0,0,0,0,0,0,0.0,0.0,0.0,0.0,0.0,0.0,0.0,0.0
1313,430,Chrysolepis',0,0,0,0,0,0,0,0.0,0.0,0.0,0.0,0.0,0.0,0.0,0.0
1313,430,Cladrastis',0,0,0,0,0,0,0,0.0,0.0,0.0,0.0,0.0,0.0,0.0,0.0
1313,430,Comus',0,0,0,0,0,0,0,0.0,0.0,0.0,0.0,0.0,0.0,0.0,0.0
1313,430,Cornus',0,0,0,0,0,0,0,0.0,0.0,0.0,0.0,0.0,0.0,0.0,0.0
1313,430,Crataegus',0,0,0,0,0,0,0,0.0,0.0,0.0,0.0,0.0,0.0,0.0,0.0
1313,430,Cupressus',0,0,0,0,0,0,0,0.0,0.0,0.0,0.0,0.0,0.0,0.0,0.0
1313,430,Diospyros',0,0,0,0,0,0,0,0.0,0.0,0.0,0.0,0.0,0.0,0.0,0.0
1313,430,Elaeagnus',0,0,0,0,0,0,0,0.0,0.0,0.0,0.0,0.0,0.0,0.0,0.0
1313,430,Fagus',0,0,0,0,0,0,0,0.0,0.0,0.0,0.0,0.0,0.0,0.0,0.0
1313,430,Fraxinus',0,655,738,68,0,0,0,46.77406311035156,16.18228530883789,485.3212321346885,21.551260389164323,27971.006323613823,157868.47080056896,0.06914425989301344,362.1425594269118
1313,430,Gleditsia',0,40,0,0,0,0,0,7.60423469543457,5.71218204498291,7.171951034401036,0.02743475413860028,45.65899816513062,899.414956922958,0.00020470865653641565,3.9593941945835716
1313,430,Gordonia',0,0,0,24,0,0,0,37.10688400268555,17.026845932006836,12.972833366394042,2.664646228391871,3781.415245475769,84555.01540037942,0.008590530791600515,192.0901081282386
1313,430,Gymnocladus',0,0,0,0,0,0,0,0.0,0.0,0.0,0.0,0.0,0.0,0.0,0.0
1313,430,Halesia',0,0,0,0,0,0,0,0.0,0.0,0.0,0.0,0.0,0.0,0.0,0.0
1313,430,Ilex',0,0,0,0,0,0,0,0.0,0.0,0.0,0.0,0.0,0.0,0.0,0.0
1313,430,Juglans',0,0,0,0,0,0,0,0.0,0.0,0.0,0.0,0.0,0.0,0.0,0.0
1313,430,Juniperus',0,0,0,0,0,0,0,0.0,0.0,0.0,0.0,0.0,0.0,0.0,0.0
1313,430,Larix',0,0,0,0,0,0,0,0.0,0.0,0.0,0.0,0.0,0.0,0.0,0.0
1313,430,Liquidambar',0,0,0,0,0,0,0,0.0,0.0,0.0,0.0,0.0,0.0,0.0,0.0
1313,430,Liriodendron',0,1359,2070,220,48,7,0,72.29069519042969,22.850610733032227,1692.5321175077856,82.09187827476909,82608.4418249771,256106.96739540918,0.20793925523763254,587.2796689787809
1313,430,Lithocarpus',0,0,0,0,0,0,0,0.0,0.0,0.0,0.0,0.0,0.0,0.0,0.0
1313,430,Maclura',0,73,0,0,0,0,0,7.325299263000488,4.879756450653076,19.983635582501375,0.12657793910624843,202.860376701355,3147.6594924459077,0.000738476361375298,11.263097604895243
1313,430,Magnolia',0,0,0,0,0,0,0,0.0,0.0,0.0,0.0,0.0,0.0,0.0,0.0
1313,430,Malus',0,0,0,0,0,0,0,0.0,0.0,0.0,0.0,0.0,0.0,0.0,0.0
1313,430,Morus',0,0,0,0,0,0,0,0.0,0.0,0.0,0.0,0.0,0.0,0.0,0.0
1313,430,Nyssa',0,0,0,0,0,0,0,0.0,0.0,0.0,0.0,0.0,0.0,0.0,0.0
1313,430,Olneya',0,0,0,0,0,0,0,0.0,0.0,0.0,0.0,0.0,0.0,0.0,0.0
1313,430,Ostrya',0,0,0,0,0,0,0,0.0,0.0,0.0,0.0,0.0,0.0,0.0,0.0
1313,430,Oxydendron',0,0,0,0,0,0,0,0.0,0.0,0.0,0.0,0.0,0.0,0.0,0.0
1313,430,Paulownia',0,148,0,0,0,0,0,6.825133323669434,4.026663780212402,43.116099509304455,0.1998938953017021,137.36336549416185,1637.5047627630124,0.00092593213402015,10.296241578385409
1313,430,Persea',0,18,34,0,0,0,0,23.38775634765625,11.785177230834961,45.96799011111259,0.68621406399661,910.6383158290387,12342.091557795495,0.0026876227619051945,34.37645463309947
1313,430,Picea',0,0,0,0,0,0,0,0.0,0.0,0.0,0.0,0.0,0.0,0.0,0.0
1313,430,Pinus',0,678,2216,1865,223,39,13,133.99725341796875,32.8609619140625,1848.6571471135317,329.5610312205215,531316.0959171461,987335.6645036882,1.2074052671519238,2209.6915435380483
1313,430,Planera',0,0,0,0,0,0,0,0.0,0.0,0.0,0.0,0.0,0.0,0.0,0.0
1313,430,Platanus',0,0,38,0,0,0,0,8.888059616088867,3.865283250808716,39.31174270714385,0.2384993381873465,226.03115443229674,5054.21026343367,0.0010682058468088507,23.885808874273238
1313,430,Populus',0,25,192,0,0,0,0,16.02128791809082,7.011572360992432,112.88900162553107,1.8570717644913848,1259.7391288515926,11272.72740725548,0.004424520204290509,37.98654164868188
1313,430,Prosopis',0,0,0,0,0,0,0,0.0,0.0,0.0,0.0,0.0,0.0,0.0,0.0
1313,430,Prunus',0,0,0,0,0,0,0,0.0,0.0,0.0,0.0,0.0,0.0,0.0,0.0
1313,430,Pseudotsuga',0,0,0,0,0,0,0,0.0,0.0,0.0,0.0,0.0,0.0,0.0,0.0
1313,430,Quercus',0,0,80,2,0,10,0,69.76858520507812,24.150848388671875,80.90536956922917,6.48282030127417,11488.367099268437,189402.47400350345,0.026694382605463272,427.0309029184974
1313,430,Robinia',0,0,0,0,0,0,0,0.0,0.0,0.0,0.0,0.0,0.0,0.0,0.0
1313,430,Salix',0,173,57,0,0,0,0,11.672102928161621,7.7869439125061035,54.16464801217559,0.7177288621592465,541.3417339155078,6958.818222244907,0.0019827118677841543,20.889358347506555
1313,430,Sassafras',0,0,0,0,0,0,0,0.0,0.0,0.0,0.0,0.0,0.0,0.0,0.0
1313,430,Sequoia',0,0,0,0,0,0,0,0.0,0.0,0.0,0.0,0.0,0.0,0.0,0.0
1313,430,Sequoiadendron',0,0,0,0,0,0,0,0.0,0.0,0.0,0.0,0.0,0.0,0.0,0.0
1313,430,Sorbus',0,0,0,0,0,0,0,0.0,0.0,0.0,0.0,0.0,0.0,0.0,0.0
1313,430,Taxodium',0,38,86,0,0,0,2,90.41307830810547,19.64695930480957,63.76289911332386,3.070493653872441,3410.4179009976983,50819.23873636979,0.008496608649380493,119.27682593721386
1313,430,Taxus',0,0,0,0,0,0,0,0.0,0.0,0.0,0.0,0.0,0.0,0.0,0.0
1313,430,Thuja',0,0,0,0,0,0,0,0.0,0.0,0.0,0.0,0.0,0.0,0.0,0.0
1313,430,Tilia',0,0,0,0,0,0,0,0.0,0.0,0.0,0.0,0.0,0.0,0.0,0.0
1313,430,Torreya',0,39,126,0,0,0,0,22.050884246826172,11.545924186706543,62.528307882547374,2.6717387984649235,3076.8541502773764,38738.96160425899,0.007740640280179093,91.94341586437018
1313,430,Tsuga',0,0,0,0,0,0,0,0.0,0.0,0.0,0.0,0.0,0.0,0.0,0.0
1313,430,Ulmus',0,0,0,0,0,0,0,0.0,0.0,0.0,0.0,0.0,0.0,0.0,0.0
1313,430,Umbellularia',0,0,0,0,0,0,0,0.0,0.0,0.0,0.0,0.0,0.0,0.0,0.0
1313,440,Abies',0,0,0,0,0,0,0,0.0,0.0,0.0,0.0,0.0,0.0,0.0,0.0
1313,440,Acer',0,293,288,0,0,0,0,21.78483009338379,13.884780883789062,214.21818265903596,6.2348349752604,7446.74017354548,62386.16165826669,0.019632101241904305,149.10729061558885
1313,440,Aesculus',0,0,0,0,0,0,0,0.0,0.0,0.0,0.0,0.0,0.0,0.0,0.0
1313,440,Ailanthus',0,0,0,0,0,0,0,0.0,0.0,0.0,0.0,0.0,0.0,0.0,0.0
1313,440,Alnus',0,0,0,0,0,0,0,0.0,0.0,0.0,0.0,0.0,0.0,0.0,0.0
1313,440,Amelanchier',0,0,0,0,0,0,0,0.0,0.0,0.0,0.0,0.0,0.0,0.0,0.0
1313,440,Arbutus',0,0,0,0,0,0,0,0.0,0.0,0.0,0.0,0.0,0.0,0.0,0.0
1313,440,Asimina',0,0,0,0,0,0,0,0.0,0.0,0.0,0.0,0.0,0.0,0.0,0.0
1313,440,Betula',0,0,0,0,0,0,0,0.0,0.0,0.0,0.0,0.0,0.0,0.0,0.0
1313,440,Calocedrus',0,0,0,0,0,0,0,0.0,0.0,0.0,0.0,0.0,0.0,0.0,0.0
1313,440,Carpinus',0,0,0,0,0,0,0,0.0,0.0,0.0,0.0,0.0,0.0,0.0,0.0
1313,440,Carya',0,18,0,15,0,0,0,30.546022415161133,16.695602416992188,23.328236952612666,1.19444402070498,2335.694385313988,50362.48601321552,0.005526254609599683,115.60672395368023
1313,440,Castanea',0,0,0,0,0,0,0,0.0,0.0,0.0,0.0,0.0,0.0,0.0,0.0
1313,440,Catalpa',0,0,0,0,0,0,0,0.0,0.0,0.0,0.0,0.0,0.0,0.0,0.0
1313,440,Celtis',0,0,49,0,0,0,0,13.892359733581543,8.84359073638916,15.596750292785558,0.6389609256198912,634.6169654637575,12492.019239497951,0.0016347838704139097,31.15074473463514
1313,440,Cercis',0,0,0,0,0,0,0,0.0,0.0,0.0,0.0,0.0,0.0,0.0,0.0
1313,440,Cercocarpus',0,0,0,0,0,0,0,0.0,0.0,0.0,0.0,0.0,0.0,0.0,0.0
1313,440,Chamaecyparis',0,0,0,0,0,0,0,0.0,0.0,0.0,0.0,0.0,0.0,0.0,0.0
1313,440,Chilopsis',0,0,0,0,0,0,0,0.0,0.0,0.0,0.0,0.0,0.0,0.0,0.0
1313,440,Chrysolepis',0,0,0,0,0,0,0,0.0,0.0,0.0,0.0,0.0,0.0,0.0,0.0
1313,440,Cladrastis',0,0,0,0,0,0,0,0.0,0.0,0.0,0.0,0.0,0.0,0.0,0.0
1313,440,Comus',0,0,0,0,0,0,0,0.0,0.0,0.0,0.0,0.0,0.0,0.0,0.0
1313,440,Cornus',0,0,0,0,0,0,0,0.0,0.0,0.0,0.0,0.0,0.0,0.0,0.0
1313,440,Crataegus',0,0,0,0,0,0,0,0.0,0.0,0.0,0.0,0.0,0.0,0.0,0.0
1313,440,Cupressus',0,0,0,0,0,0,0,0.0,0.0,0.0,0.0,0.0,0.0,0.0,0.0
1313,440,Diospyros',0,0,0,0,0,0,0,0.0,0.0,0.0,0.0,0.0,0.0,0.0,0.0
1313,440,Elaeagnus',0,0,0,0,0,0,0,0.0,0.0,0.0,0.0,0.0,0.0,0.0,0.0
1313,440,Fagus',0,0,0,0,0,0,0,0.0,0.0,0.0,0.0,0.0,0.0,0.0,0.0
1313,440,Fraxinus',0,695,836,9,0,0,0,31.658119201660156,13.023923873901367,543.2266437146765,18.017386570833754,21639.572671007365,111577.71837851443,0.05590798899539089,261.44456021893
1313,440,Gleditsia',0,0,5,0,0,0,0,15.934347152709961,9.770968437194824,11.780279376838779,0.11486320076547109,179.01024032592773,4002.7906603734655,0.0005673842124938978,12.687096684965283
1313,440,Gordonia',0,0,0,0,0,0,0,0.0,0.0,0.0,0.0,0.0,0.0,0.0,0.0
1313,440,Gymnocladus',0,0,0,0,0,0,0,0.0,0.0,0.0,0.0,0.0,0.0,0.0,0.0
1313,440,Halesia',0,0,0,0,0,0,0,0.0,0.0,0.0,0.0,0.0,0.0,0.0,0.0
1313,440,Ilex',0,26,0,0,0,0,0,2.726517677307129,2.7342276573181152,6.426884944438934,0.015343762859840824,26.12036558389664,584.0691304273932,0.0001508780404580781,3.373735547762264
1313,440,Juglans',0,0,0,0,0,0,0,0.0,0.0,0.0,0.0,0.0,0.0,0.0,0.0
1313,440,Juniperus',0,0,0,0,0,0,0,0.0,0.0,0.0,0.0,0.0,0.0,0.0,0.0
1313,440,Larix',0,0,0,0,0,0,0,0.0,0.0,0.0,0.0,0.0,0.0,0.0,0.0
1313,440,Liquidambar',0,24,0,0,0,0,0,4.76163387298584,4.691374778747559,16.68607423388505,0.04337896275866923,64.03343000292779,1431.8310231902074,0.0003825018198564692,8.553000707164445
1313,440,Liriodendron',0,1425,2091,295,41,9,0,74.58526611328125,23.244361877441406,1626.254132077852,91.67392412245745,92584.69006533861,276960.43579070637,0.2291545867167696,633.574585045949
1313,440,Lithocarpus',0,0,0,0,0,0,0,0.0,0.0,0.0,0.0,0.0,0.0,0.0,0.0
1313,440,Maclura',0,38,0,0,0,0,0,3.1265621185302734,2.9340367317199707,13.015064106711856,0.029481883727509556,64.0160997390747,1431.4435067097954,0.00032961707174778565,7.370461789724706
1313,440,Magnolia',0,39,0,0,0,0,0,6.2757978439331055,4.753244876861572,35.111499255216565,0.12274376375081684,135.9803060913086,3040.612080213892,0.0006227074401378533,13.92416166243114
1313,440,Malus',0,0,0,0,0,0,0,0.0,0.0,0.0,0.0,0.0,0.0,0.0,0.0
1313,440,Morus',0,0,0,0,0,0,0,0.0,0.0,0.0,0.0,0.0,0.0,0.0,0.0
1313,440,Nyssa',0,0,0,0,0,0,0,0.0,0.0,0.0,0.0,0.0,0.0,0.0,0.0
1313,440,Olneya',0,0,0,0,0,0,0,0.0,0.0,0.0,0.0,0.0,0.0,0.0,0.0
1313,440,Ostrya',0,0,0,0,0,0,0,0.0,0.0,0.0,0.0,0.0,0.0,0.0,0.0
1313,440,Oxydendron',0,0,0,0,0,0,0,0.0,0.0,0.0,0.0,0.0,0.0,0.0,0.0
1313,440,Paulownia',0,106,58,0,0,0,0,12.586548805236816,6.03241491317749,43.631218220991414,0.641543546393431,333.0547539699078,4239.853515516971,0.0013682173017882688,15.82451411424859
1313,440,Persea',0,27,18,9,0,0,0,35.61241149902344,14.805466651916504,61.39800915956497,1.371886487732438,2033.6754758572579,27562.77912616347,0.005406139025405045,69.79794231071406
1313,440,Picea',0,0,0,0,0,0,0,0.0,0.0,0.0,0.0,0.0,0.0,0.0,0.0
1313,440,Pinus',0,604,2021,1995,248,45,16,128.8397979736328,32.583927154541016,1706.3185653449593,353.12698302887605,578173.3616910921,1054329.979926657,1.3094765120912375,2359.447271315818
1313,440,Planera',0,0,0,0,0,0,0,0.0,0.0,0.0,0.0,0.0,0.0,0.0,0.0
1313,440,Platanus',0,15,38,0,0,0,0,11.632279396057129,4.617818355560303,36.98308299802526,0.420795520194335,354.8865175354481,7458.137294765078,0.0013210287512354377,26.466928092711782
1313,440,Populus',0,180,7,0,0,0,0,12.670392036437988,5.901581287384033,61.40913187019243,0.2526360096298777,241.34321057125928,2190.594106491284,0.0014203368060756488,11.970489208828477
1313,440,Prosopis',0,0,0,0,0,0,0,0.0,0.0,0.0,0.0,0.0,0.0,0.0,0.0
1313,440,Prunus',0,0,0,0,0,0,0,0.0,0.0,0.0,0.0,0.0,0.0,0.0,0.0
1313,440,Pseudotsuga',0,0,0,0,0,0,0,0.0,0.0,0.0,0.0,0.0,0.0,0.0,0.0
1313,440,Quercus',0,0,43,0,0,10,0,72.62962341308594,24.653785705566406,38.00301419217375,6.58118266472551,11880.11177108884,209155.89726673558,0.026947322159916187,468.50300289591934
1313,440,Robinia',0,0,0,0,0,0,0,0.0,0.0,0.0,0.0,0.0,0.0,0.0,0.0
1313,440,Salix',0,212,98,0,0,0,0,15.432793617248535,9.547021865844727,87.15687740947814,1.145071489938202,884.9536603452266,8069.640352977232,0.0032212353614424426,26.994907508996107
1313,440,Sassafras',0,0,0,0,0,0,0,0.0,0.0,0.0,0.0,0.0,0.0,0.0,0.0
1313,440,Sequoia',0,0,0,0,0,0,0,0.0,0.0,0.0,0.0,0.0,0.0,0.0,0.0
1313,440,Sequoiadendron',0,0,0,0,0,0,0,0.0,0.0,0.0,0.0,0.0,0.0,0.0,0.0
1313,440,Sorbus',0,0,0,0,0,0,0,0.0,0.0,0.0,0.0,0.0,0.0,0.0,0.0
1313,440,Taxodium',0,38,86,0,0,0,2,100.40492248535156,20.458568572998047,84.54276442150525,4.590709553709458,5021.612519652844,67317.51308149821,0.01237617898887016,156.6127887430998
1313,440,Taxus',0,0,0,0,0,0,0,0.0,0.0,0.0,0.0,0.0,0.0,0.0,0.0
1313,440,Thuja',0,0,0,0,0,0,0,0.0,0.0,0.0,0.0,0.0,0.0,0.0,0.0
1313,440,Tilia',0,0,0,0,0,0,0,0.0,0.0,0.0,0.0,0.0,0.0,0.0,0.0
1313,440,Torreya',0,92,106,0,0,0,0,27.367435455322266,12.868000984191895,46.183048856854434,3.418594091994921,4151.502680521012,55750.810498541716,0.009892649822573787,127.66014627919965
1313,440,Tsuga',0,0,0,0,0,0,0,0.0,0.0,0.0,0.0,0.0,0.0,0.0,0.0
1313,440,Ulmus',0,0,0,0,0,0,0,0.0,0.0,0.0,0.0,0.0,0.0,0.0,0.0
1313,440,Umbellularia',0,0,0,0,0,0,0,0.0,0.0,0.0,0.0,0.0,0.0,0.0,0.0
1313,450,Abies',0,0,0,0,0,0,0,0.0,0.0,0.0,0.0,0.0,0.0,0.0,0.0
1313,450,Acer',0,359,225,0,0,0,0,21.514686584472656,13.761384010314941,238.32435096460804,4.72945318105045,5758.943252575994,52444.17212989371,0.01622846315254189,126.0018024061756
1313,450,Aesculus',0,0,0,0,0,0,0,0.0,0.0,0.0,0.0,0.0,0.0,0.0,0.0
1313,450,Ailanthus',0,0,0,0,0,0,0,0.0,0.0,0.0,0.0,0.0,0.0,0.0,0.0
1313,450,Alnus',0,0,0,0,0,0,0,0.0,0.0,0.0,0.0,0.0,0.0,0.0,0.0
1313,450,Amelanchier',0,0,0,0,0,0,0,0.0,0.0,0.0,0.0,0.0,0.0,0.0,0.0
1313,450,Arbutus',0,0,0,0,0,0,0,0.0,0.0,0.0,0.0,0.0,0.0,0.0,0.0
1313,450,Asimina',0,0,0,0,0,0,0,0.0,0.0,0.0,0.0,0.0,0.0,0.0,0.0
1313,450,Betula',0,0,0,0,0,0,0,0.0,0.0,0.0,0.0,0.0,0.0,0.0,0.0
1313,450,Calocedrus',0,0,0,0,0,0,0,0.0,0.0,0.0,0.0,0.0,0.0,0.0,0.0
1313,450,Carpinus',0,0,0,0,0,0,0,0.0,0.0,0.0,0.0,0.0,0.0,0.0,0.0
1313,450,Carya',0,20,18,15,0,0,0,34.00691223144531,17.87871742248535,20.460866184174257,1.7133217523487108,3307.8802954733374,66303.02599215182,0.007645390711491902,151.8429043956348
1313,450,Castanea',0,0,0,0,0,0,0,0.0,0.0,0.0,0.0,0.0,0.0,0.0,0.0
1313,450,Catalpa',0,27,13,0,0,0,0,9.644388198852539,4.512940883636475,13.17303185221515,0.15429794921594858,109.31284659385682,1763.8526437071484,0.0004325505506694317,6.8893754016269515
1313,450,Celtis',0,0,49,0,0,0,0,17.840456008911133,10.599916458129883,10.455084965576098,1.0936344928232034,1180.6608671009542,22786.67816115998,0.0027741976487785937,53.28344097235246
1313,450,Cercis',0,0,0,0,0,0,0,0.0,0.0,0.0,0.0,0.0,0.0,0.0,0.0
1313,450,Cercocarpus',0,0,0,0,0,0,0,0.0,0.0,0.0,0.0,0.0,0.0,0.0,0.0
1313,450,Chamaecyparis',0,0,0,0,0,0,0,0.0,0.0,0.0,0.0,0.0,0.0,0.0,0.0
1313,450,Chilopsis',0,0,0,0,0,0,0,0.0,0.0,0.0,0.0,0.0,0.0,0.0,0.0
1313,450,Chrysolepis',0,0,0,0,0,0,0,0.0,0.0,0.0,0.0,0.0,0.0,0.0,0.0
1313,450,Cladrastis',0,0,0,0,0,0,0,0.0,0.0,0.0,0.0,0.0,0.0,0.0,0.0
1313,450,Comus',0,0,0,0,0,0,0,0.0,0.0,0.0,0.0,0.0,0.0,0.0,0.0
1313,450,Cornus',0,0,0,0,0,0,0,0.0,0.0,0.0,0.0,0.0,0.0,0.0,0.0
1313,450,Crataegus',0,0,0,0,0,0,0,0.0,0.0,0.0,0.0,0.0,0.0,0.0,0.0
1313,450,Cupressus',0,0,0,0,0,0,0,0.0,0.0,0.0,0.0,0.0,0.0,0.0,0.0
1313,450,Diospyros',0,0,0,0,0,0,0,0.0,0.0,0.0,0.0,0.0,0.0,0.0,0.0
1313,450,Elaeagnus',0,0,0,0,0,0,0,0.0,0.0,0.0,0.0,0.0,0.0,0.0,0.0
1313,450,Fagus',0,0,0,0,0,0,0,0.0,0.0,0.0,0.0,0.0,0.0,0.0,0.0
1313,450,Fraxinus',0,771,561,22,0,0,0,29.964632034301758,13.967649459838867,507.8645851887479,19.23882215519664,24168.078789434432,138362.4804332537,0.06101783472091906,321.03017750556177
1313,450,Gleditsia',0,0,0,0,0,0,0,0.0,0.0,0.0,0.0,0.0,0.0,0.0,0.0
1313,450,Gordonia',0,0,0,0,0,0,0,0.0,0.0,0.0,0.0,0.0,0.0,0.0,0.0
1313,450,Gymnocladus',0,0,0,0,0,0,0,0.0,0.0,0.0,0.0,0.0,0.0,0.0,0.0
1313,450,Halesia',0,0,0,0,0,0,0,0.0,0.0,0.0,0.0,0.0,0.0,0.0,0.0
1313,450,Ilex',0,28,0,0,0,0,0,5.460072994232178,4.0485148429870605,10.6415831887722,0.06752771196801137,73.47962908148766,1643.0544558767865,0.00031699981934949336,7.088331449206229
1313,450,Juglans',0,0,0,0,0,0,0,0.0,0.0,0.0,0.0,0.0,0.0,0.0,0.0
1313,450,Juniperus',0,0,0,0,0,0,0,0.0,0.0,0.0,0.0,0.0,0.0,0.0,0.0
1313,450,Larix',0,0,0,0,0,0,0,0.0,0.0,0.0,0.0,0.0,0.0,0.0,0.0
1313,450,Liquidambar',0,0,0,0,0,0,0,0.0,0.0,0.0,0.0,0.0,0.0,0.0,0.0
1313,450,Liriodendron',0,1249,1861,263,39,7,0,76.7256088256836,23.60063934326172,1489.802880992146,83.52346838558097,85966.02158290207,280559.62481195905,0.21248214249492078,639.879801445788
1313,450,Lithocarpus',0,0,0,0,0,0,0,0.0,0.0,0.0,0.0,0.0,0.0,0.0,0.0
1313,450,Maclura',0,40,38,0,0,0,0,9.26585578918457,5.692044734954834,11.967930612684805,0.26518889991666167,359.1809690952301,7649.715085802567,0.0009704649280756711,20.847670199034578
1313,450,Magnolia',0,38,39,0,0,0,0,11.838031768798828,7.521713733673096,14.249304668105477,0.43889671712901474,385.77682914808395,8463.265082015576,0.0009873621276127167,21.20697454064658
1313,450,Malus',0,0,0,0,0,0,0,0.0,0.0,0.0,0.0,0.0,0.0,0.0,0.0
1313,450,Morus',0,0,0,0,0,0,0,0.0,0.0,0.0,0.0,0.0,0.0,0.0,0.0
1313,450,Nyssa',0,0,0,0,0,0,0,0.0,0.0,0.0,0.0,0.0,0.0,0.0,0.0
1313,450,Olneya',0,0,0,0,0,0,0,0.0,0.0,0.0,0.0,0.0,0.0,0.0,0.0
1313,450,Ostrya',0,0,0,0,0,0,0,0.0,0.0,0.0,0.0,0.0,0.0,0.0,0.0
1313,450,Oxydendron',0,0,0,0,0,0,0,0.0,0.0,0.0,0.0,0.0,0.0,0.0,0.0
1313,450,Paulownia',0,81,103,0,0,0,0,15.671087265014648,7.006969928741455,63.45267649079802,1.540727252827388,777.3341291561723,10037.335387303228,0.0026408457514590167,29.959012936917738
1313,450,Persea',0,36,18,0,0,0,0,22.24736976623535,11.437382698059082,14.391239511966704,0.7925637451894864,1023.171632502079,21664.37969880917,0.002481588247716442,52.06716926536978
1313,450,Picea',0,0,0,0,0,0,0,0.0,0.0,0.0,0.0,0.0,0.0,0.0,0.0
1313,450,Pinus',0,911,1909,1917,234,30,18,134.74298095703125,32.89882278442383,1926.0634657615421,339.14564614205045,558313.1514717329,1054176.3855947156,1.2685168120701684,2361.205954115052
1313,450,Planera',0,0,0,0,0,0,0,0.0,0.0,0.0,0.0,0.0,0.0,0.0,0.0
1313,450,Platanus',0,22,38,0,0,0,0,13.032336235046387,4.994838714599609,57.68852708649031,0.5875026838600814,509.24623241066934,9917.515609010854,0.0019621166452057936,37.431348135545946
1313,450,Populus',0,188,97,0,0,0,0,15.988950729370117,7.001061916351318,109.07813858193686,1.379450253956978,1006.1033334881067,9732.783168416618,0.0038060256201608664,33.00476792192116
1313,450,Prosopis',0,0,0,0,0,0,0,0.0,0.0,0.0,0.0,0.0,0.0,0.0,0.0
1313,450,Prunus',0,0,0,0,0,0,0,0.0,0.0,0.0,0.0,0.0,0.0,0.0,0.0
1313,450,Pseudotsuga',0,0,0,0,0,0,0,0.0,0.0,0.0,0.0,0.0,0.0,0.0,0.0
1313,450,Quercus',0,0,39,4,0,10,0,75.41365814208984,25.12188720703125,53.032043334803994,7.430369292747544,13657.466571211815,231103.28125977874,0.03111335145688053,520.0082896285131
1313,450,Robinia',0,0,0,0,0,0,0,0.0,0.0,0.0,0.0,0.0,0.0,0.0,0.0
1313,450,Salix',0,289,77,0,0,0,0,11.987399101257324,7.940152645111084,60.030891712802116,0.7956805452288896,590.3007398623229,7586.234526647346,0.0021759574751050725,23.362999070869677
1313,450,Sassafras',0,0,0,0,0,0,0,0.0,0.0,0.0,0.0,0.0,0.0,0.0,0.0
1313,450,Sequoia',0,0,0,0,0,0,0,0.0,0.0,0.0,0.0,0.0,0.0,0.0,0.0
1313,450,Sequoiadendron',0,0,0,0,0,0,0,0.0,0.0,0.0,0.0,0.0,0.0,0.0,0.0
1313,450,Sorbus',0,0,0,0,0,0,0,0.0,0.0,0.0,0.0,0.0,0.0,0.0,0.0
1313,450,Taxodium',0,0,107,16,0,0,2,109.05242156982422,21.060941696166992,102.10665028306502,6.31096786228781,6912.218573846817,85930.46846152967,0.016830367923989918,200.75846399162796
1313,450,Taxus',0,0,0,0,0,0,0,0.0,0.0,0.0,0.0,0.0,0.0,0.0,0.0
1313,450,Thuja',0,0,0,0,0,0,0,0.0,0.0,0.0,0.0,0.0,0.0,0.0,0.0
1313,450,Tilia',0,0,0,0,0,0,0,0.0,0.0,0.0,0.0,0.0,0.0,0.0,0.0
1313,450,Torreya',0,67,112,0,0,0,0,27.131603240966797,12.81555461883545,64.49784518420697,3.451730351623982,4110.193849460483,58721.07838658143,0.010065399516904107,136.5242170702649
1313,450,Tsuga',0,0,0,0,0,0,0,0.0,0.0,0.0,0.0,0.0,0.0,0.0,0.0
1313,450,Ulmus',0,0,0,0,0,0,0,0.0,0.0,0.0,0.0,0.0,0.0,0.0,0.0
1313,450,Umbellularia',0,0,0,0,0,0,0,0.0,0.0,0.0,0.0,0.0,0.0,0.0,0.0
1313,460,Abies',0,0,0,0,0,0,0,0.0,0.0,0.0,0.0,0.0,0.0,0.0,0.0
1313,460,Acer',0,290,293,0,0,0,0,24.952795028686523,15.280755996704102,284.16062328257135,4.973291268434822,5985.055329654217,45473.41855282687,0.017390773046080003,114.69278783881958
1313,460,Aesculus',0,0,0,0,0,0,0,0.0,0.0,0.0,0.0,0.0,0.0,0.0,0.0
1313,460,Ailanthus',0,0,0,0,0,0,0,0.0,0.0,0.0,0.0,0.0,0.0,0.0,0.0
1313,460,Alnus',0,0,0,0,0,0,0,0.0,0.0,0.0,0.0,0.0,0.0,0.0,0.0
1313,460,Amelanchier',0,0,0,0,0,0,0,0.0,0.0,0.0,0.0,0.0,0.0,0.0,0.0
1313,460,Arbutus',0,0,0,0,0,0,0,0.0,0.0,0.0,0.0,0.0,0.0,0.0,0.0
1313,460,Asimina',0,0,0,0,0,0,0,0.0,0.0,0.0,0.0,0.0,0.0,0.0,0.0
1313,460,Betula',0,0,0,0,0,0,0,0.0,0.0,0.0,0.0,0.0,0.0,0.0,0.0
1313,460,Calocedrus',0,0,0,0,0,0,0,0.0,0.0,0.0,0.0,0.0,0.0,0.0,0.0
1313,460,Carpinus',0,0,0,0,0,0,0,0.0,0.0,0.0,0.0,0.0,0.0,0.0,0.0
1313,460,Carya',0,36,38,15,0,0,0,37.03510284423828,18.84327507019043,51.71887304020833,2.4437564299833894,4686.6316429317,83165.75538514262,0.011159259185344031,190.16369215084464
1313,460,Castanea',0,0,0,0,0,0,0,0.0,0.0,0.0,0.0,0.0,0.0,0.0,0.0
1313,460,Catalpa',0,31,0,0,0,0,0,3.6496407985687256,2.5972137451171875,15.493166691894771,0.03243036382456925,42.49979871511459,950.3243895705523,0.00031747673898935703,7.098995696551564
1313,460,Celtis',0,56,54,0,0,0,0,20.610456466674805,11.744389533996582,48.777776036081434,1.6491192651412223,1918.1035407477618,32674.213897800804,0.004964635245013226,76.76482850771245
1313,460,Cercis',0,0,0,0,0,0,0,0.0,0.0,0.0,0.0,0.0,0.0,0.0,0.0
1313,460,Cercocarpus',0,0,0,0,0,0,0,0.0,0.0,0.0,0.0,0.0,0.0,0.0,0.0
1313,460,Chamaecyparis',0,0,0,0,0,0,0,0.0,0.0,0.0,0.0,0.0,0.0,0.0,0.0
1313,460,Chilopsis',0,0,0,0,0,0,0,0.0,0.0,0.0,0.0,0.0,0.0,0.0,0.0
1313,460,Chrysolepis',0,0,0,0,0,0,0,0.0,0.0,0.0,0.0,0.0,0.0,0.0,0.0
1313,460,Cladrastis',0,0,0,0,0,0,0,0.0,0.0,0.0,0.0,0.0,0.0,0.0,0.0
1313,460,Comus',0,0,0,0,0,0,0,0.0,0.0,0.0,0.0,0.0,0.0,0.0,0.0
1313,460,Cornus',0,0,0,0,0,0,0,0.0,0.0,0.0,0.0,0.0,0.0,0.0,0.0
1313,460,Crataegus',0,0,0,0,0,0,0,0.0,0.0,0.0,0.0,0.0,0.0,0.0,0.0
1313,460,Cupressus',0,0,0,0,0,0,0,0.0,0.0,0.0,0.0,0.0,0.0,0.0,0.0
1313,460,Diospyros',0,0,0,0,0,0,0,0.0,0.0,0.0,0.0,0.0,0.0,0.0,0.0
1313,460,Elaeagnus',0,0,0,0,0,0,0,0.0,0.0,0.0,0.0,0.0,0.0,0.0,0.0
1313,460,Fagus',0,0,0,0,0,0,0,0.0,0.0,0.0,0.0,0.0,0.0,0.0,0.0
1313,460,Fraxinus',0,680,653,59,0,0,0,31.745933532714844,15.54338550567627,473.025946732186,19.284092991494177,23648.95637835145,138733.02406333736,0.05936270697013896,319.99374802099896
1313,460,Gleditsia',0,0,0,0,0,0,0,0.0,0.0,0.0,0.0,0.0,0.0,0.0,0.0
1313,460,Gordonia',0,0,0,0,0,0,0,0.0,0.0,0.0,0.0,0.0,0.0,0.0,0.0
1313,460,Gymnocladus',0,0,0,0,0,0,0,0.0,0.0,0.0,0.0,0.0,0.0,0.0,0.0
1313,460,Halesia',0,26,0,0,0,0,0,2.7405524253845215,2.578169345855713,7.0599742177166505,0.01564370543445545,21.164206602573394,473.24604653203994,0.00014866382239758793,3.3242241267596073
1313,460,Ilex',0,0,28,0,0,0,0,14.002477645874023,7.4697794914245605,20.22276295185089,0.4441144597667486,445.90760548114775,9970.79717539994,0.0012830123430093209,28.689028149400766
1313,460,Juglans',0,0,0,0,0,0,0,0.0,0.0,0.0,0.0,0.0,0.0,0.0,0.0
1313,460,Juniperus',0,0,0,0,0,0,0,0.0,0.0,0.0,0.0,0.0,0.0,0.0,0.0
1313,460,Larix',0,0,0,0,0,0,0,0.0,0.0,0.0,0.0,0.0,0.0,0.0,0.0
1313,460,Liquidambar',0,0,0,0,0,0,0,0.0,0.0,0.0,0.0,0.0,0.0,0.0,0.0
1313,460,Liriodendron',0,1624,1886,316,30,1,0,75.15963745117188,23.340999603271484,1652.121762460734,88.07155762673763,88622.40790497304,256022.158374734,0.22072189488467808,588.9975842451609
1313,460,Lithocarpus',0,0,0,0,0,0,0,0.0,0.0,0.0,0.0,0.0,0.0,0.0,0.0
1313,460,Maclura',0,40,38,0,0,0,0,14.46119499206543,7.627668380737305,30.07050224497348,0.8156270260003661,1156.8032848358155,20940.27303019305,0.0030035555270314027,52.210572078225745
1313,460,Magnolia',0,63,39,0,0,0,0,16.046953201293945,9.449982643127441,30.134288386642176,0.8722699533928214,848.2883833819628,17358.28766265046,0.002199359794884262,41.220600012869575
1313,460,Malus',0,0,0,0,0,0,0,0.0,0.0,0.0,0.0,0.0,0.0,0.0,0.0
1313,460,Morus',0,0,0,0,0,0,0,0.0,0.0,0.0,0.0,0.0,0.0,0.0,0.0
1313,460,Nyssa',0,0,0,0,0,0,0,0.0,0.0,0.0,0.0,0.0,0.0,0.0,0.0
1313,460,Olneya',0,0,0,0,0,0,0,0.0,0.0,0.0,0.0,0.0,0.0,0.0,0.0
1313,460,Ostrya',0,0,0,0,0,0,0,0.0,0.0,0.0,0.0,0.0,0.0,0.0,0.0
1313,460,Oxydendron',0,0,0,0,0,0,0,0.0,0.0,0.0,0.0,0.0,0.0,0.0,0.0
1313,460,Paulownia',0,57,57,0,0,0,0,17.944019317626953,7.684255123138428,53.00290347465985,1.2300611695226065,655.8601182931661,11505.062755684668,0.002220473178975281,33.95375842946717
1313,460,Persea',0,35,0,0,0,0,0,2.3425159454345703,2.7435836791992188,6.455313034057617,0.0154462476622427,28.22226463317871,631.0690219877583,0.00015595955502986652,3.48736166787401
1313,460,Picea',0,0,0,0,0,0,0,0.0,0.0,0.0,0.0,0.0,0.0,0.0,0.0
1313,460,Pinus',0,767,2270,1678,294,18,22,130.43263244628906,32.67239761352539,1783.201592145562,339.32580200310855,556561.0922572362,1053758.5974909158,1.2625597783585871,2357.782655660222
1313,460,Planera',0,0,0,0,0,0,0,0.0,0.0,0.0,0.0,0.0,0.0,0.0,0.0
1313,460,Platanus',0,0,54,0,0,0,0,15.757196426391602,5.715492248535156,41.616775900879986,0.9782028606204393,783.7779570400716,14160.949920446077,0.0023408254243284495,42.95040896104956
1313,460,Populus',0,226,100,0,0,0,0,19.678911209106445,8.175795555114746,113.87060365297748,1.4904191444022843,1115.228405313194,11297.070757211739,0.004117515942645745,34.26595528537742
1313,460,Prosopis',0,0,0,0,0,0,0,0.0,0.0,0.0,0.0,0.0,0.0,0.0,0.0
1313,460,Prunus',0,0,0,0,0,0,0,0.0,0.0,0.0,0.0,0.0,0.0,0.0,0.0
1313,460,Pseudotsuga',0,0,0,0,0,0,0,0.0,0.0,0.0,0.0,0.0,0.0,0.0,0.0
1313,460,Quercus',0,63,29,4,0,10,0,78.17011260986328,25.5655460357666,65.04908271039588,6.202434873277267,12565.634357236624,243212.25574681026,0.028783143685863658,543.226972584576
1313,460,Robinia',0,0,0,0,0,0,0,0.0,0.0,0.0,0.0,0.0,0.0,0.0,0.0
1313,460,Salix',0,133,50,0,0,0,0,9.682129859924316,6.795120716094971,74.2534642072418,0.5440412861143306,436.7510179436207,4942.375984839784,0.00203947768111712,19.54886966612773
1313,460,Sassafras',0,0,0,0,0,0,0,0.0,0.0,0.0,0.0,0.0,0.0,0.0,0.0
1313,460,Sequoia',0,0,0,0,0,0,0,0.0,0.0,0.0,0.0,0.0,0.0,0.0,0.0
1313,460,Sequoiadendron',0,0,0,0,0,0,0,0.0,0.0,0.0,0.0,0.0,0.0,0.0,0.0
1313,460,Sorbus',0,0,0,0,0,0,0,0.0,0.0,0.0,0.0,0.0,0.0,0.0,0.0
1313,460,Taxodium',0,37,74,16,0,0,2,115.78067779541016,21.473791122436523,96.94818823397914,5.963802620833539,6947.743827443123,95090.38391706653,0.016835053427472723,219.65394689975346
1313,460,Taxus',0,0,0,0,0,0,0,0.0,0.0,0.0,0.0,0.0,0.0,0.0,0.0
1313,460,Thuja',0,0,0,0,0,0,0,0.0,0.0,0.0,0.0,0.0,0.0,0.0,0.0
1313,460,Tilia',0,0,0,0,0,0,0,0.0,0.0,0.0,0.0,0.0,0.0,0.0,0.0
1313,460,Torreya',0,33,101,48,0,0,0,29.316030502319336,13.281532287597656,48.18554879069328,5.113618891548479,6266.586028169394,77423.02129554098,0.01462175973919623,176.6960091104229
1313,460,Tsuga',0,0,0,0,0,0,0,0.0,0.0,0.0,0.0,0.0,0.0,0.0,0.0
1313,460,Ulmus',0,0,0,0,0,0,0,0.0,0.0,0.0,0.0,0.0,0.0,0.0,0.0
1313,460,Umbellularia',0,0,0,0,0,0,0,0.0,0.0,0.0,0.0,0.0,0.0,0.0,0.0
1313,470,Abies',0,0,0,0,0,0,0,0.0,0.0,0.0,0.0,0.0,0.0,0.0,0.0
1313,470,Acer',0,338,299,18,0,0,0,29.35502815246582,17.072572708129883,242.76508796064155,6.871328675158716,8433.967608056664,63009.18618323015,0.02223688824712265,152.5034047580059
1313,470,Aesculus',0,0,0,0,0,0,0,0.0,0.0,0.0,0.0,0.0,0.0,0.0,0.0
1313,470,Ailanthus',0,0,0,0,0,0,0,0.0,0.0,0.0,0.0,0.0,0.0,0.0,0.0
1313,470,Alnus',0,0,0,0,0,0,0,0.0,0.0,0.0,0.0,0.0,0.0,0.0,0.0
1313,470,Amelanchier',0,0,0,0,0,0,0,0.0,0.0,0.0,0.0,0.0,0.0,0.0,0.0
1313,470,Arbutus',0,0,0,0,0,0,0,0.0,0.0,0.0,0.0,0.0,0.0,0.0,0.0
1313,470,Asimina',0,0,0,0,0,0,0,0.0,0.0,0.0,0.0,0.0,0.0,0.0,0.0
1313,470,Betula',0,0,0,0,0,0,0,0.0,0.0,0.0,0.0,0.0,0.0,0.0,0.0
1313,470,Calocedrus',0,0,0,0,0,0,0,0.0,0.0,0.0,0.0,0.0,0.0,0.0,0.0
1313,470,Carpinus',0,0,0,0,0,0,0,0.0,0.0,0.0,0.0,0.0,0.0,0.0,0.0
1313,470,Carya',0,0,54,0,0,0,0,23.70099449157715,11.14968204498291,20.12715096196419,1.1098363031104819,1487.07764395386,26205.19629490957,0.0035943583568707094,61.17253156759979
1313,470,Castanea',0,0,0,0,0,0,0,0.0,0.0,0.0,0.0,0.0,0.0,0.0,0.0
1313,470,Catalpa',0,0,0,0,0,0,0,0.0,0.0,0.0,0.0,0.0,0.0,0.0,0.0
1313,470,Celtis',0,36,40,0,0,0,0,21.987415313720703,12.28792667388916,26.062958929805625,0.863936273411994,979.8207763748616,12759.505393922376,0.002552570273666639,33.00813142969534
1313,470,Cercis',0,0,0,0,0,0,0,0.0,0.0,0.0,0.0,0.0,0.0,0.0,0.0
1313,470,Cercocarpus',0,0,0,0,0,0,0,0.0,0.0,0.0,0.0,0.0,0.0,0.0,0.0
1313,470,Chamaecyparis',0,0,0,0,0,0,0,0.0,0.0,0.0,0.0,0.0,0.0,0.0,0.0
1313,470,Chilopsis',0,0,0,0,0,0,0,0.0,0.0,0.0,0.0,0.0,0.0,0.0,0.0
1313,470,Chrysolepis',0,0,0,0,0,0,0,0.0,0.0,0.0,0.0,0.0,0.0,0.0,0.0
1313,470,Cladrastis',0,0,0,0,0,0,0,0.0,0.0,0.0,0.0,0.0,0.0,0.0,0.0
1313,470,Comus',0,0,0,0,0,0,0,0.0,0.0,0.0,0.0,0.0,0.0,0.0,0.0
1313,470,Cornus',0,0,0,0,0,0,0,0.0,0.0,0.0,0.0,0.0,0.0,0.0,0.0
1313,470,Crataegus',0,0,0,0,0,0,0,0.0,0.0,0.0,0.0,0.0,0.0,0.0,0.0
1313,470,Cupressus',0,0,0,0,0,0,0,0.0,0.0,0.0,0.0,0.0,0.0,0.0,0.0
1313,470,Diospyros',0,0,0,0,0,0,0,0.0,0.0,0.0,0.0,0.0,0.0,0.0,0.0
1313,470,Elaeagnus',0,0,0,0,0,0,0,0.0,0.0,0.0,0.0,0.0,0.0,0.0,0.0
1313,470,Fagus',0,0,0,0,0,0,0,0.0,0.0,0.0,0.0,0.0,0.0,0.0,0.0
1313,470,Fraxinus',0,482,647,80,0,0,0,39.55971145629883,17.733428955078125,470.70360605475264,18.6725589599426,23131.931198232174,130647.99481129553,0.05818033135022714,303.9658413611003
1313,470,Gleditsia',0,0,0,0,0,0,0,0.0,0.0,0.0,0.0,0.0,0.0,0.0,0.0
1313,470,Gordonia',0,0,40,0,0,0,0,9.080318450927734,7.68583869934082,13.46384048461914,0.2590311729201289,242.22238540649414,5416.257194410672,0.0007327496732274626,16.384780798273752
1313,470,Gymnocladus',0,0,0,0,0,0,0,0.0,0.0,0.0,0.0,0.0,0.0,0.0,0.0
1313,470,Halesia',0,0,26,0,0,0,0,13.246491432189941,5.7977447509765625,17.09304733555528,0.3654812713302027,261.632106910944,5850.271761493658,0.0008274686031192438,18.502760458214176
1313,470,Ilex',0,0,0,0,0,0,0,0.0,0.0,0.0,0.0,0.0,0.0,0.0,0.0
1313,470,Juglans',0,0,0,0,0,0,0,0.0,0.0,0.0,0.0,0.0,0.0,0.0,0.0
1313,470,Juniperus',0,0,0,0,0,0,0,0.0,0.0,0.0,0.0,0.0,0.0,0.0,0.0
1313,470,Larix',0,0,0,0,0,0,0,0.0,0.0,0.0,0.0,0.0,0.0,0.0,0.0
1313,470,Liquidambar',0,0,0,0,0,0,0,0.0,0.0,0.0,0.0,0.0,0.0,0.0,0.0
1313,470,Liriodendron',0,1355,1775,330,17,4,0,85.45181274414062,24.949602127075195,1519.0330166975623,84.101822548481,85171.12502376095,253550.64256389395,0.21113649192760536,584.6327932008599
1313,470,Lithocarpus',0,0,0,0,0,0,0,0.0,0.0,0.0,0.0,0.0,0.0,0.0,0.0
1313,470,Maclura',0,98,78,0,0,0,0,18.008989334106445,8.771483421325684,54.11749387183521,1.6897003468363327,2499.9758254009485,37306.26210552225,0.006334553385402999,89.3059190636758
1313,470,Magnolia',0,0,64,0,0,0,0,19.099712371826172,10.765048027038574,33.58587652822084,1.2883455739961167,1320.1996322727205,26815.982997241586,0.0033239476420879243,63.89296258598256
1313,470,Malus',0,0,0,0,0,0,0,0.0,0.0,0.0,0.0,0.0,0.0,0.0,0.0
1313,470,Morus',0,0,0,0,0,0,0,0.0,0.0,0.0,0.0,0.0,0.0,0.0,0.0
1313,470,Nyssa',0,0,0,0,0,0,0,0.0,0.0,0.0,0.0,0.0,0.0,0.0,0.0
1313,470,Olneya',0,0,0,0,0,0,0,0.0,0.0,0.0,0.0,0.0,0.0,0.0,0.0
1313,470,Ostrya',0,0,0,0,0,0,0,0.0,0.0,0.0,0.0,0.0,0.0,0.0,0.0
1313,470,Oxydendron',0,0,0,0,0,0,0,0.0,0.0,0.0,0.0,0.0,0.0,0.0,0.0
1313,470,Paulownia',0,77,0,0,0,0,0,5.016354560852051,3.3431360721588135,17.382746614232843,0.1168129649262782,70.49417495489121,994.2126094378002,0.0004068880153819867,5.417938680801227
1313,470,Persea',0,77,0,0,0,0,0,1.673494815826416,2.342442512512207,5.574733135700225,0.010713094851392662,25.59208599328995,437.9995732737999,0.00013739522532001043,2.381609885643625
1313,470,Picea',0,0,0,0,0,0,0,0.0,0.0,0.0,0.0,0.0,0.0,0.0,0.0
1313,470,Pinus',0,930,2202,1475,282,30,16,136.4441680908203,32.983211517333984,1811.715636023581,316.97540461119513,528964.0221978414,1068932.2327455701,1.2016448239311046,2389.5832522118617
1313,470,Planera',0,0,0,0,0,0,0,0.0,0.0,0.0,0.0,0.0,0.0,0.0,0.0
1313,470,Platanus',0,0,54,0,0,0,0,20.147079467773438,6.8409295082092285,29.56018458816069,1.3625228232957511,1096.7698886799812,17772.1125834228,0.002862801571130755,45.875333725194025
1313,470,Populus',0,51,222,0,0,0,0,27.406354904174805,10.481666564941406,116.29665083334415,3.8994035661808453,2940.0822686564925,29132.855035948345,0.008207670978583406,74.73944704035188
1313,470,Prosopis',0,0,0,0,0,0,0,0.0,0.0,0.0,0.0,0.0,0.0,0.0,0.0
1313,470,Prunus',0,0,0,0,0,0,0,0.0,0.0,0.0,0.0,0.0,0.0,0.0,0.0
1313,470,Pseudotsuga',0,0,0,0,0,0,0,0.0,0.0,0.0,0.0,0.0,0.0,0.0,0.0
1313,470,Quercus',0,48,46,0,4,10,0,80.81217956542969,25.97307586669922,73.76658686542811,7.405565266065208,14806.770592666864,265776.38691246003,0.033851791568086896,594.9901171705113
1313,470,Robinia',0,0,0,0,0,0,0,0.0,0.0,0.0,0.0,0.0,0.0,0.0,0.0
1313,470,Salix',0,309,0,0,0,0,0,6.838179588317871,5.300308704376221,61.52576351844811,0.3427465043547535,301.31362476110456,2896.0201234135684,0.0015552833852209046,14.96187203774481
1313,470,Sassafras',0,0,0,0,0,0,0,0.0,0.0,0.0,0.0,0.0,0.0,0.0,0.0
1313,470,Sequoia',0,0,0,0,0,0,0,0.0,0.0,0.0,0.0,0.0,0.0,0.0,0.0
1313,470,Sequoiadendron',0,0,0,0,0,0,0,0.0,0.0,0.0,0.0,0.0,0.0,0.0,0.0
1313,470,Sorbus',0,0,0,0,0,0,0,0.0,0.0,0.0,0.0,0.0,0.0,0.0,0.0
1313,470,Taxodium',0,60,107,0,0,0,2,122.0,21.816822052001953,94.1318326886696,5.28064160074723,6381.190866446495,98934.43228536643,0.015535504745334355,227.22994232998528
1313,470,Taxus',0,0,0,0,0,0,0,0.0,0.0,0.0,0.0,0.0,0.0,0.0,0.0
1313,470,Thuja',0,0,0,0,0,0,0,0.0,0.0,0.0,0.0,0.0,0.0,0.0,0.0
1313,470,Tilia',0,0,0,0,0,0,0,0.0,0.0,0.0,0.0,0.0,0.0,0.0,0.0
1313,470,Torreya',0,25,101,33,0,0,0,31.473064422607422,13.700553894042969,44.18824072420597,5.452162982680207,6780.5600442558525,90733.68770860914,0.01570618606003388,207.55207186613285
1313,470,Tsuga',0,0,0,0,0,0,0,0.0,0.0,0.0,0.0,0.0,0.0,0.0,0.0
1313,470,Ulmus',0,0,0,0,0,0,0,0.0,0.0,0.0,0.0,0.0,0.0,0.0,0.0
1313,470,Umbellularia',0,0,0,0,0,0,0,0.0,0.0,0.0,0.0,0.0,0.0,0.0,0.0
1313,480,Abies',0,0,0,0,0,0,0,0.0,0.0,0.0,0.0,0.0,0.0,0.0,0.0
1313,480,Acer',0,349,321,18,0,0,0,33.02056884765625,18.443105697631836,263.9202424287324,8.486390734684955,11002.240932045728,85666.87050468514,0.028248702483430737,202.81523373415644
1313,480,Aesculus',0,0,0,0,0,0,0,0.0,0.0,0.0,0.0,0.0,0.0,0.0,0.0
1313,480,Ailanthus',0,0,0,0,0,0,0,0.0,0.0,0.0,0.0,0.0,0.0,0.0,0.0
1313,480,Alnus',0,0,0,0,0,0,0,0.0,0.0,0.0,0.0,0.0,0.0,0.0,0.0
1313,480,Amelanchier',0,0,0,0,0,0,0,0.0,0.0,0.0,0.0,0.0,0.0,0.0,0.0
1313,480,Arbutus',0,0,0,0,0,0,0,0.0,0.0,0.0,0.0,0.0,0.0,0.0,0.0
1313,480,Asimina',0,0,0,0,0,0,0,0.0,0.0,0.0,0.0,0.0,0.0,0.0,0.0
1313,480,Betula',0,0,0,0,0,0,0,0.0,0.0,0.0,0.0,0.0,0.0,0.0,0.0
1313,480,Calocedrus',0,0,0,0,0,0,0,0.0,0.0,0.0,0.0,0.0,0.0,0.0,0.0
1313,480,Carpinus',0,0,0,0,0,0,0,0.0,0.0,0.0,0.0,0.0,0.0,0.0,0.0
1313,480,Carya',0,0,18,0,0,0,0,26.132585525512695,11.983975410461426,10.500961966529676,0.9761712891428601,1429.6943746864797,31968.938088480056,0.0033282660533487693,74.42229142492789
1313,480,Castanea',0,0,0,0,0,0,0,0.0,0.0,0.0,0.0,0.0,0.0,0.0,0.0
1313,480,Catalpa',0,0,0,0,0,0,0,0.0,0.0,0.0,0.0,0.0,0.0,0.0,0.0
1313,480,Celtis',0,90,36,0,0,0,0,8.145596504211426,5.9990997314453125,26.014633261233186,0.31432632988638326,294.4919568169117,4454.878639903399,0.0010289216495650926,14.644570111359945
1313,480,Cercis',0,0,0,0,0,0,0,0.0,0.0,0.0,0.0,0.0,0.0,0.0,0.0
1313,480,Cercocarpus',0,0,0,0,0,0,0,0.0,0.0,0.0,0.0,0.0,0.0,0.0,0.0
1313,480,Chamaecyparis',0,0,0,0,0,0,0,0.0,0.0,0.0,0.0,0.0,0.0,0.0,0.0
1313,480,Chilopsis',0,0,0,0,0,0,0,0.0,0.0,0.0,0.0,0.0,0.0,0.0,0.0
1313,480,Chrysolepis',0,0,0,0,0,0,0,0.0,0.0,0.0,0.0,0.0,0.0,0.0,0.0
1313,480,Cladrastis',0,0,0,0,0,0,0,0.0,0.0,0.0,0.0,0.0,0.0,0.0,0.0
1313,480,Comus',0,0,0,0,0,0,0,0.0,0.0,0.0,0.0,0.0,0.0,0.0,0.0
1313,480,Cornus',0,0,0,0,0,0,0,0.0,0.0,0.0,0.0,0.0,0.0,0.0,0.0
1313,480,Crataegus',0,0,0,0,0,0,0,0.0,0.0,0.0,0.0,0.0,0.0,0.0,0.0
1313,480,Cupressus',0,0,0,0,0,0,0,0.0,0.0,0.0,0.0,0.0,0.0,0.0,0.0
1313,480,Diospyros',0,0,0,0,0,0,0,0.0,0.0,0.0,0.0,0.0,0.0,0.0,0.0
1313,480,Elaeagnus',0,0,0,0,0,0,0,0.0,0.0,0.0,0.0,0.0,0.0,0.0,0.0
1313,480,Fagus',0,0,0,0,0,0,0,0.0,0.0,0.0,0.0,0.0,0.0,0.0,0.0
1313,480,Fraxinus',0,478,678,85,0,0,0,38.08911895751953,14.97169017791748,519.8038637923382,23.384424549208653,29068.5985535492,153001.6167788293,0.07207975113875836,355.2515971924987
1313,480,Gleditsia',0,0,0,0,0,0,0,0.0,0.0,0.0,0.0,0.0,0.0,0.0,0.0
1313,480,Gordonia',0,0,40,0,0,0,0,15.097272872924805,10.73013973236084,17.637051343917847,0.7160558251336997,757.5904357433319,16940.23713425763,0.0019382917582988484,43.34152131783882
1313,480,Gymnocladus',0,0,0,0,0,0,0,0.0,0.0,0.0,0.0,0.0,0.0,0.0,0.0
1313,480,Halesia',0,0,0,0,0,0,0,0.0,0.0,0.0,0.0,0.0,0.0,0.0,0.0
1313,480,Ilex',0,0,0,0,0,0,0,0.0,0.0,0.0,0.0,0.0,0.0,0.0,0.0
1313,480,Juglans',0,0,0,0,0,0,0,0.0,0.0,0.0,0.0,0.0,0.0,0.0,0.0
1313,480,Juniperus',0,0,0,0,0,0,0,0.0,0.0,0.0,0.0,0.0,0.0,0.0,0.0
1313,480,Larix',0,0,0,0,0,0,0,0.0,0.0,0.0,0.0,0.0,0.0,0.0,0.0
1313,480,Liquidambar',0,0,0,0,0,0,0,0.0,0.0,0.0,0.0,0.0,0.0,0.0,0.0
1313,480,Liriodendron',0,1844,1957,335,18,0,0,65.3762435913086,21.586278915405273,1806.8845118973638,90.32356559975494,89050.39358971805,244815.91355519646,0.22390086973856685,568.1936519803907
1313,480,Lithocarpus',0,0,0,0,0,0,0,0.0,0.0,0.0,0.0,0.0,0.0,0.0,0.0
1313,480,Maclura',0,22,106,0,0,0,0,16.69577980041504,8.363598823547363,52.81165672159647,1.6291837847177613,2374.909829682708,33015.474188618835,0.006037830608463002,79.59083666970264
1313,480,Magnolia',0,0,64,0,0,0,0,21.25885772705078,11.654966354370117,31.185351927069167,1.914818931215121,1977.1346764755249,35938.48433912099,0.004757709543705064,84.39895153244942
1313,480,Malus',0,0,0,0,0,0,0,0.0,0.0,0.0,0.0,0.0,0.0,0.0,0.0
1313,480,Morus',0,0,0,0,0,0,0,0.0,0.0,0.0,0.0,0.0,0.0,0.0,0.0
1313,480,Nyssa',0,0,0,0,0,0,0,0.0,0.0,0.0,0.0,0.0,0.0,0.0,0.0
1313,480,Olneya',0,0,0,0,0,0,0,0.0,0.0,0.0,0.0,0.0,0.0,0.0,0.0
1313,480,Ostrya',0,0,0,0,0,0,0,0.0,0.0,0.0,0.0,0.0,0.0,0.0,0.0
1313,480,Oxydendron',0,0,0,0,0,0,0,0.0,0.0,0.0,0.0,0.0,0.0,0.0,0.0
1313,480,Paulownia',0,106,40,0,0,0,0,12.162947654724121,5.893381118774414,55.5622024343738,0.5956345332670692,326.8377266716957,5355.659670390051,0.0015261548245791177,21.332486561816705
1313,480,Persea',0,77,0,0,0,0,0,6.292263507843018,4.9421162605285645,29.660794429779052,0.17119481736384515,217.19108282089235,3768.1780567763944,0.000911080541566025,15.925351226687592
1313,480,Picea',0,0,0,0,0,0,0,0.0,0.0,0.0,0.0,0.0,0.0,0.0,0.0
1313,480,Pinus',0,606,2219,1355,340,38,17,107.52082824707031,31.10228729248047,1752.7592018155754,312.9612968965001,525568.9647342699,1101607.5033083407,1.193248666850557,2462.973815664917
1313,480,Planera',0,0,0,0,0,0,0,0.0,0.0,0.0,0.0,0.0,0.0,0.0,0.0
1313,480,Platanus',0,85,38,0,0,0,0,19.5555362701416,6.69178581237793,41.0636411590761,1.179965524211484,1021.2560000814498,21561.75678130661,0.0028605917707783626,59.338086527427514
1313,480,Populus',0,57,110,9,0,0,0,28.574260711669922,10.812858581542969,105.15125572587114,2.8080713095327416,2073.862771305442,20373.485953695195,0.006122294665984803,55.645619246135254
1313,480,Prosopis',0,0,0,0,0,0,0,0.0,0.0,0.0,0.0,0.0,0.0,0.0,0.0
1313,480,Prunus',0,0,0,0,0,0,0,0.0,0.0,0.0,0.0,0.0,0.0,0.0,0.0
1313,480,Pseudotsuga',0,0,0,0,0,0,0,0.0,0.0,0.0,0.0,0.0,0.0,0.0,0.0
1313,480,Quercus',0,31,72,0,4,10,0,83.20796966552734,26.328227996826172,78.50187137157101,8.791568918609977,17428.501126594543,287947.05416384054,0.03970602321935702,642.5662387359337
1313,480,Robinia',0,0,0,0,0,0,0,0.0,0.0,0.0,0.0,0.0,0.0,0.0,0.0
1313,480,Salix',0,101,66,0,0,0,0,16.51190948486328,10.025816917419434,75.72173765377153,0.9193437355922075,722.8727659714222,7680.4760192390995,0.002696440388398228,25.46359744064069
1313,480,Sassafras',0,0,0,0,0,0,0,0.0,0.0,0.0,0.0,0.0,0.0,0.0,0.0
1313,480,Sequoia',0,0,0,0,0,0,0,0.0,0.0,0.0,0.0,0.0,0.0,0.0,0.0
1313,480,Sequoiadendron',0,0,0,0,0,0,0,0.0,0.0,0.0,0.0,0.0,0.0,0.0,0.0
1313,480,Sorbus',0,0,0,0,0,0,0,0.0,0.0,0.0,0.0,0.0,0.0,0.0,0.0
1313,480,Taxodium',0,37,97,0,0,0,0,26.473648071289062,9.669677734375,100.74592760657961,3.3726862639656376,2858.009868859053,43974.24890065551,0.007801426756799278,110.09466091000556
1313,480,Taxus',0,0,0,0,0,0,0,0.0,0.0,0.0,0.0,0.0,0.0,0.0,0.0
1313,480,Thuja',0,0,0,0,0,0,0,0.0,0.0,0.0,0.0,0.0,0.0,0.0,0.0
1313,480,Tilia',0,0,0,0,0,0,0,0.0,0.0,0.0,0.0,0.0,0.0,0.0,0.0
1313,480,Torreya',0,0,126,33,0,0,0,33.18989944458008,14.007303237915039,65.2673388004303,7.070618144224511,8970.03619515419,109502.00094880292,0.020876164213493583,249.6190626874876
1313,480,Tsuga',0,0,0,0,0,0,0,0.0,0.0,0.0,0.0,0.0,0.0,0.0,0.0
1313,480,Ulmus',0,0,0,0,0,0,0,0.0,0.0,0.0,0.0,0.0,0.0,0.0,0.0
1313,480,Umbellularia',0,0,0,0,0,0,0,0.0,0.0,0.0,0.0,0.0,0.0,0.0,0.0
1313,490,Abies',0,0,0,0,0,0,0,0.0,0.0,0.0,0.0,0.0,0.0,0.0,0.0
1313,490,Acer',0,308,323,18,0,0,0,44.678165435791016,22.161897659301758,302.5694293000653,8.347486574758904,11267.594186911881,97416.33273781625,0.029394753061047652,228.03305563610053
1313,490,Aesculus',0,0,0,0,0,0,0,0.0,0.0,0.0,0.0,0.0,0.0,0.0,0.0
1313,490,Ailanthus',0,0,0,0,0,0,0,0.0,0.0,0.0,0.0,0.0,0.0,0.0,0.0
1313,490,Alnus',0,0,0,0,0,0,0,0.0,0.0,0.0,0.0,0.0,0.0,0.0,0.0
1313,490,Amelanchier',0,0,0,0,0,0,0,0.0,0.0,0.0,0.0,0.0,0.0,0.0,0.0
1313,490,Arbutus',0,0,0,0,0,0,0,0.0,0.0,0.0,0.0,0.0,0.0,0.0,0.0
1313,490,Asimina',0,0,0,0,0,0,0,0.0,0.0,0.0,0.0,0.0,0.0,0.0,0.0
1313,490,Betula',0,0,0,0,0,0,0,0.0,0.0,0.0,0.0,0.0,0.0,0.0,0.0
1313,490,Calocedrus',0,0,0,0,0,0,0,0.0,0.0,0.0,0.0,0.0,0.0,0.0,0.0
1313,490,Carpinus',0,0,0,0,0,0,0,0.0,0.0,0.0,0.0,0.0,0.0,0.0,0.0
1313,490,Carya',0,1,0,18,0,0,0,28.071672439575195,12.628800392150879,7.491701271715042,1.1269909041160182,1703.058898499012,38056.99303773252,0.0038924225644171,86.90402649183015
1313,490,Castanea',0,0,0,0,0,0,0,0.0,0.0,0.0,0.0,0.0,0.0,0.0,0.0
1313,490,Catalpa',0,0,0,0,0,0,0,0.0,0.0,0.0,0.0,0.0,0.0,0.0,0.0
1313,490,Celtis',0,19,90,0,0,0,0,12.658651351928711,8.2628173828125,48.59528178655648,0.8109778372882988,816.5196983647347,11155.973719338032,0.002514044261846702,33.028410385052865
1313,490,Cercis',0,0,0,0,0,0,0,0.0,0.0,0.0,0.0,0.0,0.0,0.0,0.0
1313,490,Cercocarpus',0,0,0,0,0,0,0,0.0,0.0,0.0,0.0,0.0,0.0,0.0,0.0
1313,490,Chamaecyparis',0,0,0,0,0,0,0,0.0,0.0,0.0,0.0,0.0,0.0,0.0,0.0
1313,490,Chilopsis',0,0,0,0,0,0,0,0.0,0.0,0.0,0.0,0.0,0.0,0.0,0.0
1313,490,Chrysolepis',0,0,0,0,0,0,0,0.0,0.0,0.0,0.0,0.0,0.0,0.0,0.0
1313,490,Cladrastis',0,0,0,0,0,0,0,0.0,0.0,0.0,0.0,0.0,0.0,0.0,0.0
1313,490,Comus',0,0,0,0,0,0,0,0.0,0.0,0.0,0.0,0.0,0.0,0.0,0.0
1313,490,Cornus',0,0,0,0,0,0,0,0.0,0.0,0.0,0.0,0.0,0.0,0.0,0.0
1313,490,Crataegus',0,0,0,0,0,0,0,0.0,0.0,0.0,0.0,0.0,0.0,0.0,0.0
1313,490,Cupressus',0,0,0,0,0,0,0,0.0,0.0,0.0,0.0,0.0,0.0,0.0,0.0
1313,490,Diospyros',0,0,0,0,0,0,0,0.0,0.0,0.0,0.0,0.0,0.0,0.0,0.0
1313,490,Elaeagnus',0,0,0,0,0,0,0,0.0,0.0,0.0,0.0,0.0,0.0,0.0,0.0
1313,490,Fagus',0,0,0,0,0,0,0,0.0,0.0,0.0,0.0,0.0,0.0,0.0,0.0
1313,490,Fraxinus',0,493,633,120,0,0,0,41.301822662353516,15.476715087890625,507.1080128242603,25.567869781434776,33068.99851006016,179630.64782889897,0.08078676500065751,411.89660445017125
1313,490,Gleditsia',0,0,0,0,0,0,0,0.0,0.0,0.0,0.0,0.0,0.0,0.0,0.0
1313,490,Gordonia',0,0,40,0,0,0,0,19.732566833496094,12.59174919128418,7.105632424354553,1.2232551068601483,1386.4357715845108,31001.64631700382,0.003183605303366946,71.18757871857281
1313,490,Gymnocladus',0,0,0,0,0,0,0,0.0,0.0,0.0,0.0,0.0,0.0,0.0,0.0
1313,490,Halesia',0,0,0,0,0,0,0,0.0,0.0,0.0,0.0,0.0,0.0,0.0,0.0
1313,490,Ilex',0,0,0,0,0,0,0,0.0,0.0,0.0,0.0,0.0,0.0,0.0,0.0
1313,490,Juglans',0,0,0,0,0,0,0,0.0,0.0,0.0,0.0,0.0,0.0,0.0,0.0
1313,490,Juniperus',0,38,0,0,0,0,0,2.2480647563934326,3.0520570278167725,6.845032968521118,0.015368902809847361,23.50840097427368,525.6638262079829,0.00015111358826607724,3.379002556868671
1313,490,Larix',0,0,0,0,0,0,0,0.0,0.0,0.0,0.0,0.0,0.0,0.0,0.0
1313,490,Liquidambar',0,27,0,0,0,0,0,3.6388707160949707,3.923267364501953,11.673327820210515,0.028952919596855774,40.6907666015625,909.87320177672,0.00025846796545386623,5.779519407609161
1313,490,Liriodendron',0,1342,2226,290,10,5,0,70.6714096069336,22.565181732177734,1633.940235152369,89.66919400661128,88134.79238056183,243667.34233621144,0.219376571757607,563.8085896248831
1313,490,Lithocarpus',0,0,0,0,0,0,0,0.0,0.0,0.0,0.0,0.0,0.0,0.0,0.0
1313,490,Maclura',0,25,62,0,0,0,0,19.514610290527344,9.217931747436523,24.91590141778505,1.343702744101671,2075.336368319392,41821.08896152751,0.004970536971382863,96.05329503610184
1313,490,Magnolia',0,0,24,0,0,0,0,22.540599822998047,10.05094051361084,17.293899149834353,0.9861547069585506,913.8112347412109,20309.783286361155,0.002271949434518791,50.231036051056854
1313,490,Malus',0,0,0,0,0,0,0,0.0,0.0,0.0,0.0,0.0,0.0,0.0,0.0
1313,490,Morus',0,0,0,0,0,0,0,0.0,0.0,0.0,0.0,0.0,0.0,0.0,0.0
1313,490,Nyssa',0,33,0,0,0,0,0,0.9256229400634766,1.7955089807510376,1.7107373721237422,0.002242141890691965,6.88753932774067,154.01006134531463,3.993265787069633e-05,0.892921375211192
1313,490,Olneya',0,0,0,0,0,0,0,0.0,0.0,0.0,0.0,0.0,0.0,0.0,0.0
1313,490,Ostrya',0,0,0,0,0,0,0,0.0,0.0,0.0,0.0,0.0,0.0,0.0,0.0
1313,490,Oxydendron',0,0,0,0,0,0,0,0.0,0.0,0.0,0.0,0.0,0.0,0.0,0.0
1313,490,Paulownia',0,82,46,0,0,0,0,15.602446556091309,6.985989093780518,69.26976124555627,0.7226367074613741,404.58526508003473,5762.9608501973835,0.0018962550503695442,23.880324086115998
1313,490,Persea',0,39,38,0,0,0,0,12.152413368225098,7.7258381843566895,15.52880687713623,0.6175814928184694,634.501289176941,11121.231382968446,0.0016343078616261248,28.188255644709766
1313,490,Picea',0,0,0,0,0,0,0,0.0,0.0,0.0,0.0,0.0,0.0,0.0,0.0
1313,490,Pinus',0,759,2262,1273,369,34,21,113.11133575439453,31.55049705505371,1948.0271565914154,321.61145903208336,545456.3164650118,1143753.1007135424,1.2402633206821712,2556.038876393278
1313,490,Planera',0,0,0,0,0,0,0,0.0,0.0,0.0,0.0,0.0,0.0,0.0,0.0
1313,490,Platanus',0,85,38,0,0,0,0,20.65192413330078,6.967604637145996,122.17959770107569,1.4486847497867814,1345.9825055468082,25006.898507553487,0.004749915436841538,74.14027828479048
1313,490,Populus',0,192,57,9,0,0,0,39.150936126708984,13.61987018585205,119.02604063949252,3.4199488142620447,2867.3123617357014,30860.87450072182,0.00808525132392298,76.10887666387586
1313,490,Prosopis',0,0,0,0,0,0,0,0.0,0.0,0.0,0.0,0.0,0.0,0.0,0.0
1313,490,Prunus',0,22,0,0,0,0,0,3.6922988891601562,3.0972836017608643,10.291958911509452,0.023984551344572662,33.02565908432007,738.4761871427327,0.0002215488217771053,4.9539822582859365
1313,490,Pseudotsuga',0,0,0,0,0,0,0,0.0,0.0,0.0,0.0,0.0,0.0,0.0,0.0
1313,490,Quercus',0,21,72,0,4,0,0,62.9173698425293,22.78772735595703,75.45329651877849,3.9816019081491167,6914.504342324733,87661.26851513358,0.016251062786698356,199.59579085076146
1313,490,Robinia',0,0,0,0,0,0,0,0.0,0.0,0.0,0.0,0.0,0.0,0.0,0.0
1313,490,Salix',0,225,29,0,0,0,0,8.223920822143555,6.040329456329346,74.29486781453029,0.4532835168595963,369.36361370384697,3198.733967215823,0.001890323922522369,15.023999783184351
1313,490,Sassafras',0,38,0,0,0,0,0,3.914415121078491,5.222119331359863,10.13683017861994,0.04654897341815095,48.34975215792656,1081.1333252039128,0.0002533691966384692,5.665507470881254
1313,490,Sequoia',0,0,0,0,0,0,0,0.0,0.0,0.0,0.0,0.0,0.0,0.0,0.0
1313,490,Sequoiadendron',0,0,0,0,0,0,0,0.0,0.0,0.0,0.0,0.0,0.0,0.0,0.0
1313,490,Sorbus',0,0,0,0,0,0,0,0.0,0.0,0.0,0.0,0.0,0.0,0.0,0.0
1313,490,Taxodium',0,0,60,0,0,0,0,16.214588165283203,5.834783554077148,42.15039588228056,0.7299831733689234,549.5341551780701,9080.540262366583,0.0018279653894901506,29.721705537479544
1313,490,Taxus',0,0,0,0,0,0,0,0.0,0.0,0.0,0.0,0.0,0.0,0.0,0.0
1313,490,Thuja',0,0,0,0,0,0,0,0.0,0.0,0.0,0.0,0.0,0.0,0.0,0.0
1313,490,Tilia',0,0,0,0,0,0,0,0.0,0.0,0.0,0.0,0.0,0.0,0.0,0.0
1313,490,Torreya',0,29,63,59,0,0,0,35.29645919799805,14.353946685791016,56.7489733672142,8.059748198766927,10575.04350415945,130887.21546646317,0.024319803836293473,297.0130190343699
1313,490,Tsuga',0,0,0,0,0,0,0,0.0,0.0,0.0,0.0,0.0,0.0,0.0,0.0
1313,490,Ulmus',0,0,0,0,0,0,0,0.0,0.0,0.0,0.0,0.0,0.0,0.0,0.0
1313,490,Umbellularia',0,0,0,0,0,0,0,0.0,0.0,0.0,0.0,0.0,0.0,0.0,0.0
1313,500,Abies',0,0,0,0,0,0,0,0.0,0.0,0.0,0.0,0.0,0.0,0.0,0.0
1313,500,Acer',0,596,255,0,0,0,0,56.96599578857422,25.21048927307129,332.80142477654573,3.8334464568574447,4666.265151458085,39172.83313918922,0.015160339585842736,100.05656508148753
1313,500,Aesculus',0,0,0,0,0,0,0,0.0,0.0,0.0,0.0,0.0,0.0,0.0,0.0
1313,500,Ailanthus',0,0,0,0,0,0,0,0.0,0.0,0.0,0.0,0.0,0.0,0.0,0.0
1313,500,Alnus',0,0,0,0,0,0,0,0.0,0.0,0.0,0.0,0.0,0.0,0.0,0.0
1313,500,Amelanchier',0,0,0,0,0,0,0,0.0,0.0,0.0,0.0,0.0,0.0,0.0,0.0
1313,500,Arbutus',0,0,0,0,0,0,0,0.0,0.0,0.0,0.0,0.0,0.0,0.0,0.0
1313,500,Asimina',0,0,0,0,0,0,0,0.0,0.0,0.0,0.0,0.0,0.0,0.0,0.0
1313,500,Betula',0,0,0,0,0,0,0,0.0,0.0,0.0,0.0,0.0,0.0,0.0,0.0
1313,500,Calocedrus',0,0,0,0,0,0,0,0.0,0.0,0.0,0.0,0.0,0.0,0.0,0.0
1313,500,Carpinus',0,0,0,0,0,0,0,0.0,0.0,0.0,0.0,0.0,0.0,0.0,0.0
1313,500,Carya',0,1,0,18,0,0,0,30.200927734375,13.31656265258789,6.559058702256105,1.3086994904700178,2051.5167524069548,45623.5026724536,0.00465334755448997,102.95236754644513
1313,500,Castanea',0,0,0,0,0,0,0,0.0,0.0,0.0,0.0,0.0,0.0,0.0,0.0
1313,500,Catalpa',0,0,0,0,0,0,0,0.0,0.0,0.0,0.0,0.0,0.0,0.0,0.0
1313,500,Celtis',0,47,24,0,0,0,0,22.482566833496094,12.479399681091309,36.63919567448806,0.46293478279354877,555.8944868335128,8043.163577994778,0.001762762618186892,24.06590191582339
1313,500,Cercis',0,0,0,0,0,0,0,0.0,0.0,0.0,0.0,0.0,0.0,0.0,0.0
1313,500,Cercocarpus',0,0,0,0,0,0,0,0.0,0.0,0.0,0.0,0.0,0.0,0.0,0.0
1313,500,Chamaecyparis',0,0,0,0,0,0,0,0.0,0.0,0.0,0.0,0.0,0.0,0.0,0.0
1313,500,Chilopsis',0,0,0,0,0,0,0,0.0,0.0,0.0,0.0,0.0,0.0,0.0,0.0
1313,500,Chrysolepis',0,0,0,0,0,0,0,0.0,0.0,0.0,0.0,0.0,0.0,0.0,0.0
1313,500,Cladrastis',0,0,0,0,0,0,0,0.0,0.0,0.0,0.0,0.0,0.0,0.0,0.0
1313,500,Comus',0,0,0,0,0,0,0,0.0,0.0,0.0,0.0,0.0,0.0,0.0,0.0
1313,500,Cornus',0,0,0,0,0,0,0,0.0,0.0,0.0,0.0,0.0,0.0,0.0,0.0
1313,500,Crataegus',0,0,0,0,0,0,0,0.0,0.0,0.0,0.0,0.0,0.0,0.0,0.0
1313,500,Cupressus',0,0,0,0,0,0,0,0.0,0.0,0.0,0.0,0.0,0.0,0.0,0.0
1313,500,Diospyros',0,0,0,0,0,0,0,0.0,0.0,0.0,0.0,0.0,0.0,0.0,0.0
1313,500,Elaeagnus',0,0,0,0,0,0,0,0.0,0.0,0.0,0.0,0.0,0.0,0.0,0.0
1313,500,Fagus',0,0,0,0,0,0,0,0.0,0.0,0.0,0.0,0.0,0.0,0.0,0.0
1313,500,Fraxinus',0,699,618,92,0,0,0,46.3220100402832,17.320627212524414,519.7328353126214,23.125106957609148,30364.615088600516,179140.3866254206,0.0749587664519475,410.8833689362684
1313,500,Gleditsia',0,0,0,0,0,0,0,0.0,0.0,0.0,0.0,0.0,0.0,0.0,0.0
1313,500,Gordonia',0,26,40,0,0,0,0,23.626070022583008,13.892008781433105,20.817919048070905,1.7788989990317718,2174.582636932135,47783.131402749044,0.005133109269172537,110.01502425647845
1313,500,Gymnocladus',0,0,0,0,0,0,0,0.0,0.0,0.0,0.0,0.0,0.0,0.0,0.0
1313,500,Halesia',0,0,0,0,0,0,0,0.0,0.0,0.0,0.0,0.0,0.0,0.0,0.0
1313,500,Ilex',0,0,0,0,0,0,0,0.0,0.0,0.0,0.0,0.0,0.0,0.0,0.0
1313,500,Juglans',0,0,0,0,0,0,0,0.0,0.0,0.0,0.0,0.0,0.0,0.0,0.0
1313,500,Juniperus',0,0,0,0,0,0,0,0.0,0.0,0.0,0.0,0.0,0.0,0.0,0.0
1313,500,Larix',0,0,0,0,0,0,0,0.0,0.0,0.0,0.0,0.0,0.0,0.0,0.0
1313,500,Liquidambar',0,0,27,0,0,0,0,8.672164916992188,7.223945617675781,15.715179322641106,0.16444253709306528,163.38821296691896,3653.4715091624184,0.0005893136630058355,13.177454105504456
1313,500,Liriodendron',0,1309,1832,302,6,8,0,75.50247955322266,23.3983211517334,1464.4215859762755,78.33047799818009,77620.87480544552,237122.0157326461,0.19357199432400835,548.0716424243665
1313,500,Lithocarpus',0,0,0,0,0,0,0,0.0,0.0,0.0,0.0,0.0,0.0,0.0,0.0
1313,500,Maclura',0,0,65,0,0,0,0,21.910778045654297,9.884333610534668,29.342333920582938,1.763878594118939,2818.7297320824864,55872.8553146186,0.006686243137419223,131.682417462005
1313,500,Magnolia',0,0,0,0,0,0,0,27.72173309326172,14.132309913635254,7.8129905990407424,0.019314373044645353,53.34318603515625,1192.7899011102804,0.00018986433537801104,4.245495604080521
1313,500,Malus',0,0,0,0,0,0,0,0.0,0.0,0.0,0.0,0.0,0.0,0.0,0.0
1313,500,Morus',0,0,0,0,0,0,0,0.0,0.0,0.0,0.0,0.0,0.0,0.0,0.0
1313,500,Nyssa',0,0,33,0,0,0,0,8.979170799255371,5.761287212371826,9.624867050708094,0.21099265615323648,171.99967510461806,3846.029656418014,0.000520776813127107,11.64492355257928
1313,500,Olneya',0,0,0,0,0,0,0,0.0,0.0,0.0,0.0,0.0,0.0,0.0,0.0
1313,500,Ostrya',0,0,0,0,0,0,0,0.0,0.0,0.0,0.0,0.0,0.0,0.0,0.0
1313,500,Oxydendron',0,0,0,0,0,0,0,0.0,0.0,0.0,0.0,0.0,0.0,0.0,0.0
1313,500,Paulownia',0,106,32,0,0,0,0,15.695225715637207,7.014340400695801,74.71792422093544,0.6685843484285051,400.8832847467065,6007.33572992892,0.001966457785759587,23.00754826765091
1313,500,Persea',0,0,77,0,0,0,0,16.346981048583984,9.416875839233398,14.68664846420288,1.237900647166219,1374.8019392967224,22991.66058320767,0.0032672560185194365,54.21138156028989
1313,500,Picea',0,0,0,0,0,0,0,0.0,0.0,0.0,0.0,0.0,0.0,0.0,0.0
1313,500,Pinus',0,785,2453,1255,324,47,35,124.64912414550781,32.33797836303711,1946.4130674681066,334.4271093488389,570720.3275232231,1168527.155876398,1.296382247331621,2611.063659109255
1313,500,Planera',0,0,0,0,0,0,0,0.0,0.0,0.0,0.0,0.0,0.0,0.0,0.0
1313,500,Platanus',0,101,62,0,0,0,0,22.987340927124023,7.546371936798096,109.95710704334174,2.1322468409608435,1880.4250421106815,31322.705509238927,0.005761615832187178,82.27909394477656
1313,500,Populus',0,167,71,0,0,0,0,25.195507049560547,9.842534065246582,119.98483015955247,2.1847781091140748,1681.3500314199925,22319.364812732536,0.005463581709496722,60.130358800986706
1313,500,Prosopis',0,0,0,0,0,0,0,0.0,0.0,0.0,0.0,0.0,0.0,0.0,0.0
1313,500,Prunus',0,0,22,0,0,0,0,9.996397018432617,5.9506635665893555,9.64674421503574,0.17580243751449512,143.99941263198852,3219.9247536516796,0.0004588689345121355,10.260621303320383
1313,500,Pseudotsuga',0,0,0,0,0,0,0,0.0,0.0,0.0,0.0,0.0,0.0,0.0,0.0
1313,500,Quercus',0,32,55,16,0,4,0,68.28508758544922,23.589378356933594,48.184623503232295,5.14631680900356,9223.031582963467,111398.70319467662,0.021189269614964736,251.6544587055719
1313,500,Robinia',0,0,0,0,0,0,0,0.0,0.0,0.0,0.0,0.0,0.0,0.0,0.0
1313,500,Salix',0,180,79,0,0,0,0,13.991155624389648,8.889423370361328,96.672452263817,1.0460009083748723,844.1453692620993,9100.787013580753,0.0032675322874602883,30.338899431099854
1313,500,Sassafras',0,38,0,0,0,0,0,7.014175891876221,7.841100692749023,9.090522768188126,0.1494616083683799,131.0723577874899,2930.8670198400287,0.00042213502668961116,9.439226153616552
1313,500,Sequoia',0,0,0,0,0,0,0,0.0,0.0,0.0,0.0,0.0,0.0,0.0,0.0
1313,500,Sequoiadendron',0,0,0,0,0,0,0,0.0,0.0,0.0,0.0,0.0,0.0,0.0,0.0
1313,500,Sorbus',0,0,0,0,0,0,0,0.0,0.0,0.0,0.0,0.0,0.0,0.0,0.0
1313,500,Taxodium',0,0,96,0,0,0,0,22.537673950195312,7.435853004455566,47.18961421447464,1.5573031645606201,1183.0314362812042,17683.499897469148,0.0033082794785499535,46.89031450129991
1313,500,Taxus',0,0,0,0,0,0,0,0.0,0.0,0.0,0.0,0.0,0.0,0.0,0.0
1313,500,Thuja',0,0,0,0,0,0,0,0.0,0.0,0.0,0.0,0.0,0.0,0.0,0.0
1313,500,Tilia',0,0,0,0,0,0,0,0.0,0.0,0.0,0.0,0.0,0.0,0.0,0.0
1313,500,Torreya',0,0,57,97,0,0,0,37.16015625,14.63545036315918,62.132970314025876,9.956440671178209,13257.351971549988,153895.40879375325,0.0303582590893953,348.4627014705557
1313,500,Tsuga',0,0,0,0,0,0,0,0.0,0.0,0.0,0.0,0.0,0.0,0.0,0.0
1313,500,Ulmus',0,0,0,0,0,0,0,0.0,0.0,0.0,0.0,0.0,0.0,0.0,0.0
1313,500,Umbellularia',0,0,0,0,0,0,0,0.0,0.0,0.0,0.0,0.0,0.0,0.0,0.0
1313,510,Abies',0,0,0,0,0,0,0,0.0,0.0,0.0,0.0,0.0,0.0,0.0,0.0
1313,510,Acer',0,474,290,0,0,0,0,20.264957427978516,13.181323051452637,319.88053571951536,4.013357965248524,4550.26524895966,27750.848671578355,0.01471655861760211,81.53615060156008
1313,510,Aesculus',0,0,0,0,0,0,0,0.0,0.0,0.0,0.0,0.0,0.0,0.0,0.0
1313,510,Ailanthus',0,0,0,0,0,0,0,0.0,0.0,0.0,0.0,0.0,0.0,0.0,0.0
1313,510,Alnus',0,0,0,0,0,0,0,0.0,0.0,0.0,0.0,0.0,0.0,0.0,0.0
1313,510,Amelanchier',0,0,0,0,0,0,0,0.0,0.0,0.0,0.0,0.0,0.0,0.0,0.0
1313,510,Arbutus',0,0,0,0,0,0,0,0.0,0.0,0.0,0.0,0.0,0.0,0.0,0.0
1313,510,Asimina',0,0,0,0,0,0,0,0.0,0.0,0.0,0.0,0.0,0.0,0.0,0.0
1313,510,Betula',0,0,0,0,0,0,0,0.0,0.0,0.0,0.0,0.0,0.0,0.0,0.0
1313,510,Calocedrus',0,0,0,0,0,0,0,0.0,0.0,0.0,0.0,0.0,0.0,0.0,0.0
1313,510,Carpinus',0,0,0,0,0,0,0,0.0,0.0,0.0,0.0,0.0,0.0,0.0,0.0
1313,510,Carya',0,52,0,18,0,0,0,32.107933044433594,13.915005683898926,30.11620545170352,1.5267880511304963,2478.335080124438,53483.30624233803,0.005940950335463553,122.53935862141013
1313,510,Castanea',0,0,0,0,0,0,0,0.0,0.0,0.0,0.0,0.0,0.0,0.0,0.0
1313,510,Catalpa',0,36,36,0,0,0,0,8.002388954162598,4.013252258300781,10.928433955517372,0.1877014704683909,129.22330587938427,2658.95591175519,0.0004444837807374995,8.576988086587571
1313,510,Celtis',0,34,47,0,0,0,0,11.8470458984375,7.8720831871032715,26.497898475278777,0.5086601126480497,511.9254695761204,8018.242082212296,0.0015190641120150577,23.968820892104496
1313,510,Cercis',0,0,0,0,0,0,0,0.0,0.0,0.0,0.0,0.0,0.0,0.0,0.0
1313,510,Cercocarpus',0,0,0,0,0,0,0,0.0,0.0,0.0,0.0,0.0,0.0,0.0,0.0
1313,510,Chamaecyparis',0,0,0,0,0,0,0,0.0,0.0,0.0,0.0,0.0,0.0,0.0,0.0
1313,510,Chilopsis',0,0,0,0,0,0,0,0.0,0.0,0.0,0.0,0.0,0.0,0.0,0.0
1313,510,Chrysolepis',0,0,0,0,0,0,0,0.0,0.0,0.0,0.0,0.0,0.0,0.0,0.0
1313,510,Cladrastis',0,0,0,0,0,0,0,0.0,0.0,0.0,0.0,0.0,0.0,0.0,0.0
1313,510,Comus',0,0,0,0,0,0,0,0.0,0.0,0.0,0.0,0.0,0.0,0.0,0.0
1313,510,Cornus',0,0,0,0,0,0,0,0.0,0.0,0.0,0.0,0.0,0.0,0.0,0.0
1313,510,Crataegus',0,0,0,0,0,0,0,0.0,0.0,0.0,0.0,0.0,0.0,0.0,0.0
1313,510,Cupressus',0,0,0,0,0,0,0,0.0,0.0,0.0,0.0,0.0,0.0,0.0,0.0
1313,510,Diospyros',0,0,0,0,0,0,0,0.0,0.0,0.0,0.0,0.0,0.0,0.0,0.0
1313,510,Elaeagnus',0,0,0,0,0,0,0,0.0,0.0,0.0,0.0,0.0,0.0,0.0,0.0
1313,510,Fagus',0,0,0,0,0,0,0,0.0,0.0,0.0,0.0,0.0,0.0,0.0,0.0
1313,510,Fraxinus',0,421,678,94,0,0,0,43.38425827026367,19.122652053833008,465.67922257535344,21.048823591701016,27307.218641119525,166511.11397027923,0.06738641897207667,380.70911563943815
1313,510,Gleditsia',0,0,0,0,0,0,0,0.0,0.0,0.0,0.0,0.0,0.0,0.0,0.0
1313,510,Gordonia',0,0,0,0,0,0,0,0.0,0.0,0.0,0.0,0.0,0.0,0.0,0.0
1313,510,Gymnocladus',0,0,0,0,0,0,0,0.0,0.0,0.0,0.0,0.0,0.0,0.0,0.0
1313,510,Halesia',0,0,0,0,0,0,0,0.0,0.0,0.0,0.0,0.0,0.0,0.0,0.0
1313,510,Ilex',0,0,0,0,0,0,0,0.0,0.0,0.0,0.0,0.0,0.0,0.0,0.0
1313,510,Juglans',0,0,0,0,0,0,0,0.0,0.0,0.0,0.0,0.0,0.0,0.0,0.0
1313,510,Juniperus',0,0,0,0,0,0,0,0.0,0.0,0.0,0.0,0.0,0.0,0.0,0.0
1313,510,Larix',0,0,0,0,0,0,0,0.0,0.0,0.0,0.0,0.0,0.0,0.0,0.0
1313,510,Liquidambar',0,0,27,0,0,0,0,13.927046775817871,10.303024291992188,8.932394724857957,0.42410869928664735,438.4928412151337,9804.998006040543,0.0011030153481960167,24.664172987918832
1313,510,Liriodendron',0,1302,2074,165,4,8,0,79.93682098388672,24.115928649902344,1607.2089481663807,83.25653004199303,82712.75364849292,246543.24072720588,0.20694278607992236,569.7768166067405
1313,510,Lithocarpus',0,0,0,0,0,0,0,0.0,0.0,0.0,0.0,0.0,0.0,0.0,0.0
1313,510,Maclura',0,0,40,0,0,0,0,23.795534133911133,10.372779846191406,12.647263422796996,1.7788559805874202,2980.020963549614,66635.29448871345,0.006804333731532044,152.14952765300487
1313,510,Magnolia',0,0,0,0,0,0,0,49.87038040161133,20.83175277709961,23.58952389487737,0.06250650575057301,228.76311035156252,5115.298654903865,0.0007237086334228514,16.182617002369636
1313,510,Malus',0,0,0,0,0,0,0,0.0,0.0,0.0,0.0,0.0,0.0,0.0,0.0
1313,510,Morus',0,0,0,0,0,0,0,0.0,0.0,0.0,0.0,0.0,0.0,0.0,0.0
1313,510,Nyssa',0,0,33,0,0,0,0,14.96780014038086,8.344206809997559,6.226238684752318,0.5862877569581699,526.2475653988123,11767.253292255018,0.001259069185867889,28.153642879759026
1313,510,Olneya',0,0,0,0,0,0,0,0.0,0.0,0.0,0.0,0.0,0.0,0.0,0.0
1313,510,Ostrya',0,0,0,0,0,0,0,0.0,0.0,0.0,0.0,0.0,0.0,0.0,0.0
1313,510,Oxydendron',0,0,0,0,0,0,0,0.0,0.0,0.0,0.0,0.0,0.0,0.0,0.0
1313,510,Paulownia',0,50,0,0,0,0,0,4.666317939758301,3.2077138423919678,27.82643670617025,0.06189897691991337,59.61210749804974,985.8729233689849,0.0005330483733611196,8.829361093272874
1313,510,Persea',0,0,39,0,0,0,0,15.621885299682617,9.140780448913574,4.495129144191742,0.754417685201013,847.8395541930199,18958.26877188712,0.00194901761829855,43.581358838603386
1313,510,Picea',0,0,0,0,0,0,0,0.0,0.0,0.0,0.0,0.0,0.0,0.0,0.0
1313,510,Pinus',0,990,2392,1465,259,71,35,132.16587829589844,32.76567840576172,2017.026111860126,339.0273271983786,576792.0604719142,1171311.9828177574,1.310894953749645,2616.7199295752157
1313,510,Planera',0,0,0,0,0,0,0,0.0,0.0,0.0,0.0,0.0,0.0,0.0,0.0
1313,510,Platanus',0,86,99,0,0,0,0,24.1900577545166,7.839845657348633,171.5767261423642,2.4388976597666927,2256.408174533844,36118.967233573305,0.007484182620395852,100.6343155984332
1313,510,Populus',0,240,86,0,0,0,0,16.060665130615234,7.02436637878418,80.09758426041542,1.3282088150680351,943.0947760486603,10584.91684128498,0.003248815406557637,29.90211156239105
1313,510,Prosopis',0,0,0,0,0,0,0,0.0,0.0,0.0,0.0,0.0,0.0,0.0,0.0
1313,510,Prunus',0,7,22,0,0,0,0,16.84330940246582,8.7662992477417,10.95822850360146,0.5040312135915367,462.38317564010623,10181.670135000018,0.0011852679134607316,25.446003166486726
1313,510,Pseudotsuga',0,0,0,0,0,0,0,0.0,0.0,0.0,0.0,0.0,0.0,0.0,0.0
1313,510,Quercus',0,49,101,18,0,4,0,73.4276123046875,24.27368927001953,98.60999554466407,6.708052432481079,12226.393541267365,137563.60279137208,0.028589309106137144,313.22482202951045
1313,510,Robinia',0,0,0,0,0,0,0,0.0,0.0,0.0,0.0,0.0,0.0,0.0,0.0
1313,510,Salix',0,241,42,0,0,0,0,12.968446731567383,8.410137176513672,107.50979287714897,0.8681295108656135,711.4071047657728,7467.781807181946,0.003128567848155386,27.393848067887227
1313,510,Sassafras',0,0,38,0,0,0,0,10.501644134521484,10.353614807128906,14.836437001447132,0.3350355885337583,333.464163890481,7456.485385192472,0.0009546102594733403,21.345734322011104
1313,510,Sequoia',0,0,0,0,0,0,0,0.0,0.0,0.0,0.0,0.0,0.0,0.0,0.0
1313,510,Sequoiadendron',0,0,0,0,0,0,0,0.0,0.0,0.0,0.0,0.0,0.0,0.0,0.0
1313,510,Sorbus',0,0,0,0,0,0,0,0.0,0.0,0.0,0.0,0.0,0.0,0.0,0.0
1313,510,Taxodium',0,39,60,0,0,0,0,27.522388458251953,8.63700008392334,51.78193585027621,1.9037155417176037,1575.5772423601152,27362.427061992017,0.0042467125270813175,70.46853145451395
1313,510,Taxus',0,0,0,0,0,0,0,0.0,0.0,0.0,0.0,0.0,0.0,0.0,0.0
1313,510,Thuja',0,0,0,0,0,0,0,0.0,0.0,0.0,0.0,0.0,0.0,0.0,0.0
1313,510,Tilia',0,0,0,0,0,0,0,0.0,0.0,0.0,0.0,0.0,0.0,0.0,0.0
1313,510,Torreya',0,14,2,97,0,0,0,38.82473373413086,14.868450164794922,70.28200511217116,9.672244905107398,13450.026623299122,173366.89870575024,0.03090413283717395,394.0784198078908
1313,510,Tsuga',0,0,0,0,0,0,0,0.0,0.0,0.0,0.0,0.0,0.0,0.0,0.0
1313,510,Ulmus',0,0,0,0,0,0,0,0.0,0.0,0.0,0.0,0.0,0.0,0.0,0.0
1313,510,Umbellularia',0,0,0,0,0,0,0,0.0,0.0,0.0,0.0,0.0,0.0,0.0,0.0
1313,520,Abies',0,0,0,0,0,0,0,0.0,0.0,0.0,0.0,0.0,0.0,0.0,0.0
1313,520,Acer',0,494,239,6,0,0,0,29.36434555053711,17.07619285583496,324.76416754100137,4.960412394771969,6263.103387420773,44400.26517383632,0.01859316827319331,113.46233581603366
1313,520,Aesculus',0,0,0,0,0,0,0,0.0,0.0,0.0,0.0,0.0,0.0,0.0,0.0
1313,520,Ailanthus',0,0,0,0,0,0,0,0.0,0.0,0.0,0.0,0.0,0.0,0.0,0.0
1313,520,Alnus',0,0,0,0,0,0,0,0.0,0.0,0.0,0.0,0.0,0.0,0.0,0.0
1313,520,Amelanchier',0,0,0,0,0,0,0,0.0,0.0,0.0,0.0,0.0,0.0,0.0,0.0
1313,520,Arbutus',0,0,0,0,0,0,0,0.0,0.0,0.0,0.0,0.0,0.0,0.0,0.0
1313,520,Asimina',0,0,0,0,0,0,0,0.0,0.0,0.0,0.0,0.0,0.0,0.0,0.0
1313,520,Betula',0,0,0,0,0,0,0,0.0,0.0,0.0,0.0,0.0,0.0,0.0,0.0
1313,520,Calocedrus',0,0,0,0,0,0,0,0.0,0.0,0.0,0.0,0.0,0.0,0.0,0.0
1313,520,Carpinus',0,0,0,0,0,0,0,0.0,0.0,0.0,0.0,0.0,0.0,0.0,0.0
1313,520,Carya',0,11,51,18,0,0,0,33.870330810546875,14.453739166259766,30.609229960584937,2.0504287124493277,3188.026086801887,61464.758410483875,0.00752513938768206,139.39222619556656
1313,520,Castanea',0,0,0,0,0,0,0,0.0,0.0,0.0,0.0,0.0,0.0,0.0,0.0
1313,520,Catalpa',0,67,0,0,0,0,0,5.08444881439209,3.0791544914245605,22.206285733588132,0.10579220678765283,97.939458745718,1537.3773150912732,0.000537315056399435,8.405509897547812
1313,520,Celtis',0,0,19,0,0,0,0,9.245257377624512,6.571518421173096,17.670500565178784,0.1307726263126649,147.5797828578949,3299.9842657490894,0.0005823317403569768,13.021333568939495
1313,520,Cercis',0,0,0,0,0,0,0,0.0,0.0,0.0,0.0,0.0,0.0,0.0,0.0
1313,520,Cercocarpus',0,0,0,0,0,0,0,0.0,0.0,0.0,0.0,0.0,0.0,0.0,0.0
1313,520,Chamaecyparis',0,0,0,0,0,0,0,0.0,0.0,0.0,0.0,0.0,0.0,0.0,0.0
1313,520,Chilopsis',0,0,0,0,0,0,0,0.0,0.0,0.0,0.0,0.0,0.0,0.0,0.0
1313,520,Chrysolepis',0,0,0,0,0,0,0,0.0,0.0,0.0,0.0,0.0,0.0,0.0,0.0
1313,520,Cladrastis',0,0,0,0,0,0,0,0.0,0.0,0.0,0.0,0.0,0.0,0.0,0.0
1313,520,Comus',0,0,0,0,0,0,0,0.0,0.0,0.0,0.0,0.0,0.0,0.0,0.0
1313,520,Cornus',0,0,0,0,0,0,0,0.0,0.0,0.0,0.0,0.0,0.0,0.0,0.0
1313,520,Crataegus',0,0,0,0,0,0,0,0.0,0.0,0.0,0.0,0.0,0.0,0.0,0.0
1313,520,Cupressus',0,0,0,0,0,0,0,0.0,0.0,0.0,0.0,0.0,0.0,0.0,0.0
1313,520,Diospyros',0,0,0,0,0,0,0,0.0,0.0,0.0,0.0,0.0,0.0,0.0,0.0
1313,520,Elaeagnus',0,0,0,0,0,0,0,0.0,0.0,0.0,0.0,0.0,0.0,0.0,0.0
1313,520,Fagus',0,0,0,0,0,0,0,0.0,0.0,0.0,0.0,0.0,0.0,0.0,0.0
1313,520,Fraxinus',0,525,528,84,6,0,0,48.98701095581055,20.60987663269043,453.8398579559937,22.60867158601428,30610.220288915338,187944.23920973105,0.07455598846550153,429.11495382723837
1313,520,Gleditsia',0,0,0,0,0,0,0,0.0,0.0,0.0,0.0,0.0,0.0,0.0,0.0
1313,520,Gordonia',0,0,0,0,0,0,0,0.0,0.0,0.0,0.0,0.0,0.0,0.0,0.0
1313,520,Gymnocladus',0,0,0,0,0,0,0,0.0,0.0,0.0,0.0,0.0,0.0,0.0,0.0
1313,520,Halesia',0,0,0,0,0,0,0,0.0,0.0,0.0,0.0,0.0,0.0,0.0,0.0
1313,520,Ilex',0,0,0,0,0,0,0,0.0,0.0,0.0,0.0,0.0,0.0,0.0,0.0
1313,520,Juglans',0,0,0,0,0,0,0,0.0,0.0,0.0,0.0,0.0,0.0,0.0,0.0
1313,520,Juniperus',0,0,0,0,0,0,0,0.0,0.0,0.0,0.0,0.0,0.0,0.0,0.0
1313,520,Larix',0,0,0,0,0,0,0,0.0,0.0,0.0,0.0,0.0,0.0,0.0,0.0
1313,520,Liquidambar',0,0,27,0,0,0,0,18.90082550048828,12.908514976501465,15.811336176304875,0.781125215375732,939.9949397563935,21018.925838011124,0.002316490597486469,51.79830445218823
1313,520,Liriodendron',0,1548,1970,219,11,4,0,72.46199035644531,22.880434036254883,1682.8817927580374,77.94543014659466,75290.00198599025,217610.684645019,0.19153713522792942,505.50261907557933
1313,520,Lithocarpus',0,0,0,0,0,0,0,0.0,0.0,0.0,0.0,0.0,0.0,0.0,0.0
1313,520,Maclura',0,0,0,0,0,0,0,0.0,0.0,0.0,0.0,0.0,0.0,0.0,0.0
1313,520,Magnolia',0,0,0,0,0,0,0,72.16776275634766,25.46160888671875,24.265967260433147,0.13089599053795764,374.81366943359376,8381.088437496612,0.0010544405568440754,23.578007633360862
1313,520,Malus',0,0,0,0,0,0,0,0.0,0.0,0.0,0.0,0.0,0.0,0.0,0.0
1313,520,Morus',0,0,0,0,0,0,0,0.0,0.0,0.0,0.0,0.0,0.0,0.0,0.0
1313,520,Nyssa',0,27,0,0,0,0,0,3.4569239616394043,3.004232883453369,7.378061858913566,0.019682891200342948,27.71571675181389,579.3948234737069,0.00016780178345320596,3.6603276877418685
1313,520,Olneya',0,0,0,0,0,0,0,0.0,0.0,0.0,0.0,0.0,0.0,0.0,0.0
1313,520,Ostrya',0,0,0,0,0,0,0,0.0,0.0,0.0,0.0,0.0,0.0,0.0,0.0
1313,520,Oxydendron',0,0,0,0,0,0,0,0.0,0.0,0.0,0.0,0.0,0.0,0.0,0.0
1313,520,Paulownia',0,126,0,0,0,0,0,4.803813934326172,3.2610318660736084,44.95498631385308,0.13829021081867893,113.43418352723121,1424.9303847678843,0.000899227967825719,11.595073571762182
1313,520,Persea',0,25,39,0,0,0,0,19.995956420898438,10.711736679077148,11.576221218109131,1.2485972885743326,1559.1151665306093,34474.62901742249,0.0036319126006365094,80.34903810526826
1313,520,Picea',0,0,0,0,0,0,0,0.0,0.0,0.0,0.0,0.0,0.0,0.0,0.0
1313,520,Pinus',0,707,2329,1501,254,72,24,135.23880004882812,32.92369842529297,1781.8263746231794,333.2140356579549,561467.7849199378,1149880.342223857,1.27344367955505,2570.8687226075444
1313,520,Planera',0,0,0,0,0,0,0,0.0,0.0,0.0,0.0,0.0,0.0,0.0,0.0
1313,520,Platanus',0,108,61,0,0,0,0,18.416688919067383,6.402467250823975,77.18805970553355,0.8521289141054341,781.7599266260862,11473.335111977703,0.002848409345360927,36.30405658981505
1313,520,Populus',0,106,139,0,0,0,0,21.58914566040039,8.764822959899902,79.92156130108462,2.39833298579235,1716.5085548077525,21486.966945504737,0.0049649787831033635,56.44590562588406
1313,520,Prosopis',0,0,0,0,0,0,0,0.0,0.0,0.0,0.0,0.0,0.0,0.0,0.0
1313,520,Prunus',0,0,29,0,0,0,0,23.29056739807129,11.172325134277344,21.92248827294458,0.9902831169316075,1046.9675064849853,22556.263080257868,0.0026421808184385076,54.899235675445155
1313,520,Pseudotsuga',0,0,0,0,0,0,0,0.0,0.0,0.0,0.0,0.0,0.0,0.0,0.0
1313,520,Quercus',0,31,65,16,1,4,0,78.2652816772461,24.85060691833496,71.61212699322759,5.55783188675782,10672.789176931381,141947.40587263994,0.024748205459341418,320.5676326737926
1313,520,Robinia',0,0,0,0,0,0,0,0.0,0.0,0.0,0.0,0.0,0.0,0.0,0.0
1313,520,Salix',0,232,2,0,0,0,0,18.113571166992188,10.715876579284668,58.99617798343489,0.2675513069250867,279.6602182281017,2505.5950533429004,0.001470749910627488,12.907904867352137
1313,520,Sassafras',0,0,38,0,0,0,0,14.138397216796875,12.558531761169434,10.102838532456866,0.6072628377145136,650.6969936168194,14550.027104819566,0.0015914294007420538,35.58544321450991
1313,520,Sequoia',0,0,0,0,0,0,0,0.0,0.0,0.0,0.0,0.0,0.0,0.0,0.0
1313,520,Sequoiadendron',0,0,0,0,0,0,0,0.0,0.0,0.0,0.0,0.0,0.0,0.0,0.0
1313,520,Sorbus',0,0,0,0,0,0,0,0.0,0.0,0.0,0.0,0.0,0.0,0.0,0.0
1313,520,Taxodium',0,0,37,23,0,0,0,31.782428741455078,9.62277889251709,51.117859671387485,2.6492491603670003,2276.9795073318483,39180.52186880888,0.00579582470035556,97.12858759573078
1313,520,Taxus',0,0,0,0,0,0,0,0.0,0.0,0.0,0.0,0.0,0.0,0.0,0.0
1313,520,Thuja',0,0,0,0,0,0,0,0.0,0.0,0.0,0.0,0.0,0.0,0.0,0.0
1313,520,Tilia',0,0,0,0,0,0,0,0.0,0.0,0.0,0.0,0.0,0.0,0.0,0.0
1313,520,Torreya',0,0,25,99,0,0,0,40.551124572753906,15.093071937561035,76.61657855391502,11.320662268841708,15881.718984941244,195317.69530439298,0.036399392877822054,439.7144185063654
1313,520,Tsuga',0,0,0,0,0,0,0,0.0,0.0,0.0,0.0,0.0,0.0,0.0,0.0
1313,520,Ulmus',0,0,0,0,0,0,0,0.0,0.0,0.0,0.0,0.0,0.0,0.0,0.0
1313,520,Umbellularia',0,0,0,0,0,0,0,0.0,0.0,0.0,0.0,0.0,0.0,0.0,0.0
1313,530,Abies',0,0,0,0,0,0,0,0.0,0.0,0.0,0.0,0.0,0.0,0.0,0.0
1313,530,Acer',0,364,222,0,0,0,0,20.340850830078125,13.216984748840332,221.20940617934056,3.9594343618081957,4611.87619174242,33009.27943422489,0.013433046048382248,87.8372958447251
1313,530,Aesculus',0,0,0,0,0,0,0,0.0,0.0,0.0,0.0,0.0,0.0,0.0,0.0
1313,530,Ailanthus',0,0,0,0,0,0,0,0.0,0.0,0.0,0.0,0.0,0.0,0.0,0.0
1313,530,Alnus',0,0,0,0,0,0,0,0.0,0.0,0.0,0.0,0.0,0.0,0.0,0.0
1313,530,Amelanchier',0,0,0,0,0,0,0,0.0,0.0,0.0,0.0,0.0,0.0,0.0,0.0
1313,530,Arbutus',0,0,0,0,0,0,0,0.0,0.0,0.0,0.0,0.0,0.0,0.0,0.0
1313,530,Asimina',0,0,0,0,0,0,0,0.0,0.0,0.0,0.0,0.0,0.0,0.0,0.0
1313,530,Betula',0,0,0,0,0,0,0,0.0,0.0,0.0,0.0,0.0,0.0,0.0,0.0
1313,530,Calocedrus',0,0,0,0,0,0,0,0.0,0.0,0.0,0.0,0.0,0.0,0.0,0.0
1313,530,Carpinus',0,0,0,0,0,0,0,0.0,0.0,0.0,0.0,0.0,0.0,0.0,0.0
1313,530,Carya',0,0,41,0,0,0,0,13.953853607177734,7.994208812713623,11.748600971849656,0.6221654112608441,697.977801361084,15287.342293563463,0.001720189484119384,37.552433120173525
1313,530,Castanea',0,0,0,0,0,0,0,0.0,0.0,0.0,0.0,0.0,0.0,0.0,0.0
1313,530,Catalpa',0,29,5,0,0,0,0,21.12853240966797,7.542791843414307,18.25752659689022,0.18522783830980383,165.94956434249877,3511.1317425783823,0.0006316040408015263,13.673779583425688
1313,530,Celtis',0,64,25,0,0,0,0,8.277274131774902,6.068373680114746,34.66996329306046,0.2738649410682251,280.73954518675805,4149.497418659397,0.0011229590556621441,16.034408288685345
1313,530,Cercis',0,0,0,0,0,0,0,0.0,0.0,0.0,0.0,0.0,0.0,0.0,0.0
1313,530,Cercocarpus',0,0,0,0,0,0,0,0.0,0.0,0.0,0.0,0.0,0.0,0.0,0.0
1313,530,Chamaecyparis',0,0,0,0,0,0,0,0.0,0.0,0.0,0.0,0.0,0.0,0.0,0.0
1313,530,Chilopsis',0,0,0,0,0,0,0,0.0,0.0,0.0,0.0,0.0,0.0,0.0,0.0
1313,530,Chrysolepis',0,0,0,0,0,0,0,0.0,0.0,0.0,0.0,0.0,0.0,0.0,0.0
1313,530,Cladrastis',0,0,0,0,0,0,0,0.0,0.0,0.0,0.0,0.0,0.0,0.0,0.0
1313,530,Comus',0,0,0,0,0,0,0,0.0,0.0,0.0,0.0,0.0,0.0,0.0,0.0
1313,530,Cornus',0,0,0,0,0,0,0,0.0,0.0,0.0,0.0,0.0,0.0,0.0,0.0
1313,530,Crataegus',0,0,0,0,0,0,0,0.0,0.0,0.0,0.0,0.0,0.0,0.0,0.0
1313,530,Cupressus',0,0,0,0,0,0,0,0.0,0.0,0.0,0.0,0.0,0.0,0.0,0.0
1313,530,Diospyros',0,0,0,0,0,0,0,0.0,0.0,0.0,0.0,0.0,0.0,0.0,0.0
1313,530,Elaeagnus',0,0,0,0,0,0,0,0.0,0.0,0.0,0.0,0.0,0.0,0.0,0.0
1313,530,Fagus',0,0,0,0,0,0,0,0.0,0.0,0.0,0.0,0.0,0.0,0.0,0.0
1313,530,Fraxinus',0,493,558,72,6,0,0,54.436466217041016,21.927175521850586,430.0367335989317,22.04894280191275,30498.85190889448,199943.1641189773,0.07396584431779528,457.4677250856888
1313,530,Gleditsia',0,0,0,0,0,0,0,0.0,0.0,0.0,0.0,0.0,0.0,0.0,0.0
1313,530,Gordonia',0,0,0,0,0,0,0,0.0,0.0,0.0,0.0,0.0,0.0,0.0,0.0
1313,530,Gymnocladus',0,0,0,0,0,0,0,0.0,0.0,0.0,0.0,0.0,0.0,0.0,0.0
1313,530,Halesia',0,0,0,0,0,0,0,0.0,0.0,0.0,0.0,0.0,0.0,0.0,0.0
1313,530,Ilex',0,0,0,0,0,0,0,0.0,0.0,0.0,0.0,0.0,0.0,0.0,0.0
1313,530,Juglans',0,0,0,0,0,0,0,0.0,0.0,0.0,0.0,0.0,0.0,0.0,0.0
1313,530,Juniperus',0,0,0,0,0,0,0,0.0,0.0,0.0,0.0,0.0,0.0,0.0,0.0
1313,530,Larix',0,0,0,0,0,0,0,0.0,0.0,0.0,0.0,0.0,0.0,0.0,0.0
1313,530,Liquidambar',0,0,0,0,0,0,0,0.0,0.0,0.0,0.0,0.0,0.0,0.0,0.0
1313,530,Liriodendron',0,1302,1929,393,28,4,0,78.583251953125,23.901491165161133,1615.6665285075483,87.83517808108337,87339.81310187533,244141.47572874068,0.2173468909300015,563.9201074325103
1313,530,Lithocarpus',0,0,0,0,0,0,0,0.0,0.0,0.0,0.0,0.0,0.0,0.0,0.0
1313,530,Maclura',0,0,0,0,0,0,0,0.0,0.0,0.0,0.0,0.0,0.0,0.0,0.0
1313,530,Magnolia',0,38,0,0,0,0,0,91.90093231201172,28.32856559753418,37.336254180232174,0.23373054635105867,596.9716973543167,12613.579523498702,0.0016674422485421702,33.05531915593393
1313,530,Malus',0,0,0,0,0,0,0,0.0,0.0,0.0,0.0,0.0,0.0,0.0,0.0
1313,530,Morus',0,0,0,0,0,0,0,0.0,0.0,0.0,0.0,0.0,0.0,0.0,0.0
1313,530,Nyssa',0,0,0,0,0,0,0,0.0,0.0,0.0,0.0,0.0,0.0,0.0,0.0
1313,530,Olneya',0,0,0,0,0,0,0,0.0,0.0,0.0,0.0,0.0,0.0,0.0,0.0
1313,530,Ostrya',0,0,0,0,0,0,0,0.0,0.0,0.0,0.0,0.0,0.0,0.0,0.0
1313,530,Oxydendron',0,0,0,0,0,0,0,0.0,0.0,0.0,0.0,0.0,0.0,0.0,0.0
1313,530,Paulownia',0,60,0,0,0,0,0,7.088557243347168,4.123978137969971,41.79616202281999,0.21539376381800054,137.00316546440123,2007.5881930213682,0.0009061304496377811,12.924607141681834
1313,530,Persea',0,0,0,0,0,0,0,0.0,0.0,0.0,0.0,0.0,0.0,0.0,0.0
1313,530,Picea',0,0,0,0,0,0,0,0.0,0.0,0.0,0.0,0.0,0.0,0.0,0.0
1313,530,Pinus',0,1044,1978,1642,192,34,19,133.13356018066406,32.816436767578125,1814.0058092983065,307.8259888377132,511794.56439327705,1069055.2691854932,1.1635235625014329,2387.7782649826554
1313,530,Planera',0,0,0,0,0,0,0,0.0,0.0,0.0,0.0,0.0,0.0,0.0,0.0
1313,530,Platanus',0,64,61,0,0,0,0,23.420141220092773,7.652335166931152,79.81572582751889,1.4528796007871403,1276.1416745090485,19461.900527259637,0.003984862241275644,53.76155710741122
1313,530,Populus',0,175,32,0,0,0,0,15.974151611328125,6.996250152587891,92.09701546621096,0.8629494311812569,677.9827845063805,10527.448130689878,0.002832416133621705,34.16374971989769
1313,530,Prosopis',0,0,0,0,0,0,0,0.0,0.0,0.0,0.0,0.0,0.0,0.0,0.0
1313,530,Prunus',0,0,7,22,0,0,0,28.568653106689453,12.980269432067871,22.93680818775032,1.5759119415090648,1807.1252180480958,37395.12262209027,0.004346021955490072,87.5428461952425
1313,530,Pseudotsuga',0,0,0,0,0,0,0,0.0,0.0,0.0,0.0,0.0,0.0,0.0,0.0
1313,530,Quercus',0,0,65,16,1,4,0,82.66655731201172,25.324831008911133,50.79458034868482,7.2772385414058425,13922.212285254001,166198.02700287898,0.03166946476960186,373.78660475819777
1313,530,Robinia',0,0,0,0,0,0,0,0.0,0.0,0.0,0.0,0.0,0.0,0.0,0.0
1313,530,Salix',0,254,234,0,0,0,0,12.503950119018555,8.188875198364258,169.7030394114082,2.3448689542450474,1728.630878711641,12984.890717767808,0.006284371559135629,41.61210628215219
1313,530,Sassafras',0,0,38,0,0,0,0,17.769487380981445,14.404555320739746,10.398762478858607,0.9592374932009731,1124.8909329867363,25153.325934315,0.002649453552126932,59.243582457840816
1313,530,Sequoia',0,0,0,0,0,0,0,0.0,0.0,0.0,0.0,0.0,0.0,0.0,0.0
1313,530,Sequoiadendron',0,0,0,0,0,0,0,0.0,0.0,0.0,0.0,0.0,0.0,0.0,0.0
1313,530,Sorbus',0,0,0,0,0,0,0,0.0,0.0,0.0,0.0,0.0,0.0,0.0,0.0
1313,530,Taxodium',0,0,37,23,0,0,0,35.4920654296875,10.451742172241211,48.30998106847835,3.468933419334836,3104.945847244263,52308.2930524797,0.007595328767299672,125.63366879805633
1313,530,Taxus',0,0,0,0,0,0,0,0.0,0.0,0.0,0.0,0.0,0.0,0.0,0.0
1313,530,Thuja',0,0,0,0,0,0,0,0.0,0.0,0.0,0.0,0.0,0.0,0.0,0.0
1313,530,Tilia',0,0,0,0,0,0,0,0.0,0.0,0.0,0.0,0.0,0.0,0.0,0.0
1313,530,Torreya',0,0,25,97,0,0,0,43.85487365722656,15.478989601135254,79.04658301115036,13.24381875377079,18760.9290042758,224992.08991995634,0.042832737361828355,508.95352724777723
1313,530,Tsuga',0,0,0,0,0,0,0,0.0,0.0,0.0,0.0,0.0,0.0,0.0,0.0
1313,530,Ulmus',0,0,0,0,0,0,0,0.0,0.0,0.0,0.0,0.0,0.0,0.0,0.0
1313,530,Umbellularia',0,0,0,0,0,0,0,0.0,0.0,0.0,0.0,0.0,0.0,0.0,0.0
1313,540,Abies',0,0,0,0,0,0,0,0.0,0.0,0.0,0.0,0.0,0.0,0.0,0.0
1313,540,Acer',0,302,232,0,0,0,0,26.098491668701172,15.763157844543457,214.32743757821711,4.178327432493751,5139.524100631774,43528.20751356554,0.01450652707669316,106.66367654681481
1313,540,Aesculus',0,0,0,0,0,0,0,0.0,0.0,0.0,0.0,0.0,0.0,0.0,0.0
1313,540,Ailanthus',0,0,0,0,0,0,0,0.0,0.0,0.0,0.0,0.0,0.0,0.0,0.0
1313,540,Alnus',0,0,0,0,0,0,0,0.0,0.0,0.0,0.0,0.0,0.0,0.0,0.0
1313,540,Amelanchier',0,0,0,0,0,0,0,0.0,0.0,0.0,0.0,0.0,0.0,0.0,0.0
1313,540,Arbutus',0,0,0,0,0,0,0,0.0,0.0,0.0,0.0,0.0,0.0,0.0,0.0
1313,540,Asimina',0,0,0,0,0,0,0,0.0,0.0,0.0,0.0,0.0,0.0,0.0,0.0
1313,540,Betula',0,0,0,0,0,0,0,0.0,0.0,0.0,0.0,0.0,0.0,0.0,0.0
1313,540,Calocedrus',0,0,0,0,0,0,0,0.0,0.0,0.0,0.0,0.0,0.0,0.0,0.0
1313,540,Carpinus',0,0,0,0,0,0,0,0.0,0.0,0.0,0.0,0.0,0.0,0.0,0.0
1313,540,Carya',0,0,41,0,0,0,0,16.11425018310547,9.816967010498047,9.9104603559156,0.833863429207534,980.959258723259,21348.117326277927,0.002322576042294464,50.44106572614518
1313,540,Castanea',0,0,0,0,0,0,0,0.0,0.0,0.0,0.0,0.0,0.0,0.0,0.0
1313,540,Catalpa',0,0,0,5,0,0,0,38.20960998535156,10.837575912475586,16.387871503829953,0.5916771431229466,531.235774011612,11878.79302769663,0.0014164364569187174,31.67248203479163
1313,540,Celtis',0,31,59,0,0,0,0,14.489766120910645,9.119220733642578,24.920234782974926,0.8486268466261205,857.2274504333735,13374.845332778365,0.0022636905319625387,34.696412646960525
1313,540,Cercis',0,0,0,0,0,0,0,0.0,0.0,0.0,0.0,0.0,0.0,0.0,0.0
1313,540,Cercocarpus',0,0,0,0,0,0,0,0.0,0.0,0.0,0.0,0.0,0.0,0.0,0.0
1313,540,Chamaecyparis',0,0,0,0,0,0,0,0.0,0.0,0.0,0.0,0.0,0.0,0.0,0.0
1313,540,Chilopsis',0,0,0,0,0,0,0,0.0,0.0,0.0,0.0,0.0,0.0,0.0,0.0
1313,540,Chrysolepis',0,0,0,0,0,0,0,0.0,0.0,0.0,0.0,0.0,0.0,0.0,0.0
1313,540,Cladrastis',0,0,0,0,0,0,0,0.0,0.0,0.0,0.0,0.0,0.0,0.0,0.0
1313,540,Comus',0,0,0,0,0,0,0,0.0,0.0,0.0,0.0,0.0,0.0,0.0,0.0
1313,540,Cornus',0,0,0,0,0,0,0,0.0,0.0,0.0,0.0,0.0,0.0,0.0,0.0
1313,540,Crataegus',0,0,0,0,0,0,0,0.0,0.0,0.0,0.0,0.0,0.0,0.0,0.0
1313,540,Cupressus',0,0,0,0,0,0,0,0.0,0.0,0.0,0.0,0.0,0.0,0.0,0.0
1313,540,Diospyros',0,33,0,0,0,0,0,5.362317085266113,3.8789169788360596,11.416477379919607,0.0758811914039024,100.53717606067657,2248.079599375379,0.0003877624829113476,8.670632709138614
1313,540,Elaeagnus',0,0,0,0,0,0,0,0.0,0.0,0.0,0.0,0.0,0.0,0.0,0.0
1313,540,Fagus',0,30,0,0,0,0,0,4.116386890411377,3.797590732574463,14.388600723652898,0.04003133615639148,64.70441864013672,1446.8347852395107,0.0003509194874167427,7.846798284932235
1313,540,Fraxinus',0,378,465,64,6,0,0,58.81511688232422,22.901002883911133,357.263634158652,17.631756429337223,23795.28175628245,150684.4805154081,0.05802141249902599,347.38202016900124
1313,540,Gleditsia',0,24,0,0,0,0,0,4.067723274230957,3.75158429145813,13.075251320872123,0.03196890707030169,55.71839334368706,1245.9011511355748,0.0003120441603474319,6.977519545187044
1313,540,Gordonia',0,0,0,0,0,0,0,0.0,0.0,0.0,0.0,0.0,0.0,0.0,0.0
1313,540,Gymnocladus',0,0,0,0,0,0,0,0.0,0.0,0.0,0.0,0.0,0.0,0.0,0.0
1313,540,Halesia',0,0,0,0,0,0,0,0.0,0.0,0.0,0.0,0.0,0.0,0.0,0.0
1313,540,Ilex',0,37,0,0,0,0,0,1.5378879308700562,2.124774932861328,3.701381157338619,0.0069472169423113435,15.65003131479025,349.94533869871594,8.824224236421241e-05,1.9731565241339024
1313,540,Juglans',0,0,0,0,0,0,0,0.0,0.0,0.0,0.0,0.0,0.0,0.0,0.0
1313,540,Juniperus',0,0,0,0,0,0,0,0.0,0.0,0.0,0.0,0.0,0.0,0.0,0.0
1313,540,Larix',0,0,0,0,0,0,0,0.0,0.0,0.0,0.0,0.0,0.0,0.0,0.0
1313,540,Liquidambar',0,0,0,0,0,0,0,0.0,0.0,0.0,0.0,0.0,0.0,0.0,0.0
1313,540,Liriodendron',0,1553,2199,314,11,4,0,83.75811767578125,24.700252532958984,1832.1039669559912,95.52017508726522,94464.64880678266,247142.75350791222,0.23629559544911258,572.5540515644333
1313,540,Lithocarpus',0,0,0,0,0,0,0,0.0,0.0,0.0,0.0,0.0,0.0,0.0,0.0
1313,540,Maclura',0,0,0,0,0,0,0,0.0,0.0,0.0,0.0,0.0,0.0,0.0,0.0
1313,540,Magnolia',0,0,38,0,0,0,0,107.31934356689453,29.989065170288086,58.96981711251826,0.49723683521671436,962.2300785517692,17523.259114078315,0.0026766180183117614,45.74600570014127
1313,540,Malus',0,0,0,0,0,0,0,0.0,0.0,0.0,0.0,0.0,0.0,0.0,0.0
1313,540,Morus',0,0,0,0,0,0,0,0.0,0.0,0.0,0.0,0.0,0.0,0.0,0.0
1313,540,Nyssa',0,0,0,0,0,0,0,0.0,0.0,0.0,0.0,0.0,0.0,0.0,0.0
1313,540,Olneya',0,0,0,0,0,0,0,0.0,0.0,0.0,0.0,0.0,0.0,0.0,0.0
1313,540,Ostrya',0,0,0,0,0,0,0,0.0,0.0,0.0,0.0,0.0,0.0,0.0,0.0
1313,540,Oxydendron',0,0,0,0,0,0,0,0.0,0.0,0.0,0.0,0.0,0.0,0.0,0.0
1313,540,Paulownia',0,116,0,0,0,0,0,5.079212665557861,3.367345094680786,52.85476360139967,0.11468604090319166,113.79588432192803,1287.6400097736293,0.001013753423754128,11.481987132624296
1313,540,Persea',0,0,0,0,0,0,0,0.0,0.0,0.0,0.0,0.0,0.0,0.0,0.0
1313,540,Picea',0,0,0,0,0,0,0,0.0,0.0,0.0,0.0,0.0,0.0,0.0,0.0
1313,540,Pinus',0,809,2535,1474,240,40,13,129.98214721679688,32.647647857666016,2057.6742943647505,312.3066393293841,518833.5758056119,1095759.9348534355,1.1826854651576788,2448.791084478585
1313,540,Planera',0,0,0,0,0,0,0,0.0,0.0,0.0,0.0,0.0,0.0,0.0,0.0
1313,540,Platanus',0,0,21,0,0,0,0,27.757320404052734,8.692327499389648,21.13501372971112,1.294967090745915,1199.1718977689743,26814.298801188525,0.002969076596796511,66.39057100840735
1313,540,Populus',0,63,61,0,0,0,0,20.59848403930664,8.46094799041748,106.09065190712107,0.7854594448355657,626.8963438212871,5777.3856763291915,0.002920336854217563,26.13486704312626
1313,540,Prosopis',0,0,0,0,0,0,0,0.0,0.0,0.0,0.0,0.0,0.0,0.0,0.0
1313,540,Prunus',0,0,7,22,0,0,0,32.18659591674805,14.141496658325195,18.546356611613984,2.1684323453038314,2632.83313331604,50722.70628674233,0.00611772522258753,114.99600276482053
1313,540,Pseudotsuga',0,0,0,0,0,0,0,0.0,0.0,0.0,0.0,0.0,0.0,0.0,0.0
1313,540,Quercus',0,0,32,33,0,4,0,87.49109649658203,25.794635772705078,45.50625612086887,6.393260922661832,12344.476957652569,173496.0705307711,0.028087258290946427,391.33558849260794
1313,540,Robinia',0,0,0,0,0,0,0,0.0,0.0,0.0,0.0,0.0,0.0,0.0,0.0
1313,540,Salix',0,266,116,0,0,0,0,17.628398895263672,10.509400367736816,141.17622556659992,2.334324571143015,1925.7253491318227,20212.491688402868,0.006311699766720161,53.48129303509708
1313,540,Sassafras',0,0,38,0,0,0,0,21.242738723754883,15.890946388244629,7.396625798148444,1.3708734385137051,1719.0433760005235,38438.9784500791,0.003926574865952134,87.800883190111
1313,540,Sequoia',0,0,0,0,0,0,0,0.0,0.0,0.0,0.0,0.0,0.0,0.0,0.0
1313,540,Sequoiadendron',0,0,0,0,0,0,0,0.0,0.0,0.0,0.0,0.0,0.0,0.0,0.0
1313,540,Sorbus',0,0,0,0,0,0,0,0.0,0.0,0.0,0.0,0.0,0.0,0.0,0.0
1313,540,Taxodium',0,37,37,23,0,0,0,38.50216293334961,11.104870796203613,39.1915473115595,4.2518095488812895,3939.3908487391473,65130.85590550504,0.009318385880693787,151.68262915641162
1313,540,Taxus',0,0,0,0,0,0,0,0.0,0.0,0.0,0.0,0.0,0.0,0.0,0.0
1313,540,Thuja',0,0,0,0,0,0,0,0.0,0.0,0.0,0.0,0.0,0.0,0.0,0.0
1313,540,Tilia',0,0,0,0,0,0,0,0.0,0.0,0.0,0.0,0.0,0.0,0.0,0.0
1313,540,Torreya',0,23,0,96,0,0,0,44.796836853027344,15.579320907592773,59.653834441304205,11.238180657171055,15959.963362978102,211668.7103666886,0.0363282506300569,478.2989598804485
1313,540,Tsuga',0,0,0,0,0,0,0,0.0,0.0,0.0,0.0,0.0,0.0,0.0,0.0
1313,540,Ulmus',0,0,0,0,0,0,0,0.0,0.0,0.0,0.0,0.0,0.0,0.0,0.0
1313,540,Umbellularia',0,0,0,0,0,0,0,0.0,0.0,0.0,0.0,0.0,0.0,0.0,0.0
1313,550,Abies',0,0,0,0,0,0,0,0.0,0.0,0.0,0.0,0.0,0.0,0.0,0.0
1313,550,Acer',0,405,82,16,0,0,0,31.023967742919922,17.70969009399414,216.85927065490165,4.360908219781572,6109.545819208622,66493.1059964206,0.016698578268181576,157.55112288750163
1313,550,Aesculus',0,0,0,0,0,0,0,0.0,0.0,0.0,0.0,0.0,0.0,0.0,0.0
1313,550,Ailanthus',0,0,0,0,0,0,0,0.0,0.0,0.0,0.0,0.0,0.0,0.0,0.0
1313,550,Alnus',0,0,0,0,0,0,0,0.0,0.0,0.0,0.0,0.0,0.0,0.0,0.0
1313,550,Amelanchier',0,0,0,0,0,0,0,0.0,0.0,0.0,0.0,0.0,0.0,0.0,0.0
1313,550,Arbutus',0,0,0,0,0,0,0,0.0,0.0,0.0,0.0,0.0,0.0,0.0,0.0
1313,550,Asimina',0,0,0,0,0,0,0,0.0,0.0,0.0,0.0,0.0,0.0,0.0,0.0
1313,550,Betula',0,0,0,0,0,0,0,0.0,0.0,0.0,0.0,0.0,0.0,0.0,0.0
1313,550,Calocedrus',0,0,0,0,0,0,0,0.0,0.0,0.0,0.0,0.0,0.0,0.0,0.0
1313,550,Carpinus',0,0,0,0,0,0,0,0.0,0.0,0.0,0.0,0.0,0.0,0.0,0.0
1313,550,Carya',0,19,41,0,0,0,0,19.665027618408203,13.027106285095215,27.001252132880534,1.0318835055833155,1309.2786715817451,27211.408731500214,0.0032982062163799996,67.02247638188327
1313,550,Castanea',0,0,0,0,0,0,0,0.0,0.0,0.0,0.0,0.0,0.0,0.0,0.0
1313,550,Catalpa',0,60,0,0,0,0,0,3.7504916191101074,2.631591558456421,17.757248220187197,0.03539205292961983,51.066974068880086,1015.5785883385312,0.0003691076181556533,7.554525015150766
1313,550,Celtis',0,25,29,0,0,0,0,8.011422157287598,5.928305625915527,22.230548032476932,0.16047993139479708,170.57761533021926,3470.8913429587346,0.0006990824567601166,13.544139669962362
1313,550,Cercis',0,0,0,0,0,0,0,0.0,0.0,0.0,0.0,0.0,0.0,0.0,0.0
1313,550,Cercocarpus',0,0,0,0,0,0,0,0.0,0.0,0.0,0.0,0.0,0.0,0.0,0.0
1313,550,Chamaecyparis',0,0,0,0,0,0,0,0.0,0.0,0.0,0.0,0.0,0.0,0.0,0.0
1313,550,Chilopsis',0,0,0,0,0,0,0,0.0,0.0,0.0,0.0,0.0,0.0,0.0,0.0
1313,550,Chrysolepis',0,0,0,0,0,0,0,0.0,0.0,0.0,0.0,0.0,0.0,0.0,0.0
1313,550,Cladrastis',0,0,0,0,0,0,0,0.0,0.0,0.0,0.0,0.0,0.0,0.0,0.0
1313,550,Comus',0,0,0,0,0,0,0,0.0,0.0,0.0,0.0,0.0,0.0,0.0,0.0
1313,550,Cornus',0,0,0,0,0,0,0,0.0,0.0,0.0,0.0,0.0,0.0,0.0,0.0
1313,550,Crataegus',0,0,0,0,0,0,0,0.0,0.0,0.0,0.0,0.0,0.0,0.0,0.0
1313,550,Cupressus',0,0,0,0,0,0,0,0.0,0.0,0.0,0.0,0.0,0.0,0.0,0.0
1313,550,Diospyros',0,33,0,0,0,0,0,1.0478792190551758,1.8199530839920044,2.0840611488004273,0.002925284974703705,11.762950029373169,263.0275588161172,5.614110594987956e-05,1.25535329235948
1313,550,Elaeagnus',0,0,0,0,0,0,0,0.0,0.0,0.0,0.0,0.0,0.0,0.0,0.0
1313,550,Fagus',0,30,0,0,0,0,0,6.164974212646484,4.971842288970947,16.737041745004774,0.08979046940291768,114.86212266921997,2568.395143282941,0.0004961881765723228,11.0951049244738
1313,550,Fraxinus',0,573,425,89,6,0,0,63.03827667236328,23.774269104003906,409.0449370373087,20.975674059407957,28868.417915509046,179553.35620585424,0.07004046829532384,411.25972159552
1313,550,Gleditsia',0,0,0,0,0,0,0,0.0,0.0,0.0,0.0,0.0,0.0,0.0,0.0
1313,550,Gordonia',0,0,0,0,0,0,0,0.0,0.0,0.0,0.0,0.0,0.0,0.0,0.0
1313,550,Gymnocladus',0,0,0,0,0,0,0,0.0,0.0,0.0,0.0,0.0,0.0,0.0,0.0
1313,550,Halesia',0,0,0,0,0,0,0,0.0,0.0,0.0,0.0,0.0,0.0,0.0,0.0
1313,550,Ilex',0,37,0,0,0,0,0,4.666038990020752,3.6788599491119385,23.23341817855835,0.06395260074949258,102.04000182151795,2281.6838049711573,0.0005623493769640689,12.574514339963198
1313,550,Juglans',0,0,0,0,0,0,0,0.0,0.0,0.0,0.0,0.0,0.0,0.0,0.0
1313,550,Juniperus',0,0,0,0,0,0,0,0.0,0.0,0.0,0.0,0.0,0.0,0.0,0.0
1313,550,Larix',0,0,0,0,0,0,0,0.0,0.0,0.0,0.0,0.0,0.0,0.0,0.0
1313,550,Liquidambar',0,0,0,0,0,0,0,0.0,0.0,0.0,0.0,0.0,0.0,0.0,0.0
1313,550,Liriodendron',0,1307,2184,248,22,0,4,88.52470397949219,25.387466430664062,1725.164239664055,91.32601947741348,93019.53555125148,260760.68241431858,0.23154477680117716,600.0914798552292
1313,550,Lithocarpus',0,0,0,0,0,0,0,0.0,0.0,0.0,0.0,0.0,0.0,0.0,0.0
1313,550,Maclura',0,5,0,0,0,0,0,2.0973165035247803,2.4145867824554443,0.9469528529274311,0.0018655701736872124,4.622695384919644,103.36661119955004,2.3904568967409367e-05,0.5345224118395928
1313,550,Magnolia',0,21,38,0,0,0,0,118.11235809326172,30.918766021728516,51.38568130475056,0.925724356285101,1461.5765081006289,23721.93456061237,0.0037170418947187088,59.68800501627343
1313,550,Malus',0,0,0,0,0,0,0,0.0,0.0,0.0,0.0,0.0,0.0,0.0,0.0
1313,550,Morus',0,0,0,0,0,0,0,0.0,0.0,0.0,0.0,0.0,0.0,0.0,0.0
1313,550,Nyssa',0,0,0,0,0,0,0,0.0,0.0,0.0,0.0,0.0,0.0,0.0,0.0
1313,550,Olneya',0,0,0,0,0,0,0,0.0,0.0,0.0,0.0,0.0,0.0,0.0,0.0
1313,550,Ostrya',0,0,0,0,0,0,0,0.0,0.0,0.0,0.0,0.0,0.0,0.0,0.0
1313,550,Oxydendron',0,0,0,0,0,0,0,0.0,0.0,0.0,0.0,0.0,0.0,0.0,0.0
1313,550,Paulownia',0,12,0,0,0,0,0,5.197298526763916,3.4127349853515625,11.534259164635138,0.02724019617595734,25.25997737646103,564.8302652387348,0.00022217535014077886,4.9679918583960045
1313,550,Persea',0,0,0,0,0,0,0,0.0,0.0,0.0,0.0,0.0,0.0,0.0,0.0
1313,550,Picea',0,0,0,0,0,0,0,0.0,0.0,0.0,0.0,0.0,0.0,0.0,0.0
1313,550,Pinus',0,877,2387,1576,283,28,24,136.02218627929688,32.96253204345703,2082.9165689873694,325.9343212930725,547803.5133196383,1147239.645070114,1.2474277089101613,2563.4157881870556
1313,550,Planera',0,0,0,0,0,0,0,0.0,0.0,0.0,0.0,0.0,0.0,0.0,0.0
1313,550,Platanus',0,0,0,21,0,0,0,31.432992935180664,9.543296813964844,18.10551280085044,1.6606385850565724,1610.1419684529305,36003.868948860734,0.0038387322792410587,85.83666323805701
1313,550,Populus',0,181,0,1,0,0,0,28.718032836914062,10.853324890136719,101.83111389509483,0.4190636372755941,428.62442790687084,3975.0977957384603,0.002418414190694694,20.90802689899523
1313,550,Prosopis',0,0,0,0,0,0,0,0.0,0.0,0.0,0.0,0.0,0.0,0.0,0.0
1313,550,Prunus',0,0,0,29,0,0,0,35.30320739746094,15.093810081481934,18.900975939593735,2.822864281824189,3639.9129314422607,65647.94855600542,0.008360785726547313,148.56576378308634
1313,550,Pseudotsuga',0,0,0,0,0,0,0,0.0,0.0,0.0,0.0,0.0,0.0,0.0,0.0
1313,550,Quercus',0,0,32,33,0,0,4,91.0,26.10639190673828,44.30917920568321,7.7349626925239,15010.80213111639,198080.5697580539,0.03399519304817916,446.99274679171265
1313,550,Robinia',0,0,0,0,0,0,0,0.0,0.0,0.0,0.0,0.0,0.0,0.0,0.0
1313,550,Salix',0,214,48,0,0,0,0,22.893774032592773,12.63683795928955,95.30743132286433,1.8130718493128466,1680.291742465496,30642.683460985663,0.00510598528408447,73.01052253017419
1313,550,Sassafras',0,0,0,0,0,0,0,0.0,0.0,0.0,0.0,0.0,0.0,0.0,0.0
1313,550,Sequoia',0,0,0,0,0,0,0,0.0,0.0,0.0,0.0,0.0,0.0,0.0,0.0
1313,550,Sequoiadendron',0,0,0,0,0,0,0,0.0,0.0,0.0,0.0,0.0,0.0,0.0,0.0
1313,550,Sorbus',0,0,0,0,0,0,0,0.0,0.0,0.0,0.0,0.0,0.0,0.0,0.0
1313,550,Taxodium',0,37,37,23,0,0,0,41.67689895629883,11.77531909942627,51.79166124591344,5.072899606414131,4887.762880921364,80386.83452176528,0.01160726485675581,189.0398185344656
1313,550,Taxus',0,0,0,0,0,0,0,0.0,0.0,0.0,0.0,0.0,0.0,0.0,0.0
1313,550,Thuja',0,0,0,0,0,0,0,0.0,0.0,0.0,0.0,0.0,0.0,0.0,0.0
1313,550,Tilia',0,0,0,0,0,0,0,0.0,0.0,0.0,0.0,0.0,0.0,0.0,0.0
1313,550,Torreya',0,99,23,63,0,0,0,43.38037872314453,15.426885604858398,83.21368112444877,7.69676788303364,10872.799148429633,145925.70644982555,0.025363750379742544,331.65969368629897
1313,550,Tsuga',0,0,0,0,0,0,0,0.0,0.0,0.0,0.0,0.0,0.0,0.0,0.0
1313,550,Ulmus',0,0,0,0,0,0,0,0.0,0.0,0.0,0.0,0.0,0.0,0.0,0.0
1313,550,Umbellularia',0,0,0,0,0,0,0,0.0,0.0,0.0,0.0,0.0,0.0,0.0,0.0
1313,560,Abies',0,0,0,0,0,0,0,0.0,0.0,0.0,0.0,0.0,0.0,0.0,0.0
1313,560,Acer',0,408,265,0,0,0,0,23.8729305267334,14.815314292907715,273.0545980347721,3.0789844295480435,3577.5294115713987,21549.047998901482,0.011880837946606247,65.39630744681264
1313,560,Aesculus',0,0,0,0,0,0,0,0.0,0.0,0.0,0.0,0.0,0.0,0.0,0.0
1313,560,Ailanthus',0,0,0,0,0,0,0,0.0,0.0,0.0,0.0,0.0,0.0,0.0,0.0
1313,560,Alnus',0,0,0,0,0,0,0,0.0,0.0,0.0,0.0,0.0,0.0,0.0,0.0
1313,560,Amelanchier',0,0,0,0,0,0,0,0.0,0.0,0.0,0.0,0.0,0.0,0.0,0.0
1313,560,Arbutus',0,0,0,0,0,0,0,0.0,0.0,0.0,0.0,0.0,0.0,0.0,0.0
1313,560,Asimina',0,0,0,0,0,0,0,0.0,0.0,0.0,0.0,0.0,0.0,0.0,0.0
1313,560,Betula',0,0,0,0,0,0,0,0.0,0.0,0.0,0.0,0.0,0.0,0.0,0.0
1313,560,Calocedrus',0,0,0,0,0,0,0,0.0,0.0,0.0,0.0,0.0,0.0,0.0,0.0
1313,560,Carpinus',0,0,0,0,0,0,0,0.0,0.0,0.0,0.0,0.0,0.0,0.0,0.0
1313,560,Carya',0,19,1,0,0,0,0,24.84734344482422,15.382624626159668,22.98766999305049,0.1359477067107584,280.4118657302856,4449.172991495186,0.0009540577477812766,15.1214552455978
1313,560,Castanea',0,0,0,0,0,0,0,0.0,0.0,0.0,0.0,0.0,0.0,0.0,0.0
1313,560,Catalpa',0,0,0,0,0,0,0,0.0,0.0,0.0,0.0,0.0,0.0,0.0,0.0
1313,560,Celtis',0,8,29,0,0,0,0,14.03505802154541,8.909757614135742,17.219192393218414,0.4855241953140892,501.7553959178925,10378.337086682148,0.0013628918083012102,26.14554782201624
1313,560,Cercis',0,0,0,0,0,0,0,0.0,0.0,0.0,0.0,0.0,0.0,0.0,0.0
1313,560,Cercocarpus',0,0,0,0,0,0,0,0.0,0.0,0.0,0.0,0.0,0.0,0.0,0.0
1313,560,Chamaecyparis',0,0,0,0,0,0,0,0.0,0.0,0.0,0.0,0.0,0.0,0.0,0.0
1313,560,Chilopsis',0,0,0,0,0,0,0,0.0,0.0,0.0,0.0,0.0,0.0,0.0,0.0
1313,560,Chrysolepis',0,0,0,0,0,0,0,0.0,0.0,0.0,0.0,0.0,0.0,0.0,0.0
1313,560,Cladrastis',0,0,0,0,0,0,0,0.0,0.0,0.0,0.0,0.0,0.0,0.0,0.0
1313,560,Comus',0,0,0,0,0,0,0,0.0,0.0,0.0,0.0,0.0,0.0,0.0,0.0
1313,560,Cornus',0,0,0,0,0,0,0,0.0,0.0,0.0,0.0,0.0,0.0,0.0,0.0
1313,560,Crataegus',0,0,0,0,0,0,0,0.0,0.0,0.0,0.0,0.0,0.0,0.0,0.0
1313,560,Cupressus',0,0,0,0,0,0,0,0.0,0.0,0.0,0.0,0.0,0.0,0.0,0.0
1313,560,Diospyros',0,0,0,0,0,0,0,0.0,0.0,0.0,0.0,0.0,0.0,0.0,0.0
1313,560,Elaeagnus',0,0,0,0,0,0,0,0.0,0.0,0.0,0.0,0.0,0.0,0.0,0.0
1313,560,Fagus',0,0,0,0,0,0,0,0.0,0.0,0.0,0.0,0.0,0.0,0.0,0.0
1313,560,Fraxinus',0,538,644,77,6,0,0,67.53341674804688,24.637666702270508,473.7320343405008,23.559940049337644,33165.64408676028,210963.66895536837,0.08052106622631393,482.1467250392388
1313,560,Gleditsia',0,0,0,0,0,0,0,0.0,0.0,0.0,0.0,0.0,0.0,0.0,0.0
1313,560,Gordonia',0,0,0,0,0,0,0,0.0,0.0,0.0,0.0,0.0,0.0,0.0,0.0
1313,560,Gymnocladus',0,0,0,0,0,0,0,0.0,0.0,0.0,0.0,0.0,0.0,0.0,0.0
1313,560,Halesia',0,17,0,0,0,0,0,3.521881580352783,2.9020488262176514,1.0406489311894283,0.0027837137012897686,4.791214347779751,79.36517092988919,2.562786274403334e-05,0.49809355676182243
1313,560,Ilex',0,0,0,0,0,0,0,0.0,0.0,0.0,0.0,0.0,0.0,0.0,0.0
1313,560,Juglans',0,0,0,0,0,0,0,0.0,0.0,0.0,0.0,0.0,0.0,0.0,0.0
1313,560,Juniperus',0,0,0,0,0,0,0,0.0,0.0,0.0,0.0,0.0,0.0,0.0,0.0
1313,560,Larix',0,0,0,0,0,0,0,0.0,0.0,0.0,0.0,0.0,0.0,0.0,0.0
1313,560,Liquidambar',0,79,0,0,0,0,0,2.5,3.1246089935302734,1.6093581160412558,0.02192594310871191,27.71958314418793,510.67122765200634,8.476668018847703e-05,1.3564655916868342
1313,560,Liriodendron',0,1473,1987,407,37,5,4,92.90296173095703,25.980295181274414,1779.5582057770243,103.85026302127879,107836.97199353657,300691.1643527482,0.26525544413546653,690.0253726255625
1313,560,Lithocarpus',0,0,0,0,0,0,0,0.0,0.0,0.0,0.0,0.0,0.0,0.0,0.0
1313,560,Maclura',0,0,0,0,0,0,0,0.0,0.0,0.0,0.0,0.0,0.0,0.0,0.0
1313,560,Magnolia',0,68,38,0,0,0,0,122.0,31.214149475097656,60.2187762607502,1.4038624441634064,2026.8970340108872,30850.838087724736,0.00506991874557118,75.70790137218344
1313,560,Malus',0,0,0,0,0,0,0,0.0,0.0,0.0,0.0,0.0,0.0,0.0,0.0
1313,560,Morus',0,0,0,0,0,0,0,0.0,0.0,0.0,0.0,0.0,0.0,0.0,0.0
1313,560,Nyssa',0,37,0,0,0,0,0,2.381472587585449,2.493565320968628,7.425154276852365,0.01655223945106697,25.607091562151908,572.5919743903276,0.0001637938683554558,3.662542239404507
1313,560,Olneya',0,0,0,0,0,0,0,0.0,0.0,0.0,0.0,0.0,0.0,0.0,0.0
1313,560,Ostrya',0,0,0,0,0,0,0,0.0,0.0,0.0,0.0,0.0,0.0,0.0,0.0
1313,560,Oxydendron',0,0,0,0,0,0,0,0.0,0.0,0.0,0.0,0.0,0.0,0.0,0.0
1313,560,Paulownia',0,87,12,0,0,0,0,15.4844388961792,6.949845314025879,35.546324243651156,0.5388357708911315,277.68513402342796,3551.293842442755,0.0011287871714234282,13.30617500602787
1313,560,Persea',0,0,33,0,0,0,0,8.140263557434082,5.8778076171875,19.636601943969726,0.17465811393645073,205.56847423553467,4596.650824215752,0.0007404586258232477,16.55715821866894
1313,560,Picea',0,0,0,0,0,0,0,0.0,0.0,0.0,0.0,0.0,0.0,0.0,0.0
1313,560,Pinus',0,940,2343,1637,242,38,17,137.0,33.01020050048828,2060.74475761652,335.83128983653035,562945.771451171,1164126.8573437664,1.2807569173545141,2601.6802852339556
1313,560,Planera',0,40,0,0,0,0,0,1.5503787994384766,2.184854745864868,4.137453587749336,0.007551365904985933,13.960224986076355,312.16012050057805,9.058366529643534e-05,2.0255123325391744
1313,560,Platanus',0,0,0,0,0,0,0,0.0,0.0,0.0,0.0,0.0,0.0,0.0,0.0
1313,560,Populus',0,113,13,0,0,0,0,19.30389976501465,8.058647155761719,95.89821515109719,0.5926398648898336,516.3225761550665,5563.747468654146,0.0025278916026828927,24.684402130445214
1313,560,Prosopis',0,0,0,0,0,0,0,0.0,0.0,0.0,0.0,0.0,0.0,0.0,0.0
1313,560,Prunus',0,0,0,29,0,0,0,41.87546920776367,16.965492248535156,24.495326657838454,3.5227838347276434,4815.362013244629,82699.32136425644,0.011053427986145094,189.15142192194247
1313,560,Pseudotsuga',0,0,0,0,0,0,0,0.0,0.0,0.0,0.0,0.0,0.0,0.0,0.0
1313,560,Quercus',0,38,0,65,0,0,0,36.96477508544922,16.911767959594727,23.859842904383623,5.5431878013384015,8924.83732150495,115077.46771862288,0.020176447176959104,259.60231400654817
1313,560,Robinia',0,0,0,0,0,0,0,0.0,0.0,0.0,0.0,0.0,0.0,0.0,0.0
1313,560,Salix',0,201,9,0,0,0,0,9.923129081726074,6.917555809020996,96.47362461572959,0.5694333333190832,477.53527257442477,4231.927374286838,0.0024499809214398364,20.753696509321856
1313,560,Sassafras',0,0,0,0,0,0,0,0.0,0.0,0.0,0.0,0.0,0.0,0.0,0.0
1313,560,Sequoia',0,0,0,0,0,0,0,0.0,0.0,0.0,0.0,0.0,0.0,0.0,0.0
1313,560,Sequoiadendron',0,0,0,0,0,0,0,0.0,0.0,0.0,0.0,0.0,0.0,0.0,0.0
1313,560,Sorbus',0,0,0,0,0,0,0,0.0,0.0,0.0,0.0,0.0,0.0,0.0,0.0
1313,560,Taxodium',0,0,37,23,0,0,0,44.321956634521484,12.31984806060791,49.075869125655935,5.795862351423055,5737.689921455383,94274.87853386873,0.013456896472931067,219.18909725327205
1313,560,Taxus',0,0,0,0,0,0,0,0.0,0.0,0.0,0.0,0.0,0.0,0.0,0.0
1313,560,Thuja',0,0,0,0,0,0,0,0.0,0.0,0.0,0.0,0.0,0.0,0.0,0.0
1313,560,Tilia',0,0,0,0,0,0,0,0.0,0.0,0.0,0.0,0.0,0.0,0.0,0.0
1313,560,Torreya',0,67,123,38,0,0,0,37.54943084716797,14.691446304321289,91.31999651789666,5.789975958096567,7625.755811644793,133948.46154508216,0.018265190800294376,305.113097857573
1313,560,Tsuga',0,0,0,0,0,0,0,0.0,0.0,0.0,0.0,0.0,0.0,0.0,0.0
1313,560,Ulmus',0,0,0,0,0,0,0,0.0,0.0,0.0,0.0,0.0,0.0,0.0,0.0
1313,560,Umbellularia',0,0,0,0,0,0,0,0.0,0.0,0.0,0.0,0.0,0.0,0.0,0.0
1313,570,Abies',0,0,0,0,0,0,0,0.0,0.0,0.0,0.0,0.0,0.0,0.0,0.0
1313,570,Acer',0,472,314,4,0,0,0,34.413089752197266,18.936704635620117,333.59694543612903,5.764611947308104,6993.177128699422,44287.77719459339,0.020342707132045192,115.21709470454624
1313,570,Aesculus',0,0,0,0,0,0,0,0.0,0.0,0.0,0.0,0.0,0.0,0.0,0.0
1313,570,Ailanthus',0,0,0,0,0,0,0,0.0,0.0,0.0,0.0,0.0,0.0,0.0,0.0
1313,570,Alnus',0,0,0,0,0,0,0,0.0,0.0,0.0,0.0,0.0,0.0,0.0,0.0
1313,570,Amelanchier',0,0,0,0,0,0,0,0.0,0.0,0.0,0.0,0.0,0.0,0.0,0.0
1313,570,Arbutus',0,0,0,0,0,0,0,0.0,0.0,0.0,0.0,0.0,0.0,0.0,0.0
1313,570,Asimina',0,0,0,0,0,0,0,0.0,0.0,0.0,0.0,0.0,0.0,0.0,0.0
1313,570,Betula',0,0,0,0,0,0,0,0.0,0.0,0.0,0.0,0.0,0.0,0.0,0.0
1313,570,Calocedrus',0,0,0,0,0,0,0,0.0,0.0,0.0,0.0,0.0,0.0,0.0,0.0
1313,570,Carpinus',0,0,0,0,0,0,0,0.0,0.0,0.0,0.0,0.0,0.0,0.0,0.0
1313,570,Carya',0,0,19,1,0,0,0,28.451210021972656,16.873905181884766,16.905319509626942,0.3045764156012291,519.7569506263733,8437.717376602464,0.0013983769054412877,22.712948361951092
1313,570,Castanea',0,0,0,0,0,0,0,0.0,0.0,0.0,0.0,0.0,0.0,0.0,0.0
1313,570,Catalpa',0,8,0,0,0,0,0,0.5,1.4839791059494019,0.0,0.0001696460032938484,1.4914266157150269,33.349312961912744,3.314281459897756e-06,0.07410958640898666
1313,570,Celtis',0,0,29,0,0,0,0,18.745140075683594,10.9813814163208,10.080910423133945,0.8212969091794365,929.681367931366,20788.307361095143,0.00221107886695859,49.441226501326476
1313,570,Cercis',0,0,0,0,0,0,0,0.0,0.0,0.0,0.0,0.0,0.0,0.0,0.0
1313,570,Cercocarpus',0,0,0,0,0,0,0,0.0,0.0,0.0,0.0,0.0,0.0,0.0,0.0
1313,570,Chamaecyparis',0,0,0,0,0,0,0,0.0,0.0,0.0,0.0,0.0,0.0,0.0,0.0
1313,570,Chilopsis',0,0,0,0,0,0,0,0.0,0.0,0.0,0.0,0.0,0.0,0.0,0.0
1313,570,Chrysolepis',0,0,0,0,0,0,0,0.0,0.0,0.0,0.0,0.0,0.0,0.0,0.0
1313,570,Cladrastis',0,0,0,0,0,0,0,0.0,0.0,0.0,0.0,0.0,0.0,0.0,0.0
1313,570,Comus',0,0,0,0,0,0,0,0.0,0.0,0.0,0.0,0.0,0.0,0.0,0.0
1313,570,Cornus',0,0,0,0,0,0,0,0.0,0.0,0.0,0.0,0.0,0.0,0.0,0.0
1313,570,Crataegus',0,0,0,0,0,0,0,0.0,0.0,0.0,0.0,0.0,0.0,0.0,0.0
1313,570,Cupressus',0,0,0,0,0,0,0,0.0,0.0,0.0,0.0,0.0,0.0,0.0,0.0
1313,570,Diospyros',0,0,0,0,0,0,0,0.0,0.0,0.0,0.0,0.0,0.0,0.0,0.0
1313,570,Elaeagnus',0,0,0,0,0,0,0,0.0,0.0,0.0,0.0,0.0,0.0,0.0,0.0
1313,570,Fagus',0,0,0,0,0,0,0,0.0,0.0,0.0,0.0,0.0,0.0,0.0,0.0
1313,570,Fraxinus',0,573,513,82,0,0,0,36.29988098144531,17.028444290161133,468.44703839290173,20.203778168849535,27275.10956133917,184339.32468877683,0.06735491016282404,422.0899611849876
1313,570,Gleditsia',0,0,0,0,0,0,0,0.0,0.0,0.0,0.0,0.0,0.0,0.0,0.0
1313,570,Gordonia',0,0,0,0,0,0,0,0.0,0.0,0.0,0.0,0.0,0.0,0.0,0.0
1313,570,Gymnocladus',0,0,0,0,0,0,0,0.0,0.0,0.0,0.0,0.0,0.0,0.0,0.0
1313,570,Halesia',0,0,14,0,0,0,0,10.19872760772705,5.081455707550049,10.711113295600383,0.12057804109536725,91.17515425086022,2038.738427639521,0.00035680388168245604,7.97837734077768
1313,570,Ilex',0,0,0,0,0,0,0,0.0,0.0,0.0,0.0,0.0,0.0,0.0,0.0
1313,570,Juglans',0,0,0,0,0,0,0,0.0,0.0,0.0,0.0,0.0,0.0,0.0,0.0
1313,570,Juniperus',0,0,0,0,0,0,0,0.0,0.0,0.0,0.0,0.0,0.0,0.0,0.0
1313,570,Larix',0,0,0,0,0,0,0,0.0,0.0,0.0,0.0,0.0,0.0,0.0,0.0
1313,570,Liquidambar',0,79,0,0,0,0,0,6.9750542640686035,6.151426315307617,23.000305242176292,0.21951295637204596,200.42292547225952,3315.980101195524,0.0007764864386916133,12.339968570838028
1313,570,Liriodendron',0,1497,1809,385,34,5,4,96.5535659790039,26.44808578491211,1734.9937381505774,93.68399695396313,99110.04856021673,304745.5727293077,0.24522075220914405,694.5185836595087
1313,570,Lithocarpus',0,0,0,0,0,0,0,0.0,0.0,0.0,0.0,0.0,0.0,0.0,0.0
1313,570,Maclura',0,0,0,0,0,0,0,0.0,0.0,0.0,0.0,0.0,0.0,0.0,0.0
1313,570,Magnolia',0,139,67,0,0,0,0,20.325288772583008,11.27417278289795,57.28424143564851,1.8514832178883909,1880.1411328721047,30899.25387773689,0.0048432918611807955,72.01409263892549
1313,570,Malus',0,0,0,0,0,0,0,0.0,0.0,0.0,0.0,0.0,0.0,0.0,0.0
1313,570,Morus',0,0,0,0,0,0,0,0.0,0.0,0.0,0.0,0.0,0.0,0.0,0.0
1313,570,Nyssa',0,40,0,0,0,0,0,1.4517369270324707,2.038095235824585,3.752044720363013,0.006621032511986642,13.836610466241837,309.3960158070178,8.476079162210147e-05,1.8953089189371497
1313,570,Olneya',0,0,0,0,0,0,0,0.0,0.0,0.0,0.0,0.0,0.0,0.0,0.0
1313,570,Ostrya',0,0,0,0,0,0,0,0.0,0.0,0.0,0.0,0.0,0.0,0.0,0.0
1313,570,Oxydendron',0,0,0,0,0,0,0,0.0,0.0,0.0,0.0,0.0,0.0,0.0,0.0
1313,570,Paulownia',0,140,0,0,0,0,0,7.200599670410156,4.1651997566223145,51.95809910191765,0.24076836217499295,164.4488560152054,1957.3978540078947,0.0011134076109016384,12.981178518543935
1313,570,Persea',0,33,0,0,0,0,0,4.72806453704834,4.105020046234131,20.68369766950607,0.058922155433020575,102.88323954343797,2300.5391736451957,0.0005273939446285435,11.792887111111721
1313,570,Picea',0,0,0,0,0,0,0,0.0,0.0,0.0,0.0,0.0,0.0,0.0,0.0
1313,570,Pinus',0,770,2323,1787,263,56,17,129.42417907714844,32.616695404052734,1992.4573171429336,343.27271616976503,574674.0251475106,1146785.203177582,1.3058333252220973,2563.163765834916
1313,570,Planera',0,0,0,0,0,0,0,0.0,0.0,0.0,0.0,0.0,0.0,0.0,0.0
1313,570,Platanus',0,0,0,0,0,0,0,0.0,0.0,0.0,0.0,0.0,0.0,0.0,0.0
1313,570,Populus',0,49,103,7,0,0,0,32.549560546875,11.907721519470215,107.7712648767459,1.9434169211758645,1502.3274532043934,16428.049821874527,0.004889932651135136,47.396434864199875
1313,570,Prosopis',0,0,0,0,0,0,0,0.0,0.0,0.0,0.0,0.0,0.0,0.0,0.0
1313,570,Prunus',0,20,0,0,7,0,0,48.98549270629883,18.798019409179688,13.274462283412111,1.3313119776441635,2051.7162676358225,45683.065613587816,0.004750462997740147,104.93993294480453
1313,570,Pseudotsuga',0,0,0,0,0,0,0,0.0,0.0,0.0,0.0,0.0,0.0,0.0,0.0
1313,570,Quercus',0,38,0,18,0,0,0,40.80430221557617,12.636531829833984,25.236924388740633,2.4521430505510713,3954.9505309128763,87692.9748151587,0.009152078188965096,200.14496114119663
1313,570,Robinia',0,0,0,0,0,0,0,0.0,0.0,0.0,0.0,0.0,0.0,0.0,0.0
1313,570,Salix',0,221,36,0,0,0,0,18.287185668945312,10.789229393005371,92.77823070252809,0.6165480011717075,517.5004532627761,4507.996737747546,0.002485595157028282,20.448996239800188
1313,570,Sassafras',0,0,0,0,0,0,0,0.0,0.0,0.0,0.0,0.0,0.0,0.0,0.0
1313,570,Sequoia',0,0,0,0,0,0,0,0.0,0.0,0.0,0.0,0.0,0.0,0.0,0.0
1313,570,Sequoiadendron',0,0,0,0,0,0,0,0.0,0.0,0.0,0.0,0.0,0.0,0.0,0.0
1313,570,Sorbus',0,0,0,0,0,0,0,0.0,0.0,0.0,0.0,0.0,0.0,0.0,0.0
1313,570,Taxodium',0,37,9,23,0,0,0,46.66493225097656,12.791765213012695,57.439555503145044,4.2638917286544755,4486.763884801865,94378.65723109985,0.010797460345506577,219.4120338476191
1313,570,Taxus',0,0,0,0,0,0,0,0.0,0.0,0.0,0.0,0.0,0.0,0.0,0.0
1313,570,Thuja',0,0,0,0,0,0,0,0.0,0.0,0.0,0.0,0.0,0.0,0.0,0.0
1313,570,Tilia',0,0,0,0,0,0,0,0.0,0.0,0.0,0.0,0.0,0.0,0.0,0.0
1313,570,Torreya',0,27,163,38,0,0,0,38.799285888671875,14.865013122558594,94.67742573142051,8.082915938157083,10422.333986064195,149035.5086328233,0.02452830514181075,341.15105543369043
1313,570,Tsuga',0,0,0,0,0,0,0,0.0,0.0,0.0,0.0,0.0,0.0,0.0,0.0
1313,570,Ulmus',0,0,0,0,0,0,0,0.0,0.0,0.0,0.0,0.0,0.0,0.0,0.0
1313,570,Umbellularia',0,0,0,0,0,0,0,0.0,0.0,0.0,0.0,0.0,0.0,0.0,0.0
1313,580,Abies',0,0,0,0,0,0,0,0.0,0.0,0.0,0.0,0.0,0.0,0.0,0.0
1313,580,Acer',0,513,420,0,0,0,0,24.097265243530273,14.912878036499023,399.5624403446865,8.711767407046509,10456.878778215274,62427.0948434466,0.028989431542899326,154.06075461220627
1313,580,Aesculus',0,0,0,0,0,0,0,0.0,0.0,0.0,0.0,0.0,0.0,0.0,0.0
1313,580,Ailanthus',0,0,0,0,0,0,0,0.0,0.0,0.0,0.0,0.0,0.0,0.0,0.0
1313,580,Alnus',0,0,0,0,0,0,0,0.0,0.0,0.0,0.0,0.0,0.0,0.0,0.0
1313,580,Amelanchier',0,0,0,0,0,0,0,0.0,0.0,0.0,0.0,0.0,0.0,0.0,0.0
1313,580,Arbutus',0,0,0,0,0,0,0,0.0,0.0,0.0,0.0,0.0,0.0,0.0,0.0
1313,580,Asimina',0,0,0,0,0,0,0,0.0,0.0,0.0,0.0,0.0,0.0,0.0,0.0
1313,580,Betula',0,0,0,0,0,0,0,0.0,0.0,0.0,0.0,0.0,0.0,0.0,0.0
1313,580,Calocedrus',0,0,0,0,0,0,0,0.0,0.0,0.0,0.0,0.0,0.0,0.0,0.0
1313,580,Carpinus',0,0,0,0,0,0,0,0.0,0.0,0.0,0.0,0.0,0.0,0.0,0.0
1313,580,Carya',0,89,0,1,0,0,0,30.45274543762207,17.653989791870117,32.12741034034686,0.2496755369082428,444.51291786253455,6164.9774924599305,0.0014502984047233998,18.734627914753684
1313,580,Castanea',0,0,0,0,0,0,0,0.0,0.0,0.0,0.0,0.0,0.0,0.0,0.0
1313,580,Catalpa',0,0,0,0,0,0,0,0.0,0.0,0.0,0.0,0.0,0.0,0.0,0.0
1313,580,Celtis',0,28,0,0,0,0,0,4.162783145904541,3.8062992095947266,14.032055094272273,0.03774998753504427,54.73106338500977,900.9814205058042,0.0003236238136291509,5.324972372624256
1313,580,Cercis',0,0,0,0,0,0,0,0.0,0.0,0.0,0.0,0.0,0.0,0.0,0.0
1313,580,Cercocarpus',0,0,0,0,0,0,0,0.0,0.0,0.0,0.0,0.0,0.0,0.0,0.0
1313,580,Chamaecyparis',0,0,0,0,0,0,0,0.0,0.0,0.0,0.0,0.0,0.0,0.0,0.0
1313,580,Chilopsis',0,0,0,0,0,0,0,0.0,0.0,0.0,0.0,0.0,0.0,0.0,0.0
1313,580,Chrysolepis',0,0,0,0,0,0,0,0.0,0.0,0.0,0.0,0.0,0.0,0.0,0.0
1313,580,Cladrastis',0,0,0,0,0,0,0,0.0,0.0,0.0,0.0,0.0,0.0,0.0,0.0
1313,580,Comus',0,0,0,0,0,0,0,0.0,0.0,0.0,0.0,0.0,0.0,0.0,0.0
1313,580,Cornus',0,0,0,0,0,0,0,0.0,0.0,0.0,0.0,0.0,0.0,0.0,0.0
1313,580,Crataegus',0,0,0,0,0,0,0,0.0,0.0,0.0,0.0,0.0,0.0,0.0,0.0
1313,580,Cupressus',0,0,0,0,0,0,0,0.0,0.0,0.0,0.0,0.0,0.0,0.0,0.0
1313,580,Diospyros',0,0,0,0,0,0,0,0.0,0.0,0.0,0.0,0.0,0.0,0.0,0.0
1313,580,Elaeagnus',0,0,0,0,0,0,0,0.0,0.0,0.0,0.0,0.0,0.0,0.0,0.0
1313,580,Fagus',0,0,0,0,0,0,0,0.0,0.0,0.0,0.0,0.0,0.0,0.0,0.0
1313,580,Fraxinus',0,413,525,113,0,0,0,38.7961540222168,17.795188903808594,435.7217104619816,20.94487424021229,28112.989577577115,193045.031465211,0.06874576537782637,440.1319011642743
1313,580,Gleditsia',0,0,0,0,0,0,0,0.0,0.0,0.0,0.0,0.0,0.0,0.0,0.0
1313,580,Gordonia',0,0,28,0,0,0,0,8.895370483398438,7.579166412353516,17.14256787061691,0.1792310375483441,188.319311606884,4210.9478222896305,0.000666102251407991,14.894499141139582
1313,580,Gymnocladus',0,0,0,0,0,0,0,0.0,0.0,0.0,0.0,0.0,0.0,0.0,0.0
1313,580,Halesia',0,0,14,0,0,0,0,21.813743591308594,7.184403896331787,6.5042845093751245,0.5516157358432535,400.6358803868294,8958.490627704203,0.0009839347617924261,22.00145012792912
1313,580,Ilex',0,0,0,0,0,0,0,0.0,0.0,0.0,0.0,0.0,0.0,0.0,0.0
1313,580,Juglans',0,0,0,0,0,0,0,0.0,0.0,0.0,0.0,0.0,0.0,0.0,0.0
1313,580,Juniperus',0,0,0,0,0,0,0,0.0,0.0,0.0,0.0,0.0,0.0,0.0,0.0
1313,580,Larix',0,0,0,0,0,0,0,0.0,0.0,0.0,0.0,0.0,0.0,0.0,0.0
1313,580,Liquidambar',0,0,40,0,0,0,0,12.088398933410645,9.265724182128906,11.9525099856944,0.4590790142437199,448.6089026927948,10031.20001732682,0.001168971672654172,26.13900123826346
1313,580,Liriodendron',0,1064,2035,307,24,3,4,99.83723449707031,26.849300384521484,1576.4912620927148,96.31500603928944,100637.6518387741,311333.28123996715,0.24633369270006283,711.4734842244001
1313,580,Lithocarpus',0,0,0,0,0,0,0,0.0,0.0,0.0,0.0,0.0,0.0,0.0,0.0
1313,580,Maclura',0,39,9,0,0,0,0,9.894096374511719,5.944087028503418,17.247508507740648,0.07704284580949376,155.60815183639528,3319.4189867085056,0.0005940833728518361,12.92450380007729
1313,580,Magnolia',0,0,139,0,0,0,0,22.453311920166016,12.133476257324219,98.24136579857218,2.7350413203778583,2928.060586489141,42188.099123111635,0.00740363587631286,98.93812388524768
1313,580,Malus',0,0,0,0,0,0,0,0.0,0.0,0.0,0.0,0.0,0.0,0.0,0.0
1313,580,Morus',0,0,0,0,0,0,0,0.0,0.0,0.0,0.0,0.0,0.0,0.0,0.0
1313,580,Nyssa',0,0,0,0,0,0,0,0.0,0.0,0.0,0.0,0.0,0.0,0.0,0.0
1313,580,Olneya',0,0,0,0,0,0,0,0.0,0.0,0.0,0.0,0.0,0.0,0.0,0.0
1313,580,Ostrya',0,0,0,0,0,0,0,0.0,0.0,0.0,0.0,0.0,0.0,0.0,0.0
1313,580,Oxydendron',0,0,0,0,0,0,0,0.0,0.0,0.0,0.0,0.0,0.0,0.0,0.0
1313,580,Paulownia',0,114,0,0,0,0,0,6.802309989929199,4.0182061195373535,20.757793722839292,0.16496729880720137,100.7561996215582,1204.0172401538505,0.0005227226399844502,6.669079944477739
1313,580,Persea',0,53,33,0,0,0,0,11.908434867858887,7.620206356048584,40.81441795587539,0.5389704115837499,617.7225556969643,10094.638276194684,0.001962258377308649,30.03710448334513
1313,580,Picea',0,0,0,0,0,0,0,0.0,0.0,0.0,0.0,0.0,0.0,0.0,0.0
1313,580,Pinus',0,772,2366,1535,263,44,15,135.90196228027344,32.95661163330078,1952.1279407225547,323.90982460475266,540770.5505060588,1111995.6001219633,1.2299097409978053,2485.4747393819134
1313,580,Planera',0,34,0,0,0,0,0,2.258451461791992,2.569737195968628,6.465955776504322,0.013844750627723572,21.12947599411011,472.4694465178012,0.00014003541827201842,3.1312871451384927
1313,580,Platanus',0,21,0,0,0,0,0,1.7921431064605713,1.8334457874298096,4.222344205349306,0.005489011548405784,15.74772144317627,352.1297563767311,9.577792710065939e-05,2.1416595574109456
1313,580,Populus',0,179,0,0,0,0,0,7.196910381317139,3.994882345199585,85.59661596117517,0.3678152498698257,328.5594284084439,3395.956765111568,0.0019623428992773446,19.293987206223978
1313,580,Prosopis',0,0,0,0,0,0,0,0.0,0.0,0.0,0.0,0.0,0.0,0.0,0.0
1313,580,Prunus',0,20,0,0,7,0,0,55.06153106689453,20.220197677612305,27.619838194002075,1.775659800249585,2832.670267710686,61015.581122371776,0.006692425693430023,138.30217525742106
1313,580,Pseudotsuga',0,0,0,0,0,0,0,0.0,0.0,0.0,0.0,0.0,0.0,0.0,0.0
1313,580,Quercus',0,0,0,0,0,0,0,0.0,0.0,0.0,0.0,0.0,0.0,0.0,0.0
1313,580,Robinia',0,0,0,0,0,0,0,0.0,0.0,0.0,0.0,0.0,0.0,0.0,0.0
1313,580,Salix',0,122,20,0,0,0,0,14.868243217468262,9.291979789733887,46.25478376504741,0.4034074891376484,350.45079785943034,5532.584712691394,0.0014446428524889094,18.956953073928815
1313,580,Sassafras',0,0,0,0,0,0,0,0.0,0.0,0.0,0.0,0.0,0.0,0.0,0.0
1313,580,Sequoia',0,0,0,0,0,0,0,0.0,0.0,0.0,0.0,0.0,0.0,0.0,0.0
1313,580,Sequoiadendron',0,0,0,0,0,0,0,0.0,0.0,0.0,0.0,0.0,0.0,0.0,0.0
1313,580,Sorbus',0,0,0,0,0,0,0,0.0,0.0,0.0,0.0,0.0,0.0,0.0,0.0
1313,580,Taxodium',0,36,43,7,23,0,0,48.91345977783203,13.235644340515137,73.5945667552797,5.4485066357848755,5722.847352819443,106498.6158330852,0.013776873588315133,242.52513897699257
1313,580,Taxus',0,0,0,0,0,0,0,0.0,0.0,0.0,0.0,0.0,0.0,0.0,0.0
1313,580,Thuja',0,0,0,0,0,0,0,0.0,0.0,0.0,0.0,0.0,0.0,0.0,0.0
1313,580,Tilia',0,0,0,0,0,0,0,0.0,0.0,0.0,0.0,0.0,0.0,0.0,0.0
1313,580,Torreya',0,27,139,62,0,0,0,40.07345962524414,15.032586097717285,57.05987521409988,10.606386161751812,13704.863195049764,168021.65938894454,0.031279449889541955,378.43255366334586
1313,580,Tsuga',0,0,0,0,0,0,0,0.0,0.0,0.0,0.0,0.0,0.0,0.0,0.0
1313,580,Ulmus',0,8,0,0,0,0,0,2.252336025238037,2.4939544200897217,1.5936137863163706,0.00333090713883795,5.855643369853497,130.93616626988353,3.5953497257083525e-05,0.8039446389569127
1313,580,Umbellularia',0,0,0,0,0,0,0,0.0,0.0,0.0,0.0,0.0,0.0,0.0,0.0
1313,590,Abies',0,0,0,0,0,0,0,0.0,0.0,0.0,0.0,0.0,0.0,0.0,0.0
1313,590,Acer',0,513,404,17,0,0,0,29.069095611572266,16.961158752441406,436.732670006967,8.419542145871306,10374.23713045746,62017.4116327509,0.029340869677748918,154.57055065627532
1313,590,Aesculus',0,0,0,0,0,0,0,0.0,0.0,0.0,0.0,0.0,0.0,0.0,0.0
1313,590,Ailanthus',0,0,0,0,0,0,0,0.0,0.0,0.0,0.0,0.0,0.0,0.0,0.0
1313,590,Alnus',0,0,0,0,0,0,0,0.0,0.0,0.0,0.0,0.0,0.0,0.0,0.0
1313,590,Amelanchier',0,0,0,0,0,0,0,0.0,0.0,0.0,0.0,0.0,0.0,0.0,0.0
1313,590,Arbutus',0,0,0,0,0,0,0,0.0,0.0,0.0,0.0,0.0,0.0,0.0,0.0
1313,590,Asimina',0,0,0,0,0,0,0,0.0,0.0,0.0,0.0,0.0,0.0,0.0,0.0
1313,590,Betula',0,0,0,0,0,0,0,0.0,0.0,0.0,0.0,0.0,0.0,0.0,0.0
1313,590,Calocedrus',0,0,0,0,0,0,0,0.0,0.0,0.0,0.0,0.0,0.0,0.0,0.0
1313,590,Carpinus',0,0,0,0,0,0,0,0.0,0.0,0.0,0.0,0.0,0.0,0.0,0.0
1313,590,Carya',0,35,89,0,0,0,0,12.156081199645996,8.726987838745117,42.153600349173516,0.8355330930294208,1056.679073276818,14407.2922821905,0.002955000179436097,37.38890434243976
1313,590,Castanea',0,0,0,0,0,0,0,0.0,0.0,0.0,0.0,0.0,0.0,0.0,0.0
1313,590,Catalpa',0,11,0,0,0,0,0,1.8048095703125,1.9546046257019043,0.0,0.00294716961434467,4.699785690307618,105.09040283208594,1.0443968698382376e-05,0.23353423964463102
1313,590,Celtis',0,0,0,0,0,0,0,0.0,0.0,0.0,0.0,0.0,0.0,0.0,0.0
1313,590,Cercis',0,0,0,0,0,0,0,0.0,0.0,0.0,0.0,0.0,0.0,0.0,0.0
1313,590,Cercocarpus',0,0,0,0,0,0,0,0.0,0.0,0.0,0.0,0.0,0.0,0.0,0.0
1313,590,Chamaecyparis',0,0,0,0,0,0,0,0.0,0.0,0.0,0.0,0.0,0.0,0.0,0.0
1313,590,Chilopsis',0,0,0,0,0,0,0,0.0,0.0,0.0,0.0,0.0,0.0,0.0,0.0
1313,590,Chrysolepis',0,0,0,0,0,0,0,0.0,0.0,0.0,0.0,0.0,0.0,0.0,0.0
1313,590,Cladrastis',0,0,0,0,0,0,0,0.0,0.0,0.0,0.0,0.0,0.0,0.0,0.0
1313,590,Comus',0,0,0,0,0,0,0,0.0,0.0,0.0,0.0,0.0,0.0,0.0,0.0
1313,590,Cornus',0,0,0,0,0,0,0,0.0,0.0,0.0,0.0,0.0,0.0,0.0,0.0
1313,590,Crataegus',0,0,0,0,0,0,0,0.0,0.0,0.0,0.0,0.0,0.0,0.0,0.0
1313,590,Cupressus',0,0,0,0,0,0,0,0.0,0.0,0.0,0.0,0.0,0.0,0.0,0.0
1313,590,Diospyros',0,0,0,0,0,0,0,0.0,0.0,0.0,0.0,0.0,0.0,0.0,0.0
1313,590,Elaeagnus',0,0,0,0,0,0,0,0.0,0.0,0.0,0.0,0.0,0.0,0.0,0.0
1313,590,Fagus',0,0,0,0,0,0,0,0.0,0.0,0.0,0.0,0.0,0.0,0.0,0.0
1313,590,Fraxinus',0,399,408,64,0,0,0,41.158958435058594,18.34235191345215,329.6452091021251,15.058554253790033,21284.837431001662,185087.58751927025,0.05204506451484451,419.9672128506768
1313,590,Gleditsia',0,23,0,0,0,0,0,1.8685879707336426,2.296739101409912,0.0,0.006318288516355189,10.496591949462891,234.71093131076162,2.3325760960578917e-05,0.5215798713476547
1313,590,Gordonia',0,0,28,0,0,0,0,16.836158752441406,11.472471237182617,11.137649899721145,0.6420534171862563,698.1650795567036,15611.445774053209,0.001712355102598667,38.28942411029206
1313,590,Gymnocladus',0,0,0,0,0,0,0,0.0,0.0,0.0,0.0,0.0,0.0,0.0,0.0
1313,590,Halesia',0,0,0,0,0,0,0,0.0,0.0,0.0,0.0,0.0,0.0,0.0,0.0
1313,590,Ilex',0,0,0,0,0,0,0,0.0,0.0,0.0,0.0,0.0,0.0,0.0,0.0
1313,590,Juglans',0,0,0,0,0,0,0,0.0,0.0,0.0,0.0,0.0,0.0,0.0,0.0
1313,590,Juniperus',0,0,0,0,0,0,0,0.0,0.0,0.0,0.0,0.0,0.0,0.0,0.0
1313,590,Larix',0,0,0,0,0,0,0,0.0,0.0,0.0,0.0,0.0,0.0,0.0,0.0
1313,590,Liquidambar',0,23,40,0,0,0,0,16.606769561767578,11.741979598999023,18.636405788644957,0.917669891921235,1013.8937332081795,21450.875313056345,0.00252137858361002,50.46541753241052
1313,590,Liriodendron',0,1229,1929,313,27,7,4,102.72347259521484,27.187334060668945,1510.218167911413,93.69067656452359,98250.23761738538,302000.8741345208,0.24007429028854615,688.6792060248309
1313,590,Lithocarpus',0,0,0,0,0,0,0,0.0,0.0,0.0,0.0,0.0,0.0,0.0,0.0
1313,590,Maclura',0,68,9,0,0,0,0,20.068695068359375,9.37673568725586,22.441051845214787,0.4497265048007386,697.0689446982741,11927.451294028313,0.0018720934627707963,30.081015104822395
1313,590,Magnolia',0,0,109,0,0,0,0,24.179962158203125,12.808304786682129,55.443139200723614,3.002167490178822,3253.8612051796913,49966.292250425744,0.00773693683312322,116.75893445057531
1313,590,Malus',0,0,0,0,0,0,0,0.0,0.0,0.0,0.0,0.0,0.0,0.0,0.0
1313,590,Morus',0,0,0,0,0,0,0,0.0,0.0,0.0,0.0,0.0,0.0,0.0,0.0
1313,590,Nyssa',0,0,0,0,0,0,0,0.0,0.0,0.0,0.0,0.0,0.0,0.0,0.0
1313,590,Olneya',0,0,0,0,0,0,0,0.0,0.0,0.0,0.0,0.0,0.0,0.0,0.0
1313,590,Ostrya',0,0,0,0,0,0,0,0.0,0.0,0.0,0.0,0.0,0.0,0.0,0.0
1313,590,Oxydendron',0,0,0,0,0,0,0,0.0,0.0,0.0,0.0,0.0,0.0,0.0,0.0
1313,590,Paulownia',0,96,29,0,0,0,0,15.534521102905273,6.965195655822754,44.036507304239116,0.6074101748884759,336.8182221701741,6064.912325449915,0.0013824148830790034,20.565808637612356
1313,590,Persea',0,21,65,0,0,0,0,16.605024337768555,9.513572692871094,32.25397109210491,1.300924033588996,1494.029497062564,22602.379871366342,0.003785956310053642,55.40697364913416
1313,590,Picea',0,0,0,0,0,0,0,0.0,0.0,0.0,0.0,0.0,0.0,0.0,0.0
1313,590,Pinus',0,706,2426,1445,270,43,28,116.54120635986328,31.802852630615234,1974.374390644282,326.0670195051988,546552.4144344376,1143321.0037220628,1.2430796649175477,2553.3147187359914
1313,590,Planera',0,0,0,0,0,0,0,0.0,0.0,0.0,0.0,0.0,0.0,0.0,0.0
1313,590,Platanus',0,21,0,0,0,0,0,6.012114524841309,3.056974172592163,6.91241360917876,0.06177364986138762,56.804338150024414,1270.183615203392,0.00022573989200591813,5.04769743758692
1313,590,Populus',0,106,78,0,0,0,0,18.948293685913086,7.947098255157471,86.89247508214999,0.9137239636483523,684.1876473474503,7693.303377417559,0.0027712824255162897,25.589973364721374
1313,590,Prosopis',0,0,0,0,0,0,0,0.0,0.0,0.0,0.0,0.0,0.0,0.0,0.0
1313,590,Prunus',0,0,20,0,7,0,0,60.3329963684082,21.35589599609375,17.4108423386948,2.359305481501927,3728.0603814077376,76884.7006142824,0.008535217679142976,173.89768639320107
1313,590,Pseudotsuga',0,0,0,0,0,0,0,0.0,0.0,0.0,0.0,0.0,0.0,0.0,0.0
1313,590,Quercus',0,39,0,0,0,0,0,3.018519878387451,3.2550876140594482,12.080286711077145,0.027966139321187824,45.90523633956909,1026.4722897846948,0.00027591407272406374,6.169626225598231
1313,590,Robinia',0,0,0,0,0,0,0,0.0,0.0,0.0,0.0,0.0,0.0,0.0,0.0
1313,590,Salix',0,99,3,0,0,0,0,24.546361923217773,13.25542163848877,58.676271430110624,0.40388949208873826,386.7910820668936,5102.367228905386,0.0017042132349796536,19.618267322335676
1313,590,Sassafras',0,0,0,0,0,0,0,0.0,0.0,0.0,0.0,0.0,0.0,0.0,0.0
1313,590,Sequoia',0,0,0,0,0,0,0,0.0,0.0,0.0,0.0,0.0,0.0,0.0,0.0
1313,590,Sequoiadendron',0,0,0,0,0,0,0,0.0,0.0,0.0,0.0,0.0,0.0,0.0,0.0
1313,590,Sorbus',0,0,0,0,0,0,0,0.0,0.0,0.0,0.0,0.0,0.0,0.0,0.0
1313,590,Taxodium',0,36,40,10,23,0,0,51.10414123535156,13.659777641296387,103.5584499903872,7.037962720494253,7510.435608484745,121650.15069360721,0.01818063807712493,280.897063161256
1313,590,Taxus',0,0,0,0,0,0,0,0.0,0.0,0.0,0.0,0.0,0.0,0.0,0.0
1313,590,Thuja',0,0,0,0,0,0,0,0.0,0.0,0.0,0.0,0.0,0.0,0.0,0.0
1313,590,Tilia',0,0,0,0,0,0,0,0.0,0.0,0.0,0.0,0.0,0.0,0.0,0.0
1313,590,Torreya',0,40,129,62,0,0,0,41.74686813354492,15.2391357421875,86.46746777176857,12.98910022980821,17275.910720564127,194536.10778789796,0.0396398876497947,439.3795316131135
1313,590,Tsuga',0,0,0,0,0,0,0,0.0,0.0,0.0,0.0,0.0,0.0,0.0,0.0
1313,590,Ulmus',0,40,0,0,0,0,0,4.269312381744385,3.3373606204986572,7.427269239214401,0.057261897930469645,61.620661318302155,1377.8798752621574,0.00024385447613894937,5.452751852642833
1313,590,Umbellularia',0,0,0,0,0,0,0,0.0,0.0,0.0,0.0,0.0,0.0,0.0,0.0
1313,600,Abies',0,0,0,0,0,0,0,0.0,0.0,0.0,0.0,0.0,0.0,0.0,0.0
1313,600,Acer',0,460,424,17,0,0,0,33.26599884033203,18.531152725219727,394.530078463162,9.29113702912447,12075.355418540836,79612.30434269748,0.0325136030201005,190.22783339104126
1313,600,Aesculus',0,0,0,0,0,0,0,0.0,0.0,0.0,0.0,0.0,0.0,0.0,0.0
1313,600,Ailanthus',0,0,0,0,0,0,0,0.0,0.0,0.0,0.0,0.0,0.0,0.0,0.0
1313,600,Alnus',0,0,0,0,0,0,0,0.0,0.0,0.0,0.0,0.0,0.0,0.0,0.0
1313,600,Amelanchier',0,0,0,0,0,0,0,0.0,0.0,0.0,0.0,0.0,0.0,0.0,0.0
1313,600,Arbutus',0,0,0,0,0,0,0,0.0,0.0,0.0,0.0,0.0,0.0,0.0,0.0
1313,600,Asimina',0,0,0,0,0,0,0,0.0,0.0,0.0,0.0,0.0,0.0,0.0,0.0
1313,600,Betula',0,0,0,0,0,0,0,0.0,0.0,0.0,0.0,0.0,0.0,0.0,0.0
1313,600,Calocedrus',0,0,0,0,0,0,0,0.0,0.0,0.0,0.0,0.0,0.0,0.0,0.0
1313,600,Carpinus',0,0,0,0,0,0,0,0.0,0.0,0.0,0.0,0.0,0.0,0.0,0.0
1313,600,Carya',0,0,52,0,0,0,0,14.966450691223145,10.478562355041504,29.456913576850404,0.9018873723747887,1186.898336763382,18825.69390066588,0.0030616005663871722,48.4982369553655
1313,600,Castanea',0,0,0,0,0,0,0,0.0,0.0,0.0,0.0,0.0,0.0,0.0,0.0
1313,600,Catalpa',0,0,0,0,0,0,0,0.0,0.0,0.0,0.0,0.0,0.0,0.0,0.0
1313,600,Celtis',0,0,0,0,0,0,0,0.0,0.0,0.0,0.0,0.0,0.0,0.0,0.0
1313,600,Cercis',0,0,0,0,0,0,0,0.0,0.0,0.0,0.0,0.0,0.0,0.0,0.0
1313,600,Cercocarpus',0,0,0,0,0,0,0,0.0,0.0,0.0,0.0,0.0,0.0,0.0,0.0
1313,600,Chamaecyparis',0,0,0,0,0,0,0,0.0,0.0,0.0,0.0,0.0,0.0,0.0,0.0
1313,600,Chilopsis',0,0,0,0,0,0,0,0.0,0.0,0.0,0.0,0.0,0.0,0.0,0.0
1313,600,Chrysolepis',0,0,0,0,0,0,0,0.0,0.0,0.0,0.0,0.0,0.0,0.0,0.0
1313,600,Cladrastis',0,0,0,0,0,0,0,0.0,0.0,0.0,0.0,0.0,0.0,0.0,0.0
1313,600,Comus',0,0,0,0,0,0,0,0.0,0.0,0.0,0.0,0.0,0.0,0.0,0.0
1313,600,Cornus',0,0,0,0,0,0,0,0.0,0.0,0.0,0.0,0.0,0.0,0.0,0.0
1313,600,Crataegus',0,0,0,0,0,0,0,0.0,0.0,0.0,0.0,0.0,0.0,0.0,0.0
1313,600,Cupressus',0,0,0,0,0,0,0,0.0,0.0,0.0,0.0,0.0,0.0,0.0,0.0
1313,600,Diospyros',0,0,0,0,0,0,0,0.0,0.0,0.0,0.0,0.0,0.0,0.0,0.0
1313,600,Elaeagnus',0,0,0,0,0,0,0,0.0,0.0,0.0,0.0,0.0,0.0,0.0,0.0
1313,600,Fagus',0,0,0,0,0,0,0,0.0,0.0,0.0,0.0,0.0,0.0,0.0,0.0
1313,600,Fraxinus',0,533,413,22,7,0,0,48.18659591674805,16.146289825439453,337.80681163001844,10.691018279114818,13351.529629561453,87144.82829000027,0.03453298252383319,205.87528013687296
1313,600,Gleditsia',0,0,23,0,0,0,0,11.654132843017578,6.623043060302734,18.663398646101165,0.24577193261507993,266.2914715576172,5954.45832231283,0.0008604288167953581,19.2397732415413
1313,600,Gordonia',0,0,28,0,0,0,0,22.91421127319336,13.67030143737793,16.28280072927475,1.1893097068807963,1451.548619363308,32457.613855423228,0.0034608595288991464,77.38717167196297
1313,600,Gymnocladus',0,0,0,0,0,0,0,0.0,0.0,0.0,0.0,0.0,0.0,0.0,0.0
1313,600,Halesia',0,25,0,0,0,0,0,6.992475509643555,4.154345512390137,4.611852984356729,0.09692618959471014,65.74917879134416,1470.1963324223404,0.0002124994758144021,4.751632731040745
1313,600,Ilex',0,0,0,0,0,0,0,0.0,0.0,0.0,0.0,0.0,0.0,0.0,0.0
1313,600,Juglans',0,0,0,0,0,0,0,0.0,0.0,0.0,0.0,0.0,0.0,0.0,0.0
1313,600,Juniperus',0,0,0,0,0,0,0,0.0,0.0,0.0,0.0,0.0,0.0,0.0,0.0
1313,600,Larix',0,0,0,0,0,0,0,0.0,0.0,0.0,0.0,0.0,0.0,0.0,0.0
1313,600,Liquidambar',0,0,40,0,0,0,0,20.85747718811035,13.858213424682617,9.611082039301907,1.3667007326355851,1695.7321017980576,37917.72251249033,0.0039066505879163035,87.35536278920442
1313,600,Liriodendron',0,1439,1645,340,66,3,4,105.8041000366211,27.533666610717773,1620.6312025140355,95.19235694616293,102196.2293415466,332580.9189315495,0.2504326192309102,758.1712028754766
1313,600,Lithocarpus',0,0,0,0,0,0,0,0.0,0.0,0.0,0.0,0.0,0.0,0.0,0.0
1313,600,Maclura',0,0,68,9,0,0,0,28.445640563964844,11.455819129943848,33.959176847829085,1.2669822093957297,2011.4502389371396,29789.28835058151,0.004958750761508939,72.29391458320603
1313,600,Magnolia',0,44,71,0,0,0,0,19.38318634033203,10.883749008178711,40.54530435159236,2.0087746120942107,2102.222339884639,32728.338440294145,0.005041738799460217,76.93341233033365
1313,600,Malus',0,0,0,0,0,0,0,0.0,0.0,0.0,0.0,0.0,0.0,0.0,0.0
1313,600,Morus',0,0,0,0,0,0,0,0.0,0.0,0.0,0.0,0.0,0.0,0.0,0.0
1313,600,Nyssa',0,0,0,0,0,0,0,0.0,0.0,0.0,0.0,0.0,0.0,0.0,0.0
1313,600,Olneya',0,0,0,0,0,0,0,0.0,0.0,0.0,0.0,0.0,0.0,0.0,0.0
1313,600,Ostrya',0,0,0,0,0,0,0,0.0,0.0,0.0,0.0,0.0,0.0,0.0,0.0
1313,600,Oxydendron',0,0,0,0,0,0,0,0.0,0.0,0.0,0.0,0.0,0.0,0.0,0.0
1313,600,Paulownia',0,13,12,0,0,0,0,10.410126686096191,5.304210186004639,14.566642315233054,0.11460735666322205,66.78006468743087,1354.3173467108397,0.00035809505957924015,6.815469454167244
1313,600,Persea',0,0,55,0,0,0,0,20.279605865478516,10.806107521057129,13.9365853369236,1.2980364737073706,1578.3953045141698,30827.155407639275,0.003708851603468262,72.18464117826397
1313,600,Picea',0,0,0,0,0,0,0,0.0,0.0,0.0,0.0,0.0,0.0,0.0,0.0
1313,600,Pinus',0,849,2249,1763,230,43,34,127.24458312988281,32.49260330200195,2012.107315249741,347.22830351868186,587593.6798528126,1187646.6386476567,1.3348275045840918,2652.4529086134203
1313,600,Planera',0,0,0,0,0,0,0,0.0,0.0,0.0,0.0,0.0,0.0,0.0,0.0
1313,600,Platanus',0,22,21,0,0,0,0,11.386934280395508,4.551272392272949,17.044390438808293,0.22227249262692442,187.02569066926839,4009.4681466759394,0.0006609761180789206,13.976030476553468
1313,600,Populus',0,111,108,0,0,0,0,17.374568939208984,7.4479827880859375,76.81965755699555,1.380036510923215,951.1702621078491,9866.29625097676,0.003219573359227757,32.29922312087783
1313,600,Prosopis',0,0,0,0,0,0,0,0.0,0.0,0.0,0.0,0.0,0.0,0.0,0.0
1313,600,Prunus',0,0,20,0,7,0,0,65.0860366821289,22.307619094848633,25.94832236631007,3.0887409736210856,4899.700528395176,93949.67579964868,0.011261763921976104,212.62328235199928
1313,600,Pseudotsuga',0,0,0,0,0,0,0,0.0,0.0,0.0,0.0,0.0,0.0,0.0,0.0
1313,600,Quercus',0,39,0,0,0,0,0,5.870408535003662,4.9838643074035645,9.85958642125884,0.10577452606025352,108.76674596488476,2432.09837668933,0.0003836381077244872,8.578408876313418
1313,600,Robinia',0,0,0,0,0,0,0,0.0,0.0,0.0,0.0,0.0,0.0,0.0,0.0
1313,600,Salix',0,124,0,0,0,0,0,6.712996482849121,5.232342720031738,28.949462119725684,0.13251155562587827,118.11337369024754,1582.9835936342438,0.0006792177558988278,8.851984410872776
1313,600,Sassafras',0,0,0,0,0,0,0,0.0,0.0,0.0,0.0,0.0,0.0,0.0,0.0
1313,600,Sequoia',0,0,0,0,0,0,0,0.0,0.0,0.0,0.0,0.0,0.0,0.0,0.0
1313,600,Sequoiadendron',0,0,0,0,0,0,0,0.0,0.0,0.0,0.0,0.0,0.0,0.0,0.0
1313,600,Sorbus',0,0,0,0,0,0,0,0.0,0.0,0.0,0.0,0.0,0.0,0.0,0.0
1313,600,Taxodium',0,10,76,0,10,0,0,54.57801818847656,15.346159934997559,80.85383112483386,3.9592740579125714,4059.460533889532,49640.58664282152,0.010184959307543972,120.43179850694416
1313,600,Taxus',0,0,0,0,0,0,0,0.0,0.0,0.0,0.0,0.0,0.0,0.0,0.0
1313,600,Thuja',0,0,0,0,0,0,0,0.0,0.0,0.0,0.0,0.0,0.0,0.0,0.0
1313,600,Tilia',0,0,0,0,0,0,0,0.0,0.0,0.0,0.0,0.0,0.0,0.0,0.0
1313,600,Torreya',0,0,101,89,0,0,0,43.465091705322266,15.43626594543457,74.0053106534481,15.436530964024351,20992.195655807256,224816.98713511633,0.04771829018650427,508.4380369696571
1313,600,Tsuga',0,0,0,0,0,0,0,0.0,0.0,0.0,0.0,0.0,0.0,0.0,0.0
1313,600,Ulmus',0,0,0,0,0,0,0,0.0,0.0,0.0,0.0,0.0,0.0,0.0,0.0
1313,600,Umbellularia',0,0,0,0,0,0,0,0.0,0.0,0.0,0.0,0.0,0.0,0.0,0.0
1313,610,Abies',0,0,0,0,0,0,0,0.0,0.0,0.0,0.0,0.0,0.0,0.0,0.0
1313,610,Acer',0,444,403,29,0,0,0,36.837921142578125,19.762483596801758,398.10370159771617,11.539125873279973,16192.588091933132,107635.88118585713,0.0417144533633053,252.4337712459366
1313,610,Aesculus',0,0,0,0,0,0,0,0.0,0.0,0.0,0.0,0.0,0.0,0.0,0.0
1313,610,Ailanthus',0,0,0,0,0,0,0,0.0,0.0,0.0,0.0,0.0,0.0,0.0,0.0
1313,610,Alnus',0,0,0,0,0,0,0,0.0,0.0,0.0,0.0,0.0,0.0,0.0,0.0
1313,610,Amelanchier',0,0,0,0,0,0,0,0.0,0.0,0.0,0.0,0.0,0.0,0.0,0.0
1313,610,Arbutus',0,0,0,0,0,0,0,0.0,0.0,0.0,0.0,0.0,0.0,0.0,0.0
1313,610,Asimina',0,0,0,0,0,0,0,0.0,0.0,0.0,0.0,0.0,0.0,0.0,0.0
1313,610,Betula',0,0,0,0,0,0,0,0.0,0.0,0.0,0.0,0.0,0.0,0.0,0.0
1313,610,Calocedrus',0,0,0,0,0,0,0,0.0,0.0,0.0,0.0,0.0,0.0,0.0,0.0
1313,610,Carpinus',0,0,0,0,0,0,0,0.0,0.0,0.0,0.0,0.0,0.0,0.0,0.0
1313,610,Carya',0,0,52,0,0,0,0,19.389799118041992,12.894583702087402,17.257383197923247,1.436834418196774,2060.858802411556,32553.57256908363,0.0048281160354017695,76.28638508510613
1313,610,Castanea',0,0,0,0,0,0,0,0.0,0.0,0.0,0.0,0.0,0.0,0.0,0.0
1313,610,Catalpa',0,0,0,0,0,0,0,0.0,0.0,0.0,0.0,0.0,0.0,0.0,0.0
1313,610,Celtis',0,0,0,0,0,0,0,0.0,0.0,0.0,0.0,0.0,0.0,0.0,0.0
1313,610,Cercis',0,0,0,0,0,0,0,0.0,0.0,0.0,0.0,0.0,0.0,0.0,0.0
1313,610,Cercocarpus',0,0,0,0,0,0,0,0.0,0.0,0.0,0.0,0.0,0.0,0.0,0.0
1313,610,Chamaecyparis',0,0,0,0,0,0,0,0.0,0.0,0.0,0.0,0.0,0.0,0.0,0.0
1313,610,Chilopsis',0,0,0,0,0,0,0,0.0,0.0,0.0,0.0,0.0,0.0,0.0,0.0
1313,610,Chrysolepis',0,0,0,0,0,0,0,0.0,0.0,0.0,0.0,0.0,0.0,0.0,0.0
1313,610,Cladrastis',0,0,0,0,0,0,0,0.0,0.0,0.0,0.0,0.0,0.0,0.0,0.0
1313,610,Comus',0,0,0,0,0,0,0,0.0,0.0,0.0,0.0,0.0,0.0,0.0,0.0
1313,610,Cornus',0,0,0,0,0,0,0,0.0,0.0,0.0,0.0,0.0,0.0,0.0,0.0
1313,610,Crataegus',0,0,0,0,0,0,0,0.0,0.0,0.0,0.0,0.0,0.0,0.0,0.0
1313,610,Cupressus',0,0,0,0,0,0,0,0.0,0.0,0.0,0.0,0.0,0.0,0.0,0.0
1313,610,Diospyros',0,0,0,0,0,0,0,0.0,0.0,0.0,0.0,0.0,0.0,0.0,0.0
1313,610,Elaeagnus',0,0,0,0,0,0,0,0.0,0.0,0.0,0.0,0.0,0.0,0.0,0.0
1313,610,Fagus',0,0,0,0,0,0,0,0.0,0.0,0.0,0.0,0.0,0.0,0.0,0.0
1313,610,Fraxinus',0,436,439,22,0,0,0,31.847715377807617,13.740581512451172,399.02815398064587,11.154345942796905,13983.635536519289,83881.54256099532,0.03681897766907268,200.538555323855
1313,610,Gleditsia',0,0,0,0,0,0,0,0.0,0.0,0.0,0.0,0.0,0.0,0.0,0.0
1313,610,Gordonia',0,0,0,0,0,0,0,0.0,0.0,0.0,0.0,0.0,0.0,0.0,0.0
1313,610,Gymnocladus',0,0,0,0,0,0,0,0.0,0.0,0.0,0.0,0.0,0.0,0.0,0.0
1313,610,Halesia',0,0,0,0,0,0,0,0.0,0.0,0.0,0.0,0.0,0.0,0.0,0.0
1313,610,Ilex',0,0,0,0,0,0,0,0.0,0.0,0.0,0.0,0.0,0.0,0.0,0.0
1313,610,Juglans',0,0,0,0,0,0,0,0.0,0.0,0.0,0.0,0.0,0.0,0.0,0.0
1313,610,Juniperus',0,0,0,0,0,0,0,0.0,0.0,0.0,0.0,0.0,0.0,0.0,0.0
1313,610,Larix',0,0,0,0,0,0,0,0.0,0.0,0.0,0.0,0.0,0.0,0.0,0.0
1313,610,Liquidambar',0,0,0,0,0,0,0,0.0,0.0,0.0,0.0,0.0,0.0,0.0,0.0
1313,610,Liriodendron',0,1416,1527,476,42,3,4,108.39149475097656,27.813447952270508,1546.4389983041185,100.92197056142484,110161.98639919847,352601.0408558742,0.26706626466786615,801.0574363037861
1313,610,Lithocarpus',0,0,0,0,0,0,0,0.0,0.0,0.0,0.0,0.0,0.0,0.0,0.0
1313,610,Maclura',0,49,0,0,0,0,0,1.338868260383606,2.020378589630127,2.631453407716147,0.004776905755459243,18.364918344020843,338.760289501734,7.869216396659609e-05,1.5880313841504257
1313,610,Magnolia',0,15,99,0,0,0,0,22.187833786010742,12.027957916259766,70.89230846000622,3.017444310265065,3302.697523417473,47029.3172004528,0.008032861290585143,110.63800473840118
1313,610,Malus',0,0,0,0,0,0,0,0.0,0.0,0.0,0.0,0.0,0.0,0.0,0.0
1313,610,Morus',0,0,0,0,0,0,0,0.0,0.0,0.0,0.0,0.0,0.0,0.0,0.0
1313,610,Nyssa',0,0,0,0,0,0,0,12.113906860351562,8.094080924987793,1.1903433256511446,0.0036881478280330056,7.278000717163086,162.74104343869115,3.330898785591125e-05,0.7448116110753332
1313,610,Olneya',0,0,0,0,0,0,0,0.0,0.0,0.0,0.0,0.0,0.0,0.0,0.0
1313,610,Ostrya',0,0,0,0,0,0,0,0.0,0.0,0.0,0.0,0.0,0.0,0.0,0.0
1313,610,Oxydendron',0,0,0,0,0,0,0,0.0,0.0,0.0,0.0,0.0,0.0,0.0,0.0
1313,610,Paulownia',0,54,0,0,0,0,0,2.2558445930480957,2.246519088745117,6.641165478320061,0.015139161641114616,18.728167607188226,335.69307231924915,0.0001372214170685038,2.8632965035502345
1313,610,Persea',0,0,21,0,0,0,0,14.643221855163574,8.757668495178223,5.765360794067383,0.36645618577991,409.12277534484866,9148.263368144573,0.0009924391581217428,22.191614210928805
1313,610,Picea',0,0,0,0,0,0,0,0.0,0.0,0.0,0.0,0.0,0.0,0.0,0.0
1313,610,Pinus',0,898,2467,1735,228,32,35,134.3531951904297,32.87910079956055,2110.03661999464,359.9528863980879,612601.1235582379,1236261.5615329342,1.3918141331001044,2761.490189974612
1313,610,Planera',0,0,0,0,0,0,0,0.0,0.0,0.0,0.0,0.0,0.0,0.0,0.0
1313,610,Platanus',0,21,0,0,0,0,0,3.0319159030914307,2.1976051330566406,8.570019104812719,0.015277062196430422,28.139753766059876,629.2240229101523,0.00018590297440625718,4.156916879917967
1313,610,Populus',0,176,22,0,0,0,0,11.907857894897461,5.6430206298828125,71.15708611481175,0.5061425022370363,402.72071461588143,3980.799279812687,0.0019192807017569397,16.97880994342892
1313,610,Prosopis',0,0,0,0,0,0,0,0.0,0.0,0.0,0.0,0.0,0.0,0.0,0.0
1313,610,Prunus',0,0,20,0,0,7,0,69.50237274169922,23.134660720825195,14.058781518023224,3.8532605085579332,6179.516934129596,112477.42291183671,0.013934643686696899,252.93980823199786
1313,610,Pseudotsuga',0,0,0,0,0,0,0,0.0,0.0,0.0,0.0,0.0,0.0,0.0,0.0
1313,610,Quercus',0,12,0,0,0,0,0,3.424102783203125,3.099999189376831,4.90239602101,0.011786732744500088,16.70882453918457,373.62067493732866,0.00010770343542098998,2.4083220301159183
1313,610,Robinia',0,0,0,0,0,0,0,0.0,0.0,0.0,0.0,0.0,0.0,0.0,0.0
1313,610,Salix',0,133,36,0,0,0,0,10.314624786376953,7.115071773529053,50.41977906245973,0.4950952048270423,371.3655693799257,5041.5334054351,0.00155107756477967,17.885144011326027
1313,610,Sassafras',0,0,0,0,0,0,0,0.0,0.0,0.0,0.0,0.0,0.0,0.0,0.0
1313,610,Sequoia',0,0,0,0,0,0,0,0.0,0.0,0.0,0.0,0.0,0.0,0.0,0.0
1313,610,Sequoiadendron',0,0,0,0,0,0,0,0.0,0.0,0.0,0.0,0.0,0.0,0.0,0.0
1313,610,Sorbus',0,0,0,0,0,0,0,0.0,0.0,0.0,0.0,0.0,0.0,0.0,0.0
1313,610,Taxodium',0,16,76,0,7,0,0,58.553043365478516,15.957425117492676,66.02828946954841,4.503105447156987,4549.404587349296,63872.62953251885,0.011060301864907132,149.9407231932229
1313,610,Taxus',0,0,0,0,0,0,0,0.0,0.0,0.0,0.0,0.0,0.0,0.0,0.0
1313,610,Thuja',0,0,0,0,0,0,0,0.0,0.0,0.0,0.0,0.0,0.0,0.0,0.0
1313,610,Tilia',0,0,0,0,0,0,0,0.0,0.0,0.0,0.0,0.0,0.0,0.0,0.0
1313,610,Torreya',0,0,38,152,0,0,0,45.17216491699219,15.618176460266113,99.09988450288772,17.983068190656628,24959.339159100055,257487.11045416398,0.0568966407824356,584.6253102014348
1313,610,Tsuga',0,0,0,0,0,0,0,0.0,0.0,0.0,0.0,0.0,0.0,0.0,0.0
1313,610,Ulmus',0,0,0,0,0,0,0,0.0,0.0,0.0,0.0,0.0,0.0,0.0,0.0
1313,610,Umbellularia',0,0,0,0,0,0,0,0.0,0.0,0.0,0.0,0.0,0.0,0.0,0.0
1313,620,Abies',0,0,0,0,0,0,0,0.0,0.0,0.0,0.0,0.0,0.0,0.0,0.0
1313,620,Acer',0,473,301,50,0,0,0,39.853214263916016,20.732341766357422,382.85451025584166,11.010355713916022,16157.960181077495,120397.47354051885,0.04141798182507949,280.730032666092
1313,620,Aesculus',0,0,0,0,0,0,0,0.0,0.0,0.0,0.0,0.0,0.0,0.0,0.0
1313,620,Ailanthus',0,0,0,0,0,0,0,0.0,0.0,0.0,0.0,0.0,0.0,0.0,0.0
1313,620,Alnus',0,0,0,0,0,0,0,0.0,0.0,0.0,0.0,0.0,0.0,0.0,0.0
1313,620,Amelanchier',0,0,0,0,0,0,0,0.0,0.0,0.0,0.0,0.0,0.0,0.0,0.0
1313,620,Arbutus',0,0,0,0,0,0,0,0.0,0.0,0.0,0.0,0.0,0.0,0.0,0.0
1313,620,Asimina',0,0,0,0,0,0,0,0.0,0.0,0.0,0.0,0.0,0.0,0.0,0.0
1313,620,Betula',0,0,0,0,0,0,0,0.0,0.0,0.0,0.0,0.0,0.0,0.0,0.0
1313,620,Calocedrus',0,0,0,0,0,0,0,0.0,0.0,0.0,0.0,0.0,0.0,0.0,0.0
1313,620,Carpinus',0,0,0,0,0,0,0,0.0,0.0,0.0,0.0,0.0,0.0,0.0,0.0
1313,620,Carya',0,0,52,0,0,0,0,23.54103660583496,14.813162803649902,28.21650710286973,1.9240860121647552,3029.710260467529,48144.07326471807,0.007138881827831291,113.25964311104693
1313,620,Castanea',0,0,0,0,0,0,0,0.0,0.0,0.0,0.0,0.0,0.0,0.0,0.0
1313,620,Catalpa',0,60,0,0,0,0,0,3.996814250946045,2.715235471725464,21.952550716792476,0.053768711060770906,69.98171941637993,1365.5073783155422,0.0004715340983960777,10.074074822096705
1313,620,Celtis',0,0,0,0,0,0,0,4.298861980438232,3.884425401687622,0.14985753388344483,0.00040640113896213864,0.5914715981483459,13.225707002201382,3.4716638624668114e-06,0.07762876391505245
1313,620,Cercis',0,0,0,0,0,0,0,0.0,0.0,0.0,0.0,0.0,0.0,0.0,0.0
1313,620,Cercocarpus',0,0,0,0,0,0,0,0.0,0.0,0.0,0.0,0.0,0.0,0.0,0.0
1313,620,Chamaecyparis',0,0,0,0,0,0,0,0.0,0.0,0.0,0.0,0.0,0.0,0.0,0.0
1313,620,Chilopsis',0,0,0,0,0,0,0,0.0,0.0,0.0,0.0,0.0,0.0,0.0,0.0
1313,620,Chrysolepis',0,0,0,0,0,0,0,0.0,0.0,0.0,0.0,0.0,0.0,0.0,0.0
1313,620,Cladrastis',0,0,0,0,0,0,0,0.0,0.0,0.0,0.0,0.0,0.0,0.0,0.0
1313,620,Comus',0,0,0,0,0,0,0,0.0,0.0,0.0,0.0,0.0,0.0,0.0,0.0
1313,620,Cornus',0,0,0,0,0,0,0,0.0,0.0,0.0,0.0,0.0,0.0,0.0,0.0
1313,620,Crataegus',0,0,0,0,0,0,0,0.0,0.0,0.0,0.0,0.0,0.0,0.0,0.0
1313,620,Cupressus',0,0,0,0,0,0,0,0.0,0.0,0.0,0.0,0.0,0.0,0.0,0.0
1313,620,Diospyros',0,0,0,0,0,0,0,0.0,0.0,0.0,0.0,0.0,0.0,0.0,0.0
1313,620,Elaeagnus',0,0,0,0,0,0,0,0.0,0.0,0.0,0.0,0.0,0.0,0.0,0.0
1313,620,Fagus',0,0,0,0,0,0,0,0.0,0.0,0.0,0.0,0.0,0.0,0.0,0.0
1313,620,Fraxinus',0,703,423,31,0,0,0,31.39983367919922,15.425769805908203,394.86197098618067,11.49958975758412,14905.17129651457,86921.96138815593,0.038806860162410244,206.1715395881066
1313,620,Gleditsia',0,0,0,0,0,0,0,0.0,0.0,0.0,0.0,0.0,0.0,0.0,0.0
1313,620,Gordonia',0,0,0,0,0,0,0,0.0,0.0,0.0,0.0,0.0,0.0,0.0,0.0
1313,620,Gymnocladus',0,0,0,0,0,0,0,0.0,0.0,0.0,0.0,0.0,0.0,0.0,0.0
1313,620,Halesia',0,0,0,0,0,0,0,0.0,0.0,0.0,0.0,0.0,0.0,0.0,0.0
1313,620,Ilex',0,0,0,0,0,0,0,0.0,0.0,0.0,0.0,0.0,0.0,0.0,0.0
1313,620,Juglans',0,0,0,0,0,0,0,0.0,0.0,0.0,0.0,0.0,0.0,0.0,0.0
1313,620,Juniperus',0,0,0,0,0,0,0,0.0,0.0,0.0,0.0,0.0,0.0,0.0,0.0
1313,620,Larix',0,0,0,0,0,0,0,0.0,0.0,0.0,0.0,0.0,0.0,0.0,0.0
1313,620,Liquidambar',0,0,0,0,0,0,0,0.0,0.0,0.0,0.0,0.0,0.0,0.0,0.0
1313,620,Liriodendron',0,1610,1725,347,35,0,0,62.47980499267578,21.019956588745117,1682.9065893722484,84.84551254185887,85785.61801923216,253910.59714775332,0.21486108127767492,584.4362480694003
1313,620,Lithocarpus',0,0,0,0,0,0,0,0.0,0.0,0.0,0.0,0.0,0.0,0.0,0.0
1313,620,Maclura',0,69,9,0,0,0,0,8.745622634887695,5.479350566864014,32.94739228260667,0.23306102560793093,356.0019918060303,5739.975713844622,0.0012654115200340411,20.017702594150947
1313,620,Magnolia',0,0,50,0,0,0,0,24.355751037597656,12.875908851623535,21.442566928512683,1.7482421037312972,2001.1428492257,42559.50560419627,0.004655788741417207,98.48447142402911
1313,620,Malus',0,0,0,0,0,0,0,0.0,0.0,0.0,0.0,0.0,0.0,0.0,0.0
1313,620,Morus',0,0,0,0,0,0,0,0.0,0.0,0.0,0.0,0.0,0.0,0.0,0.0
1313,620,Nyssa',0,0,0,0,0,0,0,0.0,0.0,0.0,0.0,0.0,0.0,0.0,0.0
1313,620,Olneya',0,0,0,0,0,0,0,0.0,0.0,0.0,0.0,0.0,0.0,0.0,0.0
1313,620,Ostrya',0,0,0,0,0,0,0,0.0,0.0,0.0,0.0,0.0,0.0,0.0,0.0
1313,620,Oxydendron',0,0,0,0,0,0,0,0.0,0.0,0.0,0.0,0.0,0.0,0.0,0.0
1313,620,Paulownia',0,103,0,0,0,0,0,8.779111862182617,4.735361099243164,39.28958295290417,0.12306328510699509,100.33146738126874,1152.2467493759616,0.0007885541874968866,9.05647107983705
1313,620,Persea',0,38,21,0,0,0,0,17.99738883972168,10.021575927734375,6.510023272037506,0.5630154979651121,674.8933764386177,14667.324186481575,0.0015937966511522707,33.350442501087095
1313,620,Picea',0,0,0,0,0,0,0,0.0,0.0,0.0,0.0,0.0,0.0,0.0,0.0
1313,620,Pinus',0,903,2262,1622,235,58,23,137.0,33.01020050048828,2067.4489735347033,324.3246347463958,554283.2382611495,1177339.1564328829,1.2616036795674201,2629.055330171709
1313,620,Planera',0,38,0,0,0,0,0,1.7167460918426514,2.276343584060669,4.680460808397848,0.00896266914438952,15.570436685085298,348.165548672065,0.00010197880391403978,2.2803153781591288
1313,620,Platanus',0,21,0,0,0,0,0,7.743021011352539,3.5458974838256836,14.684405081634278,0.09963832549610492,92.0714282488823,2058.7797234999775,0.0004159933530241236,9.301894155500092
1313,620,Populus',0,127,48,0,0,0,0,17.965538024902344,7.63646125793457,104.8798856723912,0.7187636239735067,602.4574481600523,8155.859111747454,0.0028485985390478566,31.21603977034598
1313,620,Prosopis',0,0,0,0,0,0,0,0.0,0.0,0.0,0.0,0.0,0.0,0.0,0.0
1313,620,Prunus',0,0,0,20,0,0,0,31.766427993774414,14.009764671325684,12.835767272906965,1.645333712449055,2015.8141617035867,45074.974955759615,0.0046643648852705555,104.29836955327974
1313,620,Pseudotsuga',0,0,0,0,0,0,0,0.0,0.0,0.0,0.0,0.0,0.0,0.0,0.0
1313,620,Quercus',0,41,0,0,0,0,0,6.154294490814209,4.4672017097473145,8.596591971154453,0.05123941548368305,51.47266627490521,830.4407471503397,0.0002381364142699148,3.7895756640123808
1313,620,Robinia',0,0,0,0,0,0,0,0.0,0.0,0.0,0.0,0.0,0.0,0.0,0.0
1313,620,Salix',0,16,50,0,0,0,0,13.579354286193848,8.697728157043457,30.62499246430359,0.7176694567071318,547.7669724355638,8597.742299550999,0.001658123645937533,25.78420663376646
1313,620,Sassafras',0,0,0,0,0,0,0,0.0,0.0,0.0,0.0,0.0,0.0,0.0,0.0
1313,620,Sequoia',0,0,0,0,0,0,0,0.0,0.0,0.0,0.0,0.0,0.0,0.0,0.0
1313,620,Sequoiadendron',0,0,0,0,0,0,0,0.0,0.0,0.0,0.0,0.0,0.0,0.0,0.0
1313,620,Sorbus',0,0,0,0,0,0,0,0.0,0.0,0.0,0.0,0.0,0.0,0.0,0.0
1313,620,Taxodium',0,36,93,0,7,0,0,65.23038482666016,16.89838409423828,68.82943857979924,5.923429223743885,6108.788829182982,82653.82581887941,0.01456592383927101,190.50555039008358
1313,620,Taxus',0,0,0,0,0,0,0,0.0,0.0,0.0,0.0,0.0,0.0,0.0,0.0
1313,620,Thuja',0,0,0,0,0,0,0,0.0,0.0,0.0,0.0,0.0,0.0,0.0,0.0
1313,620,Tilia',0,0,0,0,0,0,0,0.0,0.0,0.0,0.0,0.0,0.0,0.0,0.0
1313,620,Torreya',0,0,0,153,0,0,0,43.5701789855957,15.447855949401855,57.750798716545106,14.032288003687936,19282.05473060131,195685.09292625834,0.04368318871124577,443.0089894330902
1313,620,Tsuga',0,0,0,0,0,0,0,0.0,0.0,0.0,0.0,0.0,0.0,0.0,0.0
1313,620,Ulmus',0,0,0,0,0,0,0,0.0,0.0,0.0,0.0,0.0,0.0,0.0,0.0
1313,620,Umbellularia',0,0,0,0,0,0,0,0.0,0.0,0.0,0.0,0.0,0.0,0.0,0.0
1313,630,Abies',0,0,0,0,0,0,0,0.0,0.0,0.0,0.0,0.0,0.0,0.0,0.0
1313,630,Acer',0,384,510,46,0,0,0,42.724002838134766,21.600318908691406,427.1675279854407,13.755478166595719,19392.857271864712,139946.6752112853,0.049244552379198836,323.5570774504695
1313,630,Aesculus',0,0,0,0,0,0,0,0.0,0.0,0.0,0.0,0.0,0.0,0.0,0.0
1313,630,Ailanthus',0,0,0,0,0,0,0,0.0,0.0,0.0,0.0,0.0,0.0,0.0,0.0
1313,630,Alnus',0,0,0,0,0,0,0,0.0,0.0,0.0,0.0,0.0,0.0,0.0,0.0
1313,630,Amelanchier',0,0,0,0,0,0,0,0.0,0.0,0.0,0.0,0.0,0.0,0.0,0.0
1313,630,Arbutus',0,0,0,0,0,0,0,0.0,0.0,0.0,0.0,0.0,0.0,0.0,0.0
1313,630,Asimina',0,0,0,0,0,0,0,0.0,0.0,0.0,0.0,0.0,0.0,0.0,0.0
1313,630,Betula',0,0,0,0,0,0,0,0.0,0.0,0.0,0.0,0.0,0.0,0.0,0.0
1313,630,Calocedrus',0,0,0,0,0,0,0,0.0,0.0,0.0,0.0,0.0,0.0,0.0,0.0
1313,630,Carpinus',0,0,0,0,0,0,0,0.0,0.0,0.0,0.0,0.0,0.0,0.0,0.0
1313,630,Carya',0,0,52,0,0,0,0,27.22176170349121,16.37797737121582,21.819928809057306,2.4449795285269706,4108.515736999512,65860.06013270422,0.009444144788265293,151.10465452346966
1313,630,Castanea',0,0,0,0,0,0,0,0.0,0.0,0.0,0.0,0.0,0.0,0.0,0.0
1313,630,Catalpa',0,0,23,0,0,0,0,8.383827209472656,4.130956649780273,23.161767276027533,0.13094508560806126,107.96246699810028,2414.114152263282,0.0005733430912941753,12.820341265636364
1313,630,Celtis',0,28,0,0,0,0,0,19.231245040893555,11.183241844177246,2.556048556219173,0.0110019842728407,27.15319963514805,499.5277037770488,9.713617938198149e-05,1.9183095232926937
1313,630,Cercis',0,0,0,0,0,0,0,0.0,0.0,0.0,0.0,0.0,0.0,0.0,0.0
1313,630,Cercocarpus',0,0,0,0,0,0,0,0.0,0.0,0.0,0.0,0.0,0.0,0.0,0.0
1313,630,Chamaecyparis',0,0,0,0,0,0,0,0.0,0.0,0.0,0.0,0.0,0.0,0.0,0.0
1313,630,Chilopsis',0,0,0,0,0,0,0,0.0,0.0,0.0,0.0,0.0,0.0,0.0,0.0
1313,630,Chrysolepis',0,0,0,0,0,0,0,0.0,0.0,0.0,0.0,0.0,0.0,0.0,0.0
1313,630,Cladrastis',0,0,0,0,0,0,0,0.0,0.0,0.0,0.0,0.0,0.0,0.0,0.0
1313,630,Comus',0,0,0,0,0,0,0,0.0,0.0,0.0,0.0,0.0,0.0,0.0,0.0
1313,630,Cornus',0,0,0,0,0,0,0,0.0,0.0,0.0,0.0,0.0,0.0,0.0,0.0
1313,630,Crataegus',0,0,0,0,0,0,0,0.0,0.0,0.0,0.0,0.0,0.0,0.0,0.0
1313,630,Cupressus',0,0,0,0,0,0,0,0.0,0.0,0.0,0.0,0.0,0.0,0.0,0.0
1313,630,Diospyros',0,0,0,0,0,0,0,0.0,0.0,0.0,0.0,0.0,0.0,0.0,0.0
1313,630,Elaeagnus',0,0,0,0,0,0,0,0.0,0.0,0.0,0.0,0.0,0.0,0.0,0.0
1313,630,Fagus',0,0,0,0,0,0,0,0.0,0.0,0.0,0.0,0.0,0.0,0.0,0.0
1313,630,Fraxinus',0,779,311,41,0,0,0,30.866981506347656,15.24333667755127,410.87157224788314,10.927742879838927,14492.250189626515,94750.56527305639,0.03811972540520941,221.5699794468672
1313,630,Gleditsia',0,0,0,0,0,0,0,0.0,0.0,0.0,0.0,0.0,0.0,0.0,0.0
1313,630,Gordonia',0,0,0,0,0,0,0,0.0,0.0,0.0,0.0,0.0,0.0,0.0,0.0
1313,630,Gymnocladus',0,0,0,0,0,0,0,0.0,0.0,0.0,0.0,0.0,0.0,0.0,0.0
1313,630,Halesia',0,0,0,0,0,0,0,0.0,0.0,0.0,0.0,0.0,0.0,0.0,0.0
1313,630,Ilex',0,0,0,0,0,0,0,0.0,0.0,0.0,0.0,0.0,0.0,0.0,0.0
1313,630,Juglans',0,0,0,0,0,0,0,0.0,0.0,0.0,0.0,0.0,0.0,0.0,0.0
1313,630,Juniperus',0,0,0,0,0,0,0,0.0,0.0,0.0,0.0,0.0,0.0,0.0,0.0
1313,630,Larix',0,0,0,0,0,0,0,0.0,0.0,0.0,0.0,0.0,0.0,0.0,0.0
1313,630,Liquidambar',0,0,0,0,0,0,0,0.0,0.0,0.0,0.0,0.0,0.0,0.0,0.0
1313,630,Liriodendron',0,1067,1970,361,49,0,0,55.28413009643555,19.51166343688965,1512.2997880099883,90.72420620274615,90885.123977125,263564.7649228567,0.22373733739553658,604.6904469420771
1313,630,Lithocarpus',0,0,0,0,0,0,0,0.0,0.0,0.0,0.0,0.0,0.0,0.0,0.0
1313,630,Maclura',0,7,9,0,0,0,0,16.403175354003906,8.27028751373291,14.452833616280856,0.21049292220902444,345.6702546226978,7669.511086849587,0.000976212635450065,21.695531116359
1313,630,Magnolia',0,36,34,0,0,0,0,26.278892517089844,13.60250473022461,14.237301802333395,1.8800680024407468,2301.150355785489,51252.53249704063,0.005243637751293351,116.80071864042804
1313,630,Malus',0,0,0,0,0,0,0,0.0,0.0,0.0,0.0,0.0,0.0,0.0,0.0
1313,630,Morus',0,0,0,0,0,0,0,0.0,0.0,0.0,0.0,0.0,0.0,0.0,0.0
1313,630,Nyssa',0,30,0,0,0,0,0,2.9194772243499756,2.751168966293335,8.40022087097168,0.020136217630544434,29.006702690124513,648.609590182451,0.00018538518837094567,4.14533883219037
1313,630,Olneya',0,0,0,0,0,0,0,0.0,0.0,0.0,0.0,0.0,0.0,0.0,0.0
1313,630,Ostrya',0,0,0,0,0,0,0,0.0,0.0,0.0,0.0,0.0,0.0,0.0,0.0
1313,630,Oxydendron',0,0,0,0,0,0,0,0.0,0.0,0.0,0.0,0.0,0.0,0.0,0.0
1313,630,Paulownia',0,87,0,0,0,0,0,6.635492324829102,3.9562594890594482,34.599394249387935,0.07608127662142895,76.43851724267006,980.3921554585702,0.0006679408717919207,8.814514352645105
1313,630,Persea',0,0,59,0,0,0,0,21.797924041748047,11.296731948852539,32.79417825698852,1.1024641865172027,1384.6084276771546,24783.05587023752,0.00355060123499235,60.992041938575035
1313,630,Picea',0,0,0,0,0,0,0,0.0,0.0,0.0,0.0,0.0,0.0,0.0,0.0
1313,630,Pinus',0,1050,2408,1366,292,67,27,134.75892639160156,32.89962387084961,2182.022252964973,329.5051383046795,568490.1847265756,1234222.2968361105,1.2948296263552306,2755.494633827064
1313,630,Planera',0,0,38,0,0,0,0,10.50230598449707,6.284467697143555,6.7009434330312505,0.33542433281073814,268.12666128873826,5995.494412216805,0.0006923008484244471,15.480317579578148
1313,630,Platanus',0,0,21,0,0,0,0,12.968057632446289,4.977630138397217,25.211089483544793,0.2794830078631369,238.327051551342,5329.154881458967,0.000892543325155982,19.957875479124866
1313,630,Populus',0,302,72,1,0,0,0,35.02801513671875,12.565671920776367,157.2963363979059,1.6984819548272614,1365.8334886401892,16045.868157392613,0.005299553617460651,47.2908482800889
1313,630,Prosopis',0,0,0,0,0,0,0,0.0,0.0,0.0,0.0,0.0,0.0,0.0,0.0
1313,630,Prunus',0,0,0,20,0,0,0,35.898075103759766,15.270706176757812,5.391826383486578,2.101162078950842,2729.0604357880356,61023.64649127249,0.00614219708244503,137.3437020754796
1313,630,Pseudotsuga',0,0,0,0,0,0,0,0.0,0.0,0.0,0.0,0.0,0.0,0.0,0.0
1313,630,Quercus',0,68,0,0,0,0,0,6.033262252807617,4.860013484954834,19.672990288538266,0.17596201960685062,175.51491931319237,2906.863980600305,0.0006732367917522788,10.778816483183057
1313,630,Robinia',0,0,0,0,0,0,0,0.0,0.0,0.0,0.0,0.0,0.0,0.0,0.0
1313,630,Salix',0,77,11,0,0,0,0,9.295356750488281,6.597269535064697,38.31314040890223,0.1737248974580992,164.14426406621934,2090.8215177643965,0.0009163039739709361,11.648927002903113
1313,630,Sassafras',0,0,0,0,0,0,0,0.0,0.0,0.0,0.0,0.0,0.0,0.0,0.0
1313,630,Sequoia',0,0,0,0,0,0,0,0.0,0.0,0.0,0.0,0.0,0.0,0.0,0.0
1313,630,Sequoiadendron',0,0,0,0,0,0,0,0.0,0.0,0.0,0.0,0.0,0.0,0.0,0.0
1313,630,Sorbus',0,0,0,0,0,0,0,0.0,0.0,0.0,0.0,0.0,0.0,0.0,0.0
1313,630,Taxodium',0,0,128,2,0,7,0,71.566162109375,17.70051383972168,94.37231734206404,7.884014095814848,8212.104712183476,104125.31609318865,0.019607663921952415,240.66982214458488
1313,630,Taxus',0,0,0,0,0,0,0,0.0,0.0,0.0,0.0,0.0,0.0,0.0,0.0
1313,630,Thuja',0,0,0,0,0,0,0,0.0,0.0,0.0,0.0,0.0,0.0,0.0,0.0
1313,630,Tilia',0,0,0,0,0,0,0,0.0,0.0,0.0,0.0,0.0,0.0,0.0,0.0
1313,630,Torreya',0,16,1,95,0,0,0,39.27595901489258,14.92878246307373,41.351828967332835,8.956901018226768,12320.064955484868,159511.59076015104,0.027975225676262705,362.03553306745135
1313,630,Tsuga',0,0,0,0,0,0,0,0.0,0.0,0.0,0.0,0.0,0.0,0.0,0.0
1313,630,Ulmus',0,0,0,0,0,0,0,0.0,0.0,0.0,0.0,0.0,0.0,0.0,0.0
1313,630,Umbellularia',0,0,0,0,0,0,0,0.0,0.0,0.0,0.0,0.0,0.0,0.0,0.0
1313,640,Abies',0,0,0,0,0,0,0,0.0,0.0,0.0,0.0,0.0,0.0,0.0,0.0
1313,640,Acer',0,576,457,28,0,0,0,45.32005310058594,22.341384887695312,456.1697319439977,14.652847776495648,21011.52382244423,153403.6492916975,0.053259092546577645,354.20149413857814
1313,640,Aesculus',0,0,0,0,0,0,0,0.0,0.0,0.0,0.0,0.0,0.0,0.0,0.0
1313,640,Ailanthus',0,0,0,0,0,0,0,0.0,0.0,0.0,0.0,0.0,0.0,0.0,0.0
1313,640,Alnus',0,0,0,0,0,0,0,0.0,0.0,0.0,0.0,0.0,0.0,0.0,0.0
1313,640,Amelanchier',0,0,0,0,0,0,0,0.0,0.0,0.0,0.0,0.0,0.0,0.0,0.0
1313,640,Arbutus',0,0,0,0,0,0,0,0.0,0.0,0.0,0.0,0.0,0.0,0.0,0.0
1313,640,Asimina',0,0,0,0,0,0,0,0.0,0.0,0.0,0.0,0.0,0.0,0.0,0.0
1313,640,Betula',0,0,0,0,0,0,0,0.0,0.0,0.0,0.0,0.0,0.0,0.0,0.0
1313,640,Calocedrus',0,0,0,0,0,0,0,0.0,0.0,0.0,0.0,0.0,0.0,0.0,0.0
1313,640,Carpinus',0,0,0,0,0,0,0,0.0,0.0,0.0,0.0,0.0,0.0,0.0,0.0
1313,640,Carya',0,0,0,20,0,0,0,30.356840133666992,17.61736488342285,11.565325773214992,1.4822892559890326,3174.240223388672,70978.16916411184,0.007220356658935585,161.45208311173235
1313,640,Castanea',0,0,0,0,0,0,0,0.0,0.0,0.0,0.0,0.0,0.0,0.0,0.0
1313,640,Catalpa',0,16,0,0,0,0,0,2.565911293029785,2.222905158996582,4.657836332917213,0.008418361248377302,13.093128170371056,292.77124627066934,9.61479831896723e-05,2.1499342631161085
1313,640,Celtis',0,28,28,0,0,0,0,8.556041717529297,6.214371204376221,16.484737900804866,0.20520002700923837,191.91606188714505,3460.2338962389745,0.0006637871018238303,11.352348885565416
1313,640,Cercis',0,0,0,0,0,0,0,0.0,0.0,0.0,0.0,0.0,0.0,0.0,0.0
1313,640,Cercocarpus',0,0,0,0,0,0,0,0.0,0.0,0.0,0.0,0.0,0.0,0.0,0.0
1313,640,Chamaecyparis',0,0,0,0,0,0,0,0.0,0.0,0.0,0.0,0.0,0.0,0.0,0.0
1313,640,Chilopsis',0,0,0,0,0,0,0,0.0,0.0,0.0,0.0,0.0,0.0,0.0,0.0
1313,640,Chrysolepis',0,0,0,0,0,0,0,0.0,0.0,0.0,0.0,0.0,0.0,0.0,0.0
1313,640,Cladrastis',0,0,0,0,0,0,0,0.0,0.0,0.0,0.0,0.0,0.0,0.0,0.0
1313,640,Comus',0,0,0,0,0,0,0,0.0,0.0,0.0,0.0,0.0,0.0,0.0,0.0
1313,640,Cornus',0,0,0,0,0,0,0,0.0,0.0,0.0,0.0,0.0,0.0,0.0,0.0
1313,640,Crataegus',0,0,0,0,0,0,0,0.0,0.0,0.0,0.0,0.0,0.0,0.0,0.0
1313,640,Cupressus',0,0,0,0,0,0,0,0.0,0.0,0.0,0.0,0.0,0.0,0.0,0.0
1313,640,Diospyros',0,0,0,0,0,0,0,0.0,0.0,0.0,0.0,0.0,0.0,0.0,0.0
1313,640,Elaeagnus',0,0,0,0,0,0,0,0.0,0.0,0.0,0.0,0.0,0.0,0.0,0.0
1313,640,Fagus',0,0,0,0,0,0,0,0.0,0.0,0.0,0.0,0.0,0.0,0.0,0.0
1313,640,Fraxinus',0,382,490,70,0,0,0,32.36750030517578,15.752891540527344,390.94304961117,12.083057194305656,16114.362138142586,115753.53121318639,0.04143753599499811,268.0541800449387
1313,640,Gleditsia',0,70,0,0,0,0,0,5.027647972106934,4.298891544342041,29.556664790533762,0.07031076706233046,122.87462299108506,1726.6437559915075,0.000698539326893168,9.858389954963734
1313,640,Gordonia',0,36,0,0,0,0,0,2.6247434616088867,3.4093363285064697,7.556631989479064,0.019565548538111745,29.067957787513734,649.9792957997533,0.00017374681175500448,3.8850968195804696
1313,640,Gymnocladus',0,0,0,0,0,0,0,0.0,0.0,0.0,0.0,0.0,0.0,0.0,0.0
1313,640,Halesia',0,0,0,0,0,0,0,0.0,0.0,0.0,0.0,0.0,0.0,0.0,0.0
1313,640,Ilex',0,0,0,0,0,0,0,0.0,0.0,0.0,0.0,0.0,0.0,0.0,0.0
1313,640,Juglans',0,0,0,0,0,0,0,0.0,0.0,0.0,0.0,0.0,0.0,0.0,0.0
1313,640,Juniperus',0,0,0,0,0,0,0,0.0,0.0,0.0,0.0,0.0,0.0,0.0,0.0
1313,640,Larix',0,0,0,0,0,0,0,0.0,0.0,0.0,0.0,0.0,0.0,0.0,0.0
1313,640,Liquidambar',0,0,0,0,0,0,0,0.0,0.0,0.0,0.0,0.0,0.0,0.0,0.0
1313,640,Liriodendron',0,1421,1708,462,44,0,0,58.46491622924805,20.196786880493164,1692.168920601046,98.99386854178907,101181.44627846495,289315.6678353599,0.2492073711598476,665.729550499317
1313,640,Lithocarpus',0,0,0,0,0,0,0,0.0,0.0,0.0,0.0,0.0,0.0,0.0,0.0
1313,640,Maclura',0,0,9,0,0,0,0,25.07280158996582,10.686969757080078,12.55245091039923,0.48978703113006683,859.7306538581848,19224.16184367246,0.0020912122111320405,46.76092659468893
1313,640,Magnolia',0,0,71,0,0,0,0,27.731409072875977,14.135819435119629,41.89716232728354,2.3887339829699443,2902.8953475522994,58828.287916636,0.006833353162571812,133.14076619992247
1313,640,Malus',0,0,0,0,0,0,0,0.0,0.0,0.0,0.0,0.0,0.0,0.0,0.0
1313,640,Morus',0,0,0,0,0,0,0,0.0,0.0,0.0,0.0,0.0,0.0,0.0,0.0
1313,640,Nyssa',0,68,13,0,0,0,0,9.341521263122559,5.925978660583496,30.295134134873557,0.15600125761103742,177.2118129116297,2791.2909819620327,0.0008299193041603946,13.045691643415868
1313,640,Olneya',0,0,0,0,0,0,0,0.0,0.0,0.0,0.0,0.0,0.0,0.0,0.0
1313,640,Ostrya',0,0,0,0,0,0,0,0.0,0.0,0.0,0.0,0.0,0.0,0.0,0.0
1313,640,Oxydendron',0,0,0,0,0,0,0,0.0,0.0,0.0,0.0,0.0,0.0,0.0,0.0
1313,640,Paulownia',0,59,23,0,0,0,0,8.481475830078125,4.62935209274292,17.14481470328343,0.1481101666471581,84.97999226331711,1531.7662249007549,0.00043565355658903423,7.2292462761358935
1313,640,Persea',0,0,59,0,0,0,0,26.153865814208984,12.577136039733887,29.482357034683226,1.8456052157735958,2410.2338475131987,40523.15290602047,0.005781931642055483,96.78760595494302
1313,640,Picea',0,0,0,0,0,0,0,0.0,0.0,0.0,0.0,0.0,0.0,0.0,0.0
1313,640,Pinus',0,976,2280,1578,321,56,27,134.7157745361328,32.8974494934082,2228.015202613175,340.5065141559423,580901.5711624315,1249319.2016345414,1.3230748198170303,2789.733455093674
1313,640,Planera',0,0,38,0,0,0,0,16.397504806518555,8.238627433776855,7.834210078927534,0.8176750830961278,727.5535608577728,16268.592193499855,0.0017295634882449793,38.67421531117394
1313,640,Platanus',0,10,0,0,0,0,0,3.0625176429748535,2.2065439224243164,4.2105701301671274,0.007543050871118438,13.8042529296875,308.6724792938185,9.128961229324383e-05,2.0412977872729376
1313,640,Populus',0,91,139,0,0,0,0,18.227134704589844,7.719488143920898,109.12232875635351,2.2114011767549755,1553.096250423193,16359.89124295572,0.005022201528711279,46.89407108914716
1313,640,Prosopis',0,0,0,0,0,0,0,0.0,0.0,0.0,0.0,0.0,0.0,0.0,0.0
1313,640,Prunus',0,0,0,20,0,0,0,38.7877197265625,16.108484268188477,4.253603031363668,2.4530462028203655,3317.227418961525,74175.46005624127,0.007432849066615034,166.20355779447013
1313,640,Pseudotsuga',0,0,0,0,0,0,0,0.0,0.0,0.0,0.0,0.0,0.0,0.0,0.0
1313,640,Quercus',0,31,68,0,0,0,0,12.278419494628906,8.08062744140625,52.18261906051937,0.6662233188938769,753.1863473522664,12328.729662686288,0.002321671882420787,34.251169985534
1313,640,Robinia',0,0,0,0,0,0,0,0.0,0.0,0.0,0.0,0.0,0.0,0.0,0.0
1313,640,Salix',0,80,0,0,0,0,0,5.982888221740723,4.8321990966796875,13.775178005895281,0.0667093622612775,62.37197228640318,993.1146414207109,0.00033690572499390803,5.613247312560369
1313,640,Sassafras',0,33,0,0,0,0,0,3.9713311195373535,5.273838520050049,9.115669546248037,0.041619931074322755,43.52957239151001,973.3508289891522,0.0002279575131833553,5.097284954597914
1313,640,Sequoia',0,0,0,0,0,0,0,0.0,0.0,0.0,0.0,0.0,0.0,0.0,0.0
1313,640,Sequoiadendron',0,0,0,0,0,0,0,0.0,0.0,0.0,0.0,0.0,0.0,0.0,0.0
1313,640,Sorbus',0,0,0,0,0,0,0,0.0,0.0,0.0,0.0,0.0,0.0,0.0,0.0
1313,640,Taxodium',0,0,73,56,0,7,0,77.01438903808594,18.326465606689453,80.58129528655282,9.975478497042552,10521.206244893074,126233.09313270816,0.024540471927285243,288.83306706740194
1313,640,Taxus',0,0,0,0,0,0,0,0.0,0.0,0.0,0.0,0.0,0.0,0.0,0.0
1313,640,Thuja',0,0,0,0,0,0,0,0.0,0.0,0.0,0.0,0.0,0.0,0.0,0.0
1313,640,Tilia',0,0,0,0,0,0,0,0.0,0.0,0.0,0.0,0.0,0.0,0.0,0.0
1313,640,Torreya',0,0,16,95,0,0,0,42.31195831298828,15.305586814880371,65.1285457932949,10.44281350950396,14618.582581590414,186411.08233586245,0.033426483754654464,422.20708157876624
1313,640,Tsuga',0,0,0,0,0,0,0,0.0,0.0,0.0,0.0,0.0,0.0,0.0,0.0
1313,640,Ulmus',0,0,0,0,0,0,0,0.0,0.0,0.0,0.0,0.0,0.0,0.0,0.0
1313,640,Umbellularia',0,0,0,0,0,0,0,0.0,0.0,0.0,0.0,0.0,0.0,0.0,0.0
1313,650,Abies',0,0,0,0,0,0,0,0.0,0.0,0.0,0.0,0.0,0.0,0.0,0.0
1313,650,Acer',0,674,374,13,0,0,0,33.9957275390625,18.7902774810791,484.50253108563487,9.878572929257745,12969.456369593292,74694.84914584887,0.035795697035879454,183.94457953162083
1313,650,Aesculus',0,0,0,0,0,0,0,0.0,0.0,0.0,0.0,0.0,0.0,0.0,0.0
1313,650,Ailanthus',0,0,0,0,0,0,0,0.0,0.0,0.0,0.0,0.0,0.0,0.0,0.0
1313,650,Alnus',0,0,0,0,0,0,0,0.0,0.0,0.0,0.0,0.0,0.0,0.0,0.0
1313,650,Amelanchier',0,0,0,0,0,0,0,0.0,0.0,0.0,0.0,0.0,0.0,0.0,0.0
1313,650,Arbutus',0,0,0,0,0,0,0,0.0,0.0,0.0,0.0,0.0,0.0,0.0,0.0
1313,650,Asimina',0,0,0,0,0,0,0,0.0,0.0,0.0,0.0,0.0,0.0,0.0,0.0
1313,650,Betula',0,0,0,0,0,0,0,0.0,0.0,0.0,0.0,0.0,0.0,0.0,0.0
1313,650,Calocedrus',0,0,0,0,0,0,0,0.0,0.0,0.0,0.0,0.0,0.0,0.0,0.0
1313,650,Carpinus',0,0,0,0,0,0,0,0.0,0.0,0.0,0.0,0.0,0.0,0.0,0.0
1313,650,Carya',0,1,0,20,0,0,0,32.883148193359375,18.55756187438965,11.680461634657803,1.7393864497006553,3878.100110463202,86706.23439868589,0.008786147533225434,196.40861334742812
1313,650,Castanea',0,0,0,0,0,0,0,0.0,0.0,0.0,0.0,0.0,0.0,0.0,0.0
1313,650,Catalpa',0,0,16,0,0,0,0,16.22899055480957,6.343729496002197,7.420693009714536,0.3367652698362692,224.6300423192978,5022.880444145983,0.000606002849817272,13.550635667500195
1313,650,Celtis',0,48,28,0,0,0,0,14.277375221252441,9.021641731262207,36.26682855377468,0.544524936113888,582.9348860675096,10375.050893284368,0.0018174919962175053,27.119009611365612
1313,650,Cercis',0,0,0,0,0,0,0,0.0,0.0,0.0,0.0,0.0,0.0,0.0,0.0
1313,650,Cercocarpus',0,0,0,0,0,0,0,0.0,0.0,0.0,0.0,0.0,0.0,0.0,0.0
1313,650,Chamaecyparis',0,0,0,0,0,0,0,0.0,0.0,0.0,0.0,0.0,0.0,0.0,0.0
1313,650,Chilopsis',0,0,0,0,0,0,0,0.0,0.0,0.0,0.0,0.0,0.0,0.0,0.0
1313,650,Chrysolepis',0,0,0,0,0,0,0,0.0,0.0,0.0,0.0,0.0,0.0,0.0,0.0
1313,650,Cladrastis',0,0,0,0,0,0,0,0.0,0.0,0.0,0.0,0.0,0.0,0.0,0.0
1313,650,Comus',0,0,0,0,0,0,0,0.0,0.0,0.0,0.0,0.0,0.0,0.0,0.0
1313,650,Cornus',0,0,0,0,0,0,0,0.0,0.0,0.0,0.0,0.0,0.0,0.0,0.0
1313,650,Crataegus',0,0,0,0,0,0,0,0.0,0.0,0.0,0.0,0.0,0.0,0.0,0.0
1313,650,Cupressus',0,0,0,0,0,0,0,0.0,0.0,0.0,0.0,0.0,0.0,0.0,0.0
1313,650,Diospyros',0,0,0,0,0,0,0,0.0,0.0,0.0,0.0,0.0,0.0,0.0,0.0
1313,650,Elaeagnus',0,0,0,0,0,0,0,0.0,0.0,0.0,0.0,0.0,0.0,0.0,0.0
1313,650,Fagus',0,0,0,0,0,0,0,0.0,0.0,0.0,0.0,0.0,0.0,0.0,0.0
1313,650,Fraxinus',0,452,533,89,0,0,0,36.11471939086914,16.97026824951172,453.0616299290492,16.270387194683643,22423.873655529096,148732.75314884915,0.05635290572964098,342.0475770192247
1313,650,Gleditsia',0,1,0,0,0,0,0,5.223453044891357,3.9393680095672607,1.6080509861813315,0.004114399894663287,6.683044509887695,149.43741820765757,3.7999997198581725e-05,0.8497057688082943
1313,650,Gordonia',0,0,36,0,0,0,0,10.723644256591797,8.597187042236328,12.152922744750976,0.3265901633111207,311.7668982696533,6971.3197766520425,0.0008683575319449188,19.417064702027826
1313,650,Gymnocladus',0,0,0,0,0,0,0,0.0,0.0,0.0,0.0,0.0,0.0,0.0,0.0
1313,650,Halesia',0,0,0,0,0,0,0,0.0,0.0,0.0,0.0,0.0,0.0,0.0,0.0
1313,650,Ilex',0,0,0,0,0,0,0,0.0,0.0,0.0,0.0,0.0,0.0,0.0,0.0
1313,650,Juglans',0,0,0,0,0,0,0,0.0,0.0,0.0,0.0,0.0,0.0,0.0,0.0
1313,650,Juniperus',0,0,0,0,0,0,0,0.0,0.0,0.0,0.0,0.0,0.0,0.0,0.0
1313,650,Larix',0,0,0,0,0,0,0,0.0,0.0,0.0,0.0,0.0,0.0,0.0,0.0
1313,650,Liquidambar',0,0,0,0,0,0,0,0.0,0.0,0.0,0.0,0.0,0.0,0.0,0.0
1313,650,Liriodendron',0,1235,1849,461,37,0,0,56.412742614746094,19.758190155029297,1527.7588557117156,93.94006229414977,94912.68148307473,277411.8996697324,0.23291000795191427,639.0566395258539
1313,650,Lithocarpus',0,0,0,0,0,0,0,0.0,0.0,0.0,0.0,0.0,0.0,0.0,0.0
1313,650,Maclura',0,0,0,9,0,0,0,32.12580871582031,12.202811241149902,10.24991958956175,0.8040993143778545,1513.2848681259156,33838.078344513444,0.0035104088029861286,78.49512712290665
1313,650,Magnolia',0,30,36,34,0,0,0,29.041349411010742,14.60566520690918,47.480356863027886,2.9815886805256233,3630.303524487019,67513.14382257489,0.008500783485844831,154.08189091645878
1313,650,Malus',0,0,0,0,0,0,0,0.0,0.0,0.0,0.0,0.0,0.0,0.0,0.0
1313,650,Morus',0,0,0,0,0,0,0,0.0,0.0,0.0,0.0,0.0,0.0,0.0,0.0
1313,650,Nyssa',0,38,30,0,0,0,0,8.365525245666504,5.129662036895752,24.01486930213397,0.18752593531216885,175.7418782377243,3278.9565536409063,0.0007362448944598422,12.666004443070202
1313,650,Olneya',0,0,0,0,0,0,0,0.0,0.0,0.0,0.0,0.0,0.0,0.0,0.0
1313,650,Ostrya',0,0,0,0,0,0,0,0.0,0.0,0.0,0.0,0.0,0.0,0.0,0.0
1313,650,Oxydendron',0,0,0,0,0,0,0,0.0,0.0,0.0,0.0,0.0,0.0,0.0,0.0
1313,650,Paulownia',0,113,0,0,0,0,0,3.5578813552856445,2.7719922065734863,31.07861618145923,0.06002023069864895,66.333045103997,858.9652634724554,0.0005948007141607778,7.781696141611549
1313,650,Persea',0,0,0,0,0,0,0,0.0,0.0,0.0,0.0,0.0,0.0,0.0,0.0
1313,650,Picea',0,0,0,0,0,0,0,0.0,0.0,0.0,0.0,0.0,0.0,0.0,0.0
1313,650,Pinus',0,847,2443,1570,350,31,31,127.5593490600586,32.510841369628906,2163.6696787571905,344.14957289139164,584347.0048761123,1246487.4638614045,1.3298019098717762,2783.9627636291266
1313,650,Planera',0,0,0,0,0,0,0,0.0,0.0,0.0,0.0,0.0,0.0,0.0,0.0
1313,650,Platanus',0,10,0,0,0,0,0,3.9102413654327393,2.453213930130005,6.538085786602164,0.013065496204458765,20.906159267425537,467.4759327040049,0.00014057750949263509,3.1434086733315496
1313,650,Populus',0,138,201,0,0,0,0,22.068260192871094,8.910561561584473,156.34857077198689,4.580148520133855,3333.5272901666167,31631.033758585796,0.009658562882371312,83.5663808052081
1313,650,Prosopis',0,0,0,0,0,0,0,0.0,0.0,0.0,0.0,0.0,0.0,0.0,0.0
1313,650,Prunus',0,0,0,20,0,0,0,41.36470031738281,16.82638168334961,12.031937965863866,2.789825214147723,3913.8704824018478,87516.80453780455,0.008870696466565131,198.3548030700679
1313,650,Pseudotsuga',0,0,0,0,0,0,0,0.0,0.0,0.0,0.0,0.0,0.0,0.0,0.0
1313,650,Quercus',0,16,40,0,0,0,0,16.197370529174805,9.887428283691406,12.861433104034276,0.8253929445628697,1002.5911701276153,22337.90975341913,0.002413127872051438,53.51580968523123
1313,650,Robinia',0,0,0,0,0,0,0,0.0,0.0,0.0,0.0,0.0,0.0,0.0,0.0
1313,650,Salix',0,62,0,0,0,0,0,4.434174537658691,3.961880922317505,10.421730163919774,0.043601142446709755,45.71302851498127,595.6038179451051,0.0002516111054327347,3.5381175709932293
1313,650,Sassafras',0,33,0,0,0,0,0,7.107858180999756,7.914290428161621,15.082544993750655,0.13332348788346948,133.56075081825256,2986.5091795552207,0.0005139232841134007,11.491673984975048
1313,650,Sequoia',0,0,0,0,0,0,0,0.0,0.0,0.0,0.0,0.0,0.0,0.0,0.0
1313,650,Sequoiadendron',0,0,0,0,0,0,0,0.0,0.0,0.0,0.0,0.0,0.0,0.0,0.0
1313,650,Sorbus',0,0,0,0,0,0,0,0.0,0.0,0.0,0.0,0.0,0.0,0.0,0.0
1313,650,Taxodium',0,8,0,55,0,7,0,81.85127258300781,18.837051391601562,54.83939813284933,8.159902526332523,9542.829292695522,133526.25603327178,0.021995731871366594,303.1330991053173
1313,650,Taxus',0,0,0,0,0,0,0,0.0,0.0,0.0,0.0,0.0,0.0,0.0,0.0
1313,650,Thuja',0,0,0,0,0,0,0,0.0,0.0,0.0,0.0,0.0,0.0,0.0,0.0
1313,650,Tilia',0,0,0,0,0,0,0,0.0,0.0,0.0,0.0,0.0,0.0,0.0,0.0
1313,650,Torreya',0,29,16,95,0,0,0,45.45893096923828,15.647442817687988,70.60922465324401,12.279854246288556,17358.303447008133,215284.77331635245,0.03959391928895038,487.14669952649587
1313,650,Tsuga',0,0,0,0,0,0,0,0.0,0.0,0.0,0.0,0.0,0.0,0.0,0.0
1313,650,Ulmus',0,0,0,0,0,0,0,0.0,0.0,0.0,0.0,0.0,0.0,0.0,0.0
1313,650,Umbellularia',0,0,0,0,0,0,0,0.0,0.0,0.0,0.0,0.0,0.0,0.0,0.0
1313,660,Abies',0,0,0,0,0,0,0,0.0,0.0,0.0,0.0,0.0,0.0,0.0,0.0
1313,660,Acer',0,429,539,13,0,0,0,40.63247299194336,20.97315216064453,440.2509989580021,8.991734808082038,11711.811070382595,70453.27468764383,0.03236390469479473,173.5903944018662
1313,660,Aesculus',0,0,0,0,0,0,0,0.0,0.0,0.0,0.0,0.0,0.0,0.0,0.0
1313,660,Ailanthus',0,0,0,0,0,0,0,0.0,0.0,0.0,0.0,0.0,0.0,0.0,0.0
1313,660,Alnus',0,0,0,0,0,0,0,0.0,0.0,0.0,0.0,0.0,0.0,0.0,0.0
1313,660,Amelanchier',0,0,0,0,0,0,0,0.0,0.0,0.0,0.0,0.0,0.0,0.0,0.0
1313,660,Arbutus',0,0,0,0,0,0,0,0.0,0.0,0.0,0.0,0.0,0.0,0.0,0.0
1313,660,Asimina',0,0,0,0,0,0,0,0.0,0.0,0.0,0.0,0.0,0.0,0.0,0.0
1313,660,Betula',0,0,0,0,0,0,0,0.0,0.0,0.0,0.0,0.0,0.0,0.0,0.0
1313,660,Calocedrus',0,0,0,0,0,0,0,0.0,0.0,0.0,0.0,0.0,0.0,0.0,0.0
1313,660,Carpinus',0,0,0,0,0,0,0,0.0,0.0,0.0,0.0,0.0,0.0,0.0,0.0
1313,660,Carya',0,37,1,0,0,0,0,14.680058479309082,7.788187026977539,7.61999092595298,0.03253391107245398,56.49628290221095,1001.7280224749379,0.00023524130160454773,3.9471233925001985
1313,660,Castanea',0,0,0,0,0,0,0,0.0,0.0,0.0,0.0,0.0,0.0,0.0,0.0
1313,660,Catalpa',0,117,16,0,0,0,0,25.5008487701416,8.508279800415039,24.52840648167118,0.871117232696047,690.9198551848531,14042.28734946025,0.001888477479137023,35.22937991680501
1313,660,Celtis',0,0,11,0,0,0,0,16.042457580566406,9.818918228149414,13.34944838209997,0.22557754984748582,263.5840457439423,5893.918440678599,0.000777915048033003,17.39470928121786
1313,660,Cercis',0,0,0,0,0,0,0,0.0,0.0,0.0,0.0,0.0,0.0,0.0,0.0
1313,660,Cercocarpus',0,0,0,0,0,0,0,0.0,0.0,0.0,0.0,0.0,0.0,0.0,0.0
1313,660,Chamaecyparis',0,0,0,0,0,0,0,0.0,0.0,0.0,0.0,0.0,0.0,0.0,0.0
1313,660,Chilopsis',0,0,0,0,0,0,0,0.0,0.0,0.0,0.0,0.0,0.0,0.0,0.0
1313,660,Chrysolepis',0,0,0,0,0,0,0,0.0,0.0,0.0,0.0,0.0,0.0,0.0,0.0
1313,660,Cladrastis',0,0,0,0,0,0,0,0.0,0.0,0.0,0.0,0.0,0.0,0.0,0.0
1313,660,Comus',0,0,0,0,0,0,0,0.0,0.0,0.0,0.0,0.0,0.0,0.0,0.0
1313,660,Cornus',0,0,0,0,0,0,0,0.0,0.0,0.0,0.0,0.0,0.0,0.0,0.0
1313,660,Crataegus',0,0,0,0,0,0,0,0.0,0.0,0.0,0.0,0.0,0.0,0.0,0.0
1313,660,Cupressus',0,0,0,0,0,0,0,0.0,0.0,0.0,0.0,0.0,0.0,0.0,0.0
1313,660,Diospyros',0,0,0,0,0,0,0,0.0,0.0,0.0,0.0,0.0,0.0,0.0,0.0
1313,660,Elaeagnus',0,0,0,0,0,0,0,0.0,0.0,0.0,0.0,0.0,0.0,0.0,0.0
1313,660,Fagus',0,0,0,0,0,0,0,0.0,0.0,0.0,0.0,0.0,0.0,0.0,0.0
1313,660,Fraxinus',0,583,373,70,0,0,0,39.315975189208984,17.95081901550293,382.32115463412634,15.645247839025528,22606.647676579654,171445.7933736889,0.0557407203548454,390.0974710926771
1313,660,Gleditsia',0,0,0,0,0,0,0,0.0,0.0,0.0,0.0,0.0,0.0,0.0,0.0
1313,660,Gordonia',0,20,0,0,0,0,0,0.7574280500411987,1.9334073066711426,0.5839458167552948,0.000908370826822559,2.35469428896904,52.65256496365346,1.3667427040636539e-05,0.3056129594038238
1313,660,Gymnocladus',0,0,0,0,0,0,0,0.0,0.0,0.0,0.0,0.0,0.0,0.0,0.0
1313,660,Halesia',0,0,0,0,0,0,0,0.0,0.0,0.0,0.0,0.0,0.0,0.0,0.0
1313,660,Ilex',0,0,0,0,0,0,0,0.0,0.0,0.0,0.0,0.0,0.0,0.0,0.0
1313,660,Juglans',0,0,0,0,0,0,0,0.0,0.0,0.0,0.0,0.0,0.0,0.0,0.0
1313,660,Juniperus',0,0,0,0,0,0,0,0.0,0.0,0.0,0.0,0.0,0.0,0.0,0.0
1313,660,Larix',0,0,0,0,0,0,0,0.0,0.0,0.0,0.0,0.0,0.0,0.0,0.0
1313,660,Liquidambar',0,0,0,0,0,0,0,0.0,0.0,0.0,0.0,0.0,0.0,0.0,0.0
1313,660,Liriodendron',0,1273,1421,286,51,0,0,60.548946380615234,20.629732131958008,1241.2537675070328,73.41515274352382,76676.29266028419,267407.78560826386,0.18826029912196124,611.1939568178152
1313,660,Lithocarpus',0,0,0,0,0,0,0,0.0,0.0,0.0,0.0,0.0,0.0,0.0,0.0
1313,660,Maclura',0,36,0,9,0,0,0,37.229698181152344,13.099776268005371,19.88936201492442,1.1399703669495735,2217.866019586325,47650.09893121311,0.005214909653179347,109.47565952334047
1313,660,Magnolia',0,30,41,0,0,0,0,19.136594772338867,10.780524253845215,58.945888807124724,1.2225722919573654,1336.0251000201702,24984.89298186017,0.003507055198729087,60.35887242463589
1313,660,Malus',0,0,0,0,0,0,0,0.0,0.0,0.0,0.0,0.0,0.0,0.0,0.0
1313,660,Morus',0,0,0,0,0,0,0,0.0,0.0,0.0,0.0,0.0,0.0,0.0,0.0
1313,660,Nyssa',0,0,0,0,0,0,0,0.0,0.0,0.0,0.0,0.0,0.0,0.0,0.0
1313,660,Olneya',0,0,0,0,0,0,0,0.0,0.0,0.0,0.0,0.0,0.0,0.0,0.0
1313,660,Ostrya',0,0,0,0,0,0,0,0.0,0.0,0.0,0.0,0.0,0.0,0.0,0.0
1313,660,Oxydendron',0,0,0,0,0,0,0,0.0,0.0,0.0,0.0,0.0,0.0,0.0,0.0
1313,660,Paulownia',0,161,4,0,0,0,0,10.471274375915527,5.325145244598389,56.59227289730989,0.2847538773489988,192.0102553641796,2184.993536503851,0.0012413666710918718,13.98701531032724
1313,660,Persea',0,21,0,0,0,0,0,5.567215442657471,4.559385299682617,17.597574398517608,0.051508820020685964,92.52666571855545,2068.959142780911,0.0004598020026683763,10.281485341570216
1313,660,Picea',0,0,0,0,0,0,0,0.0,0.0,0.0,0.0,0.0,0.0,0.0,0.0
1313,660,Pinus',0,841,2532,1495,316,44,26,134.49911499023438,32.88650131225586,2087.2249582630393,346.0194562033805,585219.8263676378,1212177.535097927,1.330637308143372,2707.06034507809
1313,660,Planera',0,0,0,0,0,0,0,0.0,0.0,0.0,0.0,0.0,0.0,0.0,0.0
1313,660,Platanus',0,0,0,0,0,0,0,0.0,0.0,0.0,0.0,0.0,0.0,0.0,0.0
1313,660,Populus',0,121,173,0,0,0,0,25.92251968383789,10.054483413696289,162.3057360315247,5.659257235287459,4433.068355557322,45807.10618676846,0.012187744432691477,114.0322473768446
1313,660,Prosopis',0,0,0,0,0,0,0,0.0,0.0,0.0,0.0,0.0,0.0,0.0,0.0
1313,660,Prunus',0,0,0,20,0,0,0,43.48756790161133,17.39781951904297,7.222114802349972,3.083524974495641,4432.290412321687,99109.02657971885,0.009953500706210825,222.5670419317956
1313,660,Pseudotsuga',0,0,0,0,0,0,0,0.0,0.0,0.0,0.0,0.0,0.0,0.0,0.0
1313,660,Quercus',0,0,56,0,0,0,0,18.75469398498535,10.985369682312012,26.56163814135744,1.2476734059056904,1597.2544994413854,32167.13587257221,0.003931824073255128,76.51483933393796
1313,660,Robinia',0,0,0,0,0,0,0,0.0,0.0,0.0,0.0,0.0,0.0,0.0,0.0
1313,660,Salix',0,129,33,0,0,0,0,9.035897254943848,6.463600158691406,43.195023703612854,0.37057203228006075,279.93705794155596,3826.2102036594983,0.00124389871564928,15.010053447138109
1313,660,Sassafras',0,0,33,0,0,0,0,10.698250770568848,10.483009338378906,14.026418064214006,0.30203321541345085,304.5599232673645,6810.166916479489,0.0008787178713083403,19.64872893289362
1313,660,Sequoia',0,0,0,0,0,0,0,0.0,0.0,0.0,0.0,0.0,0.0,0.0,0.0
1313,660,Sequoiadendron',0,0,0,0,0,0,0,0.0,0.0,0.0,0.0,0.0,0.0,0.0,0.0
1313,660,Sorbus',0,0,0,0,0,0,0,0.0,0.0,0.0,0.0,0.0,0.0,0.0,0.0
1313,660,Taxodium',0,0,45,16,2,7,0,86.37843322753906,19.279491424560547,59.13702374394935,7.421246832092842,9484.705653846264,145311.46416306854,0.02192843408262734,327.40339607331236
1313,660,Taxus',0,0,0,0,0,0,0,0.0,0.0,0.0,0.0,0.0,0.0,0.0,0.0
1313,660,Thuja',0,0,0,0,0,0,0,0.0,0.0,0.0,0.0,0.0,0.0,0.0,0.0
1313,660,Tilia',0,0,0,0,0,0,0,0.0,0.0,0.0,0.0,0.0,0.0,0.0,0.0
1313,660,Torreya',0,31,29,84,0,0,0,41.59835433959961,15.22140121459961,78.81151508808135,9.582520487540828,13330.742196803094,180352.56810128383,0.03076225961554924,406.89142874830856
1313,660,Tsuga',0,0,0,0,0,0,0,0.0,0.0,0.0,0.0,0.0,0.0,0.0,0.0
1313,660,Ulmus',0,0,0,0,0,0,0,0.0,0.0,0.0,0.0,0.0,0.0,0.0,0.0
1313,660,Umbellularia',0,0,0,0,0,0,0,0.0,0.0,0.0,0.0,0.0,0.0,0.0,0.0
1313,670,Abies',0,0,0,0,0,0,0,0.0,0.0,0.0,0.0,0.0,0.0,0.0,0.0
1313,670,Acer',0,477,391,8,0,0,0,46.40754699707031,22.640003204345703,400.8967336382764,9.464571104875022,13041.367363145202,91891.80806428191,0.03475194753639769,217.84334407174816
1313,670,Aesculus',0,0,0,0,0,0,0,0.0,0.0,0.0,0.0,0.0,0.0,0.0,0.0
1313,670,Ailanthus',0,0,0,0,0,0,0,0.0,0.0,0.0,0.0,0.0,0.0,0.0,0.0
1313,670,Alnus',0,0,0,0,0,0,0,0.0,0.0,0.0,0.0,0.0,0.0,0.0,0.0
1313,670,Amelanchier',0,0,0,0,0,0,0,0.0,0.0,0.0,0.0,0.0,0.0,0.0,0.0
1313,670,Arbutus',0,0,0,0,0,0,0,0.0,0.0,0.0,0.0,0.0,0.0,0.0,0.0
1313,670,Asimina',0,0,0,0,0,0,0,0.0,0.0,0.0,0.0,0.0,0.0,0.0,0.0
1313,670,Betula',0,0,0,0,0,0,0,0.0,0.0,0.0,0.0,0.0,0.0,0.0,0.0
1313,670,Calocedrus',0,0,0,0,0,0,0,0.0,0.0,0.0,0.0,0.0,0.0,0.0,0.0
1313,670,Carpinus',0,0,0,0,0,0,0,0.0,0.0,0.0,0.0,0.0,0.0,0.0,0.0
1313,670,Carya',0,99,0,1,0,0,0,33.169273376464844,14.241064071655273,54.61471527060375,0.27175586526804035,510.2906275677681,6878.860145748373,0.0019201883262041995,23.110927391478576
1313,670,Castanea',0,0,0,0,0,0,0,0.0,0.0,0.0,0.0,0.0,0.0,0.0,0.0
1313,670,Catalpa',0,24,64,0,0,0,0,10.18306827545166,4.67294979095459,47.36596188024629,0.5124646903168056,363.69489796042444,5264.140730621207,0.0014900701982770135,20.353813844081646
1313,670,Celtis',0,0,0,0,0,0,0,0.0,0.0,0.0,0.0,0.0,0.0,0.0,0.0
1313,670,Cercis',0,0,0,0,0,0,0,0.0,0.0,0.0,0.0,0.0,0.0,0.0,0.0
1313,670,Cercocarpus',0,0,0,0,0,0,0,0.0,0.0,0.0,0.0,0.0,0.0,0.0,0.0
1313,670,Chamaecyparis',0,0,0,0,0,0,0,0.0,0.0,0.0,0.0,0.0,0.0,0.0,0.0
1313,670,Chilopsis',0,0,0,0,0,0,0,0.0,0.0,0.0,0.0,0.0,0.0,0.0,0.0
1313,670,Chrysolepis',0,0,0,0,0,0,0,0.0,0.0,0.0,0.0,0.0,0.0,0.0,0.0
1313,670,Cladrastis',0,0,0,0,0,0,0,0.0,0.0,0.0,0.0,0.0,0.0,0.0,0.0
1313,670,Comus',0,0,0,0,0,0,0,0.0,0.0,0.0,0.0,0.0,0.0,0.0,0.0
1313,670,Cornus',0,0,0,0,0,0,0,0.0,0.0,0.0,0.0,0.0,0.0,0.0,0.0
1313,670,Crataegus',0,0,0,0,0,0,0,0.0,0.0,0.0,0.0,0.0,0.0,0.0,0.0
1313,670,Cupressus',0,0,0,0,0,0,0,0.0,0.0,0.0,0.0,0.0,0.0,0.0,0.0
1313,670,Diospyros',0,0,0,0,0,0,0,0.0,0.0,0.0,0.0,0.0,0.0,0.0,0.0
1313,670,Elaeagnus',0,0,0,0,0,0,0,0.0,0.0,0.0,0.0,0.0,0.0,0.0,0.0
1313,670,Fagus',0,0,0,0,0,0,0,0.0,0.0,0.0,0.0,0.0,0.0,0.0,0.0
1313,670,Fraxinus',0,646,562,57,0,0,0,42.12037658691406,18.767208099365234,490.6662481763883,19.04144622048806,26598.183929806055,178560.4991425079,0.06617048873083323,406.30048385457343
1313,670,Gleditsia',0,0,0,0,0,0,0,0.0,0.0,0.0,0.0,0.0,0.0,0.0,0.0
1313,670,Gordonia',0,20,0,0,0,0,0,7.023116111755371,6.450003147125244,17.18401880264282,0.07809803489710757,106.4192371559143,2379.6064839429537,0.00048470080286264417,10.838239439496025
1313,670,Gymnocladus',0,0,0,0,0,0,0,0.0,0.0,0.0,0.0,0.0,0.0,0.0,0.0
1313,670,Halesia',0,0,0,0,0,0,0,0.0,0.0,0.0,0.0,0.0,0.0,0.0,0.0
1313,670,Ilex',0,0,0,0,0,0,0,0.0,0.0,0.0,0.0,0.0,0.0,0.0,0.0
1313,670,Juglans',0,0,0,0,0,0,0,0.0,0.0,0.0,0.0,0.0,0.0,0.0,0.0
1313,670,Juniperus',0,0,0,0,0,0,0,0.0,0.0,0.0,0.0,0.0,0.0,0.0,0.0
1313,670,Larix',0,0,0,0,0,0,0,0.0,0.0,0.0,0.0,0.0,0.0,0.0,0.0
1313,670,Liquidambar',0,0,0,0,0,0,0,0.0,0.0,0.0,0.0,0.0,0.0,0.0,0.0
1313,670,Liriodendron',0,1557,1469,181,40,0,0,57.16374588012695,19.920129776000977,1500.7036675129648,63.90158664660036,65848.20693065188,245262.53751559954,0.16793281336763766,563.3648252043965
1313,670,Lithocarpus',0,0,0,0,0,0,0,0.0,0.0,0.0,0.0,0.0,0.0,0.0,0.0
1313,670,Maclura',0,0,36,9,0,0,0,41.09135818481445,13.684986114501953,17.541480154930788,1.686320464369871,3163.691278858185,60600.542117580364,0.0072829446188509925,137.67726996465106
1313,670,Magnolia',0,0,105,5,0,0,0,30.904537200927734,15.25624942779541,80.73751986781252,2.2621082269777557,2549.514702625275,37472.68334437354,0.00640263208467514,90.11018735189344
1313,670,Malus',0,0,0,0,0,0,0,0.0,0.0,0.0,0.0,0.0,0.0,0.0,0.0
1313,670,Morus',0,0,0,0,0,0,0,0.0,0.0,0.0,0.0,0.0,0.0,0.0,0.0
1313,670,Nyssa',0,0,0,0,0,0,0,0.0,0.0,0.0,0.0,0.0,0.0,0.0,0.0
1313,670,Olneya',0,0,0,0,0,0,0,0.0,0.0,0.0,0.0,0.0,0.0,0.0,0.0
1313,670,Ostrya',0,0,0,0,0,0,0,0.0,0.0,0.0,0.0,0.0,0.0,0.0,0.0
1313,670,Oxydendron',0,0,0,0,0,0,0,0.0,0.0,0.0,0.0,0.0,0.0,0.0,0.0
1313,670,Paulownia',0,97,46,0,0,0,0,16.05341339111328,7.123258113861084,54.998129757144774,0.7207857436471101,397.228623380661,5442.186447678296,0.0016744589032977885,20.337014664100703
1313,670,Persea',0,0,21,0,0,0,0,15.04240608215332,8.915407180786133,15.680519728660583,0.3760452973884655,450.8620032644272,10081.580877709977,0.0012284119066894156,27.46812527727657
1313,670,Picea',0,0,0,0,0,0,0,0.0,0.0,0.0,0.0,0.0,0.0,0.0,0.0
1313,670,Pinus',0,795,2355,1642,309,41,20,132.47186279296875,32.781829833984375,2201.685593856871,339.9267114302816,572776.48172748,1202900.8350808567,1.3046387514245479,2687.4259231354176
1313,670,Planera',0,0,0,0,0,0,0,0.0,0.0,0.0,0.0,0.0,0.0,0.0,0.0
1313,670,Platanus',0,36,0,0,0,0,0,3.7230453491210938,2.3989012241363525,20.43638805422602,0.0400186133831123,65.54701268434525,1465.6757608423732,0.0004398531923796943,9.835416382812841
1313,670,Populus',0,130,68,52,0,0,0,29.772775650024414,11.148181915283203,115.92432477476098,4.367696350687641,3597.3411165377497,46889.40803551807,0.009662886750957042,111.8849442250283
1313,670,Prosopis',0,0,0,0,0,0,0,0.0,0.0,0.0,0.0,0.0,0.0,0.0,0.0
1313,670,Prunus',0,0,0,20,0,0,0,45.1219482421875,17.82585906982422,12.630316077531138,3.3196547342719014,4872.332033833265,108948.65636601,0.01100922495290637,246.17375374285527
1313,670,Pseudotsuga',0,0,0,0,0,0,0,0.0,0.0,0.0,0.0,0.0,0.0,0.0,0.0
1313,670,Quercus',0,0,56,0,0,0,0,20.74942970275879,11.799995422363281,24.197244236740882,1.8038442734701277,2419.2079635334017,42899.21101030385,0.005724350495159565,100.24671129506343
1313,670,Robinia',0,0,0,0,0,0,0,0.0,0.0,0.0,0.0,0.0,0.0,0.0,0.0
1313,670,Salix',0,318,61,0,0,0,0,14.079773902893066,8.930449485778809,106.72678155046475,1.2651983341021147,975.6073961937427,11361.425572769549,0.003704407714803671,33.52396708890011
1313,670,Sassafras',0,0,33,0,0,0,0,14.522364616394043,12.769447326660156,10.45955540258673,0.5565495446188049,605.7850178718567,13545.764797123935,0.0014967599916458135,33.46857087322051
1313,670,Sequoia',0,0,0,0,0,0,0,0.0,0.0,0.0,0.0,0.0,0.0,0.0,0.0
1313,670,Sequoiadendron',0,0,0,0,0,0,0,0.0,0.0,0.0,0.0,0.0,0.0,0.0,0.0
1313,670,Sorbus',0,0,0,0,0,0,0,0.0,0.0,0.0,0.0,0.0,0.0,0.0,0.0
1313,670,Taxodium',0,0,45,16,0,2,7,90.7103042602539,19.673076629638672,59.161218434949454,9.271486680115848,11913.208628149032,168673.9692760243,0.027325455383658444,380.87568403907585
1313,670,Taxus',0,0,0,0,0,0,0,0.0,0.0,0.0,0.0,0.0,0.0,0.0,0.0
1313,670,Thuja',0,0,0,0,0,0,0,0.0,0.0,0.0,0.0,0.0,0.0,0.0,0.0
1313,670,Tilia',0,0,0,0,0,0,0,0.0,0.0,0.0,0.0,0.0,0.0,0.0,0.0
1313,670,Torreya',0,0,31,84,0,0,0,44.40487289428711,15.538065910339355,85.7896396613121,11.233175653721243,15914.622673108579,207468.7516931613,0.03660501260053106,470.42557965862983
1313,670,Tsuga',0,0,0,0,0,0,0,0.0,0.0,0.0,0.0,0.0,0.0,0.0,0.0
1313,670,Ulmus',0,0,0,0,0,0,0,0.0,0.0,0.0,0.0,0.0,0.0,0.0,0.0
1313,670,Umbellularia',0,0,0,0,0,0,0,0.0,0.0,0.0,0.0,0.0,0.0,0.0,0.0
1313,680,Abies',0,0,0,0,0,0,0,0.0,0.0,0.0,0.0,0.0,0.0,0.0,0.0
1313,680,Acer',0,463,405,22,0,0,0,39.72816467285156,20.693330764770508,362.3780409626285,9.466209111691027,12145.660791086704,82565.08563658668,0.032206989714434316,197.70647048113034
1313,680,Aesculus',0,0,0,0,0,0,0,0.0,0.0,0.0,0.0,0.0,0.0,0.0,0.0
1313,680,Ailanthus',0,0,0,0,0,0,0,0.0,0.0,0.0,0.0,0.0,0.0,0.0,0.0
1313,680,Alnus',0,0,0,0,0,0,0,0.0,0.0,0.0,0.0,0.0,0.0,0.0,0.0
1313,680,Amelanchier',0,0,0,0,0,0,0,0.0,0.0,0.0,0.0,0.0,0.0,0.0,0.0
1313,680,Arbutus',0,0,0,0,0,0,0,0.0,0.0,0.0,0.0,0.0,0.0,0.0,0.0
1313,680,Asimina',0,0,0,0,0,0,0,0.0,0.0,0.0,0.0,0.0,0.0,0.0,0.0
1313,680,Betula',0,0,0,0,0,0,0,0.0,0.0,0.0,0.0,0.0,0.0,0.0,0.0
1313,680,Calocedrus',0,0,0,0,0,0,0,0.0,0.0,0.0,0.0,0.0,0.0,0.0,0.0
1313,680,Carpinus',0,0,0,0,0,0,0,0.0,0.0,0.0,0.0,0.0,0.0,0.0,0.0
1313,680,Carya',0,37,57,0,1,0,0,52.09647750854492,19.296537399291992,41.677085105565524,0.8271192531402106,1387.657206966281,19418.903036590797,0.0036836473641479596,49.58524448668574
1313,680,Castanea',0,0,0,0,0,0,0,0.0,0.0,0.0,0.0,0.0,0.0,0.0,0.0
1313,680,Catalpa',0,18,64,0,0,0,0,14.964139938354492,6.012458801269531,49.96400232839433,1.117124736626293,762.7289161509276,11427.693480266154,0.002414212772876044,34.29427822635583
1313,680,Celtis',0,37,0,0,0,0,0,0.5969504117965698,1.6736254692077637,1.0072449310623768,0.0010467380121908722,4.738751680776477,105.96170886707539,2.503040998999495e-05,0.5596969824231898
1313,680,Cercis',0,0,0,0,0,0,0,0.0,0.0,0.0,0.0,0.0,0.0,0.0,0.0
1313,680,Cercocarpus',0,0,0,0,0,0,0,0.0,0.0,0.0,0.0,0.0,0.0,0.0,0.0
1313,680,Chamaecyparis',0,0,0,0,0,0,0,0.0,0.0,0.0,0.0,0.0,0.0,0.0,0.0
1313,680,Chilopsis',0,0,0,0,0,0,0,0.0,0.0,0.0,0.0,0.0,0.0,0.0,0.0
1313,680,Chrysolepis',0,0,0,0,0,0,0,0.0,0.0,0.0,0.0,0.0,0.0,0.0,0.0
1313,680,Cladrastis',0,0,0,0,0,0,0,0.0,0.0,0.0,0.0,0.0,0.0,0.0,0.0
1313,680,Comus',0,0,0,0,0,0,0,0.0,0.0,0.0,0.0,0.0,0.0,0.0,0.0
1313,680,Cornus',0,0,0,0,0,0,0,0.0,0.0,0.0,0.0,0.0,0.0,0.0,0.0
1313,680,Crataegus',0,0,0,0,0,0,0,0.0,0.0,0.0,0.0,0.0,0.0,0.0,0.0
1313,680,Cupressus',0,0,0,0,0,0,0,0.0,0.0,0.0,0.0,0.0,0.0,0.0,0.0
1313,680,Diospyros',0,0,0,0,0,0,0,0.0,0.0,0.0,0.0,0.0,0.0,0.0,0.0
1313,680,Elaeagnus',0,0,0,0,0,0,0,0.0,0.0,0.0,0.0,0.0,0.0,0.0,0.0
1313,680,Fagus',0,0,0,0,0,0,0,0.0,0.0,0.0,0.0,0.0,0.0,0.0,0.0
1313,680,Fraxinus',0,345,533,70,0,0,0,44.54660415649414,19.442895889282227,420.4954789008332,16.716504492154222,23610.19276836127,167457.07305767917,0.05852036153293224,381.76530067541677
1313,680,Gleditsia',0,0,0,0,0,0,0,0.0,0.0,0.0,0.0,0.0,0.0,0.0,0.0
1313,680,Gordonia',0,0,20,0,0,0,0,17.705129623413086,11.823079109191895,19.292016048431396,0.496339261858918,581.3825995445252,13000.110135170948,0.0015706237800121362,35.12021539184777
1313,680,Gymnocladus',0,0,0,0,0,0,0,0.0,0.0,0.0,0.0,0.0,0.0,0.0,0.0
1313,680,Halesia',0,0,0,0,0,0,0,0.0,0.0,0.0,0.0,0.0,0.0,0.0,0.0
1313,680,Ilex',0,0,0,0,0,0,0,0.0,0.0,0.0,0.0,0.0,0.0,0.0,0.0
1313,680,Juglans',0,0,0,0,0,0,0,0.0,0.0,0.0,0.0,0.0,0.0,0.0,0.0
1313,680,Juniperus',0,0,0,0,0,0,0,0.0,0.0,0.0,0.0,0.0,0.0,0.0,0.0
1313,680,Larix',0,0,0,0,0,0,0,0.0,0.0,0.0,0.0,0.0,0.0,0.0,0.0
1313,680,Liquidambar',0,0,0,0,0,0,0,0.0,0.0,0.0,0.0,0.0,0.0,0.0,0.0
1313,680,Liriodendron',0,1500,1789,251,23,0,0,60.88289260864258,20.69796371459961,1510.3941264222785,73.29152116286703,72795.72894706711,236374.6840189851,0.18351124814256697,544.4465696895684
1313,680,Lithocarpus',0,0,0,0,0,0,0,0.0,0.0,0.0,0.0,0.0,0.0,0.0,0.0
1313,680,Maclura',0,0,0,9,0,0,0,43.93367385864258,14.070582389831543,3.268503109111061,1.5038225642968879,3098.973867793083,69295.16228880762,0.006933660323977485,155.04135817306872
1313,680,Magnolia',0,0,68,0,0,0,0,15.236115455627441,9.08911418914795,38.33368903662585,1.091920398655267,1034.1547361671924,17106.476280094656,0.0026480656213263578,43.59559723358789
1313,680,Malus',0,0,0,0,0,0,0,0.0,0.0,0.0,0.0,0.0,0.0,0.0,0.0
1313,680,Morus',0,0,0,0,0,0,0,0.0,0.0,0.0,0.0,0.0,0.0,0.0,0.0
1313,680,Nyssa',0,68,0,0,0,0,0,4.377965927124023,4.172517776489258,25.300063338083554,0.06770879177457816,94.6667501604557,1633.5260818605725,0.0005745790204210132,9.798173031206645
1313,680,Olneya',0,0,0,0,0,0,0,0.0,0.0,0.0,0.0,0.0,0.0,0.0,0.0
1313,680,Ostrya',0,0,0,0,0,0,0,0.0,0.0,0.0,0.0,0.0,0.0,0.0,0.0
1313,680,Oxydendron',0,0,0,0,0,0,0,0.0,0.0,0.0,0.0,0.0,0.0,0.0,0.0
1313,680,Paulownia',0,104,0,0,0,0,0,5.701073169708252,3.6050667762756348,33.37286502500123,0.12094852480664547,97.31472311794758,1215.9747494827802,0.000696675875619526,9.857843373657074
1313,680,Persea',0,0,21,0,0,0,0,21.353925704956055,11.155755043029785,10.2904401576519,0.7578111649177105,978.6517550075055,21883.318504962885,0.002323421329021474,51.95328032064862
1313,680,Picea',0,0,0,0,0,0,0,0.0,0.0,0.0,0.0,0.0,0.0,0.0,0.0
1313,680,Pinus',0,850,2481,1722,269,55,12,135.8381805419922,32.95346450805664,2225.2736965692043,351.7370963841838,592486.4355863589,1228306.5386428193,1.3487793724888768,2744.5502586060084
1313,680,Planera',0,0,0,0,0,0,0,0.0,0.0,0.0,0.0,0.0,0.0,0.0,0.0
1313,680,Platanus',0,0,0,0,0,0,0,0.0,0.0,0.0,0.0,0.0,0.0,0.0,0.0
1313,680,Populus',0,146,41,0,0,0,0,9.729653358459473,6.458013534545898,50.19957498941994,0.35528336783001924,302.3271681624651,3479.24342127525,0.0013944889166466893,14.98974848051115
1313,680,Prosopis',0,0,0,0,0,0,0,0.0,0.0,0.0,0.0,0.0,0.0,0.0,0.0
1313,680,Prunus',0,0,0,20,0,0,0,46.79315948486328,18.25311279296875,6.049073635588718,3.5701130638107204,5329.168483287692,119163.82992180735,0.011929676036641116,266.7556656747988
1313,680,Pseudotsuga',0,0,0,0,0,0,0,0.0,0.0,0.0,0.0,0.0,0.0,0.0,0.0
1313,680,Quercus',0,15,41,0,0,0,0,24.113351821899414,13.095503807067871,18.56253020323907,0.9301716947801691,1293.9442904284597,25392.38335561168,0.00314264973486472,59.35066723189558
1313,680,Robinia',0,0,0,0,0,0,0,0.0,0.0,0.0,0.0,0.0,0.0,0.0,0.0
1313,680,Salix',0,190,40,0,0,0,0,20.031631469726562,11.510954856872559,42.4576308362516,1.3630864208123432,1184.159879789725,24047.665611623383,0.003242667467161941,56.71767418880472
1313,680,Sassafras',0,0,0,0,0,0,0,0.0,0.0,0.0,0.0,0.0,0.0,0.0,0.0
1313,680,Sequoia',0,0,0,0,0,0,0,0.0,0.0,0.0,0.0,0.0,0.0,0.0,0.0
1313,680,Sequoiadendron',0,0,0,0,0,0,0,0.0,0.0,0.0,0.0,0.0,0.0,0.0,0.0
1313,680,Sorbus',0,0,0,0,0,0,0,0.0,0.0,0.0,0.0,0.0,0.0,0.0,0.0
1313,680,Taxodium',0,0,45,0,16,0,9,95.7154769897461,20.09423828125,83.31115718129314,11.189794885445936,14553.575654268265,192889.01004861132,0.033540590202331584,436.93479986579405
1313,680,Taxus',0,0,0,0,0,0,0,0.0,0.0,0.0,0.0,0.0,0.0,0.0,0.0
1313,680,Thuja',0,0,0,0,0,0,0,0.0,0.0,0.0,0.0,0.0,0.0,0.0,0.0
1313,680,Tilia',0,0,0,0,0,0,0,0.0,0.0,0.0,0.0,0.0,0.0,0.0,0.0
1313,680,Torreya',0,0,19,28,0,0,0,43.28804397583008,15.416622161865234,58.016015257835384,4.085054301250003,5721.040765471458,85194.5284127396,0.013551433014114713,198.79447808673095
1313,680,Tsuga',0,0,0,0,0,0,0,0.0,0.0,0.0,0.0,0.0,0.0,0.0,0.0
1313,680,Ulmus',0,0,0,0,0,0,0,0.0,0.0,0.0,0.0,0.0,0.0,0.0,0.0
1313,680,Umbellularia',0,0,0,0,0,0,0,0.0,0.0,0.0,0.0,0.0,0.0,0.0,0.0
1313,690,Abies',0,0,0,0,0,0,0,0.0,0.0,0.0,0.0,0.0,0.0,0.0,0.0
1313,690,Acer',0,453,345,4,0,0,0,46.90591049194336,22.77458381652832,310.5810394944458,8.912012054165888,11813.919066853225,88502.71054648836,0.03072413998346284,208.40725629789407
1313,690,Aesculus',0,0,0,0,0,0,0,0.0,0.0,0.0,0.0,0.0,0.0,0.0,0.0
1313,690,Ailanthus',0,0,0,0,0,0,0,0.0,0.0,0.0,0.0,0.0,0.0,0.0,0.0
1313,690,Alnus',0,0,0,0,0,0,0,0.0,0.0,0.0,0.0,0.0,0.0,0.0,0.0
1313,690,Amelanchier',0,0,0,0,0,0,0,0.0,0.0,0.0,0.0,0.0,0.0,0.0,0.0
1313,690,Arbutus',0,0,0,0,0,0,0,0.0,0.0,0.0,0.0,0.0,0.0,0.0,0.0
1313,690,Asimina',0,0,0,0,0,0,0,0.0,0.0,0.0,0.0,0.0,0.0,0.0,0.0
1313,690,Betula',0,0,0,0,0,0,0,0.0,0.0,0.0,0.0,0.0,0.0,0.0,0.0
1313,690,Calocedrus',0,0,0,0,0,0,0,0.0,0.0,0.0,0.0,0.0,0.0,0.0,0.0
1313,690,Carpinus',0,0,0,0,0,0,0,0.0,0.0,0.0,0.0,0.0,0.0,0.0,0.0
1313,690,Carya',0,58,95,0,0,0,0,17.95132827758789,11.356194496154785,51.22566779957542,1.2739438581517681,1840.538156158924,24822.77671337822,0.004827506583378637,62.29001908195171
1313,690,Castanea',0,0,0,0,0,0,0,0.0,0.0,0.0,0.0,0.0,0.0,0.0,0.0
1313,690,Catalpa',0,0,0,0,0,0,0,0.0,0.0,0.0,0.0,0.0,0.0,0.0,0.0
1313,690,Celtis',0,0,18,0,0,0,0,8.583420753479004,6.228662014007568,13.32481719270537,0.10554447867715311,113.42825941085816,2536.332986121593,0.0004438809306621571,9.925479348764544
1313,690,Cercis',0,0,0,0,0,0,0,0.0,0.0,0.0,0.0,0.0,0.0,0.0,0.0
1313,690,Cercocarpus',0,0,0,0,0,0,0,0.0,0.0,0.0,0.0,0.0,0.0,0.0,0.0
1313,690,Chamaecyparis',0,0,0,0,0,0,0,0.0,0.0,0.0,0.0,0.0,0.0,0.0,0.0
1313,690,Chilopsis',0,0,0,0,0,0,0,0.0,0.0,0.0,0.0,0.0,0.0,0.0,0.0
1313,690,Chrysolepis',0,0,0,0,0,0,0,0.0,0.0,0.0,0.0,0.0,0.0,0.0,0.0
1313,690,Cladrastis',0,0,0,0,0,0,0,0.0,0.0,0.0,0.0,0.0,0.0,0.0,0.0
1313,690,Comus',0,0,0,0,0,0,0,0.0,0.0,0.0,0.0,0.0,0.0,0.0,0.0
1313,690,Cornus',0,0,0,0,0,0,0,0.0,0.0,0.0,0.0,0.0,0.0,0.0,0.0
1313,690,Crataegus',0,0,0,0,0,0,0,0.0,0.0,0.0,0.0,0.0,0.0,0.0,0.0
1313,690,Cupressus',0,0,0,0,0,0,0,0.0,0.0,0.0,0.0,0.0,0.0,0.0,0.0
1313,690,Diospyros',0,0,0,0,0,0,0,0.0,0.0,0.0,0.0,0.0,0.0,0.0,0.0
1313,690,Elaeagnus',0,0,0,0,0,0,0,0.0,0.0,0.0,0.0,0.0,0.0,0.0,0.0
1313,690,Fagus',0,0,0,0,0,0,0,0.0,0.0,0.0,0.0,0.0,0.0,0.0,0.0
1313,690,Fraxinus',0,541,486,77,0,0,0,46.66887664794922,20.011600494384766,357.4633322175168,17.882695670305505,25733.926052446663,188497.4524580776,0.0623323855141194,429.8165991323199
1313,690,Gleditsia',0,38,0,0,0,0,0,3.6277546882629395,3.4968528747558594,12.887666572498368,0.0296501984511979,51.670140128135685,1119.051642328338,0.000300347660891707,6.508659705460865
1313,690,Gordonia',0,0,0,0,0,0,0,0.0,0.0,0.0,0.0,0.0,0.0,0.0,0.0
1313,690,Gymnocladus',0,0,0,0,0,0,0,0.0,0.0,0.0,0.0,0.0,0.0,0.0,0.0
1313,690,Halesia',0,0,0,0,0,0,0,0.0,0.0,0.0,0.0,0.0,0.0,0.0,0.0
1313,690,Ilex',0,0,0,0,0,0,0,0.0,0.0,0.0,0.0,0.0,0.0,0.0,0.0
1313,690,Juglans',0,0,0,0,0,0,0,0.0,0.0,0.0,0.0,0.0,0.0,0.0,0.0
1313,690,Juniperus',0,0,0,0,0,0,0,0.0,0.0,0.0,0.0,0.0,0.0,0.0,0.0
1313,690,Larix',0,0,0,0,0,0,0,0.0,0.0,0.0,0.0,0.0,0.0,0.0,0.0
1313,690,Liquidambar',0,30,0,0,0,0,0,2.363081216812134,3.0272436141967773,0.0,0.013490669684591939,15.319403928518296,342.5522855894355,3.40431211143732e-05,0.7612273297799778
1313,690,Liriodendron',0,1217,1952,407,28,0,0,72.86590576171875,22.950483322143555,1591.6327737182187,94.17754248775452,94528.49486991049,276915.2102346063,0.2329757588521757,636.3599439980254
1313,690,Lithocarpus',0,0,0,0,0,0,0,0.0,0.0,0.0,0.0,0.0,0.0,0.0,0.0
1313,690,Maclura',0,0,0,9,0,0,0,46.25351333618164,14.359615325927734,5.609643157524398,1.666828842026152,3490.7979604911807,78056.61535375909,0.007838082473278045,175.26485223499336
1313,690,Magnolia',0,37,68,0,0,0,0,18.9001407623291,10.681137084960938,45.02536527718169,1.705406816379254,1743.8074088573455,28123.45343777732,0.004286158995818366,66.32404508351222
1313,690,Malus',0,0,0,0,0,0,0,0.0,0.0,0.0,0.0,0.0,0.0,0.0,0.0
1313,690,Morus',0,0,0,0,0,0,0,0.0,0.0,0.0,0.0,0.0,0.0,0.0,0.0
1313,690,Nyssa',0,0,36,0,0,0,0,9.667670249938965,6.9922566413879395,9.623831687848778,0.2680799340015713,231.05893456220628,5166.634844897752,0.0006520047095492401,14.579268522021323
1313,690,Olneya',0,0,0,0,0,0,0,0.0,0.0,0.0,0.0,0.0,0.0,0.0,0.0
1313,690,Ostrya',0,0,0,0,0,0,0,0.0,0.0,0.0,0.0,0.0,0.0,0.0,0.0
1313,690,Oxydendron',0,0,0,0,0,0,0,0.0,0.0,0.0,0.0,0.0,0.0,0.0,0.0
1313,690,Paulownia',0,183,54,0,0,0,0,14.671270370483398,6.698237419128418,52.786088527380656,0.791125816774509,416.46885042369365,4517.837874483627,0.0016853714178607223,16.350614073440305
1313,690,Persea',0,0,0,0,0,0,0,0.0,0.0,0.0,0.0,0.0,0.0,0.0,0.0
1313,690,Picea',0,0,0,0,0,0,0,0.0,0.0,0.0,0.0,0.0,0.0,0.0,0.0
1313,690,Pinus',0,909,2281,1575,308,65,17,130.864501953125,32.695926666259766,2115.647484152019,348.80696300505815,591907.7902095005,1237220.55939711,1.3459099976045612,2763.639331957633
1313,690,Planera',0,0,0,0,0,0,0,0.0,0.0,0.0,0.0,0.0,0.0,0.0,0.0
1313,690,Platanus',0,0,0,0,0,0,0,0.0,0.0,0.0,0.0,0.0,0.0,0.0,0.0
1313,690,Populus',0,149,52,0,0,0,0,11.94304370880127,5.655000686645508,93.8532911660739,0.6476302227311572,514.6963244315982,5959.449465850463,0.002494839882051561,24.827616834618812
1313,690,Prosopis',0,0,0,0,0,0,0,0.0,0.0,0.0,0.0,0.0,0.0,0.0,0.0
1313,690,Prunus',0,0,0,0,0,0,0,0.0,0.0,0.0,0.0,0.0,0.0,0.0,0.0
1313,690,Pseudotsuga',0,0,0,0,0,0,0,0.0,0.0,0.0,0.0,0.0,0.0,0.0,0.0
1313,690,Quercus',0,43,64,16,0,0,0,28.387460708618164,14.609387397766113,71.76765575627736,1.9651842859866053,2746.814052835703,40534.76757664218,0.007137166410140711,96.86320092793656
1313,690,Robinia',0,0,0,0,0,0,0,0.0,0.0,0.0,0.0,0.0,0.0,0.0,0.0
1313,690,Salix',0,121,0,0,0,0,0,7.612214088439941,5.71643590927124,19.194914309095733,0.0957214858574804,87.18269828259945,1193.6132533682821,0.00047006078883353534,5.9451054975028175
1313,690,Sassafras',0,0,0,0,0,0,0,0.0,0.0,0.0,0.0,0.0,0.0,0.0,0.0
1313,690,Sequoia',0,0,0,0,0,0,0,0.0,0.0,0.0,0.0,0.0,0.0,0.0,0.0
1313,690,Sequoiadendron',0,0,0,0,0,0,0,0.0,0.0,0.0,0.0,0.0,0.0,0.0,0.0
1313,690,Sorbus',0,0,0,0,0,0,0,0.0,0.0,0.0,0.0,0.0,0.0,0.0,0.0
1313,690,Taxodium',0,25,36,0,16,0,9,108.17150115966797,21.00342559814453,84.86453135556812,12.676251357557584,16925.98816175938,219898.89904953435,0.03883498055854069,496.6156650862107
1313,690,Taxus',0,0,0,0,0,0,0,0.0,0.0,0.0,0.0,0.0,0.0,0.0,0.0
1313,690,Thuja',0,0,0,0,0,0,0,0.0,0.0,0.0,0.0,0.0,0.0,0.0,0.0
1313,690,Tilia',0,0,0,0,0,0,0,0.0,0.0,0.0,0.0,0.0,0.0,0.0,0.0
1313,690,Torreya',0,0,0,28,0,0,0,46.0,15.701687812805176,28.58199949979782,4.116487979301298,6023.582283313274,99579.25385378861,0.013798589307188962,227.03960501585033
1313,690,Tsuga',0,0,0,0,0,0,0,0.0,0.0,0.0,0.0,0.0,0.0,0.0,0.0
1313,690,Ulmus',0,0,0,0,0,0,0,0.0,0.0,0.0,0.0,0.0,0.0,0.0,0.0
1313,690,Umbellularia',0,0,0,0,0,0,0,0.0,0.0,0.0,0.0,0.0,0.0,0.0,0.0
1313,700,Abies',0,0,0,0,0,0,0,0.0,0.0,0.0,0.0,0.0,0.0,0.0,0.0
1313,700,Acer',0,182,436,34,0,0,0,28.685096740722656,16.810474395751953,351.44014147169224,11.893721212003825,15839.08329480827,112399.23833458101,0.04025713876440797,262.1926083827673
1313,700,Aesculus',0,0,0,0,0,0,0,0.0,0.0,0.0,0.0,0.0,0.0,0.0,0.0
1313,700,Ailanthus',0,0,0,0,0,0,0,0.0,0.0,0.0,0.0,0.0,0.0,0.0,0.0
1313,700,Alnus',0,0,0,0,0,0,0,0.0,0.0,0.0,0.0,0.0,0.0,0.0,0.0
1313,700,Amelanchier',0,0,0,0,0,0,0,0.0,0.0,0.0,0.0,0.0,0.0,0.0,0.0
1313,700,Arbutus',0,0,0,0,0,0,0,0.0,0.0,0.0,0.0,0.0,0.0,0.0,0.0
1313,700,Asimina',0,0,0,0,0,0,0,0.0,0.0,0.0,0.0,0.0,0.0,0.0,0.0
1313,700,Betula',0,0,0,0,0,0,0,0.0,0.0,0.0,0.0,0.0,0.0,0.0,0.0
1313,700,Calocedrus',0,0,0,0,0,0,0,0.0,0.0,0.0,0.0,0.0,0.0,0.0,0.0
1313,700,Carpinus',0,0,0,0,0,0,0,0.0,0.0,0.0,0.0,0.0,0.0,0.0,0.0
1313,700,Carya',0,27,115,0,0,0,0,21.69150733947754,12.807533264160156,49.167774193271796,1.8574563063892675,2611.8907005035876,35974.232763189204,0.006511998919006503,84.49114446961063
1313,700,Castanea',0,0,0,0,0,0,0,0.0,0.0,0.0,0.0,0.0,0.0,0.0,0.0
1313,700,Catalpa',0,0,0,0,0,0,0,0.0,0.0,0.0,0.0,0.0,0.0,0.0,0.0
1313,700,Celtis',0,33,0,0,0,0,0,1.1228703260421753,1.9987612962722778,0.0,0.0032955841757631274,6.378890190124512,142.6363208612484,1.4175311326980589e-05,0.3169695972935052
1313,700,Cercis',0,0,0,0,0,0,0,0.0,0.0,0.0,0.0,0.0,0.0,0.0,0.0
1313,700,Cercocarpus',0,0,0,0,0,0,0,0.0,0.0,0.0,0.0,0.0,0.0,0.0,0.0
1313,700,Chamaecyparis',0,0,0,0,0,0,0,0.0,0.0,0.0,0.0,0.0,0.0,0.0,0.0
1313,700,Chilopsis',0,0,0,0,0,0,0,0.0,0.0,0.0,0.0,0.0,0.0,0.0,0.0
1313,700,Chrysolepis',0,0,0,0,0,0,0,0.0,0.0,0.0,0.0,0.0,0.0,0.0,0.0
1313,700,Cladrastis',0,0,0,0,0,0,0,0.0,0.0,0.0,0.0,0.0,0.0,0.0,0.0
1313,700,Comus',0,0,0,0,0,0,0,0.0,0.0,0.0,0.0,0.0,0.0,0.0,0.0
1313,700,Cornus',0,0,0,0,0,0,0,0.0,0.0,0.0,0.0,0.0,0.0,0.0,0.0
1313,700,Crataegus',0,0,0,0,0,0,0,0.0,0.0,0.0,0.0,0.0,0.0,0.0,0.0
1313,700,Cupressus',0,0,0,0,0,0,0,0.0,0.0,0.0,0.0,0.0,0.0,0.0,0.0
1313,700,Diospyros',0,16,0,0,0,0,0,6.280601501464844,4.300660133361816,8.751309949763211,0.05241948108552175,72.56671637892724,1622.6411072722804,0.00028723934067785534,6.422866915679012
1313,700,Elaeagnus',0,0,0,0,0,0,0,0.0,0.0,0.0,0.0,0.0,0.0,0.0,0.0
1313,700,Fagus',0,0,0,0,0,0,0,0.0,0.0,0.0,0.0,0.0,0.0,0.0,0.0
1313,700,Fraxinus',0,554,418,31,17,0,0,48.7951545715332,20.561246871948242,372.6067620386145,18.366028490485153,26734.257867267283,200276.68721580668,0.06477334227620017,454.29293432446946
1313,700,Gleditsia',0,72,0,0,0,0,0,8.01460075378418,5.929985523223877,19.90374936427496,0.13476859129677643,161.24993519842624,2741.408537876565,0.000644858709005634,10.251568633312534
1313,700,Gordonia',0,0,0,0,0,0,0,0.0,0.0,0.0,0.0,0.0,0.0,0.0,0.0
1313,700,Gymnocladus',0,0,0,0,0,0,0,0.0,0.0,0.0,0.0,0.0,0.0,0.0,0.0
1313,700,Halesia',0,0,0,0,0,0,0,0.0,0.0,0.0,0.0,0.0,0.0,0.0,0.0
1313,700,Ilex',0,0,0,0,0,0,0,0.0,0.0,0.0,0.0,0.0,0.0,0.0,0.0
1313,700,Juglans',0,0,0,0,0,0,0,0.0,0.0,0.0,0.0,0.0,0.0,0.0,0.0
1313,700,Juniperus',0,0,0,0,0,0,0,0.0,0.0,0.0,0.0,0.0,0.0,0.0,0.0
1313,700,Larix',0,0,0,0,0,0,0,0.0,0.0,0.0,0.0,0.0,0.0,0.0,0.0
1313,700,Liquidambar',0,0,0,0,0,0,0,0.0,0.0,0.0,0.0,0.0,0.0,0.0,0.0
1313,700,Liriodendron',0,1506,1917,262,10,0,0,92.4767837524414,25.92414093017578,1653.4812618486724,82.12184179008172,79809.82146665968,230030.0064173457,0.20115793971972779,535.5769722751792
1313,700,Lithocarpus',0,0,0,0,0,0,0,0.0,0.0,0.0,0.0,0.0,0.0,0.0,0.0
1313,700,Maclura',0,0,0,0,9,0,0,50.742591857910156,14.859929084777832,11.765956576866438,2.006073526378001,4321.59831111908,96633.87595110567,0.009772929186820984,218.52934001023425
1313,700,Magnolia',0,0,75,0,0,0,0,21.4329833984375,11.725326538085938,40.31441607241389,1.7542657550437826,1864.884550305605,35082.62004950118,0.004512213545655237,82.44296419543723
1313,700,Malus',0,0,0,0,0,0,0,0.0,0.0,0.0,0.0,0.0,0.0,0.0,0.0
1313,700,Morus',0,0,0,0,0,0,0,0.0,0.0,0.0,0.0,0.0,0.0,0.0,0.0
1313,700,Nyssa',0,0,36,0,0,0,0,15.258177757263184,9.349898338317871,16.70213869666751,0.6677685950112958,656.8033313071728,14686.56896651139,0.0016999994864762117,38.013144134754896
1313,700,Olneya',0,0,0,0,0,0,0,0.0,0.0,0.0,0.0,0.0,0.0,0.0,0.0
1313,700,Ostrya',0,0,0,0,0,0,0,0.0,0.0,0.0,0.0,0.0,0.0,0.0,0.0
1313,700,Oxydendron',0,0,0,0,0,0,0,0.0,0.0,0.0,0.0,0.0,0.0,0.0,0.0
1313,700,Paulownia',0,137,12,0,0,0,0,9.964956283569336,5.150951862335205,47.00526809862143,0.2895956047929782,184.1428078699112,2028.1353791427707,0.0010858731865179788,11.943038982827513
1313,700,Persea',0,21,0,0,0,0,0,3.034271240234375,3.149289131164551,5.920890198945999,0.015300807319772338,26.54774376511574,593.625597080454,0.00014451895472158936,3.231542067946859
1313,700,Picea',0,0,0,0,0,0,0,0.0,0.0,0.0,0.0,0.0,0.0,0.0,0.0
1313,700,Pinus',0,844,2084,1882,273,77,19,136.86045837402344,33.00345230102539,2216.1003813414272,361.5814631666552,624118.621489584,1283207.1690547122,1.4189406178673545,2864.385292137121
1313,700,Planera',0,0,0,0,0,0,0,0.0,0.0,0.0,0.0,0.0,0.0,0.0,0.0
1313,700,Platanus',0,0,0,0,0,0,0,0.0,0.0,0.0,0.0,0.0,0.0,0.0,0.0
1313,700,Populus',0,146,87,0,0,0,0,13.380741119384766,7.6376051902771,109.85576299266724,1.2519877129976755,932.0068448525667,9337.304935618286,0.0036525610284376636,31.742158194714882
1313,700,Prosopis',0,0,0,0,0,0,0,0.0,0.0,0.0,0.0,0.0,0.0,0.0,0.0
1313,700,Prunus',0,0,0,0,0,0,0,0.0,0.0,0.0,0.0,0.0,0.0,0.0,0.0
1313,700,Pseudotsuga',0,0,0,0,0,0,0,0.0,0.0,0.0,0.0,0.0,0.0,0.0,0.0
1313,700,Quercus',0,0,108,0,0,0,0,20.449066162109375,11.67959976196289,63.295850420865825,2.105016817062915,2590.8580596345664,31176.196895103596,0.006668641262933583,77.85720774600959
1313,700,Robinia',0,0,0,0,0,0,0,0.0,0.0,0.0,0.0,0.0,0.0,0.0,0.0
1313,700,Salix',0,298,0,0,0,0,0,7.751061916351318,5.790336608886719,84.5188851979903,0.40575558631205266,359.7010138133168,3196.200010281792,0.0020160318914013986,16.10930945913376
1313,700,Sassafras',0,0,0,0,0,0,0,0.0,0.0,0.0,0.0,0.0,0.0,0.0,0.0
1313,700,Sequoia',0,0,0,0,0,0,0,0.0,0.0,0.0,0.0,0.0,0.0,0.0,0.0
1313,700,Sequoiadendron',0,0,0,0,0,0,0,0.0,0.0,0.0,0.0,0.0,0.0,0.0,0.0
1313,700,Sorbus',0,0,0,0,0,0,0,0.0,0.0,0.0,0.0,0.0,0.0,0.0,0.0
1313,700,Taxodium',0,37,62,0,16,0,9,118.86023712158203,21.648033142089844,75.61258832110634,14.76373855937183,19761.493949642183,246855.45861477085,0.04500291580725417,556.7081746633711
1313,700,Taxus',0,0,0,0,0,0,0,0.0,0.0,0.0,0.0,0.0,0.0,0.0,0.0
1313,700,Thuja',0,0,0,0,0,0,0,0.0,0.0,0.0,0.0,0.0,0.0,0.0,0.0
1313,700,Tilia',0,0,0,0,0,0,0,0.0,0.0,0.0,0.0,0.0,0.0,0.0,0.0
1313,700,Torreya',0,27,0,0,0,0,0,7.521320819854736,5.925012111663818,13.934936556816101,0.12244958629558375,133.19586534023284,2978.3500922267017,0.0004972732337042628,11.119367539538807
1313,700,Tsuga',0,0,0,0,0,0,0,0.0,0.0,0.0,0.0,0.0,0.0,0.0,0.0
1313,700,Ulmus',0,0,0,0,0,0,0,0.0,0.0,0.0,0.0,0.0,0.0,0.0,0.0
1313,700,Umbellularia',0,0,0,0,0,0,0,0.0,0.0,0.0,0.0,0.0,0.0,0.0,0.0
1313,710,Abies',0,0,0,0,0,0,0,0.0,0.0,0.0,0.0,0.0,0.0,0.0,0.0
1313,710,Acer',0,308,384,34,0,0,0,30.883684158325195,17.656993865966797,287.2100654015718,13.320307229906216,18298.730781208127,136459.11339865153,0.04479839451813665,313.9396668997
1313,710,Aesculus',0,0,0,0,0,0,0,0.0,0.0,0.0,0.0,0.0,0.0,0.0,0.0
1313,710,Ailanthus',0,0,0,0,0,0,0,0.0,0.0,0.0,0.0,0.0,0.0,0.0,0.0
1313,710,Alnus',0,0,0,0,0,0,0,0.0,0.0,0.0,0.0,0.0,0.0,0.0,0.0
1313,710,Amelanchier',0,0,0,0,0,0,0,0.0,0.0,0.0,0.0,0.0,0.0,0.0,0.0
1313,710,Arbutus',0,0,0,0,0,0,0,0.0,0.0,0.0,0.0,0.0,0.0,0.0,0.0
1313,710,Asimina',0,0,0,0,0,0,0,0.0,0.0,0.0,0.0,0.0,0.0,0.0,0.0
1313,710,Betula',0,0,0,0,0,0,0,0.0,0.0,0.0,0.0,0.0,0.0,0.0,0.0
1313,710,Calocedrus',0,0,0,0,0,0,0,0.0,0.0,0.0,0.0,0.0,0.0,0.0,0.0
1313,710,Carpinus',0,0,0,0,0,0,0,0.0,0.0,0.0,0.0,0.0,0.0,0.0,0.0
1313,710,Carya',0,34,143,0,0,0,0,25.06262969970703,13.972359657287598,75.27393312676797,3.3306540621709537,4838.178847057224,56070.66237695664,0.011835118357270996,131.1825075839169
1313,710,Castanea',0,0,0,0,0,0,0,0.0,0.0,0.0,0.0,0.0,0.0,0.0,0.0
1313,710,Catalpa',0,0,0,0,0,0,0,0.0,0.0,0.0,0.0,0.0,0.0,0.0,0.0
1313,710,Celtis',0,0,33,0,0,0,0,8.640466690063477,6.258410453796387,11.878095699262014,0.19514058363150819,179.95086151123047,4023.8235894876134,0.0005708825707435607,12.765322353524194
1313,710,Cercis',0,0,0,0,0,0,0,0.0,0.0,0.0,0.0,0.0,0.0,0.0,0.0
1313,710,Cercocarpus',0,0,0,0,0,0,0,0.0,0.0,0.0,0.0,0.0,0.0,0.0,0.0
1313,710,Chamaecyparis',0,0,0,0,0,0,0,0.0,0.0,0.0,0.0,0.0,0.0,0.0,0.0
1313,710,Chilopsis',0,0,0,0,0,0,0,0.0,0.0,0.0,0.0,0.0,0.0,0.0,0.0
1313,710,Chrysolepis',0,0,0,0,0,0,0,0.0,0.0,0.0,0.0,0.0,0.0,0.0,0.0
1313,710,Cladrastis',0,0,0,0,0,0,0,0.0,0.0,0.0,0.0,0.0,0.0,0.0,0.0
1313,710,Comus',0,0,0,0,0,0,0,0.0,0.0,0.0,0.0,0.0,0.0,0.0,0.0
1313,710,Cornus',0,0,0,0,0,0,0,0.0,0.0,0.0,0.0,0.0,0.0,0.0,0.0
1313,710,Crataegus',0,0,0,0,0,0,0,0.0,0.0,0.0,0.0,0.0,0.0,0.0,0.0
1313,710,Cupressus',0,0,0,0,0,0,0,0.0,0.0,0.0,0.0,0.0,0.0,0.0,0.0
1313,710,Diospyros',0,0,16,0,0,0,0,12.78404426574707,7.131078720092773,8.232562102471725,0.21718347194109158,274.418297585249,6136.179676703821,0.0007283307789266108,16.285971317852546
1313,710,Elaeagnus',0,0,0,0,0,0,0,0.0,0.0,0.0,0.0,0.0,0.0,0.0,0.0
1313,710,Fagus',0,0,0,0,0,0,0,0.0,0.0,0.0,0.0,0.0,0.0,0.0,0.0
1313,710,Fraxinus',0,650,363,0,0,0,0,25.287019729614258,13.230712890625,370.9460332735052,10.28147057994308,12515.472065448164,86161.60141923114,0.03315213477312173,203.71934383092645
1313,710,Gleditsia',0,0,0,0,0,0,0,0.0,0.0,0.0,0.0,0.0,0.0,0.0,0.0
1313,710,Gordonia',0,0,0,0,0,0,0,0.0,0.0,0.0,0.0,0.0,0.0,0.0,0.0
1313,710,Gymnocladus',0,0,0,0,0,0,0,0.0,0.0,0.0,0.0,0.0,0.0,0.0,0.0
1313,710,Halesia',0,0,0,0,0,0,0,0.0,0.0,0.0,0.0,0.0,0.0,0.0,0.0
1313,710,Ilex',0,0,0,0,0,0,0,0.0,0.0,0.0,0.0,0.0,0.0,0.0,0.0
1313,710,Juglans',0,0,0,0,0,0,0,0.0,0.0,0.0,0.0,0.0,0.0,0.0,0.0
1313,710,Juniperus',0,0,0,0,0,0,0,0.0,0.0,0.0,0.0,0.0,0.0,0.0,0.0
1313,710,Larix',0,0,0,0,0,0,0,0.0,0.0,0.0,0.0,0.0,0.0,0.0,0.0
1313,710,Liquidambar',0,0,0,0,0,0,0,0.0,0.0,0.0,0.0,0.0,0.0,0.0,0.0
1313,710,Liriodendron',0,1076,1978,272,5,0,0,69.5677719116211,22.366979598999023,1665.6417166234191,82.33553615723176,79519.73054229468,210473.64200262906,0.2006883494256668,494.2808140295407
1313,710,Lithocarpus',0,0,0,0,0,0,0,0.0,0.0,0.0,0.0,0.0,0.0,0.0,0.0
1313,710,Maclura',0,0,0,0,9,0,0,54.99056625366211,15.269888877868652,6.038678552530988,2.3560143810229888,5165.263769063949,115498.80909343761,0.011565294048070916,258.60783671260214
1313,710,Magnolia',0,0,37,0,0,0,0,16.021759033203125,9.438844680786133,10.466604033791565,0.7491796602307101,722.3128166466952,16151.405590413506,0.0017006881285707238,38.028542640110444
1313,710,Malus',0,0,0,0,0,0,0,0.0,0.0,0.0,0.0,0.0,0.0,0.0,0.0
1313,710,Morus',0,0,0,0,0,0,0,0.0,0.0,0.0,0.0,0.0,0.0,0.0,0.0
1313,710,Nyssa',0,0,75,0,0,0,0,19.71589469909668,10.862360954284668,31.7576265089874,1.3741316495672182,1414.6887829053403,26796.656895327695,0.0036009215799867778,64.90912010494641
1313,710,Olneya',0,0,0,0,0,0,0,0.0,0.0,0.0,0.0,0.0,0.0,0.0,0.0
1313,710,Ostrya',0,0,0,0,0,0,0,0.0,0.0,0.0,0.0,0.0,0.0,0.0,0.0
1313,710,Oxydendron',0,0,0,0,0,0,0,0.0,0.0,0.0,0.0,0.0,0.0,0.0,0.0
1313,710,Paulownia',0,127,0,0,0,0,0,7.342672824859619,4.217325210571289,27.141762953015817,0.2395150504967718,135.98030253887177,1893.3916382684138,0.0006928992006639069,8.964891556337772
1313,710,Persea',0,0,21,0,0,0,0,12.17468547821045,7.735439300537109,12.656985483169555,0.24633212061063137,279.9988187503815,6260.963923454961,0.0008050426979213972,18.001301973420894
1313,710,Picea',0,0,0,0,0,0,0,0.0,0.0,0.0,0.0,0.0,0.0,0.0,0.0
1313,710,Pinus',0,931,2158,1750,264,57,25,135.5904541015625,32.94120407104492,2213.761968987882,362.13744128325845,628033.3023018304,1285005.522345242,1.427606127354915,2870.040679453956
1313,710,Planera',0,0,0,0,0,0,0,0.0,0.0,0.0,0.0,0.0,0.0,0.0,0.0
1313,710,Platanus',0,16,0,0,0,0,0,1.195696473121643,1.6568373441696167,1.9230763166199754,0.0018010930143056362,8.263309359848499,184.77321447731276,4.60466618868522e-05,1.0296346611594929
1313,710,Populus',0,154,130,0,0,0,0,24.217422485351562,9.554606437683105,107.71744188770086,2.041171305560181,1542.5897056648137,16910.884236606635,0.004978629522761325,45.09315338012872
1313,710,Prosopis',0,0,0,0,0,0,0,0.0,0.0,0.0,0.0,0.0,0.0,0.0,0.0
1313,710,Prunus',0,0,0,0,0,0,0,0.0,0.0,0.0,0.0,0.0,0.0,0.0,0.0
1313,710,Pseudotsuga',0,0,0,0,0,0,0,0.0,0.0,0.0,0.0,0.0,0.0,0.0,0.0
1313,710,Quercus',0,0,108,0,0,0,0,23.934234619140625,13.02890682220459,55.25147753048547,3.3124685770249465,4378.259161689281,50794.585983585144,0.010524840628713263,120.95232225425434
1313,710,Robinia',0,0,0,0,0,0,0,0.0,0.0,0.0,0.0,0.0,0.0,0.0,0.0
1313,710,Salix',0,64,100,0,0,0,0,11.190091133117676,7.550665378570557,71.29963107312781,0.8536958273901214,640.2187283980846,7035.959015159641,0.0024491060136235345,24.3468922985363
1313,710,Sassafras',0,0,0,0,0,0,0,0.0,0.0,0.0,0.0,0.0,0.0,0.0,0.0
1313,710,Sequoia',0,0,0,0,0,0,0,0.0,0.0,0.0,0.0,0.0,0.0,0.0,0.0
1313,710,Sequoiadendron',0,0,0,0,0,0,0,0.0,0.0,0.0,0.0,0.0,0.0,0.0,0.0
1313,710,Sorbus',0,0,0,0,0,0,0,0.0,0.0,0.0,0.0,0.0,0.0,0.0,0.0
1313,710,Taxodium',0,70,62,0,16,0,7,105.84339904785156,20.84734344482422,115.91646733540522,13.985028212724805,17976.64910772562,251855.80790922514,0.041616792354947064,570.7578510650894
1313,710,Taxus',0,0,0,0,0,0,0,0.0,0.0,0.0,0.0,0.0,0.0,0.0,0.0
1313,710,Thuja',0,0,0,0,0,0,0,0.0,0.0,0.0,0.0,0.0,0.0,0.0,0.0
1313,710,Tilia',0,0,0,0,0,0,0,0.0,0.0,0.0,0.0,0.0,0.0,0.0,0.0
1313,710,Torreya',0,0,27,0,0,0,0,15.818037033081055,9.556191444396973,14.756705808639525,0.5415945314215812,594.8825419139862,13301.978023475369,0.001535113639285167,34.32618450628703
1313,710,Tsuga',0,0,0,0,0,0,0,0.0,0.0,0.0,0.0,0.0,0.0,0.0,0.0
1313,710,Ulmus',0,0,0,0,0,0,0,0.0,0.0,0.0,0.0,0.0,0.0,0.0,0.0
1313,710,Umbellularia',0,0,0,0,0,0,0,0.0,0.0,0.0,0.0,0.0,0.0,0.0,0.0
1313,720,Abies',0,0,0,0,0,0,0,0.0,0.0,0.0,0.0,0.0,0.0,0.0,0.0
1313,720,Acer',0,425,291,34,0,0,0,32.926666259765625,18.4092960357666,314.0894868412302,8.776839594158595,12315.74236624889,120578.52524675518,0.03188980868402719,275.05306415095663
1313,720,Aesculus',0,0,0,0,0,0,0,0.0,0.0,0.0,0.0,0.0,0.0,0.0,0.0
1313,720,Ailanthus',0,0,0,0,0,0,0,0.0,0.0,0.0,0.0,0.0,0.0,0.0,0.0
1313,720,Alnus',0,0,0,0,0,0,0,0.0,0.0,0.0,0.0,0.0,0.0,0.0,0.0
1313,720,Amelanchier',0,0,0,0,0,0,0,0.0,0.0,0.0,0.0,0.0,0.0,0.0,0.0
1313,720,Arbutus',0,0,0,0,0,0,0,0.0,0.0,0.0,0.0,0.0,0.0,0.0,0.0
1313,720,Asimina',0,0,0,0,0,0,0,0.0,0.0,0.0,0.0,0.0,0.0,0.0,0.0
1313,720,Betula',0,0,0,0,0,0,0,0.0,0.0,0.0,0.0,0.0,0.0,0.0,0.0
1313,720,Calocedrus',0,0,0,0,0,0,0,0.0,0.0,0.0,0.0,0.0,0.0,0.0,0.0
1313,720,Carpinus',0,0,0,0,0,0,0,0.0,0.0,0.0,0.0,0.0,0.0,0.0,0.0
1313,720,Carya',0,0,129,0,0,0,0,27.947404861450195,14.872387886047363,29.88733425830738,4.170004687971395,6251.875449532867,76472.56763541591,0.014323301569238457,174.42289593735825
1313,720,Castanea',0,0,0,0,0,0,0,0.0,0.0,0.0,0.0,0.0,0.0,0.0,0.0
1313,720,Catalpa',0,51,0,0,0,0,0,7.364428520202637,3.8141536712646484,38.80705395076848,0.09555233972288933,117.11741077661515,1778.5657706895834,0.0008189100260725251,12.770427359853457
1313,720,Celtis',0,0,33,0,0,0,0,14.988966941833496,9.346784591674805,14.660276823405976,0.5872413150191578,614.48099319458,13740.2127166466,0.0015765560512542968,35.252865009432455
1313,720,Cercis',0,0,0,0,0,0,0,0.0,0.0,0.0,0.0,0.0,0.0,0.0,0.0
1313,720,Cercocarpus',0,0,0,0,0,0,0,0.0,0.0,0.0,0.0,0.0,0.0,0.0,0.0
1313,720,Chamaecyparis',0,0,0,0,0,0,0,0.0,0.0,0.0,0.0,0.0,0.0,0.0,0.0
1313,720,Chilopsis',0,0,0,0,0,0,0,0.0,0.0,0.0,0.0,0.0,0.0,0.0,0.0
1313,720,Chrysolepis',0,0,0,0,0,0,0,0.0,0.0,0.0,0.0,0.0,0.0,0.0,0.0
1313,720,Cladrastis',0,0,0,0,0,0,0,0.0,0.0,0.0,0.0,0.0,0.0,0.0,0.0
1313,720,Comus',0,0,0,0,0,0,0,0.0,0.0,0.0,0.0,0.0,0.0,0.0,0.0
1313,720,Cornus',0,0,0,0,0,0,0,0.0,0.0,0.0,0.0,0.0,0.0,0.0,0.0
1313,720,Crataegus',0,0,0,0,0,0,0,0.0,0.0,0.0,0.0,0.0,0.0,0.0,0.0
1313,720,Cupressus',0,0,0,0,0,0,0,0.0,0.0,0.0,0.0,0.0,0.0,0.0,0.0
1313,720,Diospyros',0,0,0,0,0,0,0,0.0,0.0,0.0,0.0,0.0,0.0,0.0,0.0
1313,720,Elaeagnus',0,0,0,0,0,0,0,0.0,0.0,0.0,0.0,0.0,0.0,0.0,0.0
1313,720,Fagus',0,0,0,0,0,0,0,0.0,0.0,0.0,0.0,0.0,0.0,0.0,0.0
1313,720,Fraxinus',0,481,414,4,0,0,0,34.12751388549805,14.187928199768066,342.1968438147414,11.496323849274512,14677.323080950751,101634.7966783287,0.03754238667344411,237.332699071074
1313,720,Gleditsia',0,0,0,0,0,0,0,0.0,0.0,0.0,0.0,0.0,0.0,0.0,0.0
1313,720,Gordonia',0,0,0,0,0,0,0,0.0,0.0,0.0,0.0,0.0,0.0,0.0,0.0
1313,720,Gymnocladus',0,0,0,0,0,0,0,0.0,0.0,0.0,0.0,0.0,0.0,0.0,0.0
1313,720,Halesia',0,0,0,0,0,0,0,0.0,0.0,0.0,0.0,0.0,0.0,0.0,0.0
1313,720,Ilex',0,0,0,0,0,0,0,0.0,0.0,0.0,0.0,0.0,0.0,0.0,0.0
1313,720,Juglans',0,0,0,0,0,0,0,0.0,0.0,0.0,0.0,0.0,0.0,0.0,0.0
1313,720,Juniperus',0,0,0,0,0,0,0,0.0,0.0,0.0,0.0,0.0,0.0,0.0,0.0
1313,720,Larix',0,0,0,0,0,0,0,0.0,0.0,0.0,0.0,0.0,0.0,0.0,0.0
1313,720,Liquidambar',0,0,0,0,0,0,0,0.0,0.0,0.0,0.0,0.0,0.0,0.0,0.0
1313,720,Liriodendron',0,1181,1860,395,29,0,0,87.51849365234375,25.246116638183594,1519.6934937730523,92.28921821849598,92474.5106204699,256478.06052064325,0.22737574496860224,589.9783951795804
1313,720,Lithocarpus',0,0,0,0,0,0,0,0.0,0.0,0.0,0.0,0.0,0.0,0.0,0.0
1313,720,Maclura',0,0,0,0,9,0,0,58.74169921875,15.587166786193848,10.32387051401259,2.6884041918453248,5994.295174446106,134036.51487260452,0.013469273274421668,301.18210649127957
1313,720,Magnolia',0,0,37,0,0,0,0,19.754051208496094,11.038185119628906,22.3930203311051,1.1388799236322316,1221.020150232315,27302.840578164643,0.002917801316618912,65.24402088798277
1313,720,Malus',0,0,0,0,0,0,0,0.0,0.0,0.0,0.0,0.0,0.0,0.0,0.0
1313,720,Morus',0,0,0,0,0,0,0,0.0,0.0,0.0,0.0,0.0,0.0,0.0,0.0
1313,720,Nyssa',0,24,0,0,0,0,0,1.4987232685089111,2.098006248474121,0.193784449579595,0.000785594199856389,3.263600499331951,59.64753838140627,1.0042080448474733e-05,0.16021198496799882
1313,720,Olneya',0,0,0,0,0,0,0,0.0,0.0,0.0,0.0,0.0,0.0,0.0,0.0
1313,720,Ostrya',0,0,0,0,0,0,0,0.0,0.0,0.0,0.0,0.0,0.0,0.0,0.0
1313,720,Oxydendron',0,0,0,0,0,0,0,0.0,0.0,0.0,0.0,0.0,0.0,0.0,0.0
1313,720,Paulownia',0,67,36,0,0,0,0,14.684264183044434,6.702293395996094,19.834208722356,0.6432559577909785,329.66974067509176,6953.539774451803,0.001018123833095173,21.83274203324997
1313,720,Persea',0,32,21,0,0,0,0,20.019765853881836,10.719691276550293,17.547602144181727,0.6690093946011976,864.6937606576085,19148.75909940314,0.0021750068908288622,47.65974628864039
1313,720,Picea',0,0,0,0,0,0,0,0.0,0.0,0.0,0.0,0.0,0.0,0.0,0.0
1313,720,Pinus',0,1250,2353,1518,263,97,23,125.79193115234375,32.40700149536133,2264.782238633931,358.08809295403915,606975.7750251954,1127469.5735175186,1.3815485816503632,2518.3296657804026
1313,720,Planera',0,0,0,0,0,0,0,0.0,0.0,0.0,0.0,0.0,0.0,0.0,0.0
1313,720,Platanus',0,29,0,0,0,0,0,4.5513811111450195,2.6385598182678223,15.681049533282652,0.031003071301424958,51.190112564563755,917.4364235203201,0.0003394932213276641,6.147456253906039
1313,720,Populus',0,117,82,0,0,0,0,23.026451110839844,9.199652671813965,79.21148527838007,1.4436962857014533,1060.5628842151166,13625.584330337715,0.0034970997179029923,41.69454216288251
1313,720,Prosopis',0,0,0,0,0,0,0,0.0,0.0,0.0,0.0,0.0,0.0,0.0,0.0
1313,720,Prunus',0,0,0,0,0,0,0,0.0,0.0,0.0,0.0,0.0,0.0,0.0,0.0
1313,720,Pseudotsuga',0,0,0,0,0,0,0,0.0,0.0,0.0,0.0,0.0,0.0,0.0,0.0
1313,720,Quercus',0,32,68,0,0,0,0,26.89362144470215,14.096339225769043,27.73750541047959,3.562800134600089,5263.526584971547,68041.58615218724,0.01209602282466545,154.25841044247682
1313,720,Robinia',0,0,0,0,0,0,0,0.0,0.0,0.0,0.0,0.0,0.0,0.0,0.0
1313,720,Salix',0,113,0,0,0,0,0,4.9576416015625,4.259365558624268,22.803891013034534,0.0812826632748493,79.63992980092765,1001.9926929367714,0.0005052523003445225,6.490440758489493
1313,720,Sassafras',0,0,0,0,0,0,0,0.0,0.0,0.0,0.0,0.0,0.0,0.0,0.0
1313,720,Sequoia',0,0,0,0,0,0,0,0.0,0.0,0.0,0.0,0.0,0.0,0.0,0.0
1313,720,Sequoiadendron',0,0,0,0,0,0,0,0.0,0.0,0.0,0.0,0.0,0.0,0.0,0.0
1313,720,Sorbus',0,0,0,0,0,0,0,0.0,0.0,0.0,0.0,0.0,0.0,0.0,0.0
1313,720,Taxodium',0,0,63,36,16,0,7,109.20523834228516,21.07083511352539,82.30771073246302,16.051963861658926,20491.714122902154,275357.15926444635,0.0467220081665814,618.1254874377516
1313,720,Taxus',0,0,0,0,0,0,0,0.0,0.0,0.0,0.0,0.0,0.0,0.0,0.0
1313,720,Thuja',0,0,0,0,0,0,0,0.0,0.0,0.0,0.0,0.0,0.0,0.0,0.0
1313,720,Tilia',0,0,0,0,0,0,0,0.0,0.0,0.0,0.0,0.0,0.0,0.0,0.0
1313,720,Torreya',0,0,27,0,0,0,0,21.590087890625,11.416420936584473,16.3553475689888,1.0089692142191888,1211.0063456463813,27078.92510048904,0.0029273690315286117,65.45796149725699
1313,720,Tsuga',0,0,0,0,0,0,0,0.0,0.0,0.0,0.0,0.0,0.0,0.0,0.0
1313,720,Ulmus',0,0,0,0,0,0,0,0.0,0.0,0.0,0.0,0.0,0.0,0.0,0.0
1313,720,Umbellularia',0,0,0,0,0,0,0,0.0,0.0,0.0,0.0,0.0,0.0,0.0,0.0
1313,730,Abies',0,0,0,0,0,0,0,0.0,0.0,0.0,0.0,0.0,0.0,0.0,0.0
1313,730,Acer',0,390,258,16,0,0,0,33.980064392089844,18.784757614135742,335.15972611270365,6.876545681342161,9470.454772307277,75006.44274946803,0.025870264959724894,180.81201461585746
1313,730,Aesculus',0,0,0,0,0,0,0,0.0,0.0,0.0,0.0,0.0,0.0,0.0,0.0
1313,730,Ailanthus',0,0,0,0,0,0,0,0.0,0.0,0.0,0.0,0.0,0.0,0.0,0.0
1313,730,Alnus',0,0,0,0,0,0,0,0.0,0.0,0.0,0.0,0.0,0.0,0.0,0.0
1313,730,Amelanchier',0,0,0,0,0,0,0,0.0,0.0,0.0,0.0,0.0,0.0,0.0,0.0
1313,730,Arbutus',0,0,0,0,0,0,0,0.0,0.0,0.0,0.0,0.0,0.0,0.0,0.0
1313,730,Asimina',0,0,0,0,0,0,0,0.0,0.0,0.0,0.0,0.0,0.0,0.0,0.0
1313,730,Betula',0,0,0,0,0,0,0,0.0,0.0,0.0,0.0,0.0,0.0,0.0,0.0
1313,730,Calocedrus',0,0,0,0,0,0,0,0.0,0.0,0.0,0.0,0.0,0.0,0.0,0.0
1313,730,Carpinus',0,0,0,0,0,0,0,0.0,0.0,0.0,0.0,0.0,0.0,0.0,0.0
1313,730,Carya',0,0,65,24,0,0,0,30.341156005859375,15.9024019241333,18.905787513697447,4.156176549155128,6833.629936895669,93129.62518249269,0.015458003446824976,210.34098413293128
1313,730,Castanea',0,0,0,0,0,0,0,0.0,0.0,0.0,0.0,0.0,0.0,0.0,0.0
1313,730,Catalpa',0,0,11,0,0,0,0,22.54015350341797,7.864783763885498,11.844497598424741,0.47085330959833155,347.9477090239525,7780.347299928672,0.000943725238740444,21.10233785905859
1313,730,Celtis',0,0,33,0,0,0,0,19.227521896362305,11.1817045211792,13.81626044647603,0.9663174633139536,1110.9000601959228,24840.48050806721,0.0026675596675873213,59.648447507621
1313,730,Cercis',0,0,0,0,0,0,0,0.0,0.0,0.0,0.0,0.0,0.0,0.0,0.0
1313,730,Cercocarpus',0,0,0,0,0,0,0,0.0,0.0,0.0,0.0,0.0,0.0,0.0,0.0
1313,730,Chamaecyparis',0,0,0,0,0,0,0,0.0,0.0,0.0,0.0,0.0,0.0,0.0,0.0
1313,730,Chilopsis',0,0,0,0,0,0,0,0.0,0.0,0.0,0.0,0.0,0.0,0.0,0.0
1313,730,Chrysolepis',0,0,0,0,0,0,0,0.0,0.0,0.0,0.0,0.0,0.0,0.0,0.0
1313,730,Cladrastis',0,0,0,0,0,0,0,0.0,0.0,0.0,0.0,0.0,0.0,0.0,0.0
1313,730,Comus',0,0,0,0,0,0,0,0.0,0.0,0.0,0.0,0.0,0.0,0.0,0.0
1313,730,Cornus',0,0,0,0,0,0,0,0.0,0.0,0.0,0.0,0.0,0.0,0.0,0.0
1313,730,Crataegus',0,0,0,0,0,0,0,0.0,0.0,0.0,0.0,0.0,0.0,0.0,0.0
1313,730,Cupressus',0,0,0,0,0,0,0,0.0,0.0,0.0,0.0,0.0,0.0,0.0,0.0
1313,730,Diospyros',0,0,0,0,0,0,0,0.0,0.0,0.0,0.0,0.0,0.0,0.0,0.0
1313,730,Elaeagnus',0,0,0,0,0,0,0,0.0,0.0,0.0,0.0,0.0,0.0,0.0,0.0
1313,730,Fagus',0,0,0,0,0,0,0,0.0,0.0,0.0,0.0,0.0,0.0,0.0,0.0
1313,730,Fraxinus',0,567,414,69,0,0,0,29.93558692932129,14.920475006103516,352.0872183270233,12.58259067714108,16597.577872401103,119757.77148377497,0.041951997173427756,277.92950195527965
1313,730,Gleditsia',0,0,0,0,0,0,0,0.0,0.0,0.0,0.0,0.0,0.0,0.0,0.0
1313,730,Gordonia',0,0,0,0,0,0,0,0.0,0.0,0.0,0.0,0.0,0.0,0.0,0.0
1313,730,Gymnocladus',0,0,0,0,0,0,0,0.0,0.0,0.0,0.0,0.0,0.0,0.0,0.0
1313,730,Halesia',0,0,0,0,0,0,0,0.0,0.0,0.0,0.0,0.0,0.0,0.0,0.0
1313,730,Ilex',0,0,0,0,0,0,0,0.0,0.0,0.0,0.0,0.0,0.0,0.0,0.0
1313,730,Juglans',0,0,0,0,0,0,0,0.0,0.0,0.0,0.0,0.0,0.0,0.0,0.0
1313,730,Juniperus',0,0,0,0,0,0,0,0.0,0.0,0.0,0.0,0.0,0.0,0.0,0.0
1313,730,Larix',0,0,0,0,0,0,0,0.0,0.0,0.0,0.0,0.0,0.0,0.0,0.0
1313,730,Liquidambar',0,0,0,0,0,0,0,0.0,0.0,0.0,0.0,0.0,0.0,0.0,0.0
1313,730,Liriodendron',0,1247,1819,285,46,0,0,107.05253601074219,27.669902801513672,1599.2325157893795,93.3326474782632,94427.25033454329,270841.15626433655,0.23286017374377205,626.6691154464584
1313,730,Lithocarpus',0,0,0,0,0,0,0,0.0,0.0,0.0,0.0,0.0,0.0,0.0,0.0
1313,730,Maclura',0,0,0,0,9,0,0,61.0,15.760109901428223,13.382400440264352,2.8990868334738744,6524.086114578247,145883.0004325946,0.014690615701675415,328.49215340271996
1313,730,Magnolia',0,0,0,0,0,0,0,0.0,0.0,0.0,0.0,0.0,0.0,0.0,0.0
1313,730,Malus',0,0,0,0,0,0,0,0.0,0.0,0.0,0.0,0.0,0.0,0.0,0.0
1313,730,Morus',0,0,0,0,0,0,0,0.0,0.0,0.0,0.0,0.0,0.0,0.0,0.0
1313,730,Nyssa',0,0,1,0,0,0,0,15.152551651000977,8.419355392456055,8.480040740363204,0.035344146517587126,58.129468297958375,1299.8144261015527,0.00025125149238109566,5.61815416412402
1313,730,Olneya',0,0,0,0,0,0,0,0.0,0.0,0.0,0.0,0.0,0.0,0.0,0.0
1313,730,Ostrya',0,0,0,0,0,0,0,0.0,0.0,0.0,0.0,0.0,0.0,0.0,0.0
1313,730,Oxydendron',0,0,0,0,0,0,0,0.0,0.0,0.0,0.0,0.0,0.0,0.0,0.0
1313,730,Paulownia',0,38,0,0,0,0,0,3.11984920501709,2.596876621246338,9.330969036002701,0.018698635366139603,20.81243654370308,313.0021762144343,0.00018057434255350403,2.815808248420205
1313,730,Persea',0,0,21,0,0,0,0,25.188295364379883,12.308732986450195,13.170374681949616,1.0543944210559812,1453.3554393792153,32498.01557921023,0.003419917562643691,76.47168147516649
1313,730,Picea',0,0,0,0,0,0,0,0.0,0.0,0.0,0.0,0.0,0.0,0.0,0.0
1313,730,Pinus',0,741,2444,1729,283,77,40,130.91921997070312,32.69889450073242,2218.197324627638,380.0191996215502,653285.8574463826,1175130.0447265462,1.483786977861655,2625.787859224766
1313,730,Planera',0,0,0,0,0,0,0,0.0,0.0,0.0,0.0,0.0,0.0,0.0,0.0
1313,730,Platanus',0,28,16,0,0,0,0,10.041638374328613,4.183828830718994,6.632225481392462,0.13456035284104328,116.4967131793499,2247.3375776474445,0.00035435614767670827,7.106099467621969
1313,730,Populus',0,79,63,0,0,0,0,9.71087646484375,6.717374324798584,64.98056250471102,0.5539286919847118,426.05758697628977,5304.93356153372,0.0018822259394563768,21.097089942456257
1313,730,Prosopis',0,0,0,0,0,0,0,0.0,0.0,0.0,0.0,0.0,0.0,0.0,0.0
1313,730,Prunus',0,0,0,0,0,0,0,0.0,0.0,0.0,0.0,0.0,0.0,0.0,0.0
1313,730,Pseudotsuga',0,0,0,0,0,0,0,0.0,0.0,0.0,0.0,0.0,0.0,0.0,0.0
1313,730,Quercus',0,20,32,45,0,0,0,29.196149826049805,14.880187034606934,31.103324975016744,3.231890635141154,5003.124563747645,76673.45991754677,0.011537531907178421,174.49904092655703
1313,730,Robinia',0,0,0,0,0,0,0,0.0,0.0,0.0,0.0,0.0,0.0,0.0,0.0
1313,730,Salix',0,209,0,0,0,0,0,6.213383197784424,4.9592180252075195,59.162026046763486,0.3203908571108315,259.34217443466184,2631.885722943617,0.0014279861767212817,13.953100346191077
1313,730,Sassafras',0,0,0,0,0,0,0,0.0,0.0,0.0,0.0,0.0,0.0,0.0,0.0
1313,730,Sequoia',0,0,0,0,0,0,0,0.0,0.0,0.0,0.0,0.0,0.0,0.0,0.0
1313,730,Sequoiadendron',0,0,0,0,0,0,0,0.0,0.0,0.0,0.0,0.0,0.0,0.0,0.0
1313,730,Sorbus',0,0,0,0,0,0,0,0.0,0.0,0.0,0.0,0.0,0.0,0.0,0.0
1313,730,Taxodium',0,37,0,25,16,0,0,63.255760192871094,15.870227813720703,52.63854841642742,7.389488748324078,8589.20474369049,154487.87346723487,0.019844883354485077,353.14066711449124
1313,730,Taxus',0,0,0,0,0,0,0,0.0,0.0,0.0,0.0,0.0,0.0,0.0,0.0
1313,730,Thuja',0,0,0,0,0,0,0,0.0,0.0,0.0,0.0,0.0,0.0,0.0,0.0
1313,730,Tilia',0,0,0,0,0,0,0,0.0,0.0,0.0,0.0,0.0,0.0,0.0,0.0
1313,730,Torreya',0,37,27,0,0,0,0,26.077083587646484,12.574406623840332,19.35745378732681,1.5021249277699191,1898.444965929985,41385.78870737464,0.004498374482123182,94.74389384387521
1313,730,Tsuga',0,0,0,0,0,0,0,0.0,0.0,0.0,0.0,0.0,0.0,0.0,0.0
1313,730,Ulmus',0,0,0,0,0,0,0,0.0,0.0,0.0,0.0,0.0,0.0,0.0,0.0
1313,730,Umbellularia',0,0,0,0,0,0,0,0.0,0.0,0.0,0.0,0.0,0.0,0.0,0.0
1313,740,Abies',0,0,0,0,0,0,0,0.0,0.0,0.0,0.0,0.0,0.0,0.0,0.0
1313,740,Acer',0,428,261,28,0,0,0,42.94999694824219,21.66645050048828,300.2839340908523,9.147439951030178,12790.005545570702,87831.81713333636,0.03274498899619307,209.00569667246717
1313,740,Aesculus',0,0,0,0,0,0,0,0.0,0.0,0.0,0.0,0.0,0.0,0.0,0.0
1313,740,Ailanthus',0,0,0,0,0,0,0,0.0,0.0,0.0,0.0,0.0,0.0,0.0,0.0
1313,740,Alnus',0,0,0,0,0,0,0,0.0,0.0,0.0,0.0,0.0,0.0,0.0,0.0
1313,740,Amelanchier',0,0,0,0,0,0,0,0.0,0.0,0.0,0.0,0.0,0.0,0.0,0.0
1313,740,Arbutus',0,0,0,0,0,0,0,0.0,0.0,0.0,0.0,0.0,0.0,0.0,0.0
1313,740,Asimina',0,0,0,0,0,0,0,0.0,0.0,0.0,0.0,0.0,0.0,0.0,0.0
1313,740,Betula',0,0,0,0,0,0,0,0.0,0.0,0.0,0.0,0.0,0.0,0.0,0.0
1313,740,Calocedrus',0,0,0,0,0,0,0,0.0,0.0,0.0,0.0,0.0,0.0,0.0,0.0
1313,740,Carpinus',0,0,0,0,0,0,0,0.0,0.0,0.0,0.0,0.0,0.0,0.0,0.0
1313,740,Carya',0,26,65,24,0,0,0,32.28895950317383,16.75639533996582,43.05362866837766,4.9422595876527025,8394.553975826502,111450.26871267645,0.019274345264680755,251.4980180715133
1313,740,Castanea',0,0,0,0,0,0,0,0.0,0.0,0.0,0.0,0.0,0.0,0.0,0.0
1313,740,Catalpa',0,0,8,0,0,0,0,17.810121536254883,6.744991779327393,17.034327191642568,0.21425062564628902,166.34296033382415,3719.5416688498603,0.0006148696315288519,13.748902933987658
1313,740,Celtis',0,37,56,0,0,0,0,22.439180374145508,12.4627046585083,28.866228054784518,1.5987328434304307,1875.5887789589167,36180.03463005647,0.004583520477231569,83.29706085861586
1313,740,Cercis',0,0,0,0,0,0,0,0.0,0.0,0.0,0.0,0.0,0.0,0.0,0.0
1313,740,Cercocarpus',0,0,0,0,0,0,0,0.0,0.0,0.0,0.0,0.0,0.0,0.0,0.0
1313,740,Chamaecyparis',0,0,0,0,0,0,0,0.0,0.0,0.0,0.0,0.0,0.0,0.0,0.0
1313,740,Chilopsis',0,0,0,0,0,0,0,0.0,0.0,0.0,0.0,0.0,0.0,0.0,0.0
1313,740,Chrysolepis',0,0,0,0,0,0,0,0.0,0.0,0.0,0.0,0.0,0.0,0.0,0.0
1313,740,Cladrastis',0,0,0,0,0,0,0,0.0,0.0,0.0,0.0,0.0,0.0,0.0,0.0
1313,740,Comus',0,0,0,0,0,0,0,0.0,0.0,0.0,0.0,0.0,0.0,0.0,0.0
1313,740,Cornus',0,0,0,0,0,0,0,0.0,0.0,0.0,0.0,0.0,0.0,0.0,0.0
1313,740,Crataegus',0,0,0,0,0,0,0,0.0,0.0,0.0,0.0,0.0,0.0,0.0,0.0
1313,740,Cupressus',0,0,0,0,0,0,0,0.0,0.0,0.0,0.0,0.0,0.0,0.0,0.0
1313,740,Diospyros',0,0,0,0,0,0,0,0.0,0.0,0.0,0.0,0.0,0.0,0.0,0.0
1313,740,Elaeagnus',0,0,0,0,0,0,0,0.0,0.0,0.0,0.0,0.0,0.0,0.0,0.0
1313,740,Fagus',0,0,0,0,0,0,0,0.0,0.0,0.0,0.0,0.0,0.0,0.0,0.0
1313,740,Fraxinus',0,692,473,95,0,0,0,33.90110778808594,16.26047706604004,451.9718953582776,18.18366690498234,24718.719055994898,159842.97167086854,0.06143687329067682,366.2064274121628
1313,740,Gleditsia',0,0,0,0,0,0,0,0.0,0.0,0.0,0.0,0.0,0.0,0.0,0.0
1313,740,Gordonia',0,10,0,0,0,0,0,0.9702330231666565,2.1076743602752686,0.0,0.000807355158315711,1.2701876226067543,28.402258683275225,2.8226390469353644e-06,0.063116127848927
1313,740,Gymnocladus',0,0,0,0,0,0,0,0.0,0.0,0.0,0.0,0.0,0.0,0.0,0.0
1313,740,Halesia',0,0,0,0,0,0,0,0.0,0.0,0.0,0.0,0.0,0.0,0.0,0.0
1313,740,Ilex',0,0,0,0,0,0,0,0.0,0.0,0.0,0.0,0.0,0.0,0.0,0.0
1313,740,Juglans',0,0,0,0,0,0,0,0.0,0.0,0.0,0.0,0.0,0.0,0.0,0.0
1313,740,Juniperus',0,0,0,0,0,0,0,0.0,0.0,0.0,0.0,0.0,0.0,0.0,0.0
1313,740,Larix',0,0,0,0,0,0,0,0.0,0.0,0.0,0.0,0.0,0.0,0.0,0.0
1313,740,Liquidambar',0,0,0,0,0,0,0,0.0,0.0,0.0,0.0,0.0,0.0,0.0,0.0
1313,740,Liriodendron',0,1393,1520,406,49,5,0,69.59672546386719,22.37221908569336,1552.0590350056607,92.65148763509539,97199.11710221626,297041.96295666427,0.23834079228505906,678.2709733958228
1313,740,Lithocarpus',0,0,0,0,0,0,0,0.0,0.0,0.0,0.0,0.0,0.0,0.0,0.0
1313,740,Maclura',0,9,0,0,0,0,0,6.18255615234375,4.37656307220459,5.552998343600502,0.02978089137198111,47.07692125320435,1052.671960935696,0.00018455387425422674,4.126750083433991
1313,740,Magnolia',0,0,0,0,0,0,0,0.0,0.0,0.0,0.0,0.0,0.0,0.0,0.0
1313,740,Malus',0,0,0,0,0,0,0,0.0,0.0,0.0,0.0,0.0,0.0,0.0,0.0
1313,740,Morus',0,0,0,0,0,0,0,0.0,0.0,0.0,0.0,0.0,0.0,0.0,0.0
1313,740,Nyssa',0,0,0,1,0,0,0,31.529544830322266,14.142251014709473,13.972859141192856,0.15303168320393298,239.27115673065185,5350.265715047426,0.000732860757112503,16.387264709455135
1313,740,Olneya',0,0,0,0,0,0,0,0.0,0.0,0.0,0.0,0.0,0.0,0.0,0.0
1313,740,Ostrya',0,0,0,0,0,0,0,0.0,0.0,0.0,0.0,0.0,0.0,0.0,0.0
1313,740,Oxydendron',0,0,0,0,0,0,0,0.0,0.0,0.0,0.0,0.0,0.0,0.0,0.0
1313,740,Paulownia',0,53,0,0,0,0,0,6.967594623565674,4.079361438751221,14.933013734938223,0.08388731661048845,54.6075542229414,1148.2275310812797,0.00033631914837099834,7.354896135075903
1313,740,Persea',0,0,0,21,0,0,0,29.144990921020508,13.35710620880127,15.325169491767882,1.4116706762024234,2056.249240231514,45979.13079839907,0.004790806308388709,107.1256857259201
1313,740,Picea',0,0,0,0,0,0,0,0.0,0.0,0.0,0.0,0.0,0.0,0.0,0.0
1313,740,Pinus',0,835,2204,1837,272,52,51,136.07566833496094,32.96516418457031,2110.021674570441,385.2018750988869,666312.7822582987,1180307.0082865115,1.5111731617277258,2636.527977536868
1313,740,Planera',0,0,0,0,0,0,0,0.0,0.0,0.0,0.0,0.0,0.0,0.0,0.0
1313,740,Platanus',0,28,16,0,0,0,0,16.018999099731445,5.783830642700195,44.592102215259885,0.3873316564300794,356.9291511964798,6266.134559130168,0.0014351039791703202,22.890518745638087
1313,740,Populus',0,61,72,0,0,0,0,18.117786407470703,7.684812545776367,57.86509477639499,1.2162421573633606,866.609428768158,11921.984318971865,0.002758798925966016,34.25497136928003
1313,740,Prosopis',0,0,0,0,0,0,0,0.0,0.0,0.0,0.0,0.0,0.0,0.0,0.0
1313,740,Prunus',0,0,0,0,0,0,0,0.0,0.0,0.0,0.0,0.0,0.0,0.0,0.0
1313,740,Pseudotsuga',0,0,0,0,0,0,0,0.0,0.0,0.0,0.0,0.0,0.0,0.0,0.0
1313,740,Quercus',0,0,52,45,0,0,0,31.91042137145996,15.75473690032959,63.67384492407871,4.065397961623032,6395.640337399244,92903.78996690873,0.014959948292687476,210.50601424811757
1313,740,Robinia',0,0,0,0,0,0,0,0.0,0.0,0.0,0.0,0.0,0.0,0.0,0.0
1313,740,Salix',0,193,36,0,0,0,0,10.903672218322754,7.40907621383667,65.98113094798371,0.4652112528046273,384.5806091117859,5652.1386590411585,0.0018044585964351425,20.511045079384086
1313,740,Sassafras',0,0,0,0,0,0,0,0.0,0.0,0.0,0.0,0.0,0.0,0.0,0.0
1313,740,Sequoia',0,0,0,0,0,0,0,0.0,0.0,0.0,0.0,0.0,0.0,0.0,0.0
1313,740,Sequoiadendron',0,0,0,0,0,0,0,0.0,0.0,0.0,0.0,0.0,0.0,0.0,0.0
1313,740,Sorbus',0,0,0,0,0,0,0,0.0,0.0,0.0,0.0,0.0,0.0,0.0,0.0
1313,740,Taxodium',0,0,74,0,16,0,0,65.66217041015625,16.28074836730957,45.66366283199454,6.58997118198385,7936.4317440223695,163809.99095167706,0.018293868303477862,368.53835981368553
1313,740,Taxus',0,0,0,0,0,0,0,0.0,0.0,0.0,0.0,0.0,0.0,0.0,0.0
1313,740,Thuja',0,0,0,0,0,0,0,0.0,0.0,0.0,0.0,0.0,0.0,0.0,0.0
1313,740,Tilia',0,0,0,0,0,0,0,0.0,0.0,0.0,0.0,0.0,0.0,0.0,0.0
1313,740,Torreya',0,0,37,27,0,0,0,29.949480056762695,13.408652305603027,10.581335214674473,2.132635764808773,2714.3689330998063,57112.14564998058,0.006184772449249993,129.37466104766446
1313,740,Tsuga',0,0,0,0,0,0,0,0.0,0.0,0.0,0.0,0.0,0.0,0.0,0.0
1313,740,Ulmus',0,0,0,0,0,0,0,0.0,0.0,0.0,0.0,0.0,0.0,0.0,0.0
1313,740,Umbellularia',0,0,0,0,0,0,0,0.0,0.0,0.0,0.0,0.0,0.0,0.0,0.0
1313,750,Abies',0,0,0,0,0,0,0,0.0,0.0,0.0,0.0,0.0,0.0,0.0,0.0
1313,750,Acer',0,338,367,26,5,0,0,50.53435516357422,23.713075637817383,283.93350742639427,9.410664340951556,13413.33604683444,97489.55953791337,0.033894794125645944,228.99199372644588
1313,750,Aesculus',0,0,0,0,0,0,0,0.0,0.0,0.0,0.0,0.0,0.0,0.0,0.0
1313,750,Ailanthus',0,0,0,0,0,0,0,0.0,0.0,0.0,0.0,0.0,0.0,0.0,0.0
1313,750,Alnus',0,0,0,0,0,0,0,0.0,0.0,0.0,0.0,0.0,0.0,0.0,0.0
1313,750,Amelanchier',0,0,0,0,0,0,0,0.0,0.0,0.0,0.0,0.0,0.0,0.0,0.0
1313,750,Arbutus',0,0,0,0,0,0,0,0.0,0.0,0.0,0.0,0.0,0.0,0.0,0.0
1313,750,Asimina',0,0,0,0,0,0,0,0.0,0.0,0.0,0.0,0.0,0.0,0.0,0.0
1313,750,Betula',0,0,0,0,0,0,0,0.0,0.0,0.0,0.0,0.0,0.0,0.0,0.0
1313,750,Calocedrus',0,0,0,0,0,0,0,0.0,0.0,0.0,0.0,0.0,0.0,0.0,0.0
1313,750,Carpinus',0,0,0,0,0,0,0,0.0,0.0,0.0,0.0,0.0,0.0,0.0,0.0
1313,750,Carya',0,54,37,24,0,0,0,34.24130630493164,17.442214965820312,14.74139265810387,4.180176670199589,7734.714788943529,122428.62029563038,0.0174004650732669,274.73985067756644
1313,750,Castanea',0,0,0,0,0,0,0,0.0,0.0,0.0,0.0,0.0,0.0,0.0,0.0
1313,750,Catalpa',0,0,0,0,0,0,0,0.0,0.0,0.0,0.0,0.0,0.0,0.0,0.0
1313,750,Celtis',0,0,33,0,0,0,0,24.8725643157959,13.374893188476562,6.116149153890488,1.6170160256917763,2074.330718765259,46383.444949752185,0.004697669321060244,105.04307937706076
1313,750,Cercis',0,0,0,0,0,0,0,0.0,0.0,0.0,0.0,0.0,0.0,0.0,0.0
1313,750,Cercocarpus',0,0,0,0,0,0,0,0.0,0.0,0.0,0.0,0.0,0.0,0.0,0.0
1313,750,Chamaecyparis',0,0,0,0,0,0,0,0.0,0.0,0.0,0.0,0.0,0.0,0.0,0.0
1313,750,Chilopsis',0,0,0,0,0,0,0,0.0,0.0,0.0,0.0,0.0,0.0,0.0,0.0
1313,750,Chrysolepis',0,0,0,0,0,0,0,0.0,0.0,0.0,0.0,0.0,0.0,0.0,0.0
1313,750,Cladrastis',0,0,0,0,0,0,0,0.0,0.0,0.0,0.0,0.0,0.0,0.0,0.0
1313,750,Comus',0,0,0,0,0,0,0,0.0,0.0,0.0,0.0,0.0,0.0,0.0,0.0
1313,750,Cornus',0,0,0,0,0,0,0,0.0,0.0,0.0,0.0,0.0,0.0,0.0,0.0
1313,750,Crataegus',0,0,0,0,0,0,0,0.0,0.0,0.0,0.0,0.0,0.0,0.0,0.0
1313,750,Cupressus',0,0,0,0,0,0,0,0.0,0.0,0.0,0.0,0.0,0.0,0.0,0.0
1313,750,Diospyros',0,79,0,0,0,0,0,3.201876163482666,2.8641040325164795,13.10571085048627,0.03591751581745758,75.0403246498108,1424.4657291326898,0.0003554202648997264,7.348538978021583
1313,750,Elaeagnus',0,0,0,0,0,0,0,0.0,0.0,0.0,0.0,0.0,0.0,0.0,0.0
1313,750,Fagus',0,0,0,0,0,0,0,0.0,0.0,0.0,0.0,0.0,0.0,0.0,0.0
1313,750,Fraxinus',0,371,743,95,0,0,0,37.28895568847656,17.33612632751465,408.82987281944173,24.09824712090933,32613.185267618894,198499.0764173379,0.07835907752068971,453.85002159293947
1313,750,Gleditsia',0,0,0,0,0,0,0,0.0,0.0,0.0,0.0,0.0,0.0,0.0,0.0
1313,750,Gordonia',0,0,0,0,0,0,0,0.0,0.0,0.0,0.0,0.0,0.0,0.0,0.0
1313,750,Gymnocladus',0,0,0,0,0,0,0,0.0,0.0,0.0,0.0,0.0,0.0,0.0,0.0
1313,750,Halesia',0,0,0,0,0,0,0,0.0,0.0,0.0,0.0,0.0,0.0,0.0,0.0
1313,750,Ilex',0,0,0,0,0,0,0,0.0,0.0,0.0,0.0,0.0,0.0,0.0,0.0
1313,750,Juglans',0,0,0,0,0,0,0,0.0,0.0,0.0,0.0,0.0,0.0,0.0,0.0
1313,750,Juniperus',0,0,0,0,0,0,0,0.0,0.0,0.0,0.0,0.0,0.0,0.0,0.0
1313,750,Larix',0,0,0,0,0,0,0,0.0,0.0,0.0,0.0,0.0,0.0,0.0,0.0
1313,750,Liquidambar',0,0,0,0,0,0,0,0.0,0.0,0.0,0.0,0.0,0.0,0.0,0.0
1313,750,Liriodendron',0,1194,1614,436,35,5,0,75.37199401855469,23.376537322998047,1455.245875447894,92.52528444230839,95887.28531710416,290988.63923968247,0.23403192856409397,665.2157660082107
1313,750,Lithocarpus',0,0,0,0,0,0,0,0.0,0.0,0.0,0.0,0.0,0.0,0.0,0.0
1313,750,Maclura',0,30,0,0,0,0,0,3.4272518157958984,3.082498073577881,11.935925664781013,0.027749792733659424,59.41052871704102,1328.4598079050666,0.00030384767445921487,6.794240548960305
1313,750,Magnolia',0,6,0,0,0,0,0,6.412022113800049,4.8242082595825195,2.3583601924437505,0.019632856108485804,16.863361144065856,377.07621847259895,5.900334378083555e-05,1.3193548759373754
1313,750,Malus',0,0,0,0,0,0,0,0.0,0.0,0.0,0.0,0.0,0.0,0.0,0.0
1313,750,Morus',0,0,0,0,0,0,0,0.0,0.0,0.0,0.0,0.0,0.0,0.0,0.0
1313,750,Nyssa',0,0,34,1,0,0,0,47.13125991821289,18.17629051208496,28.820573348033275,0.5558575462218641,755.7187788391113,13264.888959705499,0.002094263285517681,35.344283348776024
1313,750,Olneya',0,0,0,0,0,0,0,0.0,0.0,0.0,0.0,0.0,0.0,0.0,0.0
1313,750,Ostrya',0,0,0,0,0,0,0,0.0,0.0,0.0,0.0,0.0,0.0,0.0,0.0
1313,750,Oxydendron',0,0,0,0,0,0,0,0.0,0.0,0.0,0.0,0.0,0.0,0.0,0.0
1313,750,Paulownia',0,12,0,0,0,0,0,0.8809589147567749,1.675193428993225,0.7998563726491564,0.0007607041335213032,2.1391062104701994,47.83186897703301,1.626794625073671e-05,0.36376233670960667
1313,750,Persea',0,0,0,21,0,0,0,32.33940505981445,14.110501289367676,13.386765909194946,1.7380793380730906,2621.008867044449,58607.539963410905,0.006017828455766037,134.56273504025592
1313,750,Picea',0,0,0,0,0,0,0,0.0,0.0,0.0,0.0,0.0,0.0,0.0,0.0
1313,750,Pinus',0,882,2410,1805,285,51,41,126.95002746582031,32.475433349609375,2184.515239327252,395.65151263276283,685457.6339764813,1203361.79709365,1.5547932950964476,2686.6878414036814
1313,750,Planera',0,0,0,0,0,0,0,0.0,0.0,0.0,0.0,0.0,0.0,0.0,0.0
1313,750,Platanus',0,7,44,0,0,0,0,21.937685012817383,7.287708282470703,44.192425014474715,0.8000984547539046,701.3949103844166,12077.43830084397,0.002194829845339056,33.86301359314836
1313,750,Populus',0,112,73,0,0,0,0,23.24645233154297,9.265583992004395,62.91878261426581,2.317760380946416,1714.1265699261428,22661.837246910112,0.0047149211087990205,56.57454221639071
1313,750,Prosopis',0,0,0,0,0,0,0,0.0,0.0,0.0,0.0,0.0,0.0,0.0,0.0
1313,750,Prunus',0,0,0,0,0,0,0,0.0,0.0,0.0,0.0,0.0,0.0,0.0,0.0
1313,750,Pseudotsuga',0,0,0,0,0,0,0,0.0,0.0,0.0,0.0,0.0,0.0,0.0,0.0
1313,750,Quercus',0,0,20,25,0,0,0,32.573726654052734,15.960650444030762,55.91514877880675,2.590843145078651,4185.942178349495,79609.7235914114,0.009871894380211877,182.4092658789294
1313,750,Robinia',0,0,0,0,0,0,0,0.0,0.0,0.0,0.0,0.0,0.0,0.0,0.0
1313,750,Salix',0,68,11,0,0,0,0,13.702781677246094,8.755365371704102,28.944944381077264,0.19929372768462275,182.03765812583268,3179.7728617379066,0.0008212066718650731,12.137543347262756
1313,750,Sassafras',0,0,0,0,0,0,0,0.0,0.0,0.0,0.0,0.0,0.0,0.0,0.0
1313,750,Sequoia',0,0,0,0,0,0,0,0.0,0.0,0.0,0.0,0.0,0.0,0.0,0.0
1313,750,Sequoiadendron',0,0,0,0,0,0,0,0.0,0.0,0.0,0.0,0.0,0.0,0.0,0.0
1313,750,Sorbus',0,0,0,0,0,0,0,0.0,0.0,0.0,0.0,0.0,0.0,0.0,0.0
1313,750,Taxodium',0,0,36,0,16,0,0,67.84305572509766,16.645395278930664,40.42875661125666,6.818874456660263,8474.351986751557,178210.0573190293,0.019413888332247706,403.28773973000347
1313,750,Taxus',0,0,0,0,0,0,0,0.0,0.0,0.0,0.0,0.0,0.0,0.0,0.0
1313,750,Thuja',0,0,0,0,0,0,0,0.0,0.0,0.0,0.0,0.0,0.0,0.0,0.0
1313,750,Tilia',0,0,0,0,0,0,0,0.0,0.0,0.0,0.0,0.0,0.0,0.0,0.0
1313,750,Torreya',0,0,37,0,0,0,0,12.507312774658203,8.260680198669434,4.295278090238571,0.4644187040781973,451.1507111728192,10088.036582797962,0.0010646000332385458,23.805180431699263
1313,750,Tsuga',0,0,0,0,0,0,0,0.0,0.0,0.0,0.0,0.0,0.0,0.0,0.0
1313,750,Ulmus',0,0,0,0,0,0,0,0.0,0.0,0.0,0.0,0.0,0.0,0.0,0.0
1313,750,Umbellularia',0,0,0,0,0,0,0,0.0,0.0,0.0,0.0,0.0,0.0,0.0,0.0
1313,760,Abies',0,0,0,0,0,0,0,0.0,0.0,0.0,0.0,0.0,0.0,0.0,0.0
1313,760,Acer',0,359,256,26,5,0,0,57.585487365722656,25.344318389892578,269.97745208677986,11.408578796994414,17423.781772583425,133776.20054423105,0.04260599012897066,308.3213533753353
1313,760,Aesculus',0,0,0,0,0,0,0,0.0,0.0,0.0,0.0,0.0,0.0,0.0,0.0
1313,760,Ailanthus',0,0,0,0,0,0,0,0.0,0.0,0.0,0.0,0.0,0.0,0.0,0.0
1313,760,Alnus',0,0,0,0,0,0,0,0.0,0.0,0.0,0.0,0.0,0.0,0.0,0.0
1313,760,Amelanchier',0,0,0,0,0,0,0,0.0,0.0,0.0,0.0,0.0,0.0,0.0,0.0
1313,760,Arbutus',0,0,0,0,0,0,0,0.0,0.0,0.0,0.0,0.0,0.0,0.0,0.0
1313,760,Asimina',0,0,0,0,0,0,0,0.0,0.0,0.0,0.0,0.0,0.0,0.0,0.0
1313,760,Betula',0,0,0,0,0,0,0,0.0,0.0,0.0,0.0,0.0,0.0,0.0,0.0
1313,760,Calocedrus',0,0,0,0,0,0,0,0.0,0.0,0.0,0.0,0.0,0.0,0.0,0.0
1313,760,Carpinus',0,0,0,0,0,0,0,0.0,0.0,0.0,0.0,0.0,0.0,0.0,0.0
1313,760,Carya',0,103,92,24,0,0,0,35.73215103149414,17.97165298461914,81.0610588932339,5.257649851820064,9467.48272165537,137324.87287465826,0.02220577005061902,310.3427325865957
1313,760,Castanea',0,0,0,0,0,0,0,0.0,0.0,0.0,0.0,0.0,0.0,0.0,0.0
1313,760,Catalpa',0,0,0,0,0,0,0,0.0,0.0,0.0,0.0,0.0,0.0,0.0,0.0
1313,760,Celtis',0,0,33,0,0,0,0,26.713489532470703,14.033329963684082,3.566271956962875,1.8652388157192663,2473.7846846580505,55315.507165933144,0.005548637822628053,124.07131353922853
1313,760,Cercis',0,0,0,0,0,0,0,0.0,0.0,0.0,0.0,0.0,0.0,0.0,0.0
1313,760,Cercocarpus',0,0,0,0,0,0,0,0.0,0.0,0.0,0.0,0.0,0.0,0.0,0.0
1313,760,Chamaecyparis',0,0,0,0,0,0,0,0.0,0.0,0.0,0.0,0.0,0.0,0.0,0.0
1313,760,Chilopsis',0,0,0,0,0,0,0,0.0,0.0,0.0,0.0,0.0,0.0,0.0,0.0
1313,760,Chrysolepis',0,0,0,0,0,0,0,0.0,0.0,0.0,0.0,0.0,0.0,0.0,0.0
1313,760,Cladrastis',0,0,0,0,0,0,0,0.0,0.0,0.0,0.0,0.0,0.0,0.0,0.0
1313,760,Comus',0,0,0,0,0,0,0,0.0,0.0,0.0,0.0,0.0,0.0,0.0,0.0
1313,760,Cornus',0,0,0,0,0,0,0,0.0,0.0,0.0,0.0,0.0,0.0,0.0,0.0
1313,760,Crataegus',0,0,0,0,0,0,0,0.0,0.0,0.0,0.0,0.0,0.0,0.0,0.0
1313,760,Cupressus',0,0,0,0,0,0,0,0.0,0.0,0.0,0.0,0.0,0.0,0.0,0.0
1313,760,Diospyros',0,0,0,0,0,0,0,0.0,0.0,0.0,0.0,0.0,0.0,0.0,0.0
1313,760,Elaeagnus',0,0,0,0,0,0,0,0.0,0.0,0.0,0.0,0.0,0.0,0.0,0.0
1313,760,Fagus',0,0,0,0,0,0,0,0.0,0.0,0.0,0.0,0.0,0.0,0.0,0.0
1313,760,Fraxinus',0,811,548,52,0,0,0,40.40483474731445,18.272409439086914,460.2816560146504,22.622222102040247,30898.891351829694,204525.6808091854,0.07529021283072072,465.6307513355268
1313,760,Gleditsia',0,0,0,0,0,0,0,0.0,0.0,0.0,0.0,0.0,0.0,0.0,0.0
1313,760,Gordonia',0,0,0,0,0,0,0,0.0,0.0,0.0,0.0,0.0,0.0,0.0,0.0
1313,760,Gymnocladus',0,0,0,0,0,0,0,0.0,0.0,0.0,0.0,0.0,0.0,0.0,0.0
1313,760,Halesia',0,0,0,0,0,0,0,0.0,0.0,0.0,0.0,0.0,0.0,0.0,0.0
1313,760,Ilex',0,0,0,0,0,0,0,0.0,0.0,0.0,0.0,0.0,0.0,0.0,0.0
1313,760,Juglans',0,0,0,0,0,0,0,0.0,0.0,0.0,0.0,0.0,0.0,0.0,0.0
1313,760,Juniperus',0,0,0,0,0,0,0,0.0,0.0,0.0,0.0,0.0,0.0,0.0,0.0
1313,760,Larix',0,0,0,0,0,0,0,0.0,0.0,0.0,0.0,0.0,0.0,0.0,0.0
1313,760,Liquidambar',0,0,0,0,0,0,0,0.0,0.0,0.0,0.0,0.0,0.0,0.0,0.0
1313,760,Liriodendron',0,1168,1633,503,50,5,0,79.90866088867188,24.111507415771484,1712.3029629936839,99.1109393189288,103701.86548065924,301121.99552795745,0.2550981405364929,689.6349772368491
1313,760,Lithocarpus',0,0,0,0,0,0,0,0.0,0.0,0.0,0.0,0.0,0.0,0.0,0.0
1313,760,Maclura',0,0,30,0,0,0,0,10.97287368774414,6.364896774291992,6.414532314372968,0.2844516603767857,376.26096623420716,8413.45097779438,0.0009284762089252552,20.7613591864817
1313,760,Magnolia',0,0,0,0,0,0,0,0.0,0.0,0.0,0.0,0.0,0.0,0.0,0.0
1313,760,Malus',0,0,0,0,0,0,0,0.0,0.0,0.0,0.0,0.0,0.0,0.0,0.0
1313,760,Morus',0,0,0,0,0,0,0,0.0,0.0,0.0,0.0,0.0,0.0,0.0,0.0
1313,760,Nyssa',0,0,34,0,0,0,0,14.99985408782959,9.253020286560059,14.247314914872375,0.6050589735138916,589.6711768054962,13185.448357093772,0.001515478308200836,33.88712515563482
1313,760,Olneya',0,0,0,0,0,0,0,0.0,0.0,0.0,0.0,0.0,0.0,0.0,0.0
1313,760,Ostrya',0,0,0,0,0,0,0,0.0,0.0,0.0,0.0,0.0,0.0,0.0,0.0
1313,760,Oxydendron',0,0,0,0,0,0,0,0.0,0.0,0.0,0.0,0.0,0.0,0.0,0.0
1313,760,Paulownia',0,44,20,0,0,0,0,8.370255470275879,4.589561462402344,32.63802298828016,0.216418115727895,127.86478211700917,1744.5575515120524,0.0007539864232505259,9.804526663406458
1313,760,Persea',0,4,0,21,0,0,0,35.26861572265625,14.735892295837402,10.47704912662506,2.0688192643882473,3208.0989930844307,71666.38207903963,0.007280444075085841,162.4146749571669
1313,760,Picea',0,0,0,0,0,0,0,0.0,0.0,0.0,0.0,0.0,0.0,0.0,0.0
1313,760,Pinus',0,726,2653,1814,229,52,30,134.0382080078125,32.86305618286133,2154.073386418819,382.5717910181719,660787.6566117906,1198972.7643768983,1.4995314123649324,2678.1898976251014
1313,760,Planera',0,0,0,0,0,0,0,0.0,0.0,0.0,0.0,0.0,0.0,0.0,0.0
1313,760,Platanus',0,0,28,16,0,0,0,28.43821144104004,8.85203742980957,53.417202894446206,1.3973236156235613,1280.5023147463799,22578.87017426231,0.0036145310459733317,60.1196499947224
1313,760,Populus',0,107,16,0,0,0,0,26.53915023803711,10.232882499694824,18.515126779675484,0.916620367506384,767.7413185232878,16027.902889973711,0.0019726274323905776,37.50156190383467
1313,760,Prosopis',0,0,0,0,0,0,0,0.0,0.0,0.0,0.0,0.0,0.0,0.0,0.0
1313,760,Prunus',0,0,0,0,0,0,0,0.0,0.0,0.0,0.0,0.0,0.0,0.0,0.0
1313,760,Pseudotsuga',0,0,0,0,0,0,0,0.0,0.0,0.0,0.0,0.0,0.0,0.0,0.0
1313,760,Quercus',0,0,0,0,0,0,0,0.0,0.0,0.0,0.0,0.0,0.0,0.0,0.0
1313,760,Robinia',0,0,0,0,0,0,0,0.0,0.0,0.0,0.0,0.0,0.0,0.0,0.0
1313,760,Salix',0,40,11,0,0,0,0,24.67677879333496,13.303289413452148,16.405265552899504,0.5524504957134602,538.8123198491335,11621.16821306176,0.0014335236347825196,30.055421952091116
1313,760,Sassafras',0,0,0,0,0,0,0,0.0,0.0,0.0,0.0,0.0,0.0,0.0,0.0
1313,760,Sequoia',0,0,0,0,0,0,0,0.0,0.0,0.0,0.0,0.0,0.0,0.0,0.0
1313,760,Sequoiadendron',0,0,0,0,0,0,0,0.0,0.0,0.0,0.0,0.0,0.0,0.0,0.0
1313,760,Sorbus',0,0,0,0,0,0,0,0.0,0.0,0.0,0.0,0.0,0.0,0.0,0.0
1313,760,Taxodium',0,37,36,0,0,16,0,69.60137176513672,16.934358596801758,62.01344404039503,7.708101870693238,9493.582911367417,190986.82767548674,0.021989567744433784,434.869503566008
1313,760,Taxus',0,0,0,0,0,0,0,0.0,0.0,0.0,0.0,0.0,0.0,0.0,0.0
1313,760,Thuja',0,0,0,0,0,0,0,0.0,0.0,0.0,0.0,0.0,0.0,0.0,0.0
1313,760,Tilia',0,0,0,0,0,0,0,0.0,0.0,0.0,0.0,0.0,0.0,0.0,0.0
1313,760,Torreya',0,68,37,0,0,0,0,16.503904342651367,9.80222225189209,18.058961741924286,0.8430389733849994,916.6039429831505,19533.09700183296,0.002297749286901247,46.818461919046044
1313,760,Tsuga',0,0,0,0,0,0,0,0.0,0.0,0.0,0.0,0.0,0.0,0.0,0.0
1313,760,Ulmus',0,0,0,0,0,0,0,0.0,0.0,0.0,0.0,0.0,0.0,0.0,0.0
1313,760,Umbellularia',0,0,0,0,0,0,0,0.0,0.0,0.0,0.0,0.0,0.0,0.0,0.0
1313,770,Abies',0,0,0,0,0,0,0,0.0,0.0,0.0,0.0,0.0,0.0,0.0,0.0
1313,770,Acer',0,320,233,17,0,0,0,45.29486846923828,22.334388732910156,247.4724952678514,7.498773862118485,10966.596011520029,112759.0667607635,0.02793271698332196,260.10329256679717
1313,770,Aesculus',0,0,0,0,0,0,0,0.0,0.0,0.0,0.0,0.0,0.0,0.0,0.0
1313,770,Ailanthus',0,0,0,0,0,0,0,0.0,0.0,0.0,0.0,0.0,0.0,0.0,0.0
1313,770,Alnus',0,0,0,0,0,0,0,0.0,0.0,0.0,0.0,0.0,0.0,0.0,0.0
1313,770,Amelanchier',0,0,0,0,0,0,0,0.0,0.0,0.0,0.0,0.0,0.0,0.0,0.0
1313,770,Arbutus',0,0,0,0,0,0,0,0.0,0.0,0.0,0.0,0.0,0.0,0.0,0.0
1313,770,Asimina',0,0,0,0,0,0,0,0.0,0.0,0.0,0.0,0.0,0.0,0.0,0.0
1313,770,Betula',0,0,0,0,0,0,0,0.0,0.0,0.0,0.0,0.0,0.0,0.0,0.0
1313,770,Calocedrus',0,0,0,0,0,0,0,0.0,0.0,0.0,0.0,0.0,0.0,0.0,0.0
1313,770,Carpinus',0,0,0,0,0,0,0,0.0,0.0,0.0,0.0,0.0,0.0,0.0,0.0
1313,770,Carya',0,32,120,24,0,0,0,37.221134185791016,17.25373649597168,71.28576761370971,4.528866960372619,7515.212330821752,118135.75810736959,0.01772666970160431,265.7908481084035
1313,770,Castanea',0,0,0,0,0,0,0,0.0,0.0,0.0,0.0,0.0,0.0,0.0,0.0
1313,770,Catalpa',0,0,0,0,0,0,0,0.0,0.0,0.0,0.0,0.0,0.0,0.0,0.0
1313,770,Celtis',0,34,36,33,0,0,0,28.489227294921875,14.643730163574219,31.819318895098526,2.3865863871371635,3160.866255464554,65257.246538439955,0.007482204081602282,148.41223299746434
1313,770,Cercis',0,0,0,0,0,0,0,0.0,0.0,0.0,0.0,0.0,0.0,0.0,0.0
1313,770,Cercocarpus',0,0,0,0,0,0,0,0.0,0.0,0.0,0.0,0.0,0.0,0.0,0.0
1313,770,Chamaecyparis',0,0,0,0,0,0,0,0.0,0.0,0.0,0.0,0.0,0.0,0.0,0.0
1313,770,Chilopsis',0,0,0,0,0,0,0,0.0,0.0,0.0,0.0,0.0,0.0,0.0,0.0
1313,770,Chrysolepis',0,0,0,0,0,0,0,0.0,0.0,0.0,0.0,0.0,0.0,0.0,0.0
1313,770,Cladrastis',0,0,0,0,0,0,0,0.0,0.0,0.0,0.0,0.0,0.0,0.0,0.0
1313,770,Comus',0,0,0,0,0,0,0,0.0,0.0,0.0,0.0,0.0,0.0,0.0,0.0
1313,770,Cornus',0,0,0,0,0,0,0,0.0,0.0,0.0,0.0,0.0,0.0,0.0,0.0
1313,770,Crataegus',0,0,0,0,0,0,0,0.0,0.0,0.0,0.0,0.0,0.0,0.0,0.0
1313,770,Cupressus',0,0,0,0,0,0,0,0.0,0.0,0.0,0.0,0.0,0.0,0.0,0.0
1313,770,Diospyros',0,2,0,0,0,0,0,0.5,1.5490899085998535,0.0,5.576326960121877e-05,0.5343319600820542,11.948025852941747,1.1874043627176434e-06,0.02655116871816464
1313,770,Elaeagnus',0,0,0,0,0,0,0,0.0,0.0,0.0,0.0,0.0,0.0,0.0,0.0
1313,770,Fagus',0,0,0,0,0,0,0,0.0,0.0,0.0,0.0,0.0,0.0,0.0,0.0
1313,770,Fraxinus',0,563,558,91,0,0,0,43.14728927612305,19.05658721923828,442.320514990229,21.844561260332494,29986.729686998875,197251.89618632366,0.07300462742894394,449.0584089640266
1313,770,Gleditsia',0,18,0,0,0,0,0,6.17842960357666,4.93999719619751,11.478896090124225,0.054565416534570824,74.8672789156437,1674.0832494581687,0.00033161681707948265,7.415177454718497
1313,770,Gordonia',0,35,0,0,0,0,0,3.054757595062256,3.7327029705047607,3.8296732425689695,0.025798000769910866,24.944982767105103,557.7867716480775,0.00011075079945226338,2.476463161377072
1313,770,Gymnocladus',0,0,0,0,0,0,0,0.0,0.0,0.0,0.0,0.0,0.0,0.0,0.0
1313,770,Halesia',0,0,0,0,0,0,0,0.0,0.0,0.0,0.0,0.0,0.0,0.0,0.0
1313,770,Ilex',0,0,0,0,0,0,0,0.0,0.0,0.0,0.0,0.0,0.0,0.0,0.0
1313,770,Juglans',0,0,0,0,0,0,0,0.0,0.0,0.0,0.0,0.0,0.0,0.0,0.0
1313,770,Juniperus',0,0,0,0,0,0,0,0.0,0.0,0.0,0.0,0.0,0.0,0.0,0.0
1313,770,Larix',0,0,0,0,0,0,0,0.0,0.0,0.0,0.0,0.0,0.0,0.0,0.0
1313,770,Liquidambar',0,0,0,0,0,0,0,0.0,0.0,0.0,0.0,0.0,0.0,0.0,0.0
1313,770,Liriodendron',0,1343,1796,435,44,5,0,82.88603973388672,24.5695858001709,1618.7663671709124,100.74421444692378,105046.25798120767,309251.9164968403,0.2567391691567147,707.0903422485983
1313,770,Lithocarpus',0,0,0,0,0,0,0,0.0,0.0,0.0,0.0,0.0,0.0,0.0,0.0
1313,770,Maclura',0,0,30,0,0,0,0,16.873062133789062,8.419698715209961,8.309404563300216,0.672597927592962,1001.0448810863495,22384.044026372634,0.0023441627519130994,52.41707263600653
1313,770,Magnolia',0,0,0,0,0,0,0,0.0,0.0,0.0,0.0,0.0,0.0,0.0,0.0
1313,770,Malus',0,0,0,0,0,0,0,0.0,0.0,0.0,0.0,0.0,0.0,0.0,0.0
1313,770,Morus',0,0,0,0,0,0,0,0.0,0.0,0.0,0.0,0.0,0.0,0.0,0.0
1313,770,Nyssa',0,16,34,0,0,0,0,19.750337600708008,10.87295150756836,22.98227197761777,1.0797664299242784,1147.8911656332016,24746.25987856173,0.0028817119153774842,59.006035895714746
1313,770,Olneya',0,0,0,0,0,0,0,0.0,0.0,0.0,0.0,0.0,0.0,0.0,0.0
1313,770,Ostrya',0,0,0,0,0,0,0,0.0,0.0,0.0,0.0,0.0,0.0,0.0,0.0
1313,770,Oxydendron',0,0,0,0,0,0,0,0.0,0.0,0.0,0.0,0.0,0.0,0.0,0.0
1313,770,Paulownia',0,47,71,0,0,0,0,17.138168334960938,7.447964191436768,39.42565941357914,0.8181266793507023,425.82611689448356,6081.351969124342,0.0015138345238594367,19.575925174765672
1313,770,Persea',0,8,4,21,0,0,0,37.741615295410156,15.21947193145752,24.853001438379287,2.4797821808591123,3962.6819724428656,83937.09683131683,0.009164947629499839,188.62440863206203
1313,770,Picea',0,0,0,0,0,0,0,0.0,0.0,0.0,0.0,0.0,0.0,0.0,0.0
1313,770,Pinus',0,1024,2643,1868,309,22,42,135.9095458984375,32.95698547363281,2364.332407681346,389.4395562515751,664777.3817741364,1184517.87312891,1.5114345386694796,2647.096252993818
1313,770,Planera',0,0,0,0,0,0,0,0.0,0.0,0.0,0.0,0.0,0.0,0.0,0.0
1313,770,Platanus',0,23,0,0,0,0,0,1.1020517349243164,1.6290252208709717,2.6323507136747804,0.002285497024818471,11.66381493896246,260.81083080497484,6.381373909860794e-05,1.4269185852292408
1313,770,Populus',0,10,0,0,0,0,0,2.5,2.2612552642822266,0.0,0.0053603424651875505,6.127130055427552,137.00679310917974,1.3615843607112764e-05,0.3044595187651001
1313,770,Prosopis',0,0,0,0,0,0,0,0.0,0.0,0.0,0.0,0.0,0.0,0.0,0.0
1313,770,Prunus',0,24,0,0,0,0,0,1.2808384895324707,1.9344699382781982,2.1456051914940906,0.0031387440675035645,7.464579372704029,166.91306900808627,4.747513217758388e-05,1.0615762278986587
1313,770,Pseudotsuga',0,0,0,0,0,0,0,0.0,0.0,0.0,0.0,0.0,0.0,0.0,0.0
1313,770,Quercus',0,0,0,0,0,0,0,0.0,0.0,0.0,0.0,0.0,0.0,0.0,0.0
1313,770,Robinia',0,0,0,0,0,0,0,0.0,0.0,0.0,0.0,0.0,0.0,0.0,0.0
1313,770,Salix',0,53,16,0,0,0,0,11.67282485961914,7.787295818328857,21.547325552688743,0.20187320036434217,162.90960231795907,3051.809512343506,0.0006722070670262908,10.961729841102684
1313,770,Sassafras',0,0,0,0,0,0,0,0.0,0.0,0.0,0.0,0.0,0.0,0.0,0.0
1313,770,Sequoia',0,0,0,0,0,0,0,0.0,0.0,0.0,0.0,0.0,0.0,0.0,0.0
1313,770,Sequoiadendron',0,0,0,0,0,0,0,0.0,0.0,0.0,0.0,0.0,0.0,0.0,0.0
1313,770,Sorbus',0,0,0,0,0,0,0,0.0,0.0,0.0,0.0,0.0,0.0,0.0,0.0
1313,770,Taxodium',0,26,86,0,0,16,0,71.66476440429688,17.267831802368164,64.47361875183974,9.004470812533388,10881.986058511735,205934.7805452505,0.025110324963569484,462.9387920684053
1313,770,Taxus',0,0,0,0,0,0,0,0.0,0.0,0.0,0.0,0.0,0.0,0.0,0.0
1313,770,Thuja',0,0,0,0,0,0,0,0.0,0.0,0.0,0.0,0.0,0.0,0.0,0.0
1313,770,Tilia',0,0,0,0,0,0,0,0.0,0.0,0.0,0.0,0.0,0.0,0.0,0.0
1313,770,Torreya',0,32,73,0,0,0,0,19.656871795654297,10.8441743850708,39.35155586838722,1.4912783158290834,1679.9234844267369,30256.561540169743,0.004301574613491683,73.21157204099424
1313,770,Tsuga',0,0,0,0,0,0,0,0.0,0.0,0.0,0.0,0.0,0.0,0.0,0.0
1313,770,Ulmus',0,0,0,0,0,0,0,0.0,0.0,0.0,0.0,0.0,0.0,0.0,0.0
1313,770,Umbellularia',0,0,0,0,0,0,0,0.0,0.0,0.0,0.0,0.0,0.0,0.0,0.0
1313,780,Abies',0,0,0,0,0,0,0,0.0,0.0,0.0,0.0,0.0,0.0,0.0,0.0
1313,780,Acer',0,416,241,42,0,0,0,39.73998260498047,20.697021484375,251.39360317842488,7.26957785064341,9888.93206367582,97929.97232698454,0.02559435594529239,226.4476162536029
1313,780,Aesculus',0,0,0,0,0,0,0,0.0,0.0,0.0,0.0,0.0,0.0,0.0,0.0
1313,780,Ailanthus',0,0,0,0,0,0,0,0.0,0.0,0.0,0.0,0.0,0.0,0.0,0.0
1313,780,Alnus',0,0,0,0,0,0,0,0.0,0.0,0.0,0.0,0.0,0.0,0.0,0.0
1313,780,Amelanchier',0,0,0,0,0,0,0,0.0,0.0,0.0,0.0,0.0,0.0,0.0,0.0
1313,780,Arbutus',0,0,0,0,0,0,0,0.0,0.0,0.0,0.0,0.0,0.0,0.0,0.0
1313,780,Asimina',0,0,0,0,0,0,0,0.0,0.0,0.0,0.0,0.0,0.0,0.0,0.0
1313,780,Betula',0,0,0,0,0,0,0,0.0,0.0,0.0,0.0,0.0,0.0,0.0,0.0
1313,780,Calocedrus',0,0,0,0,0,0,0,0.0,0.0,0.0,0.0,0.0,0.0,0.0,0.0
1313,780,Carpinus',0,0,0,0,0,0,0,0.0,0.0,0.0,0.0,0.0,0.0,0.0,0.0
1313,780,Carya',0,32,107,24,0,0,0,38.727447509765625,17.577007293701172,62.546996363922005,5.946938790120614,9907.122554065585,135142.54121896916,0.02291622675207628,304.973500638637
1313,780,Castanea',0,0,0,0,0,0,0,0.0,0.0,0.0,0.0,0.0,0.0,0.0,0.0
1313,780,Catalpa',0,0,0,0,0,0,0,0.0,0.0,0.0,0.0,0.0,0.0,0.0,0.0
1313,780,Celtis',0,52,34,0,0,0,0,11.472770690917969,7.689535617828369,26.614119008395676,0.4430846706388203,446.99740005590024,7815.275510989726,0.0013764526263359024,21.87562170204619
1313,780,Cercis',0,0,0,0,0,0,0,0.0,0.0,0.0,0.0,0.0,0.0,0.0,0.0
1313,780,Cercocarpus',0,0,0,0,0,0,0,0.0,0.0,0.0,0.0,0.0,0.0,0.0,0.0
1313,780,Chamaecyparis',0,0,0,0,0,0,0,0.0,0.0,0.0,0.0,0.0,0.0,0.0,0.0
1313,780,Chilopsis',0,0,0,0,0,0,0,0.0,0.0,0.0,0.0,0.0,0.0,0.0,0.0
1313,780,Chrysolepis',0,0,0,0,0,0,0,0.0,0.0,0.0,0.0,0.0,0.0,0.0,0.0
1313,780,Cladrastis',0,0,0,0,0,0,0,0.0,0.0,0.0,0.0,0.0,0.0,0.0,0.0
1313,780,Comus',0,0,0,0,0,0,0,0.0,0.0,0.0,0.0,0.0,0.0,0.0,0.0
1313,780,Cornus',0,0,0,0,0,0,0,0.0,0.0,0.0,0.0,0.0,0.0,0.0,0.0
1313,780,Crataegus',0,0,0,0,0,0,0,0.0,0.0,0.0,0.0,0.0,0.0,0.0,0.0
1313,780,Cupressus',0,0,0,0,0,0,0,0.0,0.0,0.0,0.0,0.0,0.0,0.0,0.0
1313,780,Diospyros',0,0,0,0,0,0,0,0.0,0.0,0.0,0.0,0.0,0.0,0.0,0.0
1313,780,Elaeagnus',0,0,0,0,0,0,0,0.0,0.0,0.0,0.0,0.0,0.0,0.0,0.0
1313,780,Fagus',0,0,0,0,0,0,0,0.0,0.0,0.0,0.0,0.0,0.0,0.0,0.0
1313,780,Fraxinus',0,415,490,121,0,0,0,31.22001075744629,15.364387512207031,374.3676801844016,20.31913068526187,27709.57745210156,189349.90994506067,0.06696606986124734,432.1003918798733
1313,780,Gleditsia',0,26,18,0,0,0,0,12.591002464294434,8.230513572692871,16.621287689556045,0.2475240159125843,308.7619548451901,6142.533665704873,0.0009254103652983954,16.64088312755592
1313,780,Gordonia',0,0,35,0,0,0,0,10.130633354187012,8.275744438171387,18.40864963531494,0.2837303150741139,286.1225259780884,6397.89417980956,0.0009017305326461874,20.163307683839662
1313,780,Gymnocladus',0,0,0,0,0,0,0,0.0,0.0,0.0,0.0,0.0,0.0,0.0,0.0
1313,780,Halesia',0,0,0,0,0,0,0,0.0,0.0,0.0,0.0,0.0,0.0,0.0,0.0
1313,780,Ilex',0,0,0,0,0,0,0,0.0,0.0,0.0,0.0,0.0,0.0,0.0,0.0
1313,780,Juglans',0,0,0,0,0,0,0,0.0,0.0,0.0,0.0,0.0,0.0,0.0,0.0
1313,780,Juniperus',0,5,0,0,0,0,0,2.4073145389556885,3.1727161407470703,1.1537081509828566,0.002639876150398914,3.9981765538454055,89.40194560444196,2.5549509910245696e-05,0.5713044095111371
1313,780,Larix',0,0,0,0,0,0,0,0.0,0.0,0.0,0.0,0.0,0.0,0.0,0.0
1313,780,Liquidambar',0,0,0,0,0,0,0,0.0,0.0,0.0,0.0,0.0,0.0,0.0,0.0
1313,780,Liriodendron',0,1378,1845,394,10,12,0,87.22447967529297,25.204444885253906,1583.5223491987376,98.30192980180362,101736.1917238976,298574.29506741016,0.24887611101638302,683.1385166164575
1313,780,Lithocarpus',0,0,0,0,0,0,0,0.0,0.0,0.0,0.0,0.0,0.0,0.0,0.0
1313,780,Maclura',0,0,30,0,0,0,0,21.48932456970215,9.770901679992676,14.856254601780371,1.0909710947115214,1774.5224610137939,39679.528504270624,0.00415724739074707,92.95887764994049
1313,780,Magnolia',0,0,0,0,0,0,0,0.0,0.0,0.0,0.0,0.0,0.0,0.0,0.0
1313,780,Malus',0,0,0,0,0,0,0,0.0,0.0,0.0,0.0,0.0,0.0,0.0,0.0
1313,780,Morus',0,0,0,0,0,0,0,0.0,0.0,0.0,0.0,0.0,0.0,0.0,0.0
1313,780,Nyssa',0,56,0,0,0,0,0,7.990332126617432,4.978420257568359,32.1223376578168,0.12526369846092808,147.0119116294384,2378.2205122121713,0.0007891120287962233,12.499295534393314
1313,780,Olneya',0,0,0,0,0,0,0,0.0,0.0,0.0,0.0,0.0,0.0,0.0,0.0
1313,780,Ostrya',0,0,0,0,0,0,0,0.0,0.0,0.0,0.0,0.0,0.0,0.0,0.0
1313,780,Oxydendron',0,0,0,0,0,0,0,0.0,0.0,0.0,0.0,0.0,0.0,0.0,0.0
1313,780,Paulownia',0,40,20,0,0,0,0,26.244369506835938,9.890817642211914,31.69969316524795,1.1514614671150634,692.210004324913,14821.740109230119,0.0019945790715515683,38.83094159725574
1313,780,Persea',0,0,8,25,0,0,0,40.19422912597656,15.662185668945312,45.621537195444105,3.2950795006393583,5338.746887460947,98846.88609869088,0.012522860047300752,224.18320980091917
1313,780,Picea',0,0,0,0,0,0,0,0.0,0.0,0.0,0.0,0.0,0.0,0.0,0.0
1313,780,Pinus',0,910,2869,1843,235,31,39,135.11805725097656,32.91766357421875,2197.68904142946,381.08575291449864,643920.5897243759,1189454.418119781,1.4626790400583753,2657.1462347166967
1313,780,Planera',0,38,0,0,0,0,0,1.3051289319992065,2.04878568649292,0.0,0.005089055931106465,8.705206559300423,194.654336247729,1.9344904390163717e-05,0.4325652123463997
1313,780,Platanus',0,23,0,0,0,0,0,4.38010835647583,2.589148759841919,17.2883982673476,0.03610325873708978,55.10875862121582,1232.269304326655,0.00037134000859782515,8.30341501990087
1313,780,Populus',0,125,19,0,0,0,0,12.600893020629883,5.878108501434326,81.50104446690293,0.47033487735792856,388.90229037880897,3543.12288396329,0.0020374801199808724,17.53850495987491
1313,780,Prosopis',0,0,0,0,0,0,0,0.0,0.0,0.0,0.0,0.0,0.0,0.0,0.0
1313,780,Prunus',0,24,0,0,0,0,0,6.939902305603027,4.599991798400879,17.886702237249928,0.09214544654750413,93.2702553319931,2085.586312010997,0.000464756248623136,10.392265648891044
1313,780,Pseudotsuga',0,0,0,0,0,0,0,0.0,0.0,0.0,0.0,0.0,0.0,0.0,0.0
1313,780,Quercus',0,11,0,0,0,0,0,1.4323723316192627,2.0648138523101807,0.0,0.0019078904341045715,3.2759288692474366,73.25199641091272,7.279841527342796e-06,0.1627822052056444
1313,780,Robinia',0,0,0,0,0,0,0,0.0,0.0,0.0,0.0,0.0,0.0,0.0,0.0
1313,780,Salix',0,84,0,0,0,0,0,5.092426300048828,4.335411548614502,12.546090979270542,0.06708429601499914,54.462710674703125,658.3125499089417,0.00030163619836978445,3.5655244937856985
1313,780,Sassafras',0,0,0,0,0,0,0,0.0,0.0,0.0,0.0,0.0,0.0,0.0,0.0
1313,780,Sequoia',0,0,0,0,0,0,0,0.0,0.0,0.0,0.0,0.0,0.0,0.0,0.0
1313,780,Sequoiadendron',0,0,0,0,0,0,0,0.0,0.0,0.0,0.0,0.0,0.0,0.0,0.0
1313,780,Sorbus',0,0,0,0,0,0,0,0.0,0.0,0.0,0.0,0.0,0.0,0.0,0.0
1313,780,Taxodium',0,27,74,0,0,16,0,73.63912200927734,17.581323623657227,75.68842643423925,10.118020722123482,12238.095188350679,222169.55858879548,0.02828534567046155,501.5773011244934
1313,780,Taxus',0,0,0,0,0,0,0,0.0,0.0,0.0,0.0,0.0,0.0,0.0,0.0
1313,780,Thuja',0,0,0,0,0,0,0,0.0,0.0,0.0,0.0,0.0,0.0,0.0,0.0
1313,780,Tilia',0,0,0,0,0,0,0,0.0,0.0,0.0,0.0,0.0,0.0,0.0,0.0
1313,780,Torreya',0,38,36,0,0,0,0,16.07282257080078,9.648436546325684,10.524575023651122,0.756016191115893,804.7079427909852,17489.490856474436,0.0019402615004579242,41.50654713146352
1313,780,Tsuga',0,0,0,0,0,0,0,0.0,0.0,0.0,0.0,0.0,0.0,0.0,0.0
1313,780,Ulmus',0,0,0,0,0,0,0,0.0,0.0,0.0,0.0,0.0,0.0,0.0,0.0
1313,780,Umbellularia',0,0,0,0,0,0,0,0.0,0.0,0.0,0.0,0.0,0.0,0.0,0.0
1313,790,Abies',0,0,0,0,0,0,0,0.0,0.0,0.0,0.0,0.0,0.0,0.0,0.0
1313,790,Acer',0,352,236,37,0,0,0,31.322845458984375,17.82144546508789,257.0318283529692,8.824149800292886,12022.264005285651,118957.92858766374,0.030416258681590588,272.8841890803653
1313,790,Aesculus',0,0,0,0,0,0,0,0.0,0.0,0.0,0.0,0.0,0.0,0.0,0.0
1313,790,Ailanthus',0,0,0,0,0,0,0,0.0,0.0,0.0,0.0,0.0,0.0,0.0,0.0
1313,790,Alnus',0,0,0,0,0,0,0,0.0,0.0,0.0,0.0,0.0,0.0,0.0,0.0
1313,790,Amelanchier',0,0,0,0,0,0,0,0.0,0.0,0.0,0.0,0.0,0.0,0.0,0.0
1313,790,Arbutus',0,0,0,0,0,0,0,0.0,0.0,0.0,0.0,0.0,0.0,0.0,0.0
1313,790,Asimina',0,0,0,0,0,0,0,0.0,0.0,0.0,0.0,0.0,0.0,0.0,0.0
1313,790,Betula',0,0,0,0,0,0,0,0.0,0.0,0.0,0.0,0.0,0.0,0.0,0.0
1313,790,Calocedrus',0,0,0,0,0,0,0,0.0,0.0,0.0,0.0,0.0,0.0,0.0,0.0
1313,790,Carpinus',0,0,0,0,0,0,0,0.0,0.0,0.0,0.0,0.0,0.0,0.0,0.0
1313,790,Carya',0,0,125,24,0,0,0,39.93326950073242,17.824588775634766,55.30245195272602,6.584731858396769,11342.621186255217,150719.51282092597,0.02600193462604301,340.60414696362477
1313,790,Castanea',0,0,0,0,0,0,0,0.0,0.0,0.0,0.0,0.0,0.0,0.0,0.0
1313,790,Catalpa',0,0,0,0,0,0,0,0.0,0.0,0.0,0.0,0.0,0.0,0.0,0.0
1313,790,Celtis',0,16,34,0,0,0,0,15.931143760681152,9.769546508789062,19.53108727177487,0.7185715662848561,767.9122198486328,16219.380218438197,0.0019876324065923987,39.20992149916904
1313,790,Cercis',0,0,0,0,0,0,0,0.0,0.0,0.0,0.0,0.0,0.0,0.0,0.0
1313,790,Cercocarpus',0,0,0,0,0,0,0,0.0,0.0,0.0,0.0,0.0,0.0,0.0,0.0
1313,790,Chamaecyparis',0,0,0,0,0,0,0,0.0,0.0,0.0,0.0,0.0,0.0,0.0,0.0
1313,790,Chilopsis',0,0,0,0,0,0,0,0.0,0.0,0.0,0.0,0.0,0.0,0.0,0.0
1313,790,Chrysolepis',0,0,0,0,0,0,0,0.0,0.0,0.0,0.0,0.0,0.0,0.0,0.0
1313,790,Cladrastis',0,0,0,0,0,0,0,0.0,0.0,0.0,0.0,0.0,0.0,0.0,0.0
1313,790,Comus',0,0,0,0,0,0,0,0.0,0.0,0.0,0.0,0.0,0.0,0.0,0.0
1313,790,Cornus',0,0,0,0,0,0,0,0.0,0.0,0.0,0.0,0.0,0.0,0.0,0.0
1313,790,Crataegus',0,0,0,0,0,0,0,0.0,0.0,0.0,0.0,0.0,0.0,0.0,0.0
1313,790,Cupressus',0,0,0,0,0,0,0,0.0,0.0,0.0,0.0,0.0,0.0,0.0,0.0
1313,790,Diospyros',0,3,0,0,0,0,0,7.769042491912842,4.972366809844971,5.529722752450387,0.016496967502127226,34.01179440021515,760.5268431562785,0.00015518519322574157,3.470046411541983
1313,790,Elaeagnus',0,0,0,0,0,0,0,0.0,0.0,0.0,0.0,0.0,0.0,0.0,0.0
1313,790,Fagus',0,0,0,0,0,0,0,0.0,0.0,0.0,0.0,0.0,0.0,0.0,0.0
1313,790,Fraxinus',0,330,513,65,0,0,0,34.74098587036133,16.53291893005371,413.15206920893127,17.14408819397976,22741.473103439213,154689.401254974,0.05648416028496332,356.83789048635833
1313,790,Gleditsia',0,0,44,0,0,0,0,19.862409591674805,11.442147254943848,19.166724040538448,0.7784017206096204,1050.4723037672043,18874.525043128007,0.002610298548281186,46.01153364106384
1313,790,Gordonia',0,32,0,0,0,0,0,5.523641586303711,5.47752571105957,15.971919869184493,0.07831102538586991,94.27859640002251,2108.13350373717,0.0004402135100141101,9.843473330053333
1313,790,Gymnocladus',0,0,0,0,0,0,0,0.0,0.0,0.0,0.0,0.0,0.0,0.0,0.0
1313,790,Halesia',0,0,0,0,0,0,0,0.0,0.0,0.0,0.0,0.0,0.0,0.0,0.0
1313,790,Ilex',0,0,0,0,0,0,0,0.0,0.0,0.0,0.0,0.0,0.0,0.0,0.0
1313,790,Juglans',0,0,0,0,0,0,0,0.0,0.0,0.0,0.0,0.0,0.0,0.0,0.0
1313,790,Juniperus',0,5,0,0,0,0,0,4.747116565704346,4.894748687744141,2.146381342411041,0.010265442314691677,11.418668758869172,255.32919557384724,5.6378105323140733e-05,1.260652759451855
1313,790,Larix',0,0,0,0,0,0,0,0.0,0.0,0.0,0.0,0.0,0.0,0.0,0.0
1313,790,Liquidambar',0,0,0,0,0,0,0,0.0,0.0,0.0,0.0,0.0,0.0,0.0,0.0
1313,790,Liriodendron',0,1348,1780,417,7,3,5,91.29875946044922,25.76720428466797,1540.2006719329781,90.23776006919971,93528.93416502967,280179.9622362564,0.23001412140565097,642.7109113546123
1313,790,Lithocarpus',0,0,0,0,0,0,0,0.0,0.0,0.0,0.0,0.0,0.0,0.0,0.0
1313,790,Maclura',0,3,30,0,0,0,0,24.95980453491211,10.659703254699707,16.131370942803876,1.4759830457012335,2526.415564002991,56294.515797693464,0.0058464767153039695,129.73890626631788
1313,790,Magnolia',0,0,0,0,0,0,0,0.0,0.0,0.0,0.0,0.0,0.0,0.0,0.0
1313,790,Malus',0,0,0,0,0,0,0,0.0,0.0,0.0,0.0,0.0,0.0,0.0,0.0
1313,790,Morus',0,0,0,0,0,0,0,0.0,0.0,0.0,0.0,0.0,0.0,0.0,0.0
1313,790,Nyssa',0,0,16,0,0,0,0,11.50605583190918,6.328659534454346,10.56333170472821,0.1734358534646587,151.72497323870658,3392.673540460819,0.0004892316251099082,10.939551704884597
1313,790,Olneya',0,0,0,0,0,0,0,0.0,0.0,0.0,0.0,0.0,0.0,0.0,0.0
1313,790,Ostrya',0,0,0,0,0,0,0,0.0,0.0,0.0,0.0,0.0,0.0,0.0,0.0
1313,790,Oxydendron',0,0,0,0,0,0,0,0.0,0.0,0.0,0.0,0.0,0.0,0.0,0.0
1313,790,Paulownia',0,75,0,20,0,0,0,34.69602966308594,11.762289047241211,47.44932741869853,2.1355506534866286,1385.8272876346111,28664.76796951425,0.0037626755368039017,70.0544277624866
1313,790,Persea',0,0,0,8,4,0,0,49.02229309082031,16.993106842041016,35.05638278961182,1.4339212610306935,2407.3137649917603,39991.59741073014,0.0058559560241699254,96.38436952657385
1313,790,Picea',0,0,0,0,0,0,0,0.0,0.0,0.0,0.0,0.0,0.0,0.0,0.0
1313,790,Pinus',0,1047,3238,1833,188,52,35,137.0,33.01020050048828,2337.9797283694147,395.9387617892041,665023.5266932056,1215713.7416463366,1.5116008765945828,2713.8993194030036
1313,790,Planera',0,0,38,0,0,0,0,10.061664581298828,6.11749792098999,17.688156077756155,0.302461471390784,258.1428698909283,5772.2500498300415,0.00082828163941206,18.520940502403228
1313,790,Platanus',0,0,0,0,0,0,0,0.0,0.0,0.0,0.0,0.0,0.0,0.0,0.0
1313,790,Populus',0,89,36,0,0,0,0,9.27025318145752,4.731149196624756,43.29814736978916,0.3000669018077478,233.92981889814138,3920.2250845952167,0.0011431449287172782,17.459383148136048
1313,790,Prosopis',0,0,0,0,0,0,0,0.0,0.0,0.0,0.0,0.0,0.0,0.0,0.0
1313,790,Prunus',0,0,24,0,0,0,0,14.013195991516113,7.6364922523498535,7.800688733217082,0.375700313706268,320.2449519664049,7160.894820480295,0.0008239507285058591,18.42409839049594
1313,790,Pseudotsuga',0,0,0,0,0,0,0,0.0,0.0,0.0,0.0,0.0,0.0,0.0,0.0
1313,790,Quercus',0,11,0,0,0,0,0,2.7615129947662354,2.7592248916625977,3.1495995838430857,0.007091461773494615,10.504670453071595,234.89157214301574,6.86839486584064e-05,1.535819781633023
1313,790,Robinia',0,0,0,0,0,0,0,0.0,0.0,0.0,0.0,0.0,0.0,0.0,0.0
1313,790,Salix',0,0,0,0,0,0,0,0.0,0.0,0.0,0.0,0.0,0.0,0.0,0.0
1313,790,Sassafras',0,0,0,0,0,0,0,0.0,0.0,0.0,0.0,0.0,0.0,0.0,0.0
1313,790,Sequoia',0,0,0,0,0,0,0,0.0,0.0,0.0,0.0,0.0,0.0,0.0,0.0
1313,790,Sequoiadendron',0,0,0,0,0,0,0,0.0,0.0,0.0,0.0,0.0,0.0,0.0,0.0
1313,790,Sorbus',0,0,0,0,0,0,0,0.0,0.0,0.0,0.0,0.0,0.0,0.0,0.0
1313,790,Taxodium',0,2,64,0,0,16,0,75.24607849121094,17.832508087158203,67.00538045243371,10.13388559847419,12625.922763109207,235389.0469339961,0.029022185583498446,534.0610061288121
1313,790,Taxus',0,0,0,0,0,0,0,0.0,0.0,0.0,0.0,0.0,0.0,0.0,0.0
1313,790,Thuja',0,0,0,0,0,0,0,0.0,0.0,0.0,0.0,0.0,0.0,0.0,0.0
1313,790,Tilia',0,0,0,0,0,0,0,0.0,0.0,0.0,0.0,0.0,0.0,0.0,0.0
1313,790,Torreya',0,38,36,0,0,0,0,20.50109100341797,11.099945068359375,20.031181745529175,1.3250826031762934,1510.070442609787,31326.247100271707,0.003645051322062855,74.74196786650683
1313,790,Tsuga',0,0,0,0,0,0,0,0.0,0.0,0.0,0.0,0.0,0.0,0.0,0.0
1313,790,Ulmus',0,0,0,0,0,0,0,0.0,0.0,0.0,0.0,0.0,0.0,0.0,0.0
1313,790,Umbellularia',0,0,0,0,0,0,0,0.0,0.0,0.0,0.0,0.0,0.0,0.0,0.0
1313,800,Abies',0,0,0,0,0,0,0,0.0,0.0,0.0,0.0,0.0,0.0,0.0,0.0
1313,800,Acer',0,373,206,37,0,0,0,33.13308334350586,18.4835262298584,256.0792083208319,6.525739292166555,9101.91113963008,120584.27312617988,0.023912870908289433,273.507989703565
1313,800,Aesculus',0,0,0,0,0,0,0,0.0,0.0,0.0,0.0,0.0,0.0,0.0,0.0
1313,800,Ailanthus',0,0,0,0,0,0,0,0.0,0.0,0.0,0.0,0.0,0.0,0.0,0.0
1313,800,Alnus',0,0,0,0,0,0,0,0.0,0.0,0.0,0.0,0.0,0.0,0.0,0.0
1313,800,Amelanchier',0,0,0,0,0,0,0,0.0,0.0,0.0,0.0,0.0,0.0,0.0,0.0
1313,800,Arbutus',0,0,0,0,0,0,0,0.0,0.0,0.0,0.0,0.0,0.0,0.0,0.0
1313,800,Asimina',0,0,0,0,0,0,0,0.0,0.0,0.0,0.0,0.0,0.0,0.0,0.0
1313,800,Betula',0,0,0,0,0,0,0,0.0,0.0,0.0,0.0,0.0,0.0,0.0,0.0
1313,800,Calocedrus',0,0,0,0,0,0,0,0.0,0.0,0.0,0.0,0.0,0.0,0.0,0.0
1313,800,Carpinus',0,0,0,0,0,0,0,0.0,0.0,0.0,0.0,0.0,0.0,0.0,0.0
1313,800,Carya',0,57,98,0,0,0,0,24.713233947753906,12.77280330657959,58.05069934435282,3.224275852726994,4798.814817479253,65022.56611850567,0.0114997052605692,150.03275016963335
1313,800,Castanea',0,0,0,0,0,0,0,0.0,0.0,0.0,0.0,0.0,0.0,0.0,0.0
1313,800,Catalpa',0,28,0,0,0,0,0,2.0228583812713623,2.031933307647705,0.0,0.009268641742457917,13.354767049551011,298.6216694647008,2.9677260811440645e-05,0.6636037256037131
1313,800,Celtis',0,21,0,0,0,0,0,5.590295791625977,4.614368915557861,18.249446289448798,0.05183861272366736,79.08832992553711,1768.468819404294,0.0004384627545475981,9.80432524770242
1313,800,Cercis',0,0,0,0,0,0,0,0.0,0.0,0.0,0.0,0.0,0.0,0.0,0.0
1313,800,Cercocarpus',0,0,0,0,0,0,0,0.0,0.0,0.0,0.0,0.0,0.0,0.0,0.0
1313,800,Chamaecyparis',0,0,0,0,0,0,0,0.0,0.0,0.0,0.0,0.0,0.0,0.0,0.0
1313,800,Chilopsis',0,0,0,0,0,0,0,0.0,0.0,0.0,0.0,0.0,0.0,0.0,0.0
1313,800,Chrysolepis',0,0,0,0,0,0,0,0.0,0.0,0.0,0.0,0.0,0.0,0.0,0.0
1313,800,Cladrastis',0,0,0,0,0,0,0,0.0,0.0,0.0,0.0,0.0,0.0,0.0,0.0
1313,800,Comus',0,0,0,0,0,0,0,0.0,0.0,0.0,0.0,0.0,0.0,0.0,0.0
1313,800,Cornus',0,0,0,0,0,0,0,0.0,0.0,0.0,0.0,0.0,0.0,0.0,0.0
1313,800,Crataegus',0,0,0,0,0,0,0,0.0,0.0,0.0,0.0,0.0,0.0,0.0,0.0
1313,800,Cupressus',0,0,0,0,0,0,0,0.0,0.0,0.0,0.0,0.0,0.0,0.0,0.0
1313,800,Diospyros',0,0,0,0,0,0,0,0.0,0.0,0.0,0.0,0.0,0.0,0.0,0.0
1313,800,Elaeagnus',0,0,0,0,0,0,0,0.0,0.0,0.0,0.0,0.0,0.0,0.0,0.0
1313,800,Fagus',0,0,0,0,0,0,0,0.0,0.0,0.0,0.0,0.0,0.0,0.0,0.0
1313,800,Fraxinus',0,358,469,25,0,0,0,43.84967803955078,18.249486923217773,340.2503646863035,13.167937623673499,16675.732174069883,96039.26028941445,0.04195527558632197,227.8326583614407
1313,800,Gleditsia',0,0,26,0,0,0,0,17.13494873046875,10.297134399414062,12.850162832042837,0.6124682368069504,823.0728416061402,18404.468242652296,0.0020140359120368765,45.03521208440277
1313,800,Gordonia',0,0,32,0,0,0,0,13.790558815002441,10.134479522705078,18.074327886104584,0.4881301787957415,513.8599121451377,11490.25694468595,0.0014029845652480846,31.371688592776884
1313,800,Gymnocladus',0,0,0,0,0,0,0,0.0,0.0,0.0,0.0,0.0,0.0,0.0,0.0
1313,800,Halesia',0,0,0,0,0,0,0,0.0,0.0,0.0,0.0,0.0,0.0,0.0,0.0
1313,800,Ilex',0,0,0,0,0,0,0,0.0,0.0,0.0,0.0,0.0,0.0,0.0,0.0
1313,800,Juglans',0,0,0,0,0,0,0,0.0,0.0,0.0,0.0,0.0,0.0,0.0,0.0
1313,800,Juniperus',0,5,0,0,0,0,0,6.989836692810059,6.459314823150635,1.6285733640193938,0.02225624704528279,19.707530730962755,440.6737838309875,6.731835172822099e-05,1.5052841059754263
1313,800,Larix',0,0,0,0,0,0,0,0.0,0.0,0.0,0.0,0.0,0.0,0.0,0.0
1313,800,Liquidambar',0,21,0,0,0,0,0,0.7476158738136292,1.8561478853225708,0.7228163389276854,0.0009394219051482174,2.5960205137729644,58.04878339780277,1.6174277163809313e-05,0.3616678322520006
1313,800,Liriodendron',0,1069,2088,376,28,4,5,94.69000244140625,26.212215423583984,1559.7911108766173,104.6204825503797,109602.70932805419,318473.9171403154,0.2660156348056728,728.2949131703241
1313,800,Lithocarpus',0,0,0,0,0,0,0,0.0,0.0,0.0,0.0,0.0,0.0,0.0,0.0
1313,800,Maclura',0,0,33,0,0,0,0,27.8718204498291,11.33096981048584,15.389707993857467,1.8715161231511674,3316.253782711029,72748.68031757645,0.007590995934873919,164.93008707626467
1313,800,Magnolia',0,14,0,0,0,0,0,5.7046709060668945,4.160451412200928,13.596309649793406,0.037623473017129976,48.86012752532959,1092.5456653594563,0.0003043044895529729,6.80445524498823
1313,800,Malus',0,0,0,0,0,0,0,0.0,0.0,0.0,0.0,0.0,0.0,0.0,0.0
1313,800,Morus',0,0,0,0,0,0,0,0.0,0.0,0.0,0.0,0.0,0.0,0.0,0.0
1313,800,Nyssa',0,0,16,0,0,0,0,15.383511543273926,7.6560564041137695,15.392605356777768,0.3100251249176466,288.6929566025734,6455.370755887448,0.0008631250132620334,19.300062027343316
1313,800,Olneya',0,0,0,0,0,0,0,0.0,0.0,0.0,0.0,0.0,0.0,0.0,0.0
1313,800,Ostrya',0,0,0,0,0,0,0,0.0,0.0,0.0,0.0,0.0,0.0,0.0,0.0
1313,800,Oxydendron',0,0,0,0,0,0,0,0.0,0.0,0.0,0.0,0.0,0.0,0.0,0.0
1313,800,Paulownia',0,93,0,20,0,0,0,40.853240966796875,12.923988342285156,43.20749627072599,2.775332843211544,1947.792460641861,42366.88622315673,0.004950423618620724,102.01509307096323
1313,800,Persea',0,20,0,8,4,0,0,59.549373626708984,18.15369987487793,46.031243708133694,2.406689381364057,4183.404242784977,65505.36087969197,0.009961349896045997,152.28721634219787
1313,800,Picea',0,0,0,0,0,0,0,0.0,0.0,0.0,0.0,0.0,0.0,0.0,0.0
1313,800,Pinus',0,448,2879,2264,216,33,27,137.0,33.01020050048828,2138.538266640305,408.6860880914672,679896.3825791213,1227728.9928609284,1.5417708540375787,2742.4125072437114
1313,800,Planera',0,0,38,0,0,0,0,15.868492126464844,8.082819938659668,5.751164419270014,0.7523184471668926,660.7772450682521,14775.428379576531,0.001551185147188576,34.685554348016524
1313,800,Platanus',0,0,0,0,0,0,0,0.0,0.0,0.0,0.0,0.0,0.0,0.0,0.0
1313,800,Populus',0,179,45,0,0,0,0,13.335047721862793,6.125129222869873,113.73507500072067,1.0826319589424853,797.7034200930595,7930.866422409888,0.0034099538495559164,30.457106336587625
1313,800,Prosopis',0,0,0,0,0,0,0,0.0,0.0,0.0,0.0,0.0,0.0,0.0,0.0
1313,800,Prunus',0,0,0,0,0,0,0,0.0,0.0,0.0,0.0,0.0,0.0,0.0,0.0
1313,800,Pseudotsuga',0,0,0,0,0,0,0,0.0,0.0,0.0,0.0,0.0,0.0,0.0,0.0
1313,800,Quercus',0,0,0,0,0,0,0,0.0,0.0,0.0,0.0,0.0,0.0,0.0,0.0
1313,800,Robinia',0,0,0,0,0,0,0,0.0,0.0,0.0,0.0,0.0,0.0,0.0,0.0
1313,800,Salix',0,62,0,0,0,0,0,5.2261857986450195,4.410656929016113,17.390779671789723,0.047056891976246344,54.13088100910187,640.7973709721011,0.0003706407815888519,4.645595955134892
1313,800,Sassafras',0,0,0,0,0,0,0,0.0,0.0,0.0,0.0,0.0,0.0,0.0,0.0
1313,800,Sequoia',0,0,0,0,0,0,0,0.0,0.0,0.0,0.0,0.0,0.0,0.0,0.0
1313,800,Sequoiadendron',0,0,0,0,0,0,0,0.0,0.0,0.0,0.0,0.0,0.0,0.0,0.0
1313,800,Sorbus',0,0,0,0,0,0,0,0.0,0.0,0.0,0.0,0.0,0.0,0.0,0.0
1313,800,Taxodium',0,26,27,36,0,16,0,76.82453918457031,18.075820922851562,56.27410913570017,11.459979603158672,14103.51032547474,249219.7437844296,0.032151230403781005,558.5233843691186
1313,800,Taxus',0,0,0,0,0,0,0,0.0,0.0,0.0,0.0,0.0,0.0,0.0,0.0
1313,800,Thuja',0,0,0,0,0,0,0,0.0,0.0,0.0,0.0,0.0,0.0,0.0,0.0
1313,800,Tilia',0,0,0,0,0,0,0,0.0,0.0,0.0,0.0,0.0,0.0,0.0,0.0
1313,800,Torreya',0,0,74,0,0,0,0,23.921443939208984,12.045989036560059,21.411979894638062,1.9550808125382642,2304.576694250107,45208.54859933036,0.005430565724849631,106.02794004966879
1313,800,Tsuga',0,0,0,0,0,0,0,0.0,0.0,0.0,0.0,0.0,0.0,0.0,0.0
1313,800,Ulmus',0,0,0,0,0,0,0,0.0,0.0,0.0,0.0,0.0,0.0,0.0,0.0
1313,800,Umbellularia',0,0,0,0,0,0,0,0.0,0.0,0.0,0.0,0.0,0.0,0.0,0.0
1313,810,Abies',0,0,0,0,0,0,0,0.0,0.0,0.0,0.0,0.0,0.0,0.0,0.0
1313,810,Acer',0,381,175,37,0,0,0,34.68326950073242,19.030811309814453,245.28569531214384,7.1226969245579275,10238.481417024135,135987.27235790112,0.0262832049394361,306.840535733221
1313,810,Aesculus',0,0,0,0,0,0,0,0.0,0.0,0.0,0.0,0.0,0.0,0.0,0.0
1313,810,Ailanthus',0,0,0,0,0,0,0,0.0,0.0,0.0,0.0,0.0,0.0,0.0,0.0
1313,810,Alnus',0,0,0,0,0,0,0,0.0,0.0,0.0,0.0,0.0,0.0,0.0,0.0
1313,810,Amelanchier',0,0,0,0,0,0,0,0.0,0.0,0.0,0.0,0.0,0.0,0.0,0.0
1313,810,Arbutus',0,0,0,0,0,0,0,0.0,0.0,0.0,0.0,0.0,0.0,0.0,0.0
1313,810,Asimina',0,0,0,0,0,0,0,0.0,0.0,0.0,0.0,0.0,0.0,0.0,0.0
1313,810,Betula',0,0,0,0,0,0,0,0.0,0.0,0.0,0.0,0.0,0.0,0.0,0.0
1313,810,Calocedrus',0,0,0,0,0,0,0,0.0,0.0,0.0,0.0,0.0,0.0,0.0,0.0
1313,810,Carpinus',0,0,0,0,0,0,0,0.0,0.0,0.0,0.0,0.0,0.0,0.0,0.0
1313,810,Carya',0,74,17,0,0,0,0,11.640410423278809,10.397771835327148,34.40694619960423,0.3534997869249765,472.2159185290337,6888.43942413452,0.0015446758375465839,21.40892040254615
1313,810,Castanea',0,0,0,0,0,0,0,0.0,0.0,0.0,0.0,0.0,0.0,0.0,0.0
1313,810,Catalpa',0,0,0,0,0,0,0,0.0,0.0,0.0,0.0,0.0,0.0,0.0,0.0
1313,810,Celtis',0,0,0,0,0,0,0,0.0,0.0,0.0,0.0,0.0,0.0,0.0,0.0
1313,810,Cercis',0,0,0,0,0,0,0,0.0,0.0,0.0,0.0,0.0,0.0,0.0,0.0
1313,810,Cercocarpus',0,0,0,0,0,0,0,0.0,0.0,0.0,0.0,0.0,0.0,0.0,0.0
1313,810,Chamaecyparis',0,0,0,0,0,0,0,0.0,0.0,0.0,0.0,0.0,0.0,0.0,0.0
1313,810,Chilopsis',0,0,0,0,0,0,0,0.0,0.0,0.0,0.0,0.0,0.0,0.0,0.0
1313,810,Chrysolepis',0,0,0,0,0,0,0,0.0,0.0,0.0,0.0,0.0,0.0,0.0,0.0
1313,810,Cladrastis',0,0,0,0,0,0,0,0.0,0.0,0.0,0.0,0.0,0.0,0.0,0.0
1313,810,Comus',0,0,0,0,0,0,0,0.0,0.0,0.0,0.0,0.0,0.0,0.0,0.0
1313,810,Cornus',0,0,0,0,0,0,0,0.0,0.0,0.0,0.0,0.0,0.0,0.0,0.0
1313,810,Crataegus',0,0,0,0,0,0,0,0.0,0.0,0.0,0.0,0.0,0.0,0.0,0.0
1313,810,Cupressus',0,0,0,0,0,0,0,0.0,0.0,0.0,0.0,0.0,0.0,0.0,0.0
1313,810,Diospyros',0,76,0,0,0,0,0,7.949097633361816,5.052637577056885,36.659969055577164,0.2378089534833378,327.5427794897556,5487.335372621145,0.0012556134848073002,20.018844921758006
1313,810,Elaeagnus',0,0,0,0,0,0,0,0.0,0.0,0.0,0.0,0.0,0.0,0.0,0.0
1313,810,Fagus',0,0,0,0,0,0,0,0.0,0.0,0.0,0.0,0.0,0.0,0.0,0.0
1313,810,Fraxinus',0,457,452,27,0,0,0,45.4096794128418,19.6766414642334,412.0531294949918,14.38660917937073,19741.943429975065,117877.98330349279,0.04980271871044027,275.1902080670575
1313,810,Gleditsia',0,0,0,0,0,0,0,0.0,0.0,0.0,0.0,0.0,0.0,0.0,0.0
1313,810,Gordonia',0,0,0,0,0,0,0,0.0,0.0,0.0,0.0,0.0,0.0,0.0,0.0
1313,810,Gymnocladus',0,0,0,0,0,0,0,0.0,0.0,0.0,0.0,0.0,0.0,0.0,0.0
1313,810,Halesia',0,16,0,0,0,0,0,0.9443620443344116,1.7668713331222534,0.9488037228584288,0.0011879352694442122,3.4682706713676454,77.55288985546902,2.1365824967622684e-05,0.47775437022966716
1313,810,Ilex',0,0,0,0,0,0,0,0.0,0.0,0.0,0.0,0.0,0.0,0.0,0.0
1313,810,Juglans',0,0,0,0,0,0,0,0.0,0.0,0.0,0.0,0.0,0.0,0.0,0.0
1313,810,Juniperus',0,0,0,0,0,0,0,0.0,0.0,0.0,0.0,0.0,0.0,0.0,0.0
1313,810,Larix',0,0,0,0,0,0,0,0.0,0.0,0.0,0.0,0.0,0.0,0.0,0.0
1313,810,Liquidambar',0,0,0,0,0,0,0,0.0,0.0,0.0,0.0,0.0,0.0,0.0,0.0
1313,810,Liriodendron',0,1268,1924,344,21,0,10,98.0408706665039,26.63205337524414,1682.091914621665,102.79872600423714,108638.72780524031,321485.75483489526,0.26563404304861765,735.2054493444472
1313,810,Lithocarpus',0,0,0,0,0,0,0,0.0,0.0,0.0,0.0,0.0,0.0,0.0,0.0
1313,810,Maclura',0,97,0,30,0,0,0,30.252864837646484,11.833959579467773,52.31942387698571,2.2342580470715716,4123.3015752482415,88698.70816257615,0.009916059510413676,203.9060429809965
1313,810,Magnolia',0,0,14,0,0,0,0,13.84786319732666,7.416021823883057,10.156809227376044,0.2216987377130447,183.89483280181886,4112.013468558257,0.0005548680961132049,12.407227814550147
1313,810,Malus',0,0,0,0,0,0,0,0.0,0.0,0.0,0.0,0.0,0.0,0.0,0.0
1313,810,Morus',0,0,0,0,0,0,0,0.0,0.0,0.0,0.0,0.0,0.0,0.0,0.0
1313,810,Nyssa',0,0,16,0,0,0,0,19.4060115814209,8.873797416687012,20.207298639454415,0.4933538255299171,488.29401925563815,10918.586200621929,0.0013759930781721962,30.76814059362283
1313,810,Olneya',0,0,0,0,0,0,0,0.0,0.0,0.0,0.0,0.0,0.0,0.0,0.0
1313,810,Ostrya',0,0,0,0,0,0,0,0.0,0.0,0.0,0.0,0.0,0.0,0.0,0.0
1313,810,Oxydendron',0,0,0,0,0,0,0,0.0,0.0,0.0,0.0,0.0,0.0,0.0,0.0
1313,810,Paulownia',0,94,0,0,0,0,0,6.817809104919434,4.023950099945068,12.500749962239324,0.19743061953329266,99.14062911808492,1645.9742898554705,0.0004002677489444677,6.413316525202677
1313,810,Persea',0,4,0,0,0,0,0,2.2779202461242676,2.7052316665649414,0.8183469384908676,0.0019398755234391553,3.5738441675901416,79.91358499722739,1.976244289117551e-05,0.4419016570612649
1313,810,Picea',0,0,0,0,0,0,0,0.0,0.0,0.0,0.0,0.0,0.0,0.0,0.0
1313,810,Pinus',0,674,2606,2125,292,41,32,135.5762939453125,32.94049835205078,2324.301960072219,424.2151403717344,714221.8152419779,1278928.5137054566,1.6207328350405872,2857.400812234712
1313,810,Planera',0,0,38,0,0,0,0,20.2789363861084,9.279424667358398,9.501948078410534,1.228628924642888,1166.1819155269861,26076.62037249243,0.0027283012699037303,61.00667102603809
1313,810,Platanus',0,36,0,0,0,0,0,4.527186870574951,2.631584405899048,27.508152259301532,0.058142602323047285,87.6973848080635,1960.9731387978607,0.0005908782194294122,13.212438650681877
1313,810,Populus',0,139,53,0,0,0,0,24.90708351135254,9.75796127319336,95.32856334613847,2.1251123896872786,1672.4129729914666,21124.539287729476,0.005088780888438221,54.844458925887906
1313,810,Prosopis',0,0,0,0,0,0,0,0.0,0.0,0.0,0.0,0.0,0.0,0.0,0.0
1313,810,Prunus',0,0,0,0,0,0,0,0.0,0.0,0.0,0.0,0.0,0.0,0.0,0.0
1313,810,Pseudotsuga',0,0,0,0,0,0,0,0.0,0.0,0.0,0.0,0.0,0.0,0.0,0.0
1313,810,Quercus',0,73,0,0,0,0,0,4.4676103591918945,3.980984687805176,62.88769902119153,0.11267148138976213,232.58539315581322,3797.3390717254515,0.0011948794594990595,19.267239148260437
1313,810,Robinia',0,0,0,0,0,0,0,0.0,0.0,0.0,0.0,0.0,0.0,0.0,0.0
1313,810,Salix',0,109,17,0,0,0,0,12.508716583251953,8.191156387329102,40.87019330338586,0.2955997651392406,258.1562555742264,4015.099192189495,0.0011620297174165062,15.242490952751728
1313,810,Sassafras',0,0,0,0,0,0,0,0.0,0.0,0.0,0.0,0.0,0.0,0.0,0.0
1313,810,Sequoia',0,0,0,0,0,0,0,0.0,0.0,0.0,0.0,0.0,0.0,0.0,0.0
1313,810,Sequoiadendron',0,0,0,0,0,0,0,0.0,0.0,0.0,0.0,0.0,0.0,0.0,0.0
1313,810,Sorbus',0,0,0,0,0,0,0,0.0,0.0,0.0,0.0,0.0,0.0,0.0,0.0
1313,810,Taxodium',0,57,54,0,0,16,0,78.72432708740234,18.364238739013672,76.38377841326255,10.314084563230326,13322.821852997542,260021.45187082433,0.030705858006410295,583.6169539642243
1313,810,Taxus',0,0,0,0,0,0,0,0.0,0.0,0.0,0.0,0.0,0.0,0.0,0.0
1313,810,Thuja',0,0,0,0,0,0,0,0.0,0.0,0.0,0.0,0.0,0.0,0.0,0.0
1313,810,Tilia',0,0,0,0,0,0,0,0.0,0.0,0.0,0.0,0.0,0.0,0.0,0.0
1313,810,Torreya',0,0,74,0,0,0,0,26.874963760375977,12.757871627807617,24.229993495941162,2.648586095417588,3225.29709066391,59936.52300914975,0.007517315585772229,138.28614173361336
1313,810,Tsuga',0,0,0,0,0,0,0,0.0,0.0,0.0,0.0,0.0,0.0,0.0,0.0
1313,810,Ulmus',0,0,0,0,0,0,0,0.0,0.0,0.0,0.0,0.0,0.0,0.0,0.0
1313,810,Umbellularia',0,0,0,0,0,0,0,0.0,0.0,0.0,0.0,0.0,0.0,0.0,0.0
1313,820,Abies',0,0,0,0,0,0,0,0.0,0.0,0.0,0.0,0.0,0.0,0.0,0.0
1313,820,Acer',0,448,202,37,0,0,0,36.2313117980957,19.559833526611328,260.07745747914225,8.63260487254274,12640.02941559896,156600.92643794246,0.031832914095832374,354.63536700650695
1313,820,Aesculus',0,0,0,0,0,0,0,0.0,0.0,0.0,0.0,0.0,0.0,0.0,0.0
1313,820,Ailanthus',0,0,0,0,0,0,0,0.0,0.0,0.0,0.0,0.0,0.0,0.0,0.0
1313,820,Alnus',0,0,0,0,0,0,0,0.0,0.0,0.0,0.0,0.0,0.0,0.0,0.0
1313,820,Amelanchier',0,0,0,0,0,0,0,0.0,0.0,0.0,0.0,0.0,0.0,0.0,0.0
1313,820,Arbutus',0,0,0,0,0,0,0,0.0,0.0,0.0,0.0,0.0,0.0,0.0,0.0
1313,820,Asimina',0,0,0,0,0,0,0,0.0,0.0,0.0,0.0,0.0,0.0,0.0,0.0
1313,820,Betula',0,0,0,0,0,0,0,0.0,0.0,0.0,0.0,0.0,0.0,0.0,0.0
1313,820,Calocedrus',0,0,0,0,0,0,0,0.0,0.0,0.0,0.0,0.0,0.0,0.0,0.0
1313,820,Carpinus',0,0,0,0,0,0,0,0.0,0.0,0.0,0.0,0.0,0.0,0.0,0.0
1313,820,Carya',0,22,74,0,0,0,0,11.96744155883789,8.632777214050293,36.4928060958657,0.8275970877769935,1019.9862276911736,14671.63101883102,0.002791970311932258,39.015918008053234
1313,820,Castanea',0,0,0,0,0,0,0,0.0,0.0,0.0,0.0,0.0,0.0,0.0,0.0
1313,820,Catalpa',0,33,0,0,0,0,0,7.637795925140381,3.8998124599456787,25.389143545416335,0.15247874173238732,122.56641052246094,2740.6682568637334,0.000637860628128042,14.262997246650057
1313,820,Celtis',0,38,0,0,0,0,0,5.6935648918151855,4.671849727630615,18.055334051575837,0.09786824715022593,107.06030074477196,2393.941101568813,0.0004978283326290462,11.131779928839219
1313,820,Cercis',0,0,0,0,0,0,0,0.0,0.0,0.0,0.0,0.0,0.0,0.0,0.0
1313,820,Cercocarpus',0,0,0,0,0,0,0,0.0,0.0,0.0,0.0,0.0,0.0,0.0,0.0
1313,820,Chamaecyparis',0,0,0,0,0,0,0,0.0,0.0,0.0,0.0,0.0,0.0,0.0,0.0
1313,820,Chilopsis',0,0,0,0,0,0,0,0.0,0.0,0.0,0.0,0.0,0.0,0.0,0.0
1313,820,Chrysolepis',0,0,0,0,0,0,0,0.0,0.0,0.0,0.0,0.0,0.0,0.0,0.0
1313,820,Cladrastis',0,0,0,0,0,0,0,0.0,0.0,0.0,0.0,0.0,0.0,0.0,0.0
1313,820,Comus',0,0,0,0,0,0,0,0.0,0.0,0.0,0.0,0.0,0.0,0.0,0.0
1313,820,Cornus',0,0,0,0,0,0,0,0.0,0.0,0.0,0.0,0.0,0.0,0.0,0.0
1313,820,Crataegus',0,0,0,0,0,0,0,0.0,0.0,0.0,0.0,0.0,0.0,0.0,0.0
1313,820,Cupressus',0,0,0,0,0,0,0,0.0,0.0,0.0,0.0,0.0,0.0,0.0,0.0
1313,820,Diospyros',0,0,76,0,0,0,0,13.001925468444824,7.2213311195373535,24.96598026137563,0.8284299979852843,1011.3100965100527,16191.568855791233,0.0026067549304515008,41.27270740685775
1313,820,Elaeagnus',0,0,0,0,0,0,0,0.0,0.0,0.0,0.0,0.0,0.0,0.0,0.0
1313,820,Fagus',0,0,0,0,0,0,0,0.0,0.0,0.0,0.0,0.0,0.0,0.0,0.0
1313,820,Fraxinus',0,359,465,65,9,0,0,49.98183059692383,20.85951042175293,378.7081679955266,17.31899237124224,24369.4986299973,147040.12994523568,0.05960615656325074,341.015353240634
1313,820,Gleditsia',0,35,0,0,0,0,0,1.7098265886306763,2.3572263717651367,4.359096758822096,0.008146623114466746,17.023429063856604,380.6554459692935,0.0001005814631944518,2.2490698897918984
1313,820,Gordonia',0,62,0,0,0,0,0,5.684165954589844,5.584665775299072,17.94059243194759,0.0851712299069781,105.56009859465063,2308.8245655158694,0.0004937198915378387,10.75990290948898
1313,820,Gymnocladus',0,0,0,0,0,0,0,0.0,0.0,0.0,0.0,0.0,0.0,0.0,0.0
1313,820,Halesia',0,0,0,0,0,0,0,0.0,0.0,0.0,0.0,0.0,0.0,0.0,0.0
1313,820,Ilex',0,0,0,0,0,0,0,0.0,0.0,0.0,0.0,0.0,0.0,0.0,0.0
1313,820,Juglans',0,0,0,0,0,0,0,0.0,0.0,0.0,0.0,0.0,0.0,0.0,0.0
1313,820,Juniperus',0,0,0,0,0,0,0,0.0,0.0,0.0,0.0,0.0,0.0,0.0,0.0
1313,820,Larix',0,0,0,0,0,0,0,0.0,0.0,0.0,0.0,0.0,0.0,0.0,0.0
1313,820,Liquidambar',0,0,0,0,0,0,0,0.0,0.0,0.0,0.0,0.0,0.0,0.0,0.0
1313,820,Liriodendron',0,1213,2068,549,19,0,8,107.77819061279297,27.74802589416504,1803.8474036088282,118.28942152417241,124540.48563705891,347164.4240982565,0.3027240195705066,794.2312557720456
1313,820,Lithocarpus',0,0,0,0,0,0,0,0.0,0.0,0.0,0.0,0.0,0.0,0.0,0.0
1313,820,Maclura',0,0,97,0,0,0,0,10.475959777832031,6.172916889190674,37.293529240768166,0.7141786295801843,963.2256011784077,12681.977220621036,0.0026773623218983283,35.23363079682616
1313,820,Magnolia',0,0,14,0,0,0,0,22.07745361328125,9.92876148223877,8.248475684395318,0.5635022484271142,515.1714399528504,11519.58359801025,0.001263566744327545,28.25421134424484
1313,820,Malus',0,0,0,0,0,0,0,0.0,0.0,0.0,0.0,0.0,0.0,0.0,0.0
1313,820,Morus',0,0,0,0,0,0,0,0.0,0.0,0.0,0.0,0.0,0.0,0.0,0.0
1313,820,Nyssa',0,0,16,0,0,0,0,23.329322814941406,9.923273086547852,10.055239221340491,0.7130010885729099,712.7609030091762,15937.81830832638,0.0017286639449894364,38.654100912493384
1313,820,Olneya',0,0,0,0,0,0,0,0.0,0.0,0.0,0.0,0.0,0.0,0.0,0.0
1313,820,Ostrya',0,0,0,0,0,0,0,0.0,0.0,0.0,0.0,0.0,0.0,0.0,0.0
1313,820,Oxydendron',0,0,0,0,0,0,0,0.0,0.0,0.0,0.0,0.0,0.0,0.0,0.0
1313,820,Paulownia',0,119,0,0,0,0,0,7.9047770500183105,4.42197847366333,24.95092493257945,0.16714264577524063,106.60338162481786,1553.5805488303095,0.0005960788234574705,8.081904645772962
1313,820,Persea',0,0,4,0,0,0,0,10.428410530090332,6.961162090301514,5.673671612739563,0.04065678873836623,55.90204979419708,1250.0078342140114,0.00020617980766793066,4.610320655333264
1313,820,Picea',0,0,0,0,0,0,0,0.0,0.0,0.0,0.0,0.0,0.0,0.0,0.0
1313,820,Pinus',0,724,2196,2254,275,41,41,123.21441650390625,32.24917984008789,2147.642351177931,418.1208155923697,704117.2386288914,1273463.7935312095,1.5957264696973779,2845.0033993478205
1313,820,Planera',0,0,38,0,0,0,0,23.020009994506836,9.916382789611816,23.682783283764802,1.583220502642534,1582.7125535202026,35390.52858513454,0.0038580658957958693,86.26897604673253
1313,820,Platanus',0,0,0,0,0,0,0,0.0,0.0,0.0,0.0,0.0,0.0,0.0,0.0
1313,820,Populus',0,207,39,0,0,0,0,11.52303695678711,7.714139938354492,77.64720271329712,0.6379867606378735,523.2040838894249,7095.240273016989,0.0022804503706786703,23.76487117490463
1313,820,Prosopis',0,0,0,0,0,0,0,0.0,0.0,0.0,0.0,0.0,0.0,0.0,0.0
1313,820,Prunus',0,0,0,0,0,0,0,0.0,0.0,0.0,0.0,0.0,0.0,0.0,0.0
1313,820,Pseudotsuga',0,0,0,0,0,0,0,0.0,0.0,0.0,0.0,0.0,0.0,0.0,0.0
1313,820,Quercus',0,66,73,0,0,0,0,11.398833274841309,7.653295993804932,85.59298976312708,0.9101084162523992,1089.2949740171432,13840.852520342514,0.0034990389308159576,41.62389852600594
1313,820,Robinia',0,0,0,0,0,0,0,0.0,0.0,0.0,0.0,0.0,0.0,0.0,0.0
1313,820,Salix',0,71,0,0,0,0,0,7.090930938720703,5.4369683265686035,36.935050777996636,0.09565275396367516,107.74402835130692,1335.726021999834,0.0007711317553576089,9.713834217997741
1313,820,Sassafras',0,0,0,0,0,0,0,0.0,0.0,0.0,0.0,0.0,0.0,0.0,0.0
1313,820,Sequoia',0,0,0,0,0,0,0,0.0,0.0,0.0,0.0,0.0,0.0,0.0,0.0
1313,820,Sequoiadendron',0,0,0,0,0,0,0,0.0,0.0,0.0,0.0,0.0,0.0,0.0,0.0
1313,820,Sorbus',0,0,0,0,0,0,0,0.0,0.0,0.0,0.0,0.0,0.0,0.0,0.0
1313,820,Taxodium',0,0,84,27,0,16,0,80.3388900756836,18.605609893798828,68.09298477312431,12.346589505649536,15380.149086444973,275528.46448304254,0.035158343734309025,620.3499112456634
1313,820,Taxus',0,0,0,0,0,0,0,0.0,0.0,0.0,0.0,0.0,0.0,0.0,0.0
1313,820,Thuja',0,0,0,0,0,0,0,0.0,0.0,0.0,0.0,0.0,0.0,0.0,0.0
1313,820,Tilia',0,0,0,0,0,0,0,0.0,0.0,0.0,0.0,0.0,0.0,0.0,0.0
1313,820,Torreya',0,5,38,36,0,0,0,29.25975227355957,13.27007007598877,15.766420969963074,3.4783434571199496,4336.255719038546,75414.03761361905,0.009863860871142912,170.8293184226976
1313,820,Tsuga',0,0,0,0,0,0,0,0.0,0.0,0.0,0.0,0.0,0.0,0.0,0.0
1313,820,Ulmus',0,0,0,0,0,0,0,0.0,0.0,0.0,0.0,0.0,0.0,0.0,0.0
1313,820,Umbellularia',0,0,0,0,0,0,0,0.0,0.0,0.0,0.0,0.0,0.0,0.0,0.0
1313,830,Abies',0,0,0,0,0,0,0,0.0,0.0,0.0,0.0,0.0,0.0,0.0,0.0
1313,830,Acer',0,429,211,21,0,0,0,30.774765014648438,17.615970611572266,248.44603625185124,5.210239287034968,6629.199232718349,62821.22769992052,0.018308073054148333,149.66872214987316
1313,830,Aesculus',0,0,0,0,0,0,0,0.0,0.0,0.0,0.0,0.0,0.0,0.0,0.0
1313,830,Ailanthus',0,0,0,0,0,0,0,0.0,0.0,0.0,0.0,0.0,0.0,0.0,0.0
1313,830,Alnus',0,0,0,0,0,0,0,0.0,0.0,0.0,0.0,0.0,0.0,0.0,0.0
1313,830,Amelanchier',0,0,0,0,0,0,0,0.0,0.0,0.0,0.0,0.0,0.0,0.0,0.0
1313,830,Arbutus',0,0,0,0,0,0,0,0.0,0.0,0.0,0.0,0.0,0.0,0.0,0.0
1313,830,Asimina',0,0,0,0,0,0,0,0.0,0.0,0.0,0.0,0.0,0.0,0.0,0.0
1313,830,Betula',0,0,0,0,0,0,0,0.0,0.0,0.0,0.0,0.0,0.0,0.0,0.0
1313,830,Calocedrus',0,0,0,0,0,0,0,0.0,0.0,0.0,0.0,0.0,0.0,0.0,0.0
1313,830,Carpinus',0,0,0,0,0,0,0,0.0,0.0,0.0,0.0,0.0,0.0,0.0,0.0
1313,830,Carya',0,65,74,0,0,0,0,16.012046813964844,10.531060218811035,33.872621696961076,1.5012803405221182,2012.4158346772194,29797.446031504216,0.004959650464162304,70.59384449825585
1313,830,Castanea',0,0,0,0,0,0,0,0.0,0.0,0.0,0.0,0.0,0.0,0.0,0.0
1313,830,Catalpa',0,33,0,0,0,0,0,4.859341621398926,3.0045523643493652,6.621372247044043,0.06172030489563669,47.77564567565918,1068.2959139971842,0.00020148643374443052,4.505373623965588
1313,830,Celtis',0,0,0,0,0,0,0,0.0,0.0,0.0,0.0,0.0,0.0,0.0,0.0
1313,830,Cercis',0,0,0,0,0,0,0,0.0,0.0,0.0,0.0,0.0,0.0,0.0,0.0
1313,830,Cercocarpus',0,0,0,0,0,0,0,0.0,0.0,0.0,0.0,0.0,0.0,0.0,0.0
1313,830,Chamaecyparis',0,0,0,0,0,0,0,0.0,0.0,0.0,0.0,0.0,0.0,0.0,0.0
1313,830,Chilopsis',0,0,0,0,0,0,0,0.0,0.0,0.0,0.0,0.0,0.0,0.0,0.0
1313,830,Chrysolepis',0,0,0,0,0,0,0,0.0,0.0,0.0,0.0,0.0,0.0,0.0,0.0
1313,830,Cladrastis',0,0,0,0,0,0,0,0.0,0.0,0.0,0.0,0.0,0.0,0.0,0.0
1313,830,Comus',0,0,0,0,0,0,0,0.0,0.0,0.0,0.0,0.0,0.0,0.0,0.0
1313,830,Cornus',0,0,0,0,0,0,0,0.0,0.0,0.0,0.0,0.0,0.0,0.0,0.0
1313,830,Crataegus',0,0,0,0,0,0,0,0.0,0.0,0.0,0.0,0.0,0.0,0.0,0.0
1313,830,Cupressus',0,0,0,0,0,0,0,0.0,0.0,0.0,0.0,0.0,0.0,0.0,0.0
1313,830,Diospyros',0,0,40,0,0,0,0,14.564459800720215,7.860237121582031,15.186121380781824,0.6664055955972288,858.8486510515213,19204.43966135203,0.0021271651834249127,47.564859495089124
1313,830,Elaeagnus',0,0,0,0,0,0,0,0.0,0.0,0.0,0.0,0.0,0.0,0.0,0.0
1313,830,Fagus',0,0,0,0,0,0,0,0.0,0.0,0.0,0.0,0.0,0.0,0.0,0.0
1313,830,Fraxinus',0,493,274,70,9,0,0,53.83122253417969,21.78679656982422,353.3678183605587,16.196748367553262,24174.84625054568,166265.24323877066,0.05880880635313138,379.75029105922135
1313,830,Gleditsia',0,24,0,0,0,0,0,1.0479092597961426,1.9526476860046387,0.0,0.002121643174228853,5.357379055023194,119.79463748265339,1.1905286426190287e-05,0.26621029740566926
1313,830,Gordonia',0,0,0,0,0,0,0,0.0,0.0,0.0,0.0,0.0,0.0,0.0,0.0
1313,830,Gymnocladus',0,0,0,0,0,0,0,0.0,0.0,0.0,0.0,0.0,0.0,0.0,0.0
1313,830,Halesia',0,0,0,0,0,0,0,0.0,0.0,0.0,0.0,0.0,0.0,0.0,0.0
1313,830,Ilex',0,0,0,0,0,0,0,0.0,0.0,0.0,0.0,0.0,0.0,0.0,0.0
1313,830,Juglans',0,0,0,0,0,0,0,0.0,0.0,0.0,0.0,0.0,0.0,0.0,0.0
1313,830,Juniperus',0,0,0,0,0,0,0,0.0,0.0,0.0,0.0,0.0,0.0,0.0,0.0
1313,830,Larix',0,0,0,0,0,0,0,0.0,0.0,0.0,0.0,0.0,0.0,0.0,0.0
1313,830,Liquidambar',0,0,0,0,0,0,0,0.0,0.0,0.0,0.0,0.0,0.0,0.0,0.0
1313,830,Liriodendron',0,991,1633,550,27,7,3,117.85514831542969,28.756193161010742,1487.166798294911,110.1766047249932,117374.45674845815,317966.8031472432,0.2822407187004003,728.9011239252728
1313,830,Lithocarpus',0,0,0,0,0,0,0,0.0,0.0,0.0,0.0,0.0,0.0,0.0,0.0
1313,830,Maclura',0,0,97,0,0,0,0,18.287342071533203,8.855697631835938,38.89684084095532,1.8362274351774435,2700.270643377304,34901.31786599269,0.006560543375194016,84.86686140011525
1313,830,Magnolia',0,0,0,14,0,0,0,29.858022689819336,11.753253936767578,8.485376020021075,1.0306703411109792,1041.1190174102783,23280.12895597166,0.0024357495632171787,54.46501599519038
1313,830,Malus',0,0,0,0,0,0,0,0.0,0.0,0.0,0.0,0.0,0.0,0.0,0.0
1313,830,Morus',0,0,0,0,0,0,0,0.0,0.0,0.0,0.0,0.0,0.0,0.0,0.0
1313,830,Nyssa',0,0,16,0,0,0,0,27.579885482788086,10.924530029296875,11.296105973328215,0.9964851815173514,1054.5399833965303,23580.23087866153,0.0025060357782840915,56.036663542898836
1313,830,Olneya',0,0,0,0,0,0,0,0.0,0.0,0.0,0.0,0.0,0.0,0.0,0.0
1313,830,Ostrya',0,0,0,0,0,0,0,0.0,0.0,0.0,0.0,0.0,0.0,0.0,0.0
1313,830,Oxydendron',0,0,0,0,0,0,0,0.0,0.0,0.0,0.0,0.0,0.0,0.0,0.0
1313,830,Paulownia',0,147,0,0,0,0,0,7.137850284576416,4.142126083374023,22.49502681478669,0.19374241963507197,114.7166892528534,1767.0368359692252,0.0005787543870918448,7.9816271379592605
1313,830,Persea',0,0,4,0,0,0,0,20.848268508911133,10.992703437805176,17.735135021209715,0.1624938084664897,272.51143674850465,6093.540972157905,0.0008617551424503317,19.269430784789627
1313,830,Picea',0,0,0,0,0,0,0,0.0,0.0,0.0,0.0,0.0,0.0,0.0,0.0
1313,830,Pinus',0,1052,1852,2270,259,48,34,126.97337341308594,32.47679901123047,2045.808657581359,393.5052853250985,666049.2577834768,1263363.2504685088,1.509660037456498,2820.3466534023573
1313,830,Planera',0,0,38,0,0,0,0,25.57903289794922,10.446860313415527,14.740249950297269,1.9547833470663147,1996.1873929917813,44636.10706557684,0.0046481659606397874,103.93615058691242
1313,830,Platanus',0,0,0,0,0,0,0,0.0,0.0,0.0,0.0,0.0,0.0,0.0,0.0
1313,830,Populus',0,186,73,0,0,0,0,17.890169143676758,10.621075630187988,86.83207535031663,1.767271884095846,1406.3697431190312,19693.06731316005,0.004375262030728601,49.7323522852477
1313,830,Prosopis',0,0,0,0,0,0,0,0.0,0.0,0.0,0.0,0.0,0.0,0.0,0.0
1313,830,Prunus',0,9,0,0,0,0,0,1.1437355279922485,1.8671207427978516,0.750837903234023,0.0010191844226749144,2.6980950617790223,60.33123967894443,1.6804495476186203e-05,0.3757599421233989
1313,830,Pseudotsuga',0,0,0,0,0,0,0,0.0,0.0,0.0,0.0,0.0,0.0,0.0,0.0
1313,830,Quercus',0,38,134,0,0,0,0,16.34162139892578,9.951013565063477,78.56130740593504,2.110951091982732,2525.309896816015,31347.954948217808,0.006523009140937457,79.21551329997337
1313,830,Robinia',0,0,0,0,0,0,0,0.0,0.0,0.0,0.0,0.0,0.0,0.0,0.0
1313,830,Salix',0,189,35,0,0,0,0,11.174560546875,7.543010711669922,43.14365008280058,0.4505349362278345,357.18678115442395,5772.69178854949,0.001414825216285292,20.150049583668537
1313,830,Sassafras',0,0,0,0,0,0,0,0.0,0.0,0.0,0.0,0.0,0.0,0.0,0.0
1313,830,Sequoia',0,0,0,0,0,0,0,0.0,0.0,0.0,0.0,0.0,0.0,0.0,0.0
1313,830,Sequoiadendron',0,0,0,0,0,0,0,0.0,0.0,0.0,0.0,0.0,0.0,0.0,0.0
1313,830,Sorbus',0,0,0,0,0,0,0,0.0,0.0,0.0,0.0,0.0,0.0,0.0,0.0
1313,830,Taxodium',0,48,84,0,0,16,0,81.73523712158203,18.811626434326172,111.06712491263316,12.290034219400662,15681.034490484,287030.2702163357,0.0364456157582847,648.4396425829863
1313,830,Taxus',0,0,0,0,0,0,0,0.0,0.0,0.0,0.0,0.0,0.0,0.0,0.0
1313,830,Thuja',0,0,0,0,0,0,0,0.0,0.0,0.0,0.0,0.0,0.0,0.0,0.0
1313,830,Tilia',0,0,0,0,0,0,0,0.0,0.0,0.0,0.0,0.0,0.0,0.0,0.0
1313,830,Torreya',0,0,43,36,0,0,0,31.436542510986328,13.693778991699219,43.11864928245544,4.361189342671599,5662.327883214951,92834.3214987262,0.013205775758812746,212.28989184000042
1313,830,Tsuga',0,0,0,0,0,0,0,0.0,0.0,0.0,0.0,0.0,0.0,0.0,0.0
1313,830,Ulmus',0,0,0,0,0,0,0,0.0,0.0,0.0,0.0,0.0,0.0,0.0,0.0
1313,830,Umbellularia',0,0,0,0,0,0,0,0.0,0.0,0.0,0.0,0.0,0.0,0.0,0.0
1313,840,Abies',0,0,0,0,0,0,0,0.0,0.0,0.0,0.0,0.0,0.0,0.0,0.0
1313,840,Acer',0,337,303,2,0,0,0,32.09112548828125,18.105518341064453,315.2326379164676,5.475115551631182,6674.796744122207,45023.84245333837,0.019370830812703896,116.31269357438262
1313,840,Aesculus',0,0,0,0,0,0,0,0.0,0.0,0.0,0.0,0.0,0.0,0.0,0.0
1313,840,Ailanthus',0,0,0,0,0,0,0,0.0,0.0,0.0,0.0,0.0,0.0,0.0,0.0
1313,840,Alnus',0,0,0,0,0,0,0,0.0,0.0,0.0,0.0,0.0,0.0,0.0,0.0
1313,840,Amelanchier',0,0,0,0,0,0,0,0.0,0.0,0.0,0.0,0.0,0.0,0.0,0.0
1313,840,Arbutus',0,0,0,0,0,0,0,0.0,0.0,0.0,0.0,0.0,0.0,0.0,0.0
1313,840,Asimina',0,0,0,0,0,0,0,0.0,0.0,0.0,0.0,0.0,0.0,0.0,0.0
1313,840,Betula',0,0,0,0,0,0,0,0.0,0.0,0.0,0.0,0.0,0.0,0.0,0.0
1313,840,Calocedrus',0,0,0,0,0,0,0,0.0,0.0,0.0,0.0,0.0,0.0,0.0,0.0
1313,840,Carpinus',0,0,0,0,0,0,0,0.0,0.0,0.0,0.0,0.0,0.0,0.0,0.0
1313,840,Carya',0,53,54,0,0,0,0,19.202678680419922,11.861593246459961,53.66108138349991,1.5216999536920857,2227.1394278240205,36941.94748463927,0.0057216797801852605,87.12029750950003
1313,840,Castanea',0,0,0,0,0,0,0,0.0,0.0,0.0,0.0,0.0,0.0,0.0,0.0
1313,840,Catalpa',0,20,0,0,0,0,0,1.1032748222351074,1.7032629251480103,0.0,0.0019846532748227833,5.459172449111938,122.07080697108275,1.2131494428031145e-05,0.2712684620973752
1313,840,Celtis',0,0,0,0,0,0,0,0.0,0.0,0.0,0.0,0.0,0.0,0.0,0.0
1313,840,Cercis',0,0,0,0,0,0,0,0.0,0.0,0.0,0.0,0.0,0.0,0.0,0.0
1313,840,Cercocarpus',0,0,0,0,0,0,0,0.0,0.0,0.0,0.0,0.0,0.0,0.0,0.0
1313,840,Chamaecyparis',0,0,0,0,0,0,0,0.0,0.0,0.0,0.0,0.0,0.0,0.0,0.0
1313,840,Chilopsis',0,0,0,0,0,0,0,0.0,0.0,0.0,0.0,0.0,0.0,0.0,0.0
1313,840,Chrysolepis',0,0,0,0,0,0,0,0.0,0.0,0.0,0.0,0.0,0.0,0.0,0.0
1313,840,Cladrastis',0,0,0,0,0,0,0,0.0,0.0,0.0,0.0,0.0,0.0,0.0,0.0
1313,840,Comus',0,0,0,0,0,0,0,0.0,0.0,0.0,0.0,0.0,0.0,0.0,0.0
1313,840,Cornus',0,0,0,0,0,0,0,0.0,0.0,0.0,0.0,0.0,0.0,0.0,0.0
1313,840,Crataegus',0,0,0,0,0,0,0,0.0,0.0,0.0,0.0,0.0,0.0,0.0,0.0
1313,840,Cupressus',0,0,0,0,0,0,0,0.0,0.0,0.0,0.0,0.0,0.0,0.0,0.0
1313,840,Diospyros',0,0,40,0,0,0,0,17.21014976501465,8.909358024597168,16.608464566967154,0.9305059873736387,1273.8479137420654,28484.105281235723,0.003069861352443637,68.64418665563451
1313,840,Elaeagnus',0,0,0,0,0,0,0,0.0,0.0,0.0,0.0,0.0,0.0,0.0,0.0
1313,840,Fagus',0,0,0,0,0,0,0,0.0,0.0,0.0,0.0,0.0,0.0,0.0,0.0
1313,840,Fraxinus',0,349,337,59,0,0,0,39.86470413208008,18.113624572753906,303.6578688053768,14.816857084752513,20675.303329545855,149675.9593094432,0.05031644175274441,342.3034752024097
1313,840,Gleditsia',0,40,0,0,0,0,0,3.052417755126953,2.897202491760254,13.01459119289736,0.029271017194969114,48.48336219787598,1084.1209365219288,0.0002950930800288964,6.598481866344038
1313,840,Gordonia',0,0,0,0,0,0,0,0.0,0.0,0.0,0.0,0.0,0.0,0.0,0.0
1313,840,Gymnocladus',0,0,0,0,0,0,0,0.0,0.0,0.0,0.0,0.0,0.0,0.0,0.0
1313,840,Halesia',0,0,0,0,0,0,0,0.0,0.0,0.0,0.0,0.0,0.0,0.0,0.0
1313,840,Ilex',0,0,0,0,0,0,0,0.0,0.0,0.0,0.0,0.0,0.0,0.0,0.0
1313,840,Juglans',0,0,0,0,0,0,0,0.0,0.0,0.0,0.0,0.0,0.0,0.0,0.0
1313,840,Juniperus',0,0,0,0,0,0,0,0.0,0.0,0.0,0.0,0.0,0.0,0.0,0.0
1313,840,Larix',0,0,0,0,0,0,0,0.0,0.0,0.0,0.0,0.0,0.0,0.0,0.0
1313,840,Liquidambar',0,0,0,0,0,0,0,0.0,0.0,0.0,0.0,0.0,0.0,0.0,0.0
1313,840,Liriodendron',0,1498,1353,507,31,7,0,126.81283569335938,29.542545318603516,1562.7265997147304,95.88052959195778,101814.7508684493,300487.82160682965,0.2487513177140617,689.8560881669982
1313,840,Lithocarpus',0,0,0,0,0,0,0,0.0,0.0,0.0,0.0,0.0,0.0,0.0,0.0
1313,840,Maclura',0,0,77,0,0,0,0,18.620473861694336,8.955474853515625,41.43046443975424,2.079297377072268,3233.4826472759246,51090.70161969439,0.007781931543588772,122.96327935506304
1313,840,Magnolia',0,0,0,14,0,0,0,36.81303787231445,13.03207015991211,13.777709429777119,1.5667547015206458,1703.324602203369,38087.495982745284,0.003983503505706767,89.07384627369042
1313,840,Malus',0,0,0,0,0,0,0,0.0,0.0,0.0,0.0,0.0,0.0,0.0,0.0
1313,840,Morus',0,0,0,0,0,0,0,0.0,0.0,0.0,0.0,0.0,0.0,0.0,0.0
1313,840,Nyssa',0,6,0,16,0,0,0,31.787118911743164,11.793294906616211,13.256077231674253,1.3293700203060912,1475.586205649972,32818.867494345795,0.0034699089257549495,76.46214512692106
1313,840,Olneya',0,0,0,0,0,0,0,0.0,0.0,0.0,0.0,0.0,0.0,0.0,0.0
1313,840,Ostrya',0,0,0,0,0,0,0,0.0,0.0,0.0,0.0,0.0,0.0,0.0,0.0
1313,840,Oxydendron',0,0,0,0,0,0,0,0.0,0.0,0.0,0.0,0.0,0.0,0.0,0.0
1313,840,Paulownia',0,21,31,0,0,0,0,11.149091720581055,5.555347442626953,25.219313328779194,0.37898860215890023,190.55803533554078,3407.4168618277754,0.0007865083247050704,12.648080737776006
1313,840,Persea',0,33,5,4,0,0,0,37.840476989746094,15.238007545471191,51.19463696479797,0.6638246934789472,1124.9839316272735,20226.79042979116,0.0032394423139095285,51.5312159180943
1313,840,Picea',0,0,0,0,0,0,0,0.0,0.0,0.0,0.0,0.0,0.0,0.0,0.0
1313,840,Pinus',0,1257,2185,2157,193,49,31,134.3015594482422,32.8764762878418,2421.8308724194762,375.41819027715826,633094.324958927,1235344.4591226757,1.4418582904616606,2758.7919395844283
1313,840,Planera',0,0,0,0,0,0,0,0.0,0.0,0.0,0.0,0.0,0.0,0.0,0.0
1313,840,Platanus',0,0,0,0,0,0,0,0.0,0.0,0.0,0.0,0.0,0.0,0.0,0.0
1313,840,Populus',0,141,39,0,0,0,0,27.163305282592773,10.412188529968262,78.58322160625005,0.8689316622694364,708.2544040375948,9102.899732904361,0.002705147842929699,28.73643109543928
1313,840,Prosopis',0,0,0,0,0,0,0,0.0,0.0,0.0,0.0,0.0,0.0,0.0,0.0
1313,840,Prunus',0,0,0,0,0,0,0,0.0,0.0,0.0,0.0,0.0,0.0,0.0,0.0
1313,840,Pseudotsuga',0,0,0,0,0,0,0,0.0,0.0,0.0,0.0,0.0,0.0,0.0,0.0
1313,840,Quercus',0,38,101,0,0,0,0,18.867923736572266,10.547188758850098,70.4531026669318,2.3494344774571276,2894.5573359411956,41294.97265411826,0.007260833632590884,99.79306192852613
1313,840,Robinia',0,0,0,0,0,0,0,0.0,0.0,0.0,0.0,0.0,0.0,0.0,0.0
1313,840,Salix',0,87,68,0,0,0,0,18.361143112182617,10.820391654968262,56.03280472887467,1.4795226941717299,1179.9321358174086,18051.094845401843,0.0034286947594061265,45.224741309246426
1313,840,Sassafras',0,0,0,0,0,0,0,0.0,0.0,0.0,0.0,0.0,0.0,0.0,0.0
1313,840,Sequoia',0,0,0,0,0,0,0,0.0,0.0,0.0,0.0,0.0,0.0,0.0,0.0
1313,840,Sequoiadendron',0,0,0,0,0,0,0,0.0,0.0,0.0,0.0,0.0,0.0,0.0,0.0
1313,840,Sorbus',0,0,0,0,0,0,0,0.0,0.0,0.0,0.0,0.0,0.0,0.0,0.0
1313,840,Taxodium',0,12,100,47,0,16,0,82.98523712158203,18.993925094604492,110.72338830632498,14.498558471402193,17952.70181245208,300980.5230084763,0.04148881661233292,681.6573744551498
1313,840,Taxus',0,0,0,0,0,0,0,0.0,0.0,0.0,0.0,0.0,0.0,0.0,0.0
1313,840,Thuja',0,0,0,0,0,0,0,0.0,0.0,0.0,0.0,0.0,0.0,0.0,0.0
1313,840,Tilia',0,0,0,0,0,0,0,0.0,0.0,0.0,0.0,0.0,0.0,0.0,0.0
1313,840,Torreya',0,0,38,5,0,0,0,28.515533447265625,13.115843772888184,25.400666255950927,2.2230422588549374,2823.479377498627,53449.959270326726,0.0066412970246076605,122.4766561008752
1313,840,Tsuga',0,0,0,0,0,0,0,0.0,0.0,0.0,0.0,0.0,0.0,0.0,0.0
1313,840,Ulmus',0,0,0,0,0,0,0,0.0,0.0,0.0,0.0,0.0,0.0,0.0,0.0
1313,840,Umbellularia',0,0,0,0,0,0,0,0.0,0.0,0.0,0.0,0.0,0.0,0.0,0.0
1313,850,Abies',0,0,0,0,0,0,0,0.0,0.0,0.0,0.0,0.0,0.0,0.0,0.0
1313,850,Acer',0,418,183,2,0,0,0,44.599754333496094,22.139806747436523,274.04390176263036,4.671552616464673,6114.730185825825,47690.713474738994,0.01753330343731954,118.42041121662737
1313,850,Aesculus',0,0,0,0,0,0,0,0.0,0.0,0.0,0.0,0.0,0.0,0.0,0.0
1313,850,Ailanthus',0,0,0,0,0,0,0,0.0,0.0,0.0,0.0,0.0,0.0,0.0,0.0
1313,850,Alnus',0,0,0,0,0,0,0,0.0,0.0,0.0,0.0,0.0,0.0,0.0,0.0
1313,850,Amelanchier',0,0,0,0,0,0,0,0.0,0.0,0.0,0.0,0.0,0.0,0.0,0.0
1313,850,Arbutus',0,0,0,0,0,0,0,0.0,0.0,0.0,0.0,0.0,0.0,0.0,0.0
1313,850,Asimina',0,0,0,0,0,0,0,0.0,0.0,0.0,0.0,0.0,0.0,0.0,0.0
1313,850,Betula',0,0,0,0,0,0,0,0.0,0.0,0.0,0.0,0.0,0.0,0.0,0.0
1313,850,Calocedrus',0,0,0,0,0,0,0,0.0,0.0,0.0,0.0,0.0,0.0,0.0,0.0
1313,850,Carpinus',0,0,0,0,0,0,0,0.0,0.0,0.0,0.0,0.0,0.0,0.0,0.0
1313,850,Carya',0,70,16,0,0,0,0,22.42852020263672,13.07323932647705,33.97978525373,0.7473486080526816,1167.7505516767503,23379.224121184394,0.0030841590540111354,56.791532504739955
1313,850,Castanea',0,0,0,0,0,0,0,0.0,0.0,0.0,0.0,0.0,0.0,0.0,0.0
1313,850,Catalpa',0,82,20,0,0,0,0,13.941301345825195,5.737699031829834,32.8328812292105,0.35489483940618877,273.39454800605773,4882.136004844861,0.0010801909981397802,16.75434987945399
1313,850,Celtis',0,27,0,0,0,0,0,5.2759904861450195,4.438618183135986,10.540018730525729,0.059465735235750695,63.15193438529968,1412.1201819613516,0.0002920670591294765,6.530817982019615
1313,850,Cercis',0,0,0,0,0,0,0,0.0,0.0,0.0,0.0,0.0,0.0,0.0,0.0
1313,850,Cercocarpus',0,0,0,0,0,0,0,0.0,0.0,0.0,0.0,0.0,0.0,0.0,0.0
1313,850,Chamaecyparis',0,0,0,0,0,0,0,0.0,0.0,0.0,0.0,0.0,0.0,0.0,0.0
1313,850,Chilopsis',0,0,0,0,0,0,0,0.0,0.0,0.0,0.0,0.0,0.0,0.0,0.0
1313,850,Chrysolepis',0,0,0,0,0,0,0,0.0,0.0,0.0,0.0,0.0,0.0,0.0,0.0
1313,850,Cladrastis',0,0,0,0,0,0,0,0.0,0.0,0.0,0.0,0.0,0.0,0.0,0.0
1313,850,Comus',0,0,0,0,0,0,0,0.0,0.0,0.0,0.0,0.0,0.0,0.0,0.0
1313,850,Cornus',0,0,0,0,0,0,0,0.0,0.0,0.0,0.0,0.0,0.0,0.0,0.0
1313,850,Crataegus',0,0,0,0,0,0,0,0.0,0.0,0.0,0.0,0.0,0.0,0.0,0.0
1313,850,Cupressus',0,0,0,0,0,0,0,0.0,0.0,0.0,0.0,0.0,0.0,0.0,0.0
1313,850,Diospyros',0,0,0,0,0,0,0,0.0,0.0,0.0,0.0,0.0,0.0,0.0,0.0
1313,850,Elaeagnus',0,0,0,0,0,0,0,0.0,0.0,0.0,0.0,0.0,0.0,0.0,0.0
1313,850,Fagus',0,0,0,0,0,0,0,0.0,0.0,0.0,0.0,0.0,0.0,0.0,0.0
1313,850,Fraxinus',0,497,307,70,0,0,0,44.35086441040039,19.312519073486328,390.6112605434712,13.554335884662546,18918.981906665416,141863.06822076533,0.04766524843761474,327.0088763758843
1313,850,Gleditsia',0,0,40,0,0,0,0,10.691754341125488,6.256674289703369,7.159095021742807,0.3591268001804127,341.58353090286255,7638.039950931879,0.0008621336817741234,19.277895181390928
1313,850,Gordonia',0,21,0,0,0,0,0,1.667831301689148,2.667849540710449,2.0346040698885917,0.004622849825259104,7.453537528216839,166.66616585938863,4.5952143092018625e-05,1.0275211566555127
1313,850,Gymnocladus',0,0,0,0,0,0,0,0.0,0.0,0.0,0.0,0.0,0.0,0.0,0.0
1313,850,Halesia',0,0,0,0,0,0,0,0.0,0.0,0.0,0.0,0.0,0.0,0.0,0.0
1313,850,Ilex',0,0,0,0,0,0,0,0.0,0.0,0.0,0.0,0.0,0.0,0.0,0.0
1313,850,Juglans',0,0,0,0,0,0,0,0.0,0.0,0.0,0.0,0.0,0.0,0.0,0.0
1313,850,Juniperus',0,0,0,0,0,0,0,0.0,0.0,0.0,0.0,0.0,0.0,0.0,0.0
1313,850,Larix',0,0,0,0,0,0,0,0.0,0.0,0.0,0.0,0.0,0.0,0.0,0.0
1313,850,Liquidambar',0,0,0,0,0,0,0,0.0,0.0,0.0,0.0,0.0,0.0,0.0,0.0
1313,850,Liriodendron',0,1697,1390,312,39,11,0,75.328369140625,23.369245529174805,1483.0165233399389,81.54584061007972,88005.47487829819,293829.09405049164,0.21691657158953798,670.8814326472755
1313,850,Lithocarpus',0,0,0,0,0,0,0,0.0,0.0,0.0,0.0,0.0,0.0,0.0,0.0
1313,850,Maclura',0,0,77,0,0,0,0,21.702045440673828,9.828351020812988,40.0360221651536,2.8361548449061407,4628.211921281814,73119.40459167001,0.010861256145715908,171.59547884543716
1313,850,Magnolia',0,20,0,0,0,0,0,2.4846391677856445,2.6121339797973633,4.446034620079812,0.009949331289515473,13.853743629455566,309.779124983173,9.478923409804705e-05,2.119551709783755
1313,850,Malus',0,0,0,0,0,0,0,0.0,0.0,0.0,0.0,0.0,0.0,0.0,0.0
1313,850,Morus',0,0,0,0,0,0,0,0.0,0.0,0.0,0.0,0.0,0.0,0.0,0.0
1313,850,Nyssa',0,0,6,16,0,0,0,36.08665084838867,12.571013450622559,22.50901147345953,1.859555284017642,2145.1795982205867,44213.147683651914,0.005091095571041073,101.70023074430908
1313,850,Olneya',0,0,0,0,0,0,0,0.0,0.0,0.0,0.0,0.0,0.0,0.0,0.0
1313,850,Ostrya',0,0,0,0,0,0,0,0.0,0.0,0.0,0.0,0.0,0.0,0.0,0.0
1313,850,Oxydendron',0,0,0,0,0,0,0,0.0,0.0,0.0,0.0,0.0,0.0,0.0,0.0
1313,850,Paulownia',0,33,47,0,0,0,0,20.38254737854004,8.37447738647461,35.99531578489496,1.6267882879475326,866.5589661049843,13608.880490742185,0.0024438590635508586,36.14138388393592
1313,850,Persea',0,0,0,0,4,0,0,52.02558898925781,17.365589141845703,12.646418085098267,1.011884271372736,1805.0399031925201,40361.919256381225,0.004193870322545366,93.77779130030356
1313,850,Picea',0,0,0,0,0,0,0,0.0,0.0,0.0,0.0,0.0,0.0,0.0,0.0
1313,850,Pinus',0,1127,2460,2159,216,50,27,133.9581298828125,32.85895919799805,2511.4961826738713,390.46416061068453,659818.4069237873,1287957.8758171168,1.5025402872964932,2874.9369179480464
1313,850,Planera',0,0,0,0,0,0,0,0.0,0.0,0.0,0.0,0.0,0.0,0.0,0.0
1313,850,Platanus',0,40,0,0,0,0,0,1.6960734128952026,1.8050616979599,7.2359227681461755,0.009037309699733827,27.469452619552612,614.235633620293,0.0001652083583176116,3.694171196493223
1313,850,Populus',0,253,47,0,0,0,0,12.650372505187988,8.258866310119629,119.99460416126853,0.9914992871402107,799.8280533862114,8252.95659389292,0.00350478467834925,30.102841195533063
1313,850,Prosopis',0,0,0,0,0,0,0,0.0,0.0,0.0,0.0,0.0,0.0,0.0,0.0
1313,850,Prunus',0,0,0,0,0,0,0,0.0,0.0,0.0,0.0,0.0,0.0,0.0,0.0
1313,850,Pseudotsuga',0,0,0,0,0,0,0,0.0,0.0,0.0,0.0,0.0,0.0,0.0,0.0
1313,850,Quercus',0,141,64,0,0,0,0,21.685070037841797,9.149758338928223,121.82220144739632,2.214743616498161,2806.896557118893,47172.23715493,0.00755973664560905,122.354336032714
1313,850,Robinia',0,0,0,0,0,0,0,0.0,0.0,0.0,0.0,0.0,0.0,0.0,0.0
1313,850,Salix',0,167,0,0,0,0,0,7.086169242858887,5.43440055847168,44.544184856776944,0.15103282356221231,159.5245368358493,1826.7852698202025,0.0009957372481054626,11.522548443157664
1313,850,Sassafras',0,0,0,0,0,0,0,0.0,0.0,0.0,0.0,0.0,0.0,0.0,0.0
1313,850,Sequoia',0,0,0,0,0,0,0,0.0,0.0,0.0,0.0,0.0,0.0,0.0,0.0
1313,850,Sequoiadendron',0,0,0,0,0,0,0,0.0,0.0,0.0,0.0,0.0,0.0,0.0,0.0
1313,850,Sorbus',0,0,0,0,0,0,0,0.0,0.0,0.0,0.0,0.0,0.0,0.0,0.0
1313,850,Taxodium',0,0,100,47,0,16,0,84.68067932128906,19.238018035888672,104.09382496453539,16.946271866485827,20689.305475172998,319491.44736938976,0.047474721880197635,716.973413985341
1313,850,Taxus',0,0,0,0,0,0,0,0.0,0.0,0.0,0.0,0.0,0.0,0.0,0.0
1313,850,Thuja',0,0,0,0,0,0,0,0.0,0.0,0.0,0.0,0.0,0.0,0.0,0.0
1313,850,Tilia',0,0,0,0,0,0,0,0.0,0.0,0.0,0.0,0.0,0.0,0.0,0.0
1313,850,Torreya',0,5,38,5,0,0,0,41.422523498535156,15.200257301330566,36.04486126899719,2.9812654454293286,3987.0877870941163,69664.83818082354,0.00938084317283695,162.10488463782684
1313,850,Tsuga',0,0,0,0,0,0,0,0.0,0.0,0.0,0.0,0.0,0.0,0.0,0.0
1313,850,Ulmus',0,0,0,0,0,0,0,0.0,0.0,0.0,0.0,0.0,0.0,0.0,0.0
1313,850,Umbellularia',0,0,0,0,0,0,0,0.0,0.0,0.0,0.0,0.0,0.0,0.0,0.0
1313,860,Abies',0,0,0,0,0,0,0,0.0,0.0,0.0,0.0,0.0,0.0,0.0,0.0
1313,860,Acer',0,453,126,28,0,0,0,33.0949592590332,18.46984100341797,239.56093154918355,4.56826712619079,6295.736548474282,60357.993556633795,0.01743913836211041,143.07886060734884
1313,860,Aesculus',0,0,0,0,0,0,0,0.0,0.0,0.0,0.0,0.0,0.0,0.0,0.0
1313,860,Ailanthus',0,0,0,0,0,0,0,0.0,0.0,0.0,0.0,0.0,0.0,0.0,0.0
1313,860,Alnus',0,0,0,0,0,0,0,0.0,0.0,0.0,0.0,0.0,0.0,0.0,0.0
1313,860,Amelanchier',0,0,0,0,0,0,0,0.0,0.0,0.0,0.0,0.0,0.0,0.0,0.0
1313,860,Arbutus',0,0,0,0,0,0,0,0.0,0.0,0.0,0.0,0.0,0.0,0.0,0.0
1313,860,Asimina',0,0,0,0,0,0,0,0.0,0.0,0.0,0.0,0.0,0.0,0.0,0.0
1313,860,Betula',0,0,0,0,0,0,0,0.0,0.0,0.0,0.0,0.0,0.0,0.0,0.0
1313,860,Calocedrus',0,0,0,0,0,0,0,0.0,0.0,0.0,0.0,0.0,0.0,0.0,0.0
1313,860,Carpinus',0,0,0,0,0,0,0,0.0,0.0,0.0,0.0,0.0,0.0,0.0,0.0
1313,860,Carya',0,72,0,0,0,0,0,6.532841682434082,6.8283514976501465,37.54997365553922,0.18924970534023497,274.36616838753224,3749.1740957632637,0.0011502553135566405,15.152993310718017
1313,860,Castanea',0,0,0,0,0,0,0,0.0,0.0,0.0,0.0,0.0,0.0,0.0,0.0
1313,860,Catalpa',0,20,0,0,0,0,0,1.2545976638793945,1.7578089237213135,0.0,0.002566410831802278,6.027562472820282,134.78039427852875,1.339458328904584e-05,0.2995119876458929
1313,860,Celtis',0,0,27,0,0,0,0,12.410954475402832,8.144305229187012,9.472319634654854,0.3290554972366698,320.74004299640654,7171.965392461727,0.0008491149818897353,18.986788202189533
1313,860,Cercis',0,0,0,0,0,0,0,0.0,0.0,0.0,0.0,0.0,0.0,0.0,0.0
1313,860,Cercocarpus',0,0,0,0,0,0,0,0.0,0.0,0.0,0.0,0.0,0.0,0.0,0.0
1313,860,Chamaecyparis',0,0,0,0,0,0,0,0.0,0.0,0.0,0.0,0.0,0.0,0.0,0.0
1313,860,Chilopsis',0,0,0,0,0,0,0,0.0,0.0,0.0,0.0,0.0,0.0,0.0,0.0
1313,860,Chrysolepis',0,0,0,0,0,0,0,0.0,0.0,0.0,0.0,0.0,0.0,0.0,0.0
1313,860,Cladrastis',0,0,0,0,0,0,0,0.0,0.0,0.0,0.0,0.0,0.0,0.0,0.0
1313,860,Comus',0,0,0,0,0,0,0,0.0,0.0,0.0,0.0,0.0,0.0,0.0,0.0
1313,860,Cornus',0,0,0,0,0,0,0,0.0,0.0,0.0,0.0,0.0,0.0,0.0,0.0
1313,860,Crataegus',0,0,0,0,0,0,0,0.0,0.0,0.0,0.0,0.0,0.0,0.0,0.0
1313,860,Cupressus',0,0,0,0,0,0,0,0.0,0.0,0.0,0.0,0.0,0.0,0.0,0.0
1313,860,Diospyros',0,36,0,0,0,0,0,2.2338061332702637,2.398890972137451,6.579008200500584,0.014171285945205737,31.3041761636734,699.9826588160245,0.00016427331297844374,3.673262947088978
1313,860,Elaeagnus',0,0,0,0,0,0,0,0.0,0.0,0.0,0.0,0.0,0.0,0.0,0.0
1313,860,Fagus',0,0,0,0,0,0,0,0.0,0.0,0.0,0.0,0.0,0.0,0.0,0.0
1313,860,Fraxinus',0,363,475,34,0,0,0,47.59943771362305,20.254589080810547,392.1076733317178,14.930339440586009,20208.768995390536,146650.84811017234,0.05055298352804303,336.8474275267297
1313,860,Gleditsia',0,21,40,0,0,0,0,16.16361427307129,8.193218231201172,11.220336731853363,0.8319816313879138,889.099996278286,19436.34753298905,0.0021373007704112673,45.67632035827007
1313,860,Gordonia',0,0,0,0,0,0,0,0.0,0.0,0.0,0.0,0.0,0.0,0.0,0.0
1313,860,Gymnocladus',0,0,0,0,0,0,0,0.0,0.0,0.0,0.0,0.0,0.0,0.0,0.0
1313,860,Halesia',0,0,0,0,0,0,0,0.0,0.0,0.0,0.0,0.0,0.0,0.0,0.0
1313,860,Ilex',0,0,0,0,0,0,0,0.0,0.0,0.0,0.0,0.0,0.0,0.0,0.0
1313,860,Juglans',0,0,0,0,0,0,0,0.0,0.0,0.0,0.0,0.0,0.0,0.0,0.0
1313,860,Juniperus',0,0,0,0,0,0,0,0.0,0.0,0.0,0.0,0.0,0.0,0.0,0.0
1313,860,Larix',0,0,0,0,0,0,0,0.0,0.0,0.0,0.0,0.0,0.0,0.0,0.0
1313,860,Liquidambar',0,0,0,0,0,0,0,0.0,0.0,0.0,0.0,0.0,0.0,0.0,0.0
1313,860,Liriodendron',0,1139,1725,264,14,9,0,85.69287872314453,24.984622955322266,1494.6343023254522,72.98293672282554,74828.26468870282,250045.95793763714,0.18780112412099823,574.8897203046781
1313,860,Lithocarpus',0,0,0,0,0,0,0,0.0,0.0,0.0,0.0,0.0,0.0,0.0,0.0
1313,860,Maclura',0,0,77,0,0,0,0,24.052967071533203,10.437172889709473,26.92804055123389,3.5038807947883006,5897.0091368627545,93153.82213481296,0.013492108682036274,213.1320508552055
1313,860,Magnolia',0,0,0,0,0,0,0,0.0,0.0,0.0,0.0,0.0,0.0,0.0,0.0
1313,860,Malus',0,0,0,0,0,0,0,0.0,0.0,0.0,0.0,0.0,0.0,0.0,0.0
1313,860,Morus',0,0,0,0,0,0,0,0.0,0.0,0.0,0.0,0.0,0.0,0.0,0.0
1313,860,Nyssa',0,0,0,6,0,0,0,29.673288345336914,13.57861614227295,11.136301680456231,0.44535578940659803,562.9940682601929,12588.930075589515,0.0014114111824035656,31.560113480577247
1313,860,Olneya',0,0,0,0,0,0,0,0.0,0.0,0.0,0.0,0.0,0.0,0.0,0.0
1313,860,Ostrya',0,0,0,0,0,0,0,0.0,0.0,0.0,0.0,0.0,0.0,0.0,0.0
1313,860,Oxydendron',0,0,0,0,0,0,0,0.0,0.0,0.0,0.0,0.0,0.0,0.0,0.0
1313,860,Paulownia',0,38,23,16,0,0,0,31.37108039855957,11.066934585571289,36.89100706124607,1.935104292393822,1163.349788069725,19500.943036420056,0.0031162882760502617,51.21947994866669
1313,860,Persea',0,35,0,0,0,0,0,5.517643451690674,4.532886981964111,14.700776317119598,0.08426224915477583,105.56175706624985,2360.432646244508,0.0004469262200556622,9.993574089715016
1313,860,Picea',0,0,0,0,0,0,0,0.0,0.0,0.0,0.0,0.0,0.0,0.0,0.0
1313,860,Pinus',0,928,2760,1724,208,66,25,137.0,33.01020050048828,2279.324352708161,372.11583810032226,629523.8485181159,1236449.1371023306,1.431865463029812,2760.335959348802
1313,860,Planera',0,0,0,0,0,0,0,0.0,0.0,0.0,0.0,0.0,0.0,0.0,0.0
1313,860,Platanus',0,0,0,0,0,0,0,0.0,0.0,0.0,0.0,0.0,0.0,0.0,0.0
1313,860,Populus',0,79,103,0,0,0,0,22.465486526489258,11.255806922912598,70.89877482833741,2.1679299483558547,1746.0577857631445,22046.303581709923,0.004900755532446586,54.67194188123013
1313,860,Prosopis',0,0,0,0,0,0,0,0.0,0.0,0.0,0.0,0.0,0.0,0.0,0.0
1313,860,Prunus',0,0,0,0,0,0,0,0.0,0.0,0.0,0.0,0.0,0.0,0.0,0.0
1313,860,Pseudotsuga',0,0,0,0,0,0,0,0.0,0.0,0.0,0.0,0.0,0.0,0.0,0.0
1313,860,Quercus',0,57,136,0,0,0,0,21.063234329223633,10.97856330871582,49.225505732848674,1.8799306511838063,2016.6146485251188,24539.246737267895,0.005189994304239787,60.1833243884481
1313,860,Robinia',0,0,0,0,0,0,0,0.0,0.0,0.0,0.0,0.0,0.0,0.0,0.0
1313,860,Salix',0,187,24,0,0,0,0,8.913954734802246,6.400513648986816,72.23683048747007,0.3809552283852402,328.1373796993494,3343.462513503582,0.0017690834791030405,16.824754455498542
1313,860,Sassafras',0,0,0,0,0,0,0,0.0,0.0,0.0,0.0,0.0,0.0,0.0,0.0
1313,860,Sequoia',0,0,0,0,0,0,0,0.0,0.0,0.0,0.0,0.0,0.0,0.0,0.0
1313,860,Sequoiadendron',0,0,0,0,0,0,0,0.0,0.0,0.0,0.0,0.0,0.0,0.0,0.0
1313,860,Sorbus',0,0,0,0,0,0,0,0.0,0.0,0.0,0.0,0.0,0.0,0.0,0.0
1313,860,Taxodium',0,0,100,47,0,16,0,86.1728515625,19.449867248535156,108.71369830037973,19.39789253217199,23553.52855177164,338489.7340441755,0.053906169229566744,761.7020048321472
1313,860,Taxus',0,0,0,0,0,0,0,0.0,0.0,0.0,0.0,0.0,0.0,0.0,0.0
1313,860,Thuja',0,0,0,0,0,0,0,0.0,0.0,0.0,0.0,0.0,0.0,0.0,0.0
1313,860,Tilia',0,0,0,0,0,0,0,0.0,0.0,0.0,0.0,0.0,0.0,0.0,0.0
1313,860,Torreya',0,0,5,38,0,0,0,29.70932960510254,13.360867500305176,22.211415939331054,2.737383353810033,3602.155106124878,77961.15877255934,0.0083256211130618,176.50937383594027
1313,860,Tsuga',0,0,0,0,0,0,0,0.0,0.0,0.0,0.0,0.0,0.0,0.0,0.0
1313,860,Ulmus',0,0,0,0,0,0,0,0.0,0.0,0.0,0.0,0.0,0.0,0.0,0.0
1313,860,Umbellularia',0,0,0,0,0,0,0,0.0,0.0,0.0,0.0,0.0,0.0,0.0,0.0
1313,870,Abies',0,0,0,0,0,0,0,0.0,0.0,0.0,0.0,0.0,0.0,0.0,0.0
1313,870,Acer',0,394,222,25,0,0,0,45.02983856201172,22.260534286499023,226.47655942206137,5.103365260152886,7276.040022954345,77609.92028012013,0.019429233512301802,182.0015958172226
1313,870,Aesculus',0,0,0,0,0,0,0,0.0,0.0,0.0,0.0,0.0,0.0,0.0,0.0
1313,870,Ailanthus',0,0,0,0,0,0,0,0.0,0.0,0.0,0.0,0.0,0.0,0.0,0.0
1313,870,Alnus',0,0,0,0,0,0,0,0.0,0.0,0.0,0.0,0.0,0.0,0.0,0.0
1313,870,Amelanchier',0,0,0,0,0,0,0,0.0,0.0,0.0,0.0,0.0,0.0,0.0,0.0
1313,870,Arbutus',0,0,0,0,0,0,0,0.0,0.0,0.0,0.0,0.0,0.0,0.0,0.0
1313,870,Asimina',0,0,0,0,0,0,0,0.0,0.0,0.0,0.0,0.0,0.0,0.0,0.0
1313,870,Betula',0,0,0,0,0,0,0,0.0,0.0,0.0,0.0,0.0,0.0,0.0,0.0
1313,870,Calocedrus',0,0,0,0,0,0,0,0.0,0.0,0.0,0.0,0.0,0.0,0.0,0.0
1313,870,Carpinus',0,0,0,0,0,0,0,0.0,0.0,0.0,0.0,0.0,0.0,0.0,0.0
1313,870,Carya',0,37,56,0,0,0,0,12.999491691589355,11.12063217163086,39.33197906500176,0.7884562754758047,1081.672427945137,16074.783480365133,0.0029699221808984983,42.348907653719536
1313,870,Castanea',0,0,0,0,0,0,0,0.0,0.0,0.0,0.0,0.0,0.0,0.0,0.0
1313,870,Catalpa',0,0,20,0,0,0,0,12.501338958740234,5.340183258056641,8.704346954068049,0.25481811103187324,164.83706158161164,3685.868749078041,0.0004916084857732023,10.992699925046193
1313,870,Celtis',0,27,17,0,0,0,0,8.789682388305664,6.336048126220703,15.742165455712547,0.11160123380959523,125.14144296288491,2657.1697968099916,0.0005047093234695527,10.450760706804767
1313,870,Cercis',0,0,0,0,0,0,0,0.0,0.0,0.0,0.0,0.0,0.0,0.0,0.0
1313,870,Cercocarpus',0,0,0,0,0,0,0,0.0,0.0,0.0,0.0,0.0,0.0,0.0,0.0
1313,870,Chamaecyparis',0,0,0,0,0,0,0,0.0,0.0,0.0,0.0,0.0,0.0,0.0,0.0
1313,870,Chilopsis',0,0,0,0,0,0,0,0.0,0.0,0.0,0.0,0.0,0.0,0.0,0.0
1313,870,Chrysolepis',0,0,0,0,0,0,0,0.0,0.0,0.0,0.0,0.0,0.0,0.0,0.0
1313,870,Cladrastis',0,0,0,0,0,0,0,0.0,0.0,0.0,0.0,0.0,0.0,0.0,0.0
1313,870,Comus',0,0,0,0,0,0,0,0.0,0.0,0.0,0.0,0.0,0.0,0.0,0.0
1313,870,Cornus',0,0,0,0,0,0,0,0.0,0.0,0.0,0.0,0.0,0.0,0.0,0.0
1313,870,Crataegus',0,0,0,0,0,0,0,0.0,0.0,0.0,0.0,0.0,0.0,0.0,0.0
1313,870,Cupressus',0,0,0,0,0,0,0,0.0,0.0,0.0,0.0,0.0,0.0,0.0,0.0
1313,870,Diospyros',0,36,0,0,0,0,0,3.9126298427581787,3.2015013694763184,4.890398315236538,0.043476625601733924,56.09490631103516,1254.3202370295612,0.00019505534301697872,4.361570063605012
1313,870,Elaeagnus',0,0,0,0,0,0,0,0.0,0.0,0.0,0.0,0.0,0.0,0.0,0.0
1313,870,Fagus',0,0,0,0,0,0,0,0.0,0.0,0.0,0.0,0.0,0.0,0.0,0.0
1313,870,Fraxinus',0,354,392,58,12,0,0,50.93223190307617,21.094104766845703,383.7814199490637,17.79034560582233,24957.14036520183,178552.97332015878,0.060985058440952575,409.0148885583475
1313,870,Gleditsia',0,0,46,0,0,0,0,20.173837661743164,9.40654468536377,14.877831794415846,1.3392230084115753,1535.1135568296909,32782.464439000316,0.003625538123697042,76.7416762065031
1313,870,Gordonia',0,27,0,0,0,0,0,4.249530792236328,4.600296497344971,7.200575523376465,0.03948581198901723,42.32559425354004,946.4290593898938,0.00019806518468260597,4.428872169263581
1313,870,Gymnocladus',0,0,0,0,0,0,0,0.0,0.0,0.0,0.0,0.0,0.0,0.0,0.0
1313,870,Halesia',0,0,0,0,0,0,0,0.0,0.0,0.0,0.0,0.0,0.0,0.0,0.0
1313,870,Ilex',0,0,0,0,0,0,0,0.0,0.0,0.0,0.0,0.0,0.0,0.0,0.0
1313,870,Juglans',0,0,0,0,0,0,0,0.0,0.0,0.0,0.0,0.0,0.0,0.0,0.0
1313,870,Juniperus',0,0,0,0,0,0,0,0.0,0.0,0.0,0.0,0.0,0.0,0.0,0.0
1313,870,Larix',0,0,0,0,0,0,0,0.0,0.0,0.0,0.0,0.0,0.0,0.0,0.0
1313,870,Liquidambar',0,0,0,0,0,0,0,0.0,0.0,0.0,0.0,0.0,0.0,0.0,0.0
1313,870,Liriodendron',0,1269,1708,258,10,9,1,97.07174682617188,26.512605667114258,1520.6761809008171,82.21086666066313,84656.12595010482,268157.5834651209,0.21001570198569744,617.3803035032939
1313,870,Lithocarpus',0,0,0,0,0,0,0,0.0,0.0,0.0,0.0,0.0,0.0,0.0,0.0
1313,870,Maclura',0,0,77,0,0,0,0,25.886789321899414,10.880412101745605,48.35999681979795,4.049851937464676,7038.016935958863,111174.54046367902,0.016336206890106432,258.05086006458623
1313,870,Magnolia',0,90,38,0,0,0,0,9.68374252319336,6.480288505554199,65.9202722261978,0.3807350199896483,375.2332164204121,5993.231974624401,0.001435630439353481,20.395210781362728
1313,870,Malus',0,0,0,0,0,0,0,0.0,0.0,0.0,0.0,0.0,0.0,0.0,0.0
1313,870,Morus',0,0,0,0,0,0,0,0.0,0.0,0.0,0.0,0.0,0.0,0.0,0.0
1313,870,Nyssa',0,0,0,6,0,0,0,40.038330078125,16.488208770751953,12.588065115711355,0.8108259879732596,1165.018849902153,26050.613434498322,0.0027701430023908532,61.942280607412926
1313,870,Olneya',0,0,0,0,0,0,0,0.0,0.0,0.0,0.0,0.0,0.0,0.0,0.0
1313,870,Ostrya',0,0,0,0,0,0,0,0.0,0.0,0.0,0.0,0.0,0.0,0.0,0.0
1313,870,Oxydendron',0,0,0,0,0,0,0,0.0,0.0,0.0,0.0,0.0,0.0,0.0,0.0
1313,870,Paulownia',0,68,0,0,0,0,0,4.137477874755859,3.0011439323425293,20.98077960972544,0.04739705652184691,48.05500470995903,822.9445130985208,0.00040881887522526485,7.3902420213611695
1313,870,Persea',0,29,71,0,0,0,0,12.635236740112305,7.932427406311035,33.30028090238571,0.6471798187628053,715.100079600811,11702.000974180755,0.002070115351140484,32.258385175932204
1313,870,Picea',0,0,0,0,0,0,0,0.0,0.0,0.0,0.0,0.0,0.0,0.0,0.0
1313,870,Pinus',0,955,2546,1863,263,45,21,122.93621826171875,32.23168182373047,2287.8847011104226,383.1133158355657,641637.1369213313,1173125.252508677,1.4589075342465698,2622.1640695588558
1313,870,Planera',0,0,0,0,0,0,0,0.0,0.0,0.0,0.0,0.0,0.0,0.0,0.0
1313,870,Platanus',0,0,0,0,0,0,0,0.0,0.0,0.0,0.0,0.0,0.0,0.0,0.0
1313,870,Populus',0,47,5,25,0,0,0,32.781883239746094,11.970187187194824,63.064559637745724,2.4151954023341933,2160.042060174942,29402.302611680723,0.0057079428720139035,72.52824780596215
1313,870,Prosopis',0,0,0,0,0,0,0,0.0,0.0,0.0,0.0,0.0,0.0,0.0,0.0
1313,870,Prunus',0,0,0,0,0,0,0,0.0,0.0,0.0,0.0,0.0,0.0,0.0,0.0
1313,870,Pseudotsuga',0,0,0,0,0,0,0,0.0,0.0,0.0,0.0,0.0,0.0,0.0,0.0
1313,870,Quercus',0,44,88,0,0,0,0,25.2968692779541,12.565258026123047,50.63965502796294,2.2518116461206756,2683.871506354809,37558.66262105824,0.006693144926533088,88.43282462174032
1313,870,Robinia',0,0,0,0,0,0,0,0.0,0.0,0.0,0.0,0.0,0.0,0.0,0.0
1313,870,Salix',0,176,75,0,0,0,0,13.737066268920898,8.771347999572754,46.331421201930766,1.1035652172893047,811.9652634578944,11261.832990959541,0.002471333764121881,30.29423521175285
1313,870,Sassafras',0,0,0,0,0,0,0,0.0,0.0,0.0,0.0,0.0,0.0,0.0,0.0
1313,870,Sequoia',0,0,0,0,0,0,0,0.0,0.0,0.0,0.0,0.0,0.0,0.0,0.0
1313,870,Sequoiadendron',0,0,0,0,0,0,0,0.0,0.0,0.0,0.0,0.0,0.0,0.0,0.0
1313,870,Sorbus',0,0,0,0,0,0,0,0.0,0.0,0.0,0.0,0.0,0.0,0.0,0.0
1313,870,Taxodium',0,0,35,84,0,16,0,87.55521392822266,19.643672943115234,69.7857970470869,20.17559322939657,24987.651535354853,356396.1986986675,0.056532720250755654,801.7538901991226
1313,870,Taxus',0,0,0,0,0,0,0,0.0,0.0,0.0,0.0,0.0,0.0,0.0,0.0
1313,870,Thuja',0,0,0,0,0,0,0,0.0,0.0,0.0,0.0,0.0,0.0,0.0,0.0
1313,870,Tilia',0,0,0,0,0,0,0,0.0,0.0,0.0,0.0,0.0,0.0,0.0,0.0
1313,870,Torreya',0,0,0,43,0,0,0,31.677688598632812,13.738317489624023,37.02752014160156,3.3927809731244905,4597.875401000977,91462.11130071299,0.010752342849731294,209.54402157232033
1313,870,Tsuga',0,0,0,0,0,0,0,0.0,0.0,0.0,0.0,0.0,0.0,0.0,0.0
1313,870,Ulmus',0,0,0,0,0,0,0,0.0,0.0,0.0,0.0,0.0,0.0,0.0,0.0
1313,870,Umbellularia',0,0,0,0,0,0,0,0.0,0.0,0.0,0.0,0.0,0.0,0.0,0.0
1313,880,Abies',0,0,0,0,0,0,0,0.0,0.0,0.0,0.0,0.0,0.0,0.0,0.0
1313,880,Acer',0,369,303,0,0,0,0,21.256460189819336,13.64277458190918,328.1960001334406,5.274644381140748,6142.334552515224,39021.4165557441,0.018374196165580753,102.84145665535677
1313,880,Aesculus',0,0,0,0,0,0,0,0.0,0.0,0.0,0.0,0.0,0.0,0.0,0.0
1313,880,Ailanthus',0,0,0,0,0,0,0,0.0,0.0,0.0,0.0,0.0,0.0,0.0,0.0
1313,880,Alnus',0,0,0,0,0,0,0,0.0,0.0,0.0,0.0,0.0,0.0,0.0,0.0
1313,880,Amelanchier',0,0,0,0,0,0,0,0.0,0.0,0.0,0.0,0.0,0.0,0.0,0.0
1313,880,Arbutus',0,0,0,0,0,0,0,0.0,0.0,0.0,0.0,0.0,0.0,0.0,0.0
1313,880,Asimina',0,0,0,0,0,0,0,0.0,0.0,0.0,0.0,0.0,0.0,0.0,0.0
1313,880,Betula',0,0,0,0,0,0,0,0.0,0.0,0.0,0.0,0.0,0.0,0.0,0.0
1313,880,Calocedrus',0,0,0,0,0,0,0,0.0,0.0,0.0,0.0,0.0,0.0,0.0,0.0
1313,880,Carpinus',0,0,0,0,0,0,0,0.0,0.0,0.0,0.0,0.0,0.0,0.0,0.0
1313,880,Carya',0,0,93,0,0,0,0,18.809099197387695,13.593305587768555,34.15911414106435,1.5913587761758814,2370.235540308356,34042.360207792124,0.005758929263465127,81.35856717904178
1313,880,Castanea',0,0,0,0,0,0,0,0.0,0.0,0.0,0.0,0.0,0.0,0.0,0.0
1313,880,Catalpa',0,20,0,0,0,0,0,5.731776714324951,3.2916221618652344,22.348750177063515,0.05356680679200872,63.84346636533737,1427.583307121156,0.00046359704180807144,10.366344996506605
1313,880,Celtis',0,28,0,0,0,0,0,4.027951240539551,3.7286581993103027,13.561161816874636,0.03629094487187464,52.50916226387024,1174.1405626358116,0.0003119074812829454,6.974463308394099
1313,880,Cercis',0,0,0,0,0,0,0,0.0,0.0,0.0,0.0,0.0,0.0,0.0,0.0
1313,880,Cercocarpus',0,0,0,0,0,0,0,0.0,0.0,0.0,0.0,0.0,0.0,0.0,0.0
1313,880,Chamaecyparis',0,0,0,0,0,0,0,0.0,0.0,0.0,0.0,0.0,0.0,0.0,0.0
1313,880,Chilopsis',0,0,0,0,0,0,0,0.0,0.0,0.0,0.0,0.0,0.0,0.0,0.0
1313,880,Chrysolepis',0,0,0,0,0,0,0,0.0,0.0,0.0,0.0,0.0,0.0,0.0,0.0
1313,880,Cladrastis',0,0,0,0,0,0,0,0.0,0.0,0.0,0.0,0.0,0.0,0.0,0.0
1313,880,Comus',0,0,0,0,0,0,0,0.0,0.0,0.0,0.0,0.0,0.0,0.0,0.0
1313,880,Cornus',0,0,0,0,0,0,0,0.0,0.0,0.0,0.0,0.0,0.0,0.0,0.0
1313,880,Crataegus',0,0,0,0,0,0,0,0.0,0.0,0.0,0.0,0.0,0.0,0.0,0.0
1313,880,Cupressus',0,0,0,0,0,0,0,0.0,0.0,0.0,0.0,0.0,0.0,0.0,0.0
1313,880,Diospyros',0,0,0,0,0,0,0,0.0,0.0,0.0,0.0,0.0,0.0,0.0,0.0
1313,880,Elaeagnus',0,0,0,0,0,0,0,0.0,0.0,0.0,0.0,0.0,0.0,0.0,0.0
1313,880,Fagus',0,0,0,0,0,0,0,0.0,0.0,0.0,0.0,0.0,0.0,0.0,0.0
1313,880,Fraxinus',0,641,483,5,16,0,0,55.668949127197266,21.808792114257812,464.5786598051273,15.948255243417831,22195.190668390394,161607.3313237313,0.05601051328350191,369.679948156679
1313,880,Gleditsia',0,25,0,0,0,0,0,4.820939064025879,4.182007312774658,18.49505509002299,0.04672971484524999,83.26869049072266,1861.9445233464623,0.0004512881302833609,10.091109367523796
1313,880,Gordonia',0,0,27,0,0,0,0,13.228825569152832,9.867912292480469,12.603247346878051,0.38264997771154896,391.9269643878937,8763.753345864736,0.0010529957439899405,23.545700635794674
1313,880,Gymnocladus',0,0,0,0,0,0,0,0.0,0.0,0.0,0.0,0.0,0.0,0.0,0.0
1313,880,Halesia',0,0,0,0,0,0,0,0.0,0.0,0.0,0.0,0.0,0.0,0.0,0.0
1313,880,Ilex',0,0,0,0,0,0,0,0.0,0.0,0.0,0.0,0.0,0.0,0.0,0.0
1313,880,Juglans',0,0,0,0,0,0,0,0.0,0.0,0.0,0.0,0.0,0.0,0.0,0.0
1313,880,Juniperus',0,13,0,0,0,0,0,0.9923616051673889,2.0847604274749756,0.0,0.0010116668774568397,1.5923046058416368,35.60501339547884,3.538454733788967e-06,0.07912225320058061
1313,880,Larix',0,0,0,0,0,0,0,0.0,0.0,0.0,0.0,0.0,0.0,0.0,0.0
1313,880,Liquidambar',0,0,0,0,0,0,0,0.0,0.0,0.0,0.0,0.0,0.0,0.0,0.0
1313,880,Liriodendron',0,1037,1618,395,5,6,1,111.98998260498047,28.18641471862793,1522.4786227045554,87.14692985920364,90112.48517243683,281015.67292578716,0.22216689210418084,646.9829178657413
1313,880,Lithocarpus',0,0,0,0,0,0,0,0.0,0.0,0.0,0.0,0.0,0.0,0.0,0.0
1313,880,Maclura',0,40,0,0,0,0,0,4.434468746185303,3.569221258163452,3.340714007993287,0.005389955979450259,18.24031270980835,407.865791499855,8.862546224892081e-05,1.9817255812593082
1313,880,Magnolia',0,0,90,0,0,0,0,15.27612590789795,9.107037544250488,75.91273275357258,1.3296588607762898,1288.4381618356706,17942.254249863006,0.0035561948657035322,48.14029052453841
1313,880,Malus',0,0,0,0,0,0,0,0.0,0.0,0.0,0.0,0.0,0.0,0.0,0.0
1313,880,Morus',0,0,0,0,0,0,0,0.0,0.0,0.0,0.0,0.0,0.0,0.0,0.0
1313,880,Nyssa',0,0,0,0,6,0,0,48.24930191040039,18.42241859436035,13.844757879836648,1.1774915985266752,1835.2019267749786,41036.36260707444,0.004277529389619838,95.64846490943127
1313,880,Olneya',0,0,0,0,0,0,0,0.0,0.0,0.0,0.0,0.0,0.0,0.0,0.0
1313,880,Ostrya',0,0,0,0,0,0,0,0.0,0.0,0.0,0.0,0.0,0.0,0.0,0.0
1313,880,Oxydendron',0,0,0,0,0,0,0,0.0,0.0,0.0,0.0,0.0,0.0,0.0,0.0
1313,880,Paulownia',0,147,0,0,0,0,0,6.503643989562988,3.9071383476257324,55.615829551898976,0.1968701844246286,149.57803463816643,2037.167212725321,0.001133016396379553,14.305427229164957
1313,880,Persea',0,0,91,0,0,0,0,17.53219223022461,9.854398727416992,33.102495285272596,1.673944226780353,1935.8412130892277,27416.77825640179,0.004780016688197853,66.35948675259628
1313,880,Picea',0,0,0,0,0,0,0,0.0,0.0,0.0,0.0,0.0,0.0,0.0,0.0
1313,880,Pinus',0,1109,2483,1784,252,56,14,131.59298706054688,32.73518371582031,2342.7814215460417,373.47505158751176,629779.6232723871,1192773.0030127852,1.4333504579386702,2664.4401078334204
1313,880,Planera',0,0,0,0,0,0,0,0.0,0.0,0.0,0.0,0.0,0.0,0.0,0.0
1313,880,Platanus',0,0,0,0,0,0,0,0.0,0.0,0.0,0.0,0.0,0.0,0.0,0.0
1313,880,Populus',0,102,15,5,0,0,0,41.90760040283203,14.297622680664062,82.29252022655703,1.2376035703463772,1171.7690328860283,18576.947877748506,0.00378857779572718,46.66256406868858
1313,880,Prosopis',0,0,0,0,0,0,0,0.0,0.0,0.0,0.0,0.0,0.0,0.0,0.0
1313,880,Prunus',0,0,0,0,0,0,0,0.0,0.0,0.0,0.0,0.0,0.0,0.0,0.0
1313,880,Pseudotsuga',0,0,0,0,0,0,0,0.0,0.0,0.0,0.0,0.0,0.0,0.0,0.0
1313,880,Quercus',0,31,130,24,0,0,0,29.56193733215332,14.060169219970703,75.4231507713093,3.847245241347378,4908.036318273246,60357.01946993658,0.011992505589425622,141.3451355615914
1313,880,Robinia',0,0,0,0,0,0,0,0.0,0.0,0.0,0.0,0.0,0.0,0.0,0.0
1313,880,Salix',0,29,83,0,0,0,0,15.761500358581543,9.694069862365723,41.332523935014684,0.9664139874386645,732.1297852820159,10463.942227733685,0.0022219596932595777,27.898541892469417
1313,880,Sassafras',0,0,0,0,0,0,0,0.0,0.0,0.0,0.0,0.0,0.0,0.0,0.0
1313,880,Sequoia',0,0,0,0,0,0,0,0.0,0.0,0.0,0.0,0.0,0.0,0.0,0.0
1313,880,Sequoiadendron',0,0,0,0,0,0,0,0.0,0.0,0.0,0.0,0.0,0.0,0.0,0.0
1313,880,Sorbus',0,0,0,0,0,0,0,0.0,0.0,0.0,0.0,0.0,0.0,0.0,0.0
1313,880,Taxodium',0,27,35,84,0,0,16,88.80889129638672,19.817419052124023,143.12247565275504,22.123680559070564,27583.610420603753,375403.8340866006,0.06335723991963305,848.9475350990372
1313,880,Taxus',0,0,0,0,0,0,0,0.0,0.0,0.0,0.0,0.0,0.0,0.0,0.0
1313,880,Thuja',0,0,0,0,0,0,0,0.0,0.0,0.0,0.0,0.0,0.0,0.0,0.0
1313,880,Tilia',0,0,0,0,0,0,0,0.0,0.0,0.0,0.0,0.0,0.0,0.0,0.0
1313,880,Torreya',0,0,0,43,0,0,0,41.86152648925781,15.252750396728516,17.861179771423338,4.107761619188819,5654.706150474549,104637.86873723526,0.012824008112589753,235.39597974066425
1313,880,Tsuga',0,0,0,0,0,0,0,0.0,0.0,0.0,0.0,0.0,0.0,0.0,0.0
1313,880,Ulmus',0,0,0,0,0,0,0,0.0,0.0,0.0,0.0,0.0,0.0,0.0,0.0
1313,880,Umbellularia',0,0,0,0,0,0,0,0.0,0.0,0.0,0.0,0.0,0.0,0.0,0.0
1313,890,Abies',0,0,0,0,0,0,0,0.0,0.0,0.0,0.0,0.0,0.0,0.0,0.0
1313,890,Acer',0,344,190,0,0,0,0,32.57789611816406,18.28314208984375,232.81597480295764,5.166554146665166,6470.10201706037,52442.51392787656,0.01772951976792082,127.15464355618249
1313,890,Aesculus',0,0,0,0,0,0,0,0.0,0.0,0.0,0.0,0.0,0.0,0.0,0.0
1313,890,Ailanthus',0,0,0,0,0,0,0,0.0,0.0,0.0,0.0,0.0,0.0,0.0,0.0
1313,890,Alnus',0,0,0,0,0,0,0,0.0,0.0,0.0,0.0,0.0,0.0,0.0,0.0
1313,890,Amelanchier',0,0,0,0,0,0,0,0.0,0.0,0.0,0.0,0.0,0.0,0.0,0.0
1313,890,Arbutus',0,0,0,0,0,0,0,0.0,0.0,0.0,0.0,0.0,0.0,0.0,0.0
1313,890,Asimina',0,0,0,0,0,0,0,0.0,0.0,0.0,0.0,0.0,0.0,0.0,0.0
1313,890,Betula',0,0,0,0,0,0,0,0.0,0.0,0.0,0.0,0.0,0.0,0.0,0.0
1313,890,Calocedrus',0,0,0,0,0,0,0,0.0,0.0,0.0,0.0,0.0,0.0,0.0,0.0
1313,890,Carpinus',0,0,0,0,0,0,0,0.0,0.0,0.0,0.0,0.0,0.0,0.0,0.0
1313,890,Carya',0,0,93,0,0,0,0,20.4637508392334,15.31750774383545,32.11425145215625,1.6571616803202764,2636.9522484064105,43120.67350266376,0.006322196503043236,100.06904637533147
1313,890,Castanea',0,0,0,0,0,0,0,0.0,0.0,0.0,0.0,0.0,0.0,0.0,0.0
1313,890,Catalpa',0,40,20,0,0,0,0,16.952041625976562,6.5289716720581055,36.081290644935414,0.620531341332119,438.5282774591446,7609.751899028501,0.0014939174850881036,24.014796907019814
1313,890,Celtis',0,39,28,0,0,0,0,12.160871505737305,8.023995399475098,19.675356768354582,0.33156729707649696,346.5953222283721,7664.194330048459,0.001053449526639086,23.364638283577772
1313,890,Cercis',0,0,0,0,0,0,0,0.0,0.0,0.0,0.0,0.0,0.0,0.0,0.0
1313,890,Cercocarpus',0,0,0,0,0,0,0,0.0,0.0,0.0,0.0,0.0,0.0,0.0,0.0
1313,890,Chamaecyparis',0,0,0,0,0,0,0,0.0,0.0,0.0,0.0,0.0,0.0,0.0,0.0
1313,890,Chilopsis',0,0,0,0,0,0,0,0.0,0.0,0.0,0.0,0.0,0.0,0.0,0.0
1313,890,Chrysolepis',0,0,0,0,0,0,0,0.0,0.0,0.0,0.0,0.0,0.0,0.0,0.0
1313,890,Cladrastis',0,0,0,0,0,0,0,0.0,0.0,0.0,0.0,0.0,0.0,0.0,0.0
1313,890,Comus',0,0,0,0,0,0,0,0.0,0.0,0.0,0.0,0.0,0.0,0.0,0.0
1313,890,Cornus',0,0,0,0,0,0,0,0.0,0.0,0.0,0.0,0.0,0.0,0.0,0.0
1313,890,Crataegus',0,0,0,0,0,0,0,0.0,0.0,0.0,0.0,0.0,0.0,0.0,0.0
1313,890,Cupressus',0,0,0,0,0,0,0,0.0,0.0,0.0,0.0,0.0,0.0,0.0,0.0
1313,890,Diospyros',0,0,0,0,0,0,0,0.0,0.0,0.0,0.0,0.0,0.0,0.0,0.0
1313,890,Elaeagnus',0,0,0,0,0,0,0,0.0,0.0,0.0,0.0,0.0,0.0,0.0,0.0
1313,890,Fagus',0,0,0,0,0,0,0,0.0,0.0,0.0,0.0,0.0,0.0,0.0,0.0
1313,890,Fraxinus',0,680,487,0,0,0,0,27.965177536010742,14.220433235168457,466.4547001848681,14.758649047375528,18121.438643290105,104721.91950796562,0.04698473762813272,246.65978129611455
1313,890,Gleditsia',0,0,25,0,0,0,0,11.792109489440918,7.8453826904296875,7.1375007870831055,0.2795843466942518,323.158044052124,7226.0335397642175,0.0008208772659301757,18.35537367804037
1313,890,Gordonia',0,0,27,0,0,0,0,20.798479080200195,12.969696044921875,18.010696563720703,0.9458499989303771,1124.3741487121583,25141.770286638624,0.002758763614654526,61.68782976220505
1313,890,Gymnocladus',0,0,0,0,0,0,0,0.0,0.0,0.0,0.0,0.0,0.0,0.0,0.0
1313,890,Halesia',0,0,0,0,0,0,0,0.0,0.0,0.0,0.0,0.0,0.0,0.0,0.0
1313,890,Ilex',0,0,0,0,0,0,0,0.0,0.0,0.0,0.0,0.0,0.0,0.0,0.0
1313,890,Juglans',0,0,0,0,0,0,0,0.0,0.0,0.0,0.0,0.0,0.0,0.0,0.0
1313,890,Juniperus',0,13,0,0,0,0,0,2.9039852619171143,3.5461606979370117,3.6143207001686095,0.008663361588700305,12.95737920999527,289.7358072379214,8.100103106070358e-05,1.8112381169930603
1313,890,Larix',0,0,0,0,0,0,0,0.0,0.0,0.0,0.0,0.0,0.0,0.0,0.0
1313,890,Liquidambar',0,0,0,0,0,0,0,0.0,0.0,0.0,0.0,0.0,0.0,0.0,0.0
1313,890,Liriodendron',0,730,1591,383,15,6,1,125.56697082519531,29.438875198364258,1281.5665721549074,92.71054196709741,97413.17041997165,301019.99299816776,0.23492257583960488,690.0861220061255
1313,890,Lithocarpus',0,0,0,0,0,0,0,0.0,0.0,0.0,0.0,0.0,0.0,0.0,0.0
1313,890,Maclura',0,39,0,0,0,0,0,4.890115737915039,3.7841575145721436,11.78553724590736,0.07332261854538644,109.09812384605408,2439.508211374654,0.00041209963017701346,9.214827865783146
1313,890,Magnolia',0,58,64,0,0,0,0,19.2624568939209,10.833264350891113,61.06361683222311,1.86590108533386,1993.5370007216932,31453.631494103724,0.004987525306353983,76.07876764147161
1313,890,Malus',0,0,0,0,0,0,0,0.0,0.0,0.0,0.0,0.0,0.0,0.0,0.0
1313,890,Morus',0,0,0,0,0,0,0,0.0,0.0,0.0,0.0,0.0,0.0,0.0,0.0
1313,890,Nyssa',0,33,0,0,6,0,0,55.42131423950195,19.883914947509766,13.803238194860235,1.5582509258511983,2567.7950921395422,57417.643783143576,0.005904916847007796,132.0379547139314
1313,890,Olneya',0,0,0,0,0,0,0,0.0,0.0,0.0,0.0,0.0,0.0,0.0,0.0
1313,890,Ostrya',0,0,0,0,0,0,0,0.0,0.0,0.0,0.0,0.0,0.0,0.0,0.0
1313,890,Oxydendron',0,0,0,0,0,0,0,0.0,0.0,0.0,0.0,0.0,0.0,0.0,0.0
1313,890,Paulownia',0,36,32,0,0,0,0,10.15295124053955,5.215854167938232,15.563734540645079,0.32401203941066137,155.57209222137928,2819.079779967749,0.0005697643838217426,9.562304531654336
1313,890,Persea',0,35,37,0,0,0,0,21.27689552307129,11.131088256835938,40.35180396154523,0.8343414362603443,1117.587156263739,21070.380011154997,0.003066386462291102,54.53853015526174
1313,890,Picea',0,0,0,0,0,0,0,0.0,0.0,0.0,0.0,0.0,0.0,0.0,0.0
1313,890,Pinus',0,887,2858,2019,291,53,24,131.9859161376953,32.756134033203125,2507.3907842877506,397.4585653939645,666103.4572875843,1214835.863342376,1.5164477730695178,2712.6919038270175
1313,890,Planera',0,0,0,0,0,0,0,0.0,0.0,0.0,0.0,0.0,0.0,0.0,0.0
1313,890,Platanus',0,0,0,0,0,0,0,0.0,0.0,0.0,0.0,0.0,0.0,0.0,0.0
1313,890,Populus',0,150,131,0,0,0,0,23.799436569213867,9.430578231811523,90.03537069723197,2.9324028829177076,2120.5478822776677,19076.769142269197,0.006008437758842518,50.98509858472156
1313,890,Prosopis',0,0,0,0,0,0,0,0.0,0.0,0.0,0.0,0.0,0.0,0.0,0.0
1313,890,Prunus',0,0,0,0,0,0,0,0.0,0.0,0.0,0.0,0.0,0.0,0.0,0.0
1313,890,Pseudotsuga',0,0,0,0,0,0,0,0.0,0.0,0.0,0.0,0.0,0.0,0.0,0.0
1313,890,Quercus',0,16,104,24,0,0,0,33.296417236328125,15.289072036743164,52.10149866870686,5.162567872928458,7094.564363843203,86115.11857216095,0.01651572831449559,196.99700903753183
1313,890,Robinia',0,0,0,0,0,0,0,0.0,0.0,0.0,0.0,0.0,0.0,0.0,0.0
1313,890,Salix',0,65,15,0,0,0,0,18.772808074951172,10.992928504943848,36.34796451352819,0.5466754114083155,472.48208833098414,8501.97800418222,0.0015732093641012863,24.11595661679081
1313,890,Sassafras',0,0,0,0,0,0,0,0.0,0.0,0.0,0.0,0.0,0.0,0.0,0.0
1313,890,Sequoia',0,0,0,0,0,0,0,0.0,0.0,0.0,0.0,0.0,0.0,0.0,0.0
1313,890,Sequoiadendron',0,0,0,0,0,0,0,0.0,0.0,0.0,0.0,0.0,0.0,0.0,0.0
1313,890,Sorbus',0,0,0,0,0,0,0,0.0,0.0,0.0,0.0,0.0,0.0,0.0,0.0
1313,890,Taxodium',0,40,27,83,0,0,16,89.9680404663086,19.976377487182617,101.56639281896095,21.321401160076633,27277.781824733018,388057.31987696665,0.06207939914813643,875.775007788495
1313,890,Taxus',0,0,0,0,0,0,0,0.0,0.0,0.0,0.0,0.0,0.0,0.0,0.0
1313,890,Thuja',0,0,0,0,0,0,0,0.0,0.0,0.0,0.0,0.0,0.0,0.0,0.0
1313,890,Tilia',0,0,0,0,0,0,0,0.0,0.0,0.0,0.0,0.0,0.0,0.0,0.0
1313,890,Torreya',0,35,0,38,0,0,0,35.38209533691406,14.36738395690918,26.744698619842527,3.9158010510004573,5358.507329845429,116554.94461013522,0.012294105789661414,262.95044717361725
1313,890,Tsuga',0,0,0,0,0,0,0,0.0,0.0,0.0,0.0,0.0,0.0,0.0,0.0
1313,890,Ulmus',0,0,0,0,0,0,0,0.0,0.0,0.0,0.0,0.0,0.0,0.0,0.0
1313,890,Umbellularia',0,0,0,0,0,0,0,0.0,0.0,0.0,0.0,0.0,0.0,0.0,0.0
1313,900,Abies',0,0,0,0,0,0,0,0.0,0.0,0.0,0.0,0.0,0.0,0.0,0.0
1313,900,Acer',0,375,293,12,0,0,0,48.38397216796875,23.165542602539062,321.11448482681016,7.246769630105937,9546.015671151057,65774.38264320191,0.025835989382762478,160.04455576830995
1313,900,Aesculus',0,0,0,0,0,0,0,0.0,0.0,0.0,0.0,0.0,0.0,0.0,0.0
1313,900,Ailanthus',0,0,0,0,0,0,0,0.0,0.0,0.0,0.0,0.0,0.0,0.0,0.0
1313,900,Alnus',0,0,0,0,0,0,0,0.0,0.0,0.0,0.0,0.0,0.0,0.0,0.0
1313,900,Amelanchier',0,0,0,0,0,0,0,0.0,0.0,0.0,0.0,0.0,0.0,0.0,0.0
1313,900,Arbutus',0,0,0,0,0,0,0,0.0,0.0,0.0,0.0,0.0,0.0,0.0,0.0
1313,900,Asimina',0,0,0,0,0,0,0,0.0,0.0,0.0,0.0,0.0,0.0,0.0,0.0
1313,900,Betula',0,0,0,0,0,0,0,0.0,0.0,0.0,0.0,0.0,0.0,0.0,0.0
1313,900,Calocedrus',0,0,0,0,0,0,0,0.0,0.0,0.0,0.0,0.0,0.0,0.0,0.0
1313,900,Carpinus',0,0,0,0,0,0,0,0.0,0.0,0.0,0.0,0.0,0.0,0.0,0.0
1313,900,Carya',0,26,93,0,0,0,0,23.048675537109375,16.5094051361084,39.22573510604568,2.5629616463812326,4295.635131082535,62372.551394103255,0.010110531786694969,144.36420029999846
1313,900,Castanea',0,0,0,0,0,0,0,0.0,0.0,0.0,0.0,0.0,0.0,0.0,0.0
1313,900,Catalpa',0,36,0,0,0,0,0,6.30612850189209,3.47760272026062,16.308551589144933,0.11393845955945343,88.44603246688843,1977.7134093611678,0.00043131739819050164,9.64455022232304
1313,900,Celtis',0,0,0,0,0,0,0,0.0,0.0,0.0,0.0,0.0,0.0,0.0,0.0
1313,900,Cercis',0,0,0,0,0,0,0,0.0,0.0,0.0,0.0,0.0,0.0,0.0,0.0
1313,900,Cercocarpus',0,0,0,0,0,0,0,0.0,0.0,0.0,0.0,0.0,0.0,0.0,0.0
1313,900,Chamaecyparis',0,0,0,0,0,0,0,0.0,0.0,0.0,0.0,0.0,0.0,0.0,0.0
1313,900,Chilopsis',0,0,0,0,0,0,0,0.0,0.0,0.0,0.0,0.0,0.0,0.0,0.0
1313,900,Chrysolepis',0,0,0,0,0,0,0,0.0,0.0,0.0,0.0,0.0,0.0,0.0,0.0
1313,900,Cladrastis',0,0,0,0,0,0,0,0.0,0.0,0.0,0.0,0.0,0.0,0.0,0.0
1313,900,Comus',0,0,0,0,0,0,0,0.0,0.0,0.0,0.0,0.0,0.0,0.0,0.0
1313,900,Cornus',0,0,0,0,0,0,0,0.0,0.0,0.0,0.0,0.0,0.0,0.0,0.0
1313,900,Crataegus',0,0,0,0,0,0,0,0.0,0.0,0.0,0.0,0.0,0.0,0.0,0.0
1313,900,Cupressus',0,0,0,0,0,0,0,0.0,0.0,0.0,0.0,0.0,0.0,0.0,0.0
1313,900,Diospyros',0,0,0,0,0,0,0,0.0,0.0,0.0,0.0,0.0,0.0,0.0,0.0
1313,900,Elaeagnus',0,0,0,0,0,0,0,0.0,0.0,0.0,0.0,0.0,0.0,0.0,0.0
1313,900,Fagus',0,0,0,0,0,0,0,0.0,0.0,0.0,0.0,0.0,0.0,0.0,0.0
1313,900,Fraxinus',0,450,668,102,0,0,0,30.417095184326172,15.088022232055664,524.4062170143462,20.449436159490304,25798.491271001847,144385.08537182838,0.06487909946144854,336.2970695609407
1313,900,Gleditsia',0,0,0,0,0,0,0,0.0,0.0,0.0,0.0,0.0,0.0,0.0,0.0
1313,900,Gordonia',0,0,0,0,0,0,0,0.0,0.0,0.0,0.0,0.0,0.0,0.0,0.0
1313,900,Gymnocladus',0,0,0,0,0,0,0,0.0,0.0,0.0,0.0,0.0,0.0,0.0,0.0
1313,900,Halesia',0,0,0,0,0,0,0,0.0,0.0,0.0,0.0,0.0,0.0,0.0,0.0
1313,900,Ilex',0,0,0,0,0,0,0,0.0,0.0,0.0,0.0,0.0,0.0,0.0,0.0
1313,900,Juglans',0,0,0,0,0,0,0,0.0,0.0,0.0,0.0,0.0,0.0,0.0,0.0
1313,900,Juniperus',0,0,0,0,0,0,0,0.0,0.0,0.0,0.0,0.0,0.0,0.0,0.0
1313,900,Larix',0,0,0,0,0,0,0,0.0,0.0,0.0,0.0,0.0,0.0,0.0,0.0
1313,900,Liquidambar',0,31,0,0,0,0,0,4.590211868286133,4.575318813323975,10.349296702991555,0.051961896377033676,53.64605584740639,1199.5622759954927,0.00026819733493961057,5.9970747230924655
1313,900,Liriodendron',0,899,1310,425,14,0,1,137.68711853027344,30.375965118408203,1251.5657806573317,92.39834727113958,98718.75560651526,307692.69234144856,0.23739199811111697,703.7637663853455
1313,900,Lithocarpus',0,0,0,0,0,0,0,0.0,0.0,0.0,0.0,0.0,0.0,0.0,0.0
1313,900,Maclura',0,0,0,0,0,0,0,0.0,0.0,0.0,0.0,0.0,0.0,0.0,0.0
1313,900,Magnolia',0,71,26,0,0,0,0,23.25356101989746,12.448692321777344,57.87946579577047,1.2591372630040387,1452.275723490715,29480.534271563633,0.0037556546648939565,71.08135247510876
1313,900,Malus',0,0,0,0,0,0,0,0.0,0.0,0.0,0.0,0.0,0.0,0.0,0.0
1313,900,Morus',0,0,0,0,0,0,0,0.0,0.0,0.0,0.0,0.0,0.0,0.0,0.0
1313,900,Nyssa',0,0,0,0,0,0,0,0.0,0.0,0.0,0.0,0.0,0.0,0.0,0.0
1313,900,Olneya',0,0,0,0,0,0,0,0.0,0.0,0.0,0.0,0.0,0.0,0.0,0.0
1313,900,Ostrya',0,0,0,0,0,0,0,0.0,0.0,0.0,0.0,0.0,0.0,0.0,0.0
1313,900,Oxydendron',0,0,0,0,0,0,0,0.0,0.0,0.0,0.0,0.0,0.0,0.0,0.0
1313,900,Paulownia',0,29,69,0,0,0,0,17.69390869140625,7.611362457275391,44.6912003751797,1.2440849233819884,642.6378056371212,10482.274011149491,0.0020714387326314842,32.09774508364672
1313,900,Persea',0,25,37,0,0,0,0,26.793834686279297,12.750447273254395,30.614428245574235,1.6371665301057796,2250.02291522339,38121.538411258334,0.005442259264821857,91.55008842983321
1313,900,Picea',0,0,0,0,0,0,0,0.0,0.0,0.0,0.0,0.0,0.0,0.0,0.0
1313,900,Pinus',0,651,2724,1886,317,57,28,137.0,33.01020050048828,2296.768805582374,399.8560123439745,671667.7025037961,1206596.3092522281,1.5257704473717315,2696.968188937139
1313,900,Planera',0,0,2,0,0,0,0,8.616506576538086,5.547114849090576,3.5099614873717098,0.01656039414806793,19.309406538009643,431.77145624168423,9.343763878941522e-05,2.0893291199020365
1313,900,Platanus',0,0,0,0,0,0,0,0.0,0.0,0.0,0.0,0.0,0.0,0.0,0.0
1313,900,Populus',0,30,89,0,0,0,0,11.939361572265625,5.65374755859375,50.93162712228448,0.8440128834671838,562.7650584828854,7476.336394211952,0.001983778057776396,24.172394702912456
1313,900,Prosopis',0,0,0,0,0,0,0,0.0,0.0,0.0,0.0,0.0,0.0,0.0,0.0
1313,900,Prunus',0,22,0,0,0,0,0,2.4051477909088135,2.4817099571228027,5.042098594617239,0.010177038924744926,15.82314920425415,353.8163723883397,0.00010774636365473158,2.409281934603925
1313,900,Pseudotsuga',0,0,0,0,0,0,0,0.0,0.0,0.0,0.0,0.0,0.0,0.0,0.0
1313,900,Quercus',0,55,104,24,0,0,0,36.77743148803711,16.371217727661133,53.822390889583886,6.907028231171018,10078.622337223738,115418.7749382208,0.023171740915454226,261.1672187323843
1313,900,Robinia',0,0,0,0,0,0,0,0.0,0.0,0.0,0.0,0.0,0.0,0.0,0.0
1313,900,Salix',0,161,53,0,0,0,0,12.269988059997559,8.076570510864258,60.72513783609942,0.531537956218762,419.0181402346492,5243.566668928408,0.0018053235172137948,19.714129132501515
1313,900,Sassafras',0,0,0,0,0,0,0,0.0,0.0,0.0,0.0,0.0,0.0,0.0,0.0
1313,900,Sequoia',0,0,0,0,0,0,0,0.0,0.0,0.0,0.0,0.0,0.0,0.0,0.0
1313,900,Sequoiadendron',0,0,0,0,0,0,0,0.0,0.0,0.0,0.0,0.0,0.0,0.0,0.0
1313,900,Sorbus',0,0,0,0,0,0,0,0.0,0.0,0.0,0.0,0.0,0.0,0.0,0.0
1313,900,Taxodium',0,40,40,26,20,0,16,91.3974609375,20.170188903808594,72.61404491112201,19.797819154857645,26515.523148819208,403404.7798438029,0.059968703630890914,903.5440373385386
1313,900,Taxus',0,0,0,0,0,0,0,0.0,0.0,0.0,0.0,0.0,0.0,0.0,0.0
1313,900,Thuja',0,0,0,0,0,0,0,0.0,0.0,0.0,0.0,0.0,0.0,0.0,0.0
1313,900,Tilia',0,0,0,0,0,0,0,0.0,0.0,0.0,0.0,0.0,0.0,0.0,0.0
1313,900,Torreya',0,39,35,38,0,0,0,37.07075881958008,14.622457504272461,39.42746117472648,4.774485774564792,6464.393960117101,130436.62989947648,0.01493482832901221,295.8564187521901
1313,900,Tsuga',0,0,0,0,0,0,0,0.0,0.0,0.0,0.0,0.0,0.0,0.0,0.0
1313,900,Ulmus',0,0,0,0,0,0,0,0.0,0.0,0.0,0.0,0.0,0.0,0.0,0.0
1313,900,Umbellularia',0,0,0,0,0,0,0,0.0,0.0,0.0,0.0,0.0,0.0,0.0,0.0
1313,910,Abies',0,0,0,0,0,0,0,0.0,0.0,0.0,0.0,0.0,0.0,0.0,0.0
1313,910,Acer',0,505,227,45,0,0,0,30.717111587524414,17.594219207763672,344.0047848913111,7.000926108999311,9490.104849703312,77417.64707523884,0.02604126164391072,184.0086598462281
1313,910,Aesculus',0,0,0,0,0,0,0,0.0,0.0,0.0,0.0,0.0,0.0,0.0,0.0
1313,910,Ailanthus',0,0,0,0,0,0,0,0.0,0.0,0.0,0.0,0.0,0.0,0.0,0.0
1313,910,Alnus',0,0,0,0,0,0,0,0.0,0.0,0.0,0.0,0.0,0.0,0.0,0.0
1313,910,Amelanchier',0,0,0,0,0,0,0,0.0,0.0,0.0,0.0,0.0,0.0,0.0,0.0
1313,910,Arbutus',0,0,0,0,0,0,0,0.0,0.0,0.0,0.0,0.0,0.0,0.0,0.0
1313,910,Asimina',0,0,0,0,0,0,0,0.0,0.0,0.0,0.0,0.0,0.0,0.0,0.0
1313,910,Betula',0,0,0,0,0,0,0,0.0,0.0,0.0,0.0,0.0,0.0,0.0,0.0
1313,910,Calocedrus',0,0,0,0,0,0,0,0.0,0.0,0.0,0.0,0.0,0.0,0.0,0.0
1313,910,Carpinus',0,0,0,0,0,0,0,0.0,0.0,0.0,0.0,0.0,0.0,0.0,0.0
1313,910,Carya',0,26,70,0,0,0,0,25.189800262451172,17.42305564880371,32.27669446151467,2.759672759951007,5067.377199909687,80119.81463866956,0.011725479334950481,181.5954246772326
1313,910,Castanea',0,0,0,0,0,0,0,0.0,0.0,0.0,0.0,0.0,0.0,0.0,0.0
1313,910,Catalpa',0,38,0,0,0,0,0,1.6239984035491943,1.8901978731155396,0.0,0.00802040734350564,14.173149242401124,316.92125161258326,3.1495887916535133e-05,0.7042694639308646
1313,910,Celtis',0,67,0,0,0,0,0,5.21833610534668,4.406247615814209,21.425344097086143,0.12621377279982135,130.96060178637504,2099.0465028515955,0.0005994532796367909,9.626110110703118
1313,910,Cercis',0,0,0,0,0,0,0,0.0,0.0,0.0,0.0,0.0,0.0,0.0,0.0
1313,910,Cercocarpus',0,0,0,0,0,0,0,0.0,0.0,0.0,0.0,0.0,0.0,0.0,0.0
1313,910,Chamaecyparis',0,0,0,0,0,0,0,0.0,0.0,0.0,0.0,0.0,0.0,0.0,0.0
1313,910,Chilopsis',0,0,0,0,0,0,0,0.0,0.0,0.0,0.0,0.0,0.0,0.0,0.0
1313,910,Chrysolepis',0,0,0,0,0,0,0,0.0,0.0,0.0,0.0,0.0,0.0,0.0,0.0
1313,910,Cladrastis',0,0,0,0,0,0,0,0.0,0.0,0.0,0.0,0.0,0.0,0.0,0.0
1313,910,Comus',0,0,0,0,0,0,0,0.0,0.0,0.0,0.0,0.0,0.0,0.0,0.0
1313,910,Cornus',0,0,0,0,0,0,0,0.0,0.0,0.0,0.0,0.0,0.0,0.0,0.0
1313,910,Crataegus',0,0,0,0,0,0,0,0.0,0.0,0.0,0.0,0.0,0.0,0.0,0.0
1313,910,Cupressus',0,0,0,0,0,0,0,0.0,0.0,0.0,0.0,0.0,0.0,0.0,0.0
1313,910,Diospyros',0,0,0,0,0,0,0,0.0,0.0,0.0,0.0,0.0,0.0,0.0,0.0
1313,910,Elaeagnus',0,0,0,0,0,0,0,0.0,0.0,0.0,0.0,0.0,0.0,0.0,0.0
1313,910,Fagus',0,0,0,0,0,0,0,0.0,0.0,0.0,0.0,0.0,0.0,0.0,0.0
1313,910,Fraxinus',0,426,574,77,0,0,0,32.84416961669922,15.691423416137695,431.0371191599229,20.270173958822937,26285.40069932863,156936.5510615575,0.06461702029002632,362.0422323376966
1313,910,Gleditsia',0,34,0,0,0,0,0,1.3651232719421387,2.1472694873809814,0.0,0.005105168705213228,10.32463086128235,230.8657644841962,2.2943625561892984e-05,0.5130350640669422
1313,910,Gordonia',0,31,0,0,0,0,0,5.701443672180176,5.596153259277344,8.58850685119629,0.08006369171885312,75.76528923034668,1694.1633705398956,0.0002924235123991926,6.538788519438529
1313,910,Gymnocladus',0,0,0,0,0,0,0,0.0,0.0,0.0,0.0,0.0,0.0,0.0,0.0
1313,910,Halesia',0,0,0,0,0,0,0,0.0,0.0,0.0,0.0,0.0,0.0,0.0,0.0
1313,910,Ilex',0,24,0,0,0,0,0,0.7476606965065002,1.706191897392273,0.9352111682295798,0.001080025701175858,4.8080791756510735,107.51191877956835,2.4193226188654358e-05,0.5409769835285994
1313,910,Juglans',0,0,0,0,0,0,0,0.0,0.0,0.0,0.0,0.0,0.0,0.0,0.0
1313,910,Juniperus',0,0,0,0,0,0,0,0.0,0.0,0.0,0.0,0.0,0.0,0.0,0.0
1313,910,Larix',0,0,0,0,0,0,0,0.0,0.0,0.0,0.0,0.0,0.0,0.0,0.0
1313,910,Liquidambar',0,0,31,0,0,0,0,9.651448249816895,7.824929237365723,13.881552219390867,0.2297230121627752,219.36799306869509,4905.217445893033,0.0006873170744255142,15.36887700511765
1313,910,Liriodendron',0,847,1226,450,31,0,1,147.6831817626953,31.039783477783203,1231.4386055816576,92.09904723327203,101127.13828442365,324571.6872763507,0.2424542168721312,740.9519945277306
1313,910,Lithocarpus',0,0,0,0,0,0,0,0.0,0.0,0.0,0.0,0.0,0.0,0.0,0.0
1313,910,Maclura',0,29,0,0,0,0,0,3.9152603149414062,3.3203377723693848,6.853893195526508,0.03532137523498104,56.538625144958495,972.741682591461,0.00022430699354410185,3.6736456125701844
1313,910,Magnolia',0,37,26,0,0,0,0,26.505939483642578,13.686736106872559,20.85092644336857,1.5566523319707404,1874.8974473774433,40254.896050981544,0.004356784568369397,92.0208239900046
1313,910,Malus',0,0,0,0,0,0,0,0.0,0.0,0.0,0.0,0.0,0.0,0.0,0.0
1313,910,Morus',0,0,0,0,0,0,0,0.0,0.0,0.0,0.0,0.0,0.0,0.0,0.0
1313,910,Nyssa',0,0,0,0,0,0,0,0.0,0.0,0.0,0.0,0.0,0.0,0.0,0.0
1313,910,Olneya',0,0,0,0,0,0,0,0.0,0.0,0.0,0.0,0.0,0.0,0.0,0.0
1313,910,Ostrya',0,0,0,0,0,0,0,0.0,0.0,0.0,0.0,0.0,0.0,0.0,0.0
1313,910,Oxydendron',0,0,0,0,0,0,0,0.0,0.0,0.0,0.0,0.0,0.0,0.0,0.0
1313,910,Paulownia',0,110,99,0,0,0,0,23.976537704467773,9.327065467834473,87.76929379971342,2.842552648592798,1587.1776558288932,22304.19286351472,0.00479054934350357,56.167656242061454
1313,910,Persea',0,0,17,19,0,0,0,31.13471031188965,13.835518836975098,23.867989288568495,2.4592924514962977,3575.2522892153265,57950.58120625771,0.008289764913896784,133.80978315175264
1313,910,Picea',0,0,0,0,0,0,0,0.0,0.0,0.0,0.0,0.0,0.0,0.0,0.0
1313,910,Pinus',0,1145,2465,2140,370,60,35,121.63748168945312,32.14875030517578,2565.345380257591,417.65743662810894,707873.4847849793,1254983.8475126997,1.610107179387226,2802.0933597616695
1313,910,Planera',0,0,0,0,0,0,0,0.0,0.0,0.0,0.0,0.0,0.0,0.0,0.0
1313,910,Platanus',0,0,0,0,0,0,0,0.0,0.0,0.0,0.0,0.0,0.0,0.0,0.0
1313,910,Populus',0,67,68,0,0,0,0,16.182960510253906,8.026719093322754,54.45924550011942,1.4151826449208231,994.2307323288918,13324.669144533731,0.002993372704035871,36.37187586987049
1313,910,Prosopis',0,0,0,0,0,0,0,0.0,0.0,0.0,0.0,0.0,0.0,0.0,0.0
1313,910,Prunus',0,0,22,0,0,0,0,8.70875072479248,5.388986587524414,14.232706269131429,0.1334288119469775,118.02176866531373,2639.0469756039606,0.0004671583181619691,10.445977556646376
1313,910,Pseudotsuga',0,0,0,0,0,0,0,0.0,0.0,0.0,0.0,0.0,0.0,0.0,0.0
1313,910,Quercus',0,0,114,55,0,0,0,40.10776901245117,17.352394104003906,58.23735102633886,8.95612292148825,13609.883538349866,148108.29959494126,0.03108254544469699,335.06684951343436
1313,910,Robinia',0,0,0,0,0,0,0,0.0,0.0,0.0,0.0,0.0,0.0,0.0,0.0
1313,910,Salix',0,67,0,0,0,0,0,4.839147090911865,4.192324638366699,11.365465974505941,0.0693389872659648,58.45513197422028,1065.7667013470004,0.00029351248981803954,5.97703829708183
1313,910,Sassafras',0,0,0,0,0,0,0,0.0,0.0,0.0,0.0,0.0,0.0,0.0,0.0
1313,910,Sequoia',0,0,0,0,0,0,0,0.0,0.0,0.0,0.0,0.0,0.0,0.0,0.0
1313,910,Sequoiadendron',0,0,0,0,0,0,0,0.0,0.0,0.0,0.0,0.0,0.0,0.0,0.0
1313,910,Sorbus',0,0,0,0,0,0,0,0.0,0.0,0.0,0.0,0.0,0.0,0.0,0.0
1313,910,Taxodium',0,0,89,0,20,0,16,92.76789855957031,20.35373878479004,77.54109049899667,16.991544663844095,23518.058257403372,406961.08359943633,0.05337859958690367,912.1604744946192
1313,910,Taxus',0,0,0,0,0,0,0,0.0,0.0,0.0,0.0,0.0,0.0,0.0,0.0
1313,910,Thuja',0,0,0,0,0,0,0,0.0,0.0,0.0,0.0,0.0,0.0,0.0,0.0
1313,910,Tilia',0,0,0,0,0,0,0,0.0,0.0,0.0,0.0,0.0,0.0,0.0,0.0
1313,910,Torreya',0,0,74,38,0,0,0,38.60224533081055,14.83826732635498,45.0777087688446,5.845525303996693,7862.742635393143,145124.22049546233,0.01812388406923634,330.74514172301895
1313,910,Tsuga',0,0,0,0,0,0,0,0.0,0.0,0.0,0.0,0.0,0.0,0.0,0.0
1313,910,Ulmus',0,0,0,0,0,0,0,0.0,0.0,0.0,0.0,0.0,0.0,0.0,0.0
1313,910,Umbellularia',0,0,0,0,0,0,0,0.0,0.0,0.0,0.0,0.0,0.0,0.0,0.0
1313,920,Abies',0,0,0,0,0,0,0,0.0,0.0,0.0,0.0,0.0,0.0,0.0,0.0
1313,920,Acer',0,456,475,0,0,0,0,27.25748634338379,16.23948097229004,392.63791694765604,8.161206034021426,10052.354222074151,61998.630985492455,0.02799080613351755,156.07824485578922
1313,920,Aesculus',0,0,0,0,0,0,0,0.0,0.0,0.0,0.0,0.0,0.0,0.0,0.0
1313,920,Ailanthus',0,0,0,0,0,0,0,0.0,0.0,0.0,0.0,0.0,0.0,0.0,0.0
1313,920,Alnus',0,0,0,0,0,0,0,0.0,0.0,0.0,0.0,0.0,0.0,0.0,0.0
1313,920,Amelanchier',0,0,0,0,0,0,0,0.0,0.0,0.0,0.0,0.0,0.0,0.0,0.0
1313,920,Arbutus',0,0,0,0,0,0,0,0.0,0.0,0.0,0.0,0.0,0.0,0.0,0.0
1313,920,Asimina',0,0,0,0,0,0,0,0.0,0.0,0.0,0.0,0.0,0.0,0.0,0.0
1313,920,Betula',0,0,0,0,0,0,0,0.0,0.0,0.0,0.0,0.0,0.0,0.0,0.0
1313,920,Calocedrus',0,0,0,0,0,0,0,0.0,0.0,0.0,0.0,0.0,0.0,0.0,0.0
1313,920,Carpinus',0,0,0,0,0,0,0,0.0,0.0,0.0,0.0,0.0,0.0,0.0,0.0
1313,920,Carya',0,25,97,0,0,0,0,26.992979049682617,18.14432716369629,38.88839914828916,3.4580583075587206,6553.727271137238,99658.92829137163,0.015123658407848328,225.75031390094807
1313,920,Castanea',0,0,0,0,0,0,0,0.0,0.0,0.0,0.0,0.0,0.0,0.0,0.0
1313,920,Catalpa',0,0,0,0,0,0,0,0.0,0.0,0.0,0.0,0.0,0.0,0.0,0.0
1313,920,Celtis',0,23,67,0,0,0,0,12.090201377868652,7.989877700805664,39.69187806301479,0.801669397238129,791.6766214585305,11586.574552115439,0.0023306679867207834,32.82020241951864
1313,920,Cercis',0,0,0,0,0,0,0,0.0,0.0,0.0,0.0,0.0,0.0,0.0,0.0
1313,920,Cercocarpus',0,0,0,0,0,0,0,0.0,0.0,0.0,0.0,0.0,0.0,0.0,0.0
1313,920,Chamaecyparis',0,0,0,0,0,0,0,0.0,0.0,0.0,0.0,0.0,0.0,0.0,0.0
1313,920,Chilopsis',0,0,0,0,0,0,0,0.0,0.0,0.0,0.0,0.0,0.0,0.0,0.0
1313,920,Chrysolepis',0,0,0,0,0,0,0,0.0,0.0,0.0,0.0,0.0,0.0,0.0,0.0
1313,920,Cladrastis',0,0,0,0,0,0,0,0.0,0.0,0.0,0.0,0.0,0.0,0.0,0.0
1313,920,Comus',0,0,0,0,0,0,0,0.0,0.0,0.0,0.0,0.0,0.0,0.0,0.0
1313,920,Cornus',0,0,0,0,0,0,0,0.0,0.0,0.0,0.0,0.0,0.0,0.0,0.0
1313,920,Crataegus',0,0,0,0,0,0,0,0.0,0.0,0.0,0.0,0.0,0.0,0.0,0.0
1313,920,Cupressus',0,0,0,0,0,0,0,0.0,0.0,0.0,0.0,0.0,0.0,0.0,0.0
1313,920,Diospyros',0,0,0,0,0,0,0,0.0,0.0,0.0,0.0,0.0,0.0,0.0,0.0
1313,920,Elaeagnus',0,0,0,0,0,0,0,0.0,0.0,0.0,0.0,0.0,0.0,0.0,0.0
1313,920,Fagus',0,0,0,0,0,0,0,0.0,0.0,0.0,0.0,0.0,0.0,0.0,0.0
1313,920,Fraxinus',0,356,426,83,0,0,0,32.05817794799805,14.587191581726074,375.0548620720075,16.847524650776585,22279.38354232967,149737.30754456544,0.05490886435424427,344.9981346982219
1313,920,Gleditsia',0,16,0,0,0,0,0,2.0197126865386963,2.3747024536132812,0.0,0.005215830490607749,8.299247343540191,185.5768122224025,1.8442772598937152e-05,0.41239293224793516
1313,920,Gordonia',0,0,31,0,0,0,0,12.580442428588867,9.552083969116211,10.950737552642822,0.3898142980717903,386.60679712295536,8644.790789303948,0.001017303478399895,22.747597314491447
1313,920,Gymnocladus',0,0,0,0,0,0,0,0.0,0.0,0.0,0.0,0.0,0.0,0.0,0.0
1313,920,Halesia',0,0,0,0,0,0,0,0.0,0.0,0.0,0.0,0.0,0.0,0.0,0.0
1313,920,Ilex',0,24,0,0,0,0,0,7.685072422027588,5.034298419952393,21.44098834991455,0.11410926750195276,140.76438188552856,3147.587267067829,0.0006225129052251646,13.919811729543438
1313,920,Juglans',0,0,0,0,0,0,0,0.0,0.0,0.0,0.0,0.0,0.0,0.0,0.0
1313,920,Juniperus',0,0,0,0,0,0,0,0.0,0.0,0.0,0.0,0.0,0.0,0.0,0.0
1313,920,Larix',0,0,0,0,0,0,0,0.0,0.0,0.0,0.0,0.0,0.0,0.0,0.0
1313,920,Liquidambar',0,0,0,0,0,0,0,0.0,0.0,0.0,0.0,0.0,0.0,0.0,0.0
1313,920,Liriodendron',0,1249,1415,371,42,0,1,156.73728942871094,31.56731605529785,1411.847937749345,88.10811474900359,95380.95052101523,310484.6905691972,0.23228200404092544,708.987836805129
1313,920,Lithocarpus',0,0,0,0,0,0,0,0.0,0.0,0.0,0.0,0.0,0.0,0.0,0.0
1313,920,Maclura',0,0,0,0,0,0,0,0.0,0.0,0.0,0.0,0.0,0.0,0.0,0.0
1313,920,Magnolia',0,71,0,26,0,0,0,29.13467788696289,14.638744354248047,33.73679989312268,1.9603377821039898,2449.653991781473,51096.32460603883,0.0057516550469583995,116.16726335793578
1313,920,Malus',0,0,0,0,0,0,0,0.0,0.0,0.0,0.0,0.0,0.0,0.0,0.0
1313,920,Morus',0,0,0,0,0,0,0,0.0,0.0,0.0,0.0,0.0,0.0,0.0,0.0
1313,920,Nyssa',0,39,0,0,0,0,0,1.7672812938690186,2.1941583156585693,4.898277885646005,0.009586405547420863,17.393062134087085,388.9206926869628,0.00010916467898851164,2.4409964296025426
1313,920,Olneya',0,0,0,0,0,0,0,0.0,0.0,0.0,0.0,0.0,0.0,0.0,0.0
1313,920,Ostrya',0,0,0,0,0,0,0,0.0,0.0,0.0,0.0,0.0,0.0,0.0,0.0
1313,920,Oxydendron',0,0,0,0,0,0,0,0.0,0.0,0.0,0.0,0.0,0.0,0.0,0.0
1313,920,Paulownia',0,177,29,0,0,0,0,13.38244342803955,6.290191173553467,65.19032563684107,0.6916256089149092,383.3790148431063,4835.604349855958,0.0017904043223634406,17.732689109593796
1313,920,Persea',0,0,0,19,0,0,0,34.659427642822266,14.610685348510742,7.614213297367096,1.8378988546631585,2828.9079993081095,63256.30588545847,0.0063964452190796335,143.02886324215558
1313,920,Picea',0,0,0,0,0,0,0,0.0,0.0,0.0,0.0,0.0,0.0,0.0,0.0
1313,920,Pinus',0,779,2623,1971,387,34,43,130.89430236816406,32.69754409790039,2450.379157160073,413.0744301431838,700850.7525734194,1210076.2899056245,1.5928404843009163,2703.580342727315
1313,920,Planera',0,0,0,0,0,0,0,0.0,0.0,0.0,0.0,0.0,0.0,0.0,0.0
1313,920,Platanus',0,0,0,0,0,0,0,0.0,0.0,0.0,0.0,0.0,0.0,0.0,0.0
1313,920,Populus',0,146,0,0,0,0,0,5.135211944580078,3.2453126907348633,21.689054236711957,0.0877033345889891,95.17532656893134,1202.4780718608727,0.0005237267143605308,6.358070982009224
1313,920,Prosopis',0,0,0,0,0,0,0,0.0,0.0,0.0,0.0,0.0,0.0,0.0,0.0
1313,920,Prunus',0,0,22,0,0,0,0,16.13440704345703,8.487665176391602,17.148995701270767,0.4579772639434837,426.52272338867186,9537.338034454095,0.0011946975708007812,26.714249808644148
1313,920,Pseudotsuga',0,0,0,0,0,0,0,0.0,0.0,0.0,0.0,0.0,0.0,0.0,0.0
1313,920,Quercus',0,0,66,39,0,0,0,43.05754089355469,18.179460525512695,42.29746227588834,6.8319904939447955,10206.439272922278,140673.48063314118,0.023289871897190884,316.8739665477334
1313,920,Robinia',0,0,0,0,0,0,0,0.0,0.0,0.0,0.0,0.0,0.0,0.0,0.0
1313,920,Salix',0,130,28,0,0,0,0,13.940380096435547,8.865880012512207,35.92880462626396,0.4981714531436867,398.6133204068989,7240.700814235865,0.0014030224554627234,19.9061141992866
1313,920,Sassafras',0,0,0,0,0,0,0,0.0,0.0,0.0,0.0,0.0,0.0,0.0,0.0
1313,920,Sequoia',0,0,0,0,0,0,0,0.0,0.0,0.0,0.0,0.0,0.0,0.0,0.0
1313,920,Sequoiadendron',0,0,0,0,0,0,0,0.0,0.0,0.0,0.0,0.0,0.0,0.0,0.0
1313,920,Sorbus',0,0,0,0,0,0,0,0.0,0.0,0.0,0.0,0.0,0.0,0.0,0.0
1313,920,Taxodium',0,16,54,0,0,0,0,26.847631454467773,9.76373291015625,34.964630332174174,1.898378567458291,1589.5987979698182,24429.795071271506,0.0040357770193591245,59.65709291475277
1313,920,Taxus',0,0,0,0,0,0,0,0.0,0.0,0.0,0.0,0.0,0.0,0.0,0.0
1313,920,Thuja',0,0,0,0,0,0,0,0.0,0.0,0.0,0.0,0.0,0.0,0.0,0.0
1313,920,Tilia',0,0,0,0,0,0,0,0.0,0.0,0.0,0.0,0.0,0.0,0.0,0.0
1313,920,Torreya',0,39,35,38,0,0,0,40.04378890991211,15.028788566589355,21.250680065155027,6.34185416357538,8725.161906343401,159353.56706350224,0.01969620313213424,357.6406080831207
1313,920,Tsuga',0,0,0,0,0,0,0,0.0,0.0,0.0,0.0,0.0,0.0,0.0,0.0
1313,920,Ulmus',0,0,0,0,0,0,0,0.0,0.0,0.0,0.0,0.0,0.0,0.0,0.0
1313,920,Umbellularia',0,0,0,0,0,0,0,0.0,0.0,0.0,0.0,0.0,0.0,0.0,0.0
1313,930,Abies',0,0,0,0,0,0,0,0.0,0.0,0.0,0.0,0.0,0.0,0.0,0.0
1313,930,Acer',0,326,341,18,0,0,0,31.805042266845703,18.000274658203125,279.47016140139556,9.870694221986959,12776.763589763641,89403.8482401918,0.032415935813154446,213.31351496241584
1313,930,Aesculus',0,0,0,0,0,0,0,0.0,0.0,0.0,0.0,0.0,0.0,0.0,0.0
1313,930,Ailanthus',0,0,0,0,0,0,0,0.0,0.0,0.0,0.0,0.0,0.0,0.0,0.0
1313,930,Alnus',0,0,0,0,0,0,0,0.0,0.0,0.0,0.0,0.0,0.0,0.0,0.0
1313,930,Amelanchier',0,0,0,0,0,0,0,0.0,0.0,0.0,0.0,0.0,0.0,0.0,0.0
1313,930,Arbutus',0,0,0,0,0,0,0,0.0,0.0,0.0,0.0,0.0,0.0,0.0,0.0
1313,930,Asimina',0,0,0,0,0,0,0,0.0,0.0,0.0,0.0,0.0,0.0,0.0,0.0
1313,930,Betula',0,0,0,0,0,0,0,0.0,0.0,0.0,0.0,0.0,0.0,0.0,0.0
1313,930,Calocedrus',0,0,0,0,0,0,0,0.0,0.0,0.0,0.0,0.0,0.0,0.0,0.0
1313,930,Carpinus',0,0,0,0,0,0,0,0.0,0.0,0.0,0.0,0.0,0.0,0.0,0.0
1313,930,Carya',0,66,81,0,0,0,0,23.913068771362305,17.27975082397461,63.91032219027416,2.3519487035223943,4484.251092210412,78899.57987112792,0.01088502665306617,180.00009775694468
1313,930,Castanea',0,0,0,0,0,0,0,0.0,0.0,0.0,0.0,0.0,0.0,0.0,0.0
1313,930,Catalpa',0,40,0,0,0,0,0,0.7719925045967102,1.5832083225250244,0.0,0.001872302598887487,8.392658829689026,187.66555655148665,1.8650352722033858e-05,0.41703456490815866
1313,930,Celtis',0,37,67,0,0,0,0,17.1619815826416,10.308822631835938,34.75508622636523,1.6243077045027348,1754.3574112838508,26504.833454579697,0.004398890818182343,65.46057990684004
1313,930,Cercis',0,0,0,0,0,0,0,0.0,0.0,0.0,0.0,0.0,0.0,0.0,0.0
1313,930,Cercocarpus',0,0,0,0,0,0,0,0.0,0.0,0.0,0.0,0.0,0.0,0.0,0.0
1313,930,Chamaecyparis',0,0,0,0,0,0,0,0.0,0.0,0.0,0.0,0.0,0.0,0.0,0.0
1313,930,Chilopsis',0,0,0,0,0,0,0,0.0,0.0,0.0,0.0,0.0,0.0,0.0,0.0
1313,930,Chrysolepis',0,0,0,0,0,0,0,0.0,0.0,0.0,0.0,0.0,0.0,0.0,0.0
1313,930,Cladrastis',0,0,0,0,0,0,0,0.0,0.0,0.0,0.0,0.0,0.0,0.0,0.0
1313,930,Comus',0,0,0,0,0,0,0,0.0,0.0,0.0,0.0,0.0,0.0,0.0,0.0
1313,930,Cornus',0,0,0,0,0,0,0,0.0,0.0,0.0,0.0,0.0,0.0,0.0,0.0
1313,930,Crataegus',0,0,0,0,0,0,0,0.0,0.0,0.0,0.0,0.0,0.0,0.0,0.0
1313,930,Cupressus',0,0,0,0,0,0,0,0.0,0.0,0.0,0.0,0.0,0.0,0.0,0.0
1313,930,Diospyros',0,0,0,0,0,0,0,0.0,0.0,0.0,0.0,0.0,0.0,0.0,0.0
1313,930,Elaeagnus',0,0,0,0,0,0,0,0.0,0.0,0.0,0.0,0.0,0.0,0.0,0.0
1313,930,Fagus',0,0,0,0,0,0,0,0.0,0.0,0.0,0.0,0.0,0.0,0.0,0.0
1313,930,Fraxinus',0,408,510,117,0,0,0,32.0551643371582,15.6478910446167,440.00423744650953,20.38817964880508,27731.401934020818,175371.6310496056,0.06795944235579338,402.43109721800835
1313,930,Gleditsia',0,0,0,0,0,0,0,0.0,0.0,0.0,0.0,0.0,0.0,0.0,0.0
1313,930,Gordonia',0,0,31,0,0,0,0,19.280160903930664,12.426007270812988,12.780211200714112,0.9155609126924624,1044.1719519233704,23348.394646992692,0.002504985183715789,56.013171534182824
1313,930,Gymnocladus',0,0,0,0,0,0,0,0.0,0.0,0.0,0.0,0.0,0.0,0.0,0.0
1313,930,Halesia',0,0,0,0,0,0,0,0.0,0.0,0.0,0.0,0.0,0.0,0.0,0.0
1313,930,Ilex',0,24,0,0,0,0,0,5.494922161102295,4.064518451690674,20.53648774623871,0.05833753547500704,94.27917401790619,2108.1464196657184,0.000506147440075873,11.317800826471414
1313,930,Juglans',0,0,0,0,0,0,0,0.0,0.0,0.0,0.0,0.0,0.0,0.0,0.0
1313,930,Juniperus',0,0,0,0,0,0,0,0.0,0.0,0.0,0.0,0.0,0.0,0.0,0.0
1313,930,Larix',0,0,0,0,0,0,0,0.0,0.0,0.0,0.0,0.0,0.0,0.0,0.0
1313,930,Liquidambar',0,0,0,0,0,0,0,0.0,0.0,0.0,0.0,0.0,0.0,0.0,0.0
1313,930,Liriodendron',0,940,1439,418,68,0,1,164.86753845214844,31.98828887939453,1367.4612549998903,92.47527676310635,102979.50663376301,349573.20677266055,0.24852871183390204,795.0665622763283
1313,930,Lithocarpus',0,0,0,0,0,0,0,0.0,0.0,0.0,0.0,0.0,0.0,0.0,0.0
1313,930,Maclura',0,33,0,0,0,0,0,0.585549533367157,1.618966817855835,1.0839321228522287,0.0009134252303511092,7.582835056781769,169.55734649132765,3.2454550102353506e-05,0.7257058020803485
1313,930,Magnolia',0,60,71,26,0,0,0,31.342761993408203,15.406309127807617,74.42660367187065,2.8160942291191327,3461.480183081627,62220.64452369907,0.008423206454484187,141.32064240614656
1313,930,Malus',0,0,0,0,0,0,0,0.0,0.0,0.0,0.0,0.0,0.0,0.0,0.0
1313,930,Morus',0,0,0,0,0,0,0,0.0,0.0,0.0,0.0,0.0,0.0,0.0,0.0
1313,930,Nyssa',0,15,0,0,0,0,0,1.1610509157180786,1.8929632902145386,1.0317817766549466,0.0015881213018366302,4.033044297248125,90.18161204914662,2.3815392341930416e-05,0.5325283618738418
1313,930,Olneya',0,0,0,0,0,0,0,0.0,0.0,0.0,0.0,0.0,0.0,0.0,0.0
1313,930,Ostrya',0,0,0,0,0,0,0,0.0,0.0,0.0,0.0,0.0,0.0,0.0,0.0
1313,930,Oxydendron',0,0,0,0,0,0,0,0.0,0.0,0.0,0.0,0.0,0.0,0.0,0.0
1313,930,Paulownia',0,85,3,0,0,0,0,20.36807632446289,8.370488166809082,36.871132707294024,0.4134256652024884,229.0177068901062,2640.066023711299,0.0010397086765896598,11.99163728769844
1313,930,Persea',0,19,0,0,0,0,0,7.003598213195801,5.308948516845703,24.836797504425046,0.07504491679228772,143.04525207519532,3198.589074987294,0.0006766320757245054,15.129953170767577
1313,930,Picea',0,0,0,0,0,0,0,0.0,0.0,0.0,0.0,0.0,0.0,0.0,0.0
1313,930,Pinus',0,720,2456,2181,421,30,49,136.75123596191406,32.9981575012207,2382.3831478774546,441.32835387937257,752613.9517338318,1261292.8600968535,1.7068876458092905,2817.410940227608
1313,930,Planera',0,0,35,0,0,0,0,8.492910385131836,5.4966654777526855,7.655574892517886,0.1996360021404187,157.95944307923318,3532.080524131731,0.0004612272509857966,10.313354862795896
1313,930,Platanus',0,0,0,0,0,0,0,0.0,0.0,0.0,0.0,0.0,0.0,0.0,0.0
1313,930,Populus',0,92,69,0,0,0,0,11.264427185058594,5.423092842102051,88.40645219329036,0.7134045699519863,549.7430016446114,5879.418446406034,0.0024943111193235865,24.795462418837598
1313,930,Prosopis',0,0,0,0,0,0,0,0.0,0.0,0.0,0.0,0.0,0.0,0.0,0.0
1313,930,Prunus',0,0,22,0,0,0,0,23.076723098754883,11.096098899841309,13.388589967655228,0.9368847666098129,983.7580366134644,21997.498432794342,0.002378865027427673,53.1930391062518
1313,930,Pseudotsuga',0,0,0,0,0,0,0,0.0,0.0,0.0,0.0,0.0,0.0,0.0,0.0
1313,930,Quercus',0,32,39,66,0,0,0,45.85442352294922,18.928922653198242,58.18338199789765,8.41395569917366,13065.802778756022,170847.39979742927,0.02987270018753969,386.5131072132348
1313,930,Robinia',0,0,0,0,0,0,0,0.0,0.0,0.0,0.0,0.0,0.0,0.0,0.0
1313,930,Salix',0,60,20,0,0,0,0,12.397918701171875,8.138050079345703,28.55322602428967,0.2804949427526522,232.69312596082688,4469.637193414709,0.0009281353805167655,16.175637809482055
1313,930,Sassafras',0,0,0,0,0,0,0,0.0,0.0,0.0,0.0,0.0,0.0,0.0,0.0
1313,930,Sequoia',0,0,0,0,0,0,0,0.0,0.0,0.0,0.0,0.0,0.0,0.0,0.0
1313,930,Sequoiadendron',0,0,0,0,0,0,0,0.0,0.0,0.0,0.0,0.0,0.0,0.0,0.0
1313,930,Sorbus',0,0,0,0,0,0,0,0.0,0.0,0.0,0.0,0.0,0.0,0.0,0.0
1313,930,Taxodium',0,39,53,17,0,0,0,44.31806945800781,13.570584297180176,52.35615999638279,3.342811222809065,3133.5341669988634,40484.91075458142,0.0077171052570156684,96.03304280812488
1313,930,Taxus',0,0,0,0,0,0,0,0.0,0.0,0.0,0.0,0.0,0.0,0.0,0.0
1313,930,Thuja',0,0,0,0,0,0,0,0.0,0.0,0.0,0.0,0.0,0.0,0.0,0.0
1313,930,Tilia',0,0,0,0,0,0,0,0.0,0.0,0.0,0.0,0.0,0.0,0.0,0.0
1313,930,Torreya',0,68,35,38,0,0,0,41.98198699951172,15.26698112487793,45.61959791779518,7.456026852545004,10344.014662281275,180199.94292683172,0.023645649007968412,405.5757136237972
1313,930,Tsuga',0,0,0,0,0,0,0,0.0,0.0,0.0,0.0,0.0,0.0,0.0,0.0
1313,930,Ulmus',0,0,0,0,0,0,0,0.0,0.0,0.0,0.0,0.0,0.0,0.0,0.0
1313,930,Umbellularia',0,0,0,0,0,0,0,0.0,0.0,0.0,0.0,0.0,0.0,0.0,0.0
1313,940,Abies',0,0,0,0,0,0,0,0.0,0.0,0.0,0.0,0.0,0.0,0.0,0.0
1313,940,Acer',0,673,155,27,0,0,0,29.479158401489258,17.1207332611084,197.92890684490524,6.191843884522023,8417.512525150627,81498.01305630316,0.021554879706446938,189.7926719812172
1313,940,Aesculus',0,0,0,0,0,0,0,0.0,0.0,0.0,0.0,0.0,0.0,0.0,0.0
1313,940,Ailanthus',0,0,0,0,0,0,0,0.0,0.0,0.0,0.0,0.0,0.0,0.0,0.0
1313,940,Alnus',0,0,0,0,0,0,0,0.0,0.0,0.0,0.0,0.0,0.0,0.0,0.0
1313,940,Amelanchier',0,0,0,0,0,0,0,0.0,0.0,0.0,0.0,0.0,0.0,0.0,0.0
1313,940,Arbutus',0,0,0,0,0,0,0,0.0,0.0,0.0,0.0,0.0,0.0,0.0,0.0
1313,940,Asimina',0,0,0,0,0,0,0,0.0,0.0,0.0,0.0,0.0,0.0,0.0,0.0
1313,940,Betula',0,0,0,0,0,0,0,0.0,0.0,0.0,0.0,0.0,0.0,0.0,0.0
1313,940,Calocedrus',0,0,0,0,0,0,0,0.0,0.0,0.0,0.0,0.0,0.0,0.0,0.0
1313,940,Carpinus',0,0,0,0,0,0,0,0.0,0.0,0.0,0.0,0.0,0.0,0.0,0.0
1313,940,Carya',0,25,113,0,0,0,0,25.958621978759766,18.236021041870117,65.16906700179545,3.4062446062970135,6492.940002238751,99767.16752662267,0.015366900576874462,227.0989637982325
1313,940,Castanea',0,0,0,0,0,0,0,0.0,0.0,0.0,0.0,0.0,0.0,0.0,0.0
1313,940,Catalpa',0,76,0,0,0,0,0,7.930698871612549,3.9910190105438232,36.84623198041433,0.20063234143334757,171.51685739755632,3594.1245451457435,0.0009115705589577545,18.891739054023414
1313,940,Celtis',0,0,67,0,0,0,0,21.071773529052734,11.928321838378906,21.493624293162853,2.3254179555695917,2762.805322634578,43649.5594612723,0.006448980160817511,101.8917881881618
1313,940,Cercis',0,0,0,0,0,0,0,0.0,0.0,0.0,0.0,0.0,0.0,0.0,0.0
1313,940,Cercocarpus',0,0,0,0,0,0,0,0.0,0.0,0.0,0.0,0.0,0.0,0.0,0.0
1313,940,Chamaecyparis',0,0,0,0,0,0,0,0.0,0.0,0.0,0.0,0.0,0.0,0.0,0.0
1313,940,Chilopsis',0,0,0,0,0,0,0,0.0,0.0,0.0,0.0,0.0,0.0,0.0,0.0
1313,940,Chrysolepis',0,0,0,0,0,0,0,0.0,0.0,0.0,0.0,0.0,0.0,0.0,0.0
1313,940,Cladrastis',0,0,0,0,0,0,0,0.0,0.0,0.0,0.0,0.0,0.0,0.0,0.0
1313,940,Comus',0,0,0,0,0,0,0,0.0,0.0,0.0,0.0,0.0,0.0,0.0,0.0
1313,940,Cornus',0,0,0,0,0,0,0,0.0,0.0,0.0,0.0,0.0,0.0,0.0,0.0
1313,940,Crataegus',0,0,0,0,0,0,0,0.0,0.0,0.0,0.0,0.0,0.0,0.0,0.0
1313,940,Cupressus',0,0,0,0,0,0,0,0.0,0.0,0.0,0.0,0.0,0.0,0.0,0.0
1313,940,Diospyros',0,0,0,0,0,0,0,0.0,0.0,0.0,0.0,0.0,0.0,0.0,0.0
1313,940,Elaeagnus',0,0,0,0,0,0,0,0.0,0.0,0.0,0.0,0.0,0.0,0.0,0.0
1313,940,Fagus',0,0,0,0,0,0,0,0.0,0.0,0.0,0.0,0.0,0.0,0.0,0.0
1313,940,Fraxinus',0,512,522,128,0,0,0,35.3837890625,16.738832473754883,446.44746309688566,23.296382359880695,31482.899330087304,190638.24275578617,0.07638885679574152,436.1387976628415
1313,940,Gleditsia',0,34,0,0,0,0,0,1.6892459392547607,2.3447353839874268,4.127819870091692,0.007673781066431282,16.138771419525145,360.8738996738882,9.528619594499621e-05,2.1306641145037535
1313,940,Gordonia',0,0,0,0,0,0,0,0.0,0.0,0.0,0.0,0.0,0.0,0.0,0.0
1313,940,Gymnocladus',0,0,0,0,0,0,0,0.0,0.0,0.0,0.0,0.0,0.0,0.0,0.0
1313,940,Halesia',0,0,0,0,0,0,0,0.0,0.0,0.0,0.0,0.0,0.0,0.0,0.0
1313,940,Ilex',0,0,24,0,0,0,0,14.057430267333984,7.4888200759887695,17.547031652927398,0.38180082646951863,384.253379881382,8592.166779988125,0.0011073535260558013,24.761177593848302
1313,940,Juglans',0,0,0,0,0,0,0,0.0,0.0,0.0,0.0,0.0,0.0,0.0,0.0
1313,940,Juniperus',0,0,0,0,0,0,0,0.0,0.0,0.0,0.0,0.0,0.0,0.0,0.0
1313,940,Larix',0,0,0,0,0,0,0,0.0,0.0,0.0,0.0,0.0,0.0,0.0,0.0
1313,940,Liquidambar',0,0,0,0,0,0,0,0.0,0.0,0.0,0.0,0.0,0.0,0.0,0.0
1313,940,Liriodendron',0,796,1379,333,59,4,1,171.15554809570312,32.28314971923828,1182.7242056282732,91.04955127102515,101777.48983324393,355338.11538217694,0.24319817136029676,806.0809969748101
1313,940,Lithocarpus',0,0,0,0,0,0,0,0.0,0.0,0.0,0.0,0.0,0.0,0.0,0.0
1313,940,Maclura',0,0,0,0,0,0,0,0.0,0.0,0.0,0.0,0.0,0.0,0.0,0.0
1313,940,Magnolia',0,0,110,26,0,0,0,33.08664321899414,15.99255084991455,91.08753259612034,4.238680053162576,5086.814882055521,75309.4190577322,0.012135561023364527,173.91159029606843
1313,940,Malus',0,0,0,0,0,0,0,0.0,0.0,0.0,0.0,0.0,0.0,0.0,0.0
1313,940,Morus',0,0,0,0,0,0,0,0.0,0.0,0.0,0.0,0.0,0.0,0.0,0.0
1313,940,Nyssa',0,15,0,0,0,0,0,6.277371406555176,4.497249603271484,16.837204076066797,0.04753754469688128,68.12283416748048,1523.2728801843327,0.00039376498889923047,8.804852823381257
1313,940,Olneya',0,0,0,0,0,0,0,0.0,0.0,0.0,0.0,0.0,0.0,0.0,0.0
1313,940,Ostrya',0,0,0,0,0,0,0,0.0,0.0,0.0,0.0,0.0,0.0,0.0,0.0
1313,940,Oxydendron',0,0,0,0,0,0,0,0.0,0.0,0.0,0.0,0.0,0.0,0.0,0.0
1313,940,Paulownia',0,49,0,0,0,0,0,5.737689971923828,3.618964195251465,22.22763852228092,0.11709210406605758,73.6675047492981,1388.3416494625942,0.0004836847749501532,8.616729990358781
1313,940,Persea',0,0,19,0,0,0,0,16.56439971923828,9.498403549194336,11.07913435459137,0.41978821090537355,503.1806852579117,11251.462172016098,0.0012782112173835495,28.581671716723775
1313,940,Picea',0,0,0,0,0,0,0,0.0,0.0,0.0,0.0,0.0,0.0,0.0,0.0
1313,940,Pinus',0,894,2560,1960,340,45,40,137.0,33.01020050048828,2436.198776216209,414.08970578484,701160.9732396343,1241330.7656183206,1.5933250368077312,2771.705047610145
1313,940,Planera',0,0,35,0,0,0,0,15.802331924438477,8.063082695007324,5.120648984573309,0.6911433611814962,606.0651648768783,13552.029074593378,0.0014205259909257529,31.763926795152855
1313,940,Platanus',0,0,0,0,0,0,0,0.0,0.0,0.0,0.0,0.0,0.0,0.0,0.0
1313,940,Populus',0,193,84,0,0,0,0,21.95697784423828,8.876782417297363,125.78273611213963,1.6853565962105064,1275.4215491607786,13232.704301530997,0.004644982543158821,42.04187047853148
1313,940,Prosopis',0,0,0,0,0,0,0,0.0,0.0,0.0,0.0,0.0,0.0,0.0,0.0
1313,940,Prunus',0,0,0,22,0,0,0,28.766921997070312,13.045507431030273,13.778807996194573,1.4558770204087066,1697.2994420051575,37952.76930495996,0.0039701301693916315,88.77480938282437
1313,940,Pseudotsuga',0,0,0,0,0,0,0,0.0,0.0,0.0,0.0,0.0,0.0,0.0,0.0
1313,940,Quercus',0,55,39,41,24,0,0,48.3125114440918,19.56086540222168,52.04063842851149,10.015474420184212,15952.232029220462,200270.1336710875,0.03619855930591778,449.63056988919016
1313,940,Robinia',0,0,0,0,0,0,0,0.0,0.0,0.0,0.0,0.0,0.0,0.0,0.0
1313,940,Salix',0,72,0,0,0,0,0,3.0255751609802246,3.144193410873413,10.592192229402215,0.032984417264696274,37.113899911046026,499.68476002055917,0.00023495582409156367,3.5278956434981894
1313,940,Sassafras',0,0,0,0,0,0,0,0.0,0.0,0.0,0.0,0.0,0.0,0.0,0.0
1313,940,Sequoia',0,0,0,0,0,0,0,0.0,0.0,0.0,0.0,0.0,0.0,0.0,0.0
1313,940,Sequoiadendron',0,0,0,0,0,0,0,0.0,0.0,0.0,0.0,0.0,0.0,0.0,0.0
1313,940,Sorbus',0,0,0,0,0,0,0,0.0,0.0,0.0,0.0,0.0,0.0,0.0,0.0
1313,940,Taxodium',0,0,53,13,4,0,0,58.833099365234375,15.999002456665039,53.908972679814205,5.069746290017108,5106.7942860412595,62694.634599539684,0.012124481178998994,148.61852892584045
1313,940,Taxus',0,0,0,0,0,0,0,0.0,0.0,0.0,0.0,0.0,0.0,0.0,0.0
1313,940,Thuja',0,0,0,0,0,0,0,0.0,0.0,0.0,0.0,0.0,0.0,0.0,0.0
1313,940,Tilia',0,0,0,0,0,0,0,0.0,0.0,0.0,0.0,0.0,0.0,0.0,0.0
1313,940,Torreya',0,0,29,73,0,0,0,43.86603927612305,15.480202674865723,37.399661149978634,8.535366009996762,11926.56719502449,201527.9186090132,0.027043700868129468,454.2370499234736
1313,940,Tsuga',0,0,0,0,0,0,0,0.0,0.0,0.0,0.0,0.0,0.0,0.0,0.0
1313,940,Ulmus',0,0,0,0,0,0,0,0.0,0.0,0.0,0.0,0.0,0.0,0.0,0.0
1313,940,Umbellularia',0,0,0,0,0,0,0,0.0,0.0,0.0,0.0,0.0,0.0,0.0,0.0
1313,950,Abies',0,0,0,0,0,0,0,0.0,0.0,0.0,0.0,0.0,0.0,0.0,0.0
1313,950,Acer',0,306,262,34,0,0,0,34.074623107910156,18.818056106567383,308.8792717296488,6.208072689939539,8657.537586336137,88119.57372133993,0.023685461134685813,205.5331923967843
1313,950,Aesculus',0,0,0,0,0,0,0,0.0,0.0,0.0,0.0,0.0,0.0,0.0,0.0
1313,950,Ailanthus',0,0,0,0,0,0,0,0.0,0.0,0.0,0.0,0.0,0.0,0.0,0.0
1313,950,Alnus',0,0,0,0,0,0,0,0.0,0.0,0.0,0.0,0.0,0.0,0.0,0.0
1313,950,Amelanchier',0,0,0,0,0,0,0,0.0,0.0,0.0,0.0,0.0,0.0,0.0,0.0
1313,950,Arbutus',0,0,0,0,0,0,0,0.0,0.0,0.0,0.0,0.0,0.0,0.0,0.0
1313,950,Asimina',0,0,0,0,0,0,0,0.0,0.0,0.0,0.0,0.0,0.0,0.0,0.0
1313,950,Betula',0,0,0,0,0,0,0,0.0,0.0,0.0,0.0,0.0,0.0,0.0,0.0
1313,950,Calocedrus',0,0,0,0,0,0,0,0.0,0.0,0.0,0.0,0.0,0.0,0.0,0.0
1313,950,Carpinus',0,0,0,0,0,0,0,0.0,0.0,0.0,0.0,0.0,0.0,0.0,0.0
1313,950,Carya',0,0,68,0,0,0,0,24.704273223876953,15.886049270629883,39.255266642268694,1.9204866728139611,3391.1164110374452,49939.84785343136,0.00810091600561141,116.8559024862567
1313,950,Castanea',0,0,0,0,0,0,0,0.0,0.0,0.0,0.0,0.0,0.0,0.0,0.0
1313,950,Catalpa',0,101,0,0,0,0,0,6.204209327697754,3.444772720336914,24.239158969891218,0.13310301362185764,124.1005086517334,1892.7051118151112,0.0006247150660445946,9.482099951093513
1313,950,Celtis',0,0,33,0,0,0,0,23.997663497924805,13.052519798278809,3.5737433614610112,1.5342058818965014,1930.570829925537,43168.87611091773,0.004341603618621763,97.08120822597166
1313,950,Cercis',0,0,0,0,0,0,0,0.0,0.0,0.0,0.0,0.0,0.0,0.0,0.0
1313,950,Cercocarpus',0,0,0,0,0,0,0,0.0,0.0,0.0,0.0,0.0,0.0,0.0,0.0
1313,950,Chamaecyparis',0,0,0,0,0,0,0,0.0,0.0,0.0,0.0,0.0,0.0,0.0,0.0
1313,950,Chilopsis',0,0,0,0,0,0,0,0.0,0.0,0.0,0.0,0.0,0.0,0.0,0.0
1313,950,Chrysolepis',0,0,0,0,0,0,0,0.0,0.0,0.0,0.0,0.0,0.0,0.0,0.0
1313,950,Cladrastis',0,0,0,0,0,0,0,0.0,0.0,0.0,0.0,0.0,0.0,0.0,0.0
1313,950,Comus',0,0,0,0,0,0,0,0.0,0.0,0.0,0.0,0.0,0.0,0.0,0.0
1313,950,Cornus',0,0,0,0,0,0,0,0.0,0.0,0.0,0.0,0.0,0.0,0.0,0.0
1313,950,Crataegus',0,0,0,0,0,0,0,0.0,0.0,0.0,0.0,0.0,0.0,0.0,0.0
1313,950,Cupressus',0,0,0,0,0,0,0,0.0,0.0,0.0,0.0,0.0,0.0,0.0,0.0
1313,950,Diospyros',0,0,0,0,0,0,0,0.0,0.0,0.0,0.0,0.0,0.0,0.0,0.0
1313,950,Elaeagnus',0,0,0,0,0,0,0,0.0,0.0,0.0,0.0,0.0,0.0,0.0,0.0
1313,950,Fagus',0,0,0,0,0,0,0,0.0,0.0,0.0,0.0,0.0,0.0,0.0,0.0
1313,950,Fraxinus',0,622,550,82,0,0,0,43.54774856567383,17.64860725402832,437.8521022877266,20.3077252293514,26717.883358278425,163266.67782894408,0.06567619889454634,373.68806338120345
1313,950,Gleditsia',0,14,0,0,0,0,0,2.9229931831359863,3.083651304244995,4.269533041345922,0.009636069558322502,16.916372128129005,378.2615801117943,9.905423949286355e-05,2.2149201296558725
1313,950,Gordonia',0,0,0,0,0,0,0,0.0,0.0,0.0,0.0,0.0,0.0,0.0,0.0
1313,950,Gymnocladus',0,0,0,0,0,0,0,0.0,0.0,0.0,0.0,0.0,0.0,0.0,0.0
1313,950,Halesia',0,0,0,0,0,0,0,0.0,0.0,0.0,0.0,0.0,0.0,0.0,0.0
1313,950,Ilex',0,0,24,0,0,0,0,21.272987365722656,9.712060928344727,10.254625117778778,0.874343232269434,936.8059526324272,20947.617918125507,0.002229913403689847,49.862379545884764
1313,950,Juglans',0,0,0,0,0,0,0,0.0,0.0,0.0,0.0,0.0,0.0,0.0,0.0
1313,950,Juniperus',0,0,0,0,0,0,0,0.0,0.0,0.0,0.0,0.0,0.0,0.0,0.0
1313,950,Larix',0,0,0,0,0,0,0,0.0,0.0,0.0,0.0,0.0,0.0,0.0,0.0
1313,950,Liquidambar',0,0,0,0,0,0,0,0.0,0.0,0.0,0.0,0.0,0.0,0.0,0.0
1313,950,Liriodendron',0,974,1368,228,42,9,1,178.64137268066406,32.602569580078125,1146.9933549635393,88.43779451960945,99759.54314793051,365898.21154314675,0.2381994786556096,829.791928715507
1313,950,Lithocarpus',0,0,0,0,0,0,0,0.0,0.0,0.0,0.0,0.0,0.0,0.0,0.0
1313,950,Maclura',0,0,0,0,0,0,0,0.0,0.0,0.0,0.0,0.0,0.0,0.0,0.0
1313,950,Magnolia',0,0,73,0,0,0,0,19.880578994750977,11.090653419494629,33.75203951816015,1.8659216935470038,1923.3343240249158,30999.004324482063,0.0045821950873235545,73.95164609735912
1313,950,Malus',0,0,0,0,0,0,0,0.0,0.0,0.0,0.0,0.0,0.0,0.0,0.0
1313,950,Morus',0,0,0,0,0,0,0,0.0,0.0,0.0,0.0,0.0,0.0,0.0,0.0
1313,950,Nyssa',0,0,15,0,0,0,0,15.840066909790039,8.696721076965332,11.822103186498712,0.3026879420003721,294.1234442138672,6576.800150385834,0.0008237934150695781,18.420580755122543
1313,950,Olneya',0,0,0,0,0,0,0,0.0,0.0,0.0,0.0,0.0,0.0,0.0,0.0
1313,950,Ostrya',0,0,0,0,0,0,0,0.0,0.0,0.0,0.0,0.0,0.0,0.0,0.0
1313,950,Oxydendron',0,0,0,0,0,0,0,0.0,0.0,0.0,0.0,0.0,0.0,0.0,0.0
1313,950,Paulownia',0,8,0,0,0,0,0,0.5,1.5138310194015503,0.0,0.0001633628179866688,0.8003235340118409,17.895778260433527,1.7784968391060827e-06,0.039768398300097034
1313,950,Persea',0,20,0,0,0,0,0,0.5,1.6174150705337524,0.0,0.00040290925782289505,2.217124461829662,49.576410112287085,4.926943264435976e-06,0.11016980060563565
1313,950,Picea',0,0,0,0,0,0,0,0.0,0.0,0.0,0.0,0.0,0.0,0.0,0.0
1313,950,Pinus',0,1341,2527,1864,312,63,34,136.0312042236328,32.962974548339844,2627.5197860422727,401.120723321978,688883.8412371263,1286638.5758068967,1.5688060509663955,2871.6176381635846
1313,950,Planera',0,32,35,0,0,0,0,21.065994262695312,9.470075607299805,30.42115501870837,1.3275519322552511,1284.6918114799262,26558.74704941274,0.0032928000631667156,63.60267546766075
1313,950,Platanus',0,29,0,0,0,0,0,3.000828266143799,2.1885221004486084,11.851802423030513,0.021019431725480115,38.978419876098634,871.583964984864,0.0002572319866828648,5.751882082102046
1313,950,Populus',0,86,71,0,0,0,0,11.72762393951416,5.581578254699707,113.55692360974565,0.672489039820196,546.3729024887085,6016.802811950414,0.002848877001475525,27.312100428080658
1313,950,Prosopis',0,0,0,0,0,0,0,0.0,0.0,0.0,0.0,0.0,0.0,0.0,0.0
1313,950,Prunus',0,0,0,22,0,0,0,33.2479248046875,14.470673561096191,7.537759557554993,1.9447643601642342,2428.5950407981873,54305.03601043622,0.005505388104915619,123.10422045110076
1313,950,Pseudotsuga',0,0,0,0,0,0,0,0.0,0.0,0.0,0.0,0.0,0.0,0.0,0.0
1313,950,Quercus',0,27,95,41,24,0,0,50.401058197021484,20.078893661499023,57.245923761702784,11.870184701579861,19238.257156933545,229984.51242714797,0.04357576848717784,514.3723257311242
1313,950,Robinia',0,0,0,0,0,0,0,0.0,0.0,0.0,0.0,0.0,0.0,0.0,0.0
1313,950,Salix',0,107,3,0,0,0,0,9.227473258972168,6.562370300292969,35.96811615260719,0.12078902647467343,132.39173282772302,1648.972016173368,0.0008119848686973521,9.861345651711412
1313,950,Sassafras',0,8,0,0,0,0,0,2.5359175205230713,3.924923896789551,0.7261115614371964,0.004202265193780381,3.709786467552185,82.95334723455504,1.8696749217808177e-05,0.41807202209285105
1313,950,Sequoia',0,0,0,0,0,0,0,0.0,0.0,0.0,0.0,0.0,0.0,0.0,0.0
1313,950,Sequoiadendron',0,0,0,0,0,0,0,0.0,0.0,0.0,0.0,0.0,0.0,0.0,0.0
1313,950,Sorbus',0,0,0,0,0,0,0,0.0,0.0,0.0,0.0,0.0,0.0,0.0,0.0
1313,950,Taxodium',0,0,16,49,0,4,0,70.65345001220703,17.59005355834961,45.284411620490154,6.946552868406453,7399.80503745079,87618.42646313409,0.01709590569090846,202.02511449176495
1313,950,Taxus',0,0,0,0,0,0,0,0.0,0.0,0.0,0.0,0.0,0.0,0.0,0.0
1313,950,Thuja',0,0,0,0,0,0,0,0.0,0.0,0.0,0.0,0.0,0.0,0.0,0.0
1313,950,Tilia',0,0,0,0,0,0,0,0.0,0.0,0.0,0.0,0.0,0.0,0.0,0.0
1313,950,Torreya',0,4,29,38,0,0,0,45.972938537597656,15.699004173278809,38.46344925880432,7.256966222105086,10436.20784623146,211758.12832121394,0.023747155667761696,478.9426604467952
1313,950,Tsuga',0,0,0,0,0,0,0,0.0,0.0,0.0,0.0,0.0,0.0,0.0,0.0
1313,950,Ulmus',0,0,0,0,0,0,0,0.0,0.0,0.0,0.0,0.0,0.0,0.0,0.0
1313,950,Umbellularia',0,0,0,0,0,0,0,0.0,0.0,0.0,0.0,0.0,0.0,0.0,0.0
1313,960,Abies',0,0,0,0,0,0,0,0.0,0.0,0.0,0.0,0.0,0.0,0.0,0.0
1313,960,Acer',0,407,163,40,0,0,0,41.871307373046875,21.34795379638672,286.6329819124333,8.325140975152218,12570.273130405545,115176.1219091397,0.032060180730856584,266.46848016222907
1313,960,Aesculus',0,0,0,0,0,0,0,0.0,0.0,0.0,0.0,0.0,0.0,0.0,0.0
1313,960,Ailanthus',0,0,0,0,0,0,0,0.0,0.0,0.0,0.0,0.0,0.0,0.0,0.0
1313,960,Alnus',0,0,0,0,0,0,0,0.0,0.0,0.0,0.0,0.0,0.0,0.0,0.0
1313,960,Amelanchier',0,0,0,0,0,0,0,0.0,0.0,0.0,0.0,0.0,0.0,0.0,0.0
1313,960,Arbutus',0,0,0,0,0,0,0,0.0,0.0,0.0,0.0,0.0,0.0,0.0,0.0
1313,960,Asimina',0,0,0,0,0,0,0,0.0,0.0,0.0,0.0,0.0,0.0,0.0,0.0
1313,960,Betula',0,0,0,0,0,0,0,0.0,0.0,0.0,0.0,0.0,0.0,0.0,0.0
1313,960,Calocedrus',0,0,0,0,0,0,0,0.0,0.0,0.0,0.0,0.0,0.0,0.0,0.0
1313,960,Carpinus',0,0,0,0,0,0,0,0.0,0.0,0.0,0.0,0.0,0.0,0.0,0.0
1313,960,Carya',0,38,52,16,0,0,0,29.15191650390625,17.493505477905273,45.95765472212924,2.770122761842971,5175.579530768395,72865.9482163158,0.01216287380451149,166.8564127148609
1313,960,Castanea',0,0,0,0,0,0,0,0.0,0.0,0.0,0.0,0.0,0.0,0.0,0.0
1313,960,Catalpa',0,73,45,0,0,0,0,11.177630424499512,4.963402271270752,71.31491439629204,0.5500494603504567,424.42724001169205,5712.345135968745,0.0019697894502095875,26.11693111283779
1313,960,Celtis',0,84,33,0,0,0,0,26.27988624572754,13.880631446838379,15.903969470741627,1.8691907965017989,2466.6783549925685,54423.336023749325,0.005710454204947221,124.82794485023675
1313,960,Cercis',0,0,0,0,0,0,0,0.0,0.0,0.0,0.0,0.0,0.0,0.0,0.0
1313,960,Cercocarpus',0,0,0,0,0,0,0,0.0,0.0,0.0,0.0,0.0,0.0,0.0,0.0
1313,960,Chamaecyparis',0,0,0,0,0,0,0,0.0,0.0,0.0,0.0,0.0,0.0,0.0,0.0
1313,960,Chilopsis',0,0,0,0,0,0,0,0.0,0.0,0.0,0.0,0.0,0.0,0.0,0.0
1313,960,Chrysolepis',0,0,0,0,0,0,0,0.0,0.0,0.0,0.0,0.0,0.0,0.0,0.0
1313,960,Cladrastis',0,0,0,0,0,0,0,0.0,0.0,0.0,0.0,0.0,0.0,0.0,0.0
1313,960,Comus',0,0,0,0,0,0,0,0.0,0.0,0.0,0.0,0.0,0.0,0.0,0.0
1313,960,Cornus',0,0,0,0,0,0,0,0.0,0.0,0.0,0.0,0.0,0.0,0.0,0.0
1313,960,Crataegus',0,0,0,0,0,0,0,0.0,0.0,0.0,0.0,0.0,0.0,0.0,0.0
1313,960,Cupressus',0,0,0,0,0,0,0,0.0,0.0,0.0,0.0,0.0,0.0,0.0,0.0
1313,960,Diospyros',0,0,0,0,0,0,0,0.0,0.0,0.0,0.0,0.0,0.0,0.0,0.0
1313,960,Elaeagnus',0,0,0,0,0,0,0,0.0,0.0,0.0,0.0,0.0,0.0,0.0,0.0
1313,960,Fagus',0,0,0,0,0,0,0,0.0,0.0,0.0,0.0,0.0,0.0,0.0,0.0
1313,960,Fraxinus',0,500,513,44,0,0,0,39.8585319519043,18.111801147460938,403.05599564851457,14.949797825713073,18612.909519881905,123803.60143432656,0.04716423693461225,287.61703971626025
1313,960,Gleditsia',0,32,0,0,0,0,0,5.63065242767334,4.636847496032715,16.052665629341632,0.07978106479893858,105.20290031075479,2352.408365249815,0.0004648712745979384,10.394837707879613
1313,960,Gordonia',0,0,0,0,0,0,0,0.0,0.0,0.0,0.0,0.0,0.0,0.0,0.0
1313,960,Gymnocladus',0,0,0,0,0,0,0,0.0,0.0,0.0,0.0,0.0,0.0,0.0,0.0
1313,960,Halesia',0,0,0,0,0,0,0,0.0,0.0,0.0,0.0,0.0,0.0,0.0,0.0
1313,960,Ilex',0,0,0,24,0,0,0,28.180631637573242,11.398452758789062,8.309432691335678,1.5343570554574069,1801.8347134530545,40290.24903499916,0.004124102213084679,92.21772894614745
1313,960,Juglans',0,0,0,0,0,0,0,0.0,0.0,0.0,0.0,0.0,0.0,0.0,0.0
1313,960,Juniperus',0,0,0,0,0,0,0,0.0,0.0,0.0,0.0,0.0,0.0,0.0,0.0
1313,960,Larix',0,0,0,0,0,0,0,0.0,0.0,0.0,0.0,0.0,0.0,0.0,0.0
1313,960,Liquidambar',0,0,0,0,0,0,0,0.0,0.0,0.0,0.0,0.0,0.0,0.0,0.0
1313,960,Liriodendron',0,1103,1505,380,34,15,1,185.65806579589844,32.87360382080078,1306.6064975397733,90.42011066835158,102939.54262643673,379012.1312097572,0.24756386549492498,856.7586786774508
1313,960,Lithocarpus',0,0,0,0,0,0,0,0.0,0.0,0.0,0.0,0.0,0.0,0.0,0.0
1313,960,Maclura',0,4,0,0,0,0,0,4.951338768005371,3.8127925395965576,3.619008539598199,0.00916520360346682,19.582654576301575,437.881468125076,9.561465188860893e-05,2.138008612679047
1313,960,Magnolia',0,0,34,0,0,0,0,22.81982421875,12.278374671936035,8.562190241262881,1.4151112044600092,1605.5404027432203,35900.974811562584,0.0036460306857526875,81.5277246139331
1313,960,Malus',0,0,0,0,0,0,0,0.0,0.0,0.0,0.0,0.0,0.0,0.0,0.0
1313,960,Morus',0,0,0,0,0,0,0,0.0,0.0,0.0,0.0,0.0,0.0,0.0,0.0
1313,960,Nyssa',0,0,15,0,0,0,0,24.13926887512207,11.776557922363281,14.511243120024474,0.7029579086707077,795.7196017456055,17792.83120532231,0.001977163192749034,44.21071301597276
1313,960,Olneya',0,0,0,0,0,0,0,0.0,0.0,0.0,0.0,0.0,0.0,0.0,0.0
1313,960,Ostrya',0,0,0,0,0,0,0,0.0,0.0,0.0,0.0,0.0,0.0,0.0,0.0
1313,960,Oxydendron',0,0,0,0,0,0,0,0.0,0.0,0.0,0.0,0.0,0.0,0.0,0.0
1313,960,Paulownia',0,87,0,0,0,0,0,4.177831172943115,3.0169904232025146,39.73121772838544,0.08482717758767257,84.12223213136197,1265.3928285496618,0.000758891245912286,11.415791567074416
1313,960,Persea',0,0,20,0,0,0,0,10.382115364074707,6.9400315284729,24.16354040622711,0.1737156471388377,238.15495501041414,5325.306685816887,0.0008782621345371012,19.638538348890393
1313,960,Picea',0,0,0,0,0,0,0,0.0,0.0,0.0,0.0,0.0,0.0,0.0,0.0
1313,960,Pinus',0,1056,2549,2229,278,42,38,135.3784637451172,32.9306640625,2466.888953266218,415.2323613096257,706216.6763520464,1328096.9264160364,1.6050032294142753,2965.306483785248
1313,960,Planera',0,0,0,0,0,0,0,0.0,0.0,0.0,0.0,0.0,0.0,0.0,0.0
1313,960,Platanus',0,0,0,0,0,0,0,0.0,0.0,0.0,0.0,0.0,0.0,0.0,0.0
1313,960,Populus',0,92,30,0,0,0,0,17.79087257385254,7.5808868408203125,58.478041220031955,0.8579092166717381,653.7142318943143,12082.856077745002,0.002294522295119711,34.13938446805296
1313,960,Prosopis',0,0,0,0,0,0,0,0.0,0.0,0.0,0.0,0.0,0.0,0.0,0.0
1313,960,Prunus',0,0,0,22,0,0,0,36.550071716308594,15.462834358215332,7.793482421319695,2.350251651781022,3084.342033624649,68967.98453044654,0.006966284967660937,155.77086738324783
1313,960,Pseudotsuga',0,0,0,0,0,0,0,0.0,0.0,0.0,0.0,0.0,0.0,0.0,0.0
1313,960,Quercus',0,1,83,41,0,0,0,42.68498611450195,18.755157470703125,41.316644924728166,6.84463981790601,11223.824535382986,150007.78790717555,0.02553660844995825,337.01117037106263
1313,960,Robinia',0,0,0,0,0,0,0,0.0,0.0,0.0,0.0,0.0,0.0,0.0,0.0
1313,960,Salix',0,79,32,0,0,0,0,12.295785903930664,8.088981628417969,29.362283066103725,0.3608106525310218,293.6702266341448,4807.706524457298,0.001075286876135747,17.207620378362837
1313,960,Sassafras',0,8,0,0,0,0,0,4.530689239501953,5.774601936340332,0.6772931504853164,0.013413488999842085,10.07152468919754,225.20613842113153,3.2131177306175114e-05,0.7184749665370616
1313,960,Sequoia',0,0,0,0,0,0,0,0.0,0.0,0.0,0.0,0.0,0.0,0.0,0.0
1313,960,Sequoiadendron',0,0,0,0,0,0,0,0.0,0.0,0.0,0.0,0.0,0.0,0.0,0.0
1313,960,Sorbus',0,0,0,0,0,0,0,0.0,0.0,0.0,0.0,0.0,0.0,0.0,0.0
1313,960,Taxodium',0,0,0,53,13,4,0,80.50534057617188,18.69902992248535,76.44771096072618,8.84318245416956,9906.912529010773,114443.18039532212,0.02311586834669115,265.82860918356215
1313,960,Taxus',0,0,0,0,0,0,0,0.0,0.0,0.0,0.0,0.0,0.0,0.0,0.0
1313,960,Thuja',0,0,0,0,0,0,0,0.0,0.0,0.0,0.0,0.0,0.0,0.0,0.0
1313,960,Tilia',0,0,0,0,0,0,0,0.0,0.0,0.0,0.0,0.0,0.0,0.0,0.0
1313,960,Torreya',0,0,33,0,0,0,0,24.502927780151367,12.193400382995605,33.211549072265626,1.4694455484495534,1876.2608099365234,38361.14786412046,0.0046491905860901305,91.0108522881964
1313,960,Tsuga',0,0,0,0,0,0,0,0.0,0.0,0.0,0.0,0.0,0.0,0.0,0.0
1313,960,Ulmus',0,0,0,0,0,0,0,0.0,0.0,0.0,0.0,0.0,0.0,0.0,0.0
1313,960,Umbellularia',0,0,0,0,0,0,0,0.0,0.0,0.0,0.0,0.0,0.0,0.0,0.0
1313,970,Abies',0,0,0,0,0,0,0,0.0,0.0,0.0,0.0,0.0,0.0,0.0,0.0
1313,970,Acer',0,160,270,14,7,0,0,48.7343635559082,23.25645637512207,262.808432077541,7.526214541047927,10826.609687498361,84891.89825206678,0.027842405992696346,202.13678443079647
1313,970,Aesculus',0,0,0,0,0,0,0,0.0,0.0,0.0,0.0,0.0,0.0,0.0,0.0
1313,970,Ailanthus',0,0,0,0,0,0,0,0.0,0.0,0.0,0.0,0.0,0.0,0.0,0.0
1313,970,Alnus',0,0,0,0,0,0,0,0.0,0.0,0.0,0.0,0.0,0.0,0.0,0.0
1313,970,Amelanchier',0,0,0,0,0,0,0,0.0,0.0,0.0,0.0,0.0,0.0,0.0,0.0
1313,970,Arbutus',0,0,0,0,0,0,0,0.0,0.0,0.0,0.0,0.0,0.0,0.0,0.0
1313,970,Asimina',0,0,0,0,0,0,0,0.0,0.0,0.0,0.0,0.0,0.0,0.0,0.0
1313,970,Betula',0,0,0,0,0,0,0,0.0,0.0,0.0,0.0,0.0,0.0,0.0,0.0
1313,970,Calocedrus',0,0,0,0,0,0,0,0.0,0.0,0.0,0.0,0.0,0.0,0.0,0.0
1313,970,Carpinus',0,0,0,0,0,0,0,0.0,0.0,0.0,0.0,0.0,0.0,0.0,0.0
1313,970,Carya',0,21,52,16,0,0,0,33.05433654785156,18.835765838623047,34.28161706704693,3.6280665336590148,7168.272501842826,99183.71521598536,0.016422997634079638,226.25866549769637
1313,970,Castanea',0,0,0,0,0,0,0,0.0,0.0,0.0,0.0,0.0,0.0,0.0,0.0
1313,970,Catalpa',0,0,45,0,0,0,0,18.76760482788086,6.981237411499023,39.636998370855665,1.1630773835246224,818.7016339194774,13103.842591655852,0.002389933560669436,38.14447693965644
1313,970,Celtis',0,39,7,33,0,0,0,28.193986892700195,14.543885231018066,27.013408058806306,2.3943001480216743,3160.1260137796403,64776.91903477732,0.007411375786676979,146.9708284450762
1313,970,Cercis',0,0,0,0,0,0,0,0.0,0.0,0.0,0.0,0.0,0.0,0.0,0.0
1313,970,Cercocarpus',0,0,0,0,0,0,0,0.0,0.0,0.0,0.0,0.0,0.0,0.0,0.0
1313,970,Chamaecyparis',0,0,0,0,0,0,0,0.0,0.0,0.0,0.0,0.0,0.0,0.0,0.0
1313,970,Chilopsis',0,0,0,0,0,0,0,0.0,0.0,0.0,0.0,0.0,0.0,0.0,0.0
1313,970,Chrysolepis',0,0,0,0,0,0,0,0.0,0.0,0.0,0.0,0.0,0.0,0.0,0.0
1313,970,Cladrastis',0,0,0,0,0,0,0,0.0,0.0,0.0,0.0,0.0,0.0,0.0,0.0
1313,970,Comus',0,0,0,0,0,0,0,0.0,0.0,0.0,0.0,0.0,0.0,0.0,0.0
1313,970,Cornus',0,0,0,0,0,0,0,0.0,0.0,0.0,0.0,0.0,0.0,0.0,0.0
1313,970,Crataegus',0,0,0,0,0,0,0,0.0,0.0,0.0,0.0,0.0,0.0,0.0,0.0
1313,970,Cupressus',0,0,0,0,0,0,0,0.0,0.0,0.0,0.0,0.0,0.0,0.0,0.0
1313,970,Diospyros',0,0,0,0,0,0,0,0.0,0.0,0.0,0.0,0.0,0.0,0.0,0.0
1313,970,Elaeagnus',0,0,0,0,0,0,0,0.0,0.0,0.0,0.0,0.0,0.0,0.0,0.0
1313,970,Fagus',0,0,0,0,0,0,0,0.0,0.0,0.0,0.0,0.0,0.0,0.0,0.0
1313,970,Fraxinus',0,420,422,16,0,0,0,43.07917785644531,19.03754997253418,395.07517317050616,12.601492225167114,17016.692446792127,131569.9312916259,0.043502198834932795,303.8493083298065
1313,970,Gleditsia',0,58,32,0,0,0,0,12.965373039245605,8.408679962158203,30.19507162933108,0.5067596572721964,635.9880946683884,11780.032664491499,0.0018479817412197692,32.17399153021341
1313,970,Gordonia',0,0,0,0,0,0,0,0.0,0.0,0.0,0.0,0.0,0.0,0.0,0.0
1313,970,Gymnocladus',0,0,0,0,0,0,0,0.0,0.0,0.0,0.0,0.0,0.0,0.0,0.0
1313,970,Halesia',0,0,0,0,0,0,0,0.0,0.0,0.0,0.0,0.0,0.0,0.0,0.0
1313,970,Ilex',0,0,0,0,0,0,0,0.0,0.0,0.0,0.0,0.0,0.0,0.0,0.0
1313,970,Juglans',0,0,0,0,0,0,0,0.0,0.0,0.0,0.0,0.0,0.0,0.0,0.0
1313,970,Juniperus',0,0,0,0,0,0,0,0.0,0.0,0.0,0.0,0.0,0.0,0.0,0.0
1313,970,Larix',0,0,0,0,0,0,0,0.0,0.0,0.0,0.0,0.0,0.0,0.0,0.0
1313,970,Liquidambar',0,0,0,0,0,0,0,0.0,0.0,0.0,0.0,0.0,0.0,0.0,0.0
1313,970,Liriodendron',0,1118,1650,442,10,22,7,92.06756591796875,25.86991310119629,1434.6889863660724,93.05674750727327,101320.30500545696,340021.397014804,0.24580937876855596,772.8554183530501
1313,970,Lithocarpus',0,0,0,0,0,0,0,0.0,0.0,0.0,0.0,0.0,0.0,0.0,0.0
1313,970,Maclura',0,30,4,0,0,0,0,14.64719295501709,7.691011905670166,17.94771296314046,0.08837752360179163,181.35775821208955,3601.8585870859715,0.000661384545981883,12.542782100625319
1313,970,Magnolia',0,0,34,0,0,0,0,25.16465950012207,13.18441390991211,7.61746135599251,1.720870132175524,2050.761504253745,45856.42129151157,0.004626786702026949,103.45809583124357
1313,970,Malus',0,0,0,0,0,0,0,0.0,0.0,0.0,0.0,0.0,0.0,0.0,0.0
1313,970,Morus',0,0,0,0,0,0,0,0.0,0.0,0.0,0.0,0.0,0.0,0.0,0.0
1313,970,Nyssa',0,50,0,0,0,0,0,4.8818135261535645,3.818732261657715,19.75231857239445,0.05025035431964959,70.93362551689148,1127.9989826295675,0.0004419758760556578,7.011124324271481
1313,970,Olneya',0,0,0,0,0,0,0,0.0,0.0,0.0,0.0,0.0,0.0,0.0,0.0
1313,970,Ostrya',0,0,0,0,0,0,0,0.0,0.0,0.0,0.0,0.0,0.0,0.0,0.0
1313,970,Oxydendron',0,0,0,0,0,0,0,0.0,0.0,0.0,0.0,0.0,0.0,0.0,0.0
1313,970,Paulownia',0,91,0,0,0,0,0,2.857863426208496,2.491337299346924,17.050330477613432,0.036632720108064655,41.5447789222002,600.7257293773312,0.0003377707101008903,5.335408134255221
1313,970,Persea',0,0,20,0,0,0,0,18.700157165527344,10.26938533782959,10.244848394393921,0.5635828266996704,696.1472807979584,15566.326422158518,0.0016949750858545256,37.90079512139282
1313,970,Picea',0,0,0,0,0,0,0,0.0,0.0,0.0,0.0,0.0,0.0,0.0,0.0
1313,970,Pinus',0,909,2884,2053,306,77,30,133.72665405273438,32.84709167480469,2561.559910312295,445.42786177253123,757533.5896833128,1325940.2493593332,1.7204082897517718,2959.5299579683997
1313,970,Planera',0,0,0,0,0,0,0,0.0,0.0,0.0,0.0,0.0,0.0,0.0,0.0
1313,970,Platanus',0,0,0,0,0,0,0,0.0,0.0,0.0,0.0,0.0,0.0,0.0,0.0
1313,970,Populus',0,50,36,0,0,0,0,9.488208770751953,4.80754280090332,40.72233035594602,0.35415966104019514,257.8602190303803,4246.323270420796,0.0011592432902827825,18.074193345238125
1313,970,Prosopis',0,0,0,0,0,0,0,0.0,0.0,0.0,0.0,0.0,0.0,0.0,0.0
1313,970,Prunus',0,0,0,22,0,0,0,39.26883316040039,16.244571685791016,5.834238287768786,2.7129006727043157,3694.134748363495,82603.36415384855,0.00829317574262627,185.4410470986463
1313,970,Pseudotsuga',0,0,0,0,0,0,0,0.0,0.0,0.0,0.0,0.0,0.0,0.0,0.0
1313,970,Quercus',0,39,70,41,0,0,0,44.621788024902344,19.22321319580078,64.55299216688056,8.163510690616304,13819.147599997223,177029.5500920256,0.03163849266915757,398.9882283627343
1313,970,Robinia',0,0,0,0,0,0,0,0.0,0.0,0.0,0.0,0.0,0.0,0.0,0.0
1313,970,Salix',0,188,19,0,0,0,0,9.168272018432617,6.5318922996521,45.72751698048808,0.30572536767203395,255.5078517651558,3418.5369049068413,0.0012260682481274796,15.74629081311918
1313,970,Sassafras',0,0,0,0,0,0,0,0.0,0.0,0.0,0.0,0.0,0.0,0.0,0.0
1313,970,Sequoia',0,0,0,0,0,0,0,0.0,0.0,0.0,0.0,0.0,0.0,0.0,0.0
1313,970,Sequoiadendron',0,0,0,0,0,0,0,0.0,0.0,0.0,0.0,0.0,0.0,0.0,0.0
1313,970,Sorbus',0,0,0,0,0,0,0,0.0,0.0,0.0,0.0,0.0,0.0,0.0,0.0
1313,970,Taxodium',0,36,0,16,13,0,4,89.55964660644531,19.571250915527344,28.932147010972226,7.7261722356752625,9451.185400953293,124242.0207096036,0.021419128936529138,279.6496541502682
1313,970,Taxus',0,0,0,0,0,0,0,0.0,0.0,0.0,0.0,0.0,0.0,0.0,0.0
1313,970,Thuja',0,0,0,0,0,0,0,0.0,0.0,0.0,0.0,0.0,0.0,0.0,0.0
1313,970,Tilia',0,0,0,0,0,0,0,0.0,0.0,0.0,0.0,0.0,0.0,0.0,0.0
1313,970,Torreya',0,38,0,33,0,0,0,32.370277404785156,13.863690376281738,39.9195205783844,2.2964496386484976,3050.310022497177,55725.54670931805,0.007355082180860694,130.51652330417122
1313,970,Tsuga',0,0,0,0,0,0,0,0.0,0.0,0.0,0.0,0.0,0.0,0.0,0.0
1313,970,Ulmus',0,0,0,0,0,0,0,0.0,0.0,0.0,0.0,0.0,0.0,0.0,0.0
1313,970,Umbellularia',0,0,0,0,0,0,0,0.0,0.0,0.0,0.0,0.0,0.0,0.0,0.0
1313,980,Abies',0,0,0,0,0,0,0,0.0,0.0,0.0,0.0,0.0,0.0,0.0,0.0
1313,980,Acer',0,251,108,25,0,0,0,46.304805755615234,22.61208152770996,173.95787386765963,5.350352511914642,7893.740931018591,76920.74471971368,0.020045866800673245,181.26471862039335
1313,980,Aesculus',0,0,0,0,0,0,0,0.0,0.0,0.0,0.0,0.0,0.0,0.0,0.0
1313,980,Ailanthus',0,0,0,0,0,0,0,0.0,0.0,0.0,0.0,0.0,0.0,0.0,0.0
1313,980,Alnus',0,0,0,0,0,0,0,0.0,0.0,0.0,0.0,0.0,0.0,0.0,0.0
1313,980,Amelanchier',0,0,0,0,0,0,0,0.0,0.0,0.0,0.0,0.0,0.0,0.0,0.0
1313,980,Arbutus',0,0,0,0,0,0,0,0.0,0.0,0.0,0.0,0.0,0.0,0.0,0.0
1313,980,Asimina',0,0,0,0,0,0,0,0.0,0.0,0.0,0.0,0.0,0.0,0.0,0.0
1313,980,Betula',0,0,0,0,0,0,0,0.0,0.0,0.0,0.0,0.0,0.0,0.0,0.0
1313,980,Calocedrus',0,0,0,0,0,0,0,0.0,0.0,0.0,0.0,0.0,0.0,0.0,0.0
1313,980,Carpinus',0,0,0,0,0,0,0,0.0,0.0,0.0,0.0,0.0,0.0,0.0,0.0
1313,980,Carya',0,33,25,26,0,0,0,29.82406997680664,19.908578872680664,33.370984084432635,2.8261619984403765,6133.124875908494,103464.36771620155,0.014109560341469788,235.62642188427213
1313,980,Castanea',0,0,0,0,0,0,0,0.0,0.0,0.0,0.0,0.0,0.0,0.0,0.0
1313,980,Catalpa',0,0,17,0,0,0,0,27.363868713378906,8.892088890075684,19.680296197722228,1.0162220539680544,793.8493241500855,17751.0105269185,0.002047418392181412,45.7816670330096
1313,980,Celtis',0,39,8,33,0,0,0,29.58513641357422,15.00874137878418,33.41311208809478,2.645597305778764,3672.639499940872,73117.34081943096,0.008642421133518333,164.30833914534205
1313,980,Cercis',0,0,0,0,0,0,0,0.0,0.0,0.0,0.0,0.0,0.0,0.0,0.0
1313,980,Cercocarpus',0,0,0,0,0,0,0,0.0,0.0,0.0,0.0,0.0,0.0,0.0,0.0
1313,980,Chamaecyparis',0,0,0,0,0,0,0,0.0,0.0,0.0,0.0,0.0,0.0,0.0,0.0
1313,980,Chilopsis',0,0,0,0,0,0,0,0.0,0.0,0.0,0.0,0.0,0.0,0.0,0.0
1313,980,Chrysolepis',0,0,0,0,0,0,0,0.0,0.0,0.0,0.0,0.0,0.0,0.0,0.0
1313,980,Cladrastis',0,0,0,0,0,0,0,0.0,0.0,0.0,0.0,0.0,0.0,0.0,0.0
1313,980,Comus',0,0,0,0,0,0,0,0.0,0.0,0.0,0.0,0.0,0.0,0.0,0.0
1313,980,Cornus',0,0,0,0,0,0,0,0.0,0.0,0.0,0.0,0.0,0.0,0.0,0.0
1313,980,Crataegus',0,0,0,0,0,0,0,0.0,0.0,0.0,0.0,0.0,0.0,0.0,0.0
1313,980,Cupressus',0,0,0,0,0,0,0,0.0,0.0,0.0,0.0,0.0,0.0,0.0,0.0
1313,980,Diospyros',0,0,0,0,0,0,0,0.0,0.0,0.0,0.0,0.0,0.0,0.0,0.0
1313,980,Elaeagnus',0,0,0,0,0,0,0,0.0,0.0,0.0,0.0,0.0,0.0,0.0,0.0
1313,980,Fagus',0,0,0,0,0,0,0,0.0,0.0,0.0,0.0,0.0,0.0,0.0,0.0
1313,980,Fraxinus',0,390,414,17,0,0,0,45.9520263671875,19.821786880493164,385.86612253084394,14.35273627854599,20271.105338750036,162181.20879228544,0.05060165794745999,371.8286276902263
1313,980,Gleditsia',0,21,36,0,0,0,0,8.567869186401367,6.220545768737793,18.87741948230357,0.24048222817684395,271.6793363952637,5322.675638371016,0.0008754827797524608,16.486794212729038
1313,980,Gordonia',0,0,0,0,0,0,0,0.0,0.0,0.0,0.0,0.0,0.0,0.0,0.0
1313,980,Gymnocladus',0,0,0,0,0,0,0,0.0,0.0,0.0,0.0,0.0,0.0,0.0,0.0
1313,980,Halesia',0,6,0,0,0,0,0,3.829503059387207,3.0250368118286133,2.8380092035366005,0.006956834336843832,8.66424162864685,193.73833255137896,6.0108589142560835e-05,1.3440689135437045
1313,980,Ilex',0,17,0,0,0,0,0,5.4522318840026855,4.044911861419678,14.222225074768065,0.04034430661666982,65.14088962554932,1456.5945731754082,0.0003501896713972106,7.830479102624814
1313,980,Juglans',0,0,0,0,0,0,0,0.0,0.0,0.0,0.0,0.0,0.0,0.0,0.0
1313,980,Juniperus',0,0,0,0,0,0,0,0.0,0.0,0.0,0.0,0.0,0.0,0.0,0.0
1313,980,Larix',0,0,0,0,0,0,0,0.0,0.0,0.0,0.0,0.0,0.0,0.0,0.0
1313,980,Liquidambar',0,0,0,0,0,0,0,0.0,0.0,0.0,0.0,0.0,0.0,0.0,0.0
1313,980,Liriodendron',0,1244,1688,396,22,2,10,102.36434173583984,27.145998001098633,1515.52360725648,98.05744915960055,104227.4789198178,318866.93366379815,0.25343342550702985,728.9735290819364
1313,980,Lithocarpus',0,0,0,0,0,0,0,0.0,0.0,0.0,0.0,0.0,0.0,0.0,0.0
1313,980,Maclura',0,0,30,0,0,0,0,8.455855369567871,5.359291076660156,18.208946517751187,0.1725147308561436,248.70122314453127,5561.1284103851685,0.0008147972831726191,18.219421130561283
1313,980,Magnolia',0,76,34,0,0,0,0,27.041603088378906,13.884181022644043,39.64133357322668,2.0427578182272748,2538.642661590576,55306.799616946155,0.00600330906858149,127.05886354157121
1313,980,Malus',0,0,0,0,0,0,0,0.0,0.0,0.0,0.0,0.0,0.0,0.0,0.0
1313,980,Morus',0,0,0,0,0,0,0,0.0,0.0,0.0,0.0,0.0,0.0,0.0,0.0
1313,980,Nyssa',0,34,15,0,0,0,0,14.89226245880127,8.313405990600586,30.07317103917085,0.3497066345218225,347.74728909492495,6283.520082602689,0.0012056917677223664,20.63185921060402
1313,980,Olneya',0,0,0,0,0,0,0,0.0,0.0,0.0,0.0,0.0,0.0,0.0,0.0
1313,980,Ostrya',0,0,0,0,0,0,0,0.0,0.0,0.0,0.0,0.0,0.0,0.0,0.0
1313,980,Oxydendron',0,0,0,0,0,0,0,0.0,0.0,0.0,0.0,0.0,0.0,0.0,0.0
1313,980,Paulownia',0,87,0,0,0,0,0,7.038722038269043,4.1056108474731445,19.16896603294188,0.08691502016416583,62.96348529785872,1114.2095344755433,0.000415866772858894,7.297031745616732
1313,980,Persea',0,0,20,0,0,0,0,24.69438934326172,12.168150901794434,11.102192237377166,0.9827969954509929,1340.7727363657953,29980.589808923683,0.0031398601480722727,70.20940730932108
1313,980,Picea',0,0,0,0,0,0,0,0.0,0.0,0.0,0.0,0.0,0.0,0.0,0.0
1313,980,Pinus',0,989,2839,1999,331,76,24,119.75404357910156,32.02479553222656,2437.812819064259,442.7331096681042,753003.4866954226,1323182.4322111816,1.708553933035587,2953.509499370109
1313,980,Planera',0,0,0,0,0,0,0,0.0,0.0,0.0,0.0,0.0,0.0,0.0,0.0
1313,980,Platanus',0,74,0,0,0,0,0,3.1955924034118652,2.245387077331543,23.763667776992047,0.03968154783696552,80.8489384996891,1304.3139959135306,0.0005217555065024622,8.576559335171714
1313,980,Populus',0,227,3,0,0,0,0,11.798609733581543,5.60579252243042,90.13080430889053,0.3504893517899706,347.7200745025277,3245.5172133882756,0.002070194286899166,19.205932729877564
1313,980,Prosopis',0,0,0,0,0,0,0,0.0,0.0,0.0,0.0,0.0,0.0,0.0,0.0
1313,980,Prunus',0,0,0,22,0,0,0,41.57013702392578,16.882457733154297,13.833695725549624,3.040190599253002,4277.465258979797,95647.03090472566,0.009704622616767794,217.00195867074686
1313,980,Pseudotsuga',0,0,0,0,0,0,0,0.0,0.0,0.0,0.0,0.0,0.0,0.0,0.0
1313,980,Quercus',0,74,9,41,0,0,0,46.47875213623047,19.653671264648438,45.22249107308025,7.169001537878213,12842.577526208162,195450.86888853263,0.029190065246373357,439.0116224552513
1313,980,Robinia',0,0,0,0,0,0,0,0.0,0.0,0.0,0.0,0.0,0.0,0.0,0.0
1313,980,Salix',0,61,0,0,0,0,0,5.482021331787109,4.553961753845215,30.413110301464414,0.10176349476544097,100.00974884986877,1413.0489652356282,0.0006600575051754772,9.257037711447206
1313,980,Sassafras',0,35,0,0,0,0,0,1.305356740951538,2.6914212703704834,0.0,0.004710759984828429,5.125517272949219,114.61005042163848,1.1390038393437861e-05,0.2546890011405941
1313,980,Sequoia',0,0,0,0,0,0,0,0.0,0.0,0.0,0.0,0.0,0.0,0.0,0.0
1313,980,Sequoiadendron',0,0,0,0,0,0,0,0.0,0.0,0.0,0.0,0.0,0.0,0.0,0.0
1313,980,Sorbus',0,0,0,0,0,0,0,0.0,0.0,0.0,0.0,0.0,0.0,0.0,0.0
1313,980,Taxodium',0,0,0,16,13,0,4,98.19242095947266,20.290176391601562,38.837927745867376,9.086485530434334,11632.564237327575,153698.58061645954,0.026409236811637864,348.75131651325444
1313,980,Taxus',0,0,0,0,0,0,0,0.0,0.0,0.0,0.0,0.0,0.0,0.0,0.0
1313,980,Thuja',0,0,0,0,0,0,0,0.0,0.0,0.0,0.0,0.0,0.0,0.0,0.0
1313,980,Tilia',0,0,0,0,0,0,0,0.0,0.0,0.0,0.0,0.0,0.0,0.0,0.0
1313,980,Torreya',0,0,38,29,0,0,0,32.091670989990234,13.813706398010254,35.69992076158523,2.7559331104480203,3593.466231338978,71513.43028184761,0.008501145926391163,164.4405971695203
1313,980,Tsuga',0,0,0,0,0,0,0,0.0,0.0,0.0,0.0,0.0,0.0,0.0,0.0
1313,980,Ulmus',0,0,0,0,0,0,0,0.0,0.0,0.0,0.0,0.0,0.0,0.0,0.0
1313,980,Umbellularia',0,0,0,0,0,0,0,0.0,0.0,0.0,0.0,0.0,0.0,0.0,0.0
1313,990,Abies',0,0,0,0,0,0,0,0.0,0.0,0.0,0.0,0.0,0.0,0.0,0.0
1313,990,Acer',0,331,124,0,0,0,0,15.369536399841309,10.75653076171875,165.6130583546584,1.7856729653965713,1968.1324900823831,15689.701591676812,0.006757719765277816,47.981411151116724
1313,990,Aesculus',0,0,0,0,0,0,0,0.0,0.0,0.0,0.0,0.0,0.0,0.0,0.0
1313,990,Ailanthus',0,0,0,0,0,0,0,0.0,0.0,0.0,0.0,0.0,0.0,0.0,0.0
1313,990,Alnus',0,0,0,0,0,0,0,0.0,0.0,0.0,0.0,0.0,0.0,0.0,0.0
1313,990,Amelanchier',0,0,0,0,0,0,0,0.0,0.0,0.0,0.0,0.0,0.0,0.0,0.0
1313,990,Arbutus',0,0,0,0,0,0,0,0.0,0.0,0.0,0.0,0.0,0.0,0.0,0.0
1313,990,Asimina',0,0,0,0,0,0,0,0.0,0.0,0.0,0.0,0.0,0.0,0.0,0.0
1313,990,Betula',0,0,0,0,0,0,0,0.0,0.0,0.0,0.0,0.0,0.0,0.0,0.0
1313,990,Calocedrus',0,0,0,0,0,0,0,0.0,0.0,0.0,0.0,0.0,0.0,0.0,0.0
1313,990,Carpinus',0,0,0,0,0,0,0,0.0,0.0,0.0,0.0,0.0,0.0,0.0,0.0
1313,990,Carya',0,57,25,26,0,0,0,32.06462097167969,20.803071975708008,38.086885912225966,3.4719753613812143,7818.6810437217355,127761.08042328287,0.017923128668089035,289.3835038057022
1313,990,Castanea',0,0,0,0,0,0,0,0.0,0.0,0.0,0.0,0.0,0.0,0.0,0.0
1313,990,Catalpa',0,0,0,17,0,0,0,32.708717346191406,9.909224510192871,22.267450984520245,1.4519800431212853,1201.1574284362794,26858.69661662362,0.002989790994644164,66.85375902541104
1313,990,Celtis',0,68,7,0,0,0,0,20.39419174194336,11.657519340515137,20.193846099361586,0.08071413987739179,141.2404646360874,2149.9323985032897,0.0006045693294703964,9.343280583352717
1313,990,Cercis',0,0,0,0,0,0,0,0.0,0.0,0.0,0.0,0.0,0.0,0.0,0.0
1313,990,Cercocarpus',0,0,0,0,0,0,0,0.0,0.0,0.0,0.0,0.0,0.0,0.0,0.0
1313,990,Chamaecyparis',0,0,0,0,0,0,0,0.0,0.0,0.0,0.0,0.0,0.0,0.0,0.0
1313,990,Chilopsis',0,0,0,0,0,0,0,0.0,0.0,0.0,0.0,0.0,0.0,0.0,0.0
1313,990,Chrysolepis',0,0,0,0,0,0,0,0.0,0.0,0.0,0.0,0.0,0.0,0.0,0.0
1313,990,Cladrastis',0,0,0,0,0,0,0,0.0,0.0,0.0,0.0,0.0,0.0,0.0,0.0
1313,990,Comus',0,0,0,0,0,0,0,0.0,0.0,0.0,0.0,0.0,0.0,0.0,0.0
1313,990,Cornus',0,0,0,0,0,0,0,0.0,0.0,0.0,0.0,0.0,0.0,0.0,0.0
1313,990,Crataegus',0,0,0,0,0,0,0,0.0,0.0,0.0,0.0,0.0,0.0,0.0,0.0
1313,990,Cupressus',0,0,0,0,0,0,0,0.0,0.0,0.0,0.0,0.0,0.0,0.0,0.0
1313,990,Diospyros',0,28,0,0,0,0,0,0.5,1.5490899085998535,0.0,0.0005529203070318096,5.298164787292481,118.47056620381709,1.1773699596524238e-05,0.26326792644490027
1313,990,Elaeagnus',0,0,0,0,0,0,0,0.0,0.0,0.0,0.0,0.0,0.0,0.0,0.0
1313,990,Fagus',0,0,0,0,0,0,0,0.0,0.0,0.0,0.0,0.0,0.0,0.0,0.0
1313,990,Fraxinus',0,459,504,28,17,0,0,52.177791595458984,20.416135787963867,434.9643122263347,16.619027036336217,24099.837928290366,187451.97692312166,0.05981674926786475,426.32195378398484
1313,990,Gleditsia',0,0,0,0,0,0,0,0.0,0.0,0.0,0.0,0.0,0.0,0.0,0.0
1313,990,Gordonia',0,0,0,0,0,0,0,0.0,0.0,0.0,0.0,0.0,0.0,0.0,0.0
1313,990,Gymnocladus',0,0,0,0,0,0,0,0.0,0.0,0.0,0.0,0.0,0.0,0.0,0.0
1313,990,Halesia',0,0,0,0,0,0,0,0.0,0.0,0.0,0.0,0.0,0.0,0.0,0.0
1313,990,Ilex',0,0,17,0,0,0,0,10.729558944702148,6.2712860107421875,2.881240682601929,0.15624184526631466,136.34874678611754,3048.850664606666,0.00034461513447761556,7.7058286676718755
1313,990,Juglans',0,0,0,0,0,0,0,0.0,0.0,0.0,0.0,0.0,0.0,0.0,0.0
1313,990,Juniperus',0,0,0,0,0,0,0,0.0,0.0,0.0,0.0,0.0,0.0,0.0,0.0
1313,990,Larix',0,0,0,0,0,0,0,0.0,0.0,0.0,0.0,0.0,0.0,0.0,0.0
1313,990,Liquidambar',0,0,0,0,0,0,0,0.0,0.0,0.0,0.0,0.0,0.0,0.0,0.0
1313,990,Liriodendron',0,1185,1580,293,35,0,7,112.51576232910156,28.239383697509766,1266.051408453738,86.82897178224955,92748.5073586151,315553.44603461947,0.22433330763792114,718.2619882186048
1313,990,Lithocarpus',0,0,0,0,0,0,0,0.0,0.0,0.0,0.0,0.0,0.0,0.0,0.0
1313,990,Maclura',0,31,35,0,0,0,0,14.38314437866211,7.600971698760986,19.923099592516692,0.6288440739011746,884.3290353369713,16205.358232526152,0.002251979780644177,39.67587561022471
1313,990,Magnolia',0,0,0,34,0,0,0,28.6317081451416,14.459855079650879,12.256958528975895,2.2277194522085,2844.2505542844533,63599.37584421514,0.0064324491242070524,143.8339350353601
1313,990,Malus',0,0,0,0,0,0,0,0.0,0.0,0.0,0.0,0.0,0.0,0.0,0.0
1313,990,Morus',0,0,0,0,0,0,0,0.0,0.0,0.0,0.0,0.0,0.0,0.0,0.0
1313,990,Nyssa',0,15,34,0,0,0,0,8.676901817321777,5.2937798500061035,34.34202591075173,0.28276202864622896,267.39011374473574,4486.057173838076,0.0010885727779865405,17.70178391651782
1313,990,Olneya',0,0,0,0,0,0,0,0.0,0.0,0.0,0.0,0.0,0.0,0.0,0.0
1313,990,Ostrya',0,0,0,0,0,0,0,0.0,0.0,0.0,0.0,0.0,0.0,0.0,0.0
1313,990,Oxydendron',0,0,0,0,0,0,0,0.0,0.0,0.0,0.0,0.0,0.0,0.0,0.0
1313,990,Paulownia',0,118,0,0,0,0,0,3.0946929454803467,2.586768627166748,23.165590951950108,0.050726733801699335,55.78601540878415,750.9808274636594,0.000457450472848028,6.768298269461405
1313,990,Persea',0,0,0,20,0,0,0,29.15176773071289,13.35878849029541,14.88572966337204,1.3696103455760145,1995.2127349734308,44614.313049739154,0.004648822041034739,103.95082099053002
1313,990,Picea',0,0,0,0,0,0,0,0.0,0.0,0.0,0.0,0.0,0.0,0.0,0.0
1313,990,Pinus',0,890,2930,2034,404,95,21,127.12039184570312,32.485374450683594,2718.476049285829,466.86528692722004,802253.7403054927,1346551.3030348737,1.8220529681988376,3005.0190097977707
1313,990,Planera',0,12,0,0,0,0,0,1.1150237321853638,1.9423187971115112,0.0,0.001187385328258668,2.334173526763916,52.19370677124598,5.1870524138212195e-06,0.1159860180015874
1313,990,Platanus',0,38,0,0,0,0,0,5.671360492706299,2.959846258163452,42.66201375028754,0.09710638065665303,137.8870230460167,3083.2475674597476,0.0009205589862763781,20.584324706122516
1313,990,Populus',0,80,86,3,0,0,0,29.17481231689453,10.981453895568848,94.67253971326198,1.59375114512634,1172.1749762523175,11830.128466136865,0.003967697054623622,38.268932658145076
1313,990,Prosopis',0,0,0,0,0,0,0,0.0,0.0,0.0,0.0,0.0,0.0,0.0,0.0
1313,990,Prunus',0,0,0,0,0,0,0,0.0,0.0,0.0,0.0,0.0,0.0,0.0,0.0
1313,990,Pseudotsuga',0,0,0,0,0,0,0,0.0,0.0,0.0,0.0,0.0,0.0,0.0,0.0
1313,990,Quercus',0,27,34,41,0,0,0,47.97385025024414,19.987716674804688,33.06039593076404,7.574510301325373,13832.73038916707,216361.1676289459,0.031215324129104882,484.6023934800143
1313,990,Robinia',0,0,0,0,0,0,0,0.0,0.0,0.0,0.0,0.0,0.0,0.0,0.0
1313,990,Salix',0,123,22,0,0,0,0,13.39197063446045,8.609925270080566,27.548910940325335,0.35338474573577416,286.62256486043333,5464.213201017881,0.0010335209196480062,16.720646553491008
1313,990,Sassafras',0,35,0,0,0,0,0,3.7259180545806885,5.049812316894531,8.188868851601322,0.03837948501688239,38.95772156715393,871.121136726659,0.00020445603042840618,4.5717758244768305
1313,990,Sequoia',0,0,0,0,0,0,0,0.0,0.0,0.0,0.0,0.0,0.0,0.0,0.0
1313,990,Sequoiadendron',0,0,0,0,0,0,0,0.0,0.0,0.0,0.0,0.0,0.0,0.0,0.0
1313,990,Sorbus',0,0,0,0,0,0,0,0.0,0.0,0.0,0.0,0.0,0.0,0.0,0.0
1313,990,Taxodium',0,0,0,0,30,0,4,106.42803955078125,20.887104034423828,25.93704522410525,10.539380437908338,13858.12032781601,182551.51662393275,0.031169201600551543,410.4624617426862
1313,990,Taxus',0,0,0,0,0,0,0,0.0,0.0,0.0,0.0,0.0,0.0,0.0,0.0
1313,990,Thuja',0,0,0,0,0,0,0,0.0,0.0,0.0,0.0,0.0,0.0,0.0,0.0
1313,990,Tilia',0,0,0,0,0,0,0,0.0,0.0,0.0,0.0,0.0,0.0,0.0,0.0
1313,990,Torreya',0,25,38,29,0,0,0,35.253902435302734,14.347250938415527,25.48928105354309,3.74604598100457,4911.723739309311,90205.40160569812,0.011283119755407254,204.21040225724568
1313,990,Tsuga',0,0,0,0,0,0,0,0.0,0.0,0.0,0.0,0.0,0.0,0.0,0.0
1313,990,Ulmus',0,0,0,0,0,0,0,0.0,0.0,0.0,0.0,0.0,0.0,0.0,0.0
1313,990,Umbellularia',0,0,0,0,0,0,0,0.0,0.0,0.0,0.0,0.0,0.0,0.0,0.0
1313,1000,Abies',0,0,0,0,0,0,0,0.0,0.0,0.0,0.0,0.0,0.0,0.0,0.0
1313,1000,Acer',0,197,191,0,0,0,0,25.566076278686523,15.540425300598145,184.5811035125693,3.1763000245110713,3716.7083871531486,33103.37935032862,0.010916499369007729,85.52975047735067
1313,1000,Aesculus',0,0,0,0,0,0,0,0.0,0.0,0.0,0.0,0.0,0.0,0.0,0.0
1313,1000,Ailanthus',0,0,0,0,0,0,0,0.0,0.0,0.0,0.0,0.0,0.0,0.0,0.0
1313,1000,Alnus',0,0,0,0,0,0,0,0.0,0.0,0.0,0.0,0.0,0.0,0.0,0.0
1313,1000,Amelanchier',0,0,0,0,0,0,0,0.0,0.0,0.0,0.0,0.0,0.0,0.0,0.0
1313,1000,Arbutus',0,0,0,0,0,0,0,0.0,0.0,0.0,0.0,0.0,0.0,0.0,0.0
1313,1000,Asimina',0,0,0,0,0,0,0,0.0,0.0,0.0,0.0,0.0,0.0,0.0,0.0
1313,1000,Betula',0,0,0,0,0,0,0,0.0,0.0,0.0,0.0,0.0,0.0,0.0,0.0
1313,1000,Calocedrus',0,0,0,0,0,0,0,0.0,0.0,0.0,0.0,0.0,0.0,0.0,0.0
1313,1000,Carpinus',0,0,0,0,0,0,0,0.0,0.0,0.0,0.0,0.0,0.0,0.0,0.0
1313,1000,Carya',0,26,61,0,0,0,0,27.784399032592773,19.047208786010742,34.30125394199467,1.7758392836884194,3715.732875723839,77080.62393613241,0.008750969750337406,176.24056019516988
1313,1000,Castanea',0,0,0,0,0,0,0,0.0,0.0,0.0,0.0,0.0,0.0,0.0,0.0
1313,1000,Catalpa',0,38,0,17,0,0,0,36.970115661621094,10.63815689086914,26.197143117838266,1.8688658259999777,1614.0043032920362,35547.52623074782,0.003963798834995338,84.79077933828803
1313,1000,Celtis',0,31,15,0,0,0,0,38.554073333740234,17.687829971313477,31.864438056945797,0.210125110285215,377.69901863574984,6094.968436737181,0.0012980374511675932,20.26747621586727
1313,1000,Cercis',0,0,0,0,0,0,0,0.0,0.0,0.0,0.0,0.0,0.0,0.0,0.0
1313,1000,Cercocarpus',0,0,0,0,0,0,0,0.0,0.0,0.0,0.0,0.0,0.0,0.0,0.0
1313,1000,Chamaecyparis',0,0,0,0,0,0,0,0.0,0.0,0.0,0.0,0.0,0.0,0.0,0.0
1313,1000,Chilopsis',0,0,0,0,0,0,0,0.0,0.0,0.0,0.0,0.0,0.0,0.0,0.0
1313,1000,Chrysolepis',0,0,0,0,0,0,0,0.0,0.0,0.0,0.0,0.0,0.0,0.0,0.0
1313,1000,Cladrastis',0,0,0,0,0,0,0,0.0,0.0,0.0,0.0,0.0,0.0,0.0,0.0
1313,1000,Comus',0,0,0,0,0,0,0,0.0,0.0,0.0,0.0,0.0,0.0,0.0,0.0
1313,1000,Cornus',0,0,0,0,0,0,0,0.0,0.0,0.0,0.0,0.0,0.0,0.0,0.0
1313,1000,Crataegus',0,0,0,0,0,0,0,0.0,0.0,0.0,0.0,0.0,0.0,0.0,0.0
1313,1000,Cupressus',0,0,0,0,0,0,0,0.0,0.0,0.0,0.0,0.0,0.0,0.0,0.0
1313,1000,Diospyros',0,36,0,0,0,0,0,3.200897455215454,2.8636369705200195,11.841459892973113,0.02909791196259413,56.44980404853821,1262.2559916907392,0.00029590839847922325,6.6167129411263845
1313,1000,Elaeagnus',0,0,0,0,0,0,0,0.0,0.0,0.0,0.0,0.0,0.0,0.0,0.0
1313,1000,Fagus',0,0,0,0,0,0,0,0.0,0.0,0.0,0.0,0.0,0.0,0.0,0.0
1313,1000,Fraxinus',0,582,229,59,0,0,0,69.5526351928711,19.094444274902344,317.9732921596946,10.759964601485548,14646.433335224987,113200.29557453723,0.037125032218602,262.4172276408431
1313,1000,Gleditsia',0,28,0,0,0,0,0,5.355905055999756,4.483418941497803,3.3632639390003827,0.020475970087993706,33.69520649671555,533.3623810028851,0.00012329429024085392,2.0658639650961614
1313,1000,Gordonia',0,0,0,0,0,0,0,0.0,0.0,0.0,0.0,0.0,0.0,0.0,0.0
1313,1000,Gymnocladus',0,0,0,0,0,0,0,0.0,0.0,0.0,0.0,0.0,0.0,0.0,0.0
1313,1000,Halesia',0,0,0,0,0,0,0,0.0,0.0,0.0,0.0,0.0,0.0,0.0,0.0
1313,1000,Ilex',0,0,17,0,0,0,0,20.794462203979492,9.58041000366211,16.200285301208496,0.5868525626016019,646.154186668396,14448.446853366122,0.0016699022111892757,37.34014859996403
1313,1000,Juglans',0,0,0,0,0,0,0,0.0,0.0,0.0,0.0,0.0,0.0,0.0,0.0
1313,1000,Juniperus',0,0,0,0,0,0,0,0.0,0.0,0.0,0.0,0.0,0.0,0.0,0.0
1313,1000,Larix',0,0,0,0,0,0,0,0.0,0.0,0.0,0.0,0.0,0.0,0.0,0.0
1313,1000,Liquidambar',0,0,0,0,0,0,0,0.0,0.0,0.0,0.0,0.0,0.0,0.0,0.0
1313,1000,Liriodendron',0,1178,1716,347,16,0,7,120.11569213867188,28.963842391967773,1438.8526748681934,89.35019097880773,95176.40719471007,325633.7916270937,0.2322162099486764,741.2926724482031
1313,1000,Lithocarpus',0,0,0,0,0,0,0,0.0,0.0,0.0,0.0,0.0,0.0,0.0,0.0
1313,1000,Maclura',0,23,36,0,0,0,0,19.71438217163086,9.275522232055664,34.30276903170573,0.6740364363707726,1018.6102721166611,15499.56878126948,0.0027573857667446302,39.14497021452697
1313,1000,Magnolia',0,0,34,0,0,0,0,8.975773811340332,6.129665374755859,19.115503811383547,0.21893226991366277,191.0840510249138,4272.769275077495,0.0005991345487410856,13.397055786537324
1313,1000,Malus',0,0,0,0,0,0,0,0.0,0.0,0.0,0.0,0.0,0.0,0.0,0.0
1313,1000,Morus',0,0,0,0,0,0,0,0.0,0.0,0.0,0.0,0.0,0.0,0.0,0.0
1313,1000,Nyssa',0,0,34,0,0,0,0,12.104211807250977,6.5440287590026855,9.839401727990259,0.4013648970872854,329.06380828857425,7358.090442682101,0.0008728965470790721,19.518560165936577
1313,1000,Olneya',0,0,0,0,0,0,0,0.0,0.0,0.0,0.0,0.0,0.0,0.0,0.0
1313,1000,Ostrya',0,0,0,0,0,0,0,0.0,0.0,0.0,0.0,0.0,0.0,0.0,0.0
1313,1000,Oxydendron',0,0,0,0,0,0,0,0.0,0.0,0.0,0.0,0.0,0.0,0.0,0.0
1313,1000,Paulownia',0,23,35,0,0,0,0,11.789880752563477,5.769864559173584,26.96091287969788,0.40530002768912254,208.4212306934595,4332.68905155908,0.0008512756044510858,16.23065745801052
1313,1000,Persea',0,0,0,20,0,0,0,32.72631072998047,14.19655704498291,14.214377038478851,1.72608165573065,2617.0493794798854,58519.003129906705,0.006020984023690192,134.63329568411393
1313,1000,Picea',0,0,0,0,0,0,0,0.0,0.0,0.0,0.0,0.0,0.0,0.0,0.0
1313,1000,Pinus',0,758,2723,2188,348,73,39,134.40777587890625,32.88187026977539,2399.5147241526843,466.51017888959007,796936.0517891044,1303836.2024512645,1.8056286642338426,2910.571937830505
1313,1000,Planera',0,18,12,0,0,0,0,12.805781364440918,7.107554912567139,19.355905647330644,0.1701206074613099,171.663397654891,3438.4152495802664,0.0006601132391877498,12.282938507950494
1313,1000,Platanus',0,14,0,0,0,0,0,0.7488082647323608,1.5239075422286987,1.0697716927226584,0.0006200601120718015,5.4882256078720095,122.7204553505714,2.759601452946672e-05,0.6170656439595961
1313,1000,Populus',0,144,131,0,0,0,0,26.551624298095703,10.236478805541992,79.90186212985198,2.4981831778029444,1842.794667555392,22325.32469209813,0.005245331045535381,56.812554003808096
1313,1000,Prosopis',0,0,0,0,0,0,0,0.0,0.0,0.0,0.0,0.0,0.0,0.0,0.0
1313,1000,Prunus',0,0,0,0,0,0,0,0.0,0.0,0.0,0.0,0.0,0.0,0.0,0.0
1313,1000,Pseudotsuga',0,0,0,0,0,0,0,0.0,0.0,0.0,0.0,0.0,0.0,0.0,0.0
1313,1000,Quercus',0,63,34,0,41,0,0,49.48347473144531,20.314067840576172,31.690488079727825,8.603702756141818,15717.00696589306,239024.37956078807,0.03538288544957218,536.0014837099117
1313,1000,Robinia',0,0,0,0,0,0,0,0.0,0.0,0.0,0.0,0.0,0.0,0.0,0.0
1313,1000,Salix',0,20,24,0,0,0,0,10.706632614135742,7.311152935028076,13.417074763322177,0.2270327241635875,164.38839881420137,3513.178304114103,0.0005584537921473423,11.263404529504655
1313,1000,Sassafras',0,0,0,0,0,0,0,0.0,0.0,0.0,0.0,0.0,0.0,0.0,0.0
1313,1000,Sequoia',0,0,0,0,0,0,0,0.0,0.0,0.0,0.0,0.0,0.0,0.0,0.0
1313,1000,Sequoiadendron',0,0,0,0,0,0,0,0.0,0.0,0.0,0.0,0.0,0.0,0.0,0.0
1313,1000,Sorbus',0,0,0,0,0,0,0,0.0,0.0,0.0,0.0,0.0,0.0,0.0,0.0
1313,1000,Taxodium',0,54,0,0,30,0,4,113.28302001953125,21.325841903686523,76.4276205286195,12.007453447445352,16179.227845454216,211022.63610904507,0.03705405756562197,476.1671984343156
1313,1000,Taxus',0,0,0,0,0,0,0,0.0,0.0,0.0,0.0,0.0,0.0,0.0,0.0
1313,1000,Thuja',0,0,0,0,0,0,0,0.0,0.0,0.0,0.0,0.0,0.0,0.0,0.0
1313,1000,Tilia',0,0,0,0,0,0,0,0.0,0.0,0.0,0.0,0.0,0.0,0.0,0.0
1313,1000,Torreya',0,25,0,29,0,0,0,38.12300109863281,14.772259712219238,21.43768199443817,3.388134416107249,4756.784547610283,105020.977983327,0.01088028798675545,238.66537967428113
1313,1000,Tsuga',0,0,0,0,0,0,0,0.0,0.0,0.0,0.0,0.0,0.0,0.0,0.0
1313,1000,Ulmus',0,5,0,0,0,0,0,4.865504264831543,3.6069281101226807,1.568166062801699,0.010709472498724785,11.6476104927063,260.44848837131264,4.845820158720016e-05,1.0835583281636743
1313,1000,Umbellularia',0,0,0,0,0,0,0,0.0,0.0,0.0,0.0,0.0,0.0,0.0,0.0
