siteID,year,genus,<0,0-8,8-28,-48,-68,-88,>88,max_diam,max_hgt,leaf_area_ind,basal_area,total_biomC,pl_biomC_std,total_biomN,pl_biomN_std
913,10,Abies',0,0,0,0,0,0,0,0.0,0.0,0.0,0.0,0.0,0.0,0.0,0.0
913,10,Acer',0,336,2,0,0,0,0,9.425703048706055,5.455581188201904,76.51223646429709,0.1811750376340972,267.50827170565725,1685.874008828027,0.0016958989689117227,10.961038909582426
913,10,Aesculus',0,0,0,0,0,0,0,0.0,0.0,0.0,0.0,0.0,0.0,0.0,0.0
913,10,Ailanthus',0,0,0,0,0,0,0,0.0,0.0,0.0,0.0,0.0,0.0,0.0,0.0
913,10,Alnus',0,4565,8,0,0,0,0,8.751036643981934,7.488755226135254,943.7916638209377,3.6374725562685226,3577.3878545801344,5514.199180718224,0.02153615617792332,33.45171567800214
913,10,Amelanchier',0,0,0,0,0,0,0,0.0,0.0,0.0,0.0,0.0,0.0,0.0,0.0
913,10,Arbutus',0,31,0,0,0,0,0,5.021590232849121,5.00120735168457,6.611674427986145,0.016983840197109152,34.20413887858391,608.9313176553496,0.00017151116176663622,2.993259598484352
913,10,Asimina',0,0,0,0,0,0,0,0.0,0.0,0.0,0.0,0.0,0.0,0.0,0.0
913,10,Betula',0,0,0,0,0,0,0,0.0,0.0,0.0,0.0,0.0,0.0,0.0,0.0
913,10,Calocedrus',0,110,0,0,0,0,0,5.092304229736328,4.269627571105957,16.105962010771034,0.07326307222732223,69.50173955604434,833.022086306557,0.00038708998451195657,4.556554213890141
913,10,Carpinus',0,0,0,0,0,0,0,0.0,0.0,0.0,0.0,0.0,0.0,0.0,0.0
913,10,Carya',0,0,0,0,0,0,0,0.0,0.0,0.0,0.0,0.0,0.0,0.0,0.0
913,10,Castanea',0,0,0,0,0,0,0,0.0,0.0,0.0,0.0,0.0,0.0,0.0,0.0
913,10,Catalpa',0,0,0,0,0,0,0,0.0,0.0,0.0,0.0,0.0,0.0,0.0,0.0
913,10,Celtis',0,0,0,0,0,0,0,0.0,0.0,0.0,0.0,0.0,0.0,0.0,0.0
913,10,Cercis',0,0,0,0,0,0,0,0.0,0.0,0.0,0.0,0.0,0.0,0.0,0.0
913,10,Cercocarpus',0,106,0,0,0,0,0,7.384012222290039,4.2103166580200195,28.845433824658393,0.061526049843508304,166.976562641263,1944.169502498608,0.0007877152978770112,9.446458491276008
913,10,Chamaecyparis',0,0,0,0,0,0,0,0.0,0.0,0.0,0.0,0.0,0.0,0.0,0.0
913,10,Chilopsis',0,0,0,0,0,0,0,0.0,0.0,0.0,0.0,0.0,0.0,0.0,0.0
913,10,Chrysolepis',0,23,0,0,0,0,0,3.9237968921661377,3.538546085357666,10.753425283432007,0.028247222936005123,39.824898900985715,890.5118113965977,0.00024382703097661036,5.452138160156529
913,10,Cladrastis',0,0,0,0,0,0,0,0.0,0.0,0.0,0.0,0.0,0.0,0.0,0.0
913,10,Comus',0,0,0,0,0,0,0,0.0,0.0,0.0,0.0,0.0,0.0,0.0,0.0
913,10,Cornus',0,24,0,0,0,0,0,3.098325252532959,3.3882174491882324,7.181387922809093,0.018547227620314997,31.72129746079445,709.3097745682859,0.0001738718409184359,3.8878925566664964
913,10,Crataegus',0,0,0,0,0,0,0,0.0,0.0,0.0,0.0,0.0,0.0,0.0,0.0
913,10,Cupressus',0,109,0,0,0,0,0,4.712979793548584,2.978506088256836,40.169415913820266,0.08280993487202779,146.15403299927712,1534.4237439747146,0.0009050116345832707,9.50302665037688
913,10,Diospyros',0,0,0,0,0,0,0,0.0,0.0,0.0,0.0,0.0,0.0,0.0,0.0
913,10,Elaeagnus',0,0,0,0,0,0,0,0.0,0.0,0.0,0.0,0.0,0.0,0.0,0.0
913,10,Fagus',0,0,0,0,0,0,0,0.0,0.0,0.0,0.0,0.0,0.0,0.0,0.0
913,10,Fraxinus',0,23,0,0,0,0,0,3.244072437286377,2.865440607070923,8.363933285014538,0.0192752275430173,29.486260910630225,659.3328379846339,0.00018592848976515028,4.157487420687441
913,10,Gleditsia',0,0,0,0,0,0,0,0.0,0.0,0.0,0.0,0.0,0.0,0.0,0.0
913,10,Gordonia',0,0,0,0,0,0,0,0.0,0.0,0.0,0.0,0.0,0.0,0.0,0.0
913,10,Gymnocladus',0,0,0,0,0,0,0,0.0,0.0,0.0,0.0,0.0,0.0,0.0,0.0
913,10,Halesia',0,0,0,0,0,0,0,0.0,0.0,0.0,0.0,0.0,0.0,0.0,0.0
913,10,Ilex',0,0,0,0,0,0,0,0.0,0.0,0.0,0.0,0.0,0.0,0.0,0.0
913,10,Juglans',0,0,0,0,0,0,0,0.0,0.0,0.0,0.0,0.0,0.0,0.0,0.0
913,10,Juniperus',0,212,0,0,0,0,0,7.933161735534668,3.5193281173706055,50.420186010897154,0.10589091067195457,196.5144742920995,1688.6470897708796,0.0011649904046496379,10.074252146665373
913,10,Larix',0,0,0,0,0,0,0,0.0,0.0,0.0,0.0,0.0,0.0,0.0,0.0
913,10,Liquidambar',0,0,0,0,0,0,0,0.0,0.0,0.0,0.0,0.0,0.0,0.0,0.0
913,10,Liriodendron',0,0,0,0,0,0,0,0.0,0.0,0.0,0.0,0.0,0.0,0.0,0.0
913,10,Lithocarpus',0,43,0,0,0,0,0,5.85272741317749,4.584768772125244,19.23371057510376,0.05098320448380465,95.61529401063919,1537.8564465409988,0.0004902987026516369,7.822881671031787
913,10,Maclura',0,0,0,0,0,0,0,0.0,0.0,0.0,0.0,0.0,0.0,0.0,0.0
913,10,Magnolia',0,0,0,0,0,0,0,0.0,0.0,0.0,0.0,0.0,0.0,0.0,0.0
913,10,Malus',0,0,0,0,0,0,0,0.0,0.0,0.0,0.0,0.0,0.0,0.0,0.0
913,10,Morus',0,0,0,0,0,0,0,0.0,0.0,0.0,0.0,0.0,0.0,0.0,0.0
913,10,Nyssa',0,0,0,0,0,0,0,0.0,0.0,0.0,0.0,0.0,0.0,0.0,0.0
913,10,Olneya',0,0,0,0,0,0,0,0.0,0.0,0.0,0.0,0.0,0.0,0.0,0.0
913,10,Ostrya',0,0,0,0,0,0,0,0.0,0.0,0.0,0.0,0.0,0.0,0.0,0.0
913,10,Oxydendron',0,0,0,0,0,0,0,0.0,0.0,0.0,0.0,0.0,0.0,0.0,0.0
913,10,Paulownia',0,0,0,0,0,0,0,0.0,0.0,0.0,0.0,0.0,0.0,0.0,0.0
913,10,Persea',0,0,0,0,0,0,0,0.0,0.0,0.0,0.0,0.0,0.0,0.0,0.0
913,10,Picea',0,0,0,0,0,0,0,0.0,0.0,0.0,0.0,0.0,0.0,0.0,0.0
913,10,Pinus',0,1232,2,0,0,0,0,8.12255859375,7.8549089431762695,283.8149609364569,0.9303928581590248,1208.0693798010052,4032.5228317894544,0.0067841480499230425,23.004512685635046
913,10,Planera',0,0,0,0,0,0,0,0.0,0.0,0.0,0.0,0.0,0.0,0.0,0.0
913,10,Platanus',0,0,0,0,0,0,0,0.0,0.0,0.0,0.0,0.0,0.0,0.0,0.0
913,10,Populus',0,2161,3,0,0,0,0,10.06881046295166,4.50518274307251,658.0577976183516,1.3584906945459116,1919.4558715887367,4514.680961409236,0.01373856506571593,33.8317037565472
913,10,Prosopis',0,0,0,0,0,0,0,0.0,0.0,0.0,0.0,0.0,0.0,0.0,0.0
913,10,Prunus',0,0,0,0,0,0,0,0.0,0.0,0.0,0.0,0.0,0.0,0.0,0.0
913,10,Pseudotsuga',0,0,0,0,0,0,0,0.0,0.0,0.0,0.0,0.0,0.0,0.0,0.0
913,10,Quercus',0,560,0,0,0,0,0,7.254817008972168,4.545555114746094,194.99582368833353,0.5167963645408551,809.7764195364714,3759.741310013278,0.004560229216104835,21.43976613223085
913,10,Robinia',0,0,0,0,0,0,0,0.0,0.0,0.0,0.0,0.0,0.0,0.0,0.0
913,10,Salix',0,1578,0,0,0,0,0,7.578316688537598,5.698359966278076,306.77999963653804,1.0484028689627483,1032.5870667420327,2989.1856968482875,0.006710906471917878,19.586328709525752
913,10,Sassafras',0,0,0,0,0,0,0,0.0,0.0,0.0,0.0,0.0,0.0,0.0,0.0
913,10,Sequoia',0,0,0,0,0,0,0,0.0,0.0,0.0,0.0,0.0,0.0,0.0,0.0
913,10,Sequoiadendron',0,0,0,0,0,0,0,0.0,0.0,0.0,0.0,0.0,0.0,0.0,0.0
913,10,Sorbus',0,0,0,0,0,0,0,0.0,0.0,0.0,0.0,0.0,0.0,0.0,0.0
913,10,Taxodium',0,0,0,0,0,0,0,0.0,0.0,0.0,0.0,0.0,0.0,0.0,0.0
913,10,Taxus',0,0,0,0,0,0,0,0.0,0.0,0.0,0.0,0.0,0.0,0.0,0.0
913,10,Thuja',0,0,0,0,0,0,0,0.0,0.0,0.0,0.0,0.0,0.0,0.0,0.0
913,10,Tilia',0,0,0,0,0,0,0,0.0,0.0,0.0,0.0,0.0,0.0,0.0,0.0
913,10,Torreya',0,0,0,0,0,0,0,0.0,0.0,0.0,0.0,0.0,0.0,0.0,0.0
913,10,Tsuga',0,0,0,0,0,0,0,0.0,0.0,0.0,0.0,0.0,0.0,0.0,0.0
913,10,Ulmus',0,0,0,0,0,0,0,0.0,0.0,0.0,0.0,0.0,0.0,0.0,0.0
913,10,Umbellularia',0,31,0,0,0,0,0,2.926945686340332,2.7172954082489014,9.06532210111618,0.02085839570978851,36.46777564287186,815.4442532567272,0.0002119830463857683,4.740085017960684
913,20,Abies',0,136,0,0,0,0,0,2.8791356086730957,3.284388542175293,17.665699384510518,0.040707772900645735,57.763890130221846,787.6736100409696,0.00038353541235299805,5.211492902129125
913,20,Acer',0,322,6,0,0,0,0,17.840211868286133,8.737540245056152,83.76704145670878,0.23315674337216036,362.7586744578183,2403.386847492778,0.002012003492382353,13.309417445377083
913,20,Aesculus',0,0,0,0,0,0,0,0.0,0.0,0.0,0.0,0.0,0.0,0.0,0.0
913,20,Ailanthus',0,0,0,0,0,0,0,0.0,0.0,0.0,0.0,0.0,0.0,0.0,0.0
913,20,Alnus',0,4045,61,0,0,0,0,13.158393859863281,10.168694496154785,817.2703822959166,4.852675656496388,4201.345162771642,7725.964862977078,0.021101383777294203,36.33349589367635
913,20,Amelanchier',0,0,0,0,0,0,0,0.0,0.0,0.0,0.0,0.0,0.0,0.0,0.0
913,20,Arbutus',0,76,6,0,0,0,0,9.443663597106934,7.927928447723389,20.5899135184288,0.08589658050985494,146.76389203786852,2003.887293721693,0.0006235518433103932,8.278781695903305
913,20,Asimina',0,0,0,0,0,0,0,0.0,0.0,0.0,0.0,0.0,0.0,0.0,0.0
913,20,Betula',0,0,0,0,0,0,0,0.0,0.0,0.0,0.0,0.0,0.0,0.0,0.0
913,20,Calocedrus',0,171,11,0,0,0,0,8.96863842010498,6.356357574462891,44.79437112212181,0.2849903617310652,238.49801189541816,2331.9006970532932,0.0011770253913624526,11.17627207943312
913,20,Carpinus',0,0,0,0,0,0,0,0.0,0.0,0.0,0.0,0.0,0.0,0.0,0.0
913,20,Carya',0,0,0,0,0,0,0,0.0,0.0,0.0,0.0,0.0,0.0,0.0,0.0
913,20,Castanea',0,0,0,0,0,0,0,0.0,0.0,0.0,0.0,0.0,0.0,0.0,0.0
913,20,Catalpa',0,0,0,0,0,0,0,0.0,0.0,0.0,0.0,0.0,0.0,0.0,0.0
913,20,Celtis',0,0,0,0,0,0,0,0.0,0.0,0.0,0.0,0.0,0.0,0.0,0.0
913,20,Cercis',0,0,0,0,0,0,0,0.0,0.0,0.0,0.0,0.0,0.0,0.0,0.0
913,20,Cercocarpus',0,42,2,0,0,0,0,15.277586936950684,6.451929092407227,24.95387011170387,0.12558579297462064,236.61674159169198,3084.6020100070764,0.0008862597734294805,11.559758101511017
913,20,Chamaecyparis',0,0,0,0,0,0,0,0.0,0.0,0.0,0.0,0.0,0.0,0.0,0.0
913,20,Chilopsis',0,0,0,0,0,0,0,0.0,0.0,0.0,0.0,0.0,0.0,0.0,0.0
913,20,Chrysolepis',0,61,0,0,0,0,0,6.328670024871826,4.837610721588135,11.940164036750794,0.11853850302989842,98.70662132740021,1585.275106105753,0.0003918170724511169,6.214439743455873
913,20,Cladrastis',0,0,0,0,0,0,0,0.0,0.0,0.0,0.0,0.0,0.0,0.0,0.0
913,20,Comus',0,0,0,0,0,0,0,0.0,0.0,0.0,0.0,0.0,0.0,0.0,0.0
913,20,Cornus',0,0,0,0,0,0,0,0.0,0.0,0.0,0.0,0.0,0.0,0.0,0.0
913,20,Crataegus',0,0,0,0,0,0,0,0.0,0.0,0.0,0.0,0.0,0.0,0.0,0.0
913,20,Cupressus',0,21,0,0,0,0,0,7.528225421905518,3.921327829360962,14.275644783973693,0.08936130061079285,88.04641063213349,1456.5930258875755,0.0004018624500234932,6.662339893665198
913,20,Diospyros',0,0,0,0,0,0,0,0.0,0.0,0.0,0.0,0.0,0.0,0.0,0.0
913,20,Elaeagnus',0,0,0,0,0,0,0,0.0,0.0,0.0,0.0,0.0,0.0,0.0,0.0
913,20,Fagus',0,0,0,0,0,0,0,0.0,0.0,0.0,0.0,0.0,0.0,0.0,0.0
913,20,Fraxinus',0,0,0,0,0,0,0,0.0,0.0,0.0,0.0,0.0,0.0,0.0,0.0
913,20,Gleditsia',0,0,0,0,0,0,0,0.0,0.0,0.0,0.0,0.0,0.0,0.0,0.0
913,20,Gordonia',0,0,0,0,0,0,0,0.0,0.0,0.0,0.0,0.0,0.0,0.0,0.0
913,20,Gymnocladus',0,0,0,0,0,0,0,0.0,0.0,0.0,0.0,0.0,0.0,0.0,0.0
913,20,Halesia',0,0,0,0,0,0,0,0.0,0.0,0.0,0.0,0.0,0.0,0.0,0.0
913,20,Ilex',0,0,0,0,0,0,0,0.0,0.0,0.0,0.0,0.0,0.0,0.0,0.0
913,20,Juglans',0,0,0,0,0,0,0,0.0,0.0,0.0,0.0,0.0,0.0,0.0,0.0
913,20,Juniperus',0,291,0,0,0,0,0,12.420259475708008,4.478139400482178,77.71425772428512,0.2459618159911249,372.550001783371,2886.481703986408,0.0019504281796768003,15.612422819063966
913,20,Larix',0,0,0,0,0,0,0,0.0,0.0,0.0,0.0,0.0,0.0,0.0,0.0
913,20,Liquidambar',0,0,0,0,0,0,0,0.0,0.0,0.0,0.0,0.0,0.0,0.0,0.0
913,20,Liriodendron',0,0,0,0,0,0,0,0.0,0.0,0.0,0.0,0.0,0.0,0.0,0.0
913,20,Lithocarpus',0,32,11,0,0,0,0,8.23451042175293,5.829564094543457,14.854533476829529,0.11130023351790574,136.3447660970688,2159.9107232797214,0.0005175538582708663,8.175626253776358
913,20,Maclura',0,0,0,0,0,0,0,0.0,0.0,0.0,0.0,0.0,0.0,0.0,0.0
913,20,Magnolia',0,0,0,0,0,0,0,0.0,0.0,0.0,0.0,0.0,0.0,0.0,0.0
913,20,Malus',0,0,0,0,0,0,0,0.0,0.0,0.0,0.0,0.0,0.0,0.0,0.0
913,20,Morus',0,0,0,0,0,0,0,0.0,0.0,0.0,0.0,0.0,0.0,0.0,0.0
913,20,Nyssa',0,0,0,0,0,0,0,0.0,0.0,0.0,0.0,0.0,0.0,0.0,0.0
913,20,Olneya',0,0,0,0,0,0,0,0.0,0.0,0.0,0.0,0.0,0.0,0.0,0.0
913,20,Ostrya',0,0,0,0,0,0,0,0.0,0.0,0.0,0.0,0.0,0.0,0.0,0.0
913,20,Oxydendron',0,0,0,0,0,0,0,0.0,0.0,0.0,0.0,0.0,0.0,0.0,0.0
913,20,Paulownia',0,0,0,0,0,0,0,0.0,0.0,0.0,0.0,0.0,0.0,0.0,0.0
913,20,Persea',0,0,0,0,0,0,0,0.0,0.0,0.0,0.0,0.0,0.0,0.0,0.0
913,20,Picea',0,0,0,0,0,0,0,0.0,0.0,0.0,0.0,0.0,0.0,0.0,0.0
913,20,Pinus',0,1961,81,0,0,0,0,17.720989227294922,13.437417030334473,599.9354378657042,2.714815785656676,3193.5565971527994,8420.36335193388,0.015762526550506153,40.41242221715949
913,20,Planera',0,0,0,0,0,0,0,0.0,0.0,0.0,0.0,0.0,0.0,0.0,0.0
913,20,Platanus',0,0,0,0,0,0,0,0.0,0.0,0.0,0.0,0.0,0.0,0.0,0.0
913,20,Populus',0,1570,34,0,0,0,0,12.144726753234863,5.114562511444092,501.6501184357212,1.2671666598727194,1572.4859237338603,4380.950111425535,0.010715945295021402,30.00273848304652
913,20,Prosopis',0,0,0,0,0,0,0,0.0,0.0,0.0,0.0,0.0,0.0,0.0,0.0
913,20,Prunus',0,0,0,0,0,0,0,0.0,0.0,0.0,0.0,0.0,0.0,0.0,0.0
913,20,Pseudotsuga',0,0,0,0,0,0,0,0.0,0.0,0.0,0.0,0.0,0.0,0.0,0.0
913,20,Quercus',0,333,38,0,0,0,0,10.556013107299805,5.9187798500061035,146.14421172374034,1.0045686898733481,1106.9335300406815,5550.292832707473,0.004462709335579227,22.372836123251915
913,20,Robinia',0,0,0,0,0,0,0,0.0,0.0,0.0,0.0,0.0,0.0,0.0,0.0
913,20,Salix',0,1559,0,0,0,0,0,6.468175411224365,5.098879814147949,229.30158009446117,1.0182857065554982,926.361970474124,3321.2420553562906,0.00535950577987451,18.40684894474473
913,20,Sassafras',0,0,0,0,0,0,0,0.0,0.0,0.0,0.0,0.0,0.0,0.0,0.0
913,20,Sequoia',0,0,0,0,0,0,0,0.0,0.0,0.0,0.0,0.0,0.0,0.0,0.0
913,20,Sequoiadendron',0,0,0,0,0,0,0,0.0,0.0,0.0,0.0,0.0,0.0,0.0,0.0
913,20,Sorbus',0,0,0,0,0,0,0,0.0,0.0,0.0,0.0,0.0,0.0,0.0,0.0
913,20,Taxodium',0,0,0,0,0,0,0,0.0,0.0,0.0,0.0,0.0,0.0,0.0,0.0
913,20,Taxus',0,0,0,0,0,0,0,0.0,0.0,0.0,0.0,0.0,0.0,0.0,0.0
913,20,Thuja',0,0,0,0,0,0,0,0.0,0.0,0.0,0.0,0.0,0.0,0.0,0.0
913,20,Tilia',0,0,0,0,0,0,0,0.0,0.0,0.0,0.0,0.0,0.0,0.0,0.0
913,20,Torreya',0,0,0,0,0,0,0,0.0,0.0,0.0,0.0,0.0,0.0,0.0,0.0
913,20,Tsuga',0,0,0,0,0,0,0,0.0,0.0,0.0,0.0,0.0,0.0,0.0,0.0
913,20,Ulmus',0,0,0,0,0,0,0,0.0,0.0,0.0,0.0,0.0,0.0,0.0,0.0
913,20,Umbellularia',0,64,0,0,0,0,0,4.329970359802246,3.3649492263793945,18.483816687464714,0.07622266256844387,99.33859584033489,1427.4378339549744,0.0004877409028025981,6.922960034814273
913,30,Abies',0,160,0,0,0,0,0,4.386690139770508,4.277156352996826,26.775003644824025,0.13967528188282324,128.4319290548563,1379.0991594007494,0.000672154343700187,7.116244642318027
913,30,Acer',0,351,5,0,0,0,0,17.963808059692383,8.782979011535645,91.16223034366399,0.31826238675759655,409.8014470884204,2564.5472555690963,0.0022230008197021557,13.8100912196715
913,30,Aesculus',0,0,0,0,0,0,0,0.0,0.0,0.0,0.0,0.0,0.0,0.0,0.0
913,30,Ailanthus',0,0,0,0,0,0,0,0.0,0.0,0.0,0.0,0.0,0.0,0.0,0.0
913,30,Alnus',0,4268,94,0,0,0,0,16.98754119873047,12.28841781616211,945.1025126346303,6.157821966191584,5248.24418452099,10088.480925038119,0.02526804059280469,41.97583883195492
913,30,Amelanchier',0,0,0,0,0,0,0,0.0,0.0,0.0,0.0,0.0,0.0,0.0,0.0
913,30,Arbutus',0,120,0,0,0,0,0,5.576767444610596,5.385025978088379,21.912884025573728,0.12112707069194148,159.96299423217775,2070.6344032392276,0.0006719927544972588,8.382397284404671
913,30,Asimina',0,0,0,0,0,0,0,0.0,0.0,0.0,0.0,0.0,0.0,0.0,0.0
913,30,Betula',0,0,0,0,0,0,0,0.0,0.0,0.0,0.0,0.0,0.0,0.0,0.0
913,30,Calocedrus',0,171,0,0,0,0,0,7.6666154861450195,5.671448707580566,32.80707382857799,0.46958360869876764,313.4434806603193,3315.711827948937,0.0011704210479557536,12.095422811119667
913,30,Carpinus',0,0,0,0,0,0,0,0.0,0.0,0.0,0.0,0.0,0.0,0.0,0.0
913,30,Carya',0,0,0,0,0,0,0,0.0,0.0,0.0,0.0,0.0,0.0,0.0,0.0
913,30,Castanea',0,0,0,0,0,0,0,0.0,0.0,0.0,0.0,0.0,0.0,0.0,0.0
913,30,Catalpa',0,0,0,0,0,0,0,0.0,0.0,0.0,0.0,0.0,0.0,0.0,0.0
913,30,Celtis',0,0,0,0,0,0,0,0.0,0.0,0.0,0.0,0.0,0.0,0.0,0.0
913,30,Cercis',0,0,0,0,0,0,0,0.0,0.0,0.0,0.0,0.0,0.0,0.0,0.0
913,30,Cercocarpus',0,67,15,0,0,0,0,21.98941421508789,7.842539310455322,30.98893550813198,0.26467675744163877,441.7353589624167,5103.7871450916655,0.001429252089496694,15.55438915108285
913,30,Chamaecyparis',0,0,0,0,0,0,0,0.0,0.0,0.0,0.0,0.0,0.0,0.0,0.0
913,30,Chilopsis',0,0,0,0,0,0,0,0.0,0.0,0.0,0.0,0.0,0.0,0.0,0.0
913,30,Chrysolepis',0,98,23,0,0,0,0,8.561026573181152,5.9962663650512695,28.241048712730407,0.2681974690106845,232.71573695659637,3012.088011486517,0.0009250723363533566,10.833228713111842
913,30,Cladrastis',0,0,0,0,0,0,0,0.0,0.0,0.0,0.0,0.0,0.0,0.0,0.0
913,30,Comus',0,0,0,0,0,0,0,0.0,0.0,0.0,0.0,0.0,0.0,0.0,0.0
913,30,Cornus',0,0,0,0,0,0,0,0.0,0.0,0.0,0.0,0.0,0.0,0.0,0.0
913,30,Crataegus',0,0,0,0,0,0,0,0.0,0.0,0.0,0.0,0.0,0.0,0.0,0.0
913,30,Cupressus',0,20,21,0,0,0,0,9.957127571105957,4.700713634490967,19.039583938121794,0.17242034756981722,156.99129257917406,2226.0108981792887,0.0006238857494965174,8.42710017535346
913,30,Diospyros',0,0,0,0,0,0,0,0.0,0.0,0.0,0.0,0.0,0.0,0.0,0.0
913,30,Elaeagnus',0,0,0,0,0,0,0,0.0,0.0,0.0,0.0,0.0,0.0,0.0,0.0
913,30,Fagus',0,0,0,0,0,0,0,0.0,0.0,0.0,0.0,0.0,0.0,0.0,0.0
913,30,Fraxinus',0,0,0,0,0,0,0,0.0,0.0,0.0,0.0,0.0,0.0,0.0,0.0
913,30,Gleditsia',0,0,0,0,0,0,0,0.0,0.0,0.0,0.0,0.0,0.0,0.0,0.0
913,30,Gordonia',0,0,0,0,0,0,0,0.0,0.0,0.0,0.0,0.0,0.0,0.0,0.0
913,30,Gymnocladus',0,0,0,0,0,0,0,0.0,0.0,0.0,0.0,0.0,0.0,0.0,0.0
913,30,Halesia',0,0,0,0,0,0,0,0.0,0.0,0.0,0.0,0.0,0.0,0.0,0.0
913,30,Ilex',0,0,0,0,0,0,0,0.0,0.0,0.0,0.0,0.0,0.0,0.0,0.0
913,30,Juglans',0,0,0,0,0,0,0,0.0,0.0,0.0,0.0,0.0,0.0,0.0,0.0
913,30,Juniperus',0,222,23,0,0,0,0,14.104523658752441,4.915256977081299,136.85264043450354,0.43624085885165265,629.7539418756962,4663.699580690898,0.0033762135533376815,24.34740358364344
913,30,Larix',0,0,0,0,0,0,0,0.0,0.0,0.0,0.0,0.0,0.0,0.0,0.0
913,30,Liquidambar',0,0,0,0,0,0,0,0.0,0.0,0.0,0.0,0.0,0.0,0.0,0.0
913,30,Liriodendron',0,0,0,0,0,0,0,0.0,0.0,0.0,0.0,0.0,0.0,0.0,0.0
913,30,Lithocarpus',0,32,11,0,0,0,0,10.433103561401367,6.934164524078369,13.71204546034336,0.1834750059613707,207.2573595815897,3298.10016509515,0.00065863479992623,10.477758943847943
913,30,Maclura',0,0,0,0,0,0,0,0.0,0.0,0.0,0.0,0.0,0.0,0.0,0.0
913,30,Magnolia',0,0,0,0,0,0,0,0.0,0.0,0.0,0.0,0.0,0.0,0.0,0.0
913,30,Malus',0,0,0,0,0,0,0,0.0,0.0,0.0,0.0,0.0,0.0,0.0,0.0
913,30,Morus',0,0,0,0,0,0,0,0.0,0.0,0.0,0.0,0.0,0.0,0.0,0.0
913,30,Nyssa',0,0,0,0,0,0,0,0.0,0.0,0.0,0.0,0.0,0.0,0.0,0.0
913,30,Olneya',0,0,0,0,0,0,0,0.0,0.0,0.0,0.0,0.0,0.0,0.0,0.0
913,30,Ostrya',0,0,0,0,0,0,0,0.0,0.0,0.0,0.0,0.0,0.0,0.0,0.0
913,30,Oxydendron',0,0,0,0,0,0,0,0.0,0.0,0.0,0.0,0.0,0.0,0.0,0.0
913,30,Paulownia',0,0,0,0,0,0,0,0.0,0.0,0.0,0.0,0.0,0.0,0.0,0.0
913,30,Persea',0,0,0,0,0,0,0,0.0,0.0,0.0,0.0,0.0,0.0,0.0,0.0
913,30,Picea',0,0,0,0,0,0,0,0.0,0.0,0.0,0.0,0.0,0.0,0.0,0.0
913,30,Pinus',0,2292,173,0,0,0,0,25.098426818847656,16.318456649780273,785.1518110515177,4.841857296519089,5271.762300101966,13304.486377751364,0.02305610902168567,53.28453240180545
913,30,Planera',0,0,0,0,0,0,0,0.0,0.0,0.0,0.0,0.0,0.0,0.0,0.0
913,30,Platanus',0,0,0,0,0,0,0,0.0,0.0,0.0,0.0,0.0,0.0,0.0,0.0
913,30,Populus',0,1217,22,0,0,0,0,17.361255645751953,6.573991775512695,449.4115837540807,1.3215961157252,1484.3232441937923,5237.69627423579,0.009768025504998858,32.269873221906124
913,30,Prosopis',0,0,0,0,0,0,0,0.0,0.0,0.0,0.0,0.0,0.0,0.0,0.0
913,30,Prunus',0,0,0,0,0,0,0,0.0,0.0,0.0,0.0,0.0,0.0,0.0,0.0
913,30,Pseudotsuga',0,0,0,0,0,0,0,0.0,0.0,0.0,0.0,0.0,0.0,0.0,0.0
913,30,Quercus',0,209,76,0,0,0,0,13.61458969116211,7.181422233581543,141.14624251906253,1.1711531077493245,1276.6830378285051,7571.296136046936,0.004709841276439222,27.00863812470116
913,30,Robinia',0,0,0,0,0,0,0,0.0,0.0,0.0,0.0,0.0,0.0,0.0,0.0
913,30,Salix',0,1080,0,0,0,0,0,6.540772438049316,5.138530731201172,162.34228536392314,0.7391686990134803,668.2376516342164,2705.8068397694406,0.0038219799561684496,15.25941806963994
913,30,Sassafras',0,0,0,0,0,0,0,0.0,0.0,0.0,0.0,0.0,0.0,0.0,0.0
913,30,Sequoia',0,0,0,0,0,0,0,0.0,0.0,0.0,0.0,0.0,0.0,0.0,0.0
913,30,Sequoiadendron',0,0,0,0,0,0,0,0.0,0.0,0.0,0.0,0.0,0.0,0.0,0.0
913,30,Sorbus',0,0,0,0,0,0,0,0.0,0.0,0.0,0.0,0.0,0.0,0.0,0.0
913,30,Taxodium',0,0,0,0,0,0,0,0.0,0.0,0.0,0.0,0.0,0.0,0.0,0.0
913,30,Taxus',0,0,0,0,0,0,0,0.0,0.0,0.0,0.0,0.0,0.0,0.0,0.0
913,30,Thuja',0,0,0,0,0,0,0,0.0,0.0,0.0,0.0,0.0,0.0,0.0,0.0
913,30,Tilia',0,0,0,0,0,0,0,0.0,0.0,0.0,0.0,0.0,0.0,0.0,0.0
913,30,Torreya',0,0,0,0,0,0,0,0.0,0.0,0.0,0.0,0.0,0.0,0.0,0.0
913,30,Tsuga',0,0,0,0,0,0,0,0.0,0.0,0.0,0.0,0.0,0.0,0.0,0.0
913,30,Ulmus',0,0,0,0,0,0,0,0.0,0.0,0.0,0.0,0.0,0.0,0.0,0.0
913,30,Umbellularia',0,38,7,0,0,0,0,8.346665382385254,5.112172603607178,17.082119278907776,0.059835831345798826,87.45636133670807,1392.8357938303554,0.0004410891968682385,6.967342151093034
913,40,Abies',0,117,0,0,0,0,0,5.230071544647217,4.819164276123047,23.31506666064262,0.21362734569577055,163.04007475733758,1873.094155680733,0.0006990844622422018,7.8999140022379635
913,40,Acer',0,169,1,0,0,0,0,21.53566551208496,10.063400268554688,51.2644057513415,0.260323238890686,285.6451169770956,2443.9629797728767,0.0013727465267162778,11.086634934199473
913,40,Aesculus',0,0,0,0,0,0,0,0.0,0.0,0.0,0.0,0.0,0.0,0.0,0.0
913,40,Ailanthus',0,0,0,0,0,0,0,0.0,0.0,0.0,0.0,0.0,0.0,0.0,0.0
913,40,Alnus',0,3447,227,0,0,0,0,29.07982063293457,17.888521194458008,805.5200807605221,5.890248774316593,5050.880801104531,11807.4689306949,0.022820088646955755,43.6981724445411
913,40,Amelanchier',0,0,0,0,0,0,0,0.0,0.0,0.0,0.0,0.0,0.0,0.0,0.0
913,40,Arbutus',0,106,0,0,0,0,0,7.518900394439697,6.690169334411621,30.42207616716623,0.19548896503472082,261.5803165283799,3501.253706199578,0.0010207195846472573,12.675653727011547
913,40,Asimina',0,0,0,0,0,0,0,0.0,0.0,0.0,0.0,0.0,0.0,0.0,0.0
913,40,Betula',0,0,0,0,0,0,0,0.0,0.0,0.0,0.0,0.0,0.0,0.0,0.0
913,40,Calocedrus',0,155,61,0,0,0,0,9.468921661376953,6.615329265594482,47.66998061448336,0.8587512219396602,574.5782955816388,5382.011161672227,0.0019654070428299295,17.09540010974656
913,40,Carpinus',0,0,0,0,0,0,0,0.0,0.0,0.0,0.0,0.0,0.0,0.0,0.0
913,40,Carya',0,0,0,0,0,0,0,0.0,0.0,0.0,0.0,0.0,0.0,0.0,0.0
913,40,Castanea',0,0,0,0,0,0,0,0.0,0.0,0.0,0.0,0.0,0.0,0.0,0.0
913,40,Catalpa',0,0,0,0,0,0,0,0.0,0.0,0.0,0.0,0.0,0.0,0.0,0.0
913,40,Celtis',0,0,0,0,0,0,0,0.0,0.0,0.0,0.0,0.0,0.0,0.0,0.0
913,40,Cercis',0,0,0,0,0,0,0,0.0,0.0,0.0,0.0,0.0,0.0,0.0,0.0
913,40,Cercocarpus',0,42,18,2,0,0,0,28.13503074645996,8.807831764221191,29.59826602220535,0.35285574122757785,574.1511641812325,7538.595487487792,0.0017034219641163947,20.87520852208478
913,40,Chamaecyparis',0,0,0,0,0,0,0,0.0,0.0,0.0,0.0,0.0,0.0,0.0,0.0
913,40,Chilopsis',0,0,0,0,0,0,0,0.0,0.0,0.0,0.0,0.0,0.0,0.0,0.0
913,40,Chrysolepis',0,98,23,0,0,0,0,10.600480079650879,7.0165557861328125,31.854814510345456,0.48433340001724845,393.5817869377136,4868.214984239901,0.0013347513114959064,15.430037223182396
913,40,Cladrastis',0,0,0,0,0,0,0,0.0,0.0,0.0,0.0,0.0,0.0,0.0,0.0
913,40,Comus',0,0,0,0,0,0,0,0.0,0.0,0.0,0.0,0.0,0.0,0.0,0.0
913,40,Cornus',0,0,0,0,0,0,0,0.0,0.0,0.0,0.0,0.0,0.0,0.0,0.0
913,40,Crataegus',0,0,0,0,0,0,0,0.0,0.0,0.0,0.0,0.0,0.0,0.0,0.0
913,40,Cupressus',0,0,8,0,0,0,0,13.11616325378418,5.669300079345703,7.210265970230102,0.10029768223159945,88.9068742465973,1575.064600380372,0.00030171911974747966,4.905806438547487
913,40,Diospyros',0,0,0,0,0,0,0,0.0,0.0,0.0,0.0,0.0,0.0,0.0,0.0
913,40,Elaeagnus',0,0,0,0,0,0,0,0.0,0.0,0.0,0.0,0.0,0.0,0.0,0.0
913,40,Fagus',0,0,0,0,0,0,0,0.0,0.0,0.0,0.0,0.0,0.0,0.0,0.0
913,40,Fraxinus',0,0,0,0,0,0,0,0.0,0.0,0.0,0.0,0.0,0.0,0.0,0.0
913,40,Gleditsia',0,0,0,0,0,0,0,0.0,0.0,0.0,0.0,0.0,0.0,0.0,0.0
913,40,Gordonia',0,0,0,0,0,0,0,0.0,0.0,0.0,0.0,0.0,0.0,0.0,0.0
913,40,Gymnocladus',0,0,0,0,0,0,0,0.0,0.0,0.0,0.0,0.0,0.0,0.0,0.0
913,40,Halesia',0,0,0,0,0,0,0,0.0,0.0,0.0,0.0,0.0,0.0,0.0,0.0
913,40,Ilex',0,0,0,0,0,0,0,0.0,0.0,0.0,0.0,0.0,0.0,0.0,0.0
913,40,Juglans',0,0,0,0,0,0,0,0.0,0.0,0.0,0.0,0.0,0.0,0.0,0.0
913,40,Juniperus',0,329,11,0,0,0,0,15.208596229553223,5.720700263977051,208.1169159066677,0.6604894536124999,949.7407608234882,6405.30780121532,0.0051166682757899954,34.01533295397724
913,40,Larix',0,0,0,0,0,0,0,0.0,0.0,0.0,0.0,0.0,0.0,0.0,0.0
913,40,Liquidambar',0,0,0,0,0,0,0,0.0,0.0,0.0,0.0,0.0,0.0,0.0,0.0
913,40,Liriodendron',0,0,0,0,0,0,0,0.0,0.0,0.0,0.0,0.0,0.0,0.0,0.0
913,40,Lithocarpus',0,0,11,0,0,0,0,12.380815505981445,7.878382682800293,7.58883991241455,0.1348361699997613,164.37374744415283,3675.508730015142,0.000474891572594641,10.618898382634036
913,40,Maclura',0,0,0,0,0,0,0,0.0,0.0,0.0,0.0,0.0,0.0,0.0,0.0
913,40,Magnolia',0,0,0,0,0,0,0,0.0,0.0,0.0,0.0,0.0,0.0,0.0,0.0
913,40,Malus',0,0,0,0,0,0,0,0.0,0.0,0.0,0.0,0.0,0.0,0.0,0.0
913,40,Morus',0,0,0,0,0,0,0,0.0,0.0,0.0,0.0,0.0,0.0,0.0,0.0
913,40,Nyssa',0,0,0,0,0,0,0,0.0,0.0,0.0,0.0,0.0,0.0,0.0,0.0
913,40,Olneya',0,0,0,0,0,0,0,0.0,0.0,0.0,0.0,0.0,0.0,0.0,0.0
913,40,Ostrya',0,0,0,0,0,0,0,0.0,0.0,0.0,0.0,0.0,0.0,0.0,0.0
913,40,Oxydendron',0,0,0,0,0,0,0,0.0,0.0,0.0,0.0,0.0,0.0,0.0,0.0
913,40,Paulownia',0,0,0,0,0,0,0,0.0,0.0,0.0,0.0,0.0,0.0,0.0,0.0
913,40,Persea',0,0,0,0,0,0,0,0.0,0.0,0.0,0.0,0.0,0.0,0.0,0.0
913,40,Picea',0,0,0,0,0,0,0,0.0,0.0,0.0,0.0,0.0,0.0,0.0,0.0
913,40,Pinus',0,2725,499,3,0,0,0,29.75880241394043,17.718406677246094,995.4316880647838,8.929626557050453,8816.591938622147,20001.244617553206,0.033970884223292114,67.86219401935136
913,40,Planera',0,0,0,0,0,0,0,0.0,0.0,0.0,0.0,0.0,0.0,0.0,0.0
913,40,Platanus',0,0,0,0,0,0,0,0.0,0.0,0.0,0.0,0.0,0.0,0.0,0.0
913,40,Populus',0,1081,30,0,0,0,0,20.435420989990234,7.388049125671387,421.80042618296187,1.135948086793907,1331.0869763693213,4713.656793375503,0.00903002254202171,30.081774895051417
913,40,Prosopis',0,0,0,0,0,0,0,0.0,0.0,0.0,0.0,0.0,0.0,0.0,0.0
913,40,Prunus',0,0,0,0,0,0,0,0.0,0.0,0.0,0.0,0.0,0.0,0.0,0.0
913,40,Pseudotsuga',0,0,0,0,0,0,0,0.0,0.0,0.0,0.0,0.0,0.0,0.0,0.0
913,40,Quercus',0,153,114,0,0,0,0,17.455564498901367,8.545795440673828,135.15763694632653,1.7271040919596918,1849.0878996700048,11420.784656286925,0.005901017473518224,34.366233748717065
913,40,Robinia',0,0,0,0,0,0,0,0.0,0.0,0.0,0.0,0.0,0.0,0.0,0.0
913,40,Salix',0,1035,7,0,0,0,0,9.831042289733887,6.870849132537842,214.75425335755452,0.7438513580510773,730.4977437579632,2985.4863641175,0.004714835112325269,18.581310373512782
913,40,Sassafras',0,0,0,0,0,0,0,0.0,0.0,0.0,0.0,0.0,0.0,0.0,0.0
913,40,Sequoia',0,0,0,0,0,0,0,0.0,0.0,0.0,0.0,0.0,0.0,0.0,0.0
913,40,Sequoiadendron',0,0,0,0,0,0,0,0.0,0.0,0.0,0.0,0.0,0.0,0.0,0.0
913,40,Sorbus',0,0,0,0,0,0,0,0.0,0.0,0.0,0.0,0.0,0.0,0.0,0.0
913,40,Taxodium',0,0,0,0,0,0,0,0.0,0.0,0.0,0.0,0.0,0.0,0.0,0.0
913,40,Taxus',0,0,0,0,0,0,0,0.0,0.0,0.0,0.0,0.0,0.0,0.0,0.0
913,40,Thuja',0,0,0,0,0,0,0,0.0,0.0,0.0,0.0,0.0,0.0,0.0,0.0
913,40,Tilia',0,0,0,0,0,0,0,0.0,0.0,0.0,0.0,0.0,0.0,0.0,0.0
913,40,Torreya',0,0,0,0,0,0,0,0.0,0.0,0.0,0.0,0.0,0.0,0.0,0.0
913,40,Tsuga',0,0,0,0,0,0,0,0.0,0.0,0.0,0.0,0.0,0.0,0.0,0.0
913,40,Ulmus',0,0,0,0,0,0,0,0.0,0.0,0.0,0.0,0.0,0.0,0.0,0.0
913,40,Umbellularia',0,0,0,0,0,0,0,0.0,0.0,0.0,0.0,0.0,0.0,0.0,0.0
913,50,Abies',0,113,0,0,0,0,0,7.03149938583374,5.945621013641357,19.163124433159826,0.31168727976637634,220.08837591707706,2814.1846963288326,0.0007658859762797687,9.527390287684609
913,50,Acer',0,237,9,0,0,0,0,25.669984817504883,11.469182968139648,77.54868526294638,0.306558807538601,379.57648808270693,3049.377357741355,0.001959859724963084,13.74498958115234
913,50,Aesculus',0,0,0,0,0,0,0,0.0,0.0,0.0,0.0,0.0,0.0,0.0,0.0
913,50,Ailanthus',0,0,0,0,0,0,0,0.0,0.0,0.0,0.0,0.0,0.0,0.0,0.0
913,50,Alnus',0,3784,158,0,0,0,0,36.639713287353516,20.682348251342773,956.2206537205772,5.590692139650393,5094.1997032432255,10922.564359866348,0.025085771296409886,44.99807257329734
913,50,Amelanchier',0,0,0,0,0,0,0,0.0,0.0,0.0,0.0,0.0,0.0,0.0,0.0
913,50,Arbutus',0,67,25,0,0,0,0,9.22008991241455,7.786923408508301,18.78891596198082,0.28338562769040504,332.84137640357017,5200.232944791458,0.001011042933321248,15.199977614097586
913,50,Asimina',0,0,0,0,0,0,0,0.0,0.0,0.0,0.0,0.0,0.0,0.0,0.0
913,50,Betula',0,0,0,0,0,0,0,0.0,0.0,0.0,0.0,0.0,0.0,0.0,0.0
913,50,Calocedrus',0,114,134,0,0,0,0,11.068225860595703,7.4279022216796875,49.25684863835573,1.3705562471939217,903.9834313943983,8044.706168889352,0.0027203398939880073,22.561941026500673
913,50,Carpinus',0,0,0,0,0,0,0,0.0,0.0,0.0,0.0,0.0,0.0,0.0,0.0
913,50,Carya',0,0,0,0,0,0,0,0.0,0.0,0.0,0.0,0.0,0.0,0.0,0.0
913,50,Castanea',0,0,0,0,0,0,0,0.0,0.0,0.0,0.0,0.0,0.0,0.0,0.0
913,50,Catalpa',0,0,0,0,0,0,0,0.0,0.0,0.0,0.0,0.0,0.0,0.0,0.0
913,50,Celtis',0,0,0,0,0,0,0,0.0,0.0,0.0,0.0,0.0,0.0,0.0,0.0
913,50,Cercis',0,0,0,0,0,0,0,0.0,0.0,0.0,0.0,0.0,0.0,0.0,0.0
913,50,Cercocarpus',0,64,25,2,0,0,0,34.088706970214844,9.528691291809082,43.47053261041641,0.5555494735053794,907.8864804720879,10768.677578847457,0.0026454332049402275,28.867360102700456
913,50,Chamaecyparis',0,0,0,0,0,0,0,0.0,0.0,0.0,0.0,0.0,0.0,0.0,0.0
913,50,Chilopsis',0,0,0,0,0,0,0,0.0,0.0,0.0,0.0,0.0,0.0,0.0,0.0
913,50,Chrysolepis',0,91,61,0,0,0,0,12.487273216247559,7.929084300994873,29.27321587562561,0.7872258274290233,617.6646317005158,7113.52181302381,0.0017954234527399189,19.73651415864351
913,50,Cladrastis',0,0,0,0,0,0,0,0.0,0.0,0.0,0.0,0.0,0.0,0.0,0.0
913,50,Comus',0,0,0,0,0,0,0,0.0,0.0,0.0,0.0,0.0,0.0,0.0,0.0
913,50,Cornus',0,0,0,0,0,0,0,0.0,0.0,0.0,0.0,0.0,0.0,0.0,0.0
913,50,Crataegus',0,0,0,0,0,0,0,0.0,0.0,0.0,0.0,0.0,0.0,0.0,0.0
913,50,Cupressus',0,39,8,0,0,0,0,15.828624725341797,6.462081432342529,12.873558750152588,0.17342893928756709,160.5183465385437,2932.2413043015667,0.0005426588557312862,8.818094215978338
913,50,Diospyros',0,0,0,0,0,0,0,0.0,0.0,0.0,0.0,0.0,0.0,0.0,0.0
913,50,Elaeagnus',0,0,0,0,0,0,0,0.0,0.0,0.0,0.0,0.0,0.0,0.0,0.0
913,50,Fagus',0,0,0,0,0,0,0,0.0,0.0,0.0,0.0,0.0,0.0,0.0,0.0
913,50,Fraxinus',0,0,0,0,0,0,0,0.0,0.0,0.0,0.0,0.0,0.0,0.0,0.0
913,50,Gleditsia',0,0,0,0,0,0,0,0.0,0.0,0.0,0.0,0.0,0.0,0.0,0.0
913,50,Gordonia',0,0,0,0,0,0,0,0.0,0.0,0.0,0.0,0.0,0.0,0.0,0.0
913,50,Gymnocladus',0,0,0,0,0,0,0,0.0,0.0,0.0,0.0,0.0,0.0,0.0,0.0
913,50,Halesia',0,0,0,0,0,0,0,0.0,0.0,0.0,0.0,0.0,0.0,0.0,0.0
913,50,Ilex',0,0,0,0,0,0,0,0.0,0.0,0.0,0.0,0.0,0.0,0.0,0.0
913,50,Juglans',0,0,0,0,0,0,0,0.0,0.0,0.0,0.0,0.0,0.0,0.0,0.0
913,50,Juniperus',0,273,32,0,0,0,0,16.26909065246582,7.0905632972717285,206.05733827590942,1.0367893966272812,1241.4868872451782,8219.04070857176,0.005735243550789847,37.83117382403182
913,50,Larix',0,0,0,0,0,0,0,0.0,0.0,0.0,0.0,0.0,0.0,0.0,0.0
913,50,Liquidambar',0,0,0,0,0,0,0,0.0,0.0,0.0,0.0,0.0,0.0,0.0,0.0
913,50,Liriodendron',0,0,0,0,0,0,0,0.0,0.0,0.0,0.0,0.0,0.0,0.0,0.0
913,50,Lithocarpus',0,25,11,0,0,0,0,14.228134155273438,8.745132446289062,9.550584800243378,0.18266660235276647,231.89971485853195,4942.359222190271,0.0006532855921934078,13.332918476000508
913,50,Maclura',0,0,0,0,0,0,0,0.0,0.0,0.0,0.0,0.0,0.0,0.0,0.0
913,50,Magnolia',0,0,0,0,0,0,0,0.0,0.0,0.0,0.0,0.0,0.0,0.0,0.0
913,50,Malus',0,0,0,0,0,0,0,0.0,0.0,0.0,0.0,0.0,0.0,0.0,0.0
913,50,Morus',0,0,0,0,0,0,0,0.0,0.0,0.0,0.0,0.0,0.0,0.0,0.0
913,50,Nyssa',0,0,0,0,0,0,0,0.0,0.0,0.0,0.0,0.0,0.0,0.0,0.0
913,50,Olneya',0,0,0,0,0,0,0,0.0,0.0,0.0,0.0,0.0,0.0,0.0,0.0
913,50,Ostrya',0,0,0,0,0,0,0,0.0,0.0,0.0,0.0,0.0,0.0,0.0,0.0
913,50,Oxydendron',0,0,0,0,0,0,0,0.0,0.0,0.0,0.0,0.0,0.0,0.0,0.0
913,50,Paulownia',0,0,0,0,0,0,0,0.0,0.0,0.0,0.0,0.0,0.0,0.0,0.0
913,50,Persea',0,0,0,0,0,0,0,0.0,0.0,0.0,0.0,0.0,0.0,0.0,0.0
913,50,Picea',0,0,0,0,0,0,0,0.0,0.0,0.0,0.0,0.0,0.0,0.0,0.0
913,50,Pinus',0,2817,726,4,0,0,0,37.725833892822266,19.546579360961914,1076.4291483961044,13.32065309304714,12733.208118945808,28747.261029104724,0.04384443908364672,86.91336036194596
913,50,Planera',0,0,0,0,0,0,0,0.0,0.0,0.0,0.0,0.0,0.0,0.0,0.0
913,50,Platanus',0,0,0,0,0,0,0,0.0,0.0,0.0,0.0,0.0,0.0,0.0,0.0
913,50,Populus',0,853,17,0,0,0,0,21.50473976135254,7.663538932800293,316.34494162742277,0.8543924869401576,1000.860809262544,4144.447380127751,0.006778096316672856,27.303842882120367
913,50,Prosopis',0,0,0,0,0,0,0,0.0,0.0,0.0,0.0,0.0,0.0,0.0,0.0
913,50,Prunus',0,0,0,0,0,0,0,0.0,0.0,0.0,0.0,0.0,0.0,0.0,0.0
913,50,Pseudotsuga',0,0,0,0,0,0,0,0.0,0.0,0.0,0.0,0.0,0.0,0.0,0.0
913,50,Quercus',0,53,144,0,0,0,0,20.971885681152344,9.697574615478516,96.5603926815564,2.4241055816454566,2566.8028819656374,16529.717507755257,0.007005259376199289,43.34013349282478
913,50,Robinia',0,0,0,0,0,0,0,0.0,0.0,0.0,0.0,0.0,0.0,0.0,0.0
913,50,Salix',0,1016,0,0,0,0,0,7.468156814575195,5.639524459838867,201.6622232901569,1.1170996637409456,930.4881043676287,3959.930406110354,0.004970791109027111,19.497885367694657
913,50,Sassafras',0,0,0,0,0,0,0,0.0,0.0,0.0,0.0,0.0,0.0,0.0,0.0
913,50,Sequoia',0,0,0,0,0,0,0,0.0,0.0,0.0,0.0,0.0,0.0,0.0,0.0
913,50,Sequoiadendron',0,0,0,0,0,0,0,0.0,0.0,0.0,0.0,0.0,0.0,0.0,0.0
913,50,Sorbus',0,0,0,0,0,0,0,0.0,0.0,0.0,0.0,0.0,0.0,0.0,0.0
913,50,Taxodium',0,0,0,0,0,0,0,0.0,0.0,0.0,0.0,0.0,0.0,0.0,0.0
913,50,Taxus',0,0,0,0,0,0,0,0.0,0.0,0.0,0.0,0.0,0.0,0.0,0.0
913,50,Thuja',0,0,0,0,0,0,0,0.0,0.0,0.0,0.0,0.0,0.0,0.0,0.0
913,50,Tilia',0,0,0,0,0,0,0,0.0,0.0,0.0,0.0,0.0,0.0,0.0,0.0
913,50,Torreya',0,0,0,0,0,0,0,0.0,0.0,0.0,0.0,0.0,0.0,0.0,0.0
913,50,Tsuga',0,0,0,0,0,0,0,0.0,0.0,0.0,0.0,0.0,0.0,0.0,0.0
913,50,Ulmus',0,0,0,0,0,0,0,0.0,0.0,0.0,0.0,0.0,0.0,0.0,0.0
913,50,Umbellularia',0,0,0,0,0,0,0,0.0,0.0,0.0,0.0,0.0,0.0,0.0,0.0
913,60,Abies',0,46,27,0,0,0,0,8.611387252807617,6.899514675140381,20.582560881376267,0.32273747184511126,240.07185366511345,3332.021552126741,0.0008307966577534866,10.983424838367045
913,60,Acer',0,169,4,0,0,0,0,8.781397819519043,5.188313961029053,38.52390016747426,0.14570720219398267,167.12233162760734,1625.1803408478702,0.0009259559039566692,8.948751933694437
913,60,Aesculus',0,0,0,0,0,0,0,0.0,0.0,0.0,0.0,0.0,0.0,0.0,0.0
913,60,Ailanthus',0,0,0,0,0,0,0,0.0,0.0,0.0,0.0,0.0,0.0,0.0,0.0
913,60,Alnus',0,3605,281,2,0,0,0,41.815555572509766,22.335866928100586,921.961034231265,6.125461051461379,5484.60993878305,13107.595195940168,0.025460163317907576,46.88997039515952
913,60,Amelanchier',0,0,0,0,0,0,0,0.0,0.0,0.0,0.0,0.0,0.0,0.0,0.0
913,60,Arbutus',0,34,58,0,0,0,0,10.789227485656738,8.76156234741211,15.070479027032851,0.42957316088950115,494.03594485878943,7384.439933690646,0.0013155423158009874,18.854551593545562
913,60,Asimina',0,0,0,0,0,0,0,0.0,0.0,0.0,0.0,0.0,0.0,0.0,0.0
913,60,Betula',0,0,0,0,0,0,0,0.0,0.0,0.0,0.0,0.0,0.0,0.0,0.0
913,60,Calocedrus',0,36,216,0,0,0,0,12.60059928894043,8.185057640075684,42.46198449596763,1.8497538380336962,1235.096679085344,10948.22218948808,0.0033579990783187802,28.460712520543122
913,60,Carpinus',0,0,0,0,0,0,0,0.0,0.0,0.0,0.0,0.0,0.0,0.0,0.0
913,60,Carya',0,0,0,0,0,0,0,0.0,0.0,0.0,0.0,0.0,0.0,0.0,0.0
913,60,Castanea',0,0,0,0,0,0,0,0.0,0.0,0.0,0.0,0.0,0.0,0.0,0.0
913,60,Catalpa',0,0,0,0,0,0,0,0.0,0.0,0.0,0.0,0.0,0.0,0.0,0.0
913,60,Celtis',0,0,0,0,0,0,0,0.0,0.0,0.0,0.0,0.0,0.0,0.0,0.0
913,60,Cercis',0,0,0,0,0,0,0,0.0,0.0,0.0,0.0,0.0,0.0,0.0,0.0
913,60,Cercocarpus',0,0,21,2,0,0,0,39.92874526977539,10.07739543914795,25.021449253559112,0.6520760836405439,1048.77903165102,14628.607179404344,0.0026920410062472077,37.19456890913011
913,60,Chamaecyparis',0,0,0,0,0,0,0,0.0,0.0,0.0,0.0,0.0,0.0,0.0,0.0
913,60,Chilopsis',0,0,0,0,0,0,0,0.0,0.0,0.0,0.0,0.0,0.0,0.0,0.0
913,60,Chrysolepis',0,31,121,0,0,0,0,14.25625228881836,8.758113861083984,29.84419503211975,1.1585241651933516,915.9798261356354,10099.908638059413,0.002466593500276419,26.620426916240337
913,60,Cladrastis',0,0,0,0,0,0,0,0.0,0.0,0.0,0.0,0.0,0.0,0.0,0.0
913,60,Comus',0,0,0,0,0,0,0,0.0,0.0,0.0,0.0,0.0,0.0,0.0,0.0
913,60,Cornus',0,0,0,0,0,0,0,0.0,0.0,0.0,0.0,0.0,0.0,0.0,0.0
913,60,Crataegus',0,0,0,0,0,0,0,0.0,0.0,0.0,0.0,0.0,0.0,0.0,0.0
913,60,Cupressus',0,31,8,0,0,0,0,18.652950286865234,7.251142501831055,13.150441199541092,0.23874561461748406,217.66703523993493,4121.348794844001,0.0006736553413793429,11.162335917044594
913,60,Diospyros',0,0,0,0,0,0,0,0.0,0.0,0.0,0.0,0.0,0.0,0.0,0.0
913,60,Elaeagnus',0,0,0,0,0,0,0,0.0,0.0,0.0,0.0,0.0,0.0,0.0,0.0
913,60,Fagus',0,0,0,0,0,0,0,0.0,0.0,0.0,0.0,0.0,0.0,0.0,0.0
913,60,Fraxinus',0,16,0,0,0,0,0,4.222233295440674,3.315922737121582,9.03781555875947,0.022246662562189084,32.934495038986206,642.0205628066304,0.00020329214282892758,3.954053838951106
913,60,Gleditsia',0,0,0,0,0,0,0,0.0,0.0,0.0,0.0,0.0,0.0,0.0,0.0
913,60,Gordonia',0,0,0,0,0,0,0,0.0,0.0,0.0,0.0,0.0,0.0,0.0,0.0
913,60,Gymnocladus',0,0,0,0,0,0,0,0.0,0.0,0.0,0.0,0.0,0.0,0.0,0.0
913,60,Halesia',0,0,0,0,0,0,0,0.0,0.0,0.0,0.0,0.0,0.0,0.0,0.0
913,60,Ilex',0,0,0,0,0,0,0,0.0,0.0,0.0,0.0,0.0,0.0,0.0,0.0
913,60,Juglans',0,0,0,0,0,0,0,0.0,0.0,0.0,0.0,0.0,0.0,0.0,0.0
913,60,Juniperus',0,191,80,0,0,0,0,18.29052734375,8.653153419494629,176.85871672868728,1.2542473750181886,1388.2947822785377,10023.001497155774,0.005639725339408983,38.2576076467621
913,60,Larix',0,0,0,0,0,0,0,0.0,0.0,0.0,0.0,0.0,0.0,0.0,0.0
913,60,Liquidambar',0,0,0,0,0,0,0,0.0,0.0,0.0,0.0,0.0,0.0,0.0,0.0
913,60,Liriodendron',0,0,0,0,0,0,0,0.0,0.0,0.0,0.0,0.0,0.0,0.0,0.0
913,60,Lithocarpus',0,25,11,0,0,0,0,15.854177474975586,9.48557186126709,12.192974314689636,0.2470344857790053,316.16558337688446,6111.400433270083,0.0008787108970781133,15.126268674556805
913,60,Maclura',0,0,0,0,0,0,0,0.0,0.0,0.0,0.0,0.0,0.0,0.0,0.0
913,60,Magnolia',0,0,0,0,0,0,0,0.0,0.0,0.0,0.0,0.0,0.0,0.0,0.0
913,60,Malus',0,0,0,0,0,0,0,0.0,0.0,0.0,0.0,0.0,0.0,0.0,0.0
913,60,Morus',0,0,0,0,0,0,0,0.0,0.0,0.0,0.0,0.0,0.0,0.0,0.0
913,60,Nyssa',0,0,0,0,0,0,0,0.0,0.0,0.0,0.0,0.0,0.0,0.0,0.0
913,60,Olneya',0,0,0,0,0,0,0,0.0,0.0,0.0,0.0,0.0,0.0,0.0,0.0
913,60,Ostrya',0,0,0,0,0,0,0,0.0,0.0,0.0,0.0,0.0,0.0,0.0,0.0
913,60,Oxydendron',0,0,0,0,0,0,0,0.0,0.0,0.0,0.0,0.0,0.0,0.0,0.0
913,60,Paulownia',0,0,0,0,0,0,0,0.0,0.0,0.0,0.0,0.0,0.0,0.0,0.0
913,60,Persea',0,0,0,0,0,0,0,0.0,0.0,0.0,0.0,0.0,0.0,0.0,0.0
913,60,Picea',0,0,0,0,0,0,0,0.0,0.0,0.0,0.0,0.0,0.0,0.0,0.0
913,60,Pinus',0,2812,1207,9,0,0,0,43.89714050292969,20.588178634643555,1206.91675421834,18.496643341000002,17601.97312874794,38969.51199819778,0.05654873798855844,108.91564807320698
913,60,Planera',0,0,0,0,0,0,0,0.0,0.0,0.0,0.0,0.0,0.0,0.0,0.0
913,60,Platanus',0,0,0,0,0,0,0,0.0,0.0,0.0,0.0,0.0,0.0,0.0,0.0
913,60,Populus',0,801,18,0,0,0,0,10.94344425201416,4.763970851898193,292.0282717945077,0.6692891747294158,856.471854274869,3468.07453788728,0.006107180007685434,25.1800437498239
913,60,Prosopis',0,0,0,0,0,0,0,0.0,0.0,0.0,0.0,0.0,0.0,0.0,0.0
913,60,Prunus',0,0,0,0,0,0,0,0.0,0.0,0.0,0.0,0.0,0.0,0.0,0.0
913,60,Pseudotsuga',0,0,0,0,0,0,0,0.0,0.0,0.0,0.0,0.0,0.0,0.0,0.0
913,60,Quercus',0,66,110,0,0,0,0,24.30019187927246,10.70858383178711,85.35908327166793,2.5306611361455102,2807.685761433244,19914.696289799263,0.007417960277002303,49.937923207272675
913,60,Robinia',0,0,0,0,0,0,0,0.0,0.0,0.0,0.0,0.0,0.0,0.0,0.0
913,60,Salix',0,948,87,0,0,0,0,10.509576797485352,7.212797164916992,188.46836599957524,1.4866076397285033,1161.9735175196827,5735.7919327886975,0.005295270195011404,22.494732517158265
913,60,Sassafras',0,0,0,0,0,0,0,0.0,0.0,0.0,0.0,0.0,0.0,0.0,0.0
913,60,Sequoia',0,0,0,0,0,0,0,0.0,0.0,0.0,0.0,0.0,0.0,0.0,0.0
913,60,Sequoiadendron',0,0,0,0,0,0,0,0.0,0.0,0.0,0.0,0.0,0.0,0.0,0.0
913,60,Sorbus',0,0,0,0,0,0,0,0.0,0.0,0.0,0.0,0.0,0.0,0.0,0.0
913,60,Taxodium',0,0,0,0,0,0,0,0.0,0.0,0.0,0.0,0.0,0.0,0.0,0.0
913,60,Taxus',0,0,0,0,0,0,0,0.0,0.0,0.0,0.0,0.0,0.0,0.0,0.0
913,60,Thuja',0,0,0,0,0,0,0,0.0,0.0,0.0,0.0,0.0,0.0,0.0,0.0
913,60,Tilia',0,0,0,0,0,0,0,0.0,0.0,0.0,0.0,0.0,0.0,0.0,0.0
913,60,Torreya',0,0,0,0,0,0,0,0.0,0.0,0.0,0.0,0.0,0.0,0.0,0.0
913,60,Tsuga',0,0,0,0,0,0,0,0.0,0.0,0.0,0.0,0.0,0.0,0.0,0.0
913,60,Ulmus',0,0,0,0,0,0,0,0.0,0.0,0.0,0.0,0.0,0.0,0.0,0.0
913,60,Umbellularia',0,0,0,0,0,0,0,0.0,0.0,0.0,0.0,0.0,0.0,0.0,0.0
913,70,Abies',0,57,26,0,0,0,0,9.259049415588379,7.281617164611816,22.72813034236431,0.2934050192495755,227.5745206230879,3318.843520168109,0.0008340163757267105,11.335717834279146
913,70,Acer',0,170,0,0,0,0,0,6.05256462097168,4.3508172035217285,46.5786351753941,0.13376001658816639,171.67466673493385,1624.4935382226038,0.0010520245840624028,9.86394122790941
913,70,Aesculus',0,0,0,0,0,0,0,0.0,0.0,0.0,0.0,0.0,0.0,0.0,0.0
913,70,Ailanthus',0,0,0,0,0,0,0,0.0,0.0,0.0,0.0,0.0,0.0,0.0,0.0
913,70,Alnus',0,3177,245,2,0,0,0,32.34553146362305,19.154592514038086,804.1916736644467,5.780405058100357,5098.645180489272,13735.80783426719,0.022907108544302276,47.12687585595532
913,70,Amelanchier',0,0,0,0,0,0,0,0.0,0.0,0.0,0.0,0.0,0.0,0.0,0.0
913,70,Arbutus',0,59,58,0,0,0,0,12.245661735534668,9.635560035705566,19.579055397510526,0.567336443524066,698.3519267201424,10155.018770172112,0.0018347017355964971,24.851193317258826
913,70,Asimina',0,0,0,0,0,0,0,0.0,0.0,0.0,0.0,0.0,0.0,0.0,0.0
913,70,Betula',0,0,0,0,0,0,0,0.0,0.0,0.0,0.0,0.0,0.0,0.0,0.0
913,70,Calocedrus',0,36,216,0,0,0,0,14.165882110595703,8.937435150146484,67.72370982587337,2.4719371195495583,1737.3742464083434,14990.113317146597,0.004839063059556953,40.29333565073503
913,70,Carpinus',0,0,0,0,0,0,0,0.0,0.0,0.0,0.0,0.0,0.0,0.0,0.0
913,70,Carya',0,0,0,0,0,0,0,0.0,0.0,0.0,0.0,0.0,0.0,0.0,0.0
913,70,Castanea',0,0,0,0,0,0,0,0.0,0.0,0.0,0.0,0.0,0.0,0.0,0.0
913,70,Catalpa',0,0,0,0,0,0,0,0.0,0.0,0.0,0.0,0.0,0.0,0.0,0.0
913,70,Celtis',0,0,0,0,0,0,0,0.0,0.0,0.0,0.0,0.0,0.0,0.0,0.0
913,70,Cercis',0,0,0,0,0,0,0,0.0,0.0,0.0,0.0,0.0,0.0,0.0,0.0
913,70,Cercocarpus',0,0,7,2,0,0,0,43.27106475830078,10.334721565246582,13.467100920677185,0.49659514391013326,840.0818544912338,14232.884696901527,0.002061373503843945,34.54481091370064
913,70,Chamaecyparis',0,0,0,0,0,0,0,0.0,0.0,0.0,0.0,0.0,0.0,0.0,0.0
913,70,Chilopsis',0,0,0,0,0,0,0,0.0,0.0,0.0,0.0,0.0,0.0,0.0,0.0
913,70,Chrysolepis',0,60,114,0,0,0,0,15.808496475219727,9.465052604675293,38.713672161102295,1.2016652527318405,1008.6959722471238,11673.926648744517,0.002800744061594215,29.918911072209738
913,70,Cladrastis',0,0,0,0,0,0,0,0.0,0.0,0.0,0.0,0.0,0.0,0.0,0.0
913,70,Comus',0,0,0,0,0,0,0,0.0,0.0,0.0,0.0,0.0,0.0,0.0,0.0
913,70,Cornus',0,0,0,0,0,0,0,0.0,0.0,0.0,0.0,0.0,0.0,0.0,0.0
913,70,Crataegus',0,0,0,0,0,0,0,0.0,0.0,0.0,0.0,0.0,0.0,0.0,0.0
913,70,Cupressus',0,70,8,0,0,0,0,20.840824127197266,7.837905406951904,30.86114744722843,0.321950458885082,327.944372087121,5483.832177546178,0.001174537372789656,15.804915595861758
913,70,Diospyros',0,0,0,0,0,0,0,0.0,0.0,0.0,0.0,0.0,0.0,0.0,0.0
913,70,Elaeagnus',0,0,0,0,0,0,0,0.0,0.0,0.0,0.0,0.0,0.0,0.0,0.0
913,70,Fagus',0,0,0,0,0,0,0,0.0,0.0,0.0,0.0,0.0,0.0,0.0,0.0
913,70,Fraxinus',0,13,0,0,0,0,0,7.1312174797058105,4.599678039550781,3.8865836257044264,0.054798838735187795,48.132294304966926,1076.2708197893178,0.00016291018471494215,3.6427824724966267
913,70,Gleditsia',0,0,0,0,0,0,0,0.0,0.0,0.0,0.0,0.0,0.0,0.0,0.0
913,70,Gordonia',0,0,0,0,0,0,0,0.0,0.0,0.0,0.0,0.0,0.0,0.0,0.0
913,70,Gymnocladus',0,0,0,0,0,0,0,0.0,0.0,0.0,0.0,0.0,0.0,0.0,0.0
913,70,Halesia',0,0,0,0,0,0,0,0.0,0.0,0.0,0.0,0.0,0.0,0.0,0.0
913,70,Ilex',0,0,0,0,0,0,0,0.0,0.0,0.0,0.0,0.0,0.0,0.0,0.0
913,70,Juglans',0,0,0,0,0,0,0,0.0,0.0,0.0,0.0,0.0,0.0,0.0,0.0
913,70,Juniperus',0,189,106,0,0,0,0,20.634479522705078,9.956343650817871,189.4966217470169,1.2048431925243712,1371.824814760685,9959.761710825467,0.005785672951653901,40.97728048783022
913,70,Larix',0,0,0,0,0,0,0,0.0,0.0,0.0,0.0,0.0,0.0,0.0,0.0
913,70,Liquidambar',0,0,0,0,0,0,0,0.0,0.0,0.0,0.0,0.0,0.0,0.0,0.0
913,70,Liriodendron',0,0,0,0,0,0,0,0.0,0.0,0.0,0.0,0.0,0.0,0.0,0.0
913,70,Lithocarpus',0,0,11,0,0,0,0,17.41492462158203,10.177037239074707,4.706311655044556,0.2667786693627107,344.6109564304352,7705.735243696737,0.0008337821674346939,18.643936048110895
913,70,Maclura',0,0,0,0,0,0,0,0.0,0.0,0.0,0.0,0.0,0.0,0.0,0.0
913,70,Magnolia',0,0,0,0,0,0,0,0.0,0.0,0.0,0.0,0.0,0.0,0.0,0.0
913,70,Malus',0,0,0,0,0,0,0,0.0,0.0,0.0,0.0,0.0,0.0,0.0,0.0
913,70,Morus',0,0,0,0,0,0,0,0.0,0.0,0.0,0.0,0.0,0.0,0.0,0.0
913,70,Nyssa',0,0,0,0,0,0,0,0.0,0.0,0.0,0.0,0.0,0.0,0.0,0.0
913,70,Olneya',0,0,0,0,0,0,0,0.0,0.0,0.0,0.0,0.0,0.0,0.0,0.0
913,70,Ostrya',0,0,0,0,0,0,0,0.0,0.0,0.0,0.0,0.0,0.0,0.0,0.0
913,70,Oxydendron',0,0,0,0,0,0,0,0.0,0.0,0.0,0.0,0.0,0.0,0.0,0.0
913,70,Paulownia',0,0,0,0,0,0,0,0.0,0.0,0.0,0.0,0.0,0.0,0.0,0.0
913,70,Persea',0,0,0,0,0,0,0,0.0,0.0,0.0,0.0,0.0,0.0,0.0,0.0
913,70,Picea',0,0,0,0,0,0,0,0.0,0.0,0.0,0.0,0.0,0.0,0.0,0.0
913,70,Pinus',0,2614,1459,17,0,0,0,45.10683822631836,19.80379867553711,1299.6723221564293,23.7205353948103,22520.402267696263,49356.198458142564,0.06881838289129688,132.7816073754374
913,70,Planera',0,0,0,0,0,0,0,0.0,0.0,0.0,0.0,0.0,0.0,0.0,0.0
913,70,Platanus',0,0,0,0,0,0,0,0.0,0.0,0.0,0.0,0.0,0.0,0.0,0.0
913,70,Populus',0,683,16,0,0,0,0,12.142852783203125,5.114019870758057,170.5025345634056,0.5061581969620551,615.9406200188398,2835.1083360252546,0.0038232356377171763,19.136344188288426
913,70,Prosopis',0,0,0,0,0,0,0,0.0,0.0,0.0,0.0,0.0,0.0,0.0,0.0
913,70,Prunus',0,0,0,0,0,0,0,0.0,0.0,0.0,0.0,0.0,0.0,0.0,0.0
913,70,Pseudotsuga',0,0,0,0,0,0,0,0.0,0.0,0.0,0.0,0.0,0.0,0.0,0.0
913,70,Quercus',0,86,121,0,0,0,0,27.226696014404297,11.538324356079102,86.53416560892062,2.895131576213023,3314.4077982240915,24158.167717316832,0.008564405310804006,59.13002850206598
913,70,Robinia',0,0,0,0,0,0,0,0.0,0.0,0.0,0.0,0.0,0.0,0.0,0.0
913,70,Salix',0,1105,79,0,0,0,0,12.390021324157715,8.134259223937988,213.4236633650298,1.3465212307292473,1125.6168511417509,6062.7981477647045,0.0055737230102883215,22.61396329844205
913,70,Sassafras',0,0,0,0,0,0,0,0.0,0.0,0.0,0.0,0.0,0.0,0.0,0.0
913,70,Sequoia',0,0,0,0,0,0,0,0.0,0.0,0.0,0.0,0.0,0.0,0.0,0.0
913,70,Sequoiadendron',0,0,0,0,0,0,0,0.0,0.0,0.0,0.0,0.0,0.0,0.0,0.0
913,70,Sorbus',0,0,0,0,0,0,0,0.0,0.0,0.0,0.0,0.0,0.0,0.0,0.0
913,70,Taxodium',0,0,0,0,0,0,0,0.0,0.0,0.0,0.0,0.0,0.0,0.0,0.0
913,70,Taxus',0,0,0,0,0,0,0,0.0,0.0,0.0,0.0,0.0,0.0,0.0,0.0
913,70,Thuja',0,0,0,0,0,0,0,0.0,0.0,0.0,0.0,0.0,0.0,0.0,0.0
913,70,Tilia',0,0,0,0,0,0,0,0.0,0.0,0.0,0.0,0.0,0.0,0.0,0.0
913,70,Torreya',0,0,0,0,0,0,0,0.0,0.0,0.0,0.0,0.0,0.0,0.0,0.0
913,70,Tsuga',0,0,0,0,0,0,0,0.0,0.0,0.0,0.0,0.0,0.0,0.0,0.0
913,70,Ulmus',0,0,0,0,0,0,0,0.0,0.0,0.0,0.0,0.0,0.0,0.0,0.0
913,70,Umbellularia',0,22,0,0,0,0,0,3.7679598331451416,3.1079185009002686,10.177204327583313,0.02528980383232801,41.852038435935974,935.8400293968674,0.0002400085927192104,5.36675528504214
913,80,Abies',0,38,46,0,0,0,0,10.742399215698242,8.137665748596191,18.916966489553452,0.44495765934963905,329.5794528281689,4580.372884333781,0.0010056438753542748,13.19298459876606
913,80,Acer',0,127,0,0,0,0,0,7.711498260498047,4.739251613616943,29.623028009752684,0.1237885916041653,137.27364847123624,1573.884803333056,0.0007314924956448448,8.142977572783582
913,80,Aesculus',0,0,0,0,0,0,0,0.0,0.0,0.0,0.0,0.0,0.0,0.0,0.0
913,80,Ailanthus',0,0,0,0,0,0,0,0.0,0.0,0.0,0.0,0.0,0.0,0.0,0.0
913,80,Alnus',0,3594,194,0,0,0,0,12.762907981872559,9.939047813415527,823.0115044642758,5.196607525182066,4515.529659274519,9474.004249184965,0.02188221819432967,40.0890128714569
913,80,Amelanchier',0,0,0,0,0,0,0,0.0,0.0,0.0,0.0,0.0,0.0,0.0,0.0
913,80,Arbutus',0,57,69,0,0,0,0,15.958134651184082,11.736603736877441,52.79889546662569,0.8469391851684323,1181.9779756429791,13744.96267786952,0.0033892683497819395,34.41136977832383
913,80,Asimina',0,0,0,0,0,0,0,0.0,0.0,0.0,0.0,0.0,0.0,0.0,0.0
913,80,Betula',0,0,0,0,0,0,0,0.0,0.0,0.0,0.0,0.0,0.0,0.0,0.0
913,80,Calocedrus',0,118,155,0,0,0,0,14.920402526855469,9.292683601379395,56.51684456825256,2.12752879311217,1500.601269388199,13916.782022938056,0.004151023852813378,35.968287863326786
913,80,Carpinus',0,0,0,0,0,0,0,0.0,0.0,0.0,0.0,0.0,0.0,0.0,0.0
913,80,Carya',0,0,0,0,0,0,0,0.0,0.0,0.0,0.0,0.0,0.0,0.0,0.0
913,80,Castanea',0,0,0,0,0,0,0,0.0,0.0,0.0,0.0,0.0,0.0,0.0,0.0
913,80,Catalpa',0,0,0,0,0,0,0,0.0,0.0,0.0,0.0,0.0,0.0,0.0,0.0
913,80,Celtis',0,0,0,0,0,0,0,0.0,0.0,0.0,0.0,0.0,0.0,0.0,0.0
913,80,Cercis',0,0,0,0,0,0,0,0.0,0.0,0.0,0.0,0.0,0.0,0.0,0.0
913,80,Cercocarpus',0,0,0,2,0,0,0,46.0,10.519064903259277,8.792827701568603,0.36561855302477986,669.066552066803,14960.782918927705,0.0016138220206896455,36.086157418481356
913,80,Chamaecyparis',0,0,0,0,0,0,0,0.0,0.0,0.0,0.0,0.0,0.0,0.0,0.0
913,80,Chilopsis',0,0,0,0,0,0,0,0.0,0.0,0.0,0.0,0.0,0.0,0.0,0.0
913,80,Chrysolepis',0,71,83,0,0,0,0,17.1113224029541,10.04398250579834,34.97761579275131,1.3540843126651634,1172.8029209303857,14294.929413191605,0.003111460928191743,34.754500403410304
913,80,Cladrastis',0,0,0,0,0,0,0,0.0,0.0,0.0,0.0,0.0,0.0,0.0,0.0
913,80,Comus',0,0,0,0,0,0,0,0.0,0.0,0.0,0.0,0.0,0.0,0.0,0.0
913,80,Cornus',0,0,0,0,0,0,0,0.0,0.0,0.0,0.0,0.0,0.0,0.0,0.0
913,80,Crataegus',0,0,0,0,0,0,0,0.0,0.0,0.0,0.0,0.0,0.0,0.0,0.0
913,80,Cupressus',0,14,0,0,0,0,0,6.4552388191223145,3.5670790672302246,6.9443515777587885,0.04817506614647328,46.12182075500488,1031.3152645425205,0.0002028002420067787,4.53475126980566
913,80,Diospyros',0,0,0,0,0,0,0,0.0,0.0,0.0,0.0,0.0,0.0,0.0,0.0
913,80,Elaeagnus',0,0,0,0,0,0,0,0.0,0.0,0.0,0.0,0.0,0.0,0.0,0.0
913,80,Fagus',0,0,0,0,0,0,0,0.0,0.0,0.0,0.0,0.0,0.0,0.0,0.0
913,80,Fraxinus',0,0,13,0,0,0,0,10.082823753356934,5.8208327293396,5.370927117293393,0.10954898155572163,97.59382867097855,2182.2643509277755,0.00029419265554845496,6.578347762875254
913,80,Gleditsia',0,0,0,0,0,0,0,0.0,0.0,0.0,0.0,0.0,0.0,0.0,0.0
913,80,Gordonia',0,0,0,0,0,0,0,0.0,0.0,0.0,0.0,0.0,0.0,0.0,0.0
913,80,Gymnocladus',0,0,0,0,0,0,0,0.0,0.0,0.0,0.0,0.0,0.0,0.0,0.0
913,80,Halesia',0,0,0,0,0,0,0,0.0,0.0,0.0,0.0,0.0,0.0,0.0,0.0
913,80,Ilex',0,0,0,0,0,0,0,0.0,0.0,0.0,0.0,0.0,0.0,0.0,0.0
913,80,Juglans',0,0,0,0,0,0,0,0.0,0.0,0.0,0.0,0.0,0.0,0.0,0.0
913,80,Juniperus',0,104,111,0,0,0,0,25.85454750061035,8.444639205932617,191.67023603916167,1.5884773653989792,1668.233094162941,12837.692177231951,0.006475754757424177,49.118611152974914
913,80,Larix',0,0,0,0,0,0,0,0.0,0.0,0.0,0.0,0.0,0.0,0.0,0.0
913,80,Liquidambar',0,0,0,0,0,0,0,0.0,0.0,0.0,0.0,0.0,0.0,0.0,0.0
913,80,Liriodendron',0,0,0,0,0,0,0,0.0,0.0,0.0,0.0,0.0,0.0,0.0,0.0
913,80,Lithocarpus',0,0,11,0,0,0,0,18.878435134887695,10.808752059936523,3.3209959030151364,0.3135016913115514,415.3944700241089,9288.502724513906,0.0009710687375068712,21.713757078902447
913,80,Maclura',0,0,0,0,0,0,0,0.0,0.0,0.0,0.0,0.0,0.0,0.0,0.0
913,80,Magnolia',0,0,0,0,0,0,0,0.0,0.0,0.0,0.0,0.0,0.0,0.0,0.0
913,80,Malus',0,0,0,0,0,0,0,0.0,0.0,0.0,0.0,0.0,0.0,0.0,0.0
913,80,Morus',0,0,0,0,0,0,0,0.0,0.0,0.0,0.0,0.0,0.0,0.0,0.0
913,80,Nyssa',0,0,0,0,0,0,0,0.0,0.0,0.0,0.0,0.0,0.0,0.0,0.0
913,80,Olneya',0,0,0,0,0,0,0,0.0,0.0,0.0,0.0,0.0,0.0,0.0,0.0
913,80,Ostrya',0,0,0,0,0,0,0,0.0,0.0,0.0,0.0,0.0,0.0,0.0,0.0
913,80,Oxydendron',0,0,0,0,0,0,0,0.0,0.0,0.0,0.0,0.0,0.0,0.0,0.0
913,80,Paulownia',0,0,0,0,0,0,0,0.0,0.0,0.0,0.0,0.0,0.0,0.0,0.0
913,80,Persea',0,0,0,0,0,0,0,0.0,0.0,0.0,0.0,0.0,0.0,0.0,0.0
913,80,Picea',0,0,0,0,0,0,0,0.0,0.0,0.0,0.0,0.0,0.0,0.0,0.0
913,80,Pinus',0,2842,1692,22,2,0,0,49.590572357177734,20.97445297241211,1374.8731916618347,28.6367485633943,27461.757049132288,58936.536345996195,0.08088540646074968,151.67635273841915
913,80,Planera',0,0,0,0,0,0,0,0.0,0.0,0.0,0.0,0.0,0.0,0.0,0.0
913,80,Platanus',0,0,0,0,0,0,0,0.0,0.0,0.0,0.0,0.0,0.0,0.0,0.0
913,80,Populus',0,727,2,0,0,0,0,8.738517761230469,4.105787754058838,251.3469456895431,0.5085033667192508,700.3040585377812,3254.178703371791,0.005174510184614899,24.728676910840232
913,80,Prosopis',0,0,0,0,0,0,0,0.0,0.0,0.0,0.0,0.0,0.0,0.0,0.0
913,80,Prunus',0,0,0,0,0,0,0,0.0,0.0,0.0,0.0,0.0,0.0,0.0,0.0
913,80,Pseudotsuga',0,0,0,0,0,0,0,0.0,0.0,0.0,0.0,0.0,0.0,0.0,0.0
913,80,Quercus',0,54,45,5,0,0,0,29.877016067504883,12.244974136352539,38.55422440727677,2.24087700751974,2747.0979375335573,26635.306177904866,0.006621259313533082,62.42502946642067
913,80,Robinia',0,0,0,0,0,0,0,0.0,0.0,0.0,0.0,0.0,0.0,0.0,0.0
913,80,Salix',0,1044,22,0,0,0,0,14.872095108032227,9.293730735778809,189.0487754558319,1.3560618689138852,1102.0884572736175,7348.56293503991,0.0051705476236878775,24.11419247917204
913,80,Sassafras',0,0,0,0,0,0,0,0.0,0.0,0.0,0.0,0.0,0.0,0.0,0.0
913,80,Sequoia',0,0,0,0,0,0,0,0.0,0.0,0.0,0.0,0.0,0.0,0.0,0.0
913,80,Sequoiadendron',0,0,0,0,0,0,0,0.0,0.0,0.0,0.0,0.0,0.0,0.0,0.0
913,80,Sorbus',0,0,0,0,0,0,0,0.0,0.0,0.0,0.0,0.0,0.0,0.0,0.0
913,80,Taxodium',0,0,0,0,0,0,0,0.0,0.0,0.0,0.0,0.0,0.0,0.0,0.0
913,80,Taxus',0,0,0,0,0,0,0,0.0,0.0,0.0,0.0,0.0,0.0,0.0,0.0
913,80,Thuja',0,0,0,0,0,0,0,0.0,0.0,0.0,0.0,0.0,0.0,0.0,0.0
913,80,Tilia',0,0,0,0,0,0,0,0.0,0.0,0.0,0.0,0.0,0.0,0.0,0.0
913,80,Torreya',0,0,0,0,0,0,0,0.0,0.0,0.0,0.0,0.0,0.0,0.0,0.0
913,80,Tsuga',0,0,0,0,0,0,0,0.0,0.0,0.0,0.0,0.0,0.0,0.0,0.0
913,80,Ulmus',0,0,0,0,0,0,0,0.0,0.0,0.0,0.0,0.0,0.0,0.0,0.0
913,80,Umbellularia',0,22,0,0,0,0,0,5.886969089508057,4.060633182525635,2.6468812376260757,0.061732866374564405,53.520511971116065,1196.7550295800697,0.0001571672002226101,3.514365435310766
913,90,Abies',0,58,46,0,0,0,0,12.072972297668457,8.88347053527832,18.205023741722105,0.621242081100489,458.89519601345063,6297.594129097915,0.0012827285565560043,17.124905919787516
913,90,Acer',0,56,14,0,0,0,0,10.187549591064453,5.768572807312012,14.104937197805581,0.13873309090729866,123.86716112539172,2042.4119973046447,0.0004783087623752672,6.543478170321038
913,90,Aesculus',0,0,0,0,0,0,0,0.0,0.0,0.0,0.0,0.0,0.0,0.0,0.0
913,90,Ailanthus',0,0,0,0,0,0,0,0.0,0.0,0.0,0.0,0.0,0.0,0.0,0.0
913,90,Alnus',0,3695,79,0,0,0,0,23.261247634887695,15.38569450378418,842.4192393949561,4.880758373859977,4382.018171226457,9592.694282366547,0.021864911102284352,41.69181822819698
913,90,Amelanchier',0,0,0,0,0,0,0,0.0,0.0,0.0,0.0,0.0,0.0,0.0,0.0
913,90,Arbutus',0,112,45,0,0,0,0,21.440185546875,14.531756401062012,46.73137624979019,0.7371033705603016,1088.0487554240226,13858.28024736707,0.0030928948955188237,34.10947827001226
913,90,Asimina',0,0,0,0,0,0,0,0.0,0.0,0.0,0.0,0.0,0.0,0.0,0.0
913,90,Betula',0,0,0,0,0,0,0,0.0,0.0,0.0,0.0,0.0,0.0,0.0,0.0
913,90,Calocedrus',0,175,47,0,0,0,0,12.225285530090332,8.001518249511719,44.98615150868893,0.8419919894487288,595.3537229412794,7227.386189430904,0.0019728082636950254,19.794792238787842
913,90,Carpinus',0,0,0,0,0,0,0,0.0,0.0,0.0,0.0,0.0,0.0,0.0,0.0
913,90,Carya',0,0,0,0,0,0,0,0.0,0.0,0.0,0.0,0.0,0.0,0.0,0.0
913,90,Castanea',0,0,0,0,0,0,0,0.0,0.0,0.0,0.0,0.0,0.0,0.0,0.0
913,90,Catalpa',0,0,0,0,0,0,0,0.0,0.0,0.0,0.0,0.0,0.0,0.0,0.0
913,90,Celtis',0,0,0,0,0,0,0,0.0,0.0,0.0,0.0,0.0,0.0,0.0,0.0
913,90,Cercis',0,0,0,0,0,0,0,0.0,0.0,0.0,0.0,0.0,0.0,0.0,0.0
913,90,Cercocarpus',0,2,0,0,0,0,0,4.361763954162598,3.1295223236083984,1.4460261583328247,0.0032872813851172545,7.897525906562805,176.59404781140324,3.8437101505696736e-05,0.859479718247977
913,90,Chamaecyparis',0,0,0,0,0,0,0,0.0,0.0,0.0,0.0,0.0,0.0,0.0,0.0
913,90,Chilopsis',0,0,0,0,0,0,0,0.0,0.0,0.0,0.0,0.0,0.0,0.0,0.0
913,90,Chrysolepis',0,71,49,0,0,0,0,18.443819046020508,10.622812271118164,30.173202881813047,1.2767959506027433,1141.4762886857986,15930.962364509853,0.0029724491083100487,39.09944750230498
913,90,Cladrastis',0,0,0,0,0,0,0,0.0,0.0,0.0,0.0,0.0,0.0,0.0,0.0
913,90,Comus',0,0,0,0,0,0,0,0.0,0.0,0.0,0.0,0.0,0.0,0.0,0.0
913,90,Cornus',0,0,0,0,0,0,0,0.0,0.0,0.0,0.0,0.0,0.0,0.0,0.0
913,90,Crataegus',0,0,0,0,0,0,0,0.0,0.0,0.0,0.0,0.0,0.0,0.0,0.0
913,90,Cupressus',0,0,0,0,0,0,0,0.0,0.0,0.0,0.0,0.0,0.0,0.0,0.0
913,90,Diospyros',0,0,0,0,0,0,0,0.0,0.0,0.0,0.0,0.0,0.0,0.0,0.0
913,90,Elaeagnus',0,0,0,0,0,0,0,0.0,0.0,0.0,0.0,0.0,0.0,0.0,0.0
913,90,Fagus',0,0,0,0,0,0,0,0.0,0.0,0.0,0.0,0.0,0.0,0.0,0.0
913,90,Fraxinus',0,24,13,0,0,0,0,12.279157638549805,6.679359436035156,7.311461775834801,0.18667542381104577,170.9027519157529,3326.0240931293392,0.00048503644416294833,9.057141051954416
913,90,Gleditsia',0,0,0,0,0,0,0,0.0,0.0,0.0,0.0,0.0,0.0,0.0,0.0
913,90,Gordonia',0,0,0,0,0,0,0,0.0,0.0,0.0,0.0,0.0,0.0,0.0,0.0
913,90,Gymnocladus',0,0,0,0,0,0,0,0.0,0.0,0.0,0.0,0.0,0.0,0.0,0.0
913,90,Halesia',0,0,0,0,0,0,0,0.0,0.0,0.0,0.0,0.0,0.0,0.0,0.0
913,90,Ilex',0,0,0,0,0,0,0,0.0,0.0,0.0,0.0,0.0,0.0,0.0,0.0
913,90,Juglans',0,0,0,0,0,0,0,0.0,0.0,0.0,0.0,0.0,0.0,0.0,0.0
913,90,Juniperus',0,62,46,8,0,0,0,32.50033950805664,9.182211875915527,108.59127641797065,1.457289186190937,1450.0834693324566,13744.161501603023,0.00479094833320348,43.99789990115556
913,90,Larix',0,0,0,0,0,0,0,0.0,0.0,0.0,0.0,0.0,0.0,0.0,0.0
913,90,Liquidambar',0,0,0,0,0,0,0,0.0,0.0,0.0,0.0,0.0,0.0,0.0,0.0
913,90,Liriodendron',0,0,0,0,0,0,0,0.0,0.0,0.0,0.0,0.0,0.0,0.0,0.0
913,90,Lithocarpus',0,41,0,0,0,0,0,2.598473310470581,2.7992985248565674,8.293634264767169,0.019041849266750118,36.90844486385584,810.8785427672279,0.00020181570509355615,4.434578776971055
913,90,Maclura',0,0,0,0,0,0,0,0.0,0.0,0.0,0.0,0.0,0.0,0.0,0.0
913,90,Magnolia',0,0,0,0,0,0,0,0.0,0.0,0.0,0.0,0.0,0.0,0.0,0.0
913,90,Malus',0,0,0,0,0,0,0,0.0,0.0,0.0,0.0,0.0,0.0,0.0,0.0
913,90,Morus',0,0,0,0,0,0,0,0.0,0.0,0.0,0.0,0.0,0.0,0.0,0.0
913,90,Nyssa',0,0,0,0,0,0,0,0.0,0.0,0.0,0.0,0.0,0.0,0.0,0.0
913,90,Olneya',0,0,0,0,0,0,0,0.0,0.0,0.0,0.0,0.0,0.0,0.0,0.0
913,90,Ostrya',0,0,0,0,0,0,0,0.0,0.0,0.0,0.0,0.0,0.0,0.0,0.0
913,90,Oxydendron',0,0,0,0,0,0,0,0.0,0.0,0.0,0.0,0.0,0.0,0.0,0.0
913,90,Paulownia',0,0,0,0,0,0,0,0.0,0.0,0.0,0.0,0.0,0.0,0.0,0.0
913,90,Persea',0,0,0,0,0,0,0,0.0,0.0,0.0,0.0,0.0,0.0,0.0,0.0
913,90,Picea',0,0,0,0,0,0,0,0.0,0.0,0.0,0.0,0.0,0.0,0.0,0.0
913,90,Pinus',0,2708,1904,20,2,0,0,53.02466583251953,21.811872482299805,1464.0071683421731,30.52773489334498,29260.418333540558,63733.96892585926,0.08616992198632673,165.17958436264936
913,90,Planera',0,0,0,0,0,0,0,0.0,0.0,0.0,0.0,0.0,0.0,0.0,0.0
913,90,Platanus',0,0,0,0,0,0,0,0.0,0.0,0.0,0.0,0.0,0.0,0.0,0.0
913,90,Populus',0,432,30,0,0,0,0,15.575446128845215,6.085671424865723,190.16845087178896,0.5543436168419127,614.526037247777,3195.488316221765,0.004103193907858791,21.05486665875658
913,90,Prosopis',0,0,0,0,0,0,0,0.0,0.0,0.0,0.0,0.0,0.0,0.0,0.0
913,90,Prunus',0,0,0,0,0,0,0,0.0,0.0,0.0,0.0,0.0,0.0,0.0,0.0
913,90,Pseudotsuga',0,0,0,0,0,0,0,0.0,0.0,0.0,0.0,0.0,0.0,0.0,0.0
913,90,Quercus',0,72,30,11,0,0,0,32.25727081298828,12.845396041870117,47.911600889755945,2.1612579292888823,2786.5960848501327,28850.168680296592,0.0068550119709018765,67.38826604255397
913,90,Robinia',0,0,0,0,0,0,0,0.0,0.0,0.0,0.0,0.0,0.0,0.0,0.0
913,90,Salix',0,871,46,0,0,0,0,8.256596565246582,6.05750846862793,196.6476079029373,1.0472703047404601,883.1902979004383,4563.366032844553,0.0047934966634027645,20.634555339344804
913,90,Sassafras',0,0,0,0,0,0,0,0.0,0.0,0.0,0.0,0.0,0.0,0.0,0.0
913,90,Sequoia',0,0,0,0,0,0,0,0.0,0.0,0.0,0.0,0.0,0.0,0.0,0.0
913,90,Sequoiadendron',0,0,0,0,0,0,0,0.0,0.0,0.0,0.0,0.0,0.0,0.0,0.0
913,90,Sorbus',0,0,0,0,0,0,0,0.0,0.0,0.0,0.0,0.0,0.0,0.0,0.0
913,90,Taxodium',0,0,0,0,0,0,0,0.0,0.0,0.0,0.0,0.0,0.0,0.0,0.0
913,90,Taxus',0,0,0,0,0,0,0,0.0,0.0,0.0,0.0,0.0,0.0,0.0,0.0
913,90,Thuja',0,0,0,0,0,0,0,0.0,0.0,0.0,0.0,0.0,0.0,0.0,0.0
913,90,Tilia',0,0,0,0,0,0,0,0.0,0.0,0.0,0.0,0.0,0.0,0.0,0.0
913,90,Torreya',0,0,0,0,0,0,0,0.0,0.0,0.0,0.0,0.0,0.0,0.0,0.0
913,90,Tsuga',0,0,0,0,0,0,0,0.0,0.0,0.0,0.0,0.0,0.0,0.0,0.0
913,90,Ulmus',0,0,0,0,0,0,0,0.0,0.0,0.0,0.0,0.0,0.0,0.0,0.0
913,90,Umbellularia',0,52,0,0,0,0,0,7.8720550537109375,4.913683891296387,17.698192484378815,0.13016347217121688,140.4876894402504,2487.9833340137047,0.0005678354249596581,9.338621050619626
913,100,Abies',0,48,84,0,0,0,0,13.256019592285156,9.52953052520752,18.004520243406294,0.8156433948303219,613.2342932271957,7903.429899265715,0.0016228081711909595,19.909586351748366
913,100,Acer',0,121,0,0,0,0,0,10.969892501831055,6.832779407501221,32.024709949199156,0.09593201035221834,125.38201468765736,1293.4446626283445,0.0007396401903014591,7.807027208183892
913,100,Aesculus',0,0,0,0,0,0,0,0.0,0.0,0.0,0.0,0.0,0.0,0.0,0.0
913,100,Ailanthus',0,0,0,0,0,0,0,0.0,0.0,0.0,0.0,0.0,0.0,0.0,0.0
913,100,Alnus',0,2882,66,0,0,0,0,25.643104553222656,16.450469970703125,715.8198089505062,4.054841353133007,3745.536074826494,9012.750753071794,0.018628037373952206,39.29764417487324
913,100,Amelanchier',0,0,0,0,0,0,0,0.0,0.0,0.0,0.0,0.0,0.0,0.0,0.0
913,100,Arbutus',0,81,45,0,0,0,0,26.670166015625,16.89208221435547,52.26999810516834,0.9473944541829437,1459.8936760777235,17545.188715708922,0.003999219192833734,43.40247540383827
913,100,Asimina',0,0,0,0,0,0,0,0.0,0.0,0.0,0.0,0.0,0.0,0.0,0.0
913,100,Betula',0,0,0,0,0,0,0,0.0,0.0,0.0,0.0,0.0,0.0,0.0,0.0
913,100,Calocedrus',0,302,84,0,0,0,0,13.880988121032715,8.80205249786377,94.23450567424297,1.4542888683522768,1073.1383579677345,10070.434494850299,0.003745917040692474,29.37892009226529
913,100,Carpinus',0,0,0,0,0,0,0,0.0,0.0,0.0,0.0,0.0,0.0,0.0,0.0
913,100,Carya',0,0,0,0,0,0,0,0.0,0.0,0.0,0.0,0.0,0.0,0.0,0.0
913,100,Castanea',0,0,0,0,0,0,0,0.0,0.0,0.0,0.0,0.0,0.0,0.0,0.0
913,100,Catalpa',0,0,0,0,0,0,0,0.0,0.0,0.0,0.0,0.0,0.0,0.0,0.0
913,100,Celtis',0,0,0,0,0,0,0,0.0,0.0,0.0,0.0,0.0,0.0,0.0,0.0
913,100,Cercis',0,0,0,0,0,0,0,0.0,0.0,0.0,0.0,0.0,0.0,0.0,0.0
913,100,Cercocarpus',0,37,2,0,0,0,0,14.790714263916016,6.334578514099121,21.713393621444702,0.06333539922251621,151.92041747093202,2415.387479882246,0.0006512388317833318,10.28885608622488
913,100,Chamaecyparis',0,0,0,0,0,0,0,0.0,0.0,0.0,0.0,0.0,0.0,0.0,0.0
913,100,Chilopsis',0,0,0,0,0,0,0,0.0,0.0,0.0,0.0,0.0,0.0,0.0,0.0
913,100,Chrysolepis',0,80,64,0,0,0,0,15.855671882629395,9.48624324798584,35.68764165997505,0.9324097204983631,805.3016006410122,11327.400940727784,0.002305047238837629,28.767084761331713
913,100,Cladrastis',0,0,0,0,0,0,0,0.0,0.0,0.0,0.0,0.0,0.0,0.0,0.0
913,100,Comus',0,0,0,0,0,0,0,0.0,0.0,0.0,0.0,0.0,0.0,0.0,0.0
913,100,Cornus',0,0,0,0,0,0,0,0.0,0.0,0.0,0.0,0.0,0.0,0.0,0.0
913,100,Crataegus',0,0,0,0,0,0,0,0.0,0.0,0.0,0.0,0.0,0.0,0.0,0.0
913,100,Cupressus',0,0,0,0,0,0,0,0.0,0.0,0.0,0.0,0.0,0.0,0.0,0.0
913,100,Diospyros',0,0,0,0,0,0,0,0.0,0.0,0.0,0.0,0.0,0.0,0.0,0.0
913,100,Elaeagnus',0,0,0,0,0,0,0,0.0,0.0,0.0,0.0,0.0,0.0,0.0,0.0
913,100,Fagus',0,0,0,0,0,0,0,0.0,0.0,0.0,0.0,0.0,0.0,0.0,0.0
913,100,Fraxinus',0,36,0,0,0,0,0,3.430563449859619,2.952077627182007,12.962479962955545,0.02989765985026282,45.772836426496504,771.2271887517601,0.0002883195154862498,4.8525928841240615
913,100,Gleditsia',0,0,0,0,0,0,0,0.0,0.0,0.0,0.0,0.0,0.0,0.0,0.0
913,100,Gordonia',0,0,0,0,0,0,0,0.0,0.0,0.0,0.0,0.0,0.0,0.0,0.0
913,100,Gymnocladus',0,0,0,0,0,0,0,0.0,0.0,0.0,0.0,0.0,0.0,0.0,0.0
913,100,Halesia',0,0,0,0,0,0,0,0.0,0.0,0.0,0.0,0.0,0.0,0.0,0.0
913,100,Ilex',0,0,0,0,0,0,0,0.0,0.0,0.0,0.0,0.0,0.0,0.0,0.0
913,100,Juglans',0,0,0,0,0,0,0,0.0,0.0,0.0,0.0,0.0,0.0,0.0,0.0
913,100,Juniperus',0,28,46,5,0,0,0,32.168968200683594,9.811890602111816,72.36313842654228,1.5016606342707837,1406.8241633975506,15614.326691104157,0.00417152120945478,44.20191750772066
913,100,Larix',0,0,0,0,0,0,0,0.0,0.0,0.0,0.0,0.0,0.0,0.0,0.0
913,100,Liquidambar',0,0,0,0,0,0,0,0.0,0.0,0.0,0.0,0.0,0.0,0.0,0.0
913,100,Liriodendron',0,0,0,0,0,0,0,0.0,0.0,0.0,0.0,0.0,0.0,0.0,0.0
913,100,Lithocarpus',0,40,1,0,0,0,0,15.569644927978516,9.357499122619629,14.527730088233946,0.07255785312149028,127.43499680042267,2026.2454961304593,0.0004930338646521181,7.834448491615929
913,100,Maclura',0,0,0,0,0,0,0,0.0,0.0,0.0,0.0,0.0,0.0,0.0,0.0
913,100,Magnolia',0,0,0,0,0,0,0,0.0,0.0,0.0,0.0,0.0,0.0,0.0,0.0
913,100,Malus',0,0,0,0,0,0,0,0.0,0.0,0.0,0.0,0.0,0.0,0.0,0.0
913,100,Morus',0,0,0,0,0,0,0,0.0,0.0,0.0,0.0,0.0,0.0,0.0,0.0
913,100,Nyssa',0,0,0,0,0,0,0,0.0,0.0,0.0,0.0,0.0,0.0,0.0,0.0
913,100,Olneya',0,0,0,0,0,0,0,0.0,0.0,0.0,0.0,0.0,0.0,0.0,0.0
913,100,Ostrya',0,0,0,0,0,0,0,0.0,0.0,0.0,0.0,0.0,0.0,0.0,0.0
913,100,Oxydendron',0,0,0,0,0,0,0,0.0,0.0,0.0,0.0,0.0,0.0,0.0,0.0
913,100,Paulownia',0,0,0,0,0,0,0,0.0,0.0,0.0,0.0,0.0,0.0,0.0,0.0
913,100,Persea',0,0,0,0,0,0,0,0.0,0.0,0.0,0.0,0.0,0.0,0.0,0.0
913,100,Picea',0,0,0,0,0,0,0,0.0,0.0,0.0,0.0,0.0,0.0,0.0,0.0
913,100,Pinus',0,2979,1959,8,3,0,0,56.873111724853516,22.69331932067871,1553.4609433060884,34.448535403697946,32756.00498622045,69855.45173716306,0.09523000211401916,180.36992864791375
913,100,Planera',0,0,0,0,0,0,0,0.0,0.0,0.0,0.0,0.0,0.0,0.0,0.0
913,100,Platanus',0,0,0,0,0,0,0,0.0,0.0,0.0,0.0,0.0,0.0,0.0,0.0
913,100,Populus',0,844,0,0,0,0,0,7.466694355010986,3.717318058013916,237.9938335386635,0.43654464311069346,669.7666769874096,3009.588268620401,0.004914423837283866,22.989559041727546
913,100,Prosopis',0,0,0,0,0,0,0,0.0,0.0,0.0,0.0,0.0,0.0,0.0,0.0
913,100,Prunus',0,0,0,0,0,0,0,0.0,0.0,0.0,0.0,0.0,0.0,0.0,0.0
913,100,Pseudotsuga',0,0,0,0,0,0,0,0.0,0.0,0.0,0.0,0.0,0.0,0.0,0.0
913,100,Quercus',0,134,33,11,0,0,0,34.51974868774414,13.527406692504883,56.24849334029079,1.426969917012245,2008.2518496134878,25380.977518332875,0.0052249299820447325,59.29615353231049
913,100,Robinia',0,0,0,0,0,0,0,0.0,0.0,0.0,0.0,0.0,0.0,0.0,0.0
913,100,Salix',0,890,21,0,0,0,0,9.287904739379883,6.593441009521484,147.4121516278084,0.6003781542911819,583.3365107497573,3009.253372603588,0.003418383155256405,15.50203304728814
913,100,Sassafras',0,0,0,0,0,0,0,0.0,0.0,0.0,0.0,0.0,0.0,0.0,0.0
913,100,Sequoia',0,0,0,0,0,0,0,0.0,0.0,0.0,0.0,0.0,0.0,0.0,0.0
913,100,Sequoiadendron',0,0,0,0,0,0,0,0.0,0.0,0.0,0.0,0.0,0.0,0.0,0.0
913,100,Sorbus',0,0,0,0,0,0,0,0.0,0.0,0.0,0.0,0.0,0.0,0.0,0.0
913,100,Taxodium',0,0,0,0,0,0,0,0.0,0.0,0.0,0.0,0.0,0.0,0.0,0.0
913,100,Taxus',0,0,0,0,0,0,0,0.0,0.0,0.0,0.0,0.0,0.0,0.0,0.0
913,100,Thuja',0,0,0,0,0,0,0,0.0,0.0,0.0,0.0,0.0,0.0,0.0,0.0
913,100,Tilia',0,0,0,0,0,0,0,0.0,0.0,0.0,0.0,0.0,0.0,0.0,0.0
913,100,Torreya',0,0,0,0,0,0,0,0.0,0.0,0.0,0.0,0.0,0.0,0.0,0.0
913,100,Tsuga',0,0,0,0,0,0,0,0.0,0.0,0.0,0.0,0.0,0.0,0.0,0.0
913,100,Ulmus',0,0,0,0,0,0,0,0.0,0.0,0.0,0.0,0.0,0.0,0.0,0.0
913,100,Umbellularia',0,52,22,0,0,0,0,9.423013687133789,5.55470085144043,15.747108193039894,0.21375484154857088,206.24272278368474,3387.69091838085,0.0006857753771717337,10.347673614357777
913,110,Abies',0,66,0,0,0,0,0,20.175933837890625,13.007000923156738,18.386041686832904,0.05066878961552463,77.13008254677058,1307.9358191780013,0.00043697633913267984,7.167256555390336
913,110,Acer',0,190,0,0,0,0,0,4.326314449310303,3.2741951942443848,37.80209003417174,0.10389911981591618,147.11040650397538,1371.4844555485824,0.0008710940986783205,8.514188822528139
913,110,Aesculus',0,0,0,0,0,0,0,0.0,0.0,0.0,0.0,0.0,0.0,0.0,0.0
913,110,Ailanthus',0,0,0,0,0,0,0,0.0,0.0,0.0,0.0,0.0,0.0,0.0,0.0
913,110,Alnus',0,3240,75,0,0,0,0,19.516490936279297,13.59039306640625,774.1741438094479,4.752271792758735,4186.18924785465,9931.814188419226,0.020447309693760327,42.357879984694414
913,110,Amelanchier',0,0,0,0,0,0,0,0.0,0.0,0.0,0.0,0.0,0.0,0.0,0.0
913,110,Arbutus',0,97,52,0,0,0,0,18.790843963623047,13.224447250366211,46.913518557846544,1.0607380343833175,1568.3263529780506,19986.79194130915,0.004162809447774335,47.83707142279327
913,110,Asimina',0,0,0,0,0,0,0,0.0,0.0,0.0,0.0,0.0,0.0,0.0,0.0
913,110,Betula',0,0,0,0,0,0,0,0.0,0.0,0.0,0.0,0.0,0.0,0.0,0.0
913,110,Calocedrus',0,270,80,0,0,0,0,16.876909255981445,10.191930770874023,85.51827397823334,1.6102692645991408,1117.4049537539483,8420.359265013192,0.0037183860649807935,25.963831907659344
913,110,Carpinus',0,0,0,0,0,0,0,0.0,0.0,0.0,0.0,0.0,0.0,0.0,0.0
913,110,Carya',0,0,0,0,0,0,0,0.0,0.0,0.0,0.0,0.0,0.0,0.0,0.0
913,110,Castanea',0,0,0,0,0,0,0,0.0,0.0,0.0,0.0,0.0,0.0,0.0,0.0
913,110,Catalpa',0,0,0,0,0,0,0,0.0,0.0,0.0,0.0,0.0,0.0,0.0,0.0
913,110,Celtis',0,0,0,0,0,0,0,0.0,0.0,0.0,0.0,0.0,0.0,0.0,0.0
913,110,Cercis',0,0,0,0,0,0,0,0.0,0.0,0.0,0.0,0.0,0.0,0.0,0.0
913,110,Cercocarpus',0,37,2,0,0,0,0,22.062816619873047,7.855638027191162,29.65806592941284,0.1287957319792574,266.44232946395874,4277.198130165777,0.001020488345265394,16.138420876751226
913,110,Chamaecyparis',0,0,0,0,0,0,0,0.0,0.0,0.0,0.0,0.0,0.0,0.0,0.0
913,110,Chilopsis',0,0,0,0,0,0,0,0.0,0.0,0.0,0.0,0.0,0.0,0.0,0.0
913,110,Chrysolepis',0,81,104,0,0,0,0,16.94985008239746,9.972933769226074,52.93404154390097,1.2659227199389473,1118.895483133495,14052.556170087166,0.0032510371840246874,36.20457325973084
913,110,Cladrastis',0,0,0,0,0,0,0,0.0,0.0,0.0,0.0,0.0,0.0,0.0,0.0
913,110,Comus',0,0,0,0,0,0,0,0.0,0.0,0.0,0.0,0.0,0.0,0.0,0.0
913,110,Cornus',0,0,0,0,0,0,0,0.0,0.0,0.0,0.0,0.0,0.0,0.0,0.0
913,110,Crataegus',0,0,0,0,0,0,0,0.0,0.0,0.0,0.0,0.0,0.0,0.0,0.0
913,110,Cupressus',0,34,0,0,0,0,0,1.6852891445159912,1.9150705337524414,5.165985584259033,0.007637873902320216,20.493679256439208,458.25259926475223,0.00012016130144397315,2.686888382935689
913,110,Diospyros',0,0,0,0,0,0,0,0.0,0.0,0.0,0.0,0.0,0.0,0.0,0.0
913,110,Elaeagnus',0,0,0,0,0,0,0,0.0,0.0,0.0,0.0,0.0,0.0,0.0,0.0
913,110,Fagus',0,0,0,0,0,0,0,0.0,0.0,0.0,0.0,0.0,0.0,0.0,0.0
913,110,Fraxinus',0,38,0,0,0,0,0,6.143842697143555,4.173131942749023,9.582104840893532,0.06491448582163867,66.86033306568861,1096.5680146510053,0.0002865182411093262,4.828569331327001
913,110,Gleditsia',0,0,0,0,0,0,0,0.0,0.0,0.0,0.0,0.0,0.0,0.0,0.0
913,110,Gordonia',0,0,0,0,0,0,0,0.0,0.0,0.0,0.0,0.0,0.0,0.0,0.0
913,110,Gymnocladus',0,0,0,0,0,0,0,0.0,0.0,0.0,0.0,0.0,0.0,0.0,0.0
913,110,Halesia',0,0,0,0,0,0,0,0.0,0.0,0.0,0.0,0.0,0.0,0.0,0.0
913,110,Ilex',0,0,0,0,0,0,0,0.0,0.0,0.0,0.0,0.0,0.0,0.0,0.0
913,110,Juglans',0,0,0,0,0,0,0,0.0,0.0,0.0,0.0,0.0,0.0,0.0,0.0
913,110,Juniperus',0,23,46,5,0,0,0,35.0433349609375,10.317081451416016,81.02277607679366,1.8141593374605935,1715.2425879454613,19028.021107032877,0.004981979120402292,53.45507944202553
913,110,Larix',0,0,0,0,0,0,0,0.0,0.0,0.0,0.0,0.0,0.0,0.0,0.0
913,110,Liquidambar',0,0,0,0,0,0,0,0.0,0.0,0.0,0.0,0.0,0.0,0.0,0.0
913,110,Liriodendron',0,0,0,0,0,0,0,0.0,0.0,0.0,0.0,0.0,0.0,0.0,0.0
913,110,Lithocarpus',0,38,1,0,0,0,0,19.680248260498047,11.14815616607666,14.215412913560867,0.053377807596915725,121.32964543223382,2713.013348724213,0.00047495517768772027,10.620320635752307
913,110,Maclura',0,0,0,0,0,0,0,0.0,0.0,0.0,0.0,0.0,0.0,0.0,0.0
913,110,Magnolia',0,0,0,0,0,0,0,0.0,0.0,0.0,0.0,0.0,0.0,0.0,0.0
913,110,Malus',0,0,0,0,0,0,0,0.0,0.0,0.0,0.0,0.0,0.0,0.0,0.0
913,110,Morus',0,0,0,0,0,0,0,0.0,0.0,0.0,0.0,0.0,0.0,0.0,0.0
913,110,Nyssa',0,0,0,0,0,0,0,0.0,0.0,0.0,0.0,0.0,0.0,0.0,0.0
913,110,Olneya',0,0,0,0,0,0,0,0.0,0.0,0.0,0.0,0.0,0.0,0.0,0.0
913,110,Ostrya',0,0,0,0,0,0,0,0.0,0.0,0.0,0.0,0.0,0.0,0.0,0.0
913,110,Oxydendron',0,0,0,0,0,0,0,0.0,0.0,0.0,0.0,0.0,0.0,0.0,0.0
913,110,Paulownia',0,0,0,0,0,0,0,0.0,0.0,0.0,0.0,0.0,0.0,0.0,0.0
913,110,Persea',0,0,0,0,0,0,0,0.0,0.0,0.0,0.0,0.0,0.0,0.0,0.0
913,110,Picea',0,0,0,0,0,0,0,0.0,0.0,0.0,0.0,0.0,0.0,0.0,0.0
913,110,Pinus',0,3008,2102,8,3,0,0,60.366214752197266,23.4443359375,1649.0583025875687,37.2647879998662,35711.31498674542,77040.8609770484,0.10317820859589026,194.63186992608243
913,110,Planera',0,0,0,0,0,0,0,0.0,0.0,0.0,0.0,0.0,0.0,0.0,0.0
913,110,Platanus',0,0,0,0,0,0,0,0.0,0.0,0.0,0.0,0.0,0.0,0.0,0.0
913,110,Populus',0,776,2,0,0,0,0,9.47641658782959,4.328195571899414,275.6196156129995,0.5710171320599432,778.0960043051839,3265.5896266171726,0.00569679972495746,24.53563325580724
913,110,Prosopis',0,0,0,0,0,0,0,0.0,0.0,0.0,0.0,0.0,0.0,0.0,0.0
913,110,Prunus',0,0,0,0,0,0,0,0.0,0.0,0.0,0.0,0.0,0.0,0.0,0.0
913,110,Pseudotsuga',0,0,0,0,0,0,0,0.0,0.0,0.0,0.0,0.0,0.0,0.0,0.0
913,110,Quercus',0,108,26,11,0,0,0,36.73410415649414,14.121358871459961,51.91521745788145,1.5852052210677414,2301.5955036598443,29356.70156635831,0.005830873654047029,67.54298570286386
913,110,Robinia',0,0,0,0,0,0,0,0.0,0.0,0.0,0.0,0.0,0.0,0.0,0.0
913,110,Salix',0,690,6,0,0,0,0,8.802034378051758,6.342463493347168,156.11217350239238,0.7040869315759352,621.2153841280938,3023.1799706472316,0.0036278000874640465,17.24422809633523
913,110,Sassafras',0,0,0,0,0,0,0,0.0,0.0,0.0,0.0,0.0,0.0,0.0,0.0
913,110,Sequoia',0,0,0,0,0,0,0,0.0,0.0,0.0,0.0,0.0,0.0,0.0,0.0
913,110,Sequoiadendron',0,0,0,0,0,0,0,0.0,0.0,0.0,0.0,0.0,0.0,0.0,0.0
913,110,Sorbus',0,0,0,0,0,0,0,0.0,0.0,0.0,0.0,0.0,0.0,0.0,0.0
913,110,Taxodium',0,0,0,0,0,0,0,0.0,0.0,0.0,0.0,0.0,0.0,0.0,0.0
913,110,Taxus',0,0,0,0,0,0,0,0.0,0.0,0.0,0.0,0.0,0.0,0.0,0.0
913,110,Thuja',0,0,0,0,0,0,0,0.0,0.0,0.0,0.0,0.0,0.0,0.0,0.0
913,110,Tilia',0,0,0,0,0,0,0,0.0,0.0,0.0,0.0,0.0,0.0,0.0,0.0
913,110,Torreya',0,0,0,0,0,0,0,0.0,0.0,0.0,0.0,0.0,0.0,0.0,0.0
913,110,Tsuga',0,0,0,0,0,0,0,0.0,0.0,0.0,0.0,0.0,0.0,0.0,0.0
913,110,Ulmus',0,0,0,0,0,0,0,0.0,0.0,0.0,0.0,0.0,0.0,0.0,0.0
913,110,Umbellularia',0,41,0,0,0,0,0,3.74072265625,3.0953807830810547,16.145614601373673,0.03928568831382153,65.8521263039112,1041.1051624294848,0.0003795524969895679,6.001761814490434
913,120,Abies',0,156,0,0,0,0,0,28.50839614868164,16.5834903717041,37.80515432983637,0.16799247001831105,169.5408333030343,1711.2955760106818,0.000922831858848527,9.320417845738069
913,120,Acer',0,212,0,0,0,0,0,6.267210960388184,4.122498989105225,65.74139087637768,0.18749204700922842,242.1755671310425,1911.0483342794603,0.001484551771311095,11.507504413240316
913,120,Aesculus',0,0,0,0,0,0,0,0.0,0.0,0.0,0.0,0.0,0.0,0.0,0.0
913,120,Ailanthus',0,0,0,0,0,0,0,0.0,0.0,0.0,0.0,0.0,0.0,0.0,0.0
913,120,Alnus',0,3188,188,0,0,0,0,14.472122192382812,10.916862487792969,723.3665547512848,5.1242292752164404,4419.2010217800735,11728.815938790676,0.02023371009786987,43.01018683900285
913,120,Amelanchier',0,0,0,0,0,0,0,0.0,0.0,0.0,0.0,0.0,0.0,0.0,0.0
913,120,Arbutus',0,131,23,0,0,0,0,21.72933578491211,14.669721603393555,66.23570516824722,0.5686749452346503,925.0598428678513,10106.88832671425,0.0030124265778511835,28.685544063077067
913,120,Asimina',0,0,0,0,0,0,0,0.0,0.0,0.0,0.0,0.0,0.0,0.0,0.0
913,120,Betula',0,0,0,0,0,0,0,0.0,0.0,0.0,0.0,0.0,0.0,0.0,0.0
913,120,Calocedrus',0,92,174,0,0,0,0,19.47565460205078,11.338932037353516,71.99620391666889,1.8407417104594759,1304.5159371548891,11178.221051354809,0.003938869480651475,32.03291562562303
913,120,Carpinus',0,0,0,0,0,0,0,0.0,0.0,0.0,0.0,0.0,0.0,0.0,0.0
913,120,Carya',0,0,0,0,0,0,0,0.0,0.0,0.0,0.0,0.0,0.0,0.0,0.0
913,120,Castanea',0,0,0,0,0,0,0,0.0,0.0,0.0,0.0,0.0,0.0,0.0,0.0
913,120,Catalpa',0,0,0,0,0,0,0,0.0,0.0,0.0,0.0,0.0,0.0,0.0,0.0
913,120,Celtis',0,0,0,0,0,0,0,0.0,0.0,0.0,0.0,0.0,0.0,0.0,0.0
913,120,Cercis',0,0,0,0,0,0,0,0.0,0.0,0.0,0.0,0.0,0.0,0.0,0.0
913,120,Cercocarpus',0,98,0,2,0,0,0,28.81143569946289,8.899320602416992,40.972366673946375,0.2687191372806736,494.2492004084587,6471.428677880138,0.0016901546337095264,19.854361964106268
913,120,Chamaecyparis',0,0,0,0,0,0,0,0.0,0.0,0.0,0.0,0.0,0.0,0.0,0.0
913,120,Chilopsis',0,0,0,0,0,0,0,0.0,0.0,0.0,0.0,0.0,0.0,0.0,0.0
913,120,Chrysolepis',0,31,82,0,0,0,0,18.10890007019043,10.478572845458984,39.9882968711853,1.3124512963279618,1181.158012275696,15787.97973136669,0.003202404324317963,38.45017023158188
913,120,Cladrastis',0,0,0,0,0,0,0,0.0,0.0,0.0,0.0,0.0,0.0,0.0,0.0
913,120,Comus',0,0,0,0,0,0,0,0.0,0.0,0.0,0.0,0.0,0.0,0.0,0.0
913,120,Cornus',0,0,0,0,0,0,0,0.0,0.0,0.0,0.0,0.0,0.0,0.0,0.0
913,120,Crataegus',0,0,0,0,0,0,0,0.0,0.0,0.0,0.0,0.0,0.0,0.0,0.0
913,120,Cupressus',0,34,0,0,0,0,0,3.1170802116394043,2.424511194229126,12.812833051681517,0.026128807756845174,46.036426115036015,1029.4057823436756,0.0002873774229536395,6.425954529230476
913,120,Diospyros',0,0,0,0,0,0,0,0.0,0.0,0.0,0.0,0.0,0.0,0.0,0.0
913,120,Elaeagnus',0,0,0,0,0,0,0,0.0,0.0,0.0,0.0,0.0,0.0,0.0,0.0
913,120,Fagus',0,0,0,0,0,0,0,0.0,0.0,0.0,0.0,0.0,0.0,0.0,0.0
913,120,Fraxinus',0,30,13,0,0,0,0,9.047636985778809,5.401558876037598,10.990289097911193,0.1051876141354822,102.48184914290906,1783.6257783216354,0.00038594875710457944,6.123247567418181
913,120,Gleditsia',0,0,0,0,0,0,0,0.0,0.0,0.0,0.0,0.0,0.0,0.0,0.0
913,120,Gordonia',0,0,0,0,0,0,0,0.0,0.0,0.0,0.0,0.0,0.0,0.0,0.0
913,120,Gymnocladus',0,0,0,0,0,0,0,0.0,0.0,0.0,0.0,0.0,0.0,0.0,0.0
913,120,Halesia',0,0,0,0,0,0,0,0.0,0.0,0.0,0.0,0.0,0.0,0.0,0.0
913,120,Ilex',0,0,0,0,0,0,0,0.0,0.0,0.0,0.0,0.0,0.0,0.0,0.0
913,120,Juglans',0,0,0,0,0,0,0,0.0,0.0,0.0,0.0,0.0,0.0,0.0,0.0
913,120,Juniperus',0,47,34,5,0,0,0,37.6059455871582,10.741137504577637,101.5514600777626,1.6882021069072701,1699.1946103358268,21154.97555444637,0.005242842590174952,60.45731621353
913,120,Larix',0,0,0,0,0,0,0,0.0,0.0,0.0,0.0,0.0,0.0,0.0,0.0
913,120,Liquidambar',0,0,0,0,0,0,0,0.0,0.0,0.0,0.0,0.0,0.0,0.0,0.0
913,120,Liriodendron',0,0,0,0,0,0,0,0.0,0.0,0.0,0.0,0.0,0.0,0.0,0.0
913,120,Lithocarpus',0,0,1,0,0,0,0,24.852710723876953,13.228515625,11.321229171752929,0.06403410476841588,159.0679030609131,3556.866442825486,0.0005170130789279937,11.560763897394608
913,120,Maclura',0,0,0,0,0,0,0,0.0,0.0,0.0,0.0,0.0,0.0,0.0,0.0
913,120,Magnolia',0,0,0,0,0,0,0,0.0,0.0,0.0,0.0,0.0,0.0,0.0,0.0
913,120,Malus',0,0,0,0,0,0,0,0.0,0.0,0.0,0.0,0.0,0.0,0.0,0.0
913,120,Morus',0,0,0,0,0,0,0,0.0,0.0,0.0,0.0,0.0,0.0,0.0,0.0
913,120,Nyssa',0,0,0,0,0,0,0,0.0,0.0,0.0,0.0,0.0,0.0,0.0,0.0
913,120,Olneya',0,0,0,0,0,0,0,0.0,0.0,0.0,0.0,0.0,0.0,0.0,0.0
913,120,Ostrya',0,0,0,0,0,0,0,0.0,0.0,0.0,0.0,0.0,0.0,0.0,0.0
913,120,Oxydendron',0,0,0,0,0,0,0,0.0,0.0,0.0,0.0,0.0,0.0,0.0,0.0
913,120,Paulownia',0,0,0,0,0,0,0,0.0,0.0,0.0,0.0,0.0,0.0,0.0,0.0
913,120,Persea',0,0,0,0,0,0,0,0.0,0.0,0.0,0.0,0.0,0.0,0.0,0.0
913,120,Picea',0,0,0,0,0,0,0,0.0,0.0,0.0,0.0,0.0,0.0,0.0,0.0
913,120,Pinus',0,2863,2180,21,2,0,0,63.64158630371094,24.10865592956543,1699.5028440463543,38.96946943069586,37377.49516733706,83532.0032425577,0.1076094752148511,209.09133647072127
913,120,Planera',0,0,0,0,0,0,0,0.0,0.0,0.0,0.0,0.0,0.0,0.0,0.0
913,120,Platanus',0,0,0,0,0,0,0,0.0,0.0,0.0,0.0,0.0,0.0,0.0,0.0
913,120,Populus',0,503,10,0,0,0,0,9.40878677368164,4.307901859283447,151.69705511624863,0.31775356545160505,443.743136588186,2391.983771758174,0.0031698592388806892,17.557831587284262
913,120,Prosopis',0,0,0,0,0,0,0,0.0,0.0,0.0,0.0,0.0,0.0,0.0,0.0
913,120,Prunus',0,0,0,0,0,0,0,0.0,0.0,0.0,0.0,0.0,0.0,0.0,0.0
913,120,Pseudotsuga',0,0,0,0,0,0,0,0.0,0.0,0.0,0.0,0.0,0.0,0.0,0.0
913,120,Quercus',0,93,67,5,0,0,0,38.749568939208984,14.331722259521484,64.84764689791805,1.3648608828804951,1933.02432628572,26533.990601822483,0.005213187457220642,61.6144325615894
913,120,Robinia',0,0,0,0,0,0,0,0.0,0.0,0.0,0.0,0.0,0.0,0.0,0.0
913,120,Salix',0,947,33,0,0,0,0,12.545645713806152,8.208828926086426,166.27106949250813,0.9054980349959125,774.9058791872114,3984.2883538324213,0.00411557749701361,18.277528812671214
913,120,Sassafras',0,0,0,0,0,0,0,0.0,0.0,0.0,0.0,0.0,0.0,0.0,0.0
913,120,Sequoia',0,0,0,0,0,0,0,0.0,0.0,0.0,0.0,0.0,0.0,0.0,0.0
913,120,Sequoiadendron',0,0,0,0,0,0,0,0.0,0.0,0.0,0.0,0.0,0.0,0.0,0.0
913,120,Sorbus',0,0,0,0,0,0,0,0.0,0.0,0.0,0.0,0.0,0.0,0.0,0.0
913,120,Taxodium',0,0,0,0,0,0,0,0.0,0.0,0.0,0.0,0.0,0.0,0.0,0.0
913,120,Taxus',0,0,0,0,0,0,0,0.0,0.0,0.0,0.0,0.0,0.0,0.0,0.0
913,120,Thuja',0,0,0,0,0,0,0,0.0,0.0,0.0,0.0,0.0,0.0,0.0,0.0
913,120,Tilia',0,0,0,0,0,0,0,0.0,0.0,0.0,0.0,0.0,0.0,0.0,0.0
913,120,Torreya',0,0,0,0,0,0,0,0.0,0.0,0.0,0.0,0.0,0.0,0.0,0.0
913,120,Tsuga',0,0,0,0,0,0,0,0.0,0.0,0.0,0.0,0.0,0.0,0.0,0.0
913,120,Ulmus',0,0,0,0,0,0,0,0.0,0.0,0.0,0.0,0.0,0.0,0.0,0.0
913,120,Umbellularia',0,23,0,0,0,0,0,5.54052209854126,3.9078941345214844,8.966089099645615,0.05718813699764579,62.61730398535729,1400.1654827902762,0.00026865973612293597,6.007414327880401
913,130,Abies',0,191,0,0,0,0,0,31.863357543945312,17.85792350769043,41.476352598071095,0.4212851599072002,323.34839445769785,3001.546509437242,0.0013176548496962798,12.11906280483738
913,130,Acer',0,184,0,0,0,0,0,7.048798561096191,4.4577765464782715,60.922895507721954,0.2538161255358471,274.4469143533707,2246.0407317441254,0.0014869009591676424,11.879716375320406
913,130,Aesculus',0,0,0,0,0,0,0,0.0,0.0,0.0,0.0,0.0,0.0,0.0,0.0
913,130,Ailanthus',0,0,0,0,0,0,0,0.0,0.0,0.0,0.0,0.0,0.0,0.0,0.0
913,130,Alnus',0,3004,154,0,0,0,0,16.514554977416992,12.036478996276855,676.2701453913379,5.139653287720432,4394.163968431428,13131.407702562563,0.019500093266510057,44.73945197996216
913,130,Amelanchier',0,0,0,0,0,0,0,0.0,0.0,0.0,0.0,0.0,0.0,0.0,0.0
913,130,Arbutus',0,146,16,0,0,0,0,24.360204696655273,15.884147644042969,55.690767226517195,0.8792107842026485,1343.4951522007584,14053.621115583624,0.0037899669795655724,37.0195895173824
913,130,Asimina',0,0,0,0,0,0,0,0.0,0.0,0.0,0.0,0.0,0.0,0.0,0.0
913,130,Betula',0,0,0,0,0,0,0,0.0,0.0,0.0,0.0,0.0,0.0,0.0,0.0
913,130,Calocedrus',0,65,199,0,0,0,0,22.112207412719727,12.449624061584473,66.5038668948412,2.0601855337245967,1531.041496732831,13877.354262983048,0.004362925824324593,36.23177941844304
913,130,Carpinus',0,0,0,0,0,0,0,0.0,0.0,0.0,0.0,0.0,0.0,0.0,0.0
913,130,Carya',0,0,0,0,0,0,0,0.0,0.0,0.0,0.0,0.0,0.0,0.0,0.0
913,130,Castanea',0,0,0,0,0,0,0,0.0,0.0,0.0,0.0,0.0,0.0,0.0,0.0
913,130,Catalpa',0,0,0,0,0,0,0,0.0,0.0,0.0,0.0,0.0,0.0,0.0,0.0
913,130,Celtis',0,0,0,0,0,0,0,0.0,0.0,0.0,0.0,0.0,0.0,0.0,0.0
913,130,Cercis',0,0,0,0,0,0,0,0.0,0.0,0.0,0.0,0.0,0.0,0.0,0.0
913,130,Cercocarpus',0,72,0,2,0,0,0,34.87776565551758,9.611117362976074,28.755331165790558,0.31801810926965707,560.9267628979683,8676.882877528726,0.0016618586903388284,22.91010372433361
913,130,Chamaecyparis',0,0,0,0,0,0,0,0.0,0.0,0.0,0.0,0.0,0.0,0.0,0.0
913,130,Chilopsis',0,0,0,0,0,0,0,0.0,0.0,0.0,0.0,0.0,0.0,0.0,0.0
913,130,Chrysolepis',0,0,82,0,0,0,0,19.06414222717285,10.887778282165527,27.051508955955505,1.518724315346837,1390.12193253994,18650.13972238017,0.003479903923749904,45.30285473622314
913,130,Cladrastis',0,0,0,0,0,0,0,0.0,0.0,0.0,0.0,0.0,0.0,0.0,0.0
913,130,Comus',0,0,0,0,0,0,0,0.0,0.0,0.0,0.0,0.0,0.0,0.0,0.0
913,130,Cornus',0,0,0,0,0,0,0,0.0,0.0,0.0,0.0,0.0,0.0,0.0,0.0
913,130,Crataegus',0,0,0,0,0,0,0,0.0,0.0,0.0,0.0,0.0,0.0,0.0,0.0
913,130,Cupressus',0,0,0,0,0,0,0,0.0,0.0,0.0,0.0,0.0,0.0,0.0,0.0
913,130,Diospyros',0,0,0,0,0,0,0,0.0,0.0,0.0,0.0,0.0,0.0,0.0,0.0
913,130,Elaeagnus',0,0,0,0,0,0,0,0.0,0.0,0.0,0.0,0.0,0.0,0.0,0.0
913,130,Fagus',0,0,0,0,0,0,0,0.0,0.0,0.0,0.0,0.0,0.0,0.0,0.0
913,130,Fraxinus',0,0,0,0,0,0,0,0.0,0.0,0.0,0.0,0.0,0.0,0.0,0.0
913,130,Gleditsia',0,0,0,0,0,0,0,0.0,0.0,0.0,0.0,0.0,0.0,0.0,0.0
913,130,Gordonia',0,0,0,0,0,0,0,0.0,0.0,0.0,0.0,0.0,0.0,0.0,0.0
913,130,Gymnocladus',0,0,0,0,0,0,0,0.0,0.0,0.0,0.0,0.0,0.0,0.0,0.0
913,130,Halesia',0,0,0,0,0,0,0,0.0,0.0,0.0,0.0,0.0,0.0,0.0,0.0
913,130,Ilex',0,0,0,0,0,0,0,0.0,0.0,0.0,0.0,0.0,0.0,0.0,0.0
913,130,Juglans',0,0,0,0,0,0,0,0.0,0.0,0.0,0.0,0.0,0.0,0.0,0.0
913,130,Juniperus',0,97,34,5,0,0,0,39.91670227050781,11.103412628173828,93.99365932047367,2.029167186759551,2005.2613348799944,23735.73211391846,0.005813822438676529,62.34154473517801
913,130,Larix',0,0,0,0,0,0,0,0.0,0.0,0.0,0.0,0.0,0.0,0.0,0.0
913,130,Liquidambar',0,0,0,0,0,0,0,0.0,0.0,0.0,0.0,0.0,0.0,0.0,0.0
913,130,Liriodendron',0,0,0,0,0,0,0,0.0,0.0,0.0,0.0,0.0,0.0,0.0,0.0
913,130,Lithocarpus',0,113,0,1,0,0,0,30.224416732788086,15.201523780822754,31.727397485375402,0.1447939379973155,304.5895545321703,4796.73452557266,0.0011351503316191908,15.13762483056632
913,130,Maclura',0,0,0,0,0,0,0,0.0,0.0,0.0,0.0,0.0,0.0,0.0,0.0
913,130,Magnolia',0,0,0,0,0,0,0,0.0,0.0,0.0,0.0,0.0,0.0,0.0,0.0
913,130,Malus',0,0,0,0,0,0,0,0.0,0.0,0.0,0.0,0.0,0.0,0.0,0.0
913,130,Morus',0,0,0,0,0,0,0,0.0,0.0,0.0,0.0,0.0,0.0,0.0,0.0
913,130,Nyssa',0,0,0,0,0,0,0,0.0,0.0,0.0,0.0,0.0,0.0,0.0,0.0
913,130,Olneya',0,0,0,0,0,0,0,0.0,0.0,0.0,0.0,0.0,0.0,0.0,0.0
913,130,Ostrya',0,0,0,0,0,0,0,0.0,0.0,0.0,0.0,0.0,0.0,0.0,0.0
913,130,Oxydendron',0,0,0,0,0,0,0,0.0,0.0,0.0,0.0,0.0,0.0,0.0,0.0
913,130,Paulownia',0,0,0,0,0,0,0,0.0,0.0,0.0,0.0,0.0,0.0,0.0,0.0
913,130,Persea',0,0,0,0,0,0,0,0.0,0.0,0.0,0.0,0.0,0.0,0.0,0.0
913,130,Picea',0,0,0,0,0,0,0,0.0,0.0,0.0,0.0,0.0,0.0,0.0,0.0
913,130,Pinus',0,3134,2050,43,2,0,0,66.79696655273438,24.714153289794922,1822.3273417352138,43.18978879419601,41715.804488440604,91293.88509784182,0.11902429435965353,230.51455966554738
913,130,Planera',0,0,0,0,0,0,0,0.0,0.0,0.0,0.0,0.0,0.0,0.0,0.0
913,130,Platanus',0,0,0,0,0,0,0,0.0,0.0,0.0,0.0,0.0,0.0,0.0,0.0
913,130,Populus',0,502,25,0,0,0,0,15.4227876663208,6.043389797210693,157.3292078865291,0.5393769662904686,593.6868540140987,3272.635732722826,0.0035841454699789264,18.653828995831873
913,130,Prosopis',0,0,0,0,0,0,0,0.0,0.0,0.0,0.0,0.0,0.0,0.0,0.0
913,130,Prunus',0,0,0,0,0,0,0,0.0,0.0,0.0,0.0,0.0,0.0,0.0,0.0
913,130,Pseudotsuga',0,0,0,0,0,0,0,0.0,0.0,0.0,0.0,0.0,0.0,0.0,0.0
913,130,Quercus',0,64,44,5,0,0,0,40.68809127807617,14.735856056213379,47.08706944143469,1.4281518895600556,2090.124563308358,30220.753361518615,0.005294375789973901,69.89064481038841
913,130,Robinia',0,0,0,0,0,0,0,0.0,0.0,0.0,0.0,0.0,0.0,0.0,0.0
913,130,Salix',0,680,0,0,0,0,0,6.337675094604492,5.027444839477539,106.49512739592714,0.4813385860372931,434.85288667678833,2406.606541549,0.002499396277013466,12.810282072264616
913,130,Sassafras',0,0,0,0,0,0,0,0.0,0.0,0.0,0.0,0.0,0.0,0.0,0.0
913,130,Sequoia',0,0,0,0,0,0,0,0.0,0.0,0.0,0.0,0.0,0.0,0.0,0.0
913,130,Sequoiadendron',0,0,0,0,0,0,0,0.0,0.0,0.0,0.0,0.0,0.0,0.0,0.0
913,130,Sorbus',0,0,0,0,0,0,0,0.0,0.0,0.0,0.0,0.0,0.0,0.0,0.0
913,130,Taxodium',0,0,0,0,0,0,0,0.0,0.0,0.0,0.0,0.0,0.0,0.0,0.0
913,130,Taxus',0,0,0,0,0,0,0,0.0,0.0,0.0,0.0,0.0,0.0,0.0,0.0
913,130,Thuja',0,0,0,0,0,0,0,0.0,0.0,0.0,0.0,0.0,0.0,0.0,0.0
913,130,Tilia',0,0,0,0,0,0,0,0.0,0.0,0.0,0.0,0.0,0.0,0.0,0.0
913,130,Torreya',0,0,0,0,0,0,0,0.0,0.0,0.0,0.0,0.0,0.0,0.0,0.0
913,130,Tsuga',0,0,0,0,0,0,0,0.0,0.0,0.0,0.0,0.0,0.0,0.0,0.0
913,130,Ulmus',0,0,0,0,0,0,0,0.0,0.0,0.0,0.0,0.0,0.0,0.0,0.0
913,130,Umbellularia',0,74,0,0,0,0,0,7.450549125671387,4.735656261444092,10.302133302688597,0.11172383986648658,115.44157887578011,2182.3811108129353,0.0004053454287411483,7.432234452209958
913,140,Abies',0,188,19,0,0,0,0,33.9768180847168,18.616430282592773,50.88521164834499,0.7691688677276551,569.7927297395468,4942.167257081211,0.0020012146703452,16.944958496958126
913,140,Acer',0,235,8,0,0,0,0,9.730199813842773,5.581070899963379,66.12470825167395,0.27631907427698454,310.6143659800291,2420.4623937279785,0.0016421560586164727,12.483488263470957
913,140,Aesculus',0,0,0,0,0,0,0,0.0,0.0,0.0,0.0,0.0,0.0,0.0,0.0
913,140,Ailanthus',0,0,0,0,0,0,0,0.0,0.0,0.0,0.0,0.0,0.0,0.0,0.0
913,140,Alnus',0,2993,176,0,0,0,0,18.32373809814453,12.985666275024414,706.8991583263901,5.0478886942855095,4409.474991509393,14321.499867369308,0.01997503938619559,46.96693673698416
913,140,Amelanchier',0,0,0,0,0,0,0,0.0,0.0,0.0,0.0,0.0,0.0,0.0,0.0
913,140,Arbutus',0,85,29,0,0,0,0,26.75119972229004,16.92648696899414,46.365164730548855,0.8810024508630845,1465.1498021054267,16901.72906531168,0.003925607452279885,41.7662362706783
913,140,Asimina',0,0,0,0,0,0,0,0.0,0.0,0.0,0.0,0.0,0.0,0.0,0.0
913,140,Betula',0,0,0,0,0,0,0,0.0,0.0,0.0,0.0,0.0,0.0,0.0,0.0
913,140,Calocedrus',0,89,132,0,0,0,0,25.93882942199707,13.971660614013672,65.64546639204025,1.8800098784379742,1500.6358965301513,14738.126524869243,0.00428295881344194,38.338145747410685
913,140,Carpinus',0,0,0,0,0,0,0,0.0,0.0,0.0,0.0,0.0,0.0,0.0,0.0
913,140,Carya',0,0,0,0,0,0,0,0.0,0.0,0.0,0.0,0.0,0.0,0.0,0.0
913,140,Castanea',0,0,0,0,0,0,0,0.0,0.0,0.0,0.0,0.0,0.0,0.0,0.0
913,140,Catalpa',0,0,0,0,0,0,0,0.0,0.0,0.0,0.0,0.0,0.0,0.0,0.0
913,140,Celtis',0,0,0,0,0,0,0,0.0,0.0,0.0,0.0,0.0,0.0,0.0,0.0
913,140,Cercis',0,0,0,0,0,0,0,0.0,0.0,0.0,0.0,0.0,0.0,0.0,0.0
913,140,Cercocarpus',0,59,12,2,0,0,0,40.703826904296875,10.140403747558594,40.875114160776135,0.5077081637919907,876.4883019125461,12666.799120545513,0.002538170142198607,33.71771042965172
913,140,Chamaecyparis',0,0,0,0,0,0,0,0.0,0.0,0.0,0.0,0.0,0.0,0.0,0.0
913,140,Chilopsis',0,0,0,0,0,0,0,0.0,0.0,0.0,0.0,0.0,0.0,0.0,0.0
913,140,Chrysolepis',0,24,55,0,0,0,0,20.736007690429688,11.587965965270996,27.942788496017453,1.0012554030118652,923.1359056758881,12188.459617718363,0.0024550312184194864,31.671467641221618
913,140,Cladrastis',0,0,0,0,0,0,0,0.0,0.0,0.0,0.0,0.0,0.0,0.0,0.0
913,140,Comus',0,0,0,0,0,0,0,0.0,0.0,0.0,0.0,0.0,0.0,0.0,0.0
913,140,Cornus',0,0,0,0,0,0,0,0.0,0.0,0.0,0.0,0.0,0.0,0.0,0.0
913,140,Crataegus',0,0,0,0,0,0,0,0.0,0.0,0.0,0.0,0.0,0.0,0.0,0.0
913,140,Cupressus',0,0,0,0,0,0,0,0.0,0.0,0.0,0.0,0.0,0.0,0.0,0.0
913,140,Diospyros',0,0,0,0,0,0,0,0.0,0.0,0.0,0.0,0.0,0.0,0.0,0.0
913,140,Elaeagnus',0,0,0,0,0,0,0,0.0,0.0,0.0,0.0,0.0,0.0,0.0,0.0
913,140,Fagus',0,0,0,0,0,0,0,0.0,0.0,0.0,0.0,0.0,0.0,0.0,0.0
913,140,Fraxinus',0,0,0,0,0,0,0,0.0,0.0,0.0,0.0,0.0,0.0,0.0,0.0
913,140,Gleditsia',0,0,0,0,0,0,0,0.0,0.0,0.0,0.0,0.0,0.0,0.0,0.0
913,140,Gordonia',0,0,0,0,0,0,0,0.0,0.0,0.0,0.0,0.0,0.0,0.0,0.0
913,140,Gymnocladus',0,0,0,0,0,0,0,0.0,0.0,0.0,0.0,0.0,0.0,0.0,0.0
913,140,Halesia',0,0,0,0,0,0,0,0.0,0.0,0.0,0.0,0.0,0.0,0.0,0.0
913,140,Ilex',0,0,0,0,0,0,0,0.0,0.0,0.0,0.0,0.0,0.0,0.0,0.0
913,140,Juglans',0,0,0,0,0,0,0,0.0,0.0,0.0,0.0,0.0,0.0,0.0,0.0
913,140,Juniperus',0,104,36,5,0,0,0,42.283447265625,11.455730438232422,125.37027465581893,2.2834805027469005,2338.423343837261,27141.100198576238,0.007007400387940307,73.03392914774514
913,140,Larix',0,0,0,0,0,0,0,0.0,0.0,0.0,0.0,0.0,0.0,0.0,0.0
913,140,Liquidambar',0,0,0,0,0,0,0,0.0,0.0,0.0,0.0,0.0,0.0,0.0,0.0
913,140,Liriodendron',0,0,0,0,0,0,0,0.0,0.0,0.0,0.0,0.0,0.0,0.0,0.0
913,140,Lithocarpus',0,145,0,1,0,0,0,35.101806640625,16.841527938842773,36.32290133714676,0.283332716129459,474.6592099428177,6590.076504042155,0.0015794623761782496,19.266521667336573
913,140,Maclura',0,0,0,0,0,0,0,0.0,0.0,0.0,0.0,0.0,0.0,0.0,0.0
913,140,Magnolia',0,0,0,0,0,0,0,0.0,0.0,0.0,0.0,0.0,0.0,0.0,0.0
913,140,Malus',0,0,0,0,0,0,0,0.0,0.0,0.0,0.0,0.0,0.0,0.0,0.0
913,140,Morus',0,0,0,0,0,0,0,0.0,0.0,0.0,0.0,0.0,0.0,0.0,0.0
913,140,Nyssa',0,0,0,0,0,0,0,0.0,0.0,0.0,0.0,0.0,0.0,0.0,0.0
913,140,Olneya',0,0,0,0,0,0,0,0.0,0.0,0.0,0.0,0.0,0.0,0.0,0.0
913,140,Ostrya',0,0,0,0,0,0,0,0.0,0.0,0.0,0.0,0.0,0.0,0.0,0.0
913,140,Oxydendron',0,0,0,0,0,0,0,0.0,0.0,0.0,0.0,0.0,0.0,0.0,0.0
913,140,Paulownia',0,0,0,0,0,0,0,0.0,0.0,0.0,0.0,0.0,0.0,0.0,0.0
913,140,Persea',0,0,0,0,0,0,0,0.0,0.0,0.0,0.0,0.0,0.0,0.0,0.0
913,140,Picea',0,0,0,0,0,0,0,0.0,0.0,0.0,0.0,0.0,0.0,0.0,0.0
913,140,Pinus',0,3244,2160,47,1,2,0,69.693359375,25.24172019958496,1908.2293657151608,46.45271546268133,45544.89664713063,99642.89713090559,0.12877419468754295,245.66392346927302
913,140,Planera',0,0,0,0,0,0,0,0.0,0.0,0.0,0.0,0.0,0.0,0.0,0.0
913,140,Platanus',0,0,0,0,0,0,0,0.0,0.0,0.0,0.0,0.0,0.0,0.0,0.0
913,140,Populus',0,563,15,0,0,0,0,20.51177215576172,7.407848834991455,189.75520311465746,0.7563957165033177,770.2208830583096,4863.470744348805,0.004443233523536014,22.272350059298315
913,140,Prosopis',0,0,0,0,0,0,0,0.0,0.0,0.0,0.0,0.0,0.0,0.0,0.0
913,140,Prunus',0,0,0,0,0,0,0,0.0,0.0,0.0,0.0,0.0,0.0,0.0,0.0
913,140,Pseudotsuga',0,0,0,0,0,0,0,0.0,0.0,0.0,0.0,0.0,0.0,0.0,0.0
913,140,Quercus',0,71,5,5,0,0,0,42.4223518371582,15.08306884765625,20.018802973194212,1.1473066563315288,1928.38525847286,32872.047212742415,0.004562225093672985,74.2460016787142
913,140,Robinia',0,0,0,0,0,0,0,0.0,0.0,0.0,0.0,0.0,0.0,0.0,0.0
913,140,Salix',0,601,0,0,0,0,0,7.961838245391846,5.902091026306152,123.89294415311532,0.5513699670731841,495.7434054808319,2567.7004499731356,0.0028851597619152115,14.110986483899763
913,140,Sassafras',0,0,0,0,0,0,0,0.0,0.0,0.0,0.0,0.0,0.0,0.0,0.0
913,140,Sequoia',0,0,0,0,0,0,0,0.0,0.0,0.0,0.0,0.0,0.0,0.0,0.0
913,140,Sequoiadendron',0,0,0,0,0,0,0,0.0,0.0,0.0,0.0,0.0,0.0,0.0,0.0
913,140,Sorbus',0,0,0,0,0,0,0,0.0,0.0,0.0,0.0,0.0,0.0,0.0,0.0
913,140,Taxodium',0,0,0,0,0,0,0,0.0,0.0,0.0,0.0,0.0,0.0,0.0,0.0
913,140,Taxus',0,0,0,0,0,0,0,0.0,0.0,0.0,0.0,0.0,0.0,0.0,0.0
913,140,Thuja',0,0,0,0,0,0,0,0.0,0.0,0.0,0.0,0.0,0.0,0.0,0.0
913,140,Tilia',0,0,0,0,0,0,0,0.0,0.0,0.0,0.0,0.0,0.0,0.0,0.0
913,140,Torreya',0,0,0,0,0,0,0,0.0,0.0,0.0,0.0,0.0,0.0,0.0,0.0
913,140,Tsuga',0,0,0,0,0,0,0,0.0,0.0,0.0,0.0,0.0,0.0,0.0,0.0
913,140,Ulmus',0,0,0,0,0,0,0,0.0,0.0,0.0,0.0,0.0,0.0,0.0,0.0
913,140,Umbellularia',0,10,23,0,0,0,0,8.95932674407959,5.365346908569336,13.305734174251556,0.19474403482806354,185.2439477324486,3164.2189003101953,0.0006038471452444825,9.722441519210971
913,150,Abies',0,80,116,0,0,0,0,43.35237121582031,21.608016967773438,42.37226611375809,1.0058323069851258,737.1343554997444,6551.859373951287,0.0022501201834529637,19.40000354009118
913,150,Acer',0,186,10,0,0,0,0,12.501424789428711,7.194169044494629,45.463361487358426,0.2886567904436622,295.9126473617554,2882.1261186409347,0.0013120540092512907,12.332690968594722
913,150,Aesculus',0,0,0,0,0,0,0,0.0,0.0,0.0,0.0,0.0,0.0,0.0,0.0
913,150,Ailanthus',0,0,0,0,0,0,0,0.0,0.0,0.0,0.0,0.0,0.0,0.0,0.0
913,150,Alnus',0,2897,148,0,0,0,0,24.79762840270996,16.079105377197266,656.8989594607272,4.630067602506096,3984.082083737329,11130.755663446134,0.01830994129518849,40.83566164284578
913,150,Amelanchier',0,0,0,0,0,0,0,0.0,0.0,0.0,0.0,0.0,0.0,0.0,0.0
913,150,Arbutus',0,69,38,7,0,0,0,29.024181365966797,17.866125106811523,72.12187673091888,1.2882443225848594,2172.4035156679156,22033.23567973712,0.005869323784239588,54.59602542656854
913,150,Asimina',0,0,0,0,0,0,0,0.0,0.0,0.0,0.0,0.0,0.0,0.0,0.0
913,150,Betula',0,0,0,0,0,0,0,0.0,0.0,0.0,0.0,0.0,0.0,0.0,0.0
913,150,Calocedrus',0,136,97,1,0,0,0,33.04676818847656,16.53778076171875,66.65708582818507,1.7924784265873686,1517.133291633725,16055.861757667648,0.004334231900673368,41.166516490601694
913,150,Carpinus',0,0,0,0,0,0,0,0.0,0.0,0.0,0.0,0.0,0.0,0.0,0.0
913,150,Carya',0,0,0,0,0,0,0,0.0,0.0,0.0,0.0,0.0,0.0,0.0,0.0
913,150,Castanea',0,0,0,0,0,0,0,0.0,0.0,0.0,0.0,0.0,0.0,0.0,0.0
913,150,Catalpa',0,0,0,0,0,0,0,0.0,0.0,0.0,0.0,0.0,0.0,0.0,0.0
913,150,Celtis',0,0,0,0,0,0,0,0.0,0.0,0.0,0.0,0.0,0.0,0.0,0.0
913,150,Cercis',0,0,0,0,0,0,0,0.0,0.0,0.0,0.0,0.0,0.0,0.0,0.0
913,150,Cercocarpus',0,37,34,0,0,0,0,12.080649375915527,5.634525775909424,27.774488571882248,0.3075670619353377,460.7701389634609,6621.52116784437,0.0014251207113862038,19.640285400928242
913,150,Chamaecyparis',0,0,0,0,0,0,0,0.0,0.0,0.0,0.0,0.0,0.0,0.0,0.0
913,150,Chilopsis',0,0,0,0,0,0,0,0.0,0.0,0.0,0.0,0.0,0.0,0.0,0.0
913,150,Chrysolepis',0,32,24,0,0,0,0,23.459022521972656,12.686089515686035,28.317533893585203,0.6875253422266181,715.1743140983582,10858.17633534905,0.001998307263920703,28.738205887033537
913,150,Cladrastis',0,0,0,0,0,0,0,0.0,0.0,0.0,0.0,0.0,0.0,0.0,0.0
913,150,Comus',0,0,0,0,0,0,0,0.0,0.0,0.0,0.0,0.0,0.0,0.0,0.0
913,150,Cornus',0,32,0,0,0,0,0,3.3976712226867676,3.5755844116210938,4.070476522268374,0.029049930150072307,34.07831823259592,762.0143612695483,0.00013432636327296663,3.003628794486853
913,150,Crataegus',0,0,0,0,0,0,0,0.0,0.0,0.0,0.0,0.0,0.0,0.0,0.0
913,150,Cupressus',0,0,0,0,0,0,0,0.0,0.0,0.0,0.0,0.0,0.0,0.0,0.0
913,150,Diospyros',0,0,0,0,0,0,0,0.0,0.0,0.0,0.0,0.0,0.0,0.0,0.0
913,150,Elaeagnus',0,0,0,0,0,0,0,0.0,0.0,0.0,0.0,0.0,0.0,0.0,0.0
913,150,Fagus',0,0,0,0,0,0,0,0.0,0.0,0.0,0.0,0.0,0.0,0.0,0.0
913,150,Fraxinus',0,0,0,0,0,0,0,0.0,0.0,0.0,0.0,0.0,0.0,0.0,0.0
913,150,Gleditsia',0,0,0,0,0,0,0,0.0,0.0,0.0,0.0,0.0,0.0,0.0,0.0
913,150,Gordonia',0,0,0,0,0,0,0,0.0,0.0,0.0,0.0,0.0,0.0,0.0,0.0
913,150,Gymnocladus',0,0,0,0,0,0,0,0.0,0.0,0.0,0.0,0.0,0.0,0.0,0.0
913,150,Halesia',0,0,0,0,0,0,0,0.0,0.0,0.0,0.0,0.0,0.0,0.0,0.0
913,150,Ilex',0,0,0,0,0,0,0,0.0,0.0,0.0,0.0,0.0,0.0,0.0,0.0
913,150,Juglans',0,0,0,0,0,0,0,0.0,0.0,0.0,0.0,0.0,0.0,0.0,0.0
913,150,Juniperus',0,95,36,5,0,0,0,44.36391830444336,11.750536918640137,105.24737094864248,2.4982886798121173,2520.0508607964216,29998.20000250086,0.007120352869050112,76.32317078108285
913,150,Larix',0,0,0,0,0,0,0,0.0,0.0,0.0,0.0,0.0,0.0,0.0,0.0
913,150,Liquidambar',0,0,0,0,0,0,0,0.0,0.0,0.0,0.0,0.0,0.0,0.0,0.0
913,150,Liriodendron',0,0,0,0,0,0,0,0.0,0.0,0.0,0.0,0.0,0.0,0.0,0.0
913,150,Lithocarpus',0,40,0,1,0,0,0,39.726219177246094,18.27425765991211,11.837753760814666,0.2361800479449925,426.3576460719109,8101.410009920187,0.0011184511632223936,21.001930654202834
913,150,Maclura',0,0,0,0,0,0,0,0.0,0.0,0.0,0.0,0.0,0.0,0.0,0.0
913,150,Magnolia',0,0,0,0,0,0,0,0.0,0.0,0.0,0.0,0.0,0.0,0.0,0.0
913,150,Malus',0,0,0,0,0,0,0,0.0,0.0,0.0,0.0,0.0,0.0,0.0,0.0
913,150,Morus',0,0,0,0,0,0,0,0.0,0.0,0.0,0.0,0.0,0.0,0.0,0.0
913,150,Nyssa',0,0,0,0,0,0,0,0.0,0.0,0.0,0.0,0.0,0.0,0.0,0.0
913,150,Olneya',0,0,0,0,0,0,0,0.0,0.0,0.0,0.0,0.0,0.0,0.0,0.0
913,150,Ostrya',0,0,0,0,0,0,0,0.0,0.0,0.0,0.0,0.0,0.0,0.0,0.0
913,150,Oxydendron',0,0,0,0,0,0,0,0.0,0.0,0.0,0.0,0.0,0.0,0.0,0.0
913,150,Paulownia',0,0,0,0,0,0,0,0.0,0.0,0.0,0.0,0.0,0.0,0.0,0.0
913,150,Persea',0,0,0,0,0,0,0,0.0,0.0,0.0,0.0,0.0,0.0,0.0,0.0
913,150,Picea',0,0,0,0,0,0,0,0.0,0.0,0.0,0.0,0.0,0.0,0.0,0.0
913,150,Pinus',0,3268,2383,88,1,2,0,72.20856475830078,25.67898178100586,1979.7117967009544,49.863562197219814,49174.31229372859,106908.27234520216,0.13787208596035222,261.363265787299
913,150,Planera',0,0,0,0,0,0,0,0.0,0.0,0.0,0.0,0.0,0.0,0.0,0.0
913,150,Platanus',0,0,0,0,0,0,0,0.0,0.0,0.0,0.0,0.0,0.0,0.0,0.0
913,150,Populus',0,603,20,0,0,0,0,24.846742630004883,8.499842643737793,191.29140633665304,0.8180454584042157,841.0455947422981,6416.529087482412,0.004622736269498484,24.918331690162773
913,150,Prosopis',0,0,0,0,0,0,0,0.0,0.0,0.0,0.0,0.0,0.0,0.0,0.0
913,150,Prunus',0,0,0,0,0,0,0,0.0,0.0,0.0,0.0,0.0,0.0,0.0,0.0
913,150,Pseudotsuga',0,0,0,0,0,0,0,0.0,0.0,0.0,0.0,0.0,0.0,0.0,0.0
913,150,Quercus',0,58,25,10,0,0,0,44.19309997558594,15.424162864685059,46.86147553634039,1.4033571437088053,2332.2604774546626,36830.48819061011,0.005767024278417227,83.90974257168757
913,150,Robinia',0,0,0,0,0,0,0,0.0,0.0,0.0,0.0,0.0,0.0,0.0,0.0
913,150,Salix',0,683,28,0,0,0,0,9.487645149230957,6.69584321975708,161.4908962534104,0.9941018047542374,792.2537481896579,4515.925126595815,0.0040853150526562135,19.842597083121834
913,150,Sassafras',0,0,0,0,0,0,0,0.0,0.0,0.0,0.0,0.0,0.0,0.0,0.0
913,150,Sequoia',0,0,0,0,0,0,0,0.0,0.0,0.0,0.0,0.0,0.0,0.0,0.0
913,150,Sequoiadendron',0,0,0,0,0,0,0,0.0,0.0,0.0,0.0,0.0,0.0,0.0,0.0
913,150,Sorbus',0,0,0,0,0,0,0,0.0,0.0,0.0,0.0,0.0,0.0,0.0,0.0
913,150,Taxodium',0,0,0,0,0,0,0,0.0,0.0,0.0,0.0,0.0,0.0,0.0,0.0
913,150,Taxus',0,0,0,0,0,0,0,0.0,0.0,0.0,0.0,0.0,0.0,0.0,0.0
913,150,Thuja',0,0,0,0,0,0,0,0.0,0.0,0.0,0.0,0.0,0.0,0.0,0.0
913,150,Tilia',0,0,0,0,0,0,0,0.0,0.0,0.0,0.0,0.0,0.0,0.0,0.0
913,150,Torreya',0,0,0,0,0,0,0,0.0,0.0,0.0,0.0,0.0,0.0,0.0,0.0
913,150,Tsuga',0,0,0,0,0,0,0,0.0,0.0,0.0,0.0,0.0,0.0,0.0,0.0
913,150,Ulmus',0,0,0,0,0,0,0,0.0,0.0,0.0,0.0,0.0,0.0,0.0,0.0
913,150,Umbellularia',0,0,10,0,0,0,0,10.3071928024292,5.9104533195495605,10.323149242401122,0.08811190670637319,97.6847578239441,2184.2975885994438,0.00036618939900398437,8.188243888127069
913,160,Abies',0,87,130,0,0,0,0,55.197357177734375,24.644275665283203,49.200660259127616,1.1625444556503033,897.3324908655882,8072.927337845711,0.0027047483860862913,22.776922546782465
913,160,Acer',0,274,8,0,0,0,0,14.935757637023926,7.647254943847656,60.383655677867836,0.34813262600235023,363.24278087615966,3404.3712571767346,0.0016764624442299869,12.98639956819866
913,160,Aesculus',0,0,0,0,0,0,0,0.0,0.0,0.0,0.0,0.0,0.0,0.0,0.0
913,160,Ailanthus',0,0,0,0,0,0,0,0.0,0.0,0.0,0.0,0.0,0.0,0.0,0.0
913,160,Alnus',0,3024,262,0,0,0,0,37.613990783691406,21.0086669921875,672.9927838662096,5.661883191796763,4692.953771060855,13311.516672305657,0.02011689113754083,44.34567736567399
913,160,Amelanchier',0,0,0,0,0,0,0,0.0,0.0,0.0,0.0,0.0,0.0,0.0,0.0
913,160,Arbutus',0,73,71,7,0,0,0,33.45654296875,19.56429672241211,69.36232231378555,1.6703322178456554,2852.0974482876063,27255.248519336812,0.007339894381013484,65.8980037804102
913,160,Asimina',0,0,0,0,0,0,0,0.0,0.0,0.0,0.0,0.0,0.0,0.0,0.0
913,160,Betula',0,0,0,0,0,0,0,0.0,0.0,0.0,0.0,0.0,0.0,0.0,0.0
913,160,Calocedrus',0,195,86,12,0,0,0,39.703094482421875,18.66351318359375,79.54850057959557,2.0308892921633572,1792.387056312263,18736.78180653826,0.005132116285778461,46.933842260816974
913,160,Carpinus',0,0,0,0,0,0,0,0.0,0.0,0.0,0.0,0.0,0.0,0.0,0.0
913,160,Carya',0,0,0,0,0,0,0,0.0,0.0,0.0,0.0,0.0,0.0,0.0,0.0
913,160,Castanea',0,0,0,0,0,0,0,0.0,0.0,0.0,0.0,0.0,0.0,0.0,0.0
913,160,Catalpa',0,0,0,0,0,0,0,0.0,0.0,0.0,0.0,0.0,0.0,0.0,0.0
913,160,Celtis',0,0,0,0,0,0,0,0.0,0.0,0.0,0.0,0.0,0.0,0.0,0.0
913,160,Cercis',0,0,0,0,0,0,0,0.0,0.0,0.0,0.0,0.0,0.0,0.0,0.0
913,160,Cercocarpus',0,37,12,0,0,0,0,14.300167083740234,6.213832378387451,21.239379494190214,0.2375937881286862,369.19892052412035,6518.505900910959,0.0011272330759950048,18.127408582291434
913,160,Chamaecyparis',0,0,0,0,0,0,0,0.0,0.0,0.0,0.0,0.0,0.0,0.0,0.0
913,160,Chilopsis',0,0,0,0,0,0,0,0.0,0.0,0.0,0.0,0.0,0.0,0.0,0.0
913,160,Chrysolepis',0,28,32,0,0,0,0,26.003986358642578,13.666877746582031,24.47612552165985,0.9062378383268328,948.1932407832146,13637.285693078093,0.0024606400455919435,32.946807346490445
913,160,Cladrastis',0,0,0,0,0,0,0,0.0,0.0,0.0,0.0,0.0,0.0,0.0,0.0
913,160,Comus',0,0,0,0,0,0,0,0.0,0.0,0.0,0.0,0.0,0.0,0.0,0.0
913,160,Cornus',0,32,0,0,0,0,0,3.5849151611328125,3.691560983657837,4.732990259233908,0.032340010265293935,38.21291437268257,854.4667415569676,0.00015305160836688977,3.4223380037404065
913,160,Crataegus',0,0,0,0,0,0,0,0.0,0.0,0.0,0.0,0.0,0.0,0.0,0.0
913,160,Cupressus',0,0,0,0,0,0,0,0.0,0.0,0.0,0.0,0.0,0.0,0.0,0.0
913,160,Diospyros',0,0,0,0,0,0,0,0.0,0.0,0.0,0.0,0.0,0.0,0.0,0.0
913,160,Elaeagnus',0,0,0,0,0,0,0,0.0,0.0,0.0,0.0,0.0,0.0,0.0,0.0
913,160,Fagus',0,0,0,0,0,0,0,0.0,0.0,0.0,0.0,0.0,0.0,0.0,0.0
913,160,Fraxinus',0,66,0,0,0,0,0,2.939265489578247,2.723069906234741,18.039866067186182,0.03930089987110648,63.150851573944095,997.660842476063,0.0004000291160047018,6.319743243102398
913,160,Gleditsia',0,0,0,0,0,0,0,0.0,0.0,0.0,0.0,0.0,0.0,0.0,0.0
913,160,Gordonia',0,0,0,0,0,0,0,0.0,0.0,0.0,0.0,0.0,0.0,0.0,0.0
913,160,Gymnocladus',0,0,0,0,0,0,0,0.0,0.0,0.0,0.0,0.0,0.0,0.0,0.0
913,160,Halesia',0,0,0,0,0,0,0,0.0,0.0,0.0,0.0,0.0,0.0,0.0,0.0
913,160,Ilex',0,0,0,0,0,0,0,0.0,0.0,0.0,0.0,0.0,0.0,0.0,0.0
913,160,Juglans',0,0,0,0,0,0,0,0.0,0.0,0.0,0.0,0.0,0.0,0.0,0.0
913,160,Juniperus',0,81,58,0,0,0,0,26.92001724243164,6.302330017089844,110.89081784546374,1.8888239581678095,1759.7175564581157,22389.475706549725,0.005512239845136491,63.61238172079094
913,160,Larix',0,0,0,0,0,0,0,0.0,0.0,0.0,0.0,0.0,0.0,0.0,0.0
913,160,Liquidambar',0,0,0,0,0,0,0,0.0,0.0,0.0,0.0,0.0,0.0,0.0,0.0
913,160,Liriodendron',0,0,0,0,0,0,0,0.0,0.0,0.0,0.0,0.0,0.0,0.0,0.0
913,160,Lithocarpus',0,52,0,1,0,0,0,43.632450103759766,19.3986759185791,9.013997483476995,0.19937440304527862,438.5714246698469,9723.577860556436,0.0011048053947501153,24.279419799227455
913,160,Maclura',0,0,0,0,0,0,0,0.0,0.0,0.0,0.0,0.0,0.0,0.0,0.0
913,160,Magnolia',0,0,0,0,0,0,0,0.0,0.0,0.0,0.0,0.0,0.0,0.0,0.0
913,160,Malus',0,0,0,0,0,0,0,0.0,0.0,0.0,0.0,0.0,0.0,0.0,0.0
913,160,Morus',0,0,0,0,0,0,0,0.0,0.0,0.0,0.0,0.0,0.0,0.0,0.0
913,160,Nyssa',0,0,0,0,0,0,0,0.0,0.0,0.0,0.0,0.0,0.0,0.0,0.0
913,160,Olneya',0,0,0,0,0,0,0,0.0,0.0,0.0,0.0,0.0,0.0,0.0,0.0
913,160,Ostrya',0,0,0,0,0,0,0,0.0,0.0,0.0,0.0,0.0,0.0,0.0,0.0
913,160,Oxydendron',0,0,0,0,0,0,0,0.0,0.0,0.0,0.0,0.0,0.0,0.0,0.0
913,160,Paulownia',0,0,0,0,0,0,0,0.0,0.0,0.0,0.0,0.0,0.0,0.0,0.0
913,160,Persea',0,0,0,0,0,0,0,0.0,0.0,0.0,0.0,0.0,0.0,0.0,0.0
913,160,Picea',0,0,0,0,0,0,0,0.0,0.0,0.0,0.0,0.0,0.0,0.0,0.0
913,160,Pinus',0,2978,2487,102,1,2,0,75.05713653564453,26.151853561401367,1905.3761104318498,51.35806409025084,50745.521110336485,111570.88655666445,0.14028992350459962,272.2895929566697
913,160,Planera',0,0,0,0,0,0,0,0.0,0.0,0.0,0.0,0.0,0.0,0.0,0.0
913,160,Platanus',0,0,0,0,0,0,0,0.0,0.0,0.0,0.0,0.0,0.0,0.0,0.0
913,160,Populus',0,412,3,0,0,0,0,11.052162170410156,4.795929908752441,125.2466069840932,0.27103778490252584,370.54435790717605,2062.226256844818,0.002626426400906629,15.308741350965295
913,160,Prosopis',0,0,0,0,0,0,0,0.0,0.0,0.0,0.0,0.0,0.0,0.0,0.0
913,160,Prunus',0,0,0,0,0,0,0,0.0,0.0,0.0,0.0,0.0,0.0,0.0,0.0
913,160,Pseudotsuga',0,0,0,0,0,0,0,0.0,0.0,0.0,0.0,0.0,0.0,0.0,0.0
913,160,Quercus',0,41,13,10,0,0,0,45.75688934326172,15.71452522277832,67.61985954227326,1.4469355406897584,2559.533845140934,40481.41125563553,0.006411267194710671,92.46848011364703
913,160,Robinia',0,0,0,0,0,0,0,0.0,0.0,0.0,0.0,0.0,0.0,0.0,0.0
913,160,Salix',0,557,13,0,0,0,0,8.201133728027344,6.028341293334961,116.18806612489249,0.592303274209172,500.23077983610335,2959.0712682500293,0.0027842157147462783,14.859923554427413
913,160,Sassafras',0,0,0,0,0,0,0,0.0,0.0,0.0,0.0,0.0,0.0,0.0,0.0
913,160,Sequoia',0,0,0,0,0,0,0,0.0,0.0,0.0,0.0,0.0,0.0,0.0,0.0
913,160,Sequoiadendron',0,0,0,0,0,0,0,0.0,0.0,0.0,0.0,0.0,0.0,0.0,0.0
913,160,Sorbus',0,0,0,0,0,0,0,0.0,0.0,0.0,0.0,0.0,0.0,0.0,0.0
913,160,Taxodium',0,0,0,0,0,0,0,0.0,0.0,0.0,0.0,0.0,0.0,0.0,0.0
913,160,Taxus',0,0,0,0,0,0,0,0.0,0.0,0.0,0.0,0.0,0.0,0.0,0.0
913,160,Thuja',0,0,0,0,0,0,0,0.0,0.0,0.0,0.0,0.0,0.0,0.0,0.0
913,160,Tilia',0,0,0,0,0,0,0,0.0,0.0,0.0,0.0,0.0,0.0,0.0,0.0
913,160,Torreya',0,0,0,0,0,0,0,0.0,0.0,0.0,0.0,0.0,0.0,0.0,0.0
913,160,Tsuga',0,0,0,0,0,0,0,0.0,0.0,0.0,0.0,0.0,0.0,0.0,0.0
913,160,Ulmus',0,0,0,0,0,0,0,0.0,0.0,0.0,0.0,0.0,0.0,0.0,0.0
913,160,Umbellularia',0,40,10,0,0,0,0,13.005346298217773,6.95420503616333,14.401092023849486,0.1611506230243754,173.06832091331484,3133.843402192388,0.0005926120415404468,9.652972707117572
913,170,Abies',0,66,63,0,0,0,0,65.36688232421875,26.717933654785156,31.292802051603793,1.0025412642419569,812.846949082911,8778.22235298079,0.0022583337222716574,23.36027452307649
913,170,Acer',0,77,0,0,0,0,0,5.723599433898926,3.887176752090454,22.63448820838445,0.11076116156506069,113.22739249944686,1385.2568154431438,0.0005774524572442759,7.0449587987087945
913,170,Aesculus',0,0,0,0,0,0,0,0.0,0.0,0.0,0.0,0.0,0.0,0.0,0.0
913,170,Ailanthus',0,0,0,0,0,0,0,0.0,0.0,0.0,0.0,0.0,0.0,0.0,0.0
913,170,Alnus',0,2881,174,0,0,0,0,23.13231086730957,15.326391220092773,649.5846478587982,5.341219202982184,4449.140874283687,12206.164975565476,0.019238111538632793,43.3495375903724
913,170,Amelanchier',0,0,0,0,0,0,0,0.0,0.0,0.0,0.0,0.0,0.0,0.0,0.0
913,170,Arbutus',0,97,89,7,0,0,0,37.780704498291016,21.063783645629883,85.59500443100929,2.2306219741387707,3821.9819612658025,33359.02284234419,0.00972966558640574,79.79336774392736
913,170,Asimina',0,0,0,0,0,0,0,0.0,0.0,0.0,0.0,0.0,0.0,0.0,0.0
913,170,Betula',0,0,0,0,0,0,0,0.0,0.0,0.0,0.0,0.0,0.0,0.0,0.0
913,170,Calocedrus',0,211,48,12,0,0,0,46.051368713378906,20.46910858154297,69.06560001850129,2.160088582740773,1946.047070209384,20658.96299107354,0.005322163170026546,50.41092359384045
913,170,Carpinus',0,0,0,0,0,0,0,0.0,0.0,0.0,0.0,0.0,0.0,0.0,0.0
913,170,Carya',0,0,0,0,0,0,0,0.0,0.0,0.0,0.0,0.0,0.0,0.0,0.0
913,170,Castanea',0,0,0,0,0,0,0,0.0,0.0,0.0,0.0,0.0,0.0,0.0,0.0
913,170,Catalpa',0,0,0,0,0,0,0,0.0,0.0,0.0,0.0,0.0,0.0,0.0,0.0
913,170,Celtis',0,0,0,0,0,0,0,0.0,0.0,0.0,0.0,0.0,0.0,0.0,0.0
913,170,Cercis',0,0,0,0,0,0,0,0.0,0.0,0.0,0.0,0.0,0.0,0.0,0.0
913,170,Cercocarpus',0,15,12,0,0,0,0,16.3594913482666,6.704070568084717,13.957095651626586,0.2991784814662504,439.571292886734,8611.955825538418,0.0011784275903105772,22.123921878759177
913,170,Chamaecyparis',0,0,0,0,0,0,0,0.0,0.0,0.0,0.0,0.0,0.0,0.0,0.0
913,170,Chilopsis',0,0,0,0,0,0,0,0.0,0.0,0.0,0.0,0.0,0.0,0.0,0.0
913,170,Chrysolepis',0,61,29,7,0,0,0,28.362411499023438,14.538186073303223,42.230672700405115,1.2766881722935899,1353.7618503499032,17267.242404016455,0.0036183581981323676,41.49727277420003
913,170,Cladrastis',0,0,0,0,0,0,0,0.0,0.0,0.0,0.0,0.0,0.0,0.0,0.0
913,170,Comus',0,0,0,0,0,0,0,0.0,0.0,0.0,0.0,0.0,0.0,0.0,0.0
913,170,Cornus',0,70,0,0,0,0,0,4.874613285064697,4.46544885635376,4.971822577681911,0.06149091867229053,67.61743176467716,1382.5433130331637,0.00022183309892495094,4.317971346083588
913,170,Crataegus',0,0,0,0,0,0,0,0.0,0.0,0.0,0.0,0.0,0.0,0.0,0.0
913,170,Cupressus',0,0,0,0,0,0,0,0.0,0.0,0.0,0.0,0.0,0.0,0.0,0.0
913,170,Diospyros',0,0,0,0,0,0,0,0.0,0.0,0.0,0.0,0.0,0.0,0.0,0.0
913,170,Elaeagnus',0,0,0,0,0,0,0,0.0,0.0,0.0,0.0,0.0,0.0,0.0,0.0
913,170,Fagus',0,0,0,0,0,0,0,0.0,0.0,0.0,0.0,0.0,0.0,0.0,0.0
913,170,Fraxinus',0,0,0,0,0,0,0,0.0,0.0,0.0,0.0,0.0,0.0,0.0,0.0
913,170,Gleditsia',0,0,0,0,0,0,0,0.0,0.0,0.0,0.0,0.0,0.0,0.0,0.0
913,170,Gordonia',0,0,0,0,0,0,0,0.0,0.0,0.0,0.0,0.0,0.0,0.0,0.0
913,170,Gymnocladus',0,0,0,0,0,0,0,0.0,0.0,0.0,0.0,0.0,0.0,0.0,0.0
913,170,Halesia',0,0,0,0,0,0,0,0.0,0.0,0.0,0.0,0.0,0.0,0.0,0.0
913,170,Ilex',0,0,0,0,0,0,0,0.0,0.0,0.0,0.0,0.0,0.0,0.0,0.0
913,170,Juglans',0,0,0,0,0,0,0,0.0,0.0,0.0,0.0,0.0,0.0,0.0,0.0
913,170,Juniperus',0,133,68,14,0,0,0,28.275678634643555,6.441117763519287,152.03013489484786,2.1416879205060293,2061.327375411391,24891.996965325096,0.006776718237284976,72.48378941259348
913,170,Larix',0,0,0,0,0,0,0,0.0,0.0,0.0,0.0,0.0,0.0,0.0,0.0
913,170,Liquidambar',0,0,0,0,0,0,0,0.0,0.0,0.0,0.0,0.0,0.0,0.0,0.0
913,170,Liriodendron',0,0,0,0,0,0,0,0.0,0.0,0.0,0.0,0.0,0.0,0.0,0.0
913,170,Lithocarpus',0,42,0,1,0,0,0,47.62337112426758,20.47195053100586,17.283458499908445,0.25712074039934757,571.3867698097229,11861.205272358933,0.0015193982887441904,29.16978114286724
913,170,Maclura',0,0,0,0,0,0,0,0.0,0.0,0.0,0.0,0.0,0.0,0.0,0.0
913,170,Magnolia',0,0,0,0,0,0,0,0.0,0.0,0.0,0.0,0.0,0.0,0.0,0.0
913,170,Malus',0,0,0,0,0,0,0,0.0,0.0,0.0,0.0,0.0,0.0,0.0,0.0
913,170,Morus',0,0,0,0,0,0,0,0.0,0.0,0.0,0.0,0.0,0.0,0.0,0.0
913,170,Nyssa',0,0,0,0,0,0,0,0.0,0.0,0.0,0.0,0.0,0.0,0.0,0.0
913,170,Olneya',0,0,0,0,0,0,0,0.0,0.0,0.0,0.0,0.0,0.0,0.0,0.0
913,170,Ostrya',0,0,0,0,0,0,0,0.0,0.0,0.0,0.0,0.0,0.0,0.0,0.0
913,170,Oxydendron',0,0,0,0,0,0,0,0.0,0.0,0.0,0.0,0.0,0.0,0.0,0.0
913,170,Paulownia',0,0,0,0,0,0,0,0.0,0.0,0.0,0.0,0.0,0.0,0.0,0.0
913,170,Persea',0,0,0,0,0,0,0,0.0,0.0,0.0,0.0,0.0,0.0,0.0,0.0
913,170,Picea',0,0,0,0,0,0,0,0.0,0.0,0.0,0.0,0.0,0.0,0.0,0.0
913,170,Pinus',0,3403,2072,101,1,3,0,77.69676971435547,26.569807052612305,1757.5358987163006,53.157450753241164,52979.662119953486,122463.63941214311,0.14311921188979623,293.45882274764426
913,170,Planera',0,0,0,0,0,0,0,0.0,0.0,0.0,0.0,0.0,0.0,0.0,0.0
913,170,Platanus',0,0,0,0,0,0,0,0.0,0.0,0.0,0.0,0.0,0.0,0.0,0.0
913,170,Populus',0,576,15,0,0,0,0,14.108377456665039,5.675786972045898,148.82723404212464,0.43551449781359997,532.2439407464861,2591.361422858217,0.0033252150189382844,17.41036267147289
913,170,Prosopis',0,0,0,0,0,0,0,0.0,0.0,0.0,0.0,0.0,0.0,0.0,0.0
913,170,Prunus',0,0,0,0,0,0,0,0.0,0.0,0.0,0.0,0.0,0.0,0.0,0.0
913,170,Pseudotsuga',0,0,0,0,0,0,0,0.0,0.0,0.0,0.0,0.0,0.0,0.0,0.0
913,170,Quercus',0,51,13,10,0,0,0,47.18821334838867,15.97166633605957,46.391198921807195,1.6953248651655453,2896.2936625051498,44275.938647004376,0.00699668047592945,100.97020403494741
913,170,Robinia',0,0,0,0,0,0,0,0.0,0.0,0.0,0.0,0.0,0.0,0.0,0.0
913,170,Salix',0,506,20,0,0,0,0,8.335493087768555,6.09893798828125,101.78594361165466,0.4310508795043263,390.5855859167874,2411.8407586328867,0.00233323318016645,12.760701535104475
913,170,Sassafras',0,0,0,0,0,0,0,0.0,0.0,0.0,0.0,0.0,0.0,0.0,0.0
913,170,Sequoia',0,0,0,0,0,0,0,0.0,0.0,0.0,0.0,0.0,0.0,0.0,0.0
913,170,Sequoiadendron',0,0,0,0,0,0,0,0.0,0.0,0.0,0.0,0.0,0.0,0.0,0.0
913,170,Sorbus',0,0,0,0,0,0,0,0.0,0.0,0.0,0.0,0.0,0.0,0.0,0.0
913,170,Taxodium',0,0,0,0,0,0,0,0.0,0.0,0.0,0.0,0.0,0.0,0.0,0.0
913,170,Taxus',0,0,0,0,0,0,0,0.0,0.0,0.0,0.0,0.0,0.0,0.0,0.0
913,170,Thuja',0,0,0,0,0,0,0,0.0,0.0,0.0,0.0,0.0,0.0,0.0,0.0
913,170,Tilia',0,0,0,0,0,0,0,0.0,0.0,0.0,0.0,0.0,0.0,0.0,0.0
913,170,Torreya',0,0,0,0,0,0,0,0.0,0.0,0.0,0.0,0.0,0.0,0.0,0.0
913,170,Tsuga',0,0,0,0,0,0,0,0.0,0.0,0.0,0.0,0.0,0.0,0.0,0.0
913,170,Ulmus',0,0,0,0,0,0,0,0.0,0.0,0.0,0.0,0.0,0.0,0.0,0.0
913,170,Umbellularia',0,0,10,0,0,0,0,15.536700248718262,7.8786115646362305,4.78160834312439,0.20020336529068442,199.30841071128845,4456.671548378892,0.0005119752395153045,11.44811438352959
913,180,Abies',0,69,91,0,0,0,0,80.51441192626953,29.09922218322754,32.326562869548795,1.3560343922851974,1121.0016279506683,11240.272050125297,0.0029580540070589635,28.21732082319918
913,180,Acer',0,180,0,0,0,0,0,7.908257961273193,4.82233190536499,45.88495079475113,0.2423848775341804,243.90585363864898,2388.2037396258274,0.0012025523711051793,10.965526061862928
913,180,Aesculus',0,0,0,0,0,0,0,0.0,0.0,0.0,0.0,0.0,0.0,0.0,0.0
913,180,Ailanthus',0,0,0,0,0,0,0,0.0,0.0,0.0,0.0,0.0,0.0,0.0,0.0
913,180,Alnus',0,2881,278,0,0,0,0,16.890762329101562,12.237089157104492,683.1579613517025,5.628999368723733,4786.549752627537,13986.299832441966,0.020471215598845172,47.03019292693252
913,180,Amelanchier',0,0,0,0,0,0,0,0.0,0.0,0.0,0.0,0.0,0.0,0.0,0.0
913,180,Arbutus',0,78,72,9,0,0,0,41.73844528198242,22.31263542175293,61.392192595452066,2.3343306976653424,4197.425958292335,38449.17368971009,0.010214389408670076,90.12578138757327
913,180,Asimina',0,0,0,0,0,0,0,0.0,0.0,0.0,0.0,0.0,0.0,0.0,0.0
913,180,Betula',0,0,0,0,0,0,0,0.0,0.0,0.0,0.0,0.0,0.0,0.0,0.0
913,180,Calocedrus',0,140,153,10,1,0,0,51.75336456298828,21.925743103027344,84.23031376928091,3.0031860292085715,2657.6926478394867,25281.65389520931,0.007122643906348714,61.893655404980805
913,180,Carpinus',0,0,0,0,0,0,0,0.0,0.0,0.0,0.0,0.0,0.0,0.0,0.0
913,180,Carya',0,0,0,0,0,0,0,0.0,0.0,0.0,0.0,0.0,0.0,0.0,0.0
913,180,Castanea',0,0,0,0,0,0,0,0.0,0.0,0.0,0.0,0.0,0.0,0.0,0.0
913,180,Catalpa',0,0,0,0,0,0,0,0.0,0.0,0.0,0.0,0.0,0.0,0.0,0.0
913,180,Celtis',0,0,0,0,0,0,0,0.0,0.0,0.0,0.0,0.0,0.0,0.0,0.0
913,180,Cercis',0,0,0,0,0,0,0,0.0,0.0,0.0,0.0,0.0,0.0,0.0,0.0
913,180,Cercocarpus',0,25,15,0,0,0,0,8.33161735534668,4.521276950836182,7.781195983886718,0.08724393715750682,130.6833302307129,2681.058922283458,0.000402802445054053,7.979852490067081
913,180,Chamaecyparis',0,0,0,0,0,0,0,0.0,0.0,0.0,0.0,0.0,0.0,0.0,0.0
913,180,Chilopsis',0,0,0,0,0,0,0,0.0,0.0,0.0,0.0,0.0,0.0,0.0,0.0
913,180,Chrysolepis',0,37,54,7,0,0,0,30.576828002929688,15.32469367980957,48.89134751617908,1.6937890629601744,1806.188184531331,21440.98319077573,0.004719959919294966,51.74071600189815
913,180,Cladrastis',0,0,0,0,0,0,0,0.0,0.0,0.0,0.0,0.0,0.0,0.0,0.0
913,180,Comus',0,0,0,0,0,0,0,0.0,0.0,0.0,0.0,0.0,0.0,0.0,0.0
913,180,Cornus',0,38,0,0,0,0,0,1.4757587909698486,2.329449415206909,3.246165886992895,0.006575125070292148,13.742465321719648,307.2908663779871,7.726917201140777e-05,1.7277912118263132
913,180,Crataegus',0,0,0,0,0,0,0,0.0,0.0,0.0,0.0,0.0,0.0,0.0,0.0
913,180,Cupressus',0,0,0,0,0,0,0,0.0,0.0,0.0,0.0,0.0,0.0,0.0,0.0
913,180,Diospyros',0,0,0,0,0,0,0,0.0,0.0,0.0,0.0,0.0,0.0,0.0,0.0
913,180,Elaeagnus',0,0,0,0,0,0,0,0.0,0.0,0.0,0.0,0.0,0.0,0.0,0.0
913,180,Fagus',0,0,0,0,0,0,0,0.0,0.0,0.0,0.0,0.0,0.0,0.0,0.0
913,180,Fraxinus',0,32,0,0,0,0,0,2.5,2.516206741333008,0.0,0.015727598222034105,21.42243744134903,479.0202636259275,4.7605416867882006e-05,1.0644894821379989
913,180,Gleditsia',0,0,0,0,0,0,0,0.0,0.0,0.0,0.0,0.0,0.0,0.0,0.0
913,180,Gordonia',0,0,0,0,0,0,0,0.0,0.0,0.0,0.0,0.0,0.0,0.0,0.0
913,180,Gymnocladus',0,0,0,0,0,0,0,0.0,0.0,0.0,0.0,0.0,0.0,0.0,0.0
913,180,Halesia',0,0,0,0,0,0,0,0.0,0.0,0.0,0.0,0.0,0.0,0.0,0.0
913,180,Ilex',0,0,0,0,0,0,0,0.0,0.0,0.0,0.0,0.0,0.0,0.0,0.0
913,180,Juglans',0,0,0,0,0,0,0,0.0,0.0,0.0,0.0,0.0,0.0,0.0,0.0
913,180,Juniperus',0,128,32,14,0,0,0,29.41135025024414,6.551872253417969,128.1932743304968,1.559239975966254,1558.0096460086108,21378.479448114063,0.005313924353590847,60.46051694561977
913,180,Larix',0,0,0,0,0,0,0,0.0,0.0,0.0,0.0,0.0,0.0,0.0,0.0
913,180,Liquidambar',0,0,0,0,0,0,0,0.0,0.0,0.0,0.0,0.0,0.0,0.0,0.0
913,180,Liriodendron',0,0,0,0,0,0,0,0.0,0.0,0.0,0.0,0.0,0.0,0.0,0.0
913,180,Lithocarpus',0,5,0,0,1,0,0,51.21670913696289,21.37717056274414,12.429024875164032,0.2841034151662861,651.1131831622124,14060.728203310679,0.001626448499113322,33.93219678545598
913,180,Maclura',0,0,0,0,0,0,0,0.0,0.0,0.0,0.0,0.0,0.0,0.0,0.0
913,180,Magnolia',0,0,0,0,0,0,0,0.0,0.0,0.0,0.0,0.0,0.0,0.0,0.0
913,180,Malus',0,0,0,0,0,0,0,0.0,0.0,0.0,0.0,0.0,0.0,0.0,0.0
913,180,Morus',0,0,0,0,0,0,0,0.0,0.0,0.0,0.0,0.0,0.0,0.0,0.0
913,180,Nyssa',0,0,0,0,0,0,0,0.0,0.0,0.0,0.0,0.0,0.0,0.0,0.0
913,180,Olneya',0,0,0,0,0,0,0,0.0,0.0,0.0,0.0,0.0,0.0,0.0,0.0
913,180,Ostrya',0,0,0,0,0,0,0,0.0,0.0,0.0,0.0,0.0,0.0,0.0,0.0
913,180,Oxydendron',0,0,0,0,0,0,0,0.0,0.0,0.0,0.0,0.0,0.0,0.0,0.0
913,180,Paulownia',0,0,0,0,0,0,0,0.0,0.0,0.0,0.0,0.0,0.0,0.0,0.0
913,180,Persea',0,0,0,0,0,0,0,0.0,0.0,0.0,0.0,0.0,0.0,0.0,0.0
913,180,Picea',0,0,0,0,0,0,0,0.0,0.0,0.0,0.0,0.0,0.0,0.0,0.0
913,180,Pinus',0,3035,2436,137,1,1,0,75.69720458984375,26.254953384399414,2049.3733562693,56.879558551262,56443.65766214103,123091.13882257298,0.155032410140079,297.65563717112826
913,180,Planera',0,0,0,0,0,0,0,0.0,0.0,0.0,0.0,0.0,0.0,0.0,0.0
913,180,Platanus',0,0,0,0,0,0,0,0.0,0.0,0.0,0.0,0.0,0.0,0.0,0.0
913,180,Populus',0,608,8,0,0,0,0,20.016223907470703,7.278983116149902,216.13393166868747,0.615316808518051,714.8940367174149,3443.1186628340274,0.004700021442039171,21.54089747270707
913,180,Prosopis',0,0,0,0,0,0,0,0.0,0.0,0.0,0.0,0.0,0.0,0.0,0.0
913,180,Prunus',0,0,0,0,0,0,0,0.0,0.0,0.0,0.0,0.0,0.0,0.0,0.0
913,180,Pseudotsuga',0,0,0,0,0,0,0,0.0,0.0,0.0,0.0,0.0,0.0,0.0,0.0
913,180,Quercus',0,35,21,5,0,0,0,37.60116958618164,15.106318473815918,24.796809670574298,0.8840943133533615,1197.5887640354038,19362.064527823677,0.0029713798385821257,45.11756875141852
913,180,Robinia',0,0,0,0,0,0,0,0.0,0.0,0.0,0.0,0.0,0.0,0.0,0.0
913,180,Salix',0,494,0,0,0,0,0,7.099268913269043,5.441463470458984,96.66113452537904,0.39637088998057635,370.9583154040575,2146.5051181533977,0.002215842538945376,12.444016112344086
913,180,Sassafras',0,0,0,0,0,0,0,0.0,0.0,0.0,0.0,0.0,0.0,0.0,0.0
913,180,Sequoia',0,0,0,0,0,0,0,0.0,0.0,0.0,0.0,0.0,0.0,0.0,0.0
913,180,Sequoiadendron',0,0,0,0,0,0,0,0.0,0.0,0.0,0.0,0.0,0.0,0.0,0.0
913,180,Sorbus',0,0,0,0,0,0,0,0.0,0.0,0.0,0.0,0.0,0.0,0.0,0.0
913,180,Taxodium',0,0,0,0,0,0,0,0.0,0.0,0.0,0.0,0.0,0.0,0.0,0.0
913,180,Taxus',0,0,0,0,0,0,0,0.0,0.0,0.0,0.0,0.0,0.0,0.0,0.0
913,180,Thuja',0,0,0,0,0,0,0,0.0,0.0,0.0,0.0,0.0,0.0,0.0,0.0
913,180,Tilia',0,0,0,0,0,0,0,0.0,0.0,0.0,0.0,0.0,0.0,0.0,0.0
913,180,Torreya',0,0,0,0,0,0,0,0.0,0.0,0.0,0.0,0.0,0.0,0.0,0.0
913,180,Tsuga',0,0,0,0,0,0,0,0.0,0.0,0.0,0.0,0.0,0.0,0.0,0.0
913,180,Ulmus',0,0,0,0,0,0,0,0.0,0.0,0.0,0.0,0.0,0.0,0.0,0.0
913,180,Umbellularia',0,0,10,0,0,0,0,17.740219116210938,8.642388343811035,3.819241676330566,0.2610187820710602,267.7522104263306,5987.12143639102,0.0006501717219352738,14.538281672953616
913,190,Abies',0,147,36,0,0,0,0,95.47038269042969,30.820110321044922,43.95889515072107,1.0735387978992763,986.2650564172865,11198.647349724812,0.0028266618926941025,28.90623922473363
913,190,Acer',0,147,14,0,0,0,0,10.144570350646973,5.751002311706543,40.36888049420299,0.2337093705882515,232.35855800300837,2569.655725829599,0.001097484816769138,10.815168719042791
913,190,Aesculus',0,0,0,0,0,0,0,0.0,0.0,0.0,0.0,0.0,0.0,0.0,0.0
913,190,Ailanthus',0,0,0,0,0,0,0,0.0,0.0,0.0,0.0,0.0,0.0,0.0,0.0
913,190,Alnus',0,2703,119,0,0,0,0,19.73122787475586,13.697530746459961,550.1877428573567,4.348858928609772,3753.5269283718617,11770.390803323422,0.016261429188303148,39.54822005947811
913,190,Amelanchier',0,0,0,0,0,0,0,0.0,0.0,0.0,0.0,0.0,0.0,0.0,0.0
913,190,Arbutus',0,18,52,9,0,0,0,45.41227340698242,23.375375747680664,54.20128350257873,2.0038302557049,3786.742524328232,38345.62750356173,0.0091978908509078,89.232921086539
913,190,Asimina',0,0,0,0,0,0,0,0.0,0.0,0.0,0.0,0.0,0.0,0.0,0.0
913,190,Betula',0,0,0,0,0,0,0,0.0,0.0,0.0,0.0,0.0,0.0,0.0,0.0
913,190,Calocedrus',0,37,221,10,1,0,0,57.01120376586914,23.143957138061523,72.34802337169647,3.4250821932156112,3083.8777621507647,29289.12297645228,0.007898088798571384,70.11000410278004
913,190,Carpinus',0,0,0,0,0,0,0,0.0,0.0,0.0,0.0,0.0,0.0,0.0,0.0
913,190,Carya',0,0,0,0,0,0,0,0.0,0.0,0.0,0.0,0.0,0.0,0.0,0.0
913,190,Castanea',0,0,0,0,0,0,0,0.0,0.0,0.0,0.0,0.0,0.0,0.0,0.0
913,190,Catalpa',0,0,0,0,0,0,0,0.0,0.0,0.0,0.0,0.0,0.0,0.0,0.0
913,190,Celtis',0,0,0,0,0,0,0,0.0,0.0,0.0,0.0,0.0,0.0,0.0,0.0
913,190,Cercis',0,0,0,0,0,0,0,0.0,0.0,0.0,0.0,0.0,0.0,0.0,0.0
913,190,Cercocarpus',0,25,15,0,0,0,0,10.468148231506348,5.177600860595703,17.279295597076416,0.1641040735538083,250.9469280433655,4316.383132190901,0.000807249668995538,12.858918132258799
913,190,Chamaecyparis',0,0,0,0,0,0,0,0.0,0.0,0.0,0.0,0.0,0.0,0.0,0.0
913,190,Chilopsis',0,0,0,0,0,0,0,0.0,0.0,0.0,0.0,0.0,0.0,0.0,0.0
913,190,Chrysolepis',0,40,86,7,0,0,0,32.55674362182617,16.00295639038086,36.87931231349707,2.0032723407579933,2129.9367536208033,25353.406182945473,0.00526589402793843,59.3201049308811
913,190,Cladrastis',0,0,0,0,0,0,0,0.0,0.0,0.0,0.0,0.0,0.0,0.0,0.0
913,190,Comus',0,0,0,0,0,0,0,0.0,0.0,0.0,0.0,0.0,0.0,0.0,0.0
913,190,Cornus',0,0,0,0,0,0,0,0.0,0.0,0.0,0.0,0.0,0.0,0.0,0.0
913,190,Crataegus',0,0,0,0,0,0,0,0.0,0.0,0.0,0.0,0.0,0.0,0.0,0.0
913,190,Cupressus',0,0,0,0,0,0,0,0.0,0.0,0.0,0.0,0.0,0.0,0.0,0.0
913,190,Diospyros',0,0,0,0,0,0,0,0.0,0.0,0.0,0.0,0.0,0.0,0.0,0.0
913,190,Elaeagnus',0,0,0,0,0,0,0,0.0,0.0,0.0,0.0,0.0,0.0,0.0,0.0
913,190,Fagus',0,0,0,0,0,0,0,0.0,0.0,0.0,0.0,0.0,0.0,0.0,0.0
913,190,Fraxinus',0,0,0,0,0,0,0,0.0,0.0,0.0,0.0,0.0,0.0,0.0,0.0
913,190,Gleditsia',0,0,0,0,0,0,0,0.0,0.0,0.0,0.0,0.0,0.0,0.0,0.0
913,190,Gordonia',0,0,0,0,0,0,0,0.0,0.0,0.0,0.0,0.0,0.0,0.0,0.0
913,190,Gymnocladus',0,0,0,0,0,0,0,0.0,0.0,0.0,0.0,0.0,0.0,0.0,0.0
913,190,Halesia',0,0,0,0,0,0,0,0.0,0.0,0.0,0.0,0.0,0.0,0.0,0.0
913,190,Ilex',0,0,0,0,0,0,0,0.0,0.0,0.0,0.0,0.0,0.0,0.0,0.0
913,190,Juglans',0,0,0,0,0,0,0,0.0,0.0,0.0,0.0,0.0,0.0,0.0,0.0
913,190,Juniperus',0,109,32,14,0,0,0,30.386493682861328,6.643138408660889,149.00154159545897,1.8611756134351645,1842.3181961083412,23722.330236139213,0.00624628500212791,68.3984852401415
913,190,Larix',0,0,0,0,0,0,0,0.0,0.0,0.0,0.0,0.0,0.0,0.0,0.0
913,190,Liquidambar',0,0,0,0,0,0,0,0.0,0.0,0.0,0.0,0.0,0.0,0.0,0.0
913,190,Liriodendron',0,0,0,0,0,0,0,0.0,0.0,0.0,0.0,0.0,0.0,0.0,0.0
913,190,Lithocarpus',0,0,0,0,1,0,0,54.47518539428711,22.150978088378906,7.899806156158447,0.3076530652489399,725.1894497108459,16215.729061191196,0.0017256405153274537,38.58649496999962
913,190,Maclura',0,0,0,0,0,0,0,0.0,0.0,0.0,0.0,0.0,0.0,0.0,0.0
913,190,Magnolia',0,0,0,0,0,0,0,0.0,0.0,0.0,0.0,0.0,0.0,0.0,0.0
913,190,Malus',0,0,0,0,0,0,0,0.0,0.0,0.0,0.0,0.0,0.0,0.0,0.0
913,190,Morus',0,0,0,0,0,0,0,0.0,0.0,0.0,0.0,0.0,0.0,0.0,0.0
913,190,Nyssa',0,0,0,0,0,0,0,0.0,0.0,0.0,0.0,0.0,0.0,0.0,0.0
913,190,Olneya',0,0,0,0,0,0,0,0.0,0.0,0.0,0.0,0.0,0.0,0.0,0.0
913,190,Ostrya',0,0,0,0,0,0,0,0.0,0.0,0.0,0.0,0.0,0.0,0.0,0.0
913,190,Oxydendron',0,0,0,0,0,0,0,0.0,0.0,0.0,0.0,0.0,0.0,0.0,0.0
913,190,Paulownia',0,0,0,0,0,0,0,0.0,0.0,0.0,0.0,0.0,0.0,0.0,0.0
913,190,Persea',0,0,0,0,0,0,0,0.0,0.0,0.0,0.0,0.0,0.0,0.0,0.0
913,190,Picea',0,0,0,0,0,0,0,0.0,0.0,0.0,0.0,0.0,0.0,0.0,0.0
913,190,Pinus',0,3020,2595,157,1,1,0,80.30050659179688,26.96387481689453,1975.2838849271834,62.090257059087236,62128.403191322235,135773.98750861717,0.16659499688663082,327.86410116010745
913,190,Planera',0,0,0,0,0,0,0,0.0,0.0,0.0,0.0,0.0,0.0,0.0,0.0
913,190,Platanus',0,0,0,0,0,0,0,0.0,0.0,0.0,0.0,0.0,0.0,0.0,0.0
913,190,Populus',0,689,7,0,0,0,0,8.182167053222656,3.9366581439971924,192.2733646977834,0.41133389779047175,586.0590293578804,2718.258150413979,0.004070235306273195,19.74361872754845
913,190,Prosopis',0,0,0,0,0,0,0,0.0,0.0,0.0,0.0,0.0,0.0,0.0,0.0
913,190,Prunus',0,0,0,0,0,0,0,0.0,0.0,0.0,0.0,0.0,0.0,0.0,0.0
913,190,Pseudotsuga',0,0,0,0,0,0,0,0.0,0.0,0.0,0.0,0.0,0.0,0.0,0.0
913,190,Quercus',0,26,21,0,0,0,0,21.71031951904297,9.928322792053223,18.50409198410903,0.40357609990689125,502.86020339012146,8081.074735042429,0.0013251793041452764,20.921084169992067
913,190,Robinia',0,0,0,0,0,0,0,0.0,0.0,0.0,0.0,0.0,0.0,0.0,0.0
913,190,Salix',0,508,10,0,0,0,0,10.433276176452637,7.1745991706848145,88.97871754992799,0.47222683630175677,407.8683162648976,2418.4876145384337,0.0021872721155891256,12.250318202682735
913,190,Sassafras',0,0,0,0,0,0,0,0.0,0.0,0.0,0.0,0.0,0.0,0.0,0.0
913,190,Sequoia',0,0,0,0,0,0,0,0.0,0.0,0.0,0.0,0.0,0.0,0.0,0.0
913,190,Sequoiadendron',0,0,0,0,0,0,0,0.0,0.0,0.0,0.0,0.0,0.0,0.0,0.0
913,190,Sorbus',0,0,0,0,0,0,0,0.0,0.0,0.0,0.0,0.0,0.0,0.0,0.0
913,190,Taxodium',0,0,0,0,0,0,0,0.0,0.0,0.0,0.0,0.0,0.0,0.0,0.0
913,190,Taxus',0,0,0,0,0,0,0,0.0,0.0,0.0,0.0,0.0,0.0,0.0,0.0
913,190,Thuja',0,0,0,0,0,0,0,0.0,0.0,0.0,0.0,0.0,0.0,0.0,0.0
913,190,Tilia',0,0,0,0,0,0,0,0.0,0.0,0.0,0.0,0.0,0.0,0.0,0.0
913,190,Torreya',0,0,0,0,0,0,0,0.0,0.0,0.0,0.0,0.0,0.0,0.0,0.0
913,190,Tsuga',0,0,0,0,0,0,0,0.0,0.0,0.0,0.0,0.0,0.0,0.0,0.0
913,190,Ulmus',0,0,0,0,0,0,0,0.0,0.0,0.0,0.0,0.0,0.0,0.0,0.0
913,190,Umbellularia',0,0,10,0,0,0,0,19.85197639465332,9.340380668640137,2.6490665531158446,0.3268596413252124,346.36086464881896,7744.864381003612,0.0008079551014900219,18.066425296994364
913,200,Abies',0,83,22,0,0,0,0,102.9490966796875,31.50008201599121,37.546101711690426,0.6601280758810569,662.05971491009,8515.476594402748,0.002013576393138293,23.708113207387747
913,200,Acer',0,181,0,0,0,0,0,6.286125659942627,4.130655288696289,24.20633339334892,0.11529094028105354,130.17520800590515,1253.9951823288825,0.0006377418590399898,6.382499277923897
913,200,Aesculus',0,0,0,0,0,0,0,0.0,0.0,0.0,0.0,0.0,0.0,0.0,0.0
913,200,Ailanthus',0,0,0,0,0,0,0,0.0,0.0,0.0,0.0,0.0,0.0,0.0,0.0
913,200,Alnus',0,2672,97,0,0,0,0,22.493518829345703,15.030000686645508,613.7087762990046,3.8273211771577627,3531.9704813039302,11948.983264400667,0.01668350205556582,42.08140315448601
913,200,Amelanchier',0,0,0,0,0,0,0,0.0,0.0,0.0,0.0,0.0,0.0,0.0,0.0
913,200,Arbutus',0,18,52,7,1,0,0,48.99522018432617,24.329626083374023,58.34205201029777,2.44205918392902,4676.6927946746355,45069.619256415404,0.0112353694004044,104.9417546191725
913,200,Asimina',0,0,0,0,0,0,0,0.0,0.0,0.0,0.0,0.0,0.0,0.0,0.0
913,200,Betula',0,0,0,0,0,0,0,0.0,0.0,0.0,0.0,0.0,0.0,0.0,0.0
913,200,Calocedrus',0,50,221,0,1,0,0,62.20147705078125,24.239681243896484,64.05678332775831,3.059851834666244,2601.186480292976,23287.520975540807,0.0067056789839185435,57.6695691237935
913,200,Carpinus',0,0,0,0,0,0,0,0.0,0.0,0.0,0.0,0.0,0.0,0.0,0.0
913,200,Carya',0,0,0,0,0,0,0,0.0,0.0,0.0,0.0,0.0,0.0,0.0,0.0
913,200,Castanea',0,0,0,0,0,0,0,0.0,0.0,0.0,0.0,0.0,0.0,0.0,0.0
913,200,Catalpa',0,0,0,0,0,0,0,0.0,0.0,0.0,0.0,0.0,0.0,0.0,0.0
913,200,Celtis',0,0,0,0,0,0,0,0.0,0.0,0.0,0.0,0.0,0.0,0.0,0.0
913,200,Cercis',0,0,0,0,0,0,0,0.0,0.0,0.0,0.0,0.0,0.0,0.0,0.0
913,200,Cercocarpus',0,25,15,0,0,0,0,12.502628326416016,5.748961925506592,20.3856614112854,0.2605833674635337,382.08805765151976,6562.904510381718,0.0011435441422462448,18.862815242681922
913,200,Chamaecyparis',0,0,0,0,0,0,0,0.0,0.0,0.0,0.0,0.0,0.0,0.0,0.0
913,200,Chilopsis',0,0,0,0,0,0,0,0.0,0.0,0.0,0.0,0.0,0.0,0.0,0.0
913,200,Chrysolepis',0,76,86,7,0,0,0,34.68848419189453,16.70783042907715,41.44711305022239,2.480199476195621,2668.2111688268187,30127.23570348433,0.006528038712269303,70.23098856753404
913,200,Cladrastis',0,0,0,0,0,0,0,0.0,0.0,0.0,0.0,0.0,0.0,0.0,0.0
913,200,Comus',0,0,0,0,0,0,0,0.0,0.0,0.0,0.0,0.0,0.0,0.0,0.0
913,200,Cornus',0,0,0,0,0,0,0,0.0,0.0,0.0,0.0,0.0,0.0,0.0,0.0
913,200,Crataegus',0,0,0,0,0,0,0,0.0,0.0,0.0,0.0,0.0,0.0,0.0,0.0
913,200,Cupressus',0,0,0,0,0,0,0,0.0,0.0,0.0,0.0,0.0,0.0,0.0,0.0
913,200,Diospyros',0,0,0,0,0,0,0,0.0,0.0,0.0,0.0,0.0,0.0,0.0,0.0
913,200,Elaeagnus',0,0,0,0,0,0,0,0.0,0.0,0.0,0.0,0.0,0.0,0.0,0.0
913,200,Fagus',0,0,0,0,0,0,0,0.0,0.0,0.0,0.0,0.0,0.0,0.0,0.0
913,200,Fraxinus',0,0,0,0,0,0,0,0.0,0.0,0.0,0.0,0.0,0.0,0.0,0.0
913,200,Gleditsia',0,0,0,0,0,0,0,0.0,0.0,0.0,0.0,0.0,0.0,0.0,0.0
913,200,Gordonia',0,0,0,0,0,0,0,0.0,0.0,0.0,0.0,0.0,0.0,0.0,0.0
913,200,Gymnocladus',0,0,0,0,0,0,0,0.0,0.0,0.0,0.0,0.0,0.0,0.0,0.0
913,200,Halesia',0,0,0,0,0,0,0,0.0,0.0,0.0,0.0,0.0,0.0,0.0,0.0
913,200,Ilex',0,0,0,0,0,0,0,0.0,0.0,0.0,0.0,0.0,0.0,0.0,0.0
913,200,Juglans',0,0,0,0,0,0,0,0.0,0.0,0.0,0.0,0.0,0.0,0.0,0.0
913,200,Juniperus',0,101,43,14,0,0,0,31.305517196655273,6.98459005355835,151.94788284063338,2.194231439595605,2131.9646204161645,26056.086371214325,0.0069325019301635545,75.2244849314426
913,200,Larix',0,0,0,0,0,0,0,0.0,0.0,0.0,0.0,0.0,0.0,0.0,0.0
913,200,Liquidambar',0,0,0,0,0,0,0,0.0,0.0,0.0,0.0,0.0,0.0,0.0,0.0
913,200,Liriodendron',0,0,0,0,0,0,0,0.0,0.0,0.0,0.0,0.0,0.0,0.0,0.0
913,200,Lithocarpus',0,62,0,0,1,0,0,57.52920150756836,22.837844848632812,15.74854283735156,0.36841360272940044,861.1555555318296,18331.323830121648,0.002141158023506902,43.10650342024153
913,200,Maclura',0,0,0,0,0,0,0,0.0,0.0,0.0,0.0,0.0,0.0,0.0,0.0
913,200,Magnolia',0,0,0,0,0,0,0,0.0,0.0,0.0,0.0,0.0,0.0,0.0,0.0
913,200,Malus',0,0,0,0,0,0,0,0.0,0.0,0.0,0.0,0.0,0.0,0.0,0.0
913,200,Morus',0,0,0,0,0,0,0,0.0,0.0,0.0,0.0,0.0,0.0,0.0,0.0
913,200,Nyssa',0,0,0,0,0,0,0,0.0,0.0,0.0,0.0,0.0,0.0,0.0,0.0
913,200,Olneya',0,0,0,0,0,0,0,0.0,0.0,0.0,0.0,0.0,0.0,0.0,0.0
913,200,Ostrya',0,0,0,0,0,0,0,0.0,0.0,0.0,0.0,0.0,0.0,0.0,0.0
913,200,Oxydendron',0,0,0,0,0,0,0,0.0,0.0,0.0,0.0,0.0,0.0,0.0,0.0
913,200,Paulownia',0,0,0,0,0,0,0,0.0,0.0,0.0,0.0,0.0,0.0,0.0,0.0
913,200,Persea',0,0,0,0,0,0,0,0.0,0.0,0.0,0.0,0.0,0.0,0.0,0.0
913,200,Picea',0,0,0,0,0,0,0,0.0,0.0,0.0,0.0,0.0,0.0,0.0,0.0
913,200,Pinus',0,3413,2503,178,0,1,0,84.82000732421875,27.607297897338867,2102.015908459723,62.60796337731967,63287.4974520725,141643.89965630983,0.1710013357960776,340.65988591066997
913,200,Planera',0,0,0,0,0,0,0,0.0,0.0,0.0,0.0,0.0,0.0,0.0,0.0
913,200,Platanus',0,0,0,0,0,0,0,0.0,0.0,0.0,0.0,0.0,0.0,0.0,0.0
913,200,Populus',0,695,23,0,0,0,0,14.294363975524902,5.728190898895264,267.386081185239,0.7440854988008249,853.8998986008763,3875.6610596410956,0.0057467265003011475,25.61836192266298
913,200,Prosopis',0,0,0,0,0,0,0,0.0,0.0,0.0,0.0,0.0,0.0,0.0,0.0
913,200,Prunus',0,0,0,0,0,0,0,0.0,0.0,0.0,0.0,0.0,0.0,0.0,0.0
913,200,Pseudotsuga',0,0,0,0,0,0,0,0.0,0.0,0.0,0.0,0.0,0.0,0.0,0.0
913,200,Quercus',0,36,21,0,0,0,0,24.894107818603516,10.881327629089355,29.32933964259639,0.5711213703472734,740.4305582484603,11265.938577409273,0.002007060309668535,28.43220606096315
913,200,Robinia',0,0,0,0,0,0,0,0.0,0.0,0.0,0.0,0.0,0.0,0.0,0.0
913,200,Salix',0,764,8,0,0,0,0,11.064814567565918,7.488845348358154,170.36450280442455,0.7482515287442106,681.0616582842172,3159.7020811049656,0.003965962010255322,17.559689935695257
913,200,Sassafras',0,0,0,0,0,0,0,0.0,0.0,0.0,0.0,0.0,0.0,0.0,0.0
913,200,Sequoia',0,0,0,0,0,0,0,0.0,0.0,0.0,0.0,0.0,0.0,0.0,0.0
913,200,Sequoiadendron',0,0,0,0,0,0,0,0.0,0.0,0.0,0.0,0.0,0.0,0.0,0.0
913,200,Sorbus',0,0,0,0,0,0,0,0.0,0.0,0.0,0.0,0.0,0.0,0.0,0.0
913,200,Taxodium',0,0,0,0,0,0,0,0.0,0.0,0.0,0.0,0.0,0.0,0.0,0.0
913,200,Taxus',0,0,0,0,0,0,0,0.0,0.0,0.0,0.0,0.0,0.0,0.0,0.0
913,200,Thuja',0,0,0,0,0,0,0,0.0,0.0,0.0,0.0,0.0,0.0,0.0,0.0
913,200,Tilia',0,0,0,0,0,0,0,0.0,0.0,0.0,0.0,0.0,0.0,0.0,0.0
913,200,Torreya',0,0,0,0,0,0,0,0.0,0.0,0.0,0.0,0.0,0.0,0.0,0.0
913,200,Tsuga',0,0,0,0,0,0,0,0.0,0.0,0.0,0.0,0.0,0.0,0.0,0.0
913,200,Ulmus',0,0,0,0,0,0,0,0.0,0.0,0.0,0.0,0.0,0.0,0.0,0.0
913,200,Umbellularia',0,29,0,0,0,0,0,2.331037998199463,2.436103105545044,5.942856540679931,0.012563955602030679,23.956489810943605,535.6833971955108,0.00013907790337006146,3.1098764610360483
913,210,Abies',0,74,37,0,0,0,0,108.62979888916016,31.95054054260254,45.40614297062158,0.5110942020753932,536.851230775416,6644.276999683307,0.0018488692457117191,21.04558172532328
913,210,Acer',0,141,0,0,0,0,0,5.70482873916626,3.8790197372436523,32.583553659953644,0.10528295478810624,129.38388744413854,1201.8280986630668,0.0007565781031176437,6.8060207417689185
913,210,Aesculus',0,0,0,0,0,0,0,0.0,0.0,0.0,0.0,0.0,0.0,0.0,0.0
913,210,Ailanthus',0,0,0,0,0,0,0,0.0,0.0,0.0,0.0,0.0,0.0,0.0,0.0
913,210,Alnus',0,2295,86,0,0,0,0,17.89551544189453,12.764518737792969,530.6558696382172,3.646080939841919,3095.8793635114284,8810.815752363249,0.014518817918621361,35.59642762176672
913,210,Amelanchier',0,0,0,0,0,0,0,0.0,0.0,0.0,0.0,0.0,0.0,0.0,0.0
913,210,Arbutus',0,43,58,7,1,0,0,52.33467483520508,25.151594161987305,46.66276571184397,2.4118424612166356,4781.699198262394,48699.94167511811,0.01130001597709559,112.25164735154985
913,210,Asimina',0,0,0,0,0,0,0,0.0,0.0,0.0,0.0,0.0,0.0,0.0,0.0
913,210,Betula',0,0,0,0,0,0,0,0.0,0.0,0.0,0.0,0.0,0.0,0.0,0.0
913,210,Calocedrus',0,66,221,0,1,0,0,67.02043914794922,25.170230865478516,68.16735212266445,3.839064547094405,3303.2356785672905,28453.56633561921,0.00832516317252445,68.83512942772141
913,210,Carpinus',0,0,0,0,0,0,0,0.0,0.0,0.0,0.0,0.0,0.0,0.0,0.0
913,210,Carya',0,0,0,0,0,0,0,0.0,0.0,0.0,0.0,0.0,0.0,0.0,0.0
913,210,Castanea',0,0,0,0,0,0,0,0.0,0.0,0.0,0.0,0.0,0.0,0.0,0.0
913,210,Catalpa',0,0,0,0,0,0,0,0.0,0.0,0.0,0.0,0.0,0.0,0.0,0.0
913,210,Celtis',0,0,0,0,0,0,0,0.0,0.0,0.0,0.0,0.0,0.0,0.0,0.0
913,210,Cercis',0,0,0,0,0,0,0,0.0,0.0,0.0,0.0,0.0,0.0,0.0,0.0
913,210,Cercocarpus',0,0,15,0,0,0,0,14.112144470214844,6.166872024536133,4.499277744293213,0.24525731381721813,336.94621377944947,7534.346387720271,0.0008137589599291527,18.196203517011092
913,210,Chamaecyparis',0,0,0,0,0,0,0,0.0,0.0,0.0,0.0,0.0,0.0,0.0,0.0
913,210,Chilopsis',0,0,0,0,0,0,0,0.0,0.0,0.0,0.0,0.0,0.0,0.0,0.0
913,210,Chrysolepis',0,71,91,7,0,0,0,36.59474182128906,17.316598892211914,44.80953159213066,2.996821197348855,3258.3217834174634,35274.027467305,0.00788796383199467,82.11557988058391
913,210,Cladrastis',0,0,0,0,0,0,0,0.0,0.0,0.0,0.0,0.0,0.0,0.0,0.0
913,210,Comus',0,0,0,0,0,0,0,0.0,0.0,0.0,0.0,0.0,0.0,0.0,0.0
913,210,Cornus',0,0,0,0,0,0,0,0.0,0.0,0.0,0.0,0.0,0.0,0.0,0.0
913,210,Crataegus',0,0,0,0,0,0,0,0.0,0.0,0.0,0.0,0.0,0.0,0.0,0.0
913,210,Cupressus',0,28,0,0,0,0,0,2.568983316421509,2.877408981323242,6.52493282854557,0.014617111420002165,23.015123096108436,514.6337975342386,0.00014539374635089088,3.2511030034395407
913,210,Diospyros',0,0,0,0,0,0,0,0.0,0.0,0.0,0.0,0.0,0.0,0.0,0.0
913,210,Elaeagnus',0,0,0,0,0,0,0,0.0,0.0,0.0,0.0,0.0,0.0,0.0,0.0
913,210,Fagus',0,0,0,0,0,0,0,0.0,0.0,0.0,0.0,0.0,0.0,0.0,0.0
913,210,Fraxinus',0,0,0,0,0,0,0,0.0,0.0,0.0,0.0,0.0,0.0,0.0,0.0
913,210,Gleditsia',0,0,0,0,0,0,0,0.0,0.0,0.0,0.0,0.0,0.0,0.0,0.0
913,210,Gordonia',0,0,0,0,0,0,0,0.0,0.0,0.0,0.0,0.0,0.0,0.0,0.0
913,210,Gymnocladus',0,0,0,0,0,0,0,0.0,0.0,0.0,0.0,0.0,0.0,0.0,0.0
913,210,Halesia',0,0,0,0,0,0,0,0.0,0.0,0.0,0.0,0.0,0.0,0.0,0.0
913,210,Ilex',0,0,0,0,0,0,0,0.0,0.0,0.0,0.0,0.0,0.0,0.0,0.0
913,210,Juglans',0,0,0,0,0,0,0,0.0,0.0,0.0,0.0,0.0,0.0,0.0,0.0
913,210,Juniperus',0,104,18,1,0,0,0,28.7758731842041,9.172609329223633,91.46909929931164,1.094345455942877,1081.0316359943151,11602.190311135524,0.0037235128472501815,35.04444570368167
913,210,Larix',0,0,0,0,0,0,0,0.0,0.0,0.0,0.0,0.0,0.0,0.0,0.0
913,210,Liquidambar',0,0,0,0,0,0,0,0.0,0.0,0.0,0.0,0.0,0.0,0.0,0.0
913,210,Liriodendron',0,0,0,0,0,0,0,0.0,0.0,0.0,0.0,0.0,0.0,0.0,0.0
913,210,Lithocarpus',0,23,0,0,1,0,0,60.33736801147461,23.438318252563477,10.144938032627106,0.4344322783956637,974.6336165165901,20539.998406887717,0.00231239049186185,47.88702065169904
913,210,Maclura',0,0,0,0,0,0,0,0.0,0.0,0.0,0.0,0.0,0.0,0.0,0.0
913,210,Magnolia',0,0,0,0,0,0,0,0.0,0.0,0.0,0.0,0.0,0.0,0.0,0.0
913,210,Malus',0,0,0,0,0,0,0,0.0,0.0,0.0,0.0,0.0,0.0,0.0,0.0
913,210,Morus',0,0,0,0,0,0,0,0.0,0.0,0.0,0.0,0.0,0.0,0.0,0.0
913,210,Nyssa',0,0,0,0,0,0,0,0.0,0.0,0.0,0.0,0.0,0.0,0.0,0.0
913,210,Olneya',0,0,0,0,0,0,0,0.0,0.0,0.0,0.0,0.0,0.0,0.0,0.0
913,210,Ostrya',0,0,0,0,0,0,0,0.0,0.0,0.0,0.0,0.0,0.0,0.0,0.0
913,210,Oxydendron',0,0,0,0,0,0,0,0.0,0.0,0.0,0.0,0.0,0.0,0.0,0.0
913,210,Paulownia',0,0,0,0,0,0,0,0.0,0.0,0.0,0.0,0.0,0.0,0.0,0.0
913,210,Persea',0,0,0,0,0,0,0,0.0,0.0,0.0,0.0,0.0,0.0,0.0,0.0
913,210,Picea',0,0,0,0,0,0,0,0.0,0.0,0.0,0.0,0.0,0.0,0.0,0.0
913,210,Pinus',0,3404,2519,187,0,0,1,89.13593292236328,28.176708221435547,2168.4540660272537,66.45196301448965,67405.33984600201,151392.58581895506,0.18111175839802027,361.12707875567077
913,210,Planera',0,0,0,0,0,0,0,0.0,0.0,0.0,0.0,0.0,0.0,0.0,0.0
913,210,Platanus',0,0,0,0,0,0,0,0.0,0.0,0.0,0.0,0.0,0.0,0.0,0.0
913,210,Populus',0,620,3,0,0,0,0,13.129552841186523,5.397854804992676,205.13197730943747,0.47924086721512554,625.473371746242,3094.919012960332,0.004342929593665513,22.49493668120305
913,210,Prosopis',0,0,0,0,0,0,0,0.0,0.0,0.0,0.0,0.0,0.0,0.0,0.0
913,210,Prunus',0,0,0,0,0,0,0,0.0,0.0,0.0,0.0,0.0,0.0,0.0,0.0
913,210,Pseudotsuga',0,0,0,0,0,0,0,0.0,0.0,0.0,0.0,0.0,0.0,0.0,0.0
913,210,Quercus',0,65,21,0,0,0,0,27.780040740966797,11.689288139343262,36.345900357524044,0.774499394864736,1024.1859489917756,14676.1370658777,0.0027433461125691773,35.993237763542034
913,210,Robinia',0,0,0,0,0,0,0,0.0,0.0,0.0,0.0,0.0,0.0,0.0,0.0
913,210,Salix',0,698,57,0,0,0,0,9.796107292175293,6.853105545043945,145.20679177657428,0.9267279443934483,740.3991957519204,4259.1302213810595,0.0037356640056461178,18.124566087819698
913,210,Sassafras',0,0,0,0,0,0,0,0.0,0.0,0.0,0.0,0.0,0.0,0.0,0.0
913,210,Sequoia',0,0,0,0,0,0,0,0.0,0.0,0.0,0.0,0.0,0.0,0.0,0.0
913,210,Sequoiadendron',0,0,0,0,0,0,0,0.0,0.0,0.0,0.0,0.0,0.0,0.0,0.0
913,210,Sorbus',0,0,0,0,0,0,0,0.0,0.0,0.0,0.0,0.0,0.0,0.0,0.0
913,210,Taxodium',0,0,0,0,0,0,0,0.0,0.0,0.0,0.0,0.0,0.0,0.0,0.0
913,210,Taxus',0,0,0,0,0,0,0,0.0,0.0,0.0,0.0,0.0,0.0,0.0,0.0
913,210,Thuja',0,0,0,0,0,0,0,0.0,0.0,0.0,0.0,0.0,0.0,0.0,0.0
913,210,Tilia',0,0,0,0,0,0,0,0.0,0.0,0.0,0.0,0.0,0.0,0.0,0.0
913,210,Torreya',0,0,0,0,0,0,0,0.0,0.0,0.0,0.0,0.0,0.0,0.0,0.0
913,210,Tsuga',0,0,0,0,0,0,0,0.0,0.0,0.0,0.0,0.0,0.0,0.0,0.0
913,210,Ulmus',0,0,0,0,0,0,0,0.0,0.0,0.0,0.0,0.0,0.0,0.0,0.0
913,210,Umbellularia',0,0,0,0,0,0,0,0.0,0.0,0.0,0.0,0.0,0.0,0.0,0.0
913,220,Abies',0,32,78,0,0,0,0,113.26941680908203,32.281063079833984,63.03321954727173,0.8091488849178162,836.1103474617005,9106.127414675904,0.0027685028724695445,28.03755835154789
913,220,Acer',0,59,10,0,0,0,0,10.634561538696289,5.950702667236328,30.643067862602724,0.14207221033596706,155.58748307526113,1750.0046482733756,0.0007868739505764062,8.938617689750377
913,220,Aesculus',0,0,0,0,0,0,0,0.0,0.0,0.0,0.0,0.0,0.0,0.0,0.0
913,220,Ailanthus',0,0,0,0,0,0,0,0.0,0.0,0.0,0.0,0.0,0.0,0.0,0.0
913,220,Alnus',0,2697,174,0,0,0,0,10.968208312988281,8.870535850524902,668.0403111643993,4.549537636951484,3843.1918790835143,10712.633700230092,0.018157237808825454,40.770458882330374
913,220,Amelanchier',0,0,0,0,0,0,0,0.0,0.0,0.0,0.0,0.0,0.0,0.0,0.0
913,220,Arbutus',0,20,25,0,1,0,0,50.94351577758789,24.816755294799805,30.31711863994598,0.8491393908444658,1577.2991138201953,20649.143004113175,0.00394302324342511,49.75351772883013
913,220,Asimina',0,0,0,0,0,0,0,0.0,0.0,0.0,0.0,0.0,0.0,0.0,0.0
913,220,Betula',0,0,0,0,0,0,0,0.0,0.0,0.0,0.0,0.0,0.0,0.0,0.0
913,220,Calocedrus',0,100,180,0,0,1,0,71.55218505859375,25.975385665893555,60.81282022833824,3.5954312752301867,3330.652196266651,32042.161871891403,0.00827985676935151,76.62820292503835
913,220,Carpinus',0,0,0,0,0,0,0,0.0,0.0,0.0,0.0,0.0,0.0,0.0,0.0
913,220,Carya',0,0,0,0,0,0,0,0.0,0.0,0.0,0.0,0.0,0.0,0.0,0.0
913,220,Castanea',0,0,0,0,0,0,0,0.0,0.0,0.0,0.0,0.0,0.0,0.0,0.0
913,220,Catalpa',0,0,0,0,0,0,0,0.0,0.0,0.0,0.0,0.0,0.0,0.0,0.0
913,220,Celtis',0,0,0,0,0,0,0,0.0,0.0,0.0,0.0,0.0,0.0,0.0,0.0
913,220,Cercis',0,0,0,0,0,0,0,0.0,0.0,0.0,0.0,0.0,0.0,0.0,0.0
913,220,Cercocarpus',0,0,15,0,0,0,0,15.70223617553711,6.552295684814453,8.500529136657715,0.3036399772447971,433.57636653900147,9695.062290185708,0.0010862884607315136,24.290148413692787
913,220,Chamaecyparis',0,0,0,0,0,0,0,0.0,0.0,0.0,0.0,0.0,0.0,0.0,0.0
913,220,Chilopsis',0,0,0,0,0,0,0,0.0,0.0,0.0,0.0,0.0,0.0,0.0,0.0
913,220,Chrysolepis',0,103,74,7,0,0,0,38.28156280517578,17.838869094848633,39.77808575034141,2.601716054414687,2814.188111613989,32706.023564321244,0.006828323540650324,76.25130298500383
913,220,Cladrastis',0,0,0,0,0,0,0,0.0,0.0,0.0,0.0,0.0,0.0,0.0,0.0
913,220,Comus',0,0,0,0,0,0,0,0.0,0.0,0.0,0.0,0.0,0.0,0.0,0.0
913,220,Cornus',0,0,0,0,0,0,0,0.0,0.0,0.0,0.0,0.0,0.0,0.0,0.0
913,220,Crataegus',0,0,0,0,0,0,0,0.0,0.0,0.0,0.0,0.0,0.0,0.0,0.0
913,220,Cupressus',0,0,0,0,0,0,0,0.0,0.0,0.0,0.0,0.0,0.0,0.0,0.0
913,220,Diospyros',0,0,0,0,0,0,0,0.0,0.0,0.0,0.0,0.0,0.0,0.0,0.0
913,220,Elaeagnus',0,0,0,0,0,0,0,0.0,0.0,0.0,0.0,0.0,0.0,0.0,0.0
913,220,Fagus',0,0,0,0,0,0,0,0.0,0.0,0.0,0.0,0.0,0.0,0.0,0.0
913,220,Fraxinus',0,0,3,0,0,0,0,8.309185028076172,5.0965728759765625,6.713750422755373,0.018870611997931552,30.645310592651366,685.2499767676239,0.00016474886025488394,3.683896507455349
913,220,Gleditsia',0,0,0,0,0,0,0,0.0,0.0,0.0,0.0,0.0,0.0,0.0,0.0
913,220,Gordonia',0,0,0,0,0,0,0,0.0,0.0,0.0,0.0,0.0,0.0,0.0,0.0
913,220,Gymnocladus',0,0,0,0,0,0,0,0.0,0.0,0.0,0.0,0.0,0.0,0.0,0.0
913,220,Halesia',0,0,0,0,0,0,0,0.0,0.0,0.0,0.0,0.0,0.0,0.0,0.0
913,220,Ilex',0,0,0,0,0,0,0,0.0,0.0,0.0,0.0,0.0,0.0,0.0,0.0
913,220,Juglans',0,0,0,0,0,0,0,0.0,0.0,0.0,0.0,0.0,0.0,0.0,0.0
913,220,Juniperus',0,86,27,10,0,0,0,39.02839279174805,10.96633529663086,85.08266806840896,1.1956789894674649,1233.0606304860116,14440.785552951264,0.003969106561258425,41.39355648627783
913,220,Larix',0,0,0,0,0,0,0,0.0,0.0,0.0,0.0,0.0,0.0,0.0,0.0
913,220,Liquidambar',0,0,0,0,0,0,0,0.0,0.0,0.0,0.0,0.0,0.0,0.0,0.0
913,220,Liriodendron',0,0,0,0,0,0,0,0.0,0.0,0.0,0.0,0.0,0.0,0.0,0.0
913,220,Lithocarpus',0,23,0,0,1,0,0,63.06355667114258,23.994125366210938,10.138576508760451,0.52219542359168,1125.5770507252216,22817.48838229855,0.0026477285406812977,52.75505406050737
913,220,Maclura',0,0,0,0,0,0,0,0.0,0.0,0.0,0.0,0.0,0.0,0.0,0.0
913,220,Magnolia',0,0,0,0,0,0,0,0.0,0.0,0.0,0.0,0.0,0.0,0.0,0.0
913,220,Malus',0,0,0,0,0,0,0,0.0,0.0,0.0,0.0,0.0,0.0,0.0,0.0
913,220,Morus',0,0,0,0,0,0,0,0.0,0.0,0.0,0.0,0.0,0.0,0.0,0.0
913,220,Nyssa',0,0,0,0,0,0,0,0.0,0.0,0.0,0.0,0.0,0.0,0.0,0.0
913,220,Olneya',0,0,0,0,0,0,0,0.0,0.0,0.0,0.0,0.0,0.0,0.0,0.0
913,220,Ostrya',0,0,0,0,0,0,0,0.0,0.0,0.0,0.0,0.0,0.0,0.0,0.0
913,220,Oxydendron',0,0,0,0,0,0,0,0.0,0.0,0.0,0.0,0.0,0.0,0.0,0.0
913,220,Paulownia',0,0,0,0,0,0,0,0.0,0.0,0.0,0.0,0.0,0.0,0.0,0.0
913,220,Persea',0,0,0,0,0,0,0,0.0,0.0,0.0,0.0,0.0,0.0,0.0,0.0
913,220,Picea',0,0,0,0,0,0,0,0.0,0.0,0.0,0.0,0.0,0.0,0.0,0.0
913,220,Pinus',0,3765,2444,176,0,0,1,93.09968566894531,28.66364860534668,2109.3202258576453,67.40957305397225,68188.96581616983,154400.5197572067,0.18199899487610016,365.2122832012851
913,220,Planera',0,0,0,0,0,0,0,0.0,0.0,0.0,0.0,0.0,0.0,0.0,0.0
913,220,Platanus',0,0,0,0,0,0,0,0.0,0.0,0.0,0.0,0.0,0.0,0.0,0.0
913,220,Populus',0,626,2,0,0,0,0,20.0556697845459,7.289271831512451,182.1438677137411,0.4345507432941352,575.5473058009147,2943.23989877405,0.0039010561885568524,19.4859490155075
913,220,Prosopis',0,0,0,0,0,0,0,0.0,0.0,0.0,0.0,0.0,0.0,0.0,0.0
913,220,Prunus',0,0,0,0,0,0,0,0.0,0.0,0.0,0.0,0.0,0.0,0.0,0.0
913,220,Pseudotsuga',0,0,0,0,0,0,0,0.0,0.0,0.0,0.0,0.0,0.0,0.0,0.0
913,220,Quercus',0,37,0,5,0,0,0,30.3217716217041,12.35956859588623,16.975955223735372,0.4196916836288667,717.3965622234344,15023.699807612273,0.001793444925263523,35.34899178419374
913,220,Robinia',0,0,0,0,0,0,0,0.0,0.0,0.0,0.0,0.0,0.0,0.0,0.0
913,220,Salix',0,765,3,0,0,0,0,8.350366592407227,6.106740474700928,141.37262915744432,0.5875836873376852,556.4023166397214,2624.4173260027037,0.0032715871422647146,15.348031271729068
913,220,Sassafras',0,0,0,0,0,0,0,0.0,0.0,0.0,0.0,0.0,0.0,0.0,0.0
913,220,Sequoia',0,0,0,0,0,0,0,0.0,0.0,0.0,0.0,0.0,0.0,0.0,0.0
913,220,Sequoiadendron',0,0,0,0,0,0,0,0.0,0.0,0.0,0.0,0.0,0.0,0.0,0.0
913,220,Sorbus',0,0,0,0,0,0,0,0.0,0.0,0.0,0.0,0.0,0.0,0.0,0.0
913,220,Taxodium',0,0,0,0,0,0,0,0.0,0.0,0.0,0.0,0.0,0.0,0.0,0.0
913,220,Taxus',0,0,0,0,0,0,0,0.0,0.0,0.0,0.0,0.0,0.0,0.0,0.0
913,220,Thuja',0,0,0,0,0,0,0,0.0,0.0,0.0,0.0,0.0,0.0,0.0,0.0
913,220,Tilia',0,0,0,0,0,0,0,0.0,0.0,0.0,0.0,0.0,0.0,0.0,0.0
913,220,Torreya',0,0,0,0,0,0,0,0.0,0.0,0.0,0.0,0.0,0.0,0.0,0.0
913,220,Tsuga',0,0,0,0,0,0,0,0.0,0.0,0.0,0.0,0.0,0.0,0.0,0.0
913,220,Ulmus',0,0,0,0,0,0,0,0.0,0.0,0.0,0.0,0.0,0.0,0.0,0.0
913,220,Umbellularia',0,0,0,0,0,0,0,0.0,0.0,0.0,0.0,0.0,0.0,0.0,0.0
913,230,Abies',0,3,91,0,0,0,0,117.11734008789062,32.532073974609375,53.94618762969971,1.019952498609862,1027.2130447006225,11262.03647780752,0.003061918344611904,31.88743013719938
913,230,Acer',0,72,10,0,0,0,0,14.081442832946777,7.318202018737793,26.198574958156932,0.16901005048004955,181.62300675690173,2253.314750650815,0.0007807497218679639,9.176516884604297
913,230,Aesculus',0,0,0,0,0,0,0,0.0,0.0,0.0,0.0,0.0,0.0,0.0,0.0
913,230,Ailanthus',0,0,0,0,0,0,0,0.0,0.0,0.0,0.0,0.0,0.0,0.0,0.0
913,230,Alnus',0,2868,212,0,0,0,0,12.439599990844727,9.749770164489746,590.5458001699299,4.698050315154545,3924.249165911451,12737.927782248818,0.017221788586871904,42.365066881981015
913,230,Amelanchier',0,0,0,0,0,0,0,0.0,0.0,0.0,0.0,0.0,0.0,0.0,0.0
913,230,Arbutus',0,18,20,0,1,0,0,55.35482406616211,25.843015670776367,27.55564993858337,0.8402074806408639,1630.0745243549347,23891.457978878054,0.00402041399033368,56.534907998037546
913,230,Asimina',0,0,0,0,0,0,0,0.0,0.0,0.0,0.0,0.0,0.0,0.0,0.0
913,230,Betula',0,0,0,0,0,0,0,0.0,0.0,0.0,0.0,0.0,0.0,0.0,0.0
913,230,Calocedrus',0,100,99,0,0,1,0,75.7085952758789,26.658851623535156,41.514345380365846,2.220586117288357,2205.1683022132515,28253.758246827987,0.005500025639802196,66.1086099740084
913,230,Carpinus',0,0,0,0,0,0,0,0.0,0.0,0.0,0.0,0.0,0.0,0.0,0.0
913,230,Carya',0,0,0,0,0,0,0,0.0,0.0,0.0,0.0,0.0,0.0,0.0,0.0
913,230,Castanea',0,0,0,0,0,0,0,0.0,0.0,0.0,0.0,0.0,0.0,0.0,0.0
913,230,Catalpa',0,0,0,0,0,0,0,0.0,0.0,0.0,0.0,0.0,0.0,0.0,0.0
913,230,Celtis',0,0,0,0,0,0,0,0.0,0.0,0.0,0.0,0.0,0.0,0.0,0.0
913,230,Cercis',0,0,0,0,0,0,0,0.0,0.0,0.0,0.0,0.0,0.0,0.0,0.0
913,230,Cercocarpus',0,0,0,0,0,0,0,18.8135929107666,7.234344482421875,6.375286254882813,0.017791531765754952,56.59532043457031,1265.5098370008232,0.000217854855219523,4.871382654992292
913,230,Chamaecyparis',0,0,0,0,0,0,0,0.0,0.0,0.0,0.0,0.0,0.0,0.0,0.0
913,230,Chilopsis',0,0,0,0,0,0,0,0.0,0.0,0.0,0.0,0.0,0.0,0.0,0.0
913,230,Chrysolepis',0,71,64,16,0,0,0,39.835628509521484,18.306791305541992,42.62506493806839,2.6044420066397715,2957.8902534794806,36084.465657504275,0.007188784829730792,82.90385325552684
913,230,Cladrastis',0,0,0,0,0,0,0,0.0,0.0,0.0,0.0,0.0,0.0,0.0,0.0
913,230,Comus',0,0,0,0,0,0,0,0.0,0.0,0.0,0.0,0.0,0.0,0.0,0.0
913,230,Cornus',0,0,0,0,0,0,0,0.0,0.0,0.0,0.0,0.0,0.0,0.0,0.0
913,230,Crataegus',0,0,0,0,0,0,0,0.0,0.0,0.0,0.0,0.0,0.0,0.0,0.0
913,230,Cupressus',0,0,0,0,0,0,0,0.0,0.0,0.0,0.0,0.0,0.0,0.0,0.0
913,230,Diospyros',0,0,0,0,0,0,0,0.0,0.0,0.0,0.0,0.0,0.0,0.0,0.0
913,230,Elaeagnus',0,0,0,0,0,0,0,0.0,0.0,0.0,0.0,0.0,0.0,0.0,0.0
913,230,Fagus',0,0,0,0,0,0,0,0.0,0.0,0.0,0.0,0.0,0.0,0.0,0.0
913,230,Fraxinus',0,36,0,0,0,0,0,2.805838108062744,2.6604464054107666,10.279075685369817,0.02258114029481842,35.960313771367076,804.0970608499829,0.00022788481252454445,5.095659318446801
913,230,Gleditsia',0,0,0,0,0,0,0,0.0,0.0,0.0,0.0,0.0,0.0,0.0,0.0
913,230,Gordonia',0,0,0,0,0,0,0,0.0,0.0,0.0,0.0,0.0,0.0,0.0,0.0
913,230,Gymnocladus',0,0,0,0,0,0,0,0.0,0.0,0.0,0.0,0.0,0.0,0.0,0.0
913,230,Halesia',0,0,0,0,0,0,0,0.0,0.0,0.0,0.0,0.0,0.0,0.0,0.0
913,230,Ilex',0,0,0,0,0,0,0,0.0,0.0,0.0,0.0,0.0,0.0,0.0,0.0
913,230,Juglans',0,0,0,0,0,0,0,0.0,0.0,0.0,0.0,0.0,0.0,0.0,0.0
913,230,Juniperus',0,78,27,9,1,0,0,48.55445861816406,12.304643630981445,131.13302935123443,1.5513861302830152,1673.1490525865556,17989.031453733216,0.0056122528969720096,53.47390576189408
913,230,Larix',0,0,0,0,0,0,0,0.0,0.0,0.0,0.0,0.0,0.0,0.0,0.0
913,230,Liquidambar',0,0,0,0,0,0,0,0.0,0.0,0.0,0.0,0.0,0.0,0.0,0.0
913,230,Liriodendron',0,0,0,0,0,0,0,0.0,0.0,0.0,0.0,0.0,0.0,0.0,0.0
913,230,Lithocarpus',0,14,23,0,1,0,0,65.71426391601562,24.510087966918945,10.728352687358855,0.6140989696100015,1299.708801970482,25453.35523934755,0.003043206833440189,59.09531002102522
913,230,Maclura',0,0,0,0,0,0,0,0.0,0.0,0.0,0.0,0.0,0.0,0.0,0.0
913,230,Magnolia',0,0,0,0,0,0,0,0.0,0.0,0.0,0.0,0.0,0.0,0.0,0.0
913,230,Malus',0,0,0,0,0,0,0,0.0,0.0,0.0,0.0,0.0,0.0,0.0,0.0
913,230,Morus',0,0,0,0,0,0,0,0.0,0.0,0.0,0.0,0.0,0.0,0.0,0.0
913,230,Nyssa',0,0,0,0,0,0,0,0.0,0.0,0.0,0.0,0.0,0.0,0.0,0.0
913,230,Olneya',0,0,0,0,0,0,0,0.0,0.0,0.0,0.0,0.0,0.0,0.0,0.0
913,230,Ostrya',0,0,0,0,0,0,0,0.0,0.0,0.0,0.0,0.0,0.0,0.0,0.0
913,230,Oxydendron',0,0,0,0,0,0,0,0.0,0.0,0.0,0.0,0.0,0.0,0.0,0.0
913,230,Paulownia',0,0,0,0,0,0,0,0.0,0.0,0.0,0.0,0.0,0.0,0.0,0.0
913,230,Persea',0,0,0,0,0,0,0,0.0,0.0,0.0,0.0,0.0,0.0,0.0,0.0
913,230,Picea',0,0,0,0,0,0,0,0.0,0.0,0.0,0.0,0.0,0.0,0.0,0.0
913,230,Pinus',0,3773,2478,187,0,0,1,96.77254486083984,29.086122512817383,2196.1673535765703,68.99047883763733,69350.70253607437,159619.9884300915,0.18583509035372384,380.1659962911588
913,230,Planera',0,0,0,0,0,0,0,0.0,0.0,0.0,0.0,0.0,0.0,0.0,0.0
913,230,Platanus',0,0,0,0,0,0,0,0.0,0.0,0.0,0.0,0.0,0.0,0.0,0.0
913,230,Populus',0,560,11,0,0,0,0,11.066627502441406,4.800178527832031,160.52317668459835,0.4595351184151727,554.2156483715772,3052.4774884198096,0.003542410633220345,19.91804835562379
913,230,Prosopis',0,0,0,0,0,0,0,0.0,0.0,0.0,0.0,0.0,0.0,0.0,0.0
913,230,Prunus',0,0,0,0,0,0,0,0.0,0.0,0.0,0.0,0.0,0.0,0.0,0.0
913,230,Pseudotsuga',0,0,0,0,0,0,0,0.0,0.0,0.0,0.0,0.0,0.0,0.0,0.0
913,230,Quercus',0,61,0,5,0,0,0,32.73667526245117,12.962563514709473,34.93628358916391,0.5767176981051573,954.0801668000222,18041.23123963785,0.0025904224790036776,42.29810355436301
913,230,Robinia',0,0,0,0,0,0,0,0.0,0.0,0.0,0.0,0.0,0.0,0.0,0.0
913,230,Salix',0,547,8,0,0,0,0,12.833404541015625,8.34604263305664,112.03830193256651,0.6673553073443951,554.4824994829297,3517.6312239113367,0.0028450369367925598,15.981960640525388
913,230,Sassafras',0,0,0,0,0,0,0,0.0,0.0,0.0,0.0,0.0,0.0,0.0,0.0
913,230,Sequoia',0,0,0,0,0,0,0,0.0,0.0,0.0,0.0,0.0,0.0,0.0,0.0
913,230,Sequoiadendron',0,0,0,0,0,0,0,0.0,0.0,0.0,0.0,0.0,0.0,0.0,0.0
913,230,Sorbus',0,0,0,0,0,0,0,0.0,0.0,0.0,0.0,0.0,0.0,0.0,0.0
913,230,Taxodium',0,0,0,0,0,0,0,0.0,0.0,0.0,0.0,0.0,0.0,0.0,0.0
913,230,Taxus',0,0,0,0,0,0,0,0.0,0.0,0.0,0.0,0.0,0.0,0.0,0.0
913,230,Thuja',0,0,0,0,0,0,0,0.0,0.0,0.0,0.0,0.0,0.0,0.0,0.0
913,230,Tilia',0,0,0,0,0,0,0,0.0,0.0,0.0,0.0,0.0,0.0,0.0,0.0
913,230,Torreya',0,0,0,0,0,0,0,0.0,0.0,0.0,0.0,0.0,0.0,0.0,0.0
913,230,Tsuga',0,0,0,0,0,0,0,0.0,0.0,0.0,0.0,0.0,0.0,0.0,0.0
913,230,Ulmus',0,0,0,0,0,0,0,0.0,0.0,0.0,0.0,0.0,0.0,0.0,0.0
913,230,Umbellularia',0,0,0,0,0,0,0,0.0,0.0,0.0,0.0,0.0,0.0,0.0,0.0
913,240,Abies',0,31,62,0,0,0,0,120.13201141357422,32.715213775634766,49.02897791624069,0.9647476469836741,1065.5834533059597,12393.858048689272,0.003076159603465187,34.05316607093225
913,240,Acer',0,178,6,0,0,0,0,15.154692649841309,7.73096227645874,32.41956227376491,0.21093012370987219,230.74985379338264,2681.245458118435,0.0009794750566489553,9.961141502826605
913,240,Aesculus',0,0,0,0,0,0,0,0.0,0.0,0.0,0.0,0.0,0.0,0.0,0.0
913,240,Ailanthus',0,0,0,0,0,0,0,0.0,0.0,0.0,0.0,0.0,0.0,0.0,0.0
913,240,Alnus',0,2276,232,0,0,0,0,13.736526489257812,10.500699996948242,569.5142495259643,4.356903654824264,3706.991048722118,14002.431659450926,0.016436231959941427,44.4090150896408
913,240,Amelanchier',0,0,0,0,0,0,0,0.0,0.0,0.0,0.0,0.0,0.0,0.0,0.0
913,240,Arbutus',0,60,39,0,1,0,0,59.576499938964844,26.73318862915039,54.30323149204254,1.102388972689378,2169.335572628975,28779.538710003577,0.00560512569525527,68.64403182729166
913,240,Asimina',0,0,0,0,0,0,0,0.0,0.0,0.0,0.0,0.0,0.0,0.0,0.0
913,240,Betula',0,0,0,0,0,0,0,0.0,0.0,0.0,0.0,0.0,0.0,0.0,0.0
913,240,Calocedrus',0,100,129,0,0,1,0,79.91683197021484,27.30118179321289,64.43151230096817,2.8521301639701653,2797.7213470101356,33134.66610888552,0.007147835931857424,78.87182242419206
913,240,Carpinus',0,0,0,0,0,0,0,0.0,0.0,0.0,0.0,0.0,0.0,0.0,0.0
913,240,Carya',0,0,0,0,0,0,0,0.0,0.0,0.0,0.0,0.0,0.0,0.0,0.0
913,240,Castanea',0,0,0,0,0,0,0,0.0,0.0,0.0,0.0,0.0,0.0,0.0,0.0
913,240,Catalpa',0,0,0,0,0,0,0,0.0,0.0,0.0,0.0,0.0,0.0,0.0,0.0
913,240,Celtis',0,0,0,0,0,0,0,0.0,0.0,0.0,0.0,0.0,0.0,0.0,0.0
913,240,Cercis',0,0,0,0,0,0,0,0.0,0.0,0.0,0.0,0.0,0.0,0.0,0.0
913,240,Cercocarpus',0,0,0,0,0,0,0,30.250993728637695,9.085396766662598,9.094676513671875,0.0459990800809342,117.78222534179687,2633.690624054571,0.0003931058235168457,8.790113437346994
913,240,Chamaecyparis',0,0,0,0,0,0,0,0.0,0.0,0.0,0.0,0.0,0.0,0.0,0.0
913,240,Chilopsis',0,0,0,0,0,0,0,0.0,0.0,0.0,0.0,0.0,0.0,0.0,0.0
913,240,Chrysolepis',0,32,103,16,0,0,0,41.432064056396484,18.774606704711914,34.52523932278156,3.0778583669149016,3474.7323148423434,40901.71987506725,0.008220325265819827,93.99813725929347
913,240,Cladrastis',0,0,0,0,0,0,0,0.0,0.0,0.0,0.0,0.0,0.0,0.0,0.0
913,240,Comus',0,0,0,0,0,0,0,0.0,0.0,0.0,0.0,0.0,0.0,0.0,0.0
913,240,Cornus',0,0,0,0,0,0,0,0.0,0.0,0.0,0.0,0.0,0.0,0.0,0.0
913,240,Crataegus',0,0,0,0,0,0,0,0.0,0.0,0.0,0.0,0.0,0.0,0.0,0.0
913,240,Cupressus',0,8,0,0,0,0,0,0.5376514196395874,1.4980618953704834,0.39308419704437253,0.00020342273298943968,2.271071906089783,50.78271163806734,1.072470917552705e-05,0.23981178755393992
913,240,Diospyros',0,0,0,0,0,0,0,0.0,0.0,0.0,0.0,0.0,0.0,0.0,0.0
913,240,Elaeagnus',0,0,0,0,0,0,0,0.0,0.0,0.0,0.0,0.0,0.0,0.0,0.0
913,240,Fagus',0,0,0,0,0,0,0,0.0,0.0,0.0,0.0,0.0,0.0,0.0,0.0
913,240,Fraxinus',0,0,0,0,0,0,0,0.0,0.0,0.0,0.0,0.0,0.0,0.0,0.0
913,240,Gleditsia',0,0,0,0,0,0,0,0.0,0.0,0.0,0.0,0.0,0.0,0.0,0.0
913,240,Gordonia',0,0,0,0,0,0,0,0.0,0.0,0.0,0.0,0.0,0.0,0.0,0.0
913,240,Gymnocladus',0,0,0,0,0,0,0,0.0,0.0,0.0,0.0,0.0,0.0,0.0,0.0
913,240,Halesia',0,0,0,0,0,0,0,0.0,0.0,0.0,0.0,0.0,0.0,0.0,0.0
913,240,Ilex',0,0,0,0,0,0,0,0.0,0.0,0.0,0.0,0.0,0.0,0.0,0.0
913,240,Juglans',0,0,0,0,0,0,0,0.0,0.0,0.0,0.0,0.0,0.0,0.0,0.0
913,240,Juniperus',0,79,27,9,1,0,0,57.47538375854492,13.326062202453613,78.27329545140266,1.9593665434627436,1978.5655969154834,20918.50314363814,0.005527426854752002,52.91560122481854
913,240,Larix',0,0,0,0,0,0,0,0.0,0.0,0.0,0.0,0.0,0.0,0.0,0.0
913,240,Liquidambar',0,0,0,0,0,0,0,0.0,0.0,0.0,0.0,0.0,0.0,0.0,0.0
913,240,Liriodendron',0,0,0,0,0,0,0,0.0,0.0,0.0,0.0,0.0,0.0,0.0,0.0
913,240,Lithocarpus',0,14,0,0,0,1,0,68.26341247558594,24.984548568725586,14.16397087097168,0.5255559078363522,1284.8736586761474,27481.337205476964,0.0030598654929809275,63.26494826359187
913,240,Maclura',0,0,0,0,0,0,0,0.0,0.0,0.0,0.0,0.0,0.0,0.0,0.0
913,240,Magnolia',0,0,0,0,0,0,0,0.0,0.0,0.0,0.0,0.0,0.0,0.0,0.0
913,240,Malus',0,0,0,0,0,0,0,0.0,0.0,0.0,0.0,0.0,0.0,0.0,0.0
913,240,Morus',0,0,0,0,0,0,0,0.0,0.0,0.0,0.0,0.0,0.0,0.0,0.0
913,240,Nyssa',0,0,0,0,0,0,0,0.0,0.0,0.0,0.0,0.0,0.0,0.0,0.0
913,240,Olneya',0,0,0,0,0,0,0,0.0,0.0,0.0,0.0,0.0,0.0,0.0,0.0
913,240,Ostrya',0,0,0,0,0,0,0,0.0,0.0,0.0,0.0,0.0,0.0,0.0,0.0
913,240,Oxydendron',0,0,0,0,0,0,0,0.0,0.0,0.0,0.0,0.0,0.0,0.0,0.0
913,240,Paulownia',0,0,0,0,0,0,0,0.0,0.0,0.0,0.0,0.0,0.0,0.0,0.0
913,240,Persea',0,0,0,0,0,0,0,0.0,0.0,0.0,0.0,0.0,0.0,0.0,0.0
913,240,Picea',0,0,0,0,0,0,0,0.0,0.0,0.0,0.0,0.0,0.0,0.0,0.0
913,240,Pinus',0,3631,2706,208,0,0,1,100.59574127197266,29.498403549194336,2213.2695187620816,73.30672667608529,74234.38955771581,165368.03839366365,0.19693475852141967,393.42683541994245
913,240,Planera',0,0,0,0,0,0,0,0.0,0.0,0.0,0.0,0.0,0.0,0.0,0.0
913,240,Platanus',0,0,0,0,0,0,0,0.0,0.0,0.0,0.0,0.0,0.0,0.0,0.0
913,240,Populus',0,281,16,0,0,0,0,10.931196212768555,4.760367393493652,134.0863940610161,0.42125116595703127,441.3507118177414,2879.6905004247924,0.002911027494059868,18.900559591610953
913,240,Prosopis',0,0,0,0,0,0,0,0.0,0.0,0.0,0.0,0.0,0.0,0.0,0.0
913,240,Prunus',0,0,0,0,0,0,0,0.0,0.0,0.0,0.0,0.0,0.0,0.0,0.0
913,240,Pseudotsuga',0,0,0,0,0,0,0,0.0,0.0,0.0,0.0,0.0,0.0,0.0,0.0
913,240,Quercus',0,188,16,5,0,0,0,34.88874053955078,13.473557472229004,55.547103684254076,0.871018561002806,1329.1589611330628,21168.64401018718,0.0037341762107213385,49.31019165857351
913,240,Robinia',0,0,0,0,0,0,0,0.0,0.0,0.0,0.0,0.0,0.0,0.0,0.0
913,240,Salix',0,958,0,0,0,0,0,5.07444953918457,4.325282096862793,119.4215442037469,0.6460462546090789,555.2994794791937,2646.2527626815945,0.0029531383271021814,14.006247645281423
913,240,Sassafras',0,0,0,0,0,0,0,0.0,0.0,0.0,0.0,0.0,0.0,0.0,0.0
913,240,Sequoia',0,0,0,0,0,0,0,0.0,0.0,0.0,0.0,0.0,0.0,0.0,0.0
913,240,Sequoiadendron',0,0,0,0,0,0,0,0.0,0.0,0.0,0.0,0.0,0.0,0.0,0.0
913,240,Sorbus',0,0,0,0,0,0,0,0.0,0.0,0.0,0.0,0.0,0.0,0.0,0.0
913,240,Taxodium',0,0,0,0,0,0,0,0.0,0.0,0.0,0.0,0.0,0.0,0.0,0.0
913,240,Taxus',0,0,0,0,0,0,0,0.0,0.0,0.0,0.0,0.0,0.0,0.0,0.0
913,240,Thuja',0,0,0,0,0,0,0,0.0,0.0,0.0,0.0,0.0,0.0,0.0,0.0
913,240,Tilia',0,0,0,0,0,0,0,0.0,0.0,0.0,0.0,0.0,0.0,0.0,0.0
913,240,Torreya',0,0,0,0,0,0,0,0.0,0.0,0.0,0.0,0.0,0.0,0.0,0.0
913,240,Tsuga',0,0,0,0,0,0,0,0.0,0.0,0.0,0.0,0.0,0.0,0.0,0.0
913,240,Ulmus',0,0,0,0,0,0,0,0.0,0.0,0.0,0.0,0.0,0.0,0.0,0.0
913,240,Umbellularia',0,4,0,0,0,0,0,1.1879544258117676,1.8862733840942383,0.31192550182342527,0.0004610868874083787,1.4130370664596559,31.596469353306745,7.645673014223585e-06,0.17096244593539678
913,250,Abies',0,64,20,1,0,0,0,130.61451721191406,33.2698860168457,66.84388289809226,0.8554015351699514,1123.6651633679867,11166.537488772075,0.0034625564694255573,32.00613884142765
913,250,Acer',0,126,14,0,0,0,0,17.817764282226562,8.729279518127441,44.52263978274562,0.36488485134965787,356.6227123719454,3961.667777403722,0.0014334230586708257,13.416943732400458
913,250,Aesculus',0,0,0,0,0,0,0,0.0,0.0,0.0,0.0,0.0,0.0,0.0,0.0
913,250,Ailanthus',0,0,0,0,0,0,0,0.0,0.0,0.0,0.0,0.0,0.0,0.0,0.0
913,250,Alnus',0,2146,221,0,0,0,0,14.772331237792969,11.084712028503418,577.4916170941831,4.6899005758903645,4068.7078828751296,16308.738065086562,0.01735488570568256,48.409933349871004
913,250,Amelanchier',0,0,0,0,0,0,0,0.0,0.0,0.0,0.0,0.0,0.0,0.0,0.0
913,250,Arbutus',0,33,39,0,1,0,0,63.38844299316406,27.46666145324707,34.22107567846775,1.337097692817348,2566.3321024900674,33271.42906959575,0.006197264540118498,77.4496012094064
913,250,Asimina',0,0,0,0,0,0,0,0.0,0.0,0.0,0.0,0.0,0.0,0.0,0.0
913,250,Betula',0,0,0,0,0,0,0,0.0,0.0,0.0,0.0,0.0,0.0,0.0,0.0
913,250,Calocedrus',0,27,108,0,0,1,0,83.8777847290039,27.86333656311035,51.3400875377655,1.9688000953790596,2231.9525192165374,33592.357756106474,0.005701473359495384,78.51872138298111
913,250,Carpinus',0,0,0,0,0,0,0,0.0,0.0,0.0,0.0,0.0,0.0,0.0,0.0
913,250,Carya',0,0,0,0,0,0,0,0.0,0.0,0.0,0.0,0.0,0.0,0.0,0.0
913,250,Castanea',0,0,0,0,0,0,0,0.0,0.0,0.0,0.0,0.0,0.0,0.0,0.0
913,250,Catalpa',0,0,0,0,0,0,0,0.0,0.0,0.0,0.0,0.0,0.0,0.0,0.0
913,250,Celtis',0,0,0,0,0,0,0,0.0,0.0,0.0,0.0,0.0,0.0,0.0,0.0
913,250,Cercis',0,0,0,0,0,0,0,0.0,0.0,0.0,0.0,0.0,0.0,0.0,0.0
913,250,Cercocarpus',0,0,0,0,0,0,0,35.81016159057617,9.70497989654541,9.608237915039062,0.06445882977836229,151.98879455566407,3398.572764447147,0.00047653855133056625,10.655725946744175
913,250,Chamaecyparis',0,0,0,0,0,0,0,0.0,0.0,0.0,0.0,0.0,0.0,0.0,0.0
913,250,Chilopsis',0,0,0,0,0,0,0,0.0,0.0,0.0,0.0,0.0,0.0,0.0,0.0
913,250,Chrysolepis',0,77,111,16,0,0,0,42.88446807861328,19.18918228149414,43.092469026148315,2.860296884033231,3355.8159883990884,42491.883759216806,0.008079815662965804,96.3576619023151
913,250,Cladrastis',0,0,0,0,0,0,0,0.0,0.0,0.0,0.0,0.0,0.0,0.0,0.0
913,250,Comus',0,0,0,0,0,0,0,0.0,0.0,0.0,0.0,0.0,0.0,0.0,0.0
913,250,Cornus',0,0,0,0,0,0,0,0.0,0.0,0.0,0.0,0.0,0.0,0.0,0.0
913,250,Crataegus',0,0,0,0,0,0,0,0.0,0.0,0.0,0.0,0.0,0.0,0.0,0.0
913,250,Cupressus',0,28,0,0,0,0,0,3.2630929946899414,2.4757986068725586,11.610574600696562,0.024118152628459164,41.62649640798569,930.796756334076,0.0002602116260342328,5.81850884348298
913,250,Diospyros',0,0,0,0,0,0,0,0.0,0.0,0.0,0.0,0.0,0.0,0.0,0.0
913,250,Elaeagnus',0,0,0,0,0,0,0,0.0,0.0,0.0,0.0,0.0,0.0,0.0,0.0
913,250,Fagus',0,0,0,0,0,0,0,0.0,0.0,0.0,0.0,0.0,0.0,0.0,0.0
913,250,Fraxinus',0,0,0,0,0,0,0,0.0,0.0,0.0,0.0,0.0,0.0,0.0,0.0
913,250,Gleditsia',0,0,0,0,0,0,0,0.0,0.0,0.0,0.0,0.0,0.0,0.0,0.0
913,250,Gordonia',0,0,0,0,0,0,0,0.0,0.0,0.0,0.0,0.0,0.0,0.0,0.0
913,250,Gymnocladus',0,0,0,0,0,0,0,0.0,0.0,0.0,0.0,0.0,0.0,0.0,0.0
913,250,Halesia',0,0,0,0,0,0,0,0.0,0.0,0.0,0.0,0.0,0.0,0.0,0.0
913,250,Ilex',0,0,0,0,0,0,0,0.0,0.0,0.0,0.0,0.0,0.0,0.0,0.0
913,250,Juglans',0,0,0,0,0,0,0,0.0,0.0,0.0,0.0,0.0,0.0,0.0,0.0
913,250,Juniperus',0,36,44,9,1,0,0,65.14884185791016,14.056805610656738,75.4738128376007,1.843893262203646,1925.602840938568,23744.239129855625,0.005369294806055712,60.78624155184002
913,250,Larix',0,0,0,0,0,0,0,0.0,0.0,0.0,0.0,0.0,0.0,0.0,0.0
913,250,Liquidambar',0,0,0,0,0,0,0,0.0,0.0,0.0,0.0,0.0,0.0,0.0,0.0
913,250,Liriodendron',0,0,0,0,0,0,0,0.0,0.0,0.0,0.0,0.0,0.0,0.0,0.0
913,250,Lithocarpus',0,37,14,0,0,1,0,70.61939239501953,25.40491485595703,32.71853700876236,0.646238806354874,1513.228850567341,29746.594655406705,0.0038353318479874437,68.32953593980658
913,250,Maclura',0,0,0,0,0,0,0,0.0,0.0,0.0,0.0,0.0,0.0,0.0,0.0
913,250,Magnolia',0,0,0,0,0,0,0,0.0,0.0,0.0,0.0,0.0,0.0,0.0,0.0
913,250,Malus',0,0,0,0,0,0,0,0.0,0.0,0.0,0.0,0.0,0.0,0.0,0.0
913,250,Morus',0,0,0,0,0,0,0,0.0,0.0,0.0,0.0,0.0,0.0,0.0,0.0
913,250,Nyssa',0,0,0,0,0,0,0,0.0,0.0,0.0,0.0,0.0,0.0,0.0,0.0
913,250,Olneya',0,0,0,0,0,0,0,0.0,0.0,0.0,0.0,0.0,0.0,0.0,0.0
913,250,Ostrya',0,0,0,0,0,0,0,0.0,0.0,0.0,0.0,0.0,0.0,0.0,0.0
913,250,Oxydendron',0,0,0,0,0,0,0,0.0,0.0,0.0,0.0,0.0,0.0,0.0,0.0
913,250,Paulownia',0,0,0,0,0,0,0,0.0,0.0,0.0,0.0,0.0,0.0,0.0,0.0
913,250,Persea',0,0,0,0,0,0,0,0.0,0.0,0.0,0.0,0.0,0.0,0.0,0.0
913,250,Picea',0,0,0,0,0,0,0,0.0,0.0,0.0,0.0,0.0,0.0,0.0,0.0
913,250,Pinus',0,3315,2646,193,0,0,1,104.0467529296875,29.84794044494629,2174.366461176276,70.2727410455453,70586.92036320001,153316.43196603493,0.18826733931415388,365.534315028823
913,250,Planera',0,0,0,0,0,0,0,0.0,0.0,0.0,0.0,0.0,0.0,0.0,0.0
913,250,Platanus',0,0,0,0,0,0,0,0.0,0.0,0.0,0.0,0.0,0.0,0.0,0.0
913,250,Populus',0,603,17,0,0,0,0,12.209979057312012,5.133447170257568,201.9041325599898,0.45158214889746384,594.3654608604312,2919.761807021177,0.004227334302334112,21.336740780826897
913,250,Prosopis',0,0,0,0,0,0,0,0.0,0.0,0.0,0.0,0.0,0.0,0.0,0.0
913,250,Prunus',0,0,0,0,0,0,0,0.0,0.0,0.0,0.0,0.0,0.0,0.0,0.0
913,250,Pseudotsuga',0,0,0,0,0,0,0,0.0,0.0,0.0,0.0,0.0,0.0,0.0,0.0
913,250,Quercus',0,128,40,5,0,0,0,37.01487731933594,13.955158233642578,65.81524667719118,1.0845313686128217,1600.398177141249,24752.670449844547,0.004468670098243271,58.093367153034244
913,250,Robinia',0,0,0,0,0,0,0,0.0,0.0,0.0,0.0,0.0,0.0,0.0,0.0
913,250,Salix',0,693,0,0,0,0,0,7.541551113128662,5.678739547729492,161.11422892247288,0.7314144148736641,636.3623349634559,3274.6653785831304,0.0037334673648934226,18.152483983469526
913,250,Sassafras',0,0,0,0,0,0,0,0.0,0.0,0.0,0.0,0.0,0.0,0.0,0.0
913,250,Sequoia',0,0,0,0,0,0,0,0.0,0.0,0.0,0.0,0.0,0.0,0.0,0.0
913,250,Sequoiadendron',0,0,0,0,0,0,0,0.0,0.0,0.0,0.0,0.0,0.0,0.0,0.0
913,250,Sorbus',0,0,0,0,0,0,0,0.0,0.0,0.0,0.0,0.0,0.0,0.0,0.0
913,250,Taxodium',0,0,0,0,0,0,0,0.0,0.0,0.0,0.0,0.0,0.0,0.0,0.0
913,250,Taxus',0,0,0,0,0,0,0,0.0,0.0,0.0,0.0,0.0,0.0,0.0,0.0
913,250,Thuja',0,0,0,0,0,0,0,0.0,0.0,0.0,0.0,0.0,0.0,0.0,0.0
913,250,Tilia',0,0,0,0,0,0,0,0.0,0.0,0.0,0.0,0.0,0.0,0.0,0.0
913,250,Torreya',0,0,0,0,0,0,0,0.0,0.0,0.0,0.0,0.0,0.0,0.0,0.0
913,250,Tsuga',0,0,0,0,0,0,0,0.0,0.0,0.0,0.0,0.0,0.0,0.0,0.0
913,250,Ulmus',0,0,0,0,0,0,0,0.0,0.0,0.0,0.0,0.0,0.0,0.0,0.0
913,250,Umbellularia',0,0,4,0,0,0,0,10.346049308776855,5.925929069519043,11.739341583251953,0.034972952642555025,66.42477310180664,1485.3030804563832,0.0003171788676977163,7.092335091985054
913,260,Abies',0,104,15,7,0,0,0,139.0615997314453,33.636985778808594,62.26063556432724,1.1734745572895156,1463.84802983284,14159.475373193698,0.004152315893126435,38.446585283653235
913,260,Acer',0,113,22,0,0,0,0,20.392271041870117,9.660330772399902,38.887524990529954,0.42969560376089055,431.3836173158884,5217.4870507021715,0.0015184377494782692,15.513719868278073
913,260,Aesculus',0,0,0,0,0,0,0,0.0,0.0,0.0,0.0,0.0,0.0,0.0,0.0
913,260,Ailanthus',0,0,0,0,0,0,0,0.0,0.0,0.0,0.0,0.0,0.0,0.0,0.0
913,260,Alnus',0,2233,185,0,0,0,0,15.843976974487305,11.67460823059082,534.3415296154355,4.653428723657327,3984.6204360941797,17747.731741093943,0.016546855162078936,50.33214853000105
913,260,Amelanchier',0,0,0,0,0,0,0,0.0,0.0,0.0,0.0,0.0,0.0,0.0,0.0
913,260,Arbutus',0,41,37,0,1,0,0,67.38800811767578,28.1707706451416,31.300598919391632,1.5216247298698555,2880.3219333004954,38406.10116291737,0.006852834925564634,88.92994617109879
913,260,Asimina',0,0,0,0,0,0,0,0.0,0.0,0.0,0.0,0.0,0.0,0.0,0.0
913,260,Betula',0,0,0,0,0,0,0,0.0,0.0,0.0,0.0,0.0,0.0,0.0,0.0
913,260,Calocedrus',0,68,136,0,0,1,0,87.64115142822266,28.361940383911133,73.66065031588077,2.5589772539891036,2815.0905784571173,37729.403106190155,0.007319744163916138,88.16363725819456
913,260,Carpinus',0,0,0,0,0,0,0,0.0,0.0,0.0,0.0,0.0,0.0,0.0,0.0
913,260,Carya',0,0,0,0,0,0,0,0.0,0.0,0.0,0.0,0.0,0.0,0.0,0.0
913,260,Castanea',0,0,0,0,0,0,0,0.0,0.0,0.0,0.0,0.0,0.0,0.0,0.0
913,260,Catalpa',0,0,0,0,0,0,0,0.0,0.0,0.0,0.0,0.0,0.0,0.0,0.0
913,260,Celtis',0,0,0,0,0,0,0,0.0,0.0,0.0,0.0,0.0,0.0,0.0,0.0
913,260,Cercis',0,0,0,0,0,0,0,0.0,0.0,0.0,0.0,0.0,0.0,0.0,0.0
913,260,Cercocarpus',0,32,0,0,0,0,0,6.348097324371338,3.855564832687378,8.832609663009643,0.01710557958554604,47.77073039054871,965.5138786125426,0.0002337393244703593,4.746153961889855
913,260,Chamaecyparis',0,0,0,0,0,0,0,0.0,0.0,0.0,0.0,0.0,0.0,0.0,0.0
913,260,Chilopsis',0,0,0,0,0,0,0,0.0,0.0,0.0,0.0,0.0,0.0,0.0,0.0
913,260,Chrysolepis',0,84,111,16,0,0,0,44.31355285644531,19.58710479736328,50.68307793319225,3.3731261466917384,3927.3683641785383,47185.74103264173,0.009459574273464876,107.51415776550694
913,260,Cladrastis',0,0,0,0,0,0,0,0.0,0.0,0.0,0.0,0.0,0.0,0.0,0.0
913,260,Comus',0,0,0,0,0,0,0,0.0,0.0,0.0,0.0,0.0,0.0,0.0,0.0
913,260,Cornus',0,0,0,0,0,0,0,0.0,0.0,0.0,0.0,0.0,0.0,0.0,0.0
913,260,Crataegus',0,0,0,0,0,0,0,0.0,0.0,0.0,0.0,0.0,0.0,0.0,0.0
913,260,Cupressus',0,0,0,0,0,0,0,0.0,0.0,0.0,0.0,0.0,0.0,0.0,0.0
913,260,Diospyros',0,0,0,0,0,0,0,0.0,0.0,0.0,0.0,0.0,0.0,0.0,0.0
913,260,Elaeagnus',0,0,0,0,0,0,0,0.0,0.0,0.0,0.0,0.0,0.0,0.0,0.0
913,260,Fagus',0,0,0,0,0,0,0,0.0,0.0,0.0,0.0,0.0,0.0,0.0,0.0
913,260,Fraxinus',0,49,0,0,0,0,0,3.63909649848938,3.0485341548919678,15.732043567526187,0.03556972652886412,55.56504601299763,878.1104488316872,0.00034994938635360623,5.531641098005938
913,260,Gleditsia',0,0,0,0,0,0,0,0.0,0.0,0.0,0.0,0.0,0.0,0.0,0.0
913,260,Gordonia',0,0,0,0,0,0,0,0.0,0.0,0.0,0.0,0.0,0.0,0.0,0.0
913,260,Gymnocladus',0,0,0,0,0,0,0,0.0,0.0,0.0,0.0,0.0,0.0,0.0,0.0
913,260,Halesia',0,0,0,0,0,0,0,0.0,0.0,0.0,0.0,0.0,0.0,0.0,0.0
913,260,Ilex',0,0,0,0,0,0,0,0.0,0.0,0.0,0.0,0.0,0.0,0.0,0.0
913,260,Juglans',0,0,0,0,0,0,0,0.0,0.0,0.0,0.0,0.0,0.0,0.0,0.0
913,260,Juniperus',0,73,34,0,0,1,0,74.4967269897461,14.794453620910645,100.0974146080017,1.129622631911439,1378.0982464027404,18803.66948967388,0.0045082922095259085,51.31879317894818
913,260,Larix',0,0,0,0,0,0,0,0.0,0.0,0.0,0.0,0.0,0.0,0.0,0.0
913,260,Liquidambar',0,0,0,0,0,0,0,0.0,0.0,0.0,0.0,0.0,0.0,0.0,0.0
913,260,Liriodendron',0,0,0,0,0,0,0,0.0,0.0,0.0,0.0,0.0,0.0,0.0,0.0
913,260,Lithocarpus',0,37,14,0,0,1,0,72.97271728515625,25.80811882019043,19.283941129446028,0.7885961960904981,1693.2124483048917,32343.359997151572,0.0040412402646839655,74.15360402692832
913,260,Maclura',0,0,0,0,0,0,0,0.0,0.0,0.0,0.0,0.0,0.0,0.0,0.0
913,260,Magnolia',0,0,0,0,0,0,0,0.0,0.0,0.0,0.0,0.0,0.0,0.0,0.0
913,260,Malus',0,0,0,0,0,0,0,0.0,0.0,0.0,0.0,0.0,0.0,0.0,0.0
913,260,Morus',0,0,0,0,0,0,0,0.0,0.0,0.0,0.0,0.0,0.0,0.0,0.0
913,260,Nyssa',0,0,0,0,0,0,0,0.0,0.0,0.0,0.0,0.0,0.0,0.0,0.0
913,260,Olneya',0,0,0,0,0,0,0,0.0,0.0,0.0,0.0,0.0,0.0,0.0,0.0
913,260,Ostrya',0,0,0,0,0,0,0,0.0,0.0,0.0,0.0,0.0,0.0,0.0,0.0
913,260,Oxydendron',0,0,0,0,0,0,0,0.0,0.0,0.0,0.0,0.0,0.0,0.0,0.0
913,260,Paulownia',0,0,0,0,0,0,0,0.0,0.0,0.0,0.0,0.0,0.0,0.0,0.0
913,260,Persea',0,0,0,0,0,0,0,0.0,0.0,0.0,0.0,0.0,0.0,0.0,0.0
913,260,Picea',0,0,0,0,0,0,0,0.0,0.0,0.0,0.0,0.0,0.0,0.0,0.0
913,260,Pinus',0,3373,2872,173,0,0,1,107.5670166015625,30.183717727661133,2177.026235089898,71.58759327384126,71968.44538176179,156148.8419680844,0.1913758134074121,371.50083583170226
913,260,Planera',0,0,0,0,0,0,0,0.0,0.0,0.0,0.0,0.0,0.0,0.0,0.0
913,260,Platanus',0,0,0,0,0,0,0,0.0,0.0,0.0,0.0,0.0,0.0,0.0,0.0
913,260,Populus',0,583,19,0,0,0,0,11.671104431152344,4.977001667022705,208.07550963910316,0.7193572144581255,746.8759252101183,3732.229534581972,0.004655086841394901,22.92878232684462
913,260,Prosopis',0,0,0,0,0,0,0,0.0,0.0,0.0,0.0,0.0,0.0,0.0,0.0
913,260,Prunus',0,0,0,0,0,0,0,0.0,0.0,0.0,0.0,0.0,0.0,0.0,0.0
913,260,Pseudotsuga',0,0,0,0,0,0,0,0.0,0.0,0.0,0.0,0.0,0.0,0.0,0.0
913,260,Quercus',0,134,16,5,0,0,0,39.00942611694336,14.386902809143066,44.973325294595725,1.247819919567678,1807.5796724146605,28169.098565037708,0.0046459323712286305,64.57845626154766
913,260,Robinia',0,0,0,0,0,0,0,0.0,0.0,0.0,0.0,0.0,0.0,0.0,0.0
913,260,Salix',0,346,18,0,0,0,0,9.36412525177002,6.632570266723633,41.05763669172891,0.3216510126315027,253.0509552768618,2446.5263186608854,0.0011533829478172137,9.492826880810659
913,260,Sassafras',0,0,0,0,0,0,0,0.0,0.0,0.0,0.0,0.0,0.0,0.0,0.0
913,260,Sequoia',0,0,0,0,0,0,0,0.0,0.0,0.0,0.0,0.0,0.0,0.0,0.0
913,260,Sequoiadendron',0,0,0,0,0,0,0,0.0,0.0,0.0,0.0,0.0,0.0,0.0,0.0
913,260,Sorbus',0,0,0,0,0,0,0,0.0,0.0,0.0,0.0,0.0,0.0,0.0,0.0
913,260,Taxodium',0,0,0,0,0,0,0,0.0,0.0,0.0,0.0,0.0,0.0,0.0,0.0
913,260,Taxus',0,0,0,0,0,0,0,0.0,0.0,0.0,0.0,0.0,0.0,0.0,0.0
913,260,Thuja',0,0,0,0,0,0,0,0.0,0.0,0.0,0.0,0.0,0.0,0.0,0.0
913,260,Tilia',0,0,0,0,0,0,0,0.0,0.0,0.0,0.0,0.0,0.0,0.0,0.0
913,260,Torreya',0,0,0,0,0,0,0,0.0,0.0,0.0,0.0,0.0,0.0,0.0,0.0
913,260,Tsuga',0,0,0,0,0,0,0,0.0,0.0,0.0,0.0,0.0,0.0,0.0,0.0
913,260,Ulmus',0,0,0,0,0,0,0,0.0,0.0,0.0,0.0,0.0,0.0,0.0,0.0
913,260,Umbellularia',0,33,4,0,0,0,0,14.990578651428223,7.683514595031738,14.736898164749144,0.07841667099329161,117.85015347480774,2352.5237322413545,0.00047475555008153245,9.099489087086123
913,270,Abies',0,72,47,7,0,0,0,144.61090087890625,33.84543991088867,55.83433831423521,1.5443461438383121,1867.2079796096682,17607.67231784339,0.004955847060037195,45.549932938326485
913,270,Acer',0,69,22,0,0,0,0,22.779891967773438,10.494891166687012,49.06395003388199,0.5181187013823805,556.8875115966797,6852.013513072292,0.0019438306422736539,19.974239024437054
913,270,Aesculus',0,0,0,0,0,0,0,0.0,0.0,0.0,0.0,0.0,0.0,0.0,0.0
913,270,Ailanthus',0,0,0,0,0,0,0,0.0,0.0,0.0,0.0,0.0,0.0,0.0,0.0
913,270,Alnus',0,2248,70,0,0,0,0,15.884346961975098,11.696550369262695,517.5967218974439,3.311904822962365,2892.613842392564,8603.977096209745,0.013879123130338993,35.16010106598781
913,270,Amelanchier',0,0,0,0,0,0,0,0.0,0.0,0.0,0.0,0.0,0.0,0.0,0.0
913,270,Arbutus',0,38,79,0,0,1,0,71.04280853271484,28.760454177856445,38.41574250906706,1.8324775114629708,3450.914125995338,43700.577221329906,0.00822359207485179,100.90950709016394
913,270,Asimina',0,0,0,0,0,0,0,0.0,0.0,0.0,0.0,0.0,0.0,0.0,0.0
913,270,Betula',0,0,0,0,0,0,0,0.0,0.0,0.0,0.0,0.0,0.0,0.0,0.0
913,270,Calocedrus',0,112,63,0,0,0,1,91.1765365600586,28.800859451293945,73.53345052361487,2.2250310859694795,2740.8288391113283,40537.07121383489,0.007152880332055326,94.4570617311186
913,270,Carpinus',0,0,0,0,0,0,0,0.0,0.0,0.0,0.0,0.0,0.0,0.0,0.0
913,270,Carya',0,0,0,0,0,0,0,0.0,0.0,0.0,0.0,0.0,0.0,0.0,0.0
913,270,Castanea',0,0,0,0,0,0,0,0.0,0.0,0.0,0.0,0.0,0.0,0.0,0.0
913,270,Catalpa',0,0,0,0,0,0,0,0.0,0.0,0.0,0.0,0.0,0.0,0.0,0.0
913,270,Celtis',0,0,0,0,0,0,0,0.0,0.0,0.0,0.0,0.0,0.0,0.0,0.0
913,270,Cercis',0,0,0,0,0,0,0,0.0,0.0,0.0,0.0,0.0,0.0,0.0,0.0
913,270,Cercocarpus',0,0,0,0,0,0,0,11.054544448852539,5.347440719604492,0.6651537322998047,0.006142590388843759,9.542134323120118,213.36860996930596,3.081252002716063e-05,0.6889888933880507
913,270,Chamaecyparis',0,0,0,0,0,0,0,0.0,0.0,0.0,0.0,0.0,0.0,0.0,0.0
913,270,Chilopsis',0,0,0,0,0,0,0,0.0,0.0,0.0,0.0,0.0,0.0,0.0,0.0
913,270,Chrysolepis',0,217,75,0,0,0,0,19.3048152923584,10.98982048034668,77.02453710854053,1.363706912865769,1239.6816046768427,12661.178641432152,0.003867424581255446,35.000409969809525
913,270,Cladrastis',0,0,0,0,0,0,0,0.0,0.0,0.0,0.0,0.0,0.0,0.0,0.0
913,270,Comus',0,0,0,0,0,0,0,0.0,0.0,0.0,0.0,0.0,0.0,0.0,0.0
913,270,Cornus',0,0,0,0,0,0,0,0.0,0.0,0.0,0.0,0.0,0.0,0.0,0.0
913,270,Crataegus',0,0,0,0,0,0,0,0.0,0.0,0.0,0.0,0.0,0.0,0.0,0.0
913,270,Cupressus',0,0,0,0,0,0,0,0.0,0.0,0.0,0.0,0.0,0.0,0.0,0.0
913,270,Diospyros',0,0,0,0,0,0,0,0.0,0.0,0.0,0.0,0.0,0.0,0.0,0.0
913,270,Elaeagnus',0,0,0,0,0,0,0,0.0,0.0,0.0,0.0,0.0,0.0,0.0,0.0
913,270,Fagus',0,0,0,0,0,0,0,0.0,0.0,0.0,0.0,0.0,0.0,0.0,0.0
913,270,Fraxinus',0,17,0,0,0,0,0,6.5702738761901855,4.358489036560059,3.480189419999907,0.05858690632797915,50.168570594787596,1121.8033418394239,0.0001615849742889417,3.6131498665262782
913,270,Gleditsia',0,0,0,0,0,0,0,0.0,0.0,0.0,0.0,0.0,0.0,0.0,0.0
913,270,Gordonia',0,0,0,0,0,0,0,0.0,0.0,0.0,0.0,0.0,0.0,0.0,0.0
913,270,Gymnocladus',0,0,0,0,0,0,0,0.0,0.0,0.0,0.0,0.0,0.0,0.0,0.0
913,270,Halesia',0,0,0,0,0,0,0,0.0,0.0,0.0,0.0,0.0,0.0,0.0,0.0
913,270,Ilex',0,0,0,0,0,0,0,0.0,0.0,0.0,0.0,0.0,0.0,0.0,0.0
913,270,Juglans',0,0,0,0,0,0,0,0.0,0.0,0.0,0.0,0.0,0.0,0.0,0.0
913,270,Juniperus',0,49,34,0,0,1,0,81.3341293334961,15.245061874389648,93.6048354434967,1.3421176543626951,1633.3587438869477,22802.391318153637,0.004981755970895276,61.01382567556169
913,270,Larix',0,0,0,0,0,0,0,0.0,0.0,0.0,0.0,0.0,0.0,0.0,0.0
913,270,Liquidambar',0,0,0,0,0,0,0,0.0,0.0,0.0,0.0,0.0,0.0,0.0,0.0
913,270,Liriodendron',0,0,0,0,0,0,0,0.0,0.0,0.0,0.0,0.0,0.0,0.0,0.0
913,270,Lithocarpus',0,37,28,0,0,1,0,75.11734771728516,26.16160011291504,30.82262849330902,0.9958335003264712,2008.5374308156968,34756.481343559346,0.004908632234851522,79.42265796138747
913,270,Maclura',0,0,0,0,0,0,0,0.0,0.0,0.0,0.0,0.0,0.0,0.0,0.0
913,270,Magnolia',0,0,0,0,0,0,0,0.0,0.0,0.0,0.0,0.0,0.0,0.0,0.0
913,270,Malus',0,0,0,0,0,0,0,0.0,0.0,0.0,0.0,0.0,0.0,0.0,0.0
913,270,Morus',0,0,0,0,0,0,0,0.0,0.0,0.0,0.0,0.0,0.0,0.0,0.0
913,270,Nyssa',0,0,0,0,0,0,0,0.0,0.0,0.0,0.0,0.0,0.0,0.0,0.0
913,270,Olneya',0,0,0,0,0,0,0,0.0,0.0,0.0,0.0,0.0,0.0,0.0,0.0
913,270,Ostrya',0,0,0,0,0,0,0,0.0,0.0,0.0,0.0,0.0,0.0,0.0,0.0
913,270,Oxydendron',0,0,0,0,0,0,0,0.0,0.0,0.0,0.0,0.0,0.0,0.0,0.0
913,270,Paulownia',0,0,0,0,0,0,0,0.0,0.0,0.0,0.0,0.0,0.0,0.0,0.0
913,270,Persea',0,0,0,0,0,0,0,0.0,0.0,0.0,0.0,0.0,0.0,0.0,0.0
913,270,Picea',0,0,0,0,0,0,0,0.0,0.0,0.0,0.0,0.0,0.0,0.0,0.0
913,270,Pinus',0,3031,2834,189,0,0,1,113.78511810302734,30.729291915893555,2229.2374078693983,73.8931060954991,75122.93639025211,159313.53140528916,0.19913995443022223,380.50489733052194
913,270,Planera',0,0,0,0,0,0,0,0.0,0.0,0.0,0.0,0.0,0.0,0.0,0.0
913,270,Platanus',0,0,0,0,0,0,0,0.0,0.0,0.0,0.0,0.0,0.0,0.0,0.0
913,270,Populus',0,612,17,0,0,0,0,8.711907386779785,4.097726345062256,193.56557100916962,0.4298992727828963,577.8147266477347,2886.7524572610996,0.004070516664003248,21.0501302906566
913,270,Prosopis',0,0,0,0,0,0,0,0.0,0.0,0.0,0.0,0.0,0.0,0.0,0.0
913,270,Prunus',0,0,0,0,0,0,0,0.0,0.0,0.0,0.0,0.0,0.0,0.0,0.0
913,270,Pseudotsuga',0,0,0,0,0,0,0,0.0,0.0,0.0,0.0,0.0,0.0,0.0,0.0
913,270,Quercus',0,100,16,5,0,0,0,40.8428840637207,14.767388343811035,39.97897808546129,1.3722027899511606,2028.1127407470346,31858.54469095971,0.005051531782003127,73.01858647878464
913,270,Robinia',0,0,0,0,0,0,0,0.0,0.0,0.0,0.0,0.0,0.0,0.0,0.0
913,270,Salix',0,325,28,0,0,0,0,9.331609725952148,6.6158857345581055,89.86984184365483,0.5216751593226501,429.9813431268931,3583.4974538146075,0.0022492404027609067,14.479678061051096
913,270,Sassafras',0,0,0,0,0,0,0,0.0,0.0,0.0,0.0,0.0,0.0,0.0,0.0
913,270,Sequoia',0,0,0,0,0,0,0,0.0,0.0,0.0,0.0,0.0,0.0,0.0,0.0
913,270,Sequoiadendron',0,0,0,0,0,0,0,0.0,0.0,0.0,0.0,0.0,0.0,0.0,0.0
913,270,Sorbus',0,0,0,0,0,0,0,0.0,0.0,0.0,0.0,0.0,0.0,0.0,0.0
913,270,Taxodium',0,0,0,0,0,0,0,0.0,0.0,0.0,0.0,0.0,0.0,0.0,0.0
913,270,Taxus',0,0,0,0,0,0,0,0.0,0.0,0.0,0.0,0.0,0.0,0.0,0.0
913,270,Thuja',0,0,0,0,0,0,0,0.0,0.0,0.0,0.0,0.0,0.0,0.0,0.0
913,270,Tilia',0,0,0,0,0,0,0,0.0,0.0,0.0,0.0,0.0,0.0,0.0,0.0
913,270,Torreya',0,0,0,0,0,0,0,0.0,0.0,0.0,0.0,0.0,0.0,0.0,0.0
913,270,Tsuga',0,0,0,0,0,0,0,0.0,0.0,0.0,0.0,0.0,0.0,0.0,0.0
913,270,Ulmus',0,0,0,0,0,0,0,0.0,0.0,0.0,0.0,0.0,0.0,0.0,0.0
913,270,Umbellularia',0,33,4,0,0,0,0,19.391122817993164,9.190814018249512,20.782872848510742,0.14749475029582346,198.7682536315918,3617.672211817653,0.0007419042700827142,12.354072764089949
913,280,Abies',0,37,64,10,0,0,0,44.923240661621094,22.054819107055664,39.818848736286164,1.430626352555741,1647.5689709353446,18313.07558696493,0.004236425539849322,45.08730446310736
913,280,Acer',0,174,14,0,0,0,0,16.437822341918945,8.21652889251709,52.90089782374569,0.368167357089134,373.6652348834276,3711.3857364185005,0.001591905012232247,12.796411814949826
913,280,Aesculus',0,0,0,0,0,0,0,0.0,0.0,0.0,0.0,0.0,0.0,0.0,0.0
913,280,Ailanthus',0,0,0,0,0,0,0,0.0,0.0,0.0,0.0,0.0,0.0,0.0,0.0
913,280,Alnus',0,2511,94,0,0,0,0,10.5178804397583,8.595500946044922,562.5068539612089,3.3299279978329093,2889.9483655676245,7841.4236874673325,0.014519706117840234,34.09336677197598
913,280,Amelanchier',0,0,0,0,0,0,0,0.0,0.0,0.0,0.0,0.0,0.0,0.0,0.0
913,280,Arbutus',0,88,18,0,0,1,0,74.4788818359375,29.271833419799805,35.041371861100195,1.096916626319468,2412.2313120126723,39750.64847682547,0.005866667078904949,91.82095702581915
913,280,Asimina',0,0,0,0,0,0,0,0.0,0.0,0.0,0.0,0.0,0.0,0.0,0.0
913,280,Betula',0,0,0,0,0,0,0,0.0,0.0,0.0,0.0,0.0,0.0,0.0,0.0
913,280,Calocedrus',0,70,114,2,0,0,1,94.6828842163086,29.209716796875,58.77190109610557,2.831137009708052,3300.1292646157744,44809.83172607793,0.008182548290759324,103.64527697893274
913,280,Carpinus',0,0,0,0,0,0,0,0.0,0.0,0.0,0.0,0.0,0.0,0.0,0.0
913,280,Carya',0,0,0,0,0,0,0,0.0,0.0,0.0,0.0,0.0,0.0,0.0,0.0
913,280,Castanea',0,0,0,0,0,0,0,0.0,0.0,0.0,0.0,0.0,0.0,0.0,0.0
913,280,Catalpa',0,0,0,0,0,0,0,0.0,0.0,0.0,0.0,0.0,0.0,0.0,0.0
913,280,Celtis',0,0,0,0,0,0,0,0.0,0.0,0.0,0.0,0.0,0.0,0.0,0.0
913,280,Cercis',0,0,0,0,0,0,0,0.0,0.0,0.0,0.0,0.0,0.0,0.0,0.0
913,280,Cercocarpus',0,3,0,0,0,0,0,2.0572280883789062,2.2056846618652344,0.6655762267112731,0.0011567353715489666,3.6393708300590517,81.37880571341854,1.77013696897775e-05,0.39581465921196773
913,280,Chamaecyparis',0,0,0,0,0,0,0,0.0,0.0,0.0,0.0,0.0,0.0,0.0,0.0
913,280,Chilopsis',0,0,0,0,0,0,0,0.0,0.0,0.0,0.0,0.0,0.0,0.0,0.0
913,280,Chrysolepis',0,120,71,0,0,0,0,23.64630699157715,12.759739875793457,66.53772058725357,1.1716395266740307,1112.2362009954452,11370.971390781668,0.003432736376669234,31.85747455891812
913,280,Cladrastis',0,0,0,0,0,0,0,0.0,0.0,0.0,0.0,0.0,0.0,0.0,0.0
913,280,Comus',0,0,0,0,0,0,0,0.0,0.0,0.0,0.0,0.0,0.0,0.0,0.0
913,280,Cornus',0,0,0,0,0,0,0,0.0,0.0,0.0,0.0,0.0,0.0,0.0,0.0
913,280,Crataegus',0,0,0,0,0,0,0,0.0,0.0,0.0,0.0,0.0,0.0,0.0,0.0
913,280,Cupressus',0,0,0,0,0,0,0,0.0,0.0,0.0,0.0,0.0,0.0,0.0,0.0
913,280,Diospyros',0,0,0,0,0,0,0,0.0,0.0,0.0,0.0,0.0,0.0,0.0,0.0
913,280,Elaeagnus',0,0,0,0,0,0,0,0.0,0.0,0.0,0.0,0.0,0.0,0.0,0.0
913,280,Fagus',0,0,0,0,0,0,0,0.0,0.0,0.0,0.0,0.0,0.0,0.0,0.0
913,280,Fraxinus',0,22,0,0,0,0,0,3.3957552909851074,2.935934066772461,8.80525469025479,0.020576475171399756,31.176912083625794,697.1369474752117,0.00019603855980932503,4.383555459448124
913,280,Gleditsia',0,0,0,0,0,0,0,0.0,0.0,0.0,0.0,0.0,0.0,0.0,0.0
913,280,Gordonia',0,0,0,0,0,0,0,0.0,0.0,0.0,0.0,0.0,0.0,0.0,0.0
913,280,Gymnocladus',0,0,0,0,0,0,0,0.0,0.0,0.0,0.0,0.0,0.0,0.0,0.0
913,280,Halesia',0,0,0,0,0,0,0,0.0,0.0,0.0,0.0,0.0,0.0,0.0,0.0
913,280,Ilex',0,0,0,0,0,0,0,0.0,0.0,0.0,0.0,0.0,0.0,0.0,0.0
913,280,Juglans',0,0,0,0,0,0,0,0.0,0.0,0.0,0.0,0.0,0.0,0.0,0.0
913,280,Juniperus',0,168,18,0,0,1,0,86.73966217041016,15.556010246276855,120.3099186861515,1.5196530778893755,1914.6142906057835,25690.15293875528,0.005992508357011398,64.64782171020494
913,280,Larix',0,0,0,0,0,0,0,0.0,0.0,0.0,0.0,0.0,0.0,0.0,0.0
913,280,Liquidambar',0,0,0,0,0,0,0,0.0,0.0,0.0,0.0,0.0,0.0,0.0,0.0
913,280,Liriodendron',0,0,0,0,0,0,0,0.0,0.0,0.0,0.0,0.0,0.0,0.0,0.0
913,280,Lithocarpus',0,33,26,0,0,1,0,77.28682708740234,26.50613784790039,24.386416151821614,0.8406975186696155,1916.227883632481,37028.46607935194,0.004610532437944479,84.5876714438461
913,280,Maclura',0,0,0,0,0,0,0,0.0,0.0,0.0,0.0,0.0,0.0,0.0,0.0
913,280,Magnolia',0,0,0,0,0,0,0,0.0,0.0,0.0,0.0,0.0,0.0,0.0,0.0
913,280,Malus',0,0,0,0,0,0,0,0.0,0.0,0.0,0.0,0.0,0.0,0.0,0.0
913,280,Morus',0,0,0,0,0,0,0,0.0,0.0,0.0,0.0,0.0,0.0,0.0,0.0
913,280,Nyssa',0,0,0,0,0,0,0,0.0,0.0,0.0,0.0,0.0,0.0,0.0,0.0
913,280,Olneya',0,0,0,0,0,0,0,0.0,0.0,0.0,0.0,0.0,0.0,0.0,0.0
913,280,Ostrya',0,0,0,0,0,0,0,0.0,0.0,0.0,0.0,0.0,0.0,0.0,0.0
913,280,Oxydendron',0,0,0,0,0,0,0,0.0,0.0,0.0,0.0,0.0,0.0,0.0,0.0
913,280,Paulownia',0,0,0,0,0,0,0,0.0,0.0,0.0,0.0,0.0,0.0,0.0,0.0
913,280,Persea',0,0,0,0,0,0,0,0.0,0.0,0.0,0.0,0.0,0.0,0.0,0.0
913,280,Picea',0,0,0,0,0,0,0,0.0,0.0,0.0,0.0,0.0,0.0,0.0,0.0
913,280,Pinus',0,3088,2809,260,0,0,1,120.15135192871094,31.230504989624023,2033.2836173416674,74.52411582044033,75795.73168111041,162957.89765036438,0.19780461090908286,384.860614597616
913,280,Planera',0,0,0,0,0,0,0,0.0,0.0,0.0,0.0,0.0,0.0,0.0,0.0
913,280,Platanus',0,0,0,0,0,0,0,0.0,0.0,0.0,0.0,0.0,0.0,0.0,0.0
913,280,Populus',0,598,8,0,0,0,0,14.332151412963867,5.7388224601745605,218.40186120140586,0.5566053701489302,670.487843464166,3363.0545432806503,0.004633989102907938,22.331653496969462
913,280,Prosopis',0,0,0,0,0,0,0,0.0,0.0,0.0,0.0,0.0,0.0,0.0,0.0
913,280,Prunus',0,0,0,0,0,0,0,0.0,0.0,0.0,0.0,0.0,0.0,0.0,0.0
913,280,Pseudotsuga',0,0,0,0,0,0,0,0.0,0.0,0.0,0.0,0.0,0.0,0.0,0.0
913,280,Quercus',0,36,22,5,0,0,0,42.52494812011719,15.103196144104004,40.66530011877228,1.3363593686134936,2130.4408595752716,35159.13424867422,0.0053073714417827675,79.9938350493165
913,280,Robinia',0,0,0,0,0,0,0,0.0,0.0,0.0,0.0,0.0,0.0,0.0,0.0
913,280,Salix',0,535,0,0,0,0,0,13.882793426513672,8.839147567749023,93.54044010320418,0.41358068960827926,374.7534207430482,2117.002167790014,0.002179351976559968,12.083077161204338
913,280,Sassafras',0,0,0,0,0,0,0,0.0,0.0,0.0,0.0,0.0,0.0,0.0,0.0
913,280,Sequoia',0,0,0,0,0,0,0,0.0,0.0,0.0,0.0,0.0,0.0,0.0,0.0
913,280,Sequoiadendron',0,0,0,0,0,0,0,0.0,0.0,0.0,0.0,0.0,0.0,0.0,0.0
913,280,Sorbus',0,0,0,0,0,0,0,0.0,0.0,0.0,0.0,0.0,0.0,0.0,0.0
913,280,Taxodium',0,0,0,0,0,0,0,0.0,0.0,0.0,0.0,0.0,0.0,0.0,0.0
913,280,Taxus',0,0,0,0,0,0,0,0.0,0.0,0.0,0.0,0.0,0.0,0.0,0.0
913,280,Thuja',0,0,0,0,0,0,0,0.0,0.0,0.0,0.0,0.0,0.0,0.0,0.0
913,280,Tilia',0,0,0,0,0,0,0,0.0,0.0,0.0,0.0,0.0,0.0,0.0,0.0
913,280,Torreya',0,0,0,0,0,0,0,0.0,0.0,0.0,0.0,0.0,0.0,0.0,0.0
913,280,Tsuga',0,0,0,0,0,0,0,0.0,0.0,0.0,0.0,0.0,0.0,0.0,0.0
913,280,Ulmus',0,0,0,0,0,0,0,0.0,0.0,0.0,0.0,0.0,0.0,0.0,0.0
913,280,Umbellularia',0,0,4,0,0,0,0,23.23359489440918,10.392627716064453,7.225677947998046,0.17636647598877037,215.13744552612306,4810.6195270206845,0.0005824540898005164,13.024069385667277
913,290,Abies',0,37,64,8,1,0,0,48.81874084472656,23.102027893066406,47.485004931390286,1.7884600087030338,2066.580982004106,21831.433313389225,0.005278296796056751,52.862933620293006
913,290,Acer',0,117,18,0,0,0,0,16.52141761779785,8.247867584228516,41.102462693152916,0.3483612864942768,351.2491181834042,4727.3441323581255,0.0013722463679311245,14.278997853177202
913,290,Aesculus',0,0,0,0,0,0,0,0.0,0.0,0.0,0.0,0.0,0.0,0.0,0.0
913,290,Ailanthus',0,0,0,0,0,0,0,0.0,0.0,0.0,0.0,0.0,0.0,0.0,0.0
913,290,Alnus',0,2374,165,0,0,0,0,12.963997840881348,10.056073188781738,555.0471378730822,3.9546563596183324,3357.875780649036,9608.634681342917,0.01545215809133997,37.75515502061022
913,290,Amelanchier',0,0,0,0,0,0,0,0.0,0.0,0.0,0.0,0.0,0.0,0.0,0.0
913,290,Arbutus',0,112,22,0,0,0,0,17.76407814025879,12.696206092834473,42.077909702956674,0.8129526997075496,1138.6683257195355,16063.306374428093,0.00313816600177219,38.35895704730469
913,290,Asimina',0,0,0,0,0,0,0,0.0,0.0,0.0,0.0,0.0,0.0,0.0,0.0
913,290,Betula',0,0,0,0,0,0,0,0.0,0.0,0.0,0.0,0.0,0.0,0.0,0.0
913,290,Calocedrus',0,37,115,5,0,0,1,97.93810272216797,29.567106246948242,51.405932833552356,3.4616336059601123,3937.2637106388806,49430.817128131865,0.009492005034478997,114.29642517702833
913,290,Carpinus',0,0,0,0,0,0,0,0.0,0.0,0.0,0.0,0.0,0.0,0.0,0.0
913,290,Carya',0,0,0,0,0,0,0,0.0,0.0,0.0,0.0,0.0,0.0,0.0,0.0
913,290,Castanea',0,0,0,0,0,0,0,0.0,0.0,0.0,0.0,0.0,0.0,0.0,0.0
913,290,Catalpa',0,0,0,0,0,0,0,0.0,0.0,0.0,0.0,0.0,0.0,0.0,0.0
913,290,Celtis',0,0,0,0,0,0,0,0.0,0.0,0.0,0.0,0.0,0.0,0.0,0.0
913,290,Cercis',0,0,0,0,0,0,0,0.0,0.0,0.0,0.0,0.0,0.0,0.0,0.0
913,290,Cercocarpus',0,67,0,0,0,0,0,3.4889392852783203,2.790349006652832,20.659822088479995,0.04119757831841539,111.14104199767112,1810.2492567848674,0.0005453997461187356,8.894940945129935
913,290,Chamaecyparis',0,0,0,0,0,0,0,0.0,0.0,0.0,0.0,0.0,0.0,0.0,0.0
913,290,Chilopsis',0,0,0,0,0,0,0,0.0,0.0,0.0,0.0,0.0,0.0,0.0,0.0
913,290,Chrysolepis',0,74,76,2,0,0,0,28.86502456665039,14.719342231750488,72.30697747945786,1.3356590922545275,1286.928659825325,13370.934956225794,0.00390427550586745,36.93873615474719
913,290,Cladrastis',0,0,0,0,0,0,0,0.0,0.0,0.0,0.0,0.0,0.0,0.0,0.0
913,290,Comus',0,0,0,0,0,0,0,0.0,0.0,0.0,0.0,0.0,0.0,0.0,0.0
913,290,Cornus',0,0,0,0,0,0,0,0.0,0.0,0.0,0.0,0.0,0.0,0.0,0.0
913,290,Crataegus',0,0,0,0,0,0,0,0.0,0.0,0.0,0.0,0.0,0.0,0.0,0.0
913,290,Cupressus',0,0,0,0,0,0,0,0.0,0.0,0.0,0.0,0.0,0.0,0.0,0.0
913,290,Diospyros',0,0,0,0,0,0,0,0.0,0.0,0.0,0.0,0.0,0.0,0.0,0.0
913,290,Elaeagnus',0,0,0,0,0,0,0,0.0,0.0,0.0,0.0,0.0,0.0,0.0,0.0
913,290,Fagus',0,0,0,0,0,0,0,0.0,0.0,0.0,0.0,0.0,0.0,0.0,0.0
913,290,Fraxinus',0,22,0,0,0,0,0,5.514148712158203,3.89621901512146,8.751410615595079,0.054256922605514984,55.39054833889008,1238.5703139674565,0.0002490715305805226,5.569408736379704
913,290,Gleditsia',0,0,0,0,0,0,0,0.0,0.0,0.0,0.0,0.0,0.0,0.0,0.0
913,290,Gordonia',0,0,0,0,0,0,0,0.0,0.0,0.0,0.0,0.0,0.0,0.0,0.0
913,290,Gymnocladus',0,0,0,0,0,0,0,0.0,0.0,0.0,0.0,0.0,0.0,0.0,0.0
913,290,Halesia',0,0,0,0,0,0,0,0.0,0.0,0.0,0.0,0.0,0.0,0.0,0.0
913,290,Ilex',0,0,0,0,0,0,0,0.0,0.0,0.0,0.0,0.0,0.0,0.0,0.0
913,290,Juglans',0,0,0,0,0,0,0,0.0,0.0,0.0,0.0,0.0,0.0,0.0,0.0
913,290,Juniperus',0,154,18,0,0,0,1,90.93294525146484,15.772841453552246,113.05308735132216,1.6962452220321467,2068.3767009949684,28771.641590481817,0.006229381617764605,72.32618325965797
913,290,Larix',0,0,0,0,0,0,0,0.0,0.0,0.0,0.0,0.0,0.0,0.0,0.0
913,290,Liquidambar',0,0,0,0,0,0,0,0.0,0.0,0.0,0.0,0.0,0.0,0.0,0.0
913,290,Liriodendron',0,0,0,0,0,0,0,0.0,0.0,0.0,0.0,0.0,0.0,0.0,0.0
913,290,Lithocarpus',0,33,26,0,0,1,0,79.31189727783203,26.816329956054688,24.332710098028183,0.9918777802431583,2147.7626873528957,39407.10991295923,0.005124278358356404,89.51262397761931
913,290,Maclura',0,0,0,0,0,0,0,0.0,0.0,0.0,0.0,0.0,0.0,0.0,0.0
913,290,Magnolia',0,0,0,0,0,0,0,0.0,0.0,0.0,0.0,0.0,0.0,0.0,0.0
913,290,Malus',0,0,0,0,0,0,0,0.0,0.0,0.0,0.0,0.0,0.0,0.0,0.0
913,290,Morus',0,0,0,0,0,0,0,0.0,0.0,0.0,0.0,0.0,0.0,0.0,0.0
913,290,Nyssa',0,0,0,0,0,0,0,0.0,0.0,0.0,0.0,0.0,0.0,0.0,0.0
913,290,Olneya',0,0,0,0,0,0,0,0.0,0.0,0.0,0.0,0.0,0.0,0.0,0.0
913,290,Ostrya',0,0,0,0,0,0,0,0.0,0.0,0.0,0.0,0.0,0.0,0.0,0.0
913,290,Oxydendron',0,0,0,0,0,0,0,0.0,0.0,0.0,0.0,0.0,0.0,0.0,0.0
913,290,Paulownia',0,0,0,0,0,0,0,0.0,0.0,0.0,0.0,0.0,0.0,0.0,0.0
913,290,Persea',0,0,0,0,0,0,0,0.0,0.0,0.0,0.0,0.0,0.0,0.0,0.0
913,290,Picea',0,0,0,0,0,0,0,0.0,0.0,0.0,0.0,0.0,0.0,0.0,0.0
913,290,Pinus',0,3432,2397,239,0,0,1,126.16309356689453,31.655929565429688,2012.7366655100882,70.24390818725773,73374.97230116471,161633.36441053846,0.19212835739838194,379.2565972350874
913,290,Planera',0,0,0,0,0,0,0,0.0,0.0,0.0,0.0,0.0,0.0,0.0,0.0
913,290,Platanus',0,0,0,0,0,0,0,0.0,0.0,0.0,0.0,0.0,0.0,0.0,0.0
913,290,Populus',0,636,12,0,0,0,0,13.5126953125,5.50707483291626,225.45788175839033,0.6692833823506579,752.0699733546377,3573.5407447946936,0.004916858072874143,24.289836357110318
913,290,Prosopis',0,0,0,0,0,0,0,0.0,0.0,0.0,0.0,0.0,0.0,0.0,0.0
913,290,Prunus',0,0,0,0,0,0,0,0.0,0.0,0.0,0.0,0.0,0.0,0.0,0.0
913,290,Pseudotsuga',0,0,0,0,0,0,0,0.0,0.0,0.0,0.0,0.0,0.0,0.0,0.0
913,290,Quercus',0,129,6,0,0,0,0,14.375205993652344,7.4317851066589355,61.561212700001796,0.19881030564133229,302.34520121455193,3202.437093419942,0.0013849832025129975,13.441373848652084
913,290,Robinia',0,0,0,0,0,0,0,0.0,0.0,0.0,0.0,0.0,0.0,0.0,0.0
913,290,Salix',0,431,0,0,0,0,0,7.46777868270874,5.639321804046631,74.94615796128215,0.40293054109492754,341.34868678167464,2792.0306856646657,0.0018374442137770802,13.023319948530885
913,290,Sassafras',0,0,0,0,0,0,0,0.0,0.0,0.0,0.0,0.0,0.0,0.0,0.0
913,290,Sequoia',0,0,0,0,0,0,0,0.0,0.0,0.0,0.0,0.0,0.0,0.0,0.0
913,290,Sequoiadendron',0,0,0,0,0,0,0,0.0,0.0,0.0,0.0,0.0,0.0,0.0,0.0
913,290,Sorbus',0,0,0,0,0,0,0,0.0,0.0,0.0,0.0,0.0,0.0,0.0,0.0
913,290,Taxodium',0,0,0,0,0,0,0,0.0,0.0,0.0,0.0,0.0,0.0,0.0,0.0
913,290,Taxus',0,0,0,0,0,0,0,0.0,0.0,0.0,0.0,0.0,0.0,0.0,0.0
913,290,Thuja',0,0,0,0,0,0,0,0.0,0.0,0.0,0.0,0.0,0.0,0.0,0.0
913,290,Tilia',0,0,0,0,0,0,0,0.0,0.0,0.0,0.0,0.0,0.0,0.0,0.0
913,290,Torreya',0,0,0,0,0,0,0,0.0,0.0,0.0,0.0,0.0,0.0,0.0,0.0
913,290,Tsuga',0,0,0,0,0,0,0,0.0,0.0,0.0,0.0,0.0,0.0,0.0,0.0
913,290,Ulmus',0,0,0,0,0,0,0,0.0,0.0,0.0,0.0,0.0,0.0,0.0,0.0
913,290,Umbellularia',0,0,4,0,0,0,0,26.569366455078125,11.356584548950195,7.561033058166504,0.2306458313246658,292.10357944488527,6531.634601097725,0.0007583339738845825,16.956863152534773
913,300,Abies',0,67,0,3,1,0,0,52.38529968261719,23.98941993713379,32.90860894918442,0.8919524159074573,1239.8075821769237,18276.722445610183,0.0032304746096767523,44.92164234302124
913,300,Acer',0,119,15,0,0,0,0,18.5421142578125,8.994568824768066,40.345393749354756,0.3976525157458251,413.5347184586525,6224.108665466555,0.0014997603682670691,17.895784933861265
913,300,Aesculus',0,0,0,0,0,0,0,0.0,0.0,0.0,0.0,0.0,0.0,0.0,0.0
913,300,Ailanthus',0,0,0,0,0,0,0,0.0,0.0,0.0,0.0,0.0,0.0,0.0,0.0
913,300,Alnus',0,2253,67,0,0,0,0,16.150936126708984,11.840941429138184,541.110137490249,3.5823446008571924,3094.119761864841,9322.761023959025,0.014665402698763414,37.1110941677193
913,300,Amelanchier',0,0,0,0,0,0,0,0.0,0.0,0.0,0.0,0.0,0.0,0.0,0.0
913,300,Arbutus',0,125,51,0,0,0,0,15.353439331054688,11.406373977661133,51.23332545727491,0.6649190815538281,844.5747393247485,8172.575790033162,0.0026168697093439637,23.88783979100149
913,300,Asimina',0,0,0,0,0,0,0,0.0,0.0,0.0,0.0,0.0,0.0,0.0,0.0
913,300,Betula',0,0,0,0,0,0,0,0.0,0.0,0.0,0.0,0.0,0.0,0.0,0.0
913,300,Calocedrus',0,37,149,5,0,0,1,101.2087631225586,29.905921936035156,60.70083242714405,4.147615263280457,4693.02038186729,54464.49760450374,0.011305724144236376,125.6089693928344
913,300,Carpinus',0,0,0,0,0,0,0,0.0,0.0,0.0,0.0,0.0,0.0,0.0,0.0
913,300,Carya',0,0,0,0,0,0,0,0.0,0.0,0.0,0.0,0.0,0.0,0.0,0.0
913,300,Castanea',0,0,0,0,0,0,0,0.0,0.0,0.0,0.0,0.0,0.0,0.0,0.0
913,300,Catalpa',0,0,0,0,0,0,0,0.0,0.0,0.0,0.0,0.0,0.0,0.0,0.0
913,300,Celtis',0,0,0,0,0,0,0,0.0,0.0,0.0,0.0,0.0,0.0,0.0,0.0
913,300,Cercis',0,0,0,0,0,0,0,0.0,0.0,0.0,0.0,0.0,0.0,0.0,0.0
913,300,Cercocarpus',0,67,0,0,0,0,0,5.155177116394043,3.4269864559173584,25.737444022893904,0.09683050927398124,187.00751043200492,2955.2881874245627,0.0007873353282026945,12.549678235636186
913,300,Chamaecyparis',0,0,0,0,0,0,0,0.0,0.0,0.0,0.0,0.0,0.0,0.0,0.0
913,300,Chilopsis',0,0,0,0,0,0,0,0.0,0.0,0.0,0.0,0.0,0.0,0.0,0.0
913,300,Chrysolepis',0,76,106,2,0,0,0,33.59953689575195,16.350996017456055,69.47545736730099,1.7053519573474893,1645.8149372714759,16553.974642341924,0.004660900862443565,42.63187339188609
913,300,Cladrastis',0,0,0,0,0,0,0,0.0,0.0,0.0,0.0,0.0,0.0,0.0,0.0
913,300,Comus',0,0,0,0,0,0,0,0.0,0.0,0.0,0.0,0.0,0.0,0.0,0.0
913,300,Cornus',0,0,0,0,0,0,0,0.0,0.0,0.0,0.0,0.0,0.0,0.0,0.0
913,300,Crataegus',0,0,0,0,0,0,0,0.0,0.0,0.0,0.0,0.0,0.0,0.0,0.0
913,300,Cupressus',0,0,0,0,0,0,0,0.0,0.0,0.0,0.0,0.0,0.0,0.0,0.0
913,300,Diospyros',0,0,0,0,0,0,0,0.0,0.0,0.0,0.0,0.0,0.0,0.0,0.0
913,300,Elaeagnus',0,0,0,0,0,0,0,0.0,0.0,0.0,0.0,0.0,0.0,0.0,0.0
913,300,Fagus',0,0,0,0,0,0,0,0.0,0.0,0.0,0.0,0.0,0.0,0.0,0.0
913,300,Fraxinus',0,31,0,0,0,0,0,7.313601493835449,4.6774582862854,15.6938352992263,0.11814006795484643,118.48396401882172,2036.3246386248902,0.0004892191854938828,7.861818131997298
913,300,Gleditsia',0,0,0,0,0,0,0,0.0,0.0,0.0,0.0,0.0,0.0,0.0,0.0
913,300,Gordonia',0,0,0,0,0,0,0,0.0,0.0,0.0,0.0,0.0,0.0,0.0,0.0
913,300,Gymnocladus',0,0,0,0,0,0,0,0.0,0.0,0.0,0.0,0.0,0.0,0.0,0.0
913,300,Halesia',0,0,0,0,0,0,0,0.0,0.0,0.0,0.0,0.0,0.0,0.0,0.0
913,300,Ilex',0,0,0,0,0,0,0,0.0,0.0,0.0,0.0,0.0,0.0,0.0,0.0
913,300,Juglans',0,0,0,0,0,0,0,0.0,0.0,0.0,0.0,0.0,0.0,0.0,0.0
913,300,Juniperus',0,93,58,0,0,0,0,21.006240844726562,7.514545917510986,125.72483677387237,1.091283622422712,1123.8901348114014,14019.156060323401,0.0043135589614336795,47.19868105008124
913,300,Larix',0,0,0,0,0,0,0,0.0,0.0,0.0,0.0,0.0,0.0,0.0,0.0
913,300,Liquidambar',0,0,0,0,0,0,0,0.0,0.0,0.0,0.0,0.0,0.0,0.0,0.0
913,300,Liriodendron',0,0,0,0,0,0,0,0.0,0.0,0.0,0.0,0.0,0.0,0.0,0.0
913,300,Lithocarpus',0,51,13,0,0,1,0,81.3434066772461,27.116825103759766,22.052547158002852,1.0422274805548222,2275.9679408657553,41995.09122606938,0.005376243339099925,95.3661211285509
913,300,Maclura',0,0,0,0,0,0,0,0.0,0.0,0.0,0.0,0.0,0.0,0.0,0.0
913,300,Magnolia',0,0,0,0,0,0,0,0.0,0.0,0.0,0.0,0.0,0.0,0.0,0.0
913,300,Malus',0,0,0,0,0,0,0,0.0,0.0,0.0,0.0,0.0,0.0,0.0,0.0
913,300,Morus',0,0,0,0,0,0,0,0.0,0.0,0.0,0.0,0.0,0.0,0.0,0.0
913,300,Nyssa',0,0,0,0,0,0,0,0.0,0.0,0.0,0.0,0.0,0.0,0.0,0.0
913,300,Olneya',0,0,0,0,0,0,0,0.0,0.0,0.0,0.0,0.0,0.0,0.0,0.0
913,300,Ostrya',0,0,0,0,0,0,0,0.0,0.0,0.0,0.0,0.0,0.0,0.0,0.0
913,300,Oxydendron',0,0,0,0,0,0,0,0.0,0.0,0.0,0.0,0.0,0.0,0.0,0.0
913,300,Paulownia',0,0,0,0,0,0,0,0.0,0.0,0.0,0.0,0.0,0.0,0.0,0.0
913,300,Persea',0,0,0,0,0,0,0,0.0,0.0,0.0,0.0,0.0,0.0,0.0,0.0
913,300,Picea',0,0,0,0,0,0,0,0.0,0.0,0.0,0.0,0.0,0.0,0.0,0.0
913,300,Pinus',0,3853,2322,172,4,0,1,120.22509765625,31.235994338989258,2310.5717425099015,65.73065599592864,67900.08167258232,149499.28764213232,0.18426399530721943,351.5979529605213
913,300,Planera',0,0,0,0,0,0,0,0.0,0.0,0.0,0.0,0.0,0.0,0.0,0.0
913,300,Platanus',0,0,0,0,0,0,0,0.0,0.0,0.0,0.0,0.0,0.0,0.0,0.0
913,300,Populus',0,650,16,0,0,0,0,10.367548942565918,4.5939106941223145,233.87351925803134,0.593972856144907,719.5250798308849,3706.841177420399,0.004965683868875723,25.034162547248933
913,300,Prosopis',0,0,0,0,0,0,0,0.0,0.0,0.0,0.0,0.0,0.0,0.0,0.0
913,300,Prunus',0,0,0,0,0,0,0,0.0,0.0,0.0,0.0,0.0,0.0,0.0,0.0
913,300,Pseudotsuga',0,0,0,0,0,0,0,0.0,0.0,0.0,0.0,0.0,0.0,0.0,0.0
913,300,Quercus',0,160,6,0,0,0,0,18.178699493408203,8.861799240112305,65.22696036939756,0.3625743031718887,448.0356762304902,4885.790752549491,0.001934613161772499,18.618638048092528
913,300,Robinia',0,0,0,0,0,0,0,0.0,0.0,0.0,0.0,0.0,0.0,0.0,0.0
913,300,Salix',0,427,36,0,0,0,0,9.400308609008789,6.651123046875,59.5456936080716,0.5295115551039533,411.6217109884322,4062.32527345521,0.0017719082559857148,13.93390843590419
913,300,Sassafras',0,0,0,0,0,0,0,0.0,0.0,0.0,0.0,0.0,0.0,0.0,0.0
913,300,Sequoia',0,0,0,0,0,0,0,0.0,0.0,0.0,0.0,0.0,0.0,0.0,0.0
913,300,Sequoiadendron',0,0,0,0,0,0,0,0.0,0.0,0.0,0.0,0.0,0.0,0.0,0.0
913,300,Sorbus',0,0,0,0,0,0,0,0.0,0.0,0.0,0.0,0.0,0.0,0.0,0.0
913,300,Taxodium',0,0,0,0,0,0,0,0.0,0.0,0.0,0.0,0.0,0.0,0.0,0.0
913,300,Taxus',0,0,0,0,0,0,0,0.0,0.0,0.0,0.0,0.0,0.0,0.0,0.0
913,300,Thuja',0,0,0,0,0,0,0,0.0,0.0,0.0,0.0,0.0,0.0,0.0,0.0
913,300,Tilia',0,0,0,0,0,0,0,0.0,0.0,0.0,0.0,0.0,0.0,0.0,0.0
913,300,Torreya',0,0,0,0,0,0,0,0.0,0.0,0.0,0.0,0.0,0.0,0.0,0.0
913,300,Tsuga',0,0,0,0,0,0,0,0.0,0.0,0.0,0.0,0.0,0.0,0.0,0.0
913,300,Ulmus',0,0,0,0,0,0,0,0.0,0.0,0.0,0.0,0.0,0.0,0.0,0.0
913,300,Umbellularia',0,13,0,0,0,0,0,3.0593905448913574,2.779292583465576,4.231347312927246,0.009880046541367732,17.055921478271486,381.38199844313596,9.902150848507846e-05,2.2141882420720647
913,310,Abies',0,40,27,3,1,0,0,55.744083404541016,24.767221450805664,35.24413933753967,1.1036018242297132,1507.4865676379204,21475.447546222244,0.003859052086053415,52.215292976252535
913,310,Acer',0,136,14,0,0,0,0,20.485506057739258,9.693434715270996,49.84429231361497,0.5485945914905641,553.9891017866134,7759.1326195445035,0.0019486231755004258,20.741324845080833
913,310,Aesculus',0,0,0,0,0,0,0,0.0,0.0,0.0,0.0,0.0,0.0,0.0,0.0
913,310,Ailanthus',0,0,0,0,0,0,0,0.0,0.0,0.0,0.0,0.0,0.0,0.0,0.0
913,310,Alnus',0,2150,138,0,0,0,0,17.881855010986328,12.757428169250488,526.7060061169293,3.836280074070899,3335.764621219337,11507.680467484639,0.014995035851087447,39.851943973804104
913,310,Amelanchier',0,0,0,0,0,0,0,0.0,0.0,0.0,0.0,0.0,0.0,0.0,0.0
913,310,Arbutus',0,39,101,0,0,0,0,19.541406631469727,13.602850914001465,45.44168365567922,0.9754214797761709,1247.0425399407745,11970.289818379744,0.003427585571875172,32.03917535350898
913,310,Asimina',0,0,0,0,0,0,0,0.0,0.0,0.0,0.0,0.0,0.0,0.0,0.0
913,310,Betula',0,0,0,0,0,0,0,0.0,0.0,0.0,0.0,0.0,0.0,0.0,0.0
913,310,Calocedrus',0,82,119,5,0,0,1,104.37609100341797,30.215749740600586,70.5444141960144,4.102865557310281,4878.180836687088,57978.72997986287,0.011859376763903855,133.4916876496012
913,310,Carpinus',0,0,0,0,0,0,0,0.0,0.0,0.0,0.0,0.0,0.0,0.0,0.0
913,310,Carya',0,0,0,0,0,0,0,0.0,0.0,0.0,0.0,0.0,0.0,0.0,0.0
913,310,Castanea',0,0,0,0,0,0,0,0.0,0.0,0.0,0.0,0.0,0.0,0.0,0.0
913,310,Catalpa',0,0,0,0,0,0,0,0.0,0.0,0.0,0.0,0.0,0.0,0.0,0.0
913,310,Celtis',0,0,0,0,0,0,0,0.0,0.0,0.0,0.0,0.0,0.0,0.0,0.0
913,310,Cercis',0,0,0,0,0,0,0,0.0,0.0,0.0,0.0,0.0,0.0,0.0,0.0
913,310,Cercocarpus',0,89,0,0,0,0,0,6.4050469398498535,3.8754806518554688,32.14087952435016,0.17305019421423332,296.1236016017199,4189.4800113545825,0.0011223096183911022,15.546771052377263
913,310,Chamaecyparis',0,0,0,0,0,0,0,0.0,0.0,0.0,0.0,0.0,0.0,0.0,0.0
913,310,Chilopsis',0,0,0,0,0,0,0,0.0,0.0,0.0,0.0,0.0,0.0,0.0,0.0
913,310,Chrysolepis',0,170,74,2,0,0,0,37.852134704589844,17.707347869873047,88.98931989252567,1.6232339103710045,1659.7172122329473,15302.457875115226,0.004973661815726976,41.463703263194766
913,310,Cladrastis',0,0,0,0,0,0,0,0.0,0.0,0.0,0.0,0.0,0.0,0.0,0.0
913,310,Comus',0,0,0,0,0,0,0,0.0,0.0,0.0,0.0,0.0,0.0,0.0,0.0
913,310,Cornus',0,0,0,0,0,0,0,0.0,0.0,0.0,0.0,0.0,0.0,0.0,0.0
913,310,Crataegus',0,0,0,0,0,0,0,0.0,0.0,0.0,0.0,0.0,0.0,0.0,0.0
913,310,Cupressus',0,0,0,0,0,0,0,0.0,0.0,0.0,0.0,0.0,0.0,0.0,0.0
913,310,Diospyros',0,0,0,0,0,0,0,0.0,0.0,0.0,0.0,0.0,0.0,0.0,0.0
913,310,Elaeagnus',0,0,0,0,0,0,0,0.0,0.0,0.0,0.0,0.0,0.0,0.0,0.0
913,310,Fagus',0,0,0,0,0,0,0,0.0,0.0,0.0,0.0,0.0,0.0,0.0,0.0
913,310,Fraxinus',0,22,9,0,0,0,0,9.002338409423828,5.382992744445801,14.697797204120247,0.07780586605880639,86.80805663824081,1425.4178396016373,0.00040448974894731943,6.392619725121344
913,310,Gleditsia',0,0,0,0,0,0,0,0.0,0.0,0.0,0.0,0.0,0.0,0.0,0.0
913,310,Gordonia',0,0,0,0,0,0,0,0.0,0.0,0.0,0.0,0.0,0.0,0.0,0.0
913,310,Gymnocladus',0,0,0,0,0,0,0,0.0,0.0,0.0,0.0,0.0,0.0,0.0,0.0
913,310,Halesia',0,0,0,0,0,0,0,0.0,0.0,0.0,0.0,0.0,0.0,0.0,0.0
913,310,Ilex',0,0,0,0,0,0,0,0.0,0.0,0.0,0.0,0.0,0.0,0.0,0.0
913,310,Juglans',0,0,0,0,0,0,0,0.0,0.0,0.0,0.0,0.0,0.0,0.0,0.0
913,310,Juniperus',0,124,93,0,0,0,0,21.963459014892578,9.306783676147461,154.67025681972504,1.4449705688561811,1487.8549068403245,16260.921462282893,0.00554047017406613,53.958272938209355
913,310,Larix',0,0,0,0,0,0,0,0.0,0.0,0.0,0.0,0.0,0.0,0.0,0.0
913,310,Liquidambar',0,0,0,0,0,0,0,0.0,0.0,0.0,0.0,0.0,0.0,0.0,0.0
913,310,Liriodendron',0,0,0,0,0,0,0,0.0,0.0,0.0,0.0,0.0,0.0,0.0,0.0
913,310,Lithocarpus',0,45,13,0,0,1,0,83.21355438232422,27.384309768676758,11.253854953050613,1.039092372562126,2366.2273393547534,44557.25561166092,0.005420838642988358,101.15345793062747
913,310,Maclura',0,0,0,0,0,0,0,0.0,0.0,0.0,0.0,0.0,0.0,0.0,0.0
913,310,Magnolia',0,0,0,0,0,0,0,0.0,0.0,0.0,0.0,0.0,0.0,0.0,0.0
913,310,Malus',0,0,0,0,0,0,0,0.0,0.0,0.0,0.0,0.0,0.0,0.0,0.0
913,310,Morus',0,0,0,0,0,0,0,0.0,0.0,0.0,0.0,0.0,0.0,0.0,0.0
913,310,Nyssa',0,0,0,0,0,0,0,0.0,0.0,0.0,0.0,0.0,0.0,0.0,0.0
913,310,Olneya',0,0,0,0,0,0,0,0.0,0.0,0.0,0.0,0.0,0.0,0.0,0.0
913,310,Ostrya',0,0,0,0,0,0,0,0.0,0.0,0.0,0.0,0.0,0.0,0.0,0.0
913,310,Oxydendron',0,0,0,0,0,0,0,0.0,0.0,0.0,0.0,0.0,0.0,0.0,0.0
913,310,Paulownia',0,0,0,0,0,0,0,0.0,0.0,0.0,0.0,0.0,0.0,0.0,0.0
913,310,Persea',0,0,0,0,0,0,0,0.0,0.0,0.0,0.0,0.0,0.0,0.0,0.0
913,310,Picea',0,0,0,0,0,0,0,0.0,0.0,0.0,0.0,0.0,0.0,0.0,0.0
913,310,Pinus',0,3712,2431,220,16,0,1,123.17893981933594,31.450258255004883,2181.6929786758124,69.32929824139691,70834.05509329423,156247.18963757198,0.1889223535913871,366.4051521977359
913,310,Planera',0,0,0,0,0,0,0,0.0,0.0,0.0,0.0,0.0,0.0,0.0,0.0
913,310,Platanus',0,0,0,0,0,0,0,0.0,0.0,0.0,0.0,0.0,0.0,0.0,0.0
913,310,Populus',0,505,0,0,0,0,0,5.310639381408691,3.0436480045318604,141.2233331455271,0.2639211941562087,402.88287009686235,2209.8035990465296,0.0029282836015815904,16.7440718590477
913,310,Prosopis',0,0,0,0,0,0,0,0.0,0.0,0.0,0.0,0.0,0.0,0.0,0.0
913,310,Prunus',0,0,0,0,0,0,0,0.0,0.0,0.0,0.0,0.0,0.0,0.0,0.0
913,310,Pseudotsuga',0,0,0,0,0,0,0,0.0,0.0,0.0,0.0,0.0,0.0,0.0,0.0
913,310,Quercus',0,111,22,0,0,0,0,20.489423751831055,9.694825172424316,51.77828783853144,0.543063992000851,581.0462195086479,6500.581435535468,0.002036591035045682,20.737005481427325
913,310,Robinia',0,0,0,0,0,0,0,0.0,0.0,0.0,0.0,0.0,0.0,0.0,0.0
913,310,Salix',0,401,11,0,0,0,0,10.084067344665527,6.99895715713501,92.19627090717982,0.48247853285068765,415.0357356794179,2608.961298503425,0.0022495181727502454,13.191955480861285
913,310,Sassafras',0,0,0,0,0,0,0,0.0,0.0,0.0,0.0,0.0,0.0,0.0,0.0
913,310,Sequoia',0,0,0,0,0,0,0,0.0,0.0,0.0,0.0,0.0,0.0,0.0,0.0
913,310,Sequoiadendron',0,0,0,0,0,0,0,0.0,0.0,0.0,0.0,0.0,0.0,0.0,0.0
913,310,Sorbus',0,0,0,0,0,0,0,0.0,0.0,0.0,0.0,0.0,0.0,0.0,0.0
913,310,Taxodium',0,0,0,0,0,0,0,0.0,0.0,0.0,0.0,0.0,0.0,0.0,0.0
913,310,Taxus',0,0,0,0,0,0,0,0.0,0.0,0.0,0.0,0.0,0.0,0.0,0.0
913,310,Thuja',0,0,0,0,0,0,0,0.0,0.0,0.0,0.0,0.0,0.0,0.0,0.0
913,310,Tilia',0,0,0,0,0,0,0,0.0,0.0,0.0,0.0,0.0,0.0,0.0,0.0
913,310,Torreya',0,0,0,0,0,0,0,0.0,0.0,0.0,0.0,0.0,0.0,0.0,0.0
913,310,Tsuga',0,0,0,0,0,0,0,0.0,0.0,0.0,0.0,0.0,0.0,0.0,0.0
913,310,Ulmus',0,0,0,0,0,0,0,0.0,0.0,0.0,0.0,0.0,0.0,0.0,0.0
913,310,Umbellularia',0,13,0,0,0,0,0,2.4407217502593994,2.4881372451782227,0.0,0.006288190538134572,8.827108039855958,197.38013621852875,1.9615796506404873e-05,0.4386225442112447
913,320,Abies',0,70,27,3,1,0,0,58.8713264465332,25.44430923461914,31.528413296341895,1.3229186321348751,1777.7843447452783,24738.019444047062,0.00440604232248291,59.19486351305472
913,320,Acer',0,157,0,0,0,0,0,10.337010383605957,5.829593181610107,60.40357794659801,0.2890964969819979,297.3701711398363,2425.663161584424,0.001530365668363875,11.993955179953259
913,320,Aesculus',0,0,0,0,0,0,0,0.0,0.0,0.0,0.0,0.0,0.0,0.0,0.0
913,320,Ailanthus',0,0,0,0,0,0,0,0.0,0.0,0.0,0.0,0.0,0.0,0.0,0.0
913,320,Alnus',0,2402,121,0,0,0,0,11.55871295928955,9.226936340332031,553.7293002733229,3.6448296464404026,3113.8556541821363,9570.497840804932,0.01489092010684007,37.65213092342299
913,320,Amelanchier',0,0,0,0,0,0,0,0.0,0.0,0.0,0.0,0.0,0.0,0.0,0.0
913,320,Arbutus',0,39,60,0,0,0,0,23.263837814331055,15.386883735656738,29.96930063545704,0.811968329653584,1108.696972106099,13860.734753029794,0.0028966609026789625,35.125287213129056
913,320,Asimina',0,0,0,0,0,0,0,0.0,0.0,0.0,0.0,0.0,0.0,0.0,0.0
913,320,Betula',0,0,0,0,0,0,0,0.0,0.0,0.0,0.0,0.0,0.0,0.0,0.0
913,320,Calocedrus',0,100,75,2,2,0,1,107.41275024414062,30.496829986572266,64.73647833108902,3.624921739539304,4722.41003676653,61287.630547135275,0.011429327002238485,140.16842040120835
913,320,Carpinus',0,0,0,0,0,0,0,0.0,0.0,0.0,0.0,0.0,0.0,0.0,0.0
913,320,Carya',0,0,0,0,0,0,0,0.0,0.0,0.0,0.0,0.0,0.0,0.0,0.0
913,320,Castanea',0,0,0,0,0,0,0,0.0,0.0,0.0,0.0,0.0,0.0,0.0,0.0
913,320,Catalpa',0,0,0,0,0,0,0,0.0,0.0,0.0,0.0,0.0,0.0,0.0,0.0
913,320,Celtis',0,0,0,0,0,0,0,0.0,0.0,0.0,0.0,0.0,0.0,0.0,0.0
913,320,Cercis',0,0,0,0,0,0,0,0.0,0.0,0.0,0.0,0.0,0.0,0.0,0.0
913,320,Cercocarpus',0,137,0,0,0,0,0,7.712921142578125,4.319687843322754,48.142879879474634,0.3162288338171367,510.6152232146263,5928.245159951572,0.001830097646657361,20.34132983651706
913,320,Chamaecyparis',0,0,0,0,0,0,0,0.0,0.0,0.0,0.0,0.0,0.0,0.0,0.0
913,320,Chilopsis',0,0,0,0,0,0,0,0.0,0.0,0.0,0.0,0.0,0.0,0.0,0.0
913,320,Chrysolepis',0,137,74,2,0,0,0,41.9333610534668,18.91887092590332,79.49099410891533,2.23927799781347,2263.4746974122527,20214.058590389406,0.006178147173581004,51.947826007296776
913,320,Cladrastis',0,0,0,0,0,0,0,0.0,0.0,0.0,0.0,0.0,0.0,0.0,0.0
913,320,Comus',0,0,0,0,0,0,0,0.0,0.0,0.0,0.0,0.0,0.0,0.0,0.0
913,320,Cornus',0,0,0,0,0,0,0,0.0,0.0,0.0,0.0,0.0,0.0,0.0,0.0
913,320,Crataegus',0,0,0,0,0,0,0,0.0,0.0,0.0,0.0,0.0,0.0,0.0,0.0
913,320,Cupressus',0,0,0,0,0,0,0,0.0,0.0,0.0,0.0,0.0,0.0,0.0,0.0
913,320,Diospyros',0,0,0,0,0,0,0,0.0,0.0,0.0,0.0,0.0,0.0,0.0,0.0
913,320,Elaeagnus',0,0,0,0,0,0,0,0.0,0.0,0.0,0.0,0.0,0.0,0.0,0.0
913,320,Fagus',0,0,0,0,0,0,0,0.0,0.0,0.0,0.0,0.0,0.0,0.0,0.0
913,320,Fraxinus',0,22,9,0,0,0,0,12.043766021728516,6.589321136474609,16.390860854070397,0.1576519985394473,157.21285950899124,2581.0287571768363,0.0005853174638003124,9.326106314902132
913,320,Gleditsia',0,0,0,0,0,0,0,0.0,0.0,0.0,0.0,0.0,0.0,0.0,0.0
913,320,Gordonia',0,0,0,0,0,0,0,0.0,0.0,0.0,0.0,0.0,0.0,0.0,0.0
913,320,Gymnocladus',0,0,0,0,0,0,0,0.0,0.0,0.0,0.0,0.0,0.0,0.0,0.0
913,320,Halesia',0,0,0,0,0,0,0,0.0,0.0,0.0,0.0,0.0,0.0,0.0,0.0
913,320,Ilex',0,0,0,0,0,0,0,0.0,0.0,0.0,0.0,0.0,0.0,0.0,0.0
913,320,Juglans',0,0,0,0,0,0,0,0.0,0.0,0.0,0.0,0.0,0.0,0.0,0.0
913,320,Juniperus',0,100,84,0,0,0,0,22.792943954467773,8.63585090637207,143.8084252643585,1.4819257009346927,1507.473231306076,17903.361483394106,0.005427173299310088,58.415969507764736
913,320,Larix',0,0,0,0,0,0,0,0.0,0.0,0.0,0.0,0.0,0.0,0.0,0.0
913,320,Liquidambar',0,0,0,0,0,0,0,0.0,0.0,0.0,0.0,0.0,0.0,0.0,0.0
913,320,Liriodendron',0,0,0,0,0,0,0,0.0,0.0,0.0,0.0,0.0,0.0,0.0,0.0
913,320,Lithocarpus',0,5,0,0,0,1,0,85.17550659179688,27.65581512451172,6.659849717617035,0.7753128814134483,2089.2886384749413,46114.5088561664,0.004739061577595772,103.8640566542597
913,320,Maclura',0,0,0,0,0,0,0,0.0,0.0,0.0,0.0,0.0,0.0,0.0,0.0
913,320,Magnolia',0,0,0,0,0,0,0,0.0,0.0,0.0,0.0,0.0,0.0,0.0,0.0
913,320,Malus',0,0,0,0,0,0,0,0.0,0.0,0.0,0.0,0.0,0.0,0.0,0.0
913,320,Morus',0,0,0,0,0,0,0,0.0,0.0,0.0,0.0,0.0,0.0,0.0,0.0
913,320,Nyssa',0,0,0,0,0,0,0,0.0,0.0,0.0,0.0,0.0,0.0,0.0,0.0
913,320,Olneya',0,0,0,0,0,0,0,0.0,0.0,0.0,0.0,0.0,0.0,0.0,0.0
913,320,Ostrya',0,0,0,0,0,0,0,0.0,0.0,0.0,0.0,0.0,0.0,0.0,0.0
913,320,Oxydendron',0,0,0,0,0,0,0,0.0,0.0,0.0,0.0,0.0,0.0,0.0,0.0
913,320,Paulownia',0,0,0,0,0,0,0,0.0,0.0,0.0,0.0,0.0,0.0,0.0,0.0
913,320,Persea',0,0,0,0,0,0,0,0.0,0.0,0.0,0.0,0.0,0.0,0.0,0.0
913,320,Picea',0,0,0,0,0,0,0,0.0,0.0,0.0,0.0,0.0,0.0,0.0,0.0
913,320,Pinus',0,3578,2645,222,9,0,1,126.07896423339844,31.6502742767334,2294.9260021094974,71.4277843060004,72568.5576650016,160617.20489814103,0.19441239323203477,379.20712124510897
913,320,Planera',0,0,0,0,0,0,0,0.0,0.0,0.0,0.0,0.0,0.0,0.0,0.0
913,320,Platanus',0,0,0,0,0,0,0,0.0,0.0,0.0,0.0,0.0,0.0,0.0,0.0
913,320,Populus',0,545,18,0,0,0,0,10.60306167602539,4.663613796234131,180.5899918772563,0.4738642952027228,582.5242202624679,2813.7630133251328,0.0038941915387995497,18.916221906861296
913,320,Prosopis',0,0,0,0,0,0,0,0.0,0.0,0.0,0.0,0.0,0.0,0.0,0.0
913,320,Prunus',0,0,0,0,0,0,0,0.0,0.0,0.0,0.0,0.0,0.0,0.0,0.0
913,320,Pseudotsuga',0,0,0,0,0,0,0,0.0,0.0,0.0,0.0,0.0,0.0,0.0,0.0
913,320,Quercus',0,36,22,0,0,0,0,23.1308650970459,10.615280151367188,17.31876153923288,0.5801268784901278,597.2192938005925,8506.706437188843,0.0015764671476855901,22.016888775119376
913,320,Robinia',0,0,0,0,0,0,0,0.0,0.0,0.0,0.0,0.0,0.0,0.0,0.0
913,320,Salix',0,486,0,0,0,0,0,5.94898796081543,4.8134636878967285,76.51244847740553,0.25000777418476433,258.51700475454334,1645.1542692213238,0.001675921438968043,10.6928704346395
913,320,Sassafras',0,0,0,0,0,0,0,0.0,0.0,0.0,0.0,0.0,0.0,0.0,0.0
913,320,Sequoia',0,0,0,0,0,0,0,0.0,0.0,0.0,0.0,0.0,0.0,0.0,0.0
913,320,Sequoiadendron',0,0,0,0,0,0,0,0.0,0.0,0.0,0.0,0.0,0.0,0.0,0.0
913,320,Sorbus',0,0,0,0,0,0,0,0.0,0.0,0.0,0.0,0.0,0.0,0.0,0.0
913,320,Taxodium',0,0,0,0,0,0,0,0.0,0.0,0.0,0.0,0.0,0.0,0.0,0.0
913,320,Taxus',0,0,0,0,0,0,0,0.0,0.0,0.0,0.0,0.0,0.0,0.0,0.0
913,320,Thuja',0,0,0,0,0,0,0,0.0,0.0,0.0,0.0,0.0,0.0,0.0,0.0
913,320,Tilia',0,0,0,0,0,0,0,0.0,0.0,0.0,0.0,0.0,0.0,0.0,0.0
913,320,Torreya',0,0,0,0,0,0,0,0.0,0.0,0.0,0.0,0.0,0.0,0.0,0.0
913,320,Tsuga',0,0,0,0,0,0,0,0.0,0.0,0.0,0.0,0.0,0.0,0.0,0.0
913,320,Ulmus',0,0,0,0,0,0,0,0.0,0.0,0.0,0.0,0.0,0.0,0.0,0.0
913,320,Umbellularia',0,0,0,0,0,0,0,0.0,0.0,0.0,0.0,0.0,0.0,0.0,0.0
913,330,Abies',0,128,37,3,0,0,0,44.3914680480957,21.905193328857422,39.89908769324422,1.0327184533688454,1152.4526319237054,17431.4816492619,0.0031373261279662094,42.58843486970831
913,330,Acer',0,225,24,0,0,0,0,9.41108512878418,5.449543476104736,54.67237386993969,0.3427172151380202,334.4885755044222,2862.467181999542,0.0015303471326231963,11.774493316502877
913,330,Aesculus',0,0,0,0,0,0,0,0.0,0.0,0.0,0.0,0.0,0.0,0.0,0.0
913,330,Ailanthus',0,0,0,0,0,0,0,0.0,0.0,0.0,0.0,0.0,0.0,0.0,0.0
913,330,Alnus',0,2465,85,0,0,0,0,11.413277626037598,9.139602661132812,617.2946501612852,3.9756558203647088,3412.517736888677,9380.230229049079,0.016469672136573483,39.04555709147036
913,330,Amelanchier',0,0,0,0,0,0,0,0.0,0.0,0.0,0.0,0.0,0.0,0.0,0.0
913,330,Arbutus',0,109,60,0,0,0,0,26.69912338256836,16.90438461303711,42.66408768057823,1.0938153149612504,1560.1228174239398,18298.42214888881,0.004083198535793169,45.483147608273946
913,330,Asimina',0,0,0,0,0,0,0,0.0,0.0,0.0,0.0,0.0,0.0,0.0,0.0
913,330,Betula',0,0,0,0,0,0,0,0.0,0.0,0.0,0.0,0.0,0.0,0.0,0.0
913,330,Calocedrus',0,98,147,0,5,0,1,110.54032897949219,30.7708683013916,92.6632061484456,4.411833097016141,5600.554327779114,66919.52323224535,0.01378414490886609,153.38247864127237
913,330,Carpinus',0,0,0,0,0,0,0,0.0,0.0,0.0,0.0,0.0,0.0,0.0,0.0
913,330,Carya',0,0,0,0,0,0,0,0.0,0.0,0.0,0.0,0.0,0.0,0.0,0.0
913,330,Castanea',0,0,0,0,0,0,0,0.0,0.0,0.0,0.0,0.0,0.0,0.0,0.0
913,330,Catalpa',0,0,0,0,0,0,0,0.0,0.0,0.0,0.0,0.0,0.0,0.0,0.0
913,330,Celtis',0,0,0,0,0,0,0,0.0,0.0,0.0,0.0,0.0,0.0,0.0,0.0
913,330,Cercis',0,0,0,0,0,0,0,0.0,0.0,0.0,0.0,0.0,0.0,0.0,0.0
913,330,Cercocarpus',0,30,30,0,0,0,0,8.96038818359375,4.720728397369385,30.91730116188526,0.29983519962245003,448.7169797736406,6387.213807658058,0.001443732087343932,19.720632014456246
913,330,Chamaecyparis',0,0,0,0,0,0,0,0.0,0.0,0.0,0.0,0.0,0.0,0.0,0.0
913,330,Chilopsis',0,0,0,0,0,0,0,0.0,0.0,0.0,0.0,0.0,0.0,0.0,0.0
913,330,Chrysolepis',0,96,130,2,0,0,0,45.614479064941406,19.940921783447266,55.14670771092176,2.5047905254597973,2496.230607852042,23607.47088483532,0.006343742564719782,57.542842219448495
913,330,Cladrastis',0,0,0,0,0,0,0,0.0,0.0,0.0,0.0,0.0,0.0,0.0,0.0
913,330,Comus',0,0,0,0,0,0,0,0.0,0.0,0.0,0.0,0.0,0.0,0.0,0.0
913,330,Cornus',0,0,0,0,0,0,0,0.0,0.0,0.0,0.0,0.0,0.0,0.0,0.0
913,330,Crataegus',0,0,0,0,0,0,0,0.0,0.0,0.0,0.0,0.0,0.0,0.0,0.0
913,330,Cupressus',0,0,0,0,0,0,0,0.0,0.0,0.0,0.0,0.0,0.0,0.0,0.0
913,330,Diospyros',0,0,0,0,0,0,0,0.0,0.0,0.0,0.0,0.0,0.0,0.0,0.0
913,330,Elaeagnus',0,0,0,0,0,0,0,0.0,0.0,0.0,0.0,0.0,0.0,0.0,0.0
913,330,Fagus',0,0,0,0,0,0,0,0.0,0.0,0.0,0.0,0.0,0.0,0.0,0.0
913,330,Fraxinus',0,17,9,0,0,0,0,15.222129821777344,7.766520977020264,10.765738213741326,0.18047303559740677,181.9427119624615,3550.0175258548284,0.0005592958969473834,9.64133310691044
913,330,Gleditsia',0,0,0,0,0,0,0,0.0,0.0,0.0,0.0,0.0,0.0,0.0,0.0
913,330,Gordonia',0,0,0,0,0,0,0,0.0,0.0,0.0,0.0,0.0,0.0,0.0,0.0
913,330,Gymnocladus',0,0,0,0,0,0,0,0.0,0.0,0.0,0.0,0.0,0.0,0.0,0.0
913,330,Halesia',0,0,0,0,0,0,0,0.0,0.0,0.0,0.0,0.0,0.0,0.0,0.0
913,330,Ilex',0,0,0,0,0,0,0,0.0,0.0,0.0,0.0,0.0,0.0,0.0,0.0
913,330,Juglans',0,0,0,0,0,0,0,0.0,0.0,0.0,0.0,0.0,0.0,0.0,0.0
913,330,Juniperus',0,100,67,0,0,0,0,23.656404495239258,7.642150402069092,104.82094962835312,0.6989728770736992,775.0520774006844,8132.621759107641,0.0032364183297840144,31.789031239530928
913,330,Larix',0,0,0,0,0,0,0,0.0,0.0,0.0,0.0,0.0,0.0,0.0,0.0
913,330,Liquidambar',0,0,0,0,0,0,0,0.0,0.0,0.0,0.0,0.0,0.0,0.0,0.0
913,330,Liriodendron',0,0,0,0,0,0,0,0.0,0.0,0.0,0.0,0.0,0.0,0.0,0.0
913,330,Lithocarpus',0,26,0,0,0,1,0,87.03368377685547,27.904638290405273,12.92473004937172,0.8048993937502347,2207.9935127270223,48573.918450087695,0.005093342652527616,109.61758226624178
913,330,Maclura',0,0,0,0,0,0,0,0.0,0.0,0.0,0.0,0.0,0.0,0.0,0.0
913,330,Magnolia',0,0,0,0,0,0,0,0.0,0.0,0.0,0.0,0.0,0.0,0.0,0.0
913,330,Malus',0,0,0,0,0,0,0,0.0,0.0,0.0,0.0,0.0,0.0,0.0,0.0
913,330,Morus',0,0,0,0,0,0,0,0.0,0.0,0.0,0.0,0.0,0.0,0.0,0.0
913,330,Nyssa',0,0,0,0,0,0,0,0.0,0.0,0.0,0.0,0.0,0.0,0.0,0.0
913,330,Olneya',0,0,0,0,0,0,0,0.0,0.0,0.0,0.0,0.0,0.0,0.0,0.0
913,330,Ostrya',0,0,0,0,0,0,0,0.0,0.0,0.0,0.0,0.0,0.0,0.0,0.0
913,330,Oxydendron',0,0,0,0,0,0,0,0.0,0.0,0.0,0.0,0.0,0.0,0.0,0.0
913,330,Paulownia',0,0,0,0,0,0,0,0.0,0.0,0.0,0.0,0.0,0.0,0.0,0.0
913,330,Persea',0,0,0,0,0,0,0,0.0,0.0,0.0,0.0,0.0,0.0,0.0,0.0
913,330,Picea',0,0,0,0,0,0,0,0.0,0.0,0.0,0.0,0.0,0.0,0.0,0.0
913,330,Pinus',0,3187,2913,235,9,0,1,129.32708740234375,31.86275291442871,2351.191894658804,75.84911482575428,77901.16552220166,170354.09762818555,0.2070753620125768,401.4199704506834
913,330,Planera',0,0,0,0,0,0,0,0.0,0.0,0.0,0.0,0.0,0.0,0.0,0.0
913,330,Platanus',0,0,0,0,0,0,0,0.0,0.0,0.0,0.0,0.0,0.0,0.0,0.0
913,330,Populus',0,447,9,0,0,0,0,10.988622665405273,4.777256965637207,129.4020583603201,0.39355390279652286,457.72941561818124,2580.9428090696547,0.0028799909938555315,16.464803661816397
913,330,Prosopis',0,0,0,0,0,0,0,0.0,0.0,0.0,0.0,0.0,0.0,0.0,0.0
913,330,Prunus',0,0,0,0,0,0,0,0.0,0.0,0.0,0.0,0.0,0.0,0.0,0.0
913,330,Pseudotsuga',0,0,0,0,0,0,0,0.0,0.0,0.0,0.0,0.0,0.0,0.0,0.0
913,330,Quercus',0,71,16,0,0,0,0,14.865787506103516,7.620449542999268,30.285761598733405,0.4748753998866542,468.06328799307346,7011.847527507861,0.001476121032744645,20.06732887734392
913,330,Robinia',0,0,0,0,0,0,0,0.0,0.0,0.0,0.0,0.0,0.0,0.0,0.0
913,330,Salix',0,418,0,0,0,0,0,5.907596111297607,4.790568828582764,81.35381482918804,0.40388942969654196,341.8663062438369,2412.354272056086,0.001930836270860166,12.584592858761974
913,330,Sassafras',0,0,0,0,0,0,0,0.0,0.0,0.0,0.0,0.0,0.0,0.0,0.0
913,330,Sequoia',0,0,0,0,0,0,0,0.0,0.0,0.0,0.0,0.0,0.0,0.0,0.0
913,330,Sequoiadendron',0,0,0,0,0,0,0,0.0,0.0,0.0,0.0,0.0,0.0,0.0,0.0
913,330,Sorbus',0,0,0,0,0,0,0,0.0,0.0,0.0,0.0,0.0,0.0,0.0,0.0
913,330,Taxodium',0,0,0,0,0,0,0,0.0,0.0,0.0,0.0,0.0,0.0,0.0,0.0
913,330,Taxus',0,0,0,0,0,0,0,0.0,0.0,0.0,0.0,0.0,0.0,0.0,0.0
913,330,Thuja',0,0,0,0,0,0,0,0.0,0.0,0.0,0.0,0.0,0.0,0.0,0.0
913,330,Tilia',0,0,0,0,0,0,0,0.0,0.0,0.0,0.0,0.0,0.0,0.0,0.0
913,330,Torreya',0,0,0,0,0,0,0,0.0,0.0,0.0,0.0,0.0,0.0,0.0,0.0
913,330,Tsuga',0,0,0,0,0,0,0,0.0,0.0,0.0,0.0,0.0,0.0,0.0,0.0
913,330,Ulmus',0,0,0,0,0,0,0,0.0,0.0,0.0,0.0,0.0,0.0,0.0,0.0
913,330,Umbellularia',0,0,0,0,0,0,0,0.0,0.0,0.0,0.0,0.0,0.0,0.0,0.0
913,340,Abies',0,128,9,3,0,0,0,46.645729064941406,22.528308868408203,31.967973189502953,0.9099168860797957,1089.0565679351985,18784.681263513452,0.0028818853302564635,44.891990415502086
913,340,Acer',0,381,0,0,0,0,0,3.6661148071289062,3.2206640243530273,103.99878269132178,0.23444765540687784,340.1566372597218,2192.6612407677694,0.0022530238990723216,14.553423517703795
913,340,Aesculus',0,0,0,0,0,0,0,0.0,0.0,0.0,0.0,0.0,0.0,0.0,0.0
913,340,Ailanthus',0,0,0,0,0,0,0,0.0,0.0,0.0,0.0,0.0,0.0,0.0,0.0
913,340,Alnus',0,2302,109,0,0,0,0,12.082188606262207,9.538899421691895,565.9067056719448,4.215656372075049,3496.1243561539054,9594.30052354285,0.015915706686638324,38.31056787839633
913,340,Amelanchier',0,0,0,0,0,0,0,0.0,0.0,0.0,0.0,0.0,0.0,0.0,0.0
913,340,Arbutus',0,147,18,0,0,0,0,15.609251976013184,11.546630859375,38.58824155390263,0.6366831438791403,839.7541135030986,11981.24092213127,0.0024235059751234913,30.19595117321938
913,340,Asimina',0,0,0,0,0,0,0,0.0,0.0,0.0,0.0,0.0,0.0,0.0,0.0
913,340,Betula',0,0,0,0,0,0,0,0.0,0.0,0.0,0.0,0.0,0.0,0.0,0.0
913,340,Calocedrus',0,53,83,0,5,0,1,113.3868179321289,31.007352828979492,71.01797034025192,4.141732986725551,5624.018528659344,71199.22730886929,0.013523633575587246,163.3569708366668
913,340,Carpinus',0,0,0,0,0,0,0,0.0,0.0,0.0,0.0,0.0,0.0,0.0,0.0
913,340,Carya',0,0,0,0,0,0,0,0.0,0.0,0.0,0.0,0.0,0.0,0.0,0.0
913,340,Castanea',0,0,0,0,0,0,0,0.0,0.0,0.0,0.0,0.0,0.0,0.0,0.0
913,340,Catalpa',0,0,0,0,0,0,0,0.0,0.0,0.0,0.0,0.0,0.0,0.0,0.0
913,340,Celtis',0,0,0,0,0,0,0,0.0,0.0,0.0,0.0,0.0,0.0,0.0,0.0
913,340,Cercis',0,0,0,0,0,0,0,0.0,0.0,0.0,0.0,0.0,0.0,0.0,0.0
913,340,Cercocarpus',0,0,21,0,0,0,0,8.932165145874023,4.711891174316406,11.035279881954192,0.13660288235650234,195.04250987768174,4361.283105886688,0.000592826298822956,13.255999030177353
913,340,Chamaecyparis',0,0,0,0,0,0,0,0.0,0.0,0.0,0.0,0.0,0.0,0.0,0.0
913,340,Chilopsis',0,0,0,0,0,0,0,0.0,0.0,0.0,0.0,0.0,0.0,0.0,0.0
913,340,Chrysolepis',0,64,194,0,2,0,0,49.02777862548828,20.832427978515625,60.84066421240568,2.865699462618969,2840.9464300212267,27788.179223854426,0.007192023908149001,67.60392645885752
913,340,Cladrastis',0,0,0,0,0,0,0,0.0,0.0,0.0,0.0,0.0,0.0,0.0,0.0
913,340,Comus',0,0,0,0,0,0,0,0.0,0.0,0.0,0.0,0.0,0.0,0.0,0.0
913,340,Cornus',0,0,0,0,0,0,0,0.0,0.0,0.0,0.0,0.0,0.0,0.0,0.0
913,340,Crataegus',0,0,0,0,0,0,0,0.0,0.0,0.0,0.0,0.0,0.0,0.0,0.0
913,340,Cupressus',0,0,0,0,0,0,0,0.0,0.0,0.0,0.0,0.0,0.0,0.0,0.0
913,340,Diospyros',0,0,0,0,0,0,0,0.0,0.0,0.0,0.0,0.0,0.0,0.0,0.0
913,340,Elaeagnus',0,0,0,0,0,0,0,0.0,0.0,0.0,0.0,0.0,0.0,0.0,0.0
913,340,Fagus',0,0,0,0,0,0,0,0.0,0.0,0.0,0.0,0.0,0.0,0.0,0.0
913,340,Fraxinus',0,17,9,0,0,0,0,17.945053100585938,8.711522102355957,10.503008863593958,0.26971875124111,272.307455663681,5213.635976531649,0.0007563243351280652,13.291054357446555
913,340,Gleditsia',0,0,0,0,0,0,0,0.0,0.0,0.0,0.0,0.0,0.0,0.0,0.0
913,340,Gordonia',0,0,0,0,0,0,0,0.0,0.0,0.0,0.0,0.0,0.0,0.0,0.0
913,340,Gymnocladus',0,0,0,0,0,0,0,0.0,0.0,0.0,0.0,0.0,0.0,0.0,0.0
913,340,Halesia',0,0,0,0,0,0,0,0.0,0.0,0.0,0.0,0.0,0.0,0.0,0.0
913,340,Ilex',0,0,0,0,0,0,0,0.0,0.0,0.0,0.0,0.0,0.0,0.0,0.0
913,340,Juglans',0,0,0,0,0,0,0,0.0,0.0,0.0,0.0,0.0,0.0,0.0,0.0
913,340,Juniperus',0,129,65,2,0,0,0,31.66225814819336,9.038065910339355,157.41154690265654,1.0205073247547318,1152.4282192611695,10815.866483357358,0.004834673974267495,42.54852578165579
913,340,Larix',0,0,0,0,0,0,0,0.0,0.0,0.0,0.0,0.0,0.0,0.0,0.0
913,340,Liquidambar',0,0,0,0,0,0,0,0.0,0.0,0.0,0.0,0.0,0.0,0.0,0.0
913,340,Liriodendron',0,0,0,0,0,0,0,0.0,0.0,0.0,0.0,0.0,0.0,0.0,0.0
913,340,Lithocarpus',0,23,0,0,0,0,0,3.842162609100342,3.493497610092163,10.520411972999572,0.02750147888653202,49.55577074527741,1108.1007206383574,0.0002620854412907106,5.860408626390601
913,340,Maclura',0,0,0,0,0,0,0,0.0,0.0,0.0,0.0,0.0,0.0,0.0,0.0
913,340,Magnolia',0,0,0,0,0,0,0,0.0,0.0,0.0,0.0,0.0,0.0,0.0,0.0
913,340,Malus',0,0,0,0,0,0,0,0.0,0.0,0.0,0.0,0.0,0.0,0.0,0.0
913,340,Morus',0,0,0,0,0,0,0,0.0,0.0,0.0,0.0,0.0,0.0,0.0,0.0
913,340,Nyssa',0,0,0,0,0,0,0,0.0,0.0,0.0,0.0,0.0,0.0,0.0,0.0
913,340,Olneya',0,0,0,0,0,0,0,0.0,0.0,0.0,0.0,0.0,0.0,0.0,0.0
913,340,Ostrya',0,0,0,0,0,0,0,0.0,0.0,0.0,0.0,0.0,0.0,0.0,0.0
913,340,Oxydendron',0,0,0,0,0,0,0,0.0,0.0,0.0,0.0,0.0,0.0,0.0,0.0
913,340,Paulownia',0,0,0,0,0,0,0,0.0,0.0,0.0,0.0,0.0,0.0,0.0,0.0
913,340,Persea',0,0,0,0,0,0,0,0.0,0.0,0.0,0.0,0.0,0.0,0.0,0.0
913,340,Picea',0,0,0,0,0,0,0,0.0,0.0,0.0,0.0,0.0,0.0,0.0,0.0
913,340,Pinus',0,4134,2725,245,11,0,1,132.3679962158203,32.051185607910156,2599.282142280191,81.85622361890206,85143.7795997055,180978.88840422366,0.2267535877385994,422.93746920749976
913,340,Planera',0,0,0,0,0,0,0,0.0,0.0,0.0,0.0,0.0,0.0,0.0,0.0
913,340,Platanus',0,0,0,0,0,0,0,0.0,0.0,0.0,0.0,0.0,0.0,0.0,0.0
913,340,Populus',0,289,10,0,0,0,0,8.344494819641113,3.9861340522766113,124.48715040766739,0.2938831616365226,358.1296038722992,2265.9729116259787,0.002587905253631992,16.379854675373238
913,340,Prosopis',0,0,0,0,0,0,0,0.0,0.0,0.0,0.0,0.0,0.0,0.0,0.0
913,340,Prunus',0,0,0,0,0,0,0,0.0,0.0,0.0,0.0,0.0,0.0,0.0,0.0
913,340,Pseudotsuga',0,0,0,0,0,0,0,0.0,0.0,0.0,0.0,0.0,0.0,0.0,0.0
913,340,Quercus',0,37,16,0,0,0,0,16.83411407470703,8.364775657653809,17.098405097104326,0.3925367236848178,408.33061890125276,8157.068991111115,0.0011535423971414595,20.34969765750834
913,340,Robinia',0,0,0,0,0,0,0,0.0,0.0,0.0,0.0,0.0,0.0,0.0,0.0
913,340,Salix',0,320,26,0,0,0,0,8.892556190490723,6.389425754547119,48.612240332921466,0.5200519894203081,380.86534038320184,3262.937004439898,0.0015461676089163021,11.795589139286651
913,340,Sassafras',0,0,0,0,0,0,0,0.0,0.0,0.0,0.0,0.0,0.0,0.0,0.0
913,340,Sequoia',0,0,0,0,0,0,0,0.0,0.0,0.0,0.0,0.0,0.0,0.0,0.0
913,340,Sequoiadendron',0,0,0,0,0,0,0,0.0,0.0,0.0,0.0,0.0,0.0,0.0,0.0
913,340,Sorbus',0,0,0,0,0,0,0,0.0,0.0,0.0,0.0,0.0,0.0,0.0,0.0
913,340,Taxodium',0,0,0,0,0,0,0,0.0,0.0,0.0,0.0,0.0,0.0,0.0,0.0
913,340,Taxus',0,0,0,0,0,0,0,0.0,0.0,0.0,0.0,0.0,0.0,0.0,0.0
913,340,Thuja',0,0,0,0,0,0,0,0.0,0.0,0.0,0.0,0.0,0.0,0.0,0.0
913,340,Tilia',0,0,0,0,0,0,0,0.0,0.0,0.0,0.0,0.0,0.0,0.0,0.0
913,340,Torreya',0,0,0,0,0,0,0,0.0,0.0,0.0,0.0,0.0,0.0,0.0,0.0
913,340,Tsuga',0,0,0,0,0,0,0,0.0,0.0,0.0,0.0,0.0,0.0,0.0,0.0
913,340,Ulmus',0,0,0,0,0,0,0,0.0,0.0,0.0,0.0,0.0,0.0,0.0,0.0
913,340,Umbellularia',0,38,0,0,0,0,0,2.6287643909454346,2.5770533084869385,9.408755493164062,0.020841282103151653,37.789187622070315,844.9919233744347,0.00021988021701574545,4.916671121546084
913,350,Abies',0,104,11,0,3,0,0,48.84160232543945,23.107927322387695,17.160987354516983,0.8869466943300743,1132.18100253582,20744.383503990215,0.00276383885001422,48.39030555202161
913,350,Acer',0,127,0,0,0,0,0,5.248900890350342,4.446944236755371,42.421363173406334,0.15713225948005327,176.4379893422127,1839.4568528664004,0.0010027635076753773,10.447944088537511
913,350,Aesculus',0,0,0,0,0,0,0,0.0,0.0,0.0,0.0,0.0,0.0,0.0,0.0
913,350,Ailanthus',0,0,0,0,0,0,0,0.0,0.0,0.0,0.0,0.0,0.0,0.0,0.0
913,350,Alnus',0,2567,96,0,0,0,0,11.070426940917969,8.932574272155762,594.2403271517279,3.8664237413875515,3280.874825254455,8825.13772192414,0.015845252622939284,37.61065913924637
913,350,Amelanchier',0,0,0,0,0,0,0,0.0,0.0,0.0,0.0,0.0,0.0,0.0,0.0
913,350,Arbutus',0,159,43,0,0,0,0,10.523504257202148,8.598953247070312,46.54959782063961,0.49908338514881045,626.6144608944654,7197.009091901764,0.002064859655022944,21.513944773875263
913,350,Asimina',0,0,0,0,0,0,0,0.0,0.0,0.0,0.0,0.0,0.0,0.0,0.0
913,350,Betula',0,0,0,0,0,0,0,0.0,0.0,0.0,0.0,0.0,0.0,0.0,0.0
913,350,Calocedrus',0,79,90,0,5,0,1,116.22998809814453,31.23189353942871,59.33974918365478,3.91280900940845,5688.270698022842,75639.95705885293,0.01349773184772827,171.8753193419534
913,350,Carpinus',0,0,0,0,0,0,0,0.0,0.0,0.0,0.0,0.0,0.0,0.0,0.0
913,350,Carya',0,0,0,0,0,0,0,0.0,0.0,0.0,0.0,0.0,0.0,0.0,0.0
913,350,Castanea',0,0,0,0,0,0,0,0.0,0.0,0.0,0.0,0.0,0.0,0.0,0.0
913,350,Catalpa',0,0,0,0,0,0,0,0.0,0.0,0.0,0.0,0.0,0.0,0.0,0.0
913,350,Celtis',0,0,0,0,0,0,0,0.0,0.0,0.0,0.0,0.0,0.0,0.0,0.0
913,350,Cercis',0,0,0,0,0,0,0,0.0,0.0,0.0,0.0,0.0,0.0,0.0,0.0
913,350,Cercocarpus',0,0,21,0,0,0,0,10.24227237701416,5.111028671264648,4.867455872893333,0.17961351707588705,237.34948616921903,5307.295854990278,0.0005977510241667461,13.366119236569567
913,350,Chamaecyparis',0,0,0,0,0,0,0,0.0,0.0,0.0,0.0,0.0,0.0,0.0,0.0
913,350,Chilopsis',0,0,0,0,0,0,0,0.0,0.0,0.0,0.0,0.0,0.0,0.0,0.0
913,350,Chrysolepis',0,139,162,0,2,0,0,52.177757263183594,21.609928131103516,82.06269040226935,2.7726785306326103,2815.023397589922,28070.30918293624,0.007440957749741748,68.29260145172147
913,350,Cladrastis',0,0,0,0,0,0,0,0.0,0.0,0.0,0.0,0.0,0.0,0.0,0.0
913,350,Comus',0,0,0,0,0,0,0,0.0,0.0,0.0,0.0,0.0,0.0,0.0,0.0
913,350,Cornus',0,0,0,0,0,0,0,0.0,0.0,0.0,0.0,0.0,0.0,0.0,0.0
913,350,Crataegus',0,0,0,0,0,0,0,0.0,0.0,0.0,0.0,0.0,0.0,0.0,0.0
913,350,Cupressus',0,0,0,0,0,0,0,0.0,0.0,0.0,0.0,0.0,0.0,0.0,0.0
913,350,Diospyros',0,0,0,0,0,0,0,0.0,0.0,0.0,0.0,0.0,0.0,0.0,0.0
913,350,Elaeagnus',0,0,0,0,0,0,0,0.0,0.0,0.0,0.0,0.0,0.0,0.0,0.0
913,350,Fagus',0,0,0,0,0,0,0,0.0,0.0,0.0,0.0,0.0,0.0,0.0,0.0
913,350,Fraxinus',0,17,9,0,0,0,0,20.230621337890625,9.462136268615723,10.301720705590668,0.3757932230697289,382.098238145113,6993.912718775719,0.0009974062246978254,17.151905933700526
913,350,Gleditsia',0,0,0,0,0,0,0,0.0,0.0,0.0,0.0,0.0,0.0,0.0,0.0
913,350,Gordonia',0,0,0,0,0,0,0,0.0,0.0,0.0,0.0,0.0,0.0,0.0,0.0
913,350,Gymnocladus',0,0,0,0,0,0,0,0.0,0.0,0.0,0.0,0.0,0.0,0.0,0.0
913,350,Halesia',0,0,0,0,0,0,0,0.0,0.0,0.0,0.0,0.0,0.0,0.0,0.0
913,350,Ilex',0,0,0,0,0,0,0,0.0,0.0,0.0,0.0,0.0,0.0,0.0,0.0
913,350,Juglans',0,0,0,0,0,0,0,0.0,0.0,0.0,0.0,0.0,0.0,0.0,0.0
913,350,Juniperus',0,66,62,2,0,0,0,38.987953186035156,10.082035064697266,97.0377877831459,1.1886276989239253,1191.9755936264992,12583.807139577311,0.004050491562212473,40.86478438217442
913,350,Larix',0,0,0,0,0,0,0,0.0,0.0,0.0,0.0,0.0,0.0,0.0,0.0
913,350,Liquidambar',0,0,0,0,0,0,0,0.0,0.0,0.0,0.0,0.0,0.0,0.0,0.0
913,350,Liriodendron',0,0,0,0,0,0,0,0.0,0.0,0.0,0.0,0.0,0.0,0.0,0.0
913,350,Lithocarpus',0,57,0,0,0,0,0,5.912484169006348,4.616628170013428,8.460256653428077,0.07296659111940752,85.29062536299229,1561.445438473098,0.00031173842412978613,5.273808293410157
913,350,Maclura',0,0,0,0,0,0,0,0.0,0.0,0.0,0.0,0.0,0.0,0.0,0.0
913,350,Magnolia',0,0,0,0,0,0,0,0.0,0.0,0.0,0.0,0.0,0.0,0.0,0.0
913,350,Malus',0,0,0,0,0,0,0,0.0,0.0,0.0,0.0,0.0,0.0,0.0,0.0
913,350,Morus',0,0,0,0,0,0,0,0.0,0.0,0.0,0.0,0.0,0.0,0.0,0.0
913,350,Nyssa',0,0,0,0,0,0,0,0.0,0.0,0.0,0.0,0.0,0.0,0.0,0.0
913,350,Olneya',0,0,0,0,0,0,0,0.0,0.0,0.0,0.0,0.0,0.0,0.0,0.0
913,350,Ostrya',0,0,0,0,0,0,0,0.0,0.0,0.0,0.0,0.0,0.0,0.0,0.0
913,350,Oxydendron',0,0,0,0,0,0,0,0.0,0.0,0.0,0.0,0.0,0.0,0.0,0.0
913,350,Paulownia',0,0,0,0,0,0,0,0.0,0.0,0.0,0.0,0.0,0.0,0.0,0.0
913,350,Persea',0,0,0,0,0,0,0,0.0,0.0,0.0,0.0,0.0,0.0,0.0,0.0
913,350,Picea',0,0,0,0,0,0,0,0.0,0.0,0.0,0.0,0.0,0.0,0.0,0.0
913,350,Pinus',0,3328,2997,206,14,0,1,135.31289672851562,32.2244987487793,2353.782751346081,82.05160524381296,84371.45429786875,181069.88449408152,0.22149120515314552,423.7825610332499
913,350,Planera',0,0,0,0,0,0,0,0.0,0.0,0.0,0.0,0.0,0.0,0.0,0.0
913,350,Platanus',0,0,0,0,0,0,0,0.0,0.0,0.0,0.0,0.0,0.0,0.0,0.0
913,350,Populus',0,508,6,0,0,0,0,9.081608772277832,4.209467887878418,148.6064321146924,0.3752049795735843,475.700675599277,2669.3011444475114,0.003196384764096943,18.743209772337117
913,350,Prosopis',0,0,0,0,0,0,0,0.0,0.0,0.0,0.0,0.0,0.0,0.0,0.0
913,350,Prunus',0,0,0,0,0,0,0,0.0,0.0,0.0,0.0,0.0,0.0,0.0,0.0
913,350,Pseudotsuga',0,0,0,0,0,0,0,0.0,0.0,0.0,0.0,0.0,0.0,0.0,0.0
913,350,Quercus',0,116,0,0,0,0,0,5.848230838775635,3.678650140762329,37.25235536694527,0.09965308836047161,153.0147967135906,1790.1174431358877,0.0008763012334797524,10.56372775889309
913,350,Robinia',0,0,0,0,0,0,0,0.0,0.0,0.0,0.0,0.0,0.0,0.0,0.0
913,350,Salix',0,337,0,0,0,0,0,3.3348121643066406,3.3258767127990723,49.79076136186529,0.16409370499407108,169.82870272308588,1229.7871478662137,0.0010941627863133281,8.407702281766742
913,350,Sassafras',0,0,0,0,0,0,0,0.0,0.0,0.0,0.0,0.0,0.0,0.0,0.0
913,350,Sequoia',0,0,0,0,0,0,0,0.0,0.0,0.0,0.0,0.0,0.0,0.0,0.0
913,350,Sequoiadendron',0,0,0,0,0,0,0,0.0,0.0,0.0,0.0,0.0,0.0,0.0,0.0
913,350,Sorbus',0,0,0,0,0,0,0,0.0,0.0,0.0,0.0,0.0,0.0,0.0,0.0
913,350,Taxodium',0,0,0,0,0,0,0,0.0,0.0,0.0,0.0,0.0,0.0,0.0,0.0
913,350,Taxus',0,0,0,0,0,0,0,0.0,0.0,0.0,0.0,0.0,0.0,0.0,0.0
913,350,Thuja',0,0,0,0,0,0,0,0.0,0.0,0.0,0.0,0.0,0.0,0.0,0.0
913,350,Tilia',0,0,0,0,0,0,0,0.0,0.0,0.0,0.0,0.0,0.0,0.0,0.0
913,350,Torreya',0,0,0,0,0,0,0,0.0,0.0,0.0,0.0,0.0,0.0,0.0,0.0
913,350,Tsuga',0,0,0,0,0,0,0,0.0,0.0,0.0,0.0,0.0,0.0,0.0,0.0
913,350,Ulmus',0,0,0,0,0,0,0,0.0,0.0,0.0,0.0,0.0,0.0,0.0,0.0
913,350,Umbellularia',0,52,0,0,0,0,0,3.8194425106048584,3.131596088409424,9.578905152082443,0.055134421988333335,64.93527838110924,1110.934899893566,0.0002826625817567072,4.573593114844947
913,360,Abies',0,38,11,0,0,0,0,16.263416290283203,11.10228443145752,15.429371595978736,0.2809827621586966,251.5634748607874,4513.058716802427,0.0007818986625230514,13.709815803555834
913,360,Acer',0,73,0,0,0,0,0,7.5938615798950195,4.6894731521606445,23.21884450655949,0.0755700934004712,92.53444219350816,1155.727995106658,0.0005398802578691383,6.497849727996248
913,360,Aesculus',0,0,0,0,0,0,0,0.0,0.0,0.0,0.0,0.0,0.0,0.0,0.0
913,360,Ailanthus',0,0,0,0,0,0,0,0.0,0.0,0.0,0.0,0.0,0.0,0.0,0.0
913,360,Alnus',0,2496,182,0,0,0,0,13.982314109802246,10.64052963256836,614.759683637302,4.119545546591453,3539.4642562940717,10210.60433984444,0.016715283270950308,39.85814532358441
913,360,Amelanchier',0,0,0,0,0,0,0,0.0,0.0,0.0,0.0,0.0,0.0,0.0,0.0
913,360,Arbutus',0,159,43,0,0,0,0,14.214426040649414,10.771862983703613,49.240652318298814,0.8308933804270172,1004.9765150263905,10475.53115614452,0.0029445349888115578,28.557357789661832
913,360,Asimina',0,0,0,0,0,0,0,0.0,0.0,0.0,0.0,0.0,0.0,0.0,0.0
913,360,Betula',0,0,0,0,0,0,0,0.0,0.0,0.0,0.0,0.0,0.0,0.0,0.0
913,360,Calocedrus',0,112,53,0,5,0,1,119.10294342041016,31.447526931762695,76.15808070898056,4.139010919094696,6166.214666631222,80992.23637400033,0.014802759803744642,184.03525210516764
913,360,Carpinus',0,0,0,0,0,0,0,0.0,0.0,0.0,0.0,0.0,0.0,0.0,0.0
913,360,Carya',0,0,0,0,0,0,0,0.0,0.0,0.0,0.0,0.0,0.0,0.0,0.0
913,360,Castanea',0,0,0,0,0,0,0,0.0,0.0,0.0,0.0,0.0,0.0,0.0,0.0
913,360,Catalpa',0,0,0,0,0,0,0,0.0,0.0,0.0,0.0,0.0,0.0,0.0,0.0
913,360,Celtis',0,0,0,0,0,0,0,0.0,0.0,0.0,0.0,0.0,0.0,0.0,0.0
913,360,Cercis',0,0,0,0,0,0,0,0.0,0.0,0.0,0.0,0.0,0.0,0.0,0.0
913,360,Cercocarpus',0,54,21,0,0,0,0,11.687300682067871,5.525968551635742,24.866866512894628,0.2642490877077692,405.40131056129934,7375.621401032455,0.0012600798692316848,20.6415631678513
913,360,Chamaecyparis',0,0,0,0,0,0,0,0.0,0.0,0.0,0.0,0.0,0.0,0.0,0.0
913,360,Chilopsis',0,0,0,0,0,0,0,0.0,0.0,0.0,0.0,0.0,0.0,0.0,0.0
913,360,Chrysolepis',0,122,160,0,2,0,0,55.175941467285156,22.311790466308594,59.6829618948698,2.8029426420726242,2866.382470497489,29925.019487635695,0.007231826147748627,71.14122316188372
913,360,Cladrastis',0,0,0,0,0,0,0,0.0,0.0,0.0,0.0,0.0,0.0,0.0,0.0
913,360,Comus',0,0,0,0,0,0,0,0.0,0.0,0.0,0.0,0.0,0.0,0.0,0.0
913,360,Cornus',0,0,0,0,0,0,0,0.0,0.0,0.0,0.0,0.0,0.0,0.0,0.0
913,360,Crataegus',0,0,0,0,0,0,0,0.0,0.0,0.0,0.0,0.0,0.0,0.0,0.0
913,360,Cupressus',0,0,0,0,0,0,0,0.0,0.0,0.0,0.0,0.0,0.0,0.0,0.0
913,360,Diospyros',0,0,0,0,0,0,0,0.0,0.0,0.0,0.0,0.0,0.0,0.0,0.0
913,360,Elaeagnus',0,0,0,0,0,0,0,0.0,0.0,0.0,0.0,0.0,0.0,0.0,0.0
913,360,Fagus',0,0,0,0,0,0,0,0.0,0.0,0.0,0.0,0.0,0.0,0.0,0.0
913,360,Fraxinus',0,0,0,0,0,0,0,0.0,0.0,0.0,0.0,0.0,0.0,0.0,0.0
913,360,Gleditsia',0,0,0,0,0,0,0,0.0,0.0,0.0,0.0,0.0,0.0,0.0,0.0
913,360,Gordonia',0,0,0,0,0,0,0,0.0,0.0,0.0,0.0,0.0,0.0,0.0,0.0
913,360,Gymnocladus',0,0,0,0,0,0,0,0.0,0.0,0.0,0.0,0.0,0.0,0.0,0.0
913,360,Halesia',0,0,0,0,0,0,0,0.0,0.0,0.0,0.0,0.0,0.0,0.0,0.0
913,360,Ilex',0,0,0,0,0,0,0,0.0,0.0,0.0,0.0,0.0,0.0,0.0,0.0
913,360,Juglans',0,0,0,0,0,0,0,0.0,0.0,0.0,0.0,0.0,0.0,0.0,0.0
913,360,Juniperus',0,130,33,0,0,0,0,14.283767700195312,5.587336540222168,91.07281050086021,0.5964944050010752,663.1063735997677,7935.781644807911,0.002789065888406061,28.88841554785953
913,360,Larix',0,0,0,0,0,0,0,0.0,0.0,0.0,0.0,0.0,0.0,0.0,0.0
913,360,Liquidambar',0,0,0,0,0,0,0,0.0,0.0,0.0,0.0,0.0,0.0,0.0,0.0
913,360,Liriodendron',0,0,0,0,0,0,0,0.0,0.0,0.0,0.0,0.0,0.0,0.0,0.0
913,360,Lithocarpus',0,57,0,0,0,0,0,7.821990013122559,5.617607593536377,13.732613637447356,0.13584881917474212,156.73804149389267,2749.221825469262,0.0005466667393868204,8.792192100566401
913,360,Maclura',0,0,0,0,0,0,0,0.0,0.0,0.0,0.0,0.0,0.0,0.0,0.0
913,360,Magnolia',0,0,0,0,0,0,0,0.0,0.0,0.0,0.0,0.0,0.0,0.0,0.0
913,360,Malus',0,0,0,0,0,0,0,0.0,0.0,0.0,0.0,0.0,0.0,0.0,0.0
913,360,Morus',0,0,0,0,0,0,0,0.0,0.0,0.0,0.0,0.0,0.0,0.0,0.0
913,360,Nyssa',0,0,0,0,0,0,0,0.0,0.0,0.0,0.0,0.0,0.0,0.0,0.0
913,360,Olneya',0,0,0,0,0,0,0,0.0,0.0,0.0,0.0,0.0,0.0,0.0,0.0
913,360,Ostrya',0,0,0,0,0,0,0,0.0,0.0,0.0,0.0,0.0,0.0,0.0,0.0
913,360,Oxydendron',0,0,0,0,0,0,0,0.0,0.0,0.0,0.0,0.0,0.0,0.0,0.0
913,360,Paulownia',0,0,0,0,0,0,0,0.0,0.0,0.0,0.0,0.0,0.0,0.0,0.0
913,360,Persea',0,0,0,0,0,0,0,0.0,0.0,0.0,0.0,0.0,0.0,0.0,0.0
913,360,Picea',0,0,0,0,0,0,0,0.0,0.0,0.0,0.0,0.0,0.0,0.0,0.0
913,360,Pinus',0,3249,3077,233,12,0,1,138.193359375,32.38572692871094,2468.5554010529813,88.86536273731642,91642.29286400482,192272.36466221744,0.23930645029291858,448.9742530995959
913,360,Planera',0,0,0,0,0,0,0,0.0,0.0,0.0,0.0,0.0,0.0,0.0,0.0
913,360,Platanus',0,0,0,0,0,0,0,0.0,0.0,0.0,0.0,0.0,0.0,0.0,0.0
913,360,Populus',0,510,0,0,0,0,0,7.370326519012451,3.6876158714294434,147.38980547135955,0.304415360525744,429.37918951675294,2506.4676017207053,0.003075934107110379,18.35922261356233
913,360,Prosopis',0,0,0,0,0,0,0,0.0,0.0,0.0,0.0,0.0,0.0,0.0,0.0
913,360,Prunus',0,0,0,0,0,0,0,0.0,0.0,0.0,0.0,0.0,0.0,0.0,0.0
913,360,Pseudotsuga',0,0,0,0,0,0,0,0.0,0.0,0.0,0.0,0.0,0.0,0.0,0.0
913,360,Quercus',0,115,0,0,0,0,0,6.248690605163574,4.114510536193848,51.63677125697648,0.17637886391844032,237.5595157045126,2749.8184185672826,0.0012712500453349292,14.454594687340837
913,360,Robinia',0,0,0,0,0,0,0,0.0,0.0,0.0,0.0,0.0,0.0,0.0,0.0
913,360,Salix',0,364,0,0,0,0,0,5.788285255432129,4.72445821762085,75.35789386852632,0.255518888828105,254.2664474350214,1752.473418803187,0.0016498553053126612,11.54414896008576
913,360,Sassafras',0,0,0,0,0,0,0,0.0,0.0,0.0,0.0,0.0,0.0,0.0,0.0
913,360,Sequoia',0,0,0,0,0,0,0,0.0,0.0,0.0,0.0,0.0,0.0,0.0,0.0
913,360,Sequoiadendron',0,0,0,0,0,0,0,0.0,0.0,0.0,0.0,0.0,0.0,0.0,0.0
913,360,Sorbus',0,0,0,0,0,0,0,0.0,0.0,0.0,0.0,0.0,0.0,0.0,0.0
913,360,Taxodium',0,0,0,0,0,0,0,0.0,0.0,0.0,0.0,0.0,0.0,0.0,0.0
913,360,Taxus',0,0,0,0,0,0,0,0.0,0.0,0.0,0.0,0.0,0.0,0.0,0.0
913,360,Thuja',0,0,0,0,0,0,0,0.0,0.0,0.0,0.0,0.0,0.0,0.0,0.0
913,360,Tilia',0,0,0,0,0,0,0,0.0,0.0,0.0,0.0,0.0,0.0,0.0,0.0
913,360,Torreya',0,0,0,0,0,0,0,0.0,0.0,0.0,0.0,0.0,0.0,0.0,0.0
913,360,Tsuga',0,0,0,0,0,0,0,0.0,0.0,0.0,0.0,0.0,0.0,0.0,0.0
913,360,Ulmus',0,0,0,0,0,0,0,0.0,0.0,0.0,0.0,0.0,0.0,0.0,0.0
913,360,Umbellularia',0,38,0,0,0,0,0,5.046297550201416,3.687976598739624,11.225651550292968,0.07680098943721403,82.31167602539062,1840.5450293471129,0.0003450631248950983,7.715846037939361
913,370,Abies',0,61,11,0,0,0,0,18.46651268005371,12.193775177001953,24.605169402658937,0.4293424573504152,388.3634668698907,6008.685850695527,0.0012184379307404107,16.990237507773518
913,370,Acer',0,97,8,0,0,0,0,10.407999038696289,5.858531951904297,32.50077011582406,0.12818083381772588,147.9745200408995,1901.828362053372,0.0007966989125388164,9.534574828247576
913,370,Aesculus',0,0,0,0,0,0,0,0.0,0.0,0.0,0.0,0.0,0.0,0.0,0.0
913,370,Ailanthus',0,0,0,0,0,0,0,0.0,0.0,0.0,0.0,0.0,0.0,0.0,0.0
913,370,Alnus',0,2377,92,0,0,0,0,13.69130802154541,10.474889755249023,543.1887331555444,3.3523154410516445,2935.9323356108366,9775.260572439878,0.014343797663745488,37.54665507376446
913,370,Amelanchier',0,0,0,0,0,0,0,0.0,0.0,0.0,0.0,0.0,0.0,0.0,0.0
913,370,Arbutus',0,30,96,0,0,0,0,18.332172393798828,12.989999771118164,41.57283948153257,0.7070607093666047,897.6336339113117,9371.06918618935,0.0025952379783268018,25.51779462700983
913,370,Asimina',0,0,0,0,0,0,0,0.0,0.0,0.0,0.0,0.0,0.0,0.0,0.0
913,370,Betula',0,0,0,0,0,0,0,0.0,0.0,0.0,0.0,0.0,0.0,0.0,0.0
913,370,Calocedrus',0,96,81,0,5,0,1,121.80146026611328,31.6402645111084,78.06802775710821,4.51039401924883,6722.950978327692,86460.36215045767,0.016067540982685355,196.38341924144794
913,370,Carpinus',0,0,0,0,0,0,0,0.0,0.0,0.0,0.0,0.0,0.0,0.0,0.0
913,370,Carya',0,0,0,0,0,0,0,0.0,0.0,0.0,0.0,0.0,0.0,0.0,0.0
913,370,Castanea',0,0,0,0,0,0,0,0.0,0.0,0.0,0.0,0.0,0.0,0.0,0.0
913,370,Catalpa',0,0,0,0,0,0,0,0.0,0.0,0.0,0.0,0.0,0.0,0.0,0.0
913,370,Celtis',0,0,0,0,0,0,0,0.0,0.0,0.0,0.0,0.0,0.0,0.0,0.0
913,370,Cercis',0,0,0,0,0,0,0,0.0,0.0,0.0,0.0,0.0,0.0,0.0,0.0
913,370,Cercocarpus',0,54,0,0,0,0,0,5.331432342529297,3.491701602935791,17.935997841358184,0.0801032820858825,145.85764548063278,2436.3420252099354,0.0005832036184401605,9.297218324154278
913,370,Chamaecyparis',0,0,0,0,0,0,0,0.0,0.0,0.0,0.0,0.0,0.0,0.0,0.0
913,370,Chilopsis',0,0,0,0,0,0,0,0.0,0.0,0.0,0.0,0.0,0.0,0.0,0.0
913,370,Chrysolepis',0,148,136,0,2,0,0,58.0130729675293,22.94339370727539,80.83031895339488,2.664871261604604,2935.1315925616027,32361.58330622172,0.007690063819086149,76.98973343686505
913,370,Cladrastis',0,0,0,0,0,0,0,0.0,0.0,0.0,0.0,0.0,0.0,0.0,0.0
913,370,Comus',0,0,0,0,0,0,0,0.0,0.0,0.0,0.0,0.0,0.0,0.0,0.0
913,370,Cornus',0,0,0,0,0,0,0,0.0,0.0,0.0,0.0,0.0,0.0,0.0,0.0
913,370,Crataegus',0,0,0,0,0,0,0,0.0,0.0,0.0,0.0,0.0,0.0,0.0,0.0
913,370,Cupressus',0,0,0,0,0,0,0,0.0,0.0,0.0,0.0,0.0,0.0,0.0,0.0
913,370,Diospyros',0,0,0,0,0,0,0,0.0,0.0,0.0,0.0,0.0,0.0,0.0,0.0
913,370,Elaeagnus',0,0,0,0,0,0,0,0.0,0.0,0.0,0.0,0.0,0.0,0.0,0.0
913,370,Fagus',0,0,0,0,0,0,0,0.0,0.0,0.0,0.0,0.0,0.0,0.0,0.0
913,370,Fraxinus',0,31,0,0,0,0,0,3.2731099128723145,2.8789539337158203,11.287232860922813,0.02608391366159742,39.822860673069954,890.4662352348686,0.00025098123699426303,5.612111069961509
913,370,Gleditsia',0,0,0,0,0,0,0,0.0,0.0,0.0,0.0,0.0,0.0,0.0,0.0
913,370,Gordonia',0,0,0,0,0,0,0,0.0,0.0,0.0,0.0,0.0,0.0,0.0,0.0
913,370,Gymnocladus',0,0,0,0,0,0,0,0.0,0.0,0.0,0.0,0.0,0.0,0.0,0.0
913,370,Halesia',0,0,0,0,0,0,0,0.0,0.0,0.0,0.0,0.0,0.0,0.0,0.0
913,370,Ilex',0,0,0,0,0,0,0,0.0,0.0,0.0,0.0,0.0,0.0,0.0,0.0
913,370,Juglans',0,0,0,0,0,0,0,0.0,0.0,0.0,0.0,0.0,0.0,0.0,0.0
913,370,Juniperus',0,192,33,0,0,0,0,17.830921173095703,6.425042152404785,112.72762352466583,0.7623735099976872,850.3715364384651,9924.490828011654,0.003518002466460047,37.00179929447693
913,370,Larix',0,0,0,0,0,0,0,0.0,0.0,0.0,0.0,0.0,0.0,0.0,0.0
913,370,Liquidambar',0,0,0,0,0,0,0,0.0,0.0,0.0,0.0,0.0,0.0,0.0,0.0
913,370,Liriodendron',0,0,0,0,0,0,0,0.0,0.0,0.0,0.0,0.0,0.0,0.0,0.0
913,370,Lithocarpus',0,0,23,0,0,0,0,9.442572593688965,6.441683292388916,3.812426631450653,0.1661059658116094,170.7728248667717,3818.5964511176717,0.0004345635673453383,9.717136771289837
913,370,Maclura',0,0,0,0,0,0,0,0.0,0.0,0.0,0.0,0.0,0.0,0.0,0.0
913,370,Magnolia',0,0,0,0,0,0,0,0.0,0.0,0.0,0.0,0.0,0.0,0.0,0.0
913,370,Malus',0,0,0,0,0,0,0,0.0,0.0,0.0,0.0,0.0,0.0,0.0,0.0
913,370,Morus',0,0,0,0,0,0,0,0.0,0.0,0.0,0.0,0.0,0.0,0.0,0.0
913,370,Nyssa',0,0,0,0,0,0,0,0.0,0.0,0.0,0.0,0.0,0.0,0.0,0.0
913,370,Olneya',0,0,0,0,0,0,0,0.0,0.0,0.0,0.0,0.0,0.0,0.0,0.0
913,370,Ostrya',0,0,0,0,0,0,0,0.0,0.0,0.0,0.0,0.0,0.0,0.0,0.0
913,370,Oxydendron',0,0,0,0,0,0,0,0.0,0.0,0.0,0.0,0.0,0.0,0.0,0.0
913,370,Paulownia',0,0,0,0,0,0,0,0.0,0.0,0.0,0.0,0.0,0.0,0.0,0.0
913,370,Persea',0,0,0,0,0,0,0,0.0,0.0,0.0,0.0,0.0,0.0,0.0,0.0
913,370,Picea',0,0,0,0,0,0,0,0.0,0.0,0.0,0.0,0.0,0.0,0.0,0.0
913,370,Pinus',0,3281,2994,206,12,0,1,140.96046447753906,32.53325271606445,2178.377969100624,83.42197616067907,86655.16224062994,192415.72037007808,0.22403248588482538,447.10559715895243
913,370,Planera',0,0,0,0,0,0,0,0.0,0.0,0.0,0.0,0.0,0.0,0.0,0.0
913,370,Platanus',0,0,0,0,0,0,0,0.0,0.0,0.0,0.0,0.0,0.0,0.0,0.0
913,370,Populus',0,439,12,0,0,0,0,10.92635726928711,4.758943557739258,165.23893180715885,0.40977092624713773,497.8067022764683,3101.6399186068074,0.00348494332853612,20.906931742199593
913,370,Prosopis',0,0,0,0,0,0,0,0.0,0.0,0.0,0.0,0.0,0.0,0.0,0.0
913,370,Prunus',0,0,0,0,0,0,0,0.0,0.0,0.0,0.0,0.0,0.0,0.0,0.0
913,370,Pseudotsuga',0,0,0,0,0,0,0,0.0,0.0,0.0,0.0,0.0,0.0,0.0,0.0
913,370,Quercus',0,119,8,0,0,0,0,10.079049110412598,5.724196910858154,45.67201562155085,0.20456821565764358,259.2148766811192,2777.232525239471,0.0012335071012806171,12.495751111893437
913,370,Robinia',0,0,0,0,0,0,0,0.0,0.0,0.0,0.0,0.0,0.0,0.0,0.0
913,370,Salix',0,483,16,0,0,0,0,8.297539710998535,6.079017162322998,64.93784149755028,0.35589024438719985,309.38467119246724,2204.7262602512737,0.001622337793537529,10.639694505256712
913,370,Sassafras',0,0,0,0,0,0,0,0.0,0.0,0.0,0.0,0.0,0.0,0.0,0.0
913,370,Sequoia',0,0,0,0,0,0,0,0.0,0.0,0.0,0.0,0.0,0.0,0.0,0.0
913,370,Sequoiadendron',0,0,0,0,0,0,0,0.0,0.0,0.0,0.0,0.0,0.0,0.0,0.0
913,370,Sorbus',0,0,0,0,0,0,0,0.0,0.0,0.0,0.0,0.0,0.0,0.0,0.0
913,370,Taxodium',0,0,0,0,0,0,0,0.0,0.0,0.0,0.0,0.0,0.0,0.0,0.0
913,370,Taxus',0,0,0,0,0,0,0,0.0,0.0,0.0,0.0,0.0,0.0,0.0,0.0
913,370,Thuja',0,0,0,0,0,0,0,0.0,0.0,0.0,0.0,0.0,0.0,0.0,0.0
913,370,Tilia',0,0,0,0,0,0,0,0.0,0.0,0.0,0.0,0.0,0.0,0.0,0.0
913,370,Torreya',0,0,0,0,0,0,0,0.0,0.0,0.0,0.0,0.0,0.0,0.0,0.0
913,370,Tsuga',0,0,0,0,0,0,0,0.0,0.0,0.0,0.0,0.0,0.0,0.0,0.0
913,370,Ulmus',0,0,0,0,0,0,0,0.0,0.0,0.0,0.0,0.0,0.0,0.0,0.0
913,370,Umbellularia',0,0,0,0,0,0,0,0.0,0.0,0.0,0.0,0.0,0.0,0.0,0.0
913,380,Abies',0,61,11,0,0,0,0,20.58295249938965,13.196422576904297,18.41742629289627,0.4360318897940187,425.87851451426747,7354.750339790934,0.0012124262576547536,19.273266971311067
913,380,Acer',0,87,0,0,0,0,0,3.314345598220825,2.82285475730896,10.911329516881628,0.031080958933753317,48.31058550357819,676.0756962822132,0.00026443150750547854,4.308599112627174
913,380,Aesculus',0,0,0,0,0,0,0,0.0,0.0,0.0,0.0,0.0,0.0,0.0,0.0
913,380,Ailanthus',0,0,0,0,0,0,0,0.0,0.0,0.0,0.0,0.0,0.0,0.0,0.0
913,380,Alnus',0,2264,52,0,0,0,0,12.68746566772461,9.895005226135254,519.1132899183968,3.551449673165995,3017.164152432457,10689.63584043947,0.014177733419097935,38.35834495493549
913,380,Amelanchier',0,0,0,0,0,0,0,0.0,0.0,0.0,0.0,0.0,0.0,0.0,0.0
913,380,Arbutus',0,62,66,0,0,0,0,22.27365493774414,14.926985740661621,47.30187809050083,0.811722638735675,1112.5614859634638,11800.889381765508,0.0031556082477345987,31.3611874082258
913,380,Asimina',0,0,0,0,0,0,0,0.0,0.0,0.0,0.0,0.0,0.0,0.0,0.0
913,380,Betula',0,0,0,0,0,0,0,0.0,0.0,0.0,0.0,0.0,0.0,0.0,0.0
913,380,Calocedrus',0,119,110,0,0,2,1,124.42967224121094,31.81928253173828,81.6334707403183,4.352976887940579,6146.648839354515,86593.52009057632,0.014838369970411849,196.5431549010587
913,380,Carpinus',0,0,0,0,0,0,0,0.0,0.0,0.0,0.0,0.0,0.0,0.0,0.0
913,380,Carya',0,0,0,0,0,0,0,0.0,0.0,0.0,0.0,0.0,0.0,0.0,0.0
913,380,Castanea',0,0,0,0,0,0,0,0.0,0.0,0.0,0.0,0.0,0.0,0.0,0.0
913,380,Catalpa',0,0,0,0,0,0,0,0.0,0.0,0.0,0.0,0.0,0.0,0.0,0.0
913,380,Celtis',0,0,0,0,0,0,0,0.0,0.0,0.0,0.0,0.0,0.0,0.0,0.0
913,380,Cercis',0,0,0,0,0,0,0,0.0,0.0,0.0,0.0,0.0,0.0,0.0,0.0
913,380,Cercocarpus',0,53,0,0,0,0,0,6.573827743530273,3.934218645095825,24.05000910758972,0.147628390341791,240.14036310195922,3973.862085491469,0.0008810342704877227,14.690415597502046
913,380,Chamaecyparis',0,0,0,0,0,0,0,0.0,0.0,0.0,0.0,0.0,0.0,0.0,0.0
913,380,Chilopsis',0,0,0,0,0,0,0,0.0,0.0,0.0,0.0,0.0,0.0,0.0,0.0
913,380,Chrysolepis',0,102,150,0,2,0,0,60.70929718017578,23.51569175720215,72.4438913410902,2.8836234338095026,3210.462811152339,35495.11075453271,0.008180773643097524,83.14532700068794
913,380,Cladrastis',0,0,0,0,0,0,0,0.0,0.0,0.0,0.0,0.0,0.0,0.0,0.0
913,380,Comus',0,0,0,0,0,0,0,0.0,0.0,0.0,0.0,0.0,0.0,0.0,0.0
913,380,Cornus',0,0,0,0,0,0,0,0.0,0.0,0.0,0.0,0.0,0.0,0.0,0.0
913,380,Crataegus',0,0,0,0,0,0,0,0.0,0.0,0.0,0.0,0.0,0.0,0.0,0.0
913,380,Cupressus',0,37,0,0,0,0,0,2.5,2.836749315261841,0.0,0.018555031610265022,21.05283740758896,470.75575562619775,4.678408729378134e-05,1.0461239945417822
913,380,Diospyros',0,0,0,0,0,0,0,0.0,0.0,0.0,0.0,0.0,0.0,0.0,0.0
913,380,Elaeagnus',0,0,0,0,0,0,0,0.0,0.0,0.0,0.0,0.0,0.0,0.0,0.0
913,380,Fagus',0,0,0,0,0,0,0,0.0,0.0,0.0,0.0,0.0,0.0,0.0,0.0
913,380,Fraxinus',0,31,0,0,0,0,0,4.727474212646484,3.544832468032837,7.7729407414982585,0.05441390728344672,54.05633194744587,1208.7363284878204,0.00023202098305337456,5.188146903136795
913,380,Gleditsia',0,0,0,0,0,0,0,0.0,0.0,0.0,0.0,0.0,0.0,0.0,0.0
913,380,Gordonia',0,0,0,0,0,0,0,0.0,0.0,0.0,0.0,0.0,0.0,0.0,0.0
913,380,Gymnocladus',0,0,0,0,0,0,0,0.0,0.0,0.0,0.0,0.0,0.0,0.0,0.0
913,380,Halesia',0,0,0,0,0,0,0,0.0,0.0,0.0,0.0,0.0,0.0,0.0,0.0
913,380,Ilex',0,0,0,0,0,0,0,0.0,0.0,0.0,0.0,0.0,0.0,0.0,0.0
913,380,Juglans',0,0,0,0,0,0,0,0.0,0.0,0.0,0.0,0.0,0.0,0.0,0.0
913,380,Juniperus',0,131,16,0,0,0,0,20.57831382751465,7.022286891937256,80.62755167543888,0.5468456453163336,628.993051455617,7019.350514017123,0.0025623825044330836,25.86047132396871
913,380,Larix',0,0,0,0,0,0,0,0.0,0.0,0.0,0.0,0.0,0.0,0.0,0.0
913,380,Liquidambar',0,0,0,0,0,0,0,0.0,0.0,0.0,0.0,0.0,0.0,0.0,0.0
913,380,Liriodendron',0,0,0,0,0,0,0,0.0,0.0,0.0,0.0,0.0,0.0,0.0,0.0
913,380,Lithocarpus',0,36,23,0,0,0,0,10.501192092895508,6.967710018157959,17.183623262643813,0.22949687321754442,268.6854403746128,5107.4452071415835,0.0008452866328656679,14.519004717441096
913,380,Maclura',0,0,0,0,0,0,0,0.0,0.0,0.0,0.0,0.0,0.0,0.0,0.0
913,380,Magnolia',0,0,0,0,0,0,0,0.0,0.0,0.0,0.0,0.0,0.0,0.0,0.0
913,380,Malus',0,0,0,0,0,0,0,0.0,0.0,0.0,0.0,0.0,0.0,0.0,0.0
913,380,Morus',0,0,0,0,0,0,0,0.0,0.0,0.0,0.0,0.0,0.0,0.0,0.0
913,380,Nyssa',0,0,0,0,0,0,0,0.0,0.0,0.0,0.0,0.0,0.0,0.0,0.0
913,380,Olneya',0,0,0,0,0,0,0,0.0,0.0,0.0,0.0,0.0,0.0,0.0,0.0
913,380,Ostrya',0,0,0,0,0,0,0,0.0,0.0,0.0,0.0,0.0,0.0,0.0,0.0
913,380,Oxydendron',0,0,0,0,0,0,0,0.0,0.0,0.0,0.0,0.0,0.0,0.0,0.0
913,380,Paulownia',0,0,0,0,0,0,0,0.0,0.0,0.0,0.0,0.0,0.0,0.0,0.0
913,380,Persea',0,0,0,0,0,0,0,0.0,0.0,0.0,0.0,0.0,0.0,0.0,0.0
913,380,Picea',0,0,0,0,0,0,0,0.0,0.0,0.0,0.0,0.0,0.0,0.0,0.0
913,380,Pinus',0,3181,3168,270,18,0,1,143.71197509765625,32.67314147949219,2377.5917886739967,92.21633278664763,97050.12695532411,207215.86272258917,0.2500099418438643,480.38335333674587
913,380,Planera',0,0,0,0,0,0,0,0.0,0.0,0.0,0.0,0.0,0.0,0.0,0.0
913,380,Platanus',0,0,0,0,0,0,0,0.0,0.0,0.0,0.0,0.0,0.0,0.0,0.0
913,380,Populus',0,474,3,0,0,0,0,13.333291053771973,5.456002235412598,143.50654681177832,0.32249888415227607,436.0537601441145,2560.0731869186625,0.0030348648189501897,18.63222607813639
913,380,Prosopis',0,0,0,0,0,0,0,0.0,0.0,0.0,0.0,0.0,0.0,0.0,0.0
913,380,Prunus',0,0,0,0,0,0,0,0.0,0.0,0.0,0.0,0.0,0.0,0.0,0.0
913,380,Pseudotsuga',0,0,0,0,0,0,0,0.0,0.0,0.0,0.0,0.0,0.0,0.0,0.0
913,380,Quercus',0,219,8,0,0,0,0,13.497776985168457,7.091165542602539,78.54975494933372,0.33328578127524777,434.1240719930083,3871.090442833183,0.0020954875203026387,17.551589399230526
913,380,Robinia',0,0,0,0,0,0,0,0.0,0.0,0.0,0.0,0.0,0.0,0.0,0.0
913,380,Salix',0,535,0,0,0,0,0,7.4156365394592285,5.611423015594482,89.35246314393662,0.47617621955254386,404.4542777786404,3121.105751908033,0.002185065638176747,14.089152964792408
913,380,Sassafras',0,0,0,0,0,0,0,0.0,0.0,0.0,0.0,0.0,0.0,0.0,0.0
913,380,Sequoia',0,0,0,0,0,0,0,0.0,0.0,0.0,0.0,0.0,0.0,0.0,0.0
913,380,Sequoiadendron',0,0,0,0,0,0,0,0.0,0.0,0.0,0.0,0.0,0.0,0.0,0.0
913,380,Sorbus',0,0,0,0,0,0,0,0.0,0.0,0.0,0.0,0.0,0.0,0.0,0.0
913,380,Taxodium',0,0,0,0,0,0,0,0.0,0.0,0.0,0.0,0.0,0.0,0.0,0.0
913,380,Taxus',0,0,0,0,0,0,0,0.0,0.0,0.0,0.0,0.0,0.0,0.0,0.0
913,380,Thuja',0,0,0,0,0,0,0,0.0,0.0,0.0,0.0,0.0,0.0,0.0,0.0
913,380,Tilia',0,0,0,0,0,0,0,0.0,0.0,0.0,0.0,0.0,0.0,0.0,0.0
913,380,Torreya',0,0,0,0,0,0,0,0.0,0.0,0.0,0.0,0.0,0.0,0.0,0.0
913,380,Tsuga',0,0,0,0,0,0,0,0.0,0.0,0.0,0.0,0.0,0.0,0.0,0.0
913,380,Ulmus',0,0,0,0,0,0,0,0.0,0.0,0.0,0.0,0.0,0.0,0.0,0.0
913,380,Umbellularia',0,0,0,0,0,0,0,0.0,0.0,0.0,0.0,0.0,0.0,0.0,0.0
913,390,Abies',0,6,34,0,0,0,0,23.114824295043945,14.339508056640625,24.835017770528793,0.5799868940455077,593.5714047896862,9308.323532690603,0.0016777755867565644,24.140579652428187
913,390,Acer',0,145,0,0,0,0,0,5.461098670959473,3.772913694381714,31.461518091868747,0.11286786446073963,133.47952773153781,1527.124485939544,0.0007495272065235757,8.602025003291892
913,390,Aesculus',0,0,0,0,0,0,0,0.0,0.0,0.0,0.0,0.0,0.0,0.0,0.0
913,390,Ailanthus',0,0,0,0,0,0,0,0.0,0.0,0.0,0.0,0.0,0.0,0.0,0.0
913,390,Alnus',0,2151,92,0,0,0,0,13.75143051147461,10.509201049804688,515.911097773056,3.75415202845071,3232.509663512781,12829.623023449147,0.014610181706687183,41.64514601001814
913,390,Amelanchier',0,0,0,0,0,0,0,0.0,0.0,0.0,0.0,0.0,0.0,0.0,0.0
913,390,Arbutus',0,90,65,0,0,0,0,12.886012077331543,10.01075267791748,41.780698562860486,0.7280033643042874,930.3296449697018,11628.68251416339,0.002670898270127061,29.66766543239092
913,390,Asimina',0,0,0,0,0,0,0,0.0,0.0,0.0,0.0,0.0,0.0,0.0,0.0
913,390,Betula',0,0,0,0,0,0,0,0.0,0.0,0.0,0.0,0.0,0.0,0.0,0.0
913,390,Calocedrus',0,37,154,0,0,2,1,127.00125885009766,31.986520767211914,78.14662007808685,5.121480314136344,6930.278838992119,91601.85078789706,0.016529404087198284,207.10444228942538
913,390,Carpinus',0,0,0,0,0,0,0,0.0,0.0,0.0,0.0,0.0,0.0,0.0,0.0
913,390,Carya',0,0,0,0,0,0,0,0.0,0.0,0.0,0.0,0.0,0.0,0.0,0.0
913,390,Castanea',0,0,0,0,0,0,0,0.0,0.0,0.0,0.0,0.0,0.0,0.0,0.0
913,390,Catalpa',0,0,0,0,0,0,0,0.0,0.0,0.0,0.0,0.0,0.0,0.0,0.0
913,390,Celtis',0,0,0,0,0,0,0,0.0,0.0,0.0,0.0,0.0,0.0,0.0,0.0
913,390,Cercis',0,0,0,0,0,0,0,0.0,0.0,0.0,0.0,0.0,0.0,0.0,0.0
913,390,Cercocarpus',0,25,28,0,0,0,0,8.009958267211914,4.417140483856201,24.624159758090972,0.2290910719788744,340.124255964756,5434.803902329215,0.0011115139685496814,17.563727950194203
913,390,Chamaecyparis',0,0,0,0,0,0,0,0.0,0.0,0.0,0.0,0.0,0.0,0.0,0.0
913,390,Chilopsis',0,0,0,0,0,0,0,0.0,0.0,0.0,0.0,0.0,0.0,0.0,0.0
913,390,Chrysolepis',0,77,151,0,2,0,0,63.22944259643555,24.027111053466797,73.27470177441835,3.2225128848618105,3657.6210402587058,39926.168145137504,0.009186459150896708,93.59083510271482
913,390,Cladrastis',0,0,0,0,0,0,0,0.0,0.0,0.0,0.0,0.0,0.0,0.0,0.0
913,390,Comus',0,0,0,0,0,0,0,0.0,0.0,0.0,0.0,0.0,0.0,0.0,0.0
913,390,Cornus',0,0,0,0,0,0,0,0.0,0.0,0.0,0.0,0.0,0.0,0.0,0.0
913,390,Crataegus',0,0,0,0,0,0,0,0.0,0.0,0.0,0.0,0.0,0.0,0.0,0.0
913,390,Cupressus',0,0,0,0,0,0,0,0.0,0.0,0.0,0.0,0.0,0.0,0.0,0.0
913,390,Diospyros',0,0,0,0,0,0,0,0.0,0.0,0.0,0.0,0.0,0.0,0.0,0.0
913,390,Elaeagnus',0,0,0,0,0,0,0,0.0,0.0,0.0,0.0,0.0,0.0,0.0,0.0
913,390,Fagus',0,0,0,0,0,0,0,0.0,0.0,0.0,0.0,0.0,0.0,0.0,0.0
913,390,Fraxinus',0,0,0,0,0,0,0,0.0,0.0,0.0,0.0,0.0,0.0,0.0,0.0
913,390,Gleditsia',0,0,0,0,0,0,0,0.0,0.0,0.0,0.0,0.0,0.0,0.0,0.0
913,390,Gordonia',0,0,0,0,0,0,0,0.0,0.0,0.0,0.0,0.0,0.0,0.0,0.0
913,390,Gymnocladus',0,0,0,0,0,0,0,0.0,0.0,0.0,0.0,0.0,0.0,0.0,0.0
913,390,Halesia',0,0,0,0,0,0,0,0.0,0.0,0.0,0.0,0.0,0.0,0.0,0.0
913,390,Ilex',0,0,0,0,0,0,0,0.0,0.0,0.0,0.0,0.0,0.0,0.0,0.0
913,390,Juglans',0,0,0,0,0,0,0,0.0,0.0,0.0,0.0,0.0,0.0,0.0,0.0
913,390,Juniperus',0,140,34,0,0,0,0,15.07169246673584,6.040989875793457,84.36529005050659,0.4673621055760183,553.5481067442894,5762.4746587712,0.002448716639642681,25.536649543870354
913,390,Larix',0,0,0,0,0,0,0,0.0,0.0,0.0,0.0,0.0,0.0,0.0,0.0
913,390,Liquidambar',0,0,0,0,0,0,0,0.0,0.0,0.0,0.0,0.0,0.0,0.0,0.0
913,390,Liriodendron',0,0,0,0,0,0,0,0.0,0.0,0.0,0.0,0.0,0.0,0.0,0.0
913,390,Lithocarpus',0,36,0,0,0,0,0,4.552419662475586,3.883326768875122,9.324461889266967,0.059899373623669386,73.11609072685242,1634.9254911428366,0.000297166875824337,6.644853350044546
913,390,Maclura',0,0,0,0,0,0,0,0.0,0.0,0.0,0.0,0.0,0.0,0.0,0.0
913,390,Magnolia',0,0,0,0,0,0,0,0.0,0.0,0.0,0.0,0.0,0.0,0.0,0.0
913,390,Malus',0,0,0,0,0,0,0,0.0,0.0,0.0,0.0,0.0,0.0,0.0,0.0
913,390,Morus',0,0,0,0,0,0,0,0.0,0.0,0.0,0.0,0.0,0.0,0.0,0.0
913,390,Nyssa',0,0,0,0,0,0,0,0.0,0.0,0.0,0.0,0.0,0.0,0.0,0.0
913,390,Olneya',0,0,0,0,0,0,0,0.0,0.0,0.0,0.0,0.0,0.0,0.0,0.0
913,390,Ostrya',0,0,0,0,0,0,0,0.0,0.0,0.0,0.0,0.0,0.0,0.0,0.0
913,390,Oxydendron',0,0,0,0,0,0,0,0.0,0.0,0.0,0.0,0.0,0.0,0.0,0.0
913,390,Paulownia',0,0,0,0,0,0,0,0.0,0.0,0.0,0.0,0.0,0.0,0.0,0.0
913,390,Persea',0,0,0,0,0,0,0,0.0,0.0,0.0,0.0,0.0,0.0,0.0,0.0
913,390,Picea',0,0,0,0,0,0,0,0.0,0.0,0.0,0.0,0.0,0.0,0.0,0.0
913,390,Pinus',0,3584,2739,241,23,0,1,146.3950653076172,32.803314208984375,2399.5273843079804,88.39029569065971,94595.37934282183,207127.85031811797,0.24487179260040348,479.3943616588097
913,390,Planera',0,0,0,0,0,0,0,0.0,0.0,0.0,0.0,0.0,0.0,0.0,0.0
913,390,Platanus',0,0,0,0,0,0,0,0.0,0.0,0.0,0.0,0.0,0.0,0.0,0.0
913,390,Populus',0,519,10,0,0,0,0,8.469350814819336,4.0241169929504395,160.9801493868043,0.387919235047746,502.53516017973425,2578.012505779875,0.003434143482214995,18.604795138235303
913,390,Prosopis',0,0,0,0,0,0,0,0.0,0.0,0.0,0.0,0.0,0.0,0.0,0.0
913,390,Prunus',0,0,0,0,0,0,0,0.0,0.0,0.0,0.0,0.0,0.0,0.0,0.0
913,390,Pseudotsuga',0,0,0,0,0,0,0,0.0,0.0,0.0,0.0,0.0,0.0,0.0,0.0
913,390,Quercus',0,100,31,0,0,0,0,16.748271942138672,8.332732200622559,60.41640878666804,0.45805936568689115,519.0360556089878,5223.271012063528,0.0020231412155069417,18.174406990224256
913,390,Robinia',0,0,0,0,0,0,0,0.0,0.0,0.0,0.0,0.0,0.0,0.0,0.0
913,390,Salix',0,542,58,0,0,0,0,10.276762008666992,7.096043586730957,142.78717481896655,0.937416971731045,740.8341889216006,5096.132999108573,0.0037017989078615963,19.831206477729403
913,390,Sassafras',0,0,0,0,0,0,0,0.0,0.0,0.0,0.0,0.0,0.0,0.0,0.0
913,390,Sequoia',0,0,0,0,0,0,0,0.0,0.0,0.0,0.0,0.0,0.0,0.0,0.0
913,390,Sequoiadendron',0,0,0,0,0,0,0,0.0,0.0,0.0,0.0,0.0,0.0,0.0,0.0
913,390,Sorbus',0,0,0,0,0,0,0,0.0,0.0,0.0,0.0,0.0,0.0,0.0,0.0
913,390,Taxodium',0,0,0,0,0,0,0,0.0,0.0,0.0,0.0,0.0,0.0,0.0,0.0
913,390,Taxus',0,0,0,0,0,0,0,0.0,0.0,0.0,0.0,0.0,0.0,0.0,0.0
913,390,Thuja',0,0,0,0,0,0,0,0.0,0.0,0.0,0.0,0.0,0.0,0.0,0.0
913,390,Tilia',0,0,0,0,0,0,0,0.0,0.0,0.0,0.0,0.0,0.0,0.0,0.0
913,390,Torreya',0,0,0,0,0,0,0,0.0,0.0,0.0,0.0,0.0,0.0,0.0,0.0
913,390,Tsuga',0,0,0,0,0,0,0,0.0,0.0,0.0,0.0,0.0,0.0,0.0,0.0
913,390,Ulmus',0,0,0,0,0,0,0,0.0,0.0,0.0,0.0,0.0,0.0,0.0,0.0
913,390,Umbellularia',0,35,0,0,0,0,0,2.5,2.516206741333008,0.0,0.017278759594744123,24.005967140197754,536.7897439110843,5.334659218788146e-05,1.1928660650006218
913,400,Abies',0,6,9,1,0,0,0,29.916791915893555,17.129302978515625,17.46213186264038,0.5651264538008917,649.3226889944077,11164.906809462771,0.0016951700940933119,27.810339775818566
913,400,Acer',0,187,0,0,0,0,0,7.286705493927002,4.559119701385498,48.00798443346461,0.26546235321734185,260.2860508069396,2556.9861573473636,0.001269515043334103,11.521235098525942
913,400,Aesculus',0,0,0,0,0,0,0,0.0,0.0,0.0,0.0,0.0,0.0,0.0,0.0
913,400,Ailanthus',0,0,0,0,0,0,0,0.0,0.0,0.0,0.0,0.0,0.0,0.0,0.0
913,400,Alnus',0,1943,161,0,0,0,0,14.355317115783691,10.85124397277832,503.32128754133186,3.223824375389558,2828.2239548461885,8969.113890876599,0.01353053166483085,35.97927124630014
913,400,Amelanchier',0,0,0,0,0,0,0,0.0,0.0,0.0,0.0,0.0,0.0,0.0,0.0
913,400,Arbutus',0,68,57,0,0,0,0,12.640018463134766,9.867267608642578,28.706326189041135,0.8733561041755039,1063.0921776294708,14323.530826187181,0.0027770740271508693,35.28367403115418
913,400,Asimina',0,0,0,0,0,0,0,0.0,0.0,0.0,0.0,0.0,0.0,0.0,0.0
913,400,Betula',0,0,0,0,0,0,0,0.0,0.0,0.0,0.0,0.0,0.0,0.0,0.0
913,400,Calocedrus',0,128,87,0,0,0,0,27.99393653869629,14.747264862060547,60.892809821963304,2.1029603368940335,1681.6455250424146,16778.52019447993,0.004616552921439969,42.258931867881266
913,400,Carpinus',0,0,0,0,0,0,0,0.0,0.0,0.0,0.0,0.0,0.0,0.0,0.0
913,400,Carya',0,0,0,0,0,0,0,0.0,0.0,0.0,0.0,0.0,0.0,0.0,0.0
913,400,Castanea',0,0,0,0,0,0,0,0.0,0.0,0.0,0.0,0.0,0.0,0.0,0.0
913,400,Catalpa',0,0,0,0,0,0,0,0.0,0.0,0.0,0.0,0.0,0.0,0.0,0.0
913,400,Celtis',0,0,0,0,0,0,0,0.0,0.0,0.0,0.0,0.0,0.0,0.0,0.0
913,400,Cercis',0,0,0,0,0,0,0,0.0,0.0,0.0,0.0,0.0,0.0,0.0,0.0
913,400,Cercocarpus',0,14,25,0,0,0,0,8.356029510498047,4.5291218757629395,13.404679930210113,0.1631994802116124,232.9626105618477,4381.829788484116,0.0007113178497056118,13.095270552562896
913,400,Chamaecyparis',0,0,0,0,0,0,0,0.0,0.0,0.0,0.0,0.0,0.0,0.0,0.0
913,400,Chilopsis',0,0,0,0,0,0,0,0.0,0.0,0.0,0.0,0.0,0.0,0.0,0.0
913,400,Chrysolepis',0,64,142,0,2,0,0,65.70721435546875,24.508747100830078,70.60471376389265,3.0719576685949512,3630.0269383427503,42237.56013426828,0.009086572277804229,98.18915631562696
913,400,Cladrastis',0,0,0,0,0,0,0,0.0,0.0,0.0,0.0,0.0,0.0,0.0,0.0
913,400,Comus',0,0,0,0,0,0,0,0.0,0.0,0.0,0.0,0.0,0.0,0.0,0.0
913,400,Cornus',0,0,0,0,0,0,0,0.0,0.0,0.0,0.0,0.0,0.0,0.0,0.0
913,400,Crataegus',0,0,0,0,0,0,0,0.0,0.0,0.0,0.0,0.0,0.0,0.0,0.0
913,400,Cupressus',0,37,0,0,0,0,0,2.538198232650757,2.2199718952178955,10.277906674146651,0.019126378939934907,37.64343404173851,841.7327742385692,0.00023211072913370857,5.190153686500145
913,400,Diospyros',0,0,0,0,0,0,0,0.0,0.0,0.0,0.0,0.0,0.0,0.0,0.0
913,400,Elaeagnus',0,0,0,0,0,0,0,0.0,0.0,0.0,0.0,0.0,0.0,0.0,0.0
913,400,Fagus',0,0,0,0,0,0,0,0.0,0.0,0.0,0.0,0.0,0.0,0.0,0.0
913,400,Fraxinus',0,0,0,0,0,0,0,0.0,0.0,0.0,0.0,0.0,0.0,0.0,0.0
913,400,Gleditsia',0,0,0,0,0,0,0,0.0,0.0,0.0,0.0,0.0,0.0,0.0,0.0
913,400,Gordonia',0,0,0,0,0,0,0,0.0,0.0,0.0,0.0,0.0,0.0,0.0,0.0
913,400,Gymnocladus',0,0,0,0,0,0,0,0.0,0.0,0.0,0.0,0.0,0.0,0.0,0.0
913,400,Halesia',0,0,0,0,0,0,0,0.0,0.0,0.0,0.0,0.0,0.0,0.0,0.0
913,400,Ilex',0,0,0,0,0,0,0,0.0,0.0,0.0,0.0,0.0,0.0,0.0,0.0
913,400,Juglans',0,0,0,0,0,0,0,0.0,0.0,0.0,0.0,0.0,0.0,0.0,0.0
913,400,Juniperus',0,141,34,0,0,0,0,19.768983840942383,7.223010540008545,122.78583081364631,0.6199786664510624,750.2103948557377,7272.4442619382635,0.0034407073443196655,32.1729077697806
913,400,Larix',0,0,0,0,0,0,0,0.0,0.0,0.0,0.0,0.0,0.0,0.0,0.0
913,400,Liquidambar',0,0,0,0,0,0,0,0.0,0.0,0.0,0.0,0.0,0.0,0.0,0.0
913,400,Liriodendron',0,0,0,0,0,0,0,0.0,0.0,0.0,0.0,0.0,0.0,0.0,0.0
913,400,Lithocarpus',0,36,0,0,0,0,0,5.903792858123779,4.611996173858643,6.97712173461914,0.10073953054724516,104.48285903930665,2336.3077529542006,0.00033296477809548035,7.445318779346209
913,400,Maclura',0,0,0,0,0,0,0,0.0,0.0,0.0,0.0,0.0,0.0,0.0,0.0
913,400,Magnolia',0,0,0,0,0,0,0,0.0,0.0,0.0,0.0,0.0,0.0,0.0,0.0
913,400,Malus',0,0,0,0,0,0,0,0.0,0.0,0.0,0.0,0.0,0.0,0.0,0.0
913,400,Morus',0,0,0,0,0,0,0,0.0,0.0,0.0,0.0,0.0,0.0,0.0,0.0
913,400,Nyssa',0,0,0,0,0,0,0,0.0,0.0,0.0,0.0,0.0,0.0,0.0,0.0
913,400,Olneya',0,0,0,0,0,0,0,0.0,0.0,0.0,0.0,0.0,0.0,0.0,0.0
913,400,Ostrya',0,0,0,0,0,0,0,0.0,0.0,0.0,0.0,0.0,0.0,0.0,0.0
913,400,Oxydendron',0,0,0,0,0,0,0,0.0,0.0,0.0,0.0,0.0,0.0,0.0,0.0
913,400,Paulownia',0,0,0,0,0,0,0,0.0,0.0,0.0,0.0,0.0,0.0,0.0,0.0
913,400,Persea',0,0,0,0,0,0,0,0.0,0.0,0.0,0.0,0.0,0.0,0.0,0.0
913,400,Picea',0,0,0,0,0,0,0,0.0,0.0,0.0,0.0,0.0,0.0,0.0,0.0
913,400,Pinus',0,3502,2801,293,11,0,1,149.02401733398438,32.92515563964844,2402.811657680422,90.1573465967597,96090.36349368826,205482.71705789154,0.24824142052894219,476.3007081649421
913,400,Planera',0,0,0,0,0,0,0,0.0,0.0,0.0,0.0,0.0,0.0,0.0,0.0
913,400,Platanus',0,0,0,0,0,0,0,0.0,0.0,0.0,0.0,0.0,0.0,0.0,0.0
913,400,Populus',0,370,20,0,0,0,0,13.960420608520508,5.634006023406982,120.2539900242339,0.3168988422315389,388.77577056735754,2295.5163408113535,0.0025950691444491933,15.675125555665515
913,400,Prosopis',0,0,0,0,0,0,0,0.0,0.0,0.0,0.0,0.0,0.0,0.0,0.0
913,400,Prunus',0,0,0,0,0,0,0,0.0,0.0,0.0,0.0,0.0,0.0,0.0,0.0
913,400,Pseudotsuga',0,0,0,0,0,0,0,0.0,0.0,0.0,0.0,0.0,0.0,0.0,0.0
913,400,Quercus',0,102,44,0,0,0,0,19.705333709716797,9.415112495422363,61.55653338077701,0.6325919442918204,712.7360601294041,7493.649700842917,0.002469998419243855,23.58433725001554
913,400,Robinia',0,0,0,0,0,0,0,0.0,0.0,0.0,0.0,0.0,0.0,0.0,0.0
913,400,Salix',0,600,39,0,0,0,0,10.579976081848145,7.247984409332275,123.04831444839887,1.0563089812314146,802.8477331125737,6232.067041686845,0.003555454924923587,20.823261134765513
913,400,Sassafras',0,0,0,0,0,0,0,0.0,0.0,0.0,0.0,0.0,0.0,0.0,0.0
913,400,Sequoia',0,0,0,0,0,0,0,0.0,0.0,0.0,0.0,0.0,0.0,0.0,0.0
913,400,Sequoiadendron',0,0,0,0,0,0,0,0.0,0.0,0.0,0.0,0.0,0.0,0.0,0.0
913,400,Sorbus',0,0,0,0,0,0,0,0.0,0.0,0.0,0.0,0.0,0.0,0.0,0.0
913,400,Taxodium',0,0,0,0,0,0,0,0.0,0.0,0.0,0.0,0.0,0.0,0.0,0.0
913,400,Taxus',0,0,0,0,0,0,0,0.0,0.0,0.0,0.0,0.0,0.0,0.0,0.0
913,400,Thuja',0,0,0,0,0,0,0,0.0,0.0,0.0,0.0,0.0,0.0,0.0,0.0
913,400,Tilia',0,0,0,0,0,0,0,0.0,0.0,0.0,0.0,0.0,0.0,0.0,0.0
913,400,Torreya',0,0,0,0,0,0,0,0.0,0.0,0.0,0.0,0.0,0.0,0.0,0.0
913,400,Tsuga',0,0,0,0,0,0,0,0.0,0.0,0.0,0.0,0.0,0.0,0.0,0.0
913,400,Ulmus',0,0,0,0,0,0,0,0.0,0.0,0.0,0.0,0.0,0.0,0.0,0.0
913,400,Umbellularia',0,0,0,0,0,0,0,0.0,0.0,0.0,0.0,0.0,0.0,0.0,0.0
913,410,Abies',0,23,9,1,0,0,0,35.93092346191406,19.288789749145508,22.267779594659803,0.7176527072001024,835.1578925192356,13372.680173906585,0.0021775522187103802,32.59162156019525
913,410,Acer',0,48,0,0,0,0,0,6.883010387420654,4.386958599090576,13.318725668978463,0.046210312490334735,55.05287227109075,816.6263555931015,0.00031407016587164157,4.756195583311767
913,410,Aesculus',0,0,0,0,0,0,0,0.0,0.0,0.0,0.0,0.0,0.0,0.0,0.0
913,410,Ailanthus',0,0,0,0,0,0,0,0.0,0.0,0.0,0.0,0.0,0.0,0.0,0.0
913,410,Alnus',0,2313,61,0,0,0,0,14.89801025390625,11.154640197753906,580.4581786083835,3.505595660028469,3143.9429842454197,9352.972752250074,0.015342557930855765,37.64368557068026
913,410,Amelanchier',0,0,0,0,0,0,0,0.0,0.0,0.0,0.0,0.0,0.0,0.0,0.0
913,410,Arbutus',0,67,90,0,0,0,0,13.592427253723145,10.418355941772461,25.143620642423627,1.1890948628775337,1457.8782459676265,17906.571311156476,0.003602915209779505,42.17693756007158
913,410,Asimina',0,0,0,0,0,0,0,0.0,0.0,0.0,0.0,0.0,0.0,0.0,0.0
913,410,Betula',0,0,0,0,0,0,0,0.0,0.0,0.0,0.0,0.0,0.0,0.0,0.0
913,410,Calocedrus',0,187,80,2,0,0,0,33.410831451416016,16.660675048828125,75.1126591861248,1.8450209498281687,1530.505646340847,14830.413892540018,0.00448608429761992,38.36886224136304
913,410,Carpinus',0,0,0,0,0,0,0,0.0,0.0,0.0,0.0,0.0,0.0,0.0,0.0
913,410,Carya',0,0,0,0,0,0,0,0.0,0.0,0.0,0.0,0.0,0.0,0.0,0.0
913,410,Castanea',0,0,0,0,0,0,0,0.0,0.0,0.0,0.0,0.0,0.0,0.0,0.0
913,410,Catalpa',0,0,0,0,0,0,0,0.0,0.0,0.0,0.0,0.0,0.0,0.0,0.0
913,410,Celtis',0,0,0,0,0,0,0,0.0,0.0,0.0,0.0,0.0,0.0,0.0,0.0
913,410,Cercis',0,0,0,0,0,0,0,0.0,0.0,0.0,0.0,0.0,0.0,0.0,0.0
913,410,Cercocarpus',0,0,14,0,0,0,0,8.655128479003906,4.624570846557617,6.361579018831253,0.08307524221072526,117.39008012890815,2624.9219905238942,0.00035275632190207566,7.8878711526583265
913,410,Chamaecyparis',0,0,0,0,0,0,0,0.0,0.0,0.0,0.0,0.0,0.0,0.0,0.0
913,410,Chilopsis',0,0,0,0,0,0,0,0.0,0.0,0.0,0.0,0.0,0.0,0.0,0.0
913,410,Chrysolepis',0,83,66,0,0,2,0,68.04096984863281,24.943971633911133,58.329774792194364,3.033616999704347,3802.4775997185707,46292.368397261205,0.009292491384845211,106.49548824167479
913,410,Cladrastis',0,0,0,0,0,0,0,0.0,0.0,0.0,0.0,0.0,0.0,0.0,0.0
913,410,Comus',0,0,0,0,0,0,0,0.0,0.0,0.0,0.0,0.0,0.0,0.0,0.0
913,410,Cornus',0,0,0,0,0,0,0,0.0,0.0,0.0,0.0,0.0,0.0,0.0,0.0
913,410,Crataegus',0,0,0,0,0,0,0,0.0,0.0,0.0,0.0,0.0,0.0,0.0,0.0
913,410,Cupressus',0,0,0,0,0,0,0,0.0,0.0,0.0,0.0,0.0,0.0,0.0,0.0
913,410,Diospyros',0,0,0,0,0,0,0,0.0,0.0,0.0,0.0,0.0,0.0,0.0,0.0
913,410,Elaeagnus',0,0,0,0,0,0,0,0.0,0.0,0.0,0.0,0.0,0.0,0.0,0.0
913,410,Fagus',0,0,0,0,0,0,0,0.0,0.0,0.0,0.0,0.0,0.0,0.0,0.0
913,410,Fraxinus',0,0,0,0,0,0,0,0.0,0.0,0.0,0.0,0.0,0.0,0.0,0.0
913,410,Gleditsia',0,0,0,0,0,0,0,0.0,0.0,0.0,0.0,0.0,0.0,0.0,0.0
913,410,Gordonia',0,0,0,0,0,0,0,0.0,0.0,0.0,0.0,0.0,0.0,0.0,0.0
913,410,Gymnocladus',0,0,0,0,0,0,0,0.0,0.0,0.0,0.0,0.0,0.0,0.0,0.0
913,410,Halesia',0,0,0,0,0,0,0,0.0,0.0,0.0,0.0,0.0,0.0,0.0,0.0
913,410,Ilex',0,0,0,0,0,0,0,0.0,0.0,0.0,0.0,0.0,0.0,0.0,0.0
913,410,Juglans',0,0,0,0,0,0,0,0.0,0.0,0.0,0.0,0.0,0.0,0.0,0.0
913,410,Juniperus',0,122,53,0,0,0,0,23.78463363647461,8.14041805267334,105.70567788362503,0.8187746777885989,906.2248976683617,9224.275156189828,0.003540692875470964,33.57329774626124
913,410,Larix',0,0,0,0,0,0,0,0.0,0.0,0.0,0.0,0.0,0.0,0.0,0.0
913,410,Liquidambar',0,0,0,0,0,0,0,0.0,0.0,0.0,0.0,0.0,0.0,0.0,0.0
913,410,Liriodendron',0,0,0,0,0,0,0,0.0,0.0,0.0,0.0,0.0,0.0,0.0,0.0
913,410,Lithocarpus',0,0,0,0,0,0,0,0.0,0.0,0.0,0.0,0.0,0.0,0.0,0.0
913,410,Maclura',0,0,0,0,0,0,0,0.0,0.0,0.0,0.0,0.0,0.0,0.0,0.0
913,410,Magnolia',0,0,0,0,0,0,0,0.0,0.0,0.0,0.0,0.0,0.0,0.0,0.0
913,410,Malus',0,0,0,0,0,0,0,0.0,0.0,0.0,0.0,0.0,0.0,0.0,0.0
913,410,Morus',0,0,0,0,0,0,0,0.0,0.0,0.0,0.0,0.0,0.0,0.0,0.0
913,410,Nyssa',0,0,0,0,0,0,0,0.0,0.0,0.0,0.0,0.0,0.0,0.0,0.0
913,410,Olneya',0,0,0,0,0,0,0,0.0,0.0,0.0,0.0,0.0,0.0,0.0,0.0
913,410,Ostrya',0,0,0,0,0,0,0,0.0,0.0,0.0,0.0,0.0,0.0,0.0,0.0
913,410,Oxydendron',0,0,0,0,0,0,0,0.0,0.0,0.0,0.0,0.0,0.0,0.0,0.0
913,410,Paulownia',0,0,0,0,0,0,0,0.0,0.0,0.0,0.0,0.0,0.0,0.0,0.0
913,410,Persea',0,0,0,0,0,0,0,0.0,0.0,0.0,0.0,0.0,0.0,0.0,0.0
913,410,Picea',0,0,0,0,0,0,0,0.0,0.0,0.0,0.0,0.0,0.0,0.0,0.0
913,410,Pinus',0,3406,2709,319,7,0,1,151.63226318359375,33.040706634521484,2429.7662813964484,88.39655450562381,93968.55414749264,211951.68239722113,0.24391563320062412,491.71288050299813
913,410,Planera',0,0,0,0,0,0,0,0.0,0.0,0.0,0.0,0.0,0.0,0.0,0.0
913,410,Platanus',0,0,0,0,0,0,0,0.0,0.0,0.0,0.0,0.0,0.0,0.0,0.0
913,410,Populus',0,517,3,0,0,0,0,13.521642684936523,5.509618759155273,133.09376977879222,0.3374824542491891,448.98343391969803,2415.417424759443,0.002913699723663733,17.21183286450507
913,410,Prosopis',0,0,0,0,0,0,0,0.0,0.0,0.0,0.0,0.0,0.0,0.0,0.0
913,410,Prunus',0,0,0,0,0,0,0,0.0,0.0,0.0,0.0,0.0,0.0,0.0,0.0
913,410,Pseudotsuga',0,0,0,0,0,0,0,0.0,0.0,0.0,0.0,0.0,0.0,0.0,0.0
913,410,Quercus',0,35,8,0,0,0,0,22.451183319091797,10.381611824035645,25.27201327342021,0.3610247562829401,438.0674935388565,8252.586659486898,0.001337288031753154,21.608011641898045
913,410,Robinia',0,0,0,0,0,0,0,0.0,0.0,0.0,0.0,0.0,0.0,0.0,0.0
913,410,Salix',0,601,71,0,0,0,0,10.5267333984375,7.221377372741699,123.78128472574149,0.8726395200204199,704.7864095658064,5159.481137109162,0.0033480923692560814,19.64881115024344
913,410,Sassafras',0,0,0,0,0,0,0,0.0,0.0,0.0,0.0,0.0,0.0,0.0,0.0
913,410,Sequoia',0,0,0,0,0,0,0,0.0,0.0,0.0,0.0,0.0,0.0,0.0,0.0
913,410,Sequoiadendron',0,0,0,0,0,0,0,0.0,0.0,0.0,0.0,0.0,0.0,0.0,0.0
913,410,Sorbus',0,0,0,0,0,0,0,0.0,0.0,0.0,0.0,0.0,0.0,0.0,0.0
913,410,Taxodium',0,0,0,0,0,0,0,0.0,0.0,0.0,0.0,0.0,0.0,0.0,0.0
913,410,Taxus',0,0,0,0,0,0,0,0.0,0.0,0.0,0.0,0.0,0.0,0.0,0.0
913,410,Thuja',0,0,0,0,0,0,0,0.0,0.0,0.0,0.0,0.0,0.0,0.0,0.0
913,410,Tilia',0,0,0,0,0,0,0,0.0,0.0,0.0,0.0,0.0,0.0,0.0,0.0
913,410,Torreya',0,0,0,0,0,0,0,0.0,0.0,0.0,0.0,0.0,0.0,0.0,0.0
913,410,Tsuga',0,0,0,0,0,0,0,0.0,0.0,0.0,0.0,0.0,0.0,0.0,0.0
913,410,Ulmus',0,0,0,0,0,0,0,0.0,0.0,0.0,0.0,0.0,0.0,0.0,0.0
913,410,Umbellularia',0,36,0,0,0,0,0,2.6280343532562256,2.5767087936401367,8.85590094089508,0.01961464169022961,35.5687748003006,795.3419832985342,0.00020696029041955712,4.627772780212272
913,420,Abies',0,86,0,1,0,0,0,41.48643493652344,21.05803680419922,35.88696774959564,0.3461785451565173,456.97721941947935,7520.487281083688,0.0015338722695903864,21.331703501585416
913,420,Acer',0,48,7,0,0,0,0,8.421544075012207,5.038010120391846,11.220553464055815,0.07263007047295969,73.25698007553817,1015.05377521429,0.00032431938325613895,5.304447391186381
913,420,Aesculus',0,0,0,0,0,0,0,0.0,0.0,0.0,0.0,0.0,0.0,0.0,0.0
913,420,Ailanthus',0,0,0,0,0,0,0,0.0,0.0,0.0,0.0,0.0,0.0,0.0,0.0
913,420,Alnus',0,2368,205,0,0,0,0,19.761028289794922,13.712357521057129,543.857310087526,4.543639924843559,3774.6865880790356,11967.427495856035,0.0162173205849889,40.935969450257296
913,420,Amelanchier',0,0,0,0,0,0,0,0.0,0.0,0.0,0.0,0.0,0.0,0.0,0.0
913,420,Arbutus',0,72,90,0,0,0,0,14.276471138000488,10.806852340698242,23.922167201340198,0.9806362068193123,1180.260059838593,13792.777358248295,0.002968342560206848,33.10930145155845
913,420,Asimina',0,0,0,0,0,0,0,0.0,0.0,0.0,0.0,0.0,0.0,0.0,0.0
913,420,Betula',0,0,0,0,0,0,0,0.0,0.0,0.0,0.0,0.0,0.0,0.0,0.0
913,420,Calocedrus',0,207,97,2,0,0,0,38.21046829223633,18.208507537841797,63.346255179345604,2.1886419511429436,1854.7580421432854,18397.286974011084,0.005036686042228088,44.863887481018494
913,420,Carpinus',0,0,0,0,0,0,0,0.0,0.0,0.0,0.0,0.0,0.0,0.0,0.0
913,420,Carya',0,0,0,0,0,0,0,0.0,0.0,0.0,0.0,0.0,0.0,0.0,0.0
913,420,Castanea',0,0,0,0,0,0,0,0.0,0.0,0.0,0.0,0.0,0.0,0.0,0.0
913,420,Catalpa',0,0,0,0,0,0,0,0.0,0.0,0.0,0.0,0.0,0.0,0.0,0.0
913,420,Celtis',0,0,0,0,0,0,0,0.0,0.0,0.0,0.0,0.0,0.0,0.0,0.0
913,420,Cercis',0,0,0,0,0,0,0,0.0,0.0,0.0,0.0,0.0,0.0,0.0,0.0
913,420,Cercocarpus',0,12,14,0,0,0,0,11.472488403320312,5.465904235839844,5.788113000392913,0.15226482943737366,214.4403585934639,4482.409365880878,0.0005601401956217971,11.826288224959242
913,420,Chamaecyparis',0,0,0,0,0,0,0,0.0,0.0,0.0,0.0,0.0,0.0,0.0,0.0
913,420,Chilopsis',0,0,0,0,0,0,0,0.0,0.0,0.0,0.0,0.0,0.0,0.0,0.0
913,420,Chrysolepis',0,138,80,8,0,2,0,70.3495101928711,25.357622146606445,90.30366660535336,2.9254006599820976,3957.1479268044236,49515.87971900978,0.01009804802372929,113.97905617728993
913,420,Cladrastis',0,0,0,0,0,0,0,0.0,0.0,0.0,0.0,0.0,0.0,0.0,0.0
913,420,Comus',0,0,0,0,0,0,0,0.0,0.0,0.0,0.0,0.0,0.0,0.0,0.0
913,420,Cornus',0,0,0,0,0,0,0,0.0,0.0,0.0,0.0,0.0,0.0,0.0,0.0
913,420,Crataegus',0,0,0,0,0,0,0,0.0,0.0,0.0,0.0,0.0,0.0,0.0,0.0
913,420,Cupressus',0,0,0,0,0,0,0,0.0,0.0,0.0,0.0,0.0,0.0,0.0,0.0
913,420,Diospyros',0,0,0,0,0,0,0,0.0,0.0,0.0,0.0,0.0,0.0,0.0,0.0
913,420,Elaeagnus',0,0,0,0,0,0,0,0.0,0.0,0.0,0.0,0.0,0.0,0.0,0.0
913,420,Fagus',0,0,0,0,0,0,0,0.0,0.0,0.0,0.0,0.0,0.0,0.0,0.0
913,420,Fraxinus',0,0,0,0,0,0,0,0.0,0.0,0.0,0.0,0.0,0.0,0.0,0.0
913,420,Gleditsia',0,0,0,0,0,0,0,0.0,0.0,0.0,0.0,0.0,0.0,0.0,0.0
913,420,Gordonia',0,0,0,0,0,0,0,0.0,0.0,0.0,0.0,0.0,0.0,0.0,0.0
913,420,Gymnocladus',0,0,0,0,0,0,0,0.0,0.0,0.0,0.0,0.0,0.0,0.0,0.0
913,420,Halesia',0,0,0,0,0,0,0,0.0,0.0,0.0,0.0,0.0,0.0,0.0,0.0
913,420,Ilex',0,0,0,0,0,0,0,0.0,0.0,0.0,0.0,0.0,0.0,0.0,0.0
913,420,Juglans',0,0,0,0,0,0,0,0.0,0.0,0.0,0.0,0.0,0.0,0.0,0.0
913,420,Juniperus',0,103,25,0,0,0,0,27.201187133789062,8.85920238494873,89.77896604776382,0.9101753202528173,975.1560714554787,10688.086306003646,0.0034638207549781727,32.66005404266616
913,420,Larix',0,0,0,0,0,0,0,0.0,0.0,0.0,0.0,0.0,0.0,0.0,0.0
913,420,Liquidambar',0,0,0,0,0,0,0,0.0,0.0,0.0,0.0,0.0,0.0,0.0,0.0
913,420,Liriodendron',0,0,0,0,0,0,0,0.0,0.0,0.0,0.0,0.0,0.0,0.0,0.0
913,420,Lithocarpus',0,0,0,0,0,0,0,0.0,0.0,0.0,0.0,0.0,0.0,0.0,0.0
913,420,Maclura',0,0,0,0,0,0,0,0.0,0.0,0.0,0.0,0.0,0.0,0.0,0.0
913,420,Magnolia',0,0,0,0,0,0,0,0.0,0.0,0.0,0.0,0.0,0.0,0.0,0.0
913,420,Malus',0,0,0,0,0,0,0,0.0,0.0,0.0,0.0,0.0,0.0,0.0,0.0
913,420,Morus',0,0,0,0,0,0,0,0.0,0.0,0.0,0.0,0.0,0.0,0.0,0.0
913,420,Nyssa',0,0,0,0,0,0,0,0.0,0.0,0.0,0.0,0.0,0.0,0.0,0.0
913,420,Olneya',0,0,0,0,0,0,0,0.0,0.0,0.0,0.0,0.0,0.0,0.0,0.0
913,420,Ostrya',0,0,0,0,0,0,0,0.0,0.0,0.0,0.0,0.0,0.0,0.0,0.0
913,420,Oxydendron',0,0,0,0,0,0,0,0.0,0.0,0.0,0.0,0.0,0.0,0.0,0.0
913,420,Paulownia',0,0,0,0,0,0,0,0.0,0.0,0.0,0.0,0.0,0.0,0.0,0.0
913,420,Persea',0,0,0,0,0,0,0,0.0,0.0,0.0,0.0,0.0,0.0,0.0,0.0
913,420,Picea',0,0,0,0,0,0,0,0.0,0.0,0.0,0.0,0.0,0.0,0.0,0.0
913,420,Pinus',0,3477,2866,367,13,0,1,154.17611694335938,33.14851379394531,2394.6973581465336,92.74456312440103,98196.66376382508,220012.1802392497,0.2528048820978301,509.82129997955394
913,420,Planera',0,0,0,0,0,0,0,0.0,0.0,0.0,0.0,0.0,0.0,0.0,0.0
913,420,Platanus',0,0,0,0,0,0,0,0.0,0.0,0.0,0.0,0.0,0.0,0.0,0.0
913,420,Populus',0,600,0,0,0,0,0,6.813404083251953,3.5152194499969482,197.1292373028737,0.42110843583909346,571.863309943676,2832.77980542189,0.004108592236400592,21.211446259498846
913,420,Prosopis',0,0,0,0,0,0,0,0.0,0.0,0.0,0.0,0.0,0.0,0.0,0.0
913,420,Prunus',0,0,0,0,0,0,0,0.0,0.0,0.0,0.0,0.0,0.0,0.0,0.0
913,420,Pseudotsuga',0,0,0,0,0,0,0,0.0,0.0,0.0,0.0,0.0,0.0,0.0,0.0
913,420,Quercus',0,64,3,0,0,0,0,12.426496505737305,5.728468894958496,20.3822898034808,0.11328646511694539,141.90923421382905,2134.82801040955,0.0006087682217992852,9.001413221437948
913,420,Robinia',0,0,0,0,0,0,0,0.0,0.0,0.0,0.0,0.0,0.0,0.0,0.0
913,420,Salix',0,569,21,0,0,0,0,10.763277053833008,7.3393473625183105,100.20176053377267,0.6887181102769667,547.9362418457866,3449.8067602069195,0.0026600960995129997,14.853147769384274
913,420,Sassafras',0,0,0,0,0,0,0,0.0,0.0,0.0,0.0,0.0,0.0,0.0,0.0
913,420,Sequoia',0,0,0,0,0,0,0,0.0,0.0,0.0,0.0,0.0,0.0,0.0,0.0
913,420,Sequoiadendron',0,0,0,0,0,0,0,0.0,0.0,0.0,0.0,0.0,0.0,0.0,0.0
913,420,Sorbus',0,0,0,0,0,0,0,0.0,0.0,0.0,0.0,0.0,0.0,0.0,0.0
913,420,Taxodium',0,0,0,0,0,0,0,0.0,0.0,0.0,0.0,0.0,0.0,0.0,0.0
913,420,Taxus',0,0,0,0,0,0,0,0.0,0.0,0.0,0.0,0.0,0.0,0.0,0.0
913,420,Thuja',0,0,0,0,0,0,0,0.0,0.0,0.0,0.0,0.0,0.0,0.0,0.0
913,420,Tilia',0,0,0,0,0,0,0,0.0,0.0,0.0,0.0,0.0,0.0,0.0,0.0
913,420,Torreya',0,0,0,0,0,0,0,0.0,0.0,0.0,0.0,0.0,0.0,0.0,0.0
913,420,Tsuga',0,0,0,0,0,0,0,0.0,0.0,0.0,0.0,0.0,0.0,0.0,0.0
913,420,Ulmus',0,0,0,0,0,0,0,0.0,0.0,0.0,0.0,0.0,0.0,0.0,0.0
913,420,Umbellularia',0,0,0,0,0,0,0,0.0,0.0,0.0,0.0,0.0,0.0,0.0,0.0
913,430,Abies',0,69,16,1,0,0,0,46.67799377441406,22.537017822265625,26.936228023171424,0.538809310893302,627.1090580993891,9902.195694701151,0.0017826545362838783,26.155509722018362
913,430,Acer',0,38,0,0,0,0,0,3.867307662963867,3.070253610610962,16.552126950855495,0.04024043974490037,54.40766278743744,871.1238090352681,0.00035918297513947063,5.746665848666062
913,430,Aesculus',0,0,0,0,0,0,0,0.0,0.0,0.0,0.0,0.0,0.0,0.0,0.0
913,430,Ailanthus',0,0,0,0,0,0,0,0.0,0.0,0.0,0.0,0.0,0.0,0.0,0.0
913,430,Alnus',0,1941,155,0,0,0,0,13.267033576965332,10.231417655944824,524.3141547654153,3.969640114270221,3381.403941972703,10008.523355212845,0.015062024511697344,38.3875033025289
913,430,Amelanchier',0,0,0,0,0,0,0,0.0,0.0,0.0,0.0,0.0,0.0,0.0,0.0
913,430,Arbutus',0,22,100,0,0,0,0,12.108556747436523,9.55451488494873,20.698566727936267,0.8396526861260927,998.6054456952214,12742.436400216267,0.002518102506992709,30.63716972455112
913,430,Asimina',0,0,0,0,0,0,0,0.0,0.0,0.0,0.0,0.0,0.0,0.0,0.0
913,430,Betula',0,0,0,0,0,0,0,0.0,0.0,0.0,0.0,0.0,0.0,0.0,0.0
913,430,Calocedrus',0,169,129,2,0,0,0,42.715049743652344,19.5456485748291,101.23461571872234,3.063744289054357,2618.664684111476,23424.534025505083,0.007281532702793064,58.84768203374066
913,430,Carpinus',0,0,0,0,0,0,0,0.0,0.0,0.0,0.0,0.0,0.0,0.0,0.0
913,430,Carya',0,0,0,0,0,0,0,0.0,0.0,0.0,0.0,0.0,0.0,0.0,0.0
913,430,Castanea',0,0,0,0,0,0,0,0.0,0.0,0.0,0.0,0.0,0.0,0.0,0.0
913,430,Catalpa',0,0,0,0,0,0,0,0.0,0.0,0.0,0.0,0.0,0.0,0.0,0.0
913,430,Celtis',0,0,0,0,0,0,0,0.0,0.0,0.0,0.0,0.0,0.0,0.0,0.0
913,430,Cercis',0,0,0,0,0,0,0,0.0,0.0,0.0,0.0,0.0,0.0,0.0,0.0
913,430,Cercocarpus',0,12,14,0,0,0,0,13.463804244995117,6.002000331878662,11.487521789073943,0.24909232680551224,352.2005439066887,6338.495030315835,0.0009485987521931504,15.94485104263155
913,430,Chamaecyparis',0,0,0,0,0,0,0,0.0,0.0,0.0,0.0,0.0,0.0,0.0,0.0
913,430,Chilopsis',0,0,0,0,0,0,0,0.0,0.0,0.0,0.0,0.0,0.0,0.0,0.0
913,430,Chrysolepis',0,160,80,8,0,2,0,72.50093078613281,25.72859001159668,68.65901403546333,3.598422552055281,4705.050502901077,54592.296690855495,0.011447409053488783,124.76769441673575
913,430,Cladrastis',0,0,0,0,0,0,0,0.0,0.0,0.0,0.0,0.0,0.0,0.0,0.0
913,430,Comus',0,0,0,0,0,0,0,0.0,0.0,0.0,0.0,0.0,0.0,0.0,0.0
913,430,Cornus',0,0,0,0,0,0,0,0.0,0.0,0.0,0.0,0.0,0.0,0.0,0.0
913,430,Crataegus',0,0,0,0,0,0,0,0.0,0.0,0.0,0.0,0.0,0.0,0.0,0.0
913,430,Cupressus',0,0,0,0,0,0,0,0.0,0.0,0.0,0.0,0.0,0.0,0.0,0.0
913,430,Diospyros',0,0,0,0,0,0,0,0.0,0.0,0.0,0.0,0.0,0.0,0.0,0.0
913,430,Elaeagnus',0,0,0,0,0,0,0,0.0,0.0,0.0,0.0,0.0,0.0,0.0,0.0
913,430,Fagus',0,0,0,0,0,0,0,0.0,0.0,0.0,0.0,0.0,0.0,0.0,0.0
913,430,Fraxinus',0,22,0,0,0,0,0,1.7263827323913574,2.1469855308532715,0.0,0.005318294410132176,8.965281620025635,200.46979139806683,1.9922848902642727e-05,0.4454884445176616
913,430,Gleditsia',0,0,0,0,0,0,0,0.0,0.0,0.0,0.0,0.0,0.0,0.0,0.0
913,430,Gordonia',0,0,0,0,0,0,0,0.0,0.0,0.0,0.0,0.0,0.0,0.0,0.0
913,430,Gymnocladus',0,0,0,0,0,0,0,0.0,0.0,0.0,0.0,0.0,0.0,0.0,0.0
913,430,Halesia',0,0,0,0,0,0,0,0.0,0.0,0.0,0.0,0.0,0.0,0.0,0.0
913,430,Ilex',0,0,0,0,0,0,0,0.0,0.0,0.0,0.0,0.0,0.0,0.0,0.0
913,430,Juglans',0,0,0,0,0,0,0,0.0,0.0,0.0,0.0,0.0,0.0,0.0,0.0
913,430,Juniperus',0,125,53,9,0,0,0,30.29758071899414,9.465259552001953,135.65285600066184,1.2663762067229318,1392.640739120245,14260.039977148288,0.005054187428407362,44.49630519399278
913,430,Larix',0,0,0,0,0,0,0,0.0,0.0,0.0,0.0,0.0,0.0,0.0,0.0
913,430,Liquidambar',0,0,0,0,0,0,0,0.0,0.0,0.0,0.0,0.0,0.0,0.0,0.0
913,430,Liriodendron',0,0,0,0,0,0,0,0.0,0.0,0.0,0.0,0.0,0.0,0.0,0.0
913,430,Lithocarpus',0,0,0,0,0,0,0,0.0,0.0,0.0,0.0,0.0,0.0,0.0,0.0
913,430,Maclura',0,0,0,0,0,0,0,0.0,0.0,0.0,0.0,0.0,0.0,0.0,0.0
913,430,Magnolia',0,0,0,0,0,0,0,0.0,0.0,0.0,0.0,0.0,0.0,0.0,0.0
913,430,Malus',0,0,0,0,0,0,0,0.0,0.0,0.0,0.0,0.0,0.0,0.0,0.0
913,430,Morus',0,0,0,0,0,0,0,0.0,0.0,0.0,0.0,0.0,0.0,0.0,0.0
913,430,Nyssa',0,0,0,0,0,0,0,0.0,0.0,0.0,0.0,0.0,0.0,0.0,0.0
913,430,Olneya',0,0,0,0,0,0,0,0.0,0.0,0.0,0.0,0.0,0.0,0.0,0.0
913,430,Ostrya',0,0,0,0,0,0,0,0.0,0.0,0.0,0.0,0.0,0.0,0.0,0.0
913,430,Oxydendron',0,0,0,0,0,0,0,0.0,0.0,0.0,0.0,0.0,0.0,0.0,0.0
913,430,Paulownia',0,0,0,0,0,0,0,0.0,0.0,0.0,0.0,0.0,0.0,0.0,0.0
913,430,Persea',0,0,0,0,0,0,0,0.0,0.0,0.0,0.0,0.0,0.0,0.0,0.0
913,430,Picea',0,0,0,0,0,0,0,0.0,0.0,0.0,0.0,0.0,0.0,0.0,0.0
913,430,Pinus',0,3215,3127,398,15,2,1,156.72413635253906,33.251861572265625,2278.641093999743,92.98742192707701,98660.90973052949,222006.30312492553,0.2521601705634475,514.313222646839
913,430,Planera',0,0,0,0,0,0,0,0.0,0.0,0.0,0.0,0.0,0.0,0.0,0.0
913,430,Platanus',0,0,0,0,0,0,0,0.0,0.0,0.0,0.0,0.0,0.0,0.0,0.0
913,430,Populus',0,579,0,0,0,0,0,6.656661510467529,3.4664700031280518,206.8178518955843,0.4401008853201622,585.4966325259209,3006.9549585803707,0.004278361513055632,22.876708386155173
913,430,Prosopis',0,0,0,0,0,0,0,0.0,0.0,0.0,0.0,0.0,0.0,0.0,0.0
913,430,Prunus',0,0,0,0,0,0,0,0.0,0.0,0.0,0.0,0.0,0.0,0.0,0.0
913,430,Pseudotsuga',0,0,0,0,0,0,0,0.0,0.0,0.0,0.0,0.0,0.0,0.0,0.0
913,430,Quercus',0,68,0,0,0,0,0,3.6397294998168945,2.968660831451416,14.161364941657341,0.03401749406934089,56.87605037689209,1149.2621802561798,0.0003302519392222212,7.101932301358268
913,430,Robinia',0,0,0,0,0,0,0,0.0,0.0,0.0,0.0,0.0,0.0,0.0,0.0
913,430,Salix',0,475,3,0,0,0,0,10.808615684509277,7.361888885498047,68.46597595635471,0.34594096350118086,313.84625014513733,1995.1017021960602,0.0016830418827154235,10.891778828596765
913,430,Sassafras',0,0,0,0,0,0,0,0.0,0.0,0.0,0.0,0.0,0.0,0.0,0.0
913,430,Sequoia',0,0,0,0,0,0,0,0.0,0.0,0.0,0.0,0.0,0.0,0.0,0.0
913,430,Sequoiadendron',0,0,0,0,0,0,0,0.0,0.0,0.0,0.0,0.0,0.0,0.0,0.0
913,430,Sorbus',0,0,0,0,0,0,0,0.0,0.0,0.0,0.0,0.0,0.0,0.0,0.0
913,430,Taxodium',0,0,0,0,0,0,0,0.0,0.0,0.0,0.0,0.0,0.0,0.0,0.0
913,430,Taxus',0,0,0,0,0,0,0,0.0,0.0,0.0,0.0,0.0,0.0,0.0,0.0
913,430,Thuja',0,0,0,0,0,0,0,0.0,0.0,0.0,0.0,0.0,0.0,0.0,0.0
913,430,Tilia',0,0,0,0,0,0,0,0.0,0.0,0.0,0.0,0.0,0.0,0.0,0.0
913,430,Torreya',0,0,0,0,0,0,0,0.0,0.0,0.0,0.0,0.0,0.0,0.0,0.0
913,430,Tsuga',0,0,0,0,0,0,0,0.0,0.0,0.0,0.0,0.0,0.0,0.0,0.0
913,430,Ulmus',0,0,0,0,0,0,0,0.0,0.0,0.0,0.0,0.0,0.0,0.0,0.0
913,430,Umbellularia',0,0,0,0,0,0,0,0.0,0.0,0.0,0.0,0.0,0.0,0.0,0.0
913,440,Abies',0,69,16,0,1,0,0,51.58193588256836,23.79522132873535,30.052066785693167,0.7824163617278685,869.076608516574,12641.370183773433,0.0023653668281100725,32.33477062872954
913,440,Acer',0,274,2,0,0,0,0,10.484642028808594,5.889744281768799,54.33504790350605,0.22630820299012505,269.0872299915552,2166.5656066201036,0.0013801548232999646,11.163510946951572
913,440,Aesculus',0,0,0,0,0,0,0,0.0,0.0,0.0,0.0,0.0,0.0,0.0,0.0
913,440,Ailanthus',0,0,0,0,0,0,0,0.0,0.0,0.0,0.0,0.0,0.0,0.0,0.0
913,440,Alnus',0,1920,124,0,0,0,0,16.231725692749023,11.884526252746582,528.330046859558,3.343463834378416,3070.173164621964,10348.402983588274,0.014428211541407287,39.784760978106675
913,440,Amelanchier',0,0,0,0,0,0,0,0.0,0.0,0.0,0.0,0.0,0.0,0.0,0.0
913,440,Arbutus',0,62,100,0,0,0,0,18.972885131835938,13.31682014465332,37.8162017044425,1.1694456570865488,1519.1119708618521,17009.00726020813,0.003922038366119044,40.959462267319935
913,440,Asimina',0,0,0,0,0,0,0,0.0,0.0,0.0,0.0,0.0,0.0,0.0,0.0
913,440,Betula',0,0,0,0,0,0,0,0.0,0.0,0.0,0.0,0.0,0.0,0.0,0.0
913,440,Calocedrus',0,64,224,2,0,0,0,47.03346633911133,20.730653762817383,70.60511552482843,3.690033428085937,3167.8292092600464,28103.162651387047,0.008059472211254115,67.46365032666124
913,440,Carpinus',0,0,0,0,0,0,0,0.0,0.0,0.0,0.0,0.0,0.0,0.0,0.0
913,440,Carya',0,0,0,0,0,0,0,0.0,0.0,0.0,0.0,0.0,0.0,0.0,0.0
913,440,Castanea',0,0,0,0,0,0,0,0.0,0.0,0.0,0.0,0.0,0.0,0.0,0.0
913,440,Catalpa',0,0,0,0,0,0,0,0.0,0.0,0.0,0.0,0.0,0.0,0.0,0.0
913,440,Celtis',0,0,0,0,0,0,0,0.0,0.0,0.0,0.0,0.0,0.0,0.0,0.0
913,440,Cercis',0,0,0,0,0,0,0,0.0,0.0,0.0,0.0,0.0,0.0,0.0,0.0
913,440,Cercocarpus',0,114,26,0,0,0,0,15.67125415802002,6.545034408569336,22.10102005660534,0.41771670224442764,638.938087491393,9310.392914284948,0.0017390993766252334,23.691302227033972
913,440,Chamaecyparis',0,0,0,0,0,0,0,0.0,0.0,0.0,0.0,0.0,0.0,0.0,0.0
913,440,Chilopsis',0,0,0,0,0,0,0,0.0,0.0,0.0,0.0,0.0,0.0,0.0,0.0
913,440,Chrysolepis',0,138,80,8,0,2,0,74.71748352050781,26.096681594848633,77.00377405524253,4.4279612872307,5661.648669031859,60526.99483221338,0.01369371824908321,138.6269032581501
913,440,Cladrastis',0,0,0,0,0,0,0,0.0,0.0,0.0,0.0,0.0,0.0,0.0,0.0
913,440,Comus',0,0,0,0,0,0,0,0.0,0.0,0.0,0.0,0.0,0.0,0.0,0.0
913,440,Cornus',0,0,0,0,0,0,0,0.0,0.0,0.0,0.0,0.0,0.0,0.0,0.0
913,440,Crataegus',0,0,0,0,0,0,0,0.0,0.0,0.0,0.0,0.0,0.0,0.0,0.0
913,440,Cupressus',0,32,0,0,0,0,0,0.9779905080795288,1.6589876413345337,2.4783839339017866,0.002406864649206816,11.617454261183738,259.7741745350143,6.16154432329356e-05,1.3777631953262146
913,440,Diospyros',0,0,0,0,0,0,0,0.0,0.0,0.0,0.0,0.0,0.0,0.0,0.0
913,440,Elaeagnus',0,0,0,0,0,0,0,0.0,0.0,0.0,0.0,0.0,0.0,0.0,0.0
913,440,Fagus',0,0,0,0,0,0,0,0.0,0.0,0.0,0.0,0.0,0.0,0.0,0.0
913,440,Fraxinus',0,45,0,0,0,0,0,4.885889530181885,3.6160829067230225,12.252641974747934,0.05553466955576188,63.45703781008721,1058.7551050169432,0.0003173992293989305,5.079854921810486
913,440,Gleditsia',0,0,0,0,0,0,0,0.0,0.0,0.0,0.0,0.0,0.0,0.0,0.0
913,440,Gordonia',0,0,0,0,0,0,0,0.0,0.0,0.0,0.0,0.0,0.0,0.0,0.0
913,440,Gymnocladus',0,0,0,0,0,0,0,0.0,0.0,0.0,0.0,0.0,0.0,0.0,0.0
913,440,Halesia',0,0,0,0,0,0,0,0.0,0.0,0.0,0.0,0.0,0.0,0.0,0.0
913,440,Ilex',0,0,0,0,0,0,0,0.0,0.0,0.0,0.0,0.0,0.0,0.0,0.0
913,440,Juglans',0,0,0,0,0,0,0,0.0,0.0,0.0,0.0,0.0,0.0,0.0,0.0
913,440,Juniperus',0,149,53,2,0,0,0,35.56517028808594,7.323012828826904,120.11641006112099,1.0114354291434866,1103.9923017513752,10824.708250072581,0.004188331016422544,38.30198460065721
913,440,Larix',0,0,0,0,0,0,0,0.0,0.0,0.0,0.0,0.0,0.0,0.0,0.0
913,440,Liquidambar',0,0,0,0,0,0,0,0.0,0.0,0.0,0.0,0.0,0.0,0.0,0.0
913,440,Liriodendron',0,0,0,0,0,0,0,0.0,0.0,0.0,0.0,0.0,0.0,0.0,0.0
913,440,Lithocarpus',0,30,0,0,0,0,0,4.9764909744262695,4.1138176918029785,10.09431024312973,0.025495277425931485,46.878114058971406,818.5184918405264,0.000249980295224115,4.408684215883325
913,440,Maclura',0,0,0,0,0,0,0,0.0,0.0,0.0,0.0,0.0,0.0,0.0,0.0
913,440,Magnolia',0,0,0,0,0,0,0,0.0,0.0,0.0,0.0,0.0,0.0,0.0,0.0
913,440,Malus',0,0,0,0,0,0,0,0.0,0.0,0.0,0.0,0.0,0.0,0.0,0.0
913,440,Morus',0,0,0,0,0,0,0,0.0,0.0,0.0,0.0,0.0,0.0,0.0,0.0
913,440,Nyssa',0,0,0,0,0,0,0,0.0,0.0,0.0,0.0,0.0,0.0,0.0,0.0
913,440,Olneya',0,0,0,0,0,0,0,0.0,0.0,0.0,0.0,0.0,0.0,0.0,0.0
913,440,Ostrya',0,0,0,0,0,0,0,0.0,0.0,0.0,0.0,0.0,0.0,0.0,0.0
913,440,Oxydendron',0,0,0,0,0,0,0,0.0,0.0,0.0,0.0,0.0,0.0,0.0,0.0
913,440,Paulownia',0,0,0,0,0,0,0,0.0,0.0,0.0,0.0,0.0,0.0,0.0,0.0
913,440,Persea',0,0,0,0,0,0,0,0.0,0.0,0.0,0.0,0.0,0.0,0.0,0.0
913,440,Picea',0,0,0,0,0,0,0,0.0,0.0,0.0,0.0,0.0,0.0,0.0,0.0
913,440,Pinus',0,3298,3015,364,12,0,1,159.36033630371094,33.354122161865234,2333.790564934909,95.14914200648555,100492.28654368073,229571.79754631204,0.2570265005809006,530.2751654192998
913,440,Planera',0,0,0,0,0,0,0,0.0,0.0,0.0,0.0,0.0,0.0,0.0,0.0
913,440,Platanus',0,0,0,0,0,0,0,0.0,0.0,0.0,0.0,0.0,0.0,0.0,0.0
913,440,Populus',0,331,7,0,0,0,0,14.128630638122559,5.681499481201172,119.66411718226307,0.36709734849077175,402.20381263822316,2416.709926172727,0.002616417701549362,16.20740280539718
913,440,Prosopis',0,0,0,0,0,0,0,0.0,0.0,0.0,0.0,0.0,0.0,0.0,0.0
913,440,Prunus',0,0,0,0,0,0,0,0.0,0.0,0.0,0.0,0.0,0.0,0.0,0.0
913,440,Pseudotsuga',0,0,0,0,0,0,0,0.0,0.0,0.0,0.0,0.0,0.0,0.0,0.0
913,440,Quercus',0,93,0,0,0,0,0,5.680826663970947,3.868586301803589,37.791898371298096,0.14518135575602792,190.83747934341432,2354.1061252979007,0.0008943092764119311,10.815880681637475
913,440,Robinia',0,0,0,0,0,0,0,0.0,0.0,0.0,0.0,0.0,0.0,0.0,0.0
913,440,Salix',0,475,0,0,0,0,0,6.445549488067627,5.0865092277526855,91.51346984118977,0.471804177801898,394.9299118813872,2589.279776485112,0.002195009262769012,13.630108840899528
913,440,Sassafras',0,0,0,0,0,0,0,0.0,0.0,0.0,0.0,0.0,0.0,0.0,0.0
913,440,Sequoia',0,0,0,0,0,0,0,0.0,0.0,0.0,0.0,0.0,0.0,0.0,0.0
913,440,Sequoiadendron',0,0,0,0,0,0,0,0.0,0.0,0.0,0.0,0.0,0.0,0.0,0.0
913,440,Sorbus',0,0,0,0,0,0,0,0.0,0.0,0.0,0.0,0.0,0.0,0.0,0.0
913,440,Taxodium',0,0,0,0,0,0,0,0.0,0.0,0.0,0.0,0.0,0.0,0.0,0.0
913,440,Taxus',0,0,0,0,0,0,0,0.0,0.0,0.0,0.0,0.0,0.0,0.0,0.0
913,440,Thuja',0,0,0,0,0,0,0,0.0,0.0,0.0,0.0,0.0,0.0,0.0,0.0
913,440,Tilia',0,0,0,0,0,0,0,0.0,0.0,0.0,0.0,0.0,0.0,0.0,0.0
913,440,Torreya',0,0,0,0,0,0,0,0.0,0.0,0.0,0.0,0.0,0.0,0.0,0.0
913,440,Tsuga',0,0,0,0,0,0,0,0.0,0.0,0.0,0.0,0.0,0.0,0.0,0.0
913,440,Ulmus',0,0,0,0,0,0,0,0.0,0.0,0.0,0.0,0.0,0.0,0.0,0.0
913,440,Umbellularia',0,0,0,0,0,0,0,0.0,0.0,0.0,0.0,0.0,0.0,0.0,0.0
913,450,Abies',0,39,47,0,1,0,0,56.201080322265625,24.868925094604492,24.861549664735794,1.0266025928821907,1118.4325280582905,15712.57026830472,0.0028445168675556723,38.868970384062365
913,450,Acer',0,306,38,0,0,0,0,8.354761123657227,5.010034084320068,81.70563573371382,0.44448659724978146,445.95274174004794,3404.235333081684,0.0021672041179211948,15.691502959948808
913,450,Aesculus',0,0,0,0,0,0,0,0.0,0.0,0.0,0.0,0.0,0.0,0.0,0.0
913,450,Ailanthus',0,0,0,0,0,0,0,0.0,0.0,0.0,0.0,0.0,0.0,0.0,0.0
913,450,Alnus',0,1990,95,0,0,0,0,13.087263107299805,10.127543449401855,496.85230907854395,2.9351900483283924,2599.816305334121,7528.600469160967,0.012929834598847435,33.76701712825519
913,450,Amelanchier',0,0,0,0,0,0,0,0.0,0.0,0.0,0.0,0.0,0.0,0.0,0.0
913,450,Arbutus',0,35,94,0,0,0,0,24.798809051513672,16.07962989807129,40.8364218211174,1.2307624493655283,1678.5813604426385,20180.952884074126,0.0043200401885409995,49.1843939025095
913,450,Asimina',0,0,0,0,0,0,0,0.0,0.0,0.0,0.0,0.0,0.0,0.0,0.0
913,450,Betula',0,0,0,0,0,0,0,0.0,0.0,0.0,0.0,0.0,0.0,0.0,0.0
913,450,Calocedrus',0,68,178,1,2,0,0,50.87628936767578,21.711196899414062,96.78535421013832,3.42629811677706,3152.6807552564146,29039.041306091705,0.008403968025995105,70.90650444414608
913,450,Carpinus',0,0,0,0,0,0,0,0.0,0.0,0.0,0.0,0.0,0.0,0.0,0.0
913,450,Carya',0,0,0,0,0,0,0,0.0,0.0,0.0,0.0,0.0,0.0,0.0,0.0
913,450,Castanea',0,0,0,0,0,0,0,0.0,0.0,0.0,0.0,0.0,0.0,0.0,0.0
913,450,Catalpa',0,0,0,0,0,0,0,0.0,0.0,0.0,0.0,0.0,0.0,0.0,0.0
913,450,Celtis',0,0,0,0,0,0,0,0.0,0.0,0.0,0.0,0.0,0.0,0.0,0.0
913,450,Cercis',0,0,0,0,0,0,0,0.0,0.0,0.0,0.0,0.0,0.0,0.0,0.0
913,450,Cercocarpus',0,114,26,0,0,0,0,17.17962074279785,6.887540340423584,61.42650847315788,0.6172621913173505,991.5881103301049,12562.243759660707,0.0030908009363744843,35.104659193655635
913,450,Chamaecyparis',0,0,0,0,0,0,0,0.0,0.0,0.0,0.0,0.0,0.0,0.0,0.0
913,450,Chilopsis',0,0,0,0,0,0,0,0.0,0.0,0.0,0.0,0.0,0.0,0.0,0.0
913,450,Chrysolepis',0,117,123,8,0,2,0,76.71590423583984,26.41671371459961,79.13845989972353,5.13961001737097,6594.195913568437,66512.52788324445,0.015796879662786832,152.23105653411136
913,450,Cladrastis',0,0,0,0,0,0,0,0.0,0.0,0.0,0.0,0.0,0.0,0.0,0.0
913,450,Comus',0,0,0,0,0,0,0,0.0,0.0,0.0,0.0,0.0,0.0,0.0,0.0
913,450,Cornus',0,0,0,0,0,0,0,0.0,0.0,0.0,0.0,0.0,0.0,0.0,0.0
913,450,Crataegus',0,0,0,0,0,0,0,0.0,0.0,0.0,0.0,0.0,0.0,0.0,0.0
913,450,Cupressus',0,0,0,0,0,0,0,5.44489049911499,3.2277989387512207,0.912198429107666,0.0022353185119912784,3.371579761505127,75.39081538287958,2.066859903931617e-05,0.46216392451598065
913,450,Diospyros',0,0,0,0,0,0,0,0.0,0.0,0.0,0.0,0.0,0.0,0.0,0.0
913,450,Elaeagnus',0,0,0,0,0,0,0,0.0,0.0,0.0,0.0,0.0,0.0,0.0,0.0
913,450,Fagus',0,0,0,0,0,0,0,0.0,0.0,0.0,0.0,0.0,0.0,0.0,0.0
913,450,Fraxinus',0,45,0,0,0,0,0,6.775908470153809,4.447251796722412,12.704385394536994,0.13053125966535267,119.74340021848678,1922.6682617974618,0.0004489831234626473,7.096399695836295
913,450,Gleditsia',0,0,0,0,0,0,0,0.0,0.0,0.0,0.0,0.0,0.0,0.0,0.0
913,450,Gordonia',0,0,0,0,0,0,0,0.0,0.0,0.0,0.0,0.0,0.0,0.0,0.0
913,450,Gymnocladus',0,0,0,0,0,0,0,0.0,0.0,0.0,0.0,0.0,0.0,0.0,0.0
913,450,Halesia',0,0,0,0,0,0,0,0.0,0.0,0.0,0.0,0.0,0.0,0.0,0.0
913,450,Ilex',0,0,0,0,0,0,0,0.0,0.0,0.0,0.0,0.0,0.0,0.0,0.0
913,450,Juglans',0,0,0,0,0,0,0,0.0,0.0,0.0,0.0,0.0,0.0,0.0,0.0
913,450,Juniperus',0,112,53,0,0,0,0,18.398984909057617,5.500247001647949,103.82843552976846,0.805728482635648,860.6842986729741,9947.02795839468,0.0034123758199407403,34.89102534337563
913,450,Larix',0,0,0,0,0,0,0,0.0,0.0,0.0,0.0,0.0,0.0,0.0,0.0
913,450,Liquidambar',0,0,0,0,0,0,0,0.0,0.0,0.0,0.0,0.0,0.0,0.0,0.0
913,450,Liriodendron',0,0,0,0,0,0,0,0.0,0.0,0.0,0.0,0.0,0.0,0.0,0.0
913,450,Lithocarpus',0,26,3,0,0,0,0,8.077998161315918,5.749323844909668,10.995066769123078,0.07150131722675208,89.26501861810685,1586.1474832700876,0.0003571843352802117,6.492671876835246
913,450,Maclura',0,0,0,0,0,0,0,0.0,0.0,0.0,0.0,0.0,0.0,0.0,0.0
913,450,Magnolia',0,0,0,0,0,0,0,0.0,0.0,0.0,0.0,0.0,0.0,0.0,0.0
913,450,Malus',0,0,0,0,0,0,0,0.0,0.0,0.0,0.0,0.0,0.0,0.0,0.0
913,450,Morus',0,0,0,0,0,0,0,0.0,0.0,0.0,0.0,0.0,0.0,0.0,0.0
913,450,Nyssa',0,0,0,0,0,0,0,0.0,0.0,0.0,0.0,0.0,0.0,0.0,0.0
913,450,Olneya',0,0,0,0,0,0,0,0.0,0.0,0.0,0.0,0.0,0.0,0.0,0.0
913,450,Ostrya',0,0,0,0,0,0,0,0.0,0.0,0.0,0.0,0.0,0.0,0.0,0.0
913,450,Oxydendron',0,0,0,0,0,0,0,0.0,0.0,0.0,0.0,0.0,0.0,0.0,0.0
913,450,Paulownia',0,0,0,0,0,0,0,0.0,0.0,0.0,0.0,0.0,0.0,0.0,0.0
913,450,Persea',0,0,0,0,0,0,0,0.0,0.0,0.0,0.0,0.0,0.0,0.0,0.0
913,450,Picea',0,0,0,0,0,0,0,0.0,0.0,0.0,0.0,0.0,0.0,0.0,0.0
913,450,Pinus',0,3409,3086,256,15,0,1,161.97283935546875,33.450984954833984,2404.2301721611616,87.89482560058656,92690.76853903473,220856.17549681233,0.2407072546215227,512.4272695637466
913,450,Planera',0,0,0,0,0,0,0,0.0,0.0,0.0,0.0,0.0,0.0,0.0,0.0
913,450,Platanus',0,0,0,0,0,0,0,0.0,0.0,0.0,0.0,0.0,0.0,0.0,0.0
913,450,Populus',0,340,0,0,0,0,0,6.683258056640625,3.4747490882873535,130.63128160477814,0.29510867473172964,373.5167361387611,2376.0047121210137,0.002710547073687887,17.18255903184087
913,450,Prosopis',0,0,0,0,0,0,0,0.0,0.0,0.0,0.0,0.0,0.0,0.0,0.0
913,450,Prunus',0,0,0,0,0,0,0,0.0,0.0,0.0,0.0,0.0,0.0,0.0,0.0
913,450,Pseudotsuga',0,0,0,0,0,0,0,0.0,0.0,0.0,0.0,0.0,0.0,0.0,0.0
913,450,Quercus',0,80,0,0,0,0,0,7.587905406951904,4.68695068359375,47.442088036597525,0.2798253423600027,309.00792699813843,4026.1818797360315,0.0012111705758968906,15.878182228709928
913,450,Robinia',0,0,0,0,0,0,0,0.0,0.0,0.0,0.0,0.0,0.0,0.0,0.0
913,450,Salix',0,687,30,0,0,0,0,9.300938606262207,6.600136756896973,135.90804189384642,0.920396201387583,718.5703088297695,4669.3018510771735,0.003553294667996812,18.857284376508943
913,450,Sassafras',0,0,0,0,0,0,0,0.0,0.0,0.0,0.0,0.0,0.0,0.0,0.0
913,450,Sequoia',0,0,0,0,0,0,0,0.0,0.0,0.0,0.0,0.0,0.0,0.0,0.0
913,450,Sequoiadendron',0,0,0,0,0,0,0,0.0,0.0,0.0,0.0,0.0,0.0,0.0,0.0
913,450,Sorbus',0,0,0,0,0,0,0,0.0,0.0,0.0,0.0,0.0,0.0,0.0,0.0
913,450,Taxodium',0,0,0,0,0,0,0,0.0,0.0,0.0,0.0,0.0,0.0,0.0,0.0
913,450,Taxus',0,0,0,0,0,0,0,0.0,0.0,0.0,0.0,0.0,0.0,0.0,0.0
913,450,Thuja',0,0,0,0,0,0,0,0.0,0.0,0.0,0.0,0.0,0.0,0.0,0.0
913,450,Tilia',0,0,0,0,0,0,0,0.0,0.0,0.0,0.0,0.0,0.0,0.0,0.0
913,450,Torreya',0,0,0,0,0,0,0,0.0,0.0,0.0,0.0,0.0,0.0,0.0,0.0
913,450,Tsuga',0,0,0,0,0,0,0,0.0,0.0,0.0,0.0,0.0,0.0,0.0,0.0
913,450,Ulmus',0,0,0,0,0,0,0,0.0,0.0,0.0,0.0,0.0,0.0,0.0,0.0
913,450,Umbellularia',0,0,0,0,0,0,0,0.0,0.0,0.0,0.0,0.0,0.0,0.0,0.0
913,460,Abies',0,70,16,0,1,0,0,60.3582878112793,25.75118064880371,24.785062661170958,0.807214774608012,1082.872879719734,18139.2131477597,0.0027643906546362413,44.041549792334386
913,460,Acer',0,141,0,0,0,0,0,5.700562477111816,3.8771655559539795,37.469702906246425,0.13623262254495513,159.57265294551848,1753.805749355279,0.0008940030868202433,9.638965276443992
913,460,Aesculus',0,0,0,0,0,0,0,0.0,0.0,0.0,0.0,0.0,0.0,0.0,0.0
913,460,Ailanthus',0,0,0,0,0,0,0,0.0,0.0,0.0,0.0,0.0,0.0,0.0,0.0
913,460,Alnus',0,1879,100,0,0,0,0,14.449962615966797,10.904426574707031,505.7398646850657,3.1744035662777104,2800.4593692177536,8181.1884793941945,0.013503649354434332,35.09202740532762
913,460,Amelanchier',0,0,0,0,0,0,0,0.0,0.0,0.0,0.0,0.0,0.0,0.0,0.0
913,460,Arbutus',0,131,88,0,0,0,0,15.223259925842285,11.334685325622559,40.54697466611862,1.4388940751864767,1882.5404341167211,23293.10699723203,0.004769101633038087,54.40528342068277
913,460,Asimina',0,0,0,0,0,0,0,0.0,0.0,0.0,0.0,0.0,0.0,0.0,0.0
913,460,Betula',0,0,0,0,0,0,0,0.0,0.0,0.0,0.0,0.0,0.0,0.0,0.0
913,460,Calocedrus',0,151,141,15,2,0,0,54.43291091918945,22.56082534790039,91.74658642530441,4.098750900937002,3827.369634964466,34366.24180239185,0.009830494303543139,81.80059677645387
913,460,Carpinus',0,0,0,0,0,0,0,0.0,0.0,0.0,0.0,0.0,0.0,0.0,0.0
913,460,Carya',0,0,0,0,0,0,0,0.0,0.0,0.0,0.0,0.0,0.0,0.0,0.0
913,460,Castanea',0,0,0,0,0,0,0,0.0,0.0,0.0,0.0,0.0,0.0,0.0,0.0
913,460,Catalpa',0,0,0,0,0,0,0,0.0,0.0,0.0,0.0,0.0,0.0,0.0,0.0
913,460,Celtis',0,0,0,0,0,0,0,0.0,0.0,0.0,0.0,0.0,0.0,0.0,0.0
913,460,Cercis',0,0,0,0,0,0,0,0.0,0.0,0.0,0.0,0.0,0.0,0.0,0.0
913,460,Cercocarpus',0,96,43,0,0,0,0,18.697603225708008,7.210521221160889,41.787087140679354,0.867849234909198,1280.0389493376017,15392.55454791676,0.003448122269830646,38.281079051837
913,460,Chamaecyparis',0,0,0,0,0,0,0,0.0,0.0,0.0,0.0,0.0,0.0,0.0,0.0
913,460,Chilopsis',0,0,0,0,0,0,0,0.0,0.0,0.0,0.0,0.0,0.0,0.0,0.0
913,460,Chrysolepis',0,36,137,22,0,2,0,78.7532730102539,26.731840133666992,68.0776950982213,5.464539967351668,7204.378098941147,72273.7442273793,0.016993073338376984,164.87820452767124
913,460,Cladrastis',0,0,0,0,0,0,0,0.0,0.0,0.0,0.0,0.0,0.0,0.0,0.0
913,460,Comus',0,0,0,0,0,0,0,0.0,0.0,0.0,0.0,0.0,0.0,0.0,0.0
913,460,Cornus',0,0,0,0,0,0,0,0.0,0.0,0.0,0.0,0.0,0.0,0.0,0.0
913,460,Crataegus',0,0,0,0,0,0,0,0.0,0.0,0.0,0.0,0.0,0.0,0.0,0.0
913,460,Cupressus',0,0,0,0,0,0,0,0.0,0.0,0.0,0.0,0.0,0.0,0.0,0.0
913,460,Diospyros',0,0,0,0,0,0,0,0.0,0.0,0.0,0.0,0.0,0.0,0.0,0.0
913,460,Elaeagnus',0,0,0,0,0,0,0,0.0,0.0,0.0,0.0,0.0,0.0,0.0,0.0
913,460,Fagus',0,0,0,0,0,0,0,0.0,0.0,0.0,0.0,0.0,0.0,0.0,0.0
913,460,Fraxinus',0,63,0,0,0,0,0,7.078062534332275,4.576951026916504,6.345220784409136,0.10207194210696473,97.36697369277478,1822.2829686160298,0.00030771402972936383,6.059119639649159
913,460,Gleditsia',0,0,0,0,0,0,0,0.0,0.0,0.0,0.0,0.0,0.0,0.0,0.0
913,460,Gordonia',0,0,0,0,0,0,0,0.0,0.0,0.0,0.0,0.0,0.0,0.0,0.0
913,460,Gymnocladus',0,0,0,0,0,0,0,0.0,0.0,0.0,0.0,0.0,0.0,0.0,0.0
913,460,Halesia',0,0,0,0,0,0,0,0.0,0.0,0.0,0.0,0.0,0.0,0.0,0.0
913,460,Ilex',0,0,0,0,0,0,0,0.0,0.0,0.0,0.0,0.0,0.0,0.0,0.0
913,460,Juglans',0,0,0,0,0,0,0,0.0,0.0,0.0,0.0,0.0,0.0,0.0,0.0
913,460,Juniperus',0,116,53,0,0,0,0,19.996341705322266,5.73181676864624,139.2332717335224,0.999770045309752,1096.7580801212787,12421.462554732356,0.004448387483138574,44.758168155852296
913,460,Larix',0,0,0,0,0,0,0,0.0,0.0,0.0,0.0,0.0,0.0,0.0,0.0
913,460,Liquidambar',0,0,0,0,0,0,0,0.0,0.0,0.0,0.0,0.0,0.0,0.0,0.0
913,460,Liriodendron',0,0,0,0,0,0,0,0.0,0.0,0.0,0.0,0.0,0.0,0.0,0.0
913,460,Lithocarpus',0,36,3,0,0,0,0,15.0796537399292,9.135468482971191,13.42799855917692,0.06556190295969044,129.0481872561574,2885.605190778905,0.00048073371146495244,10.749532579114087
913,460,Maclura',0,0,0,0,0,0,0,0.0,0.0,0.0,0.0,0.0,0.0,0.0,0.0
913,460,Magnolia',0,0,0,0,0,0,0,0.0,0.0,0.0,0.0,0.0,0.0,0.0,0.0
913,460,Malus',0,0,0,0,0,0,0,0.0,0.0,0.0,0.0,0.0,0.0,0.0,0.0
913,460,Morus',0,0,0,0,0,0,0,0.0,0.0,0.0,0.0,0.0,0.0,0.0,0.0
913,460,Nyssa',0,0,0,0,0,0,0,0.0,0.0,0.0,0.0,0.0,0.0,0.0,0.0
913,460,Olneya',0,0,0,0,0,0,0,0.0,0.0,0.0,0.0,0.0,0.0,0.0,0.0
913,460,Ostrya',0,0,0,0,0,0,0,0.0,0.0,0.0,0.0,0.0,0.0,0.0,0.0
913,460,Oxydendron',0,0,0,0,0,0,0,0.0,0.0,0.0,0.0,0.0,0.0,0.0,0.0
913,460,Paulownia',0,0,0,0,0,0,0,0.0,0.0,0.0,0.0,0.0,0.0,0.0,0.0
913,460,Persea',0,0,0,0,0,0,0,0.0,0.0,0.0,0.0,0.0,0.0,0.0,0.0
913,460,Picea',0,0,0,0,0,0,0,0.0,0.0,0.0,0.0,0.0,0.0,0.0,0.0
913,460,Pinus',0,3137,3326,313,12,0,1,163.60556030273438,33.509342193603516,2423.1350847524404,91.35134919312632,96163.70193874181,226863.53873243585,0.24869795521595378,525.0438581110795
913,460,Planera',0,0,0,0,0,0,0,0.0,0.0,0.0,0.0,0.0,0.0,0.0,0.0
913,460,Platanus',0,0,0,0,0,0,0,0.0,0.0,0.0,0.0,0.0,0.0,0.0,0.0
913,460,Populus',0,444,6,0,0,0,0,8.855093002319336,4.141068935394287,138.42841944032455,0.35923954354268917,448.8419197919965,2632.7552483677687,0.0029901804781667747,18.361844731758673
913,460,Prosopis',0,0,0,0,0,0,0,0.0,0.0,0.0,0.0,0.0,0.0,0.0,0.0
913,460,Prunus',0,0,0,0,0,0,0,0.0,0.0,0.0,0.0,0.0,0.0,0.0,0.0
913,460,Pseudotsuga',0,0,0,0,0,0,0,0.0,0.0,0.0,0.0,0.0,0.0,0.0,0.0
913,460,Quercus',0,0,21,0,0,0,0,10.041410446166992,5.708787441253662,7.8180628486826445,0.17232100195422118,154.4009919166565,3452.5111371903877,0.0004556586599349975,10.188837381511274
913,460,Robinia',0,0,0,0,0,0,0,0.0,0.0,0.0,0.0,0.0,0.0,0.0,0.0
913,460,Salix',0,602,32,0,0,0,0,10.14046859741211,7.027416706085205,97.41876028761078,0.7056968707967635,569.7949893331528,4597.573851494997,0.0026686082545322263,16.213765869134438
913,460,Sassafras',0,0,0,0,0,0,0,0.0,0.0,0.0,0.0,0.0,0.0,0.0,0.0
913,460,Sequoia',0,0,0,0,0,0,0,0.0,0.0,0.0,0.0,0.0,0.0,0.0,0.0
913,460,Sequoiadendron',0,0,0,0,0,0,0,0.0,0.0,0.0,0.0,0.0,0.0,0.0,0.0
913,460,Sorbus',0,0,0,0,0,0,0,0.0,0.0,0.0,0.0,0.0,0.0,0.0,0.0
913,460,Taxodium',0,0,0,0,0,0,0,0.0,0.0,0.0,0.0,0.0,0.0,0.0,0.0
913,460,Taxus',0,0,0,0,0,0,0,0.0,0.0,0.0,0.0,0.0,0.0,0.0,0.0
913,460,Thuja',0,0,0,0,0,0,0,0.0,0.0,0.0,0.0,0.0,0.0,0.0,0.0
913,460,Tilia',0,0,0,0,0,0,0,0.0,0.0,0.0,0.0,0.0,0.0,0.0,0.0
913,460,Torreya',0,0,0,0,0,0,0,0.0,0.0,0.0,0.0,0.0,0.0,0.0,0.0
913,460,Tsuga',0,0,0,0,0,0,0,0.0,0.0,0.0,0.0,0.0,0.0,0.0,0.0
913,460,Ulmus',0,0,0,0,0,0,0,0.0,0.0,0.0,0.0,0.0,0.0,0.0,0.0
913,460,Umbellularia',0,0,0,0,0,0,0,0.0,0.0,0.0,0.0,0.0,0.0,0.0,0.0
913,470,Abies',0,81,16,0,1,0,0,64.25961303710938,26.512765884399414,26.153243388533593,1.0251794303142858,1324.0926131099463,21182.76825651392,0.0033201969336364404,50.66477673329641
913,470,Acer',0,94,0,0,0,0,0,5.602115631103516,3.8343474864959717,25.503649126643996,0.13987942475943116,134.85026036128403,1514.990336230652,0.0006668064407471132,7.181553767955862
913,470,Aesculus',0,0,0,0,0,0,0,0.0,0.0,0.0,0.0,0.0,0.0,0.0,0.0
913,470,Ailanthus',0,0,0,0,0,0,0,0.0,0.0,0.0,0.0,0.0,0.0,0.0,0.0
913,470,Alnus',0,2538,101,0,0,0,0,18.840835571289062,13.249852180480957,605.700561943452,3.768406595382021,3345.028920691311,9252.288714060822,0.01615279366301534,38.486887139276504
913,470,Amelanchier',0,0,0,0,0,0,0,0.0,0.0,0.0,0.0,0.0,0.0,0.0,0.0
913,470,Arbutus',0,55,96,0,0,0,0,16.09319496154785,11.809741973876953,41.22045105397701,1.2374502423525335,1633.5335973638296,21527.174529621327,0.004225481169087169,51.4665926912176
913,470,Asimina',0,0,0,0,0,0,0,0.0,0.0,0.0,0.0,0.0,0.0,0.0,0.0
913,470,Betula',0,0,0,0,0,0,0,0.0,0.0,0.0,0.0,0.0,0.0,0.0,0.0
913,470,Calocedrus',0,99,135,15,2,0,0,57.79698944091797,23.31641960144043,77.93990887343884,4.523772412481104,4336.4093422955275,39344.42089418488,0.010762263831992287,92.66045765679726
913,470,Carpinus',0,0,0,0,0,0,0,0.0,0.0,0.0,0.0,0.0,0.0,0.0,0.0
913,470,Carya',0,0,0,0,0,0,0,0.0,0.0,0.0,0.0,0.0,0.0,0.0,0.0
913,470,Castanea',0,0,0,0,0,0,0,0.0,0.0,0.0,0.0,0.0,0.0,0.0,0.0
913,470,Catalpa',0,0,0,0,0,0,0,0.0,0.0,0.0,0.0,0.0,0.0,0.0,0.0
913,470,Celtis',0,0,0,0,0,0,0,0.0,0.0,0.0,0.0,0.0,0.0,0.0,0.0
913,470,Cercis',0,0,0,0,0,0,0,0.0,0.0,0.0,0.0,0.0,0.0,0.0,0.0
913,470,Cercocarpus',0,60,43,0,0,0,0,20.168010711669922,7.50391149520874,43.522862476110454,1.0327340698191352,1530.7335421264172,18919.2205431939,0.0040302937320495546,47.604042814903416
913,470,Chamaecyparis',0,0,0,0,0,0,0,0.0,0.0,0.0,0.0,0.0,0.0,0.0,0.0
913,470,Chilopsis',0,0,0,0,0,0,0,0.0,0.0,0.0,0.0,0.0,0.0,0.0,0.0
913,470,Chrysolepis',0,54,128,38,0,2,0,80.6871109008789,27.02089500427246,87.04280692875385,6.330799555711759,8377.231425400376,78977.26687780391,0.019873354885931456,179.82248514611445
913,470,Cladrastis',0,0,0,0,0,0,0,0.0,0.0,0.0,0.0,0.0,0.0,0.0,0.0
913,470,Comus',0,0,0,0,0,0,0,0.0,0.0,0.0,0.0,0.0,0.0,0.0,0.0
913,470,Cornus',0,0,0,0,0,0,0,0.0,0.0,0.0,0.0,0.0,0.0,0.0,0.0
913,470,Crataegus',0,0,0,0,0,0,0,0.0,0.0,0.0,0.0,0.0,0.0,0.0,0.0
913,470,Cupressus',0,0,0,0,0,0,0,0.0,0.0,0.0,0.0,0.0,0.0,0.0,0.0
913,470,Diospyros',0,0,0,0,0,0,0,0.0,0.0,0.0,0.0,0.0,0.0,0.0,0.0
913,470,Elaeagnus',0,0,0,0,0,0,0,0.0,0.0,0.0,0.0,0.0,0.0,0.0,0.0
913,470,Fagus',0,0,0,0,0,0,0,0.0,0.0,0.0,0.0,0.0,0.0,0.0,0.0
913,470,Fraxinus',0,17,0,0,0,0,0,5.22591495513916,3.768178939819336,5.747149564042875,0.037064512750677736,37.405628242492675,836.4152749129969,0.00016585702836513519,3.708675899705493
913,470,Gleditsia',0,0,0,0,0,0,0,0.0,0.0,0.0,0.0,0.0,0.0,0.0,0.0
913,470,Gordonia',0,0,0,0,0,0,0,0.0,0.0,0.0,0.0,0.0,0.0,0.0,0.0
913,470,Gymnocladus',0,0,0,0,0,0,0,0.0,0.0,0.0,0.0,0.0,0.0,0.0,0.0
913,470,Halesia',0,0,0,0,0,0,0,0.0,0.0,0.0,0.0,0.0,0.0,0.0,0.0
913,470,Ilex',0,0,0,0,0,0,0,0.0,0.0,0.0,0.0,0.0,0.0,0.0,0.0
913,470,Juglans',0,0,0,0,0,0,0,0.0,0.0,0.0,0.0,0.0,0.0,0.0,0.0
913,470,Juniperus',0,63,53,0,0,0,0,21.227230072021484,6.312175273895264,122.42773041248321,1.119339680109631,1167.1552089357376,14297.04833712635,0.004362078821008424,49.045864400121076
913,470,Larix',0,0,0,0,0,0,0,0.0,0.0,0.0,0.0,0.0,0.0,0.0,0.0
913,470,Liquidambar',0,0,0,0,0,0,0,0.0,0.0,0.0,0.0,0.0,0.0,0.0,0.0
913,470,Liriodendron',0,0,0,0,0,0,0,0.0,0.0,0.0,0.0,0.0,0.0,0.0,0.0
913,470,Lithocarpus',0,0,3,0,0,0,0,19.188312530517578,10.94047737121582,11.27348090171814,0.10063352656094272,176.72937094688416,3951.7888705801083,0.0005555710840821262,12.422947103408898
913,470,Maclura',0,0,0,0,0,0,0,0.0,0.0,0.0,0.0,0.0,0.0,0.0,0.0
913,470,Magnolia',0,0,0,0,0,0,0,0.0,0.0,0.0,0.0,0.0,0.0,0.0,0.0
913,470,Malus',0,0,0,0,0,0,0,0.0,0.0,0.0,0.0,0.0,0.0,0.0,0.0
913,470,Morus',0,0,0,0,0,0,0,0.0,0.0,0.0,0.0,0.0,0.0,0.0,0.0
913,470,Nyssa',0,0,0,0,0,0,0,0.0,0.0,0.0,0.0,0.0,0.0,0.0,0.0
913,470,Olneya',0,0,0,0,0,0,0,0.0,0.0,0.0,0.0,0.0,0.0,0.0,0.0
913,470,Ostrya',0,0,0,0,0,0,0,0.0,0.0,0.0,0.0,0.0,0.0,0.0,0.0
913,470,Oxydendron',0,0,0,0,0,0,0,0.0,0.0,0.0,0.0,0.0,0.0,0.0,0.0
913,470,Paulownia',0,0,0,0,0,0,0,0.0,0.0,0.0,0.0,0.0,0.0,0.0,0.0
913,470,Persea',0,0,0,0,0,0,0,0.0,0.0,0.0,0.0,0.0,0.0,0.0,0.0
913,470,Picea',0,0,0,0,0,0,0,0.0,0.0,0.0,0.0,0.0,0.0,0.0,0.0
913,470,Pinus',0,3364,3077,341,10,0,1,166.77426147460938,33.61802291870117,2356.8782514242826,92.44056892445127,97806.33149291649,236265.55027253303,0.2513912001813938,548.5440617345901
913,470,Planera',0,0,0,0,0,0,0,0.0,0.0,0.0,0.0,0.0,0.0,0.0,0.0
913,470,Platanus',0,0,0,0,0,0,0,0.0,0.0,0.0,0.0,0.0,0.0,0.0,0.0
913,470,Populus',0,471,14,0,0,0,0,10.77908706665039,4.715568542480469,144.1089402884245,0.4072033463566575,482.9807121819258,2929.0749455046016,0.0031478187308879644,18.064566052614694
913,470,Prosopis',0,0,0,0,0,0,0,0.0,0.0,0.0,0.0,0.0,0.0,0.0,0.0
913,470,Prunus',0,0,0,0,0,0,0,0.0,0.0,0.0,0.0,0.0,0.0,0.0,0.0
913,470,Pseudotsuga',0,0,0,0,0,0,0,0.0,0.0,0.0,0.0,0.0,0.0,0.0,0.0
913,470,Quercus',0,22,21,0,0,0,0,12.049748420715332,6.519993305206299,9.659305659558953,0.25385166743654886,238.0685267314315,5035.545661079734,0.0006680922251185395,13.323137503177387
913,470,Robinia',0,0,0,0,0,0,0,0.0,0.0,0.0,0.0,0.0,0.0,0.0,0.0
913,470,Salix',0,356,32,0,0,0,0,9.799670219421387,6.854915618896484,93.61530729345505,0.4962245211920447,428.24535660654306,4022.130752354135,0.002299300715893041,15.886754948307015
913,470,Sassafras',0,0,0,0,0,0,0,0.0,0.0,0.0,0.0,0.0,0.0,0.0,0.0
913,470,Sequoia',0,0,0,0,0,0,0,0.0,0.0,0.0,0.0,0.0,0.0,0.0,0.0
913,470,Sequoiadendron',0,0,0,0,0,0,0,0.0,0.0,0.0,0.0,0.0,0.0,0.0,0.0
913,470,Sorbus',0,0,0,0,0,0,0,0.0,0.0,0.0,0.0,0.0,0.0,0.0,0.0
913,470,Taxodium',0,0,0,0,0,0,0,0.0,0.0,0.0,0.0,0.0,0.0,0.0,0.0
913,470,Taxus',0,0,0,0,0,0,0,0.0,0.0,0.0,0.0,0.0,0.0,0.0,0.0
913,470,Thuja',0,0,0,0,0,0,0,0.0,0.0,0.0,0.0,0.0,0.0,0.0,0.0
913,470,Tilia',0,0,0,0,0,0,0,0.0,0.0,0.0,0.0,0.0,0.0,0.0,0.0
913,470,Torreya',0,0,0,0,0,0,0,0.0,0.0,0.0,0.0,0.0,0.0,0.0,0.0
913,470,Tsuga',0,0,0,0,0,0,0,0.0,0.0,0.0,0.0,0.0,0.0,0.0,0.0
913,470,Ulmus',0,0,0,0,0,0,0,0.0,0.0,0.0,0.0,0.0,0.0,0.0,0.0
913,470,Umbellularia',0,0,0,0,0,0,0,0.0,0.0,0.0,0.0,0.0,0.0,0.0,0.0
913,480,Abies',0,80,16,0,1,0,0,67.79473114013672,27.151647567749023,36.69489321708679,1.2912072689582248,1622.8547314548493,24194.532242879657,0.0041363812839115685,57.44166342074955
913,480,Acer',0,105,0,0,0,0,0,4.453627586364746,3.3305346965789795,27.744225959140284,0.08057723811276377,102.238526712358,1122.984866873329,0.0006265902692563835,7.018963388548385
913,480,Aesculus',0,0,0,0,0,0,0,0.0,0.0,0.0,0.0,0.0,0.0,0.0,0.0
913,480,Ailanthus',0,0,0,0,0,0,0,0.0,0.0,0.0,0.0,0.0,0.0,0.0,0.0
913,480,Alnus',0,2309,83,0,0,0,0,14.425871849060059,10.890900611877441,521.4547801663792,3.254441226132386,2853.4377665802836,8742.429872010369,0.013847604109403446,34.65164928734972
913,480,Amelanchier',0,0,0,0,0,0,0,0.0,0.0,0.0,0.0,0.0,0.0,0.0,0.0
913,480,Arbutus',0,89,30,0,0,0,0,14.310184478759766,10.825843811035156,39.396463909745215,0.6767843144177061,888.8894742590189,10972.0440130784,0.0025443699271107726,29.046085715718554
913,480,Asimina',0,0,0,0,0,0,0,0.0,0.0,0.0,0.0,0.0,0.0,0.0,0.0
913,480,Betula',0,0,0,0,0,0,0,0.0,0.0,0.0,0.0,0.0,0.0,0.0,0.0
913,480,Calocedrus',0,56,176,0,4,0,0,60.87276840209961,23.968746185302734,77.04112341016531,3.479524750552725,3406.892536812723,33503.83203375037,0.008683688706181924,79.28151229384962
913,480,Carpinus',0,0,0,0,0,0,0,0.0,0.0,0.0,0.0,0.0,0.0,0.0,0.0
913,480,Carya',0,0,0,0,0,0,0,0.0,0.0,0.0,0.0,0.0,0.0,0.0,0.0
913,480,Castanea',0,0,0,0,0,0,0,0.0,0.0,0.0,0.0,0.0,0.0,0.0,0.0
913,480,Catalpa',0,0,0,0,0,0,0,0.0,0.0,0.0,0.0,0.0,0.0,0.0,0.0
913,480,Celtis',0,0,0,0,0,0,0,0.0,0.0,0.0,0.0,0.0,0.0,0.0,0.0
913,480,Cercis',0,0,0,0,0,0,0,0.0,0.0,0.0,0.0,0.0,0.0,0.0,0.0
913,480,Cercocarpus',0,39,16,0,0,0,0,12.729153633117676,5.809541702270508,23.382784324884415,0.29003116537880635,433.4416875302792,7279.171025589559,0.0013009550786282254,21.087443454112137
913,480,Chamaecyparis',0,0,0,0,0,0,0,0.0,0.0,0.0,0.0,0.0,0.0,0.0,0.0
913,480,Chilopsis',0,0,0,0,0,0,0,0.0,0.0,0.0,0.0,0.0,0.0,0.0,0.0
913,480,Chrysolepis',0,59,97,22,0,2,0,82.56680297851562,27.29277801513672,81.13691226720809,5.698678491699133,7923.598377416134,80691.58678205166,0.01877997431557502,182.48766003974782
913,480,Cladrastis',0,0,0,0,0,0,0,0.0,0.0,0.0,0.0,0.0,0.0,0.0,0.0
913,480,Comus',0,0,0,0,0,0,0,0.0,0.0,0.0,0.0,0.0,0.0,0.0,0.0
913,480,Cornus',0,0,0,0,0,0,0,0.0,0.0,0.0,0.0,0.0,0.0,0.0,0.0
913,480,Crataegus',0,0,0,0,0,0,0,0.0,0.0,0.0,0.0,0.0,0.0,0.0,0.0
913,480,Cupressus',0,0,0,0,0,0,0,0.0,0.0,0.0,0.0,0.0,0.0,0.0,0.0
913,480,Diospyros',0,0,0,0,0,0,0,0.0,0.0,0.0,0.0,0.0,0.0,0.0,0.0
913,480,Elaeagnus',0,0,0,0,0,0,0,0.0,0.0,0.0,0.0,0.0,0.0,0.0,0.0
913,480,Fagus',0,0,0,0,0,0,0,0.0,0.0,0.0,0.0,0.0,0.0,0.0,0.0
913,480,Fraxinus',0,22,0,0,0,0,0,2.953943967819214,2.729947805404663,6.963855262044109,0.01557050558356558,24.40301172733307,545.667930780413,0.00015447747994959494,3.454221461601576
913,480,Gleditsia',0,0,0,0,0,0,0,0.0,0.0,0.0,0.0,0.0,0.0,0.0,0.0
913,480,Gordonia',0,0,0,0,0,0,0,0.0,0.0,0.0,0.0,0.0,0.0,0.0,0.0
913,480,Gymnocladus',0,0,0,0,0,0,0,0.0,0.0,0.0,0.0,0.0,0.0,0.0,0.0
913,480,Halesia',0,0,0,0,0,0,0,0.0,0.0,0.0,0.0,0.0,0.0,0.0,0.0
913,480,Ilex',0,0,0,0,0,0,0,0.0,0.0,0.0,0.0,0.0,0.0,0.0,0.0
913,480,Juglans',0,0,0,0,0,0,0,0.0,0.0,0.0,0.0,0.0,0.0,0.0,0.0
913,480,Juniperus',0,26,53,0,0,0,0,22.52233123779297,6.890115737915039,48.60124919891357,1.2589659495912011,1149.847649345398,15361.70937472047,0.0032572350939412908,41.004228814438335
913,480,Larix',0,0,0,0,0,0,0,0.0,0.0,0.0,0.0,0.0,0.0,0.0,0.0
913,480,Liquidambar',0,0,0,0,0,0,0,0.0,0.0,0.0,0.0,0.0,0.0,0.0,0.0
913,480,Liriodendron',0,0,0,0,0,0,0,0.0,0.0,0.0,0.0,0.0,0.0,0.0,0.0
913,480,Lithocarpus',0,20,3,0,0,0,0,22.76498031616211,12.411070823669434,21.265668268203733,0.1722240881051154,294.86164338111877,5494.336219073947,0.0009624188467562242,16.39718523125108
913,480,Maclura',0,0,0,0,0,0,0,0.0,0.0,0.0,0.0,0.0,0.0,0.0,0.0
913,480,Magnolia',0,0,0,0,0,0,0,0.0,0.0,0.0,0.0,0.0,0.0,0.0,0.0
913,480,Malus',0,0,0,0,0,0,0,0.0,0.0,0.0,0.0,0.0,0.0,0.0,0.0
913,480,Morus',0,0,0,0,0,0,0,0.0,0.0,0.0,0.0,0.0,0.0,0.0,0.0
913,480,Nyssa',0,0,0,0,0,0,0,0.0,0.0,0.0,0.0,0.0,0.0,0.0,0.0
913,480,Olneya',0,0,0,0,0,0,0,0.0,0.0,0.0,0.0,0.0,0.0,0.0,0.0
913,480,Ostrya',0,0,0,0,0,0,0,0.0,0.0,0.0,0.0,0.0,0.0,0.0,0.0
913,480,Oxydendron',0,0,0,0,0,0,0,0.0,0.0,0.0,0.0,0.0,0.0,0.0,0.0
913,480,Paulownia',0,0,0,0,0,0,0,0.0,0.0,0.0,0.0,0.0,0.0,0.0,0.0
913,480,Persea',0,0,0,0,0,0,0,0.0,0.0,0.0,0.0,0.0,0.0,0.0,0.0
913,480,Picea',0,0,0,0,0,0,0,0.0,0.0,0.0,0.0,0.0,0.0,0.0,0.0
913,480,Pinus',0,3905,2941,290,12,0,1,168.49874877929688,33.67472457885742,2383.4450453981012,88.77801070517775,94029.68202263974,241380.33315673395,0.24338238851171015,560.0520867109587
913,480,Planera',0,0,0,0,0,0,0,0.0,0.0,0.0,0.0,0.0,0.0,0.0,0.0
913,480,Platanus',0,0,0,0,0,0,0,0.0,0.0,0.0,0.0,0.0,0.0,0.0,0.0
913,480,Populus',0,484,0,0,0,0,0,5.277187824249268,3.03304386138916,133.50871375655825,0.29927802106860407,404.5660253161192,2462.0297405435217,0.002820967707412559,18.370040544286038
913,480,Prosopis',0,0,0,0,0,0,0,0.0,0.0,0.0,0.0,0.0,0.0,0.0,0.0
913,480,Prunus',0,0,0,0,0,0,0,0.0,0.0,0.0,0.0,0.0,0.0,0.0,0.0
913,480,Pseudotsuga',0,0,0,0,0,0,0,0.0,0.0,0.0,0.0,0.0,0.0,0.0,0.0
913,480,Quercus',0,25,21,0,0,0,0,13.561225891113281,7.115934371948242,9.908069802235953,0.3592359516670649,338.3433011341095,6541.5753882687895,0.0008912291084341677,16.0282760624777
913,480,Robinia',0,0,0,0,0,0,0,0.0,0.0,0.0,0.0,0.0,0.0,0.0,0.0
913,480,Salix',0,497,9,0,0,0,0,8.464656829833984,6.166608810424805,75.18997828087097,0.4318410550552861,376.51319163948295,2594.3107058635064,0.0019190975057576968,12.493834834960838
913,480,Sassafras',0,0,0,0,0,0,0,0.0,0.0,0.0,0.0,0.0,0.0,0.0,0.0
913,480,Sequoia',0,0,0,0,0,0,0,0.0,0.0,0.0,0.0,0.0,0.0,0.0,0.0
913,480,Sequoiadendron',0,0,0,0,0,0,0,0.0,0.0,0.0,0.0,0.0,0.0,0.0,0.0
913,480,Sorbus',0,0,0,0,0,0,0,0.0,0.0,0.0,0.0,0.0,0.0,0.0,0.0
913,480,Taxodium',0,0,0,0,0,0,0,0.0,0.0,0.0,0.0,0.0,0.0,0.0,0.0
913,480,Taxus',0,0,0,0,0,0,0,0.0,0.0,0.0,0.0,0.0,0.0,0.0,0.0
913,480,Thuja',0,0,0,0,0,0,0,0.0,0.0,0.0,0.0,0.0,0.0,0.0,0.0
913,480,Tilia',0,0,0,0,0,0,0,0.0,0.0,0.0,0.0,0.0,0.0,0.0,0.0
913,480,Torreya',0,0,0,0,0,0,0,0.0,0.0,0.0,0.0,0.0,0.0,0.0,0.0
913,480,Tsuga',0,0,0,0,0,0,0,0.0,0.0,0.0,0.0,0.0,0.0,0.0,0.0
913,480,Ulmus',0,0,0,0,0,0,0,0.0,0.0,0.0,0.0,0.0,0.0,0.0,0.0
913,480,Umbellularia',0,0,0,0,0,0,0,0.0,0.0,0.0,0.0,0.0,0.0,0.0,0.0
913,490,Abies',0,10,30,0,0,1,0,71.37970733642578,27.75345802307129,15.359715848863123,0.8307003703955212,1260.0453944835067,25063.766725893416,0.003021963470858827,58.60683652388333
913,490,Acer',0,88,0,0,0,0,0,7.747942924499512,4.754656791687012,28.946188488338564,0.20225202943732673,181.44883471250535,2119.971775050027,0.0008199160885251994,9.24701094536438
913,490,Aesculus',0,0,0,0,0,0,0,0.0,0.0,0.0,0.0,0.0,0.0,0.0,0.0
913,490,Ailanthus',0,0,0,0,0,0,0,0.0,0.0,0.0,0.0,0.0,0.0,0.0,0.0
913,490,Alnus',0,2251,93,0,0,0,0,18.3582706451416,13.003405570983887,605.4188661612098,3.3956554336838134,3111.708106361628,8404.026446159773,0.01563024787759165,37.38194564472515
913,490,Amelanchier',0,0,0,0,0,0,0,0.0,0.0,0.0,0.0,0.0,0.0,0.0,0.0
913,490,Arbutus',0,4,45,0,0,0,0,17.325719833374023,12.46689510345459,26.759429714679715,0.7025109199855719,999.8576376080513,13981.586743709719,0.0026084309864143674,34.71437661786436
913,490,Asimina',0,0,0,0,0,0,0,0.0,0.0,0.0,0.0,0.0,0.0,0.0,0.0
913,490,Betula',0,0,0,0,0,0,0,0.0,0.0,0.0,0.0,0.0,0.0,0.0,0.0
913,490,Calocedrus',0,56,176,0,4,0,0,63.860565185546875,24.569107055664062,91.18990072220564,4.413058193517737,4325.393653468787,39539.58913874323,0.010929173465207201,93.94059648515999
913,490,Carpinus',0,0,0,0,0,0,0,0.0,0.0,0.0,0.0,0.0,0.0,0.0,0.0
913,490,Carya',0,0,0,0,0,0,0,0.0,0.0,0.0,0.0,0.0,0.0,0.0,0.0
913,490,Castanea',0,0,0,0,0,0,0,0.0,0.0,0.0,0.0,0.0,0.0,0.0,0.0
913,490,Catalpa',0,0,0,0,0,0,0,0.0,0.0,0.0,0.0,0.0,0.0,0.0,0.0
913,490,Celtis',0,0,0,0,0,0,0,0.0,0.0,0.0,0.0,0.0,0.0,0.0,0.0
913,490,Cercis',0,0,0,0,0,0,0,0.0,0.0,0.0,0.0,0.0,0.0,0.0,0.0
913,490,Cercocarpus',0,62,16,0,0,0,0,14.354108810424805,6.227234840393066,18.085212317705153,0.4254163328606647,600.2315886032582,9184.593765056808,0.001595078784212465,23.26309865083456
913,490,Chamaecyparis',0,0,0,0,0,0,0,0.0,0.0,0.0,0.0,0.0,0.0,0.0,0.0
913,490,Chilopsis',0,0,0,0,0,0,0,0.0,0.0,0.0,0.0,0.0,0.0,0.0,0.0
913,490,Chrysolepis',0,59,93,25,0,2,0,84.48343658447266,27.56108856201172,93.95001297414302,6.657574920954477,9178.056607250572,87620.93011085785,0.021752737236800275,198.33305392663664
913,490,Cladrastis',0,0,0,0,0,0,0,0.0,0.0,0.0,0.0,0.0,0.0,0.0,0.0
913,490,Comus',0,0,0,0,0,0,0,0.0,0.0,0.0,0.0,0.0,0.0,0.0,0.0
913,490,Cornus',0,0,0,0,0,0,0,0.0,0.0,0.0,0.0,0.0,0.0,0.0,0.0
913,490,Crataegus',0,0,0,0,0,0,0,0.0,0.0,0.0,0.0,0.0,0.0,0.0,0.0
913,490,Cupressus',0,0,0,0,0,0,0,0.0,0.0,0.0,0.0,0.0,0.0,0.0,0.0
913,490,Diospyros',0,0,0,0,0,0,0,0.0,0.0,0.0,0.0,0.0,0.0,0.0,0.0
913,490,Elaeagnus',0,0,0,0,0,0,0,0.0,0.0,0.0,0.0,0.0,0.0,0.0,0.0
913,490,Fagus',0,0,0,0,0,0,0,0.0,0.0,0.0,0.0,0.0,0.0,0.0,0.0
913,490,Fraxinus',0,22,0,0,0,0,0,5.406497955322266,3.8484930992126465,8.294853960411457,0.052159124679045724,53.01148268222809,1185.3727886551442,0.00023721232393384223,5.304228814167749
913,490,Gleditsia',0,0,0,0,0,0,0,0.0,0.0,0.0,0.0,0.0,0.0,0.0,0.0
913,490,Gordonia',0,0,0,0,0,0,0,0.0,0.0,0.0,0.0,0.0,0.0,0.0,0.0
913,490,Gymnocladus',0,0,0,0,0,0,0,0.0,0.0,0.0,0.0,0.0,0.0,0.0,0.0
913,490,Halesia',0,0,0,0,0,0,0,0.0,0.0,0.0,0.0,0.0,0.0,0.0,0.0
913,490,Ilex',0,0,0,0,0,0,0,0.0,0.0,0.0,0.0,0.0,0.0,0.0,0.0
913,490,Juglans',0,0,0,0,0,0,0,0.0,0.0,0.0,0.0,0.0,0.0,0.0,0.0
913,490,Juniperus',0,79,43,0,0,0,0,24.555904388427734,6.311927318572998,56.444090349078174,1.1403228384574107,1091.8594834429025,17212.000102633443,0.0032416578374646382,47.26013810574116
913,490,Larix',0,0,0,0,0,0,0,0.0,0.0,0.0,0.0,0.0,0.0,0.0,0.0
913,490,Liquidambar',0,0,0,0,0,0,0,0.0,0.0,0.0,0.0,0.0,0.0,0.0,0.0
913,490,Liriodendron',0,0,0,0,0,0,0,0.0,0.0,0.0,0.0,0.0,0.0,0.0,0.0
913,490,Lithocarpus',0,32,3,0,0,0,0,26.061504364013672,13.68855094909668,18.319958524703978,0.2826786018059184,422.23214106559755,7219.058572462464,0.0012029152401089652,19.184146072464056
913,490,Maclura',0,0,0,0,0,0,0,0.0,0.0,0.0,0.0,0.0,0.0,0.0,0.0
913,490,Magnolia',0,0,0,0,0,0,0,0.0,0.0,0.0,0.0,0.0,0.0,0.0,0.0
913,490,Malus',0,0,0,0,0,0,0,0.0,0.0,0.0,0.0,0.0,0.0,0.0,0.0
913,490,Morus',0,0,0,0,0,0,0,0.0,0.0,0.0,0.0,0.0,0.0,0.0,0.0
913,490,Nyssa',0,0,0,0,0,0,0,0.0,0.0,0.0,0.0,0.0,0.0,0.0,0.0
913,490,Olneya',0,0,0,0,0,0,0,0.0,0.0,0.0,0.0,0.0,0.0,0.0,0.0
913,490,Ostrya',0,0,0,0,0,0,0,0.0,0.0,0.0,0.0,0.0,0.0,0.0,0.0
913,490,Oxydendron',0,0,0,0,0,0,0,0.0,0.0,0.0,0.0,0.0,0.0,0.0,0.0
913,490,Paulownia',0,0,0,0,0,0,0,0.0,0.0,0.0,0.0,0.0,0.0,0.0,0.0
913,490,Persea',0,0,0,0,0,0,0,0.0,0.0,0.0,0.0,0.0,0.0,0.0,0.0
913,490,Picea',0,0,0,0,0,0,0,0.0,0.0,0.0,0.0,0.0,0.0,0.0,0.0
913,490,Pinus',0,3541,3009,312,9,0,1,169.66021728515625,33.71197509765625,2309.942898840606,92.07952895035916,97858.46095394403,250931.79394901035,0.25082908810522014,582.5416218795699
913,490,Planera',0,0,0,0,0,0,0,0.0,0.0,0.0,0.0,0.0,0.0,0.0,0.0
913,490,Platanus',0,0,0,0,0,0,0,0.0,0.0,0.0,0.0,0.0,0.0,0.0,0.0
913,490,Populus',0,622,2,0,0,0,0,9.00732135772705,4.187058448791504,235.46276151638804,0.46154360967621794,641.2655343113839,3073.2817614390806,0.004814651768361677,23.573030064300152
913,490,Prosopis',0,0,0,0,0,0,0,0.0,0.0,0.0,0.0,0.0,0.0,0.0,0.0
913,490,Prunus',0,0,0,0,0,0,0,0.0,0.0,0.0,0.0,0.0,0.0,0.0,0.0
913,490,Pseudotsuga',0,0,0,0,0,0,0,0.0,0.0,0.0,0.0,0.0,0.0,0.0,0.0
913,490,Quercus',0,22,24,0,0,0,0,15.18387508392334,7.742100715637207,22.48554993467995,0.5031110815146762,506.6695887577534,8824.79370016517,0.0014009432972073481,22.890851657071522
913,490,Robinia',0,0,0,0,0,0,0,0.0,0.0,0.0,0.0,0.0,0.0,0.0,0.0
913,490,Salix',0,325,24,0,0,0,0,10.84425163269043,7.3795905113220215,73.18558975276125,0.599332366489883,461.7705710707605,4142.6689151325345,0.0020797040399268764,14.475497542118925
913,490,Sassafras',0,0,0,0,0,0,0,0.0,0.0,0.0,0.0,0.0,0.0,0.0,0.0
913,490,Sequoia',0,0,0,0,0,0,0,0.0,0.0,0.0,0.0,0.0,0.0,0.0,0.0
913,490,Sequoiadendron',0,0,0,0,0,0,0,0.0,0.0,0.0,0.0,0.0,0.0,0.0,0.0
913,490,Sorbus',0,0,0,0,0,0,0,0.0,0.0,0.0,0.0,0.0,0.0,0.0,0.0
913,490,Taxodium',0,0,0,0,0,0,0,0.0,0.0,0.0,0.0,0.0,0.0,0.0,0.0
913,490,Taxus',0,0,0,0,0,0,0,0.0,0.0,0.0,0.0,0.0,0.0,0.0,0.0
913,490,Thuja',0,0,0,0,0,0,0,0.0,0.0,0.0,0.0,0.0,0.0,0.0,0.0
913,490,Tilia',0,0,0,0,0,0,0,0.0,0.0,0.0,0.0,0.0,0.0,0.0,0.0
913,490,Torreya',0,0,0,0,0,0,0,0.0,0.0,0.0,0.0,0.0,0.0,0.0,0.0
913,490,Tsuga',0,0,0,0,0,0,0,0.0,0.0,0.0,0.0,0.0,0.0,0.0,0.0
913,490,Ulmus',0,0,0,0,0,0,0,0.0,0.0,0.0,0.0,0.0,0.0,0.0,0.0
913,490,Umbellularia',0,0,0,0,0,0,0,0.0,0.0,0.0,0.0,0.0,0.0,0.0,0.0
913,500,Abies',0,131,30,0,0,1,0,74.3266372680664,28.21574592590332,47.03452206328511,1.0875105297711396,1557.6381311734021,27816.873599007566,0.004140805613410196,65.84894200975037
913,500,Acer',0,61,0,0,0,0,0,5.829843044281006,3.9333062171936035,29.17571509657781,0.1093011141305162,121.89802381336689,1435.639401415162,0.0006908851307444306,7.875454452379759
913,500,Aesculus',0,0,0,0,0,0,0,0.0,0.0,0.0,0.0,0.0,0.0,0.0,0.0
913,500,Ailanthus',0,0,0,0,0,0,0,0.0,0.0,0.0,0.0,0.0,0.0,0.0,0.0
913,500,Alnus',0,2407,188,0,0,0,0,17.49302101135254,12.554682731628418,550.5989537688702,4.533365317596778,3766.709678565487,10937.937356870481,0.016296643741757395,40.10455432697624
913,500,Amelanchier',0,0,0,0,0,0,0,0.0,0.0,0.0,0.0,0.0,0.0,0.0,0.0
913,500,Arbutus',0,33,49,0,0,0,0,19.991342544555664,13.82660961151123,32.574131162166594,0.9328283271850456,1404.0749572587013,18145.732666626704,0.0035906818442214125,44.20284247692864
913,500,Asimina',0,0,0,0,0,0,0,0.0,0.0,0.0,0.0,0.0,0.0,0.0,0.0
913,500,Betula',0,0,0,0,0,0,0,0.0,0.0,0.0,0.0,0.0,0.0,0.0,0.0
913,500,Calocedrus',0,30,202,0,4,0,0,66.6412582397461,25.099870681762695,75.72197182238102,5.392089159193954,5261.957172189355,45575.12644645601,0.012787000004038205,106.34409316846181
913,500,Carpinus',0,0,0,0,0,0,0,0.0,0.0,0.0,0.0,0.0,0.0,0.0,0.0
913,500,Carya',0,0,0,0,0,0,0,0.0,0.0,0.0,0.0,0.0,0.0,0.0,0.0
913,500,Castanea',0,0,0,0,0,0,0,0.0,0.0,0.0,0.0,0.0,0.0,0.0,0.0
913,500,Catalpa',0,0,0,0,0,0,0,0.0,0.0,0.0,0.0,0.0,0.0,0.0,0.0
913,500,Celtis',0,0,0,0,0,0,0,0.0,0.0,0.0,0.0,0.0,0.0,0.0,0.0
913,500,Cercis',0,0,0,0,0,0,0,0.0,0.0,0.0,0.0,0.0,0.0,0.0,0.0
913,500,Cercocarpus',0,50,30,0,0,0,0,15.865042686462402,6.590291500091553,42.4933914732933,0.474894478237097,738.085473458767,11134.472221553075,0.0022539834177692734,29.84850989842885
913,500,Chamaecyparis',0,0,0,0,0,0,0,0.0,0.0,0.0,0.0,0.0,0.0,0.0,0.0
913,500,Chilopsis',0,0,0,0,0,0,0,0.0,0.0,0.0,0.0,0.0,0.0,0.0,0.0
913,500,Chrysolepis',0,24,118,25,0,2,0,86.2518310546875,27.800912857055664,78.17934640675783,7.079722356742603,9980.981526267828,94144.82304226533,0.023309216960319616,213.05225723654405
913,500,Cladrastis',0,0,0,0,0,0,0,0.0,0.0,0.0,0.0,0.0,0.0,0.0,0.0
913,500,Comus',0,0,0,0,0,0,0,0.0,0.0,0.0,0.0,0.0,0.0,0.0,0.0
913,500,Cornus',0,0,0,0,0,0,0,0.0,0.0,0.0,0.0,0.0,0.0,0.0,0.0
913,500,Crataegus',0,0,0,0,0,0,0,0.0,0.0,0.0,0.0,0.0,0.0,0.0,0.0
913,500,Cupressus',0,0,0,0,0,0,0,0.0,0.0,0.0,0.0,0.0,0.0,0.0,0.0
913,500,Diospyros',0,0,0,0,0,0,0,0.0,0.0,0.0,0.0,0.0,0.0,0.0,0.0
913,500,Elaeagnus',0,0,0,0,0,0,0,0.0,0.0,0.0,0.0,0.0,0.0,0.0,0.0
913,500,Fagus',0,0,0,0,0,0,0,0.0,0.0,0.0,0.0,0.0,0.0,0.0,0.0
913,500,Fraxinus',0,57,0,0,0,0,0,2.798551321029663,2.6570212841033936,9.111782056574201,0.01793968093415128,33.167611766308546,554.0077470502912,0.0002048749669203529,3.460507487853777
913,500,Gleditsia',0,0,0,0,0,0,0,0.0,0.0,0.0,0.0,0.0,0.0,0.0,0.0
913,500,Gordonia',0,0,0,0,0,0,0,0.0,0.0,0.0,0.0,0.0,0.0,0.0,0.0
913,500,Gymnocladus',0,0,0,0,0,0,0,0.0,0.0,0.0,0.0,0.0,0.0,0.0,0.0
913,500,Halesia',0,0,0,0,0,0,0,0.0,0.0,0.0,0.0,0.0,0.0,0.0,0.0
913,500,Ilex',0,0,0,0,0,0,0,0.0,0.0,0.0,0.0,0.0,0.0,0.0,0.0
913,500,Juglans',0,0,0,0,0,0,0,0.0,0.0,0.0,0.0,0.0,0.0,0.0,0.0
913,500,Juniperus',0,73,37,0,0,0,0,13.787976264953613,4.735576152801514,88.65239568710327,0.5563464822845142,620.0833047389984,9132.708321138945,0.0026584975191491153,33.46272151497084
913,500,Larix',0,0,0,0,0,0,0,0.0,0.0,0.0,0.0,0.0,0.0,0.0,0.0
913,500,Liquidambar',0,0,0,0,0,0,0,0.0,0.0,0.0,0.0,0.0,0.0,0.0,0.0
913,500,Liriodendron',0,0,0,0,0,0,0,0.0,0.0,0.0,0.0,0.0,0.0,0.0,0.0
913,500,Lithocarpus',0,12,20,3,0,0,0,28.921573638916016,14.73962688446045,18.866026964187622,0.39345642396402003,578.3864386463165,9455.537106514512,0.0015578125161329948,24.41286097716672
913,500,Maclura',0,0,0,0,0,0,0,0.0,0.0,0.0,0.0,0.0,0.0,0.0,0.0
913,500,Magnolia',0,0,0,0,0,0,0,0.0,0.0,0.0,0.0,0.0,0.0,0.0,0.0
913,500,Malus',0,0,0,0,0,0,0,0.0,0.0,0.0,0.0,0.0,0.0,0.0,0.0
913,500,Morus',0,0,0,0,0,0,0,0.0,0.0,0.0,0.0,0.0,0.0,0.0,0.0
913,500,Nyssa',0,0,0,0,0,0,0,0.0,0.0,0.0,0.0,0.0,0.0,0.0,0.0
913,500,Olneya',0,0,0,0,0,0,0,0.0,0.0,0.0,0.0,0.0,0.0,0.0,0.0
913,500,Ostrya',0,0,0,0,0,0,0,0.0,0.0,0.0,0.0,0.0,0.0,0.0,0.0
913,500,Oxydendron',0,0,0,0,0,0,0,0.0,0.0,0.0,0.0,0.0,0.0,0.0,0.0
913,500,Paulownia',0,0,0,0,0,0,0,0.0,0.0,0.0,0.0,0.0,0.0,0.0,0.0
913,500,Persea',0,0,0,0,0,0,0,0.0,0.0,0.0,0.0,0.0,0.0,0.0,0.0
913,500,Picea',0,0,0,0,0,0,0,0.0,0.0,0.0,0.0,0.0,0.0,0.0,0.0
913,500,Pinus',0,2997,3176,306,15,0,1,170.8119659423828,33.74818801879883,2282.1350188134606,93.95458943523445,99940.17042516723,257550.2397372041,0.255053440408987,598.9324892541199
913,500,Planera',0,0,0,0,0,0,0,0.0,0.0,0.0,0.0,0.0,0.0,0.0,0.0
913,500,Platanus',0,0,0,0,0,0,0,0.0,0.0,0.0,0.0,0.0,0.0,0.0,0.0
913,500,Populus',0,515,12,0,0,0,0,10.811843872070312,4.725224018096924,150.39794602301677,0.461573956995158,543.0830664399266,3031.6854035928473,0.003371913235228263,20.585119884263023
913,500,Prosopis',0,0,0,0,0,0,0,0.0,0.0,0.0,0.0,0.0,0.0,0.0,0.0
913,500,Prunus',0,0,0,0,0,0,0,0.0,0.0,0.0,0.0,0.0,0.0,0.0,0.0
913,500,Pseudotsuga',0,0,0,0,0,0,0,0.0,0.0,0.0,0.0,0.0,0.0,0.0,0.0
913,500,Quercus',0,39,22,0,0,0,0,9.252508163452148,4.811573028564453,26.055258250311958,0.18357295871463772,199.51186853051186,3534.8264536646134,0.0008184396413546049,13.32042551329013
913,500,Robinia',0,0,0,0,0,0,0,0.0,0.0,0.0,0.0,0.0,0.0,0.0,0.0
913,500,Salix',0,302,13,0,0,0,0,11.03756332397461,7.475375175476074,79.66605290204663,0.4861036819528216,402.6245510989428,3092.602534318696,0.002041558320665614,13.837413908261558
913,500,Sassafras',0,0,0,0,0,0,0,0.0,0.0,0.0,0.0,0.0,0.0,0.0,0.0
913,500,Sequoia',0,0,0,0,0,0,0,0.0,0.0,0.0,0.0,0.0,0.0,0.0,0.0
913,500,Sequoiadendron',0,0,0,0,0,0,0,0.0,0.0,0.0,0.0,0.0,0.0,0.0,0.0
913,500,Sorbus',0,0,0,0,0,0,0,0.0,0.0,0.0,0.0,0.0,0.0,0.0,0.0
913,500,Taxodium',0,0,0,0,0,0,0,0.0,0.0,0.0,0.0,0.0,0.0,0.0,0.0
913,500,Taxus',0,0,0,0,0,0,0,0.0,0.0,0.0,0.0,0.0,0.0,0.0,0.0
913,500,Thuja',0,0,0,0,0,0,0,0.0,0.0,0.0,0.0,0.0,0.0,0.0,0.0
913,500,Tilia',0,0,0,0,0,0,0,0.0,0.0,0.0,0.0,0.0,0.0,0.0,0.0
913,500,Torreya',0,0,0,0,0,0,0,0.0,0.0,0.0,0.0,0.0,0.0,0.0,0.0
913,500,Tsuga',0,0,0,0,0,0,0,0.0,0.0,0.0,0.0,0.0,0.0,0.0,0.0
913,500,Ulmus',0,0,0,0,0,0,0,0.0,0.0,0.0,0.0,0.0,0.0,0.0,0.0
913,500,Umbellularia',0,9,0,0,0,0,0,5.110959529876709,3.716885805130005,6.907181739807129,0.018464488227408947,30.16047477722168,674.4087183553496,0.0001667936802841719,3.72962007332774
913,510,Abies',0,58,47,0,0,1,0,77.84738159179688,28.73227882385254,38.024925360679624,1.3334761679503873,1809.2701583242417,30819.865091131134,0.004569849348103006,71.3375236151249
913,510,Acer',0,104,1,0,0,0,0,12.948503494262695,6.875840663909912,34.15453859522373,0.1608127233883441,171.11673758506774,1638.9423808963215,0.0008719329667482501,8.059758107155044
913,510,Aesculus',0,0,0,0,0,0,0,0.0,0.0,0.0,0.0,0.0,0.0,0.0,0.0
913,510,Ailanthus',0,0,0,0,0,0,0,0.0,0.0,0.0,0.0,0.0,0.0,0.0,0.0
913,510,Alnus',0,2394,160,0,0,0,0,16.081960678100586,11.803667068481445,539.3995430122446,3.953531693129703,3435.563971348405,11957.799485273721,0.015399542716390236,40.966989759907676
913,510,Amelanchier',0,0,0,0,0,0,0,0.0,0.0,0.0,0.0,0.0,0.0,0.0,0.0
913,510,Arbutus',0,37,41,0,0,0,0,17.592302322387695,12.606620788574219,32.38055289030075,0.8973151911155832,1337.4834773421287,19396.42505299641,0.003439904697347417,46.00051553270635
913,510,Asimina',0,0,0,0,0,0,0,0.0,0.0,0.0,0.0,0.0,0.0,0.0,0.0
913,510,Betula',0,0,0,0,0,0,0,0.0,0.0,0.0,0.0,0.0,0.0,0.0,0.0
913,510,Calocedrus',0,40,179,0,1,2,0,69.45614624023438,25.61104965209961,73.11259211242199,4.680819922881575,4861.792220992446,46901.53951108506,0.011860053159040559,109.7012600090408
913,510,Carpinus',0,0,0,0,0,0,0,0.0,0.0,0.0,0.0,0.0,0.0,0.0,0.0
913,510,Carya',0,0,0,0,0,0,0,0.0,0.0,0.0,0.0,0.0,0.0,0.0,0.0
913,510,Castanea',0,0,0,0,0,0,0,0.0,0.0,0.0,0.0,0.0,0.0,0.0,0.0
913,510,Catalpa',0,0,0,0,0,0,0,0.0,0.0,0.0,0.0,0.0,0.0,0.0,0.0
913,510,Celtis',0,0,0,0,0,0,0,0.0,0.0,0.0,0.0,0.0,0.0,0.0,0.0
913,510,Cercis',0,0,0,0,0,0,0,0.0,0.0,0.0,0.0,0.0,0.0,0.0,0.0
913,510,Cercocarpus',0,50,14,0,0,0,0,11.806092262268066,5.55894660949707,28.52295368552208,0.291195954342248,434.65242809653284,5915.724495509368,0.001377892507801457,18.04474478915941
913,510,Chamaecyparis',0,0,0,0,0,0,0,0.0,0.0,0.0,0.0,0.0,0.0,0.0,0.0
913,510,Chilopsis',0,0,0,0,0,0,0,0.0,0.0,0.0,0.0,0.0,0.0,0.0,0.0
913,510,Chrysolepis',0,27,98,19,0,2,0,87.9724349975586,28.027347564697266,71.07161754250527,6.280018830759711,9073.080046733618,94871.17681759683,0.02118899084599097,213.75846178956897
913,510,Cladrastis',0,0,0,0,0,0,0,0.0,0.0,0.0,0.0,0.0,0.0,0.0,0.0
913,510,Comus',0,0,0,0,0,0,0,0.0,0.0,0.0,0.0,0.0,0.0,0.0,0.0
913,510,Cornus',0,0,0,0,0,0,0,0.0,0.0,0.0,0.0,0.0,0.0,0.0,0.0
913,510,Crataegus',0,0,0,0,0,0,0,0.0,0.0,0.0,0.0,0.0,0.0,0.0,0.0
913,510,Cupressus',0,0,0,0,0,0,0,0.0,0.0,0.0,0.0,0.0,0.0,0.0,0.0
913,510,Diospyros',0,0,0,0,0,0,0,0.0,0.0,0.0,0.0,0.0,0.0,0.0,0.0
913,510,Elaeagnus',0,0,0,0,0,0,0,0.0,0.0,0.0,0.0,0.0,0.0,0.0,0.0
913,510,Fagus',0,0,0,0,0,0,0,0.0,0.0,0.0,0.0,0.0,0.0,0.0,0.0
913,510,Fraxinus',0,22,0,0,0,0,0,5.240767478942871,3.774796724319458,7.615872968601274,0.049010371143208414,49.4889736366272,1106.6070918819303,0.00021961021506786574,4.910633694450988
913,510,Gleditsia',0,0,0,0,0,0,0,0.0,0.0,0.0,0.0,0.0,0.0,0.0,0.0
913,510,Gordonia',0,0,0,0,0,0,0,0.0,0.0,0.0,0.0,0.0,0.0,0.0,0.0
913,510,Gymnocladus',0,0,0,0,0,0,0,0.0,0.0,0.0,0.0,0.0,0.0,0.0,0.0
913,510,Halesia',0,0,0,0,0,0,0,0.0,0.0,0.0,0.0,0.0,0.0,0.0,0.0
913,510,Ilex',0,0,0,0,0,0,0,0.0,0.0,0.0,0.0,0.0,0.0,0.0,0.0
913,510,Juglans',0,0,0,0,0,0,0,0.0,0.0,0.0,0.0,0.0,0.0,0.0,0.0
913,510,Juniperus',0,118,9,0,0,0,0,12.702716827392578,5.188042163848877,72.28682989120483,0.3640148801627613,430.3551918244362,4100.071459856878,0.0020004879596528242,19.370725144692045
913,510,Larix',0,0,0,0,0,0,0,0.0,0.0,0.0,0.0,0.0,0.0,0.0,0.0
913,510,Liquidambar',0,0,0,0,0,0,0,0.0,0.0,0.0,0.0,0.0,0.0,0.0,0.0
913,510,Liriodendron',0,0,0,0,0,0,0,0.0,0.0,0.0,0.0,0.0,0.0,0.0,0.0
913,510,Lithocarpus',0,0,32,3,0,0,0,31.479413986206055,15.636763572692871,23.823077516555784,0.5212656070492631,775.3916120624542,11896.62015680833,0.0020672036086320914,30.260386475068998
913,510,Maclura',0,0,0,0,0,0,0,0.0,0.0,0.0,0.0,0.0,0.0,0.0,0.0
913,510,Magnolia',0,0,0,0,0,0,0,0.0,0.0,0.0,0.0,0.0,0.0,0.0,0.0
913,510,Malus',0,0,0,0,0,0,0,0.0,0.0,0.0,0.0,0.0,0.0,0.0,0.0
913,510,Morus',0,0,0,0,0,0,0,0.0,0.0,0.0,0.0,0.0,0.0,0.0,0.0
913,510,Nyssa',0,0,0,0,0,0,0,0.0,0.0,0.0,0.0,0.0,0.0,0.0,0.0
913,510,Olneya',0,0,0,0,0,0,0,0.0,0.0,0.0,0.0,0.0,0.0,0.0,0.0
913,510,Ostrya',0,0,0,0,0,0,0,0.0,0.0,0.0,0.0,0.0,0.0,0.0,0.0
913,510,Oxydendron',0,0,0,0,0,0,0,0.0,0.0,0.0,0.0,0.0,0.0,0.0,0.0
913,510,Paulownia',0,0,0,0,0,0,0,0.0,0.0,0.0,0.0,0.0,0.0,0.0,0.0
913,510,Persea',0,0,0,0,0,0,0,0.0,0.0,0.0,0.0,0.0,0.0,0.0,0.0
913,510,Picea',0,0,0,0,0,0,0,0.0,0.0,0.0,0.0,0.0,0.0,0.0,0.0
913,510,Pinus',0,3088,3158,286,3,0,1,171.7642822265625,33.777591705322266,2273.210536970943,90.67695011867178,95363.06333957837,248804.56554330152,0.244753183929858,574.2394938327415
913,510,Planera',0,0,0,0,0,0,0,0.0,0.0,0.0,0.0,0.0,0.0,0.0,0.0
913,510,Platanus',0,0,0,0,0,0,0,0.0,0.0,0.0,0.0,0.0,0.0,0.0,0.0
913,510,Populus',0,490,1,0,0,0,0,13.981224060058594,5.639885425567627,160.71696489813584,0.30204467060630785,440.15093294352295,2589.026316415825,0.003291723181544332,19.78713554761444
913,510,Prosopis',0,0,0,0,0,0,0,0.0,0.0,0.0,0.0,0.0,0.0,0.0,0.0
913,510,Prunus',0,0,0,0,0,0,0,0.0,0.0,0.0,0.0,0.0,0.0,0.0,0.0
913,510,Pseudotsuga',0,0,0,0,0,0,0,0.0,0.0,0.0,0.0,0.0,0.0,0.0,0.0
913,510,Quercus',0,62,22,0,0,0,0,11.03812313079834,5.342742443084717,22.60605908741679,0.32837489097070355,313.2586484915018,4840.375984301332,0.0010215571278929707,14.435540291662619
913,510,Robinia',0,0,0,0,0,0,0,0.0,0.0,0.0,0.0,0.0,0.0,0.0,0.0
913,510,Salix',0,533,0,0,0,0,0,6.765916347503662,5.261097431182861,92.66954064652134,0.43417315476184754,380.0651627627015,2444.290588959366,0.0021786187665139927,13.056459855627887
913,510,Sassafras',0,0,0,0,0,0,0,0.0,0.0,0.0,0.0,0.0,0.0,0.0,0.0
913,510,Sequoia',0,0,0,0,0,0,0,0.0,0.0,0.0,0.0,0.0,0.0,0.0,0.0
913,510,Sequoiadendron',0,0,0,0,0,0,0,0.0,0.0,0.0,0.0,0.0,0.0,0.0,0.0
913,510,Sorbus',0,0,0,0,0,0,0,0.0,0.0,0.0,0.0,0.0,0.0,0.0,0.0
913,510,Taxodium',0,0,0,0,0,0,0,0.0,0.0,0.0,0.0,0.0,0.0,0.0,0.0
913,510,Taxus',0,0,0,0,0,0,0,0.0,0.0,0.0,0.0,0.0,0.0,0.0,0.0
913,510,Thuja',0,0,0,0,0,0,0,0.0,0.0,0.0,0.0,0.0,0.0,0.0,0.0
913,510,Tilia',0,0,0,0,0,0,0,0.0,0.0,0.0,0.0,0.0,0.0,0.0,0.0
913,510,Torreya',0,0,0,0,0,0,0,0.0,0.0,0.0,0.0,0.0,0.0,0.0,0.0
913,510,Tsuga',0,0,0,0,0,0,0,0.0,0.0,0.0,0.0,0.0,0.0,0.0,0.0
913,510,Ulmus',0,0,0,0,0,0,0,0.0,0.0,0.0,0.0,0.0,0.0,0.0,0.0
913,510,Umbellularia',0,0,0,0,0,0,0,0.0,0.0,0.0,0.0,0.0,0.0,0.0,0.0
913,520,Abies',0,105,38,0,0,1,0,81.00460815429688,29.164487838745117,55.79018550634384,1.2693038615908199,1877.1449087142944,33457.80964331319,0.004977291408376459,77.85867756828463
913,520,Acer',0,80,15,0,0,0,0,20.115642547607422,9.561859130859375,35.36157251583247,0.23082930401482793,248.97347385495902,2923.16688268756,0.0010623238701354708,11.736840018759597
913,520,Aesculus',0,0,0,0,0,0,0,0.0,0.0,0.0,0.0,0.0,0.0,0.0,0.0
913,520,Ailanthus',0,0,0,0,0,0,0,0.0,0.0,0.0,0.0,0.0,0.0,0.0,0.0
913,520,Alnus',0,2215,76,0,0,0,0,16.66377830505371,12.116256713867188,603.0042393595169,3.547565691577335,3196.1272383221985,8936.159817364574,0.015783085983104763,38.921992830977544
913,520,Amelanchier',0,0,0,0,0,0,0,0.0,0.0,0.0,0.0,0.0,0.0,0.0,0.0
913,520,Arbutus',0,62,41,0,0,0,0,20.473459243774414,14.063840866088867,32.642669066786766,1.1566605467191404,1732.870236300826,23383.525337232364,0.004322327875165859,54.55063585284429
913,520,Asimina',0,0,0,0,0,0,0,0.0,0.0,0.0,0.0,0.0,0.0,0.0,0.0
913,520,Betula',0,0,0,0,0,0,0,0.0,0.0,0.0,0.0,0.0,0.0,0.0,0.0
913,520,Calocedrus',0,113,142,0,0,4,0,72.0599594116211,26.061620712280273,97.13532993733882,5.038372366498273,5462.559760038257,52318.37772106729,0.013542087739477234,121.51929212662573
913,520,Carpinus',0,0,0,0,0,0,0,0.0,0.0,0.0,0.0,0.0,0.0,0.0,0.0
913,520,Carya',0,0,0,0,0,0,0,0.0,0.0,0.0,0.0,0.0,0.0,0.0,0.0
913,520,Castanea',0,0,0,0,0,0,0,0.0,0.0,0.0,0.0,0.0,0.0,0.0,0.0
913,520,Catalpa',0,0,0,0,0,0,0,0.0,0.0,0.0,0.0,0.0,0.0,0.0,0.0
913,520,Celtis',0,0,0,0,0,0,0,0.0,0.0,0.0,0.0,0.0,0.0,0.0,0.0
913,520,Cercis',0,0,0,0,0,0,0,0.0,0.0,0.0,0.0,0.0,0.0,0.0,0.0
913,520,Cercocarpus',0,88,0,0,0,0,0,6.709196090698242,3.9810216426849365,29.667603940963744,0.12130712642847666,231.5252203655243,3815.5877860220203,0.0009430325527687924,14.752580241361791
913,520,Chamaecyparis',0,0,0,0,0,0,0,0.0,0.0,0.0,0.0,0.0,0.0,0.0,0.0
913,520,Chilopsis',0,0,0,0,0,0,0,0.0,0.0,0.0,0.0,0.0,0.0,0.0,0.0
913,520,Chrysolepis',0,70,59,11,0,0,2,89.76033020019531,28.25563621520996,87.36858658850193,5.3155115209032635,7911.0127276808025,91056.11950906296,0.018842018882847075,205.33861486421404
913,520,Cladrastis',0,0,0,0,0,0,0,0.0,0.0,0.0,0.0,0.0,0.0,0.0,0.0
913,520,Comus',0,0,0,0,0,0,0,0.0,0.0,0.0,0.0,0.0,0.0,0.0,0.0
913,520,Cornus',0,0,0,0,0,0,0,0.0,0.0,0.0,0.0,0.0,0.0,0.0,0.0
913,520,Crataegus',0,0,0,0,0,0,0,0.0,0.0,0.0,0.0,0.0,0.0,0.0,0.0
913,520,Cupressus',0,0,0,0,0,0,0,0.0,0.0,0.0,0.0,0.0,0.0,0.0,0.0
913,520,Diospyros',0,0,0,0,0,0,0,0.0,0.0,0.0,0.0,0.0,0.0,0.0,0.0
913,520,Elaeagnus',0,0,0,0,0,0,0,0.0,0.0,0.0,0.0,0.0,0.0,0.0,0.0
913,520,Fagus',0,0,0,0,0,0,0,0.0,0.0,0.0,0.0,0.0,0.0,0.0,0.0
913,520,Fraxinus',0,22,0,0,0,0,0,3.2696316242218018,2.877335548400879,8.257580837116965,0.019076375342929646,29.13110649585724,651.39134384522,0.00018360825741291242,4.10560544805556
913,520,Gleditsia',0,0,0,0,0,0,0,0.0,0.0,0.0,0.0,0.0,0.0,0.0,0.0
913,520,Gordonia',0,0,0,0,0,0,0,0.0,0.0,0.0,0.0,0.0,0.0,0.0,0.0
913,520,Gymnocladus',0,0,0,0,0,0,0,0.0,0.0,0.0,0.0,0.0,0.0,0.0,0.0
913,520,Halesia',0,0,0,0,0,0,0,0.0,0.0,0.0,0.0,0.0,0.0,0.0,0.0
913,520,Ilex',0,0,0,0,0,0,0,0.0,0.0,0.0,0.0,0.0,0.0,0.0,0.0
913,520,Juglans',0,0,0,0,0,0,0,0.0,0.0,0.0,0.0,0.0,0.0,0.0,0.0
913,520,Juniperus',0,75,46,0,0,0,0,16.128543853759766,6.032740592956543,72.21677165031433,0.5088949705295023,560.2067970180511,5940.689568123133,0.0022880351312706895,23.43549440590277
913,520,Larix',0,0,0,0,0,0,0,0.0,0.0,0.0,0.0,0.0,0.0,0.0,0.0
913,520,Liquidambar',0,0,0,0,0,0,0,0.0,0.0,0.0,0.0,0.0,0.0,0.0,0.0
913,520,Liriodendron',0,0,0,0,0,0,0,0.0,0.0,0.0,0.0,0.0,0.0,0.0,0.0
913,520,Lithocarpus',0,77,32,3,0,0,0,33.88039016723633,16.44367027282715,28.76757756501436,0.719182253590113,1048.2432301858069,14556.73694923169,0.00274496115752992,35.87471302794067
913,520,Maclura',0,0,0,0,0,0,0,0.0,0.0,0.0,0.0,0.0,0.0,0.0,0.0
913,520,Magnolia',0,0,0,0,0,0,0,0.0,0.0,0.0,0.0,0.0,0.0,0.0,0.0
913,520,Malus',0,0,0,0,0,0,0,0.0,0.0,0.0,0.0,0.0,0.0,0.0,0.0
913,520,Morus',0,0,0,0,0,0,0,0.0,0.0,0.0,0.0,0.0,0.0,0.0,0.0
913,520,Nyssa',0,0,0,0,0,0,0,0.0,0.0,0.0,0.0,0.0,0.0,0.0,0.0
913,520,Olneya',0,0,0,0,0,0,0,0.0,0.0,0.0,0.0,0.0,0.0,0.0,0.0
913,520,Ostrya',0,0,0,0,0,0,0,0.0,0.0,0.0,0.0,0.0,0.0,0.0,0.0
913,520,Oxydendron',0,0,0,0,0,0,0,0.0,0.0,0.0,0.0,0.0,0.0,0.0,0.0
913,520,Paulownia',0,0,0,0,0,0,0,0.0,0.0,0.0,0.0,0.0,0.0,0.0,0.0
913,520,Persea',0,0,0,0,0,0,0,0.0,0.0,0.0,0.0,0.0,0.0,0.0,0.0
913,520,Picea',0,0,0,0,0,0,0,0.0,0.0,0.0,0.0,0.0,0.0,0.0,0.0
913,520,Pinus',0,3640,2809,294,3,0,1,172.6482391357422,33.8044548034668,2382.2806060589846,89.74354921797891,94358.90955337718,246316.3037434707,0.2440971863560472,570.5693218587433
913,520,Planera',0,0,0,0,0,0,0,0.0,0.0,0.0,0.0,0.0,0.0,0.0,0.0
913,520,Platanus',0,0,0,0,0,0,0,0.0,0.0,0.0,0.0,0.0,0.0,0.0,0.0
913,520,Populus',0,468,0,0,0,0,0,4.499291896820068,2.785120725631714,106.55935998581631,0.191737316042263,313.90731462419035,2080.704341704817,0.00223155300420452,15.743289827860325
913,520,Prosopis',0,0,0,0,0,0,0,0.0,0.0,0.0,0.0,0.0,0.0,0.0,0.0
913,520,Prunus',0,0,0,0,0,0,0,0.0,0.0,0.0,0.0,0.0,0.0,0.0,0.0
913,520,Pseudotsuga',0,0,0,0,0,0,0,0.0,0.0,0.0,0.0,0.0,0.0,0.0,0.0
913,520,Quercus',0,62,22,0,0,0,0,12.509587287902832,5.750831604003906,37.69044203471533,0.48683941884974996,472.3925070309639,6828.487437192191,0.0015923359870985113,21.855146270018835
913,520,Robinia',0,0,0,0,0,0,0,0.0,0.0,0.0,0.0,0.0,0.0,0.0,0.0
913,520,Salix',0,385,0,0,0,0,0,7.337377071380615,5.569490432739258,66.510035925533,0.3520244587964711,295.81756791226564,2245.260019675401,0.001614821295445201,11.977175866998856
913,520,Sassafras',0,0,0,0,0,0,0,0.0,0.0,0.0,0.0,0.0,0.0,0.0,0.0
913,520,Sequoia',0,0,0,0,0,0,0,0.0,0.0,0.0,0.0,0.0,0.0,0.0,0.0
913,520,Sequoiadendron',0,0,0,0,0,0,0,0.0,0.0,0.0,0.0,0.0,0.0,0.0,0.0
913,520,Sorbus',0,0,0,0,0,0,0,0.0,0.0,0.0,0.0,0.0,0.0,0.0,0.0
913,520,Taxodium',0,0,0,0,0,0,0,0.0,0.0,0.0,0.0,0.0,0.0,0.0,0.0
913,520,Taxus',0,0,0,0,0,0,0,0.0,0.0,0.0,0.0,0.0,0.0,0.0,0.0
913,520,Thuja',0,0,0,0,0,0,0,0.0,0.0,0.0,0.0,0.0,0.0,0.0,0.0
913,520,Tilia',0,0,0,0,0,0,0,0.0,0.0,0.0,0.0,0.0,0.0,0.0,0.0
913,520,Torreya',0,0,0,0,0,0,0,0.0,0.0,0.0,0.0,0.0,0.0,0.0,0.0
913,520,Tsuga',0,0,0,0,0,0,0,0.0,0.0,0.0,0.0,0.0,0.0,0.0,0.0
913,520,Ulmus',0,0,0,0,0,0,0,0.0,0.0,0.0,0.0,0.0,0.0,0.0,0.0
913,520,Umbellularia',0,38,0,0,0,0,0,2.7908384799957275,2.653394937515259,10.464821701049804,0.02368615870003445,42.04395738601685,940.1314675823719,0.00024458955051253413,5.469188615321377
913,530,Abies',0,39,74,0,0,1,0,83.8519287109375,29.530742645263672,39.560204949378964,1.574052668595311,2153.0601932764052,36279.445583629706,0.005356003421572347,83.47251875599744
913,530,Acer',0,157,20,0,0,0,0,22.41366195678711,10.368648529052734,39.24367430985351,0.331828934288295,346.4475347802043,3754.713103137069,0.0013348178816596035,12.417256075834613
913,530,Aesculus',0,0,0,0,0,0,0,0.0,0.0,0.0,0.0,0.0,0.0,0.0,0.0
913,530,Ailanthus',0,0,0,0,0,0,0,0.0,0.0,0.0,0.0,0.0,0.0,0.0,0.0
913,530,Alnus',0,2624,220,0,0,0,0,17.082475662231445,12.338659286499023,618.5579511028113,4.275292401006153,3684.1561148875953,11118.84226937732,0.01709149899413319,40.85221644004669
913,530,Amelanchier',0,0,0,0,0,0,0,0.0,0.0,0.0,0.0,0.0,0.0,0.0,0.0
913,530,Arbutus',0,62,26,0,0,0,0,24.273151397705078,15.84511661529541,23.221002883315084,1.0788942055368196,1638.0516436761618,25034.94651673111,0.003975529131241163,58.14621625042751
913,530,Asimina',0,0,0,0,0,0,0,0.0,0.0,0.0,0.0,0.0,0.0,0.0,0.0
913,530,Betula',0,0,0,0,0,0,0,0.0,0.0,0.0,0.0,0.0,0.0,0.0,0.0
913,530,Calocedrus',0,76,156,0,0,4,0,76.09139251708984,26.71929168701172,99.523331553936,6.021704841842488,6493.306483418942,59090.42122047417,0.015867129279966183,137.35710420234722
913,530,Carpinus',0,0,0,0,0,0,0,0.0,0.0,0.0,0.0,0.0,0.0,0.0,0.0
913,530,Carya',0,0,0,0,0,0,0,0.0,0.0,0.0,0.0,0.0,0.0,0.0,0.0
913,530,Castanea',0,0,0,0,0,0,0,0.0,0.0,0.0,0.0,0.0,0.0,0.0,0.0
913,530,Catalpa',0,0,0,0,0,0,0,0.0,0.0,0.0,0.0,0.0,0.0,0.0,0.0
913,530,Celtis',0,0,0,0,0,0,0,0.0,0.0,0.0,0.0,0.0,0.0,0.0,0.0
913,530,Cercis',0,0,0,0,0,0,0,0.0,0.0,0.0,0.0,0.0,0.0,0.0,0.0
913,530,Cercocarpus',0,60,0,0,0,0,0,5.586350440979004,3.5844357013702393,23.815864830017087,0.08813349865547067,170.79725048065185,2702.4549885786455,0.0007235563877026225,11.482892030095996
913,530,Chamaecyparis',0,0,0,0,0,0,0,0.0,0.0,0.0,0.0,0.0,0.0,0.0,0.0
913,530,Chilopsis',0,0,0,0,0,0,0,0.0,0.0,0.0,0.0,0.0,0.0,0.0,0.0
913,530,Chrysolepis',0,90,57,17,0,0,2,91.48249053955078,28.468984603881836,107.93444358944892,4.998655499352586,7866.37831541419,95086.69155971408,0.019039893874149772,214.87927333489708
913,530,Cladrastis',0,0,0,0,0,0,0,0.0,0.0,0.0,0.0,0.0,0.0,0.0,0.0
913,530,Comus',0,0,0,0,0,0,0,0.0,0.0,0.0,0.0,0.0,0.0,0.0,0.0
913,530,Cornus',0,0,0,0,0,0,0,0.0,0.0,0.0,0.0,0.0,0.0,0.0,0.0
913,530,Crataegus',0,0,0,0,0,0,0,0.0,0.0,0.0,0.0,0.0,0.0,0.0,0.0
913,530,Cupressus',0,0,0,0,0,0,0,0.0,0.0,0.0,0.0,0.0,0.0,0.0,0.0
913,530,Diospyros',0,0,0,0,0,0,0,0.0,0.0,0.0,0.0,0.0,0.0,0.0,0.0
913,530,Elaeagnus',0,0,0,0,0,0,0,0.0,0.0,0.0,0.0,0.0,0.0,0.0,0.0
913,530,Fagus',0,0,0,0,0,0,0,0.0,0.0,0.0,0.0,0.0,0.0,0.0,0.0
913,530,Fraxinus',0,0,0,0,0,0,0,0.0,0.0,0.0,0.0,0.0,0.0,0.0,0.0
913,530,Gleditsia',0,0,0,0,0,0,0,0.0,0.0,0.0,0.0,0.0,0.0,0.0,0.0
913,530,Gordonia',0,0,0,0,0,0,0,0.0,0.0,0.0,0.0,0.0,0.0,0.0,0.0
913,530,Gymnocladus',0,0,0,0,0,0,0,0.0,0.0,0.0,0.0,0.0,0.0,0.0,0.0
913,530,Halesia',0,0,0,0,0,0,0,0.0,0.0,0.0,0.0,0.0,0.0,0.0,0.0
913,530,Ilex',0,0,0,0,0,0,0,0.0,0.0,0.0,0.0,0.0,0.0,0.0,0.0
913,530,Juglans',0,0,0,0,0,0,0,0.0,0.0,0.0,0.0,0.0,0.0,0.0,0.0
913,530,Juniperus',0,148,25,0,0,0,0,19.412466049194336,6.774104118347168,96.15947509765624,0.6374723610992653,734.03900680542,8022.420921908897,0.0030201679559772286,29.082106254444934
913,530,Larix',0,0,0,0,0,0,0,0.0,0.0,0.0,0.0,0.0,0.0,0.0,0.0
913,530,Liquidambar',0,0,0,0,0,0,0,0.0,0.0,0.0,0.0,0.0,0.0,0.0,0.0
913,530,Liriodendron',0,0,0,0,0,0,0,0.0,0.0,0.0,0.0,0.0,0.0,0.0,0.0
913,530,Lithocarpus',0,19,12,3,0,0,0,36.06441116333008,17.14923858642578,19.09124074935913,0.5544682381710557,909.8812567710877,15474.958618579334,0.0022977207204302142,36.503230752365845
913,530,Maclura',0,0,0,0,0,0,0,0.0,0.0,0.0,0.0,0.0,0.0,0.0,0.0
913,530,Magnolia',0,0,0,0,0,0,0,0.0,0.0,0.0,0.0,0.0,0.0,0.0,0.0
913,530,Malus',0,0,0,0,0,0,0,0.0,0.0,0.0,0.0,0.0,0.0,0.0,0.0
913,530,Morus',0,0,0,0,0,0,0,0.0,0.0,0.0,0.0,0.0,0.0,0.0,0.0
913,530,Nyssa',0,0,0,0,0,0,0,0.0,0.0,0.0,0.0,0.0,0.0,0.0,0.0
913,530,Olneya',0,0,0,0,0,0,0,0.0,0.0,0.0,0.0,0.0,0.0,0.0,0.0
913,530,Ostrya',0,0,0,0,0,0,0,0.0,0.0,0.0,0.0,0.0,0.0,0.0,0.0
913,530,Oxydendron',0,0,0,0,0,0,0,0.0,0.0,0.0,0.0,0.0,0.0,0.0,0.0
913,530,Paulownia',0,0,0,0,0,0,0,0.0,0.0,0.0,0.0,0.0,0.0,0.0,0.0
913,530,Persea',0,0,0,0,0,0,0,0.0,0.0,0.0,0.0,0.0,0.0,0.0,0.0
913,530,Picea',0,0,0,0,0,0,0,0.0,0.0,0.0,0.0,0.0,0.0,0.0,0.0
913,530,Pinus',0,3391,2870,239,0,0,1,175.0078887939453,33.87419509887695,2125.0729436030983,85.5836921821424,89160.04253198177,234709.5430280711,0.22882892603655744,538.0251898288566
913,530,Planera',0,0,0,0,0,0,0,0.0,0.0,0.0,0.0,0.0,0.0,0.0,0.0
913,530,Platanus',0,0,0,0,0,0,0,0.0,0.0,0.0,0.0,0.0,0.0,0.0,0.0
913,530,Populus',0,462,0,0,0,0,0,7.731556415557861,3.798758029937744,151.75687595447405,0.328202376559812,445.31575351119045,2457.453595878094,0.003174215103496796,18.160649648942297
913,530,Prosopis',0,0,0,0,0,0,0,0.0,0.0,0.0,0.0,0.0,0.0,0.0,0.0
913,530,Prunus',0,0,0,0,0,0,0,0.0,0.0,0.0,0.0,0.0,0.0,0.0,0.0
913,530,Pseudotsuga',0,0,0,0,0,0,0,0.0,0.0,0.0,0.0,0.0,0.0,0.0,0.0
913,530,Quercus',0,80,23,0,0,0,0,9.790288925170898,5.605773448944092,43.957908233698404,0.3812477347982148,389.26180764496326,4951.374817489715,0.0014172947912433505,16.610658973779643
913,530,Robinia',0,0,0,0,0,0,0,0.0,0.0,0.0,0.0,0.0,0.0,0.0,0.0
913,530,Salix',0,372,14,0,0,0,0,10.871620178222656,7.393176078796387,92.4437526877545,0.7421884889713527,561.7589574569464,4302.832286627119,0.002579132416955435,17.090153815518544
913,530,Sassafras',0,0,0,0,0,0,0,0.0,0.0,0.0,0.0,0.0,0.0,0.0,0.0
913,530,Sequoia',0,0,0,0,0,0,0,0.0,0.0,0.0,0.0,0.0,0.0,0.0,0.0
913,530,Sequoiadendron',0,0,0,0,0,0,0,0.0,0.0,0.0,0.0,0.0,0.0,0.0,0.0
913,530,Sorbus',0,0,0,0,0,0,0,0.0,0.0,0.0,0.0,0.0,0.0,0.0,0.0
913,530,Taxodium',0,0,0,0,0,0,0,0.0,0.0,0.0,0.0,0.0,0.0,0.0,0.0
913,530,Taxus',0,0,0,0,0,0,0,0.0,0.0,0.0,0.0,0.0,0.0,0.0,0.0
913,530,Thuja',0,0,0,0,0,0,0,0.0,0.0,0.0,0.0,0.0,0.0,0.0,0.0
913,530,Tilia',0,0,0,0,0,0,0,0.0,0.0,0.0,0.0,0.0,0.0,0.0,0.0
913,530,Torreya',0,0,0,0,0,0,0,0.0,0.0,0.0,0.0,0.0,0.0,0.0,0.0
913,530,Tsuga',0,0,0,0,0,0,0,0.0,0.0,0.0,0.0,0.0,0.0,0.0,0.0
913,530,Ulmus',0,0,0,0,0,0,0,0.0,0.0,0.0,0.0,0.0,0.0,0.0,0.0
913,530,Umbellularia',0,0,0,0,0,0,0,0.0,0.0,0.0,0.0,0.0,0.0,0.0,0.0
913,540,Abies',0,95,52,0,0,1,0,86.6436996459961,29.86946678161621,47.14796677350998,1.7350143806607707,2397.709165253043,39517.25983640727,0.006009268663549322,91.28078900253627
913,540,Acer',0,114,26,0,0,0,0,24.57010841369629,11.102944374084473,54.24668384692336,0.5451444567231897,518.154327455759,5292.029063051395,0.0019323651916477805,16.121709183366114
913,540,Aesculus',0,0,0,0,0,0,0,0.0,0.0,0.0,0.0,0.0,0.0,0.0,0.0
913,540,Ailanthus',0,0,0,0,0,0,0,0.0,0.0,0.0,0.0,0.0,0.0,0.0,0.0
913,540,Alnus',0,2160,119,0,0,0,0,14.59475040435791,10.985563278198242,548.8231607611419,3.9905953371275746,3438.6438977898656,11020.326271454816,0.015542045267744591,40.2634683825229
913,540,Amelanchier',0,0,0,0,0,0,0,0.0,0.0,0.0,0.0,0.0,0.0,0.0,0.0
913,540,Arbutus',0,62,0,0,0,0,0,7.907184600830078,6.944250106811523,10.122348804473877,0.12330266300236652,152.60203882664442,3340.4010546770487,0.0004853273562457186,10.691971714636633
913,540,Asimina',0,0,0,0,0,0,0,0.0,0.0,0.0,0.0,0.0,0.0,0.0,0.0
913,540,Betula',0,0,0,0,0,0,0,0.0,0.0,0.0,0.0,0.0,0.0,0.0,0.0
913,540,Calocedrus',0,95,169,8,0,2,0,76.9638442993164,26.855510711669922,95.33159895062447,4.451300605152659,4693.09763381362,52809.241129889786,0.011806118025380502,121.05048324692632
913,540,Carpinus',0,0,0,0,0,0,0,0.0,0.0,0.0,0.0,0.0,0.0,0.0,0.0
913,540,Carya',0,0,0,0,0,0,0,0.0,0.0,0.0,0.0,0.0,0.0,0.0,0.0
913,540,Castanea',0,0,0,0,0,0,0,0.0,0.0,0.0,0.0,0.0,0.0,0.0,0.0
913,540,Catalpa',0,0,0,0,0,0,0,0.0,0.0,0.0,0.0,0.0,0.0,0.0,0.0
913,540,Celtis',0,0,0,0,0,0,0,0.0,0.0,0.0,0.0,0.0,0.0,0.0,0.0
913,540,Cercis',0,0,0,0,0,0,0,0.0,0.0,0.0,0.0,0.0,0.0,0.0,0.0
913,540,Cercocarpus',0,23,0,0,0,0,0,7.352137088775635,4.199634552001953,5.345526695251465,0.09781366881825711,132.4012798690796,2960.582620952346,0.00037143823385238595,8.305611403364024
913,540,Chamaecyparis',0,0,0,0,0,0,0,0.0,0.0,0.0,0.0,0.0,0.0,0.0,0.0
913,540,Chilopsis',0,0,0,0,0,0,0,0.0,0.0,0.0,0.0,0.0,0.0,0.0,0.0
913,540,Chrysolepis',0,63,89,15,3,0,2,93.09568786621094,28.66317367553711,84.99932984054088,5.760536009772255,8841.826216766238,100926.68255668941,0.02087627077789606,227.6809676716216
913,540,Cladrastis',0,0,0,0,0,0,0,0.0,0.0,0.0,0.0,0.0,0.0,0.0,0.0
913,540,Comus',0,0,0,0,0,0,0,0.0,0.0,0.0,0.0,0.0,0.0,0.0,0.0
913,540,Cornus',0,0,0,0,0,0,0,0.0,0.0,0.0,0.0,0.0,0.0,0.0,0.0
913,540,Crataegus',0,0,0,0,0,0,0,0.0,0.0,0.0,0.0,0.0,0.0,0.0,0.0
913,540,Cupressus',0,12,0,0,0,0,0,3.083540439605713,2.412713050842285,4.472863636016846,0.009080771615453094,16.08103635787964,359.5829044486477,0.00010034366638461716,2.2437525914756535
913,540,Diospyros',0,0,0,0,0,0,0,0.0,0.0,0.0,0.0,0.0,0.0,0.0,0.0
913,540,Elaeagnus',0,0,0,0,0,0,0,0.0,0.0,0.0,0.0,0.0,0.0,0.0,0.0
913,540,Fagus',0,0,0,0,0,0,0,0.0,0.0,0.0,0.0,0.0,0.0,0.0,0.0
913,540,Fraxinus',0,24,0,0,0,0,0,1.9051496982574463,2.2328648567199707,0.0,0.0069442504865867664,10.93741424202919,244.56801743252043,2.430536514613777e-05,0.5434844868471899
913,540,Gleditsia',0,0,0,0,0,0,0,0.0,0.0,0.0,0.0,0.0,0.0,0.0,0.0
913,540,Gordonia',0,0,0,0,0,0,0,0.0,0.0,0.0,0.0,0.0,0.0,0.0,0.0
913,540,Gymnocladus',0,0,0,0,0,0,0,0.0,0.0,0.0,0.0,0.0,0.0,0.0,0.0
913,540,Halesia',0,0,0,0,0,0,0,0.0,0.0,0.0,0.0,0.0,0.0,0.0,0.0
913,540,Ilex',0,0,0,0,0,0,0,0.0,0.0,0.0,0.0,0.0,0.0,0.0,0.0
913,540,Juglans',0,0,0,0,0,0,0,0.0,0.0,0.0,0.0,0.0,0.0,0.0,0.0
913,540,Juniperus',0,158,0,0,0,0,0,5.2235798835754395,2.9098169803619385,135.38720046281813,0.2780986733647084,502.5920046544075,4812.734948665191,0.0030724640041837996,29.46473963214064
913,540,Larix',0,0,0,0,0,0,0,0.0,0.0,0.0,0.0,0.0,0.0,0.0,0.0
913,540,Liquidambar',0,0,0,0,0,0,0,0.0,0.0,0.0,0.0,0.0,0.0,0.0,0.0
913,540,Liriodendron',0,0,0,0,0,0,0,0.0,0.0,0.0,0.0,0.0,0.0,0.0,0.0
913,540,Lithocarpus',0,19,12,3,0,0,0,38.12912368774414,17.792293548583984,15.591786246299742,0.6831925845779655,1103.4614949560166,18223.476361189423,0.0026773513000011503,43.02417675860092
913,540,Maclura',0,0,0,0,0,0,0,0.0,0.0,0.0,0.0,0.0,0.0,0.0,0.0
913,540,Magnolia',0,0,0,0,0,0,0,0.0,0.0,0.0,0.0,0.0,0.0,0.0,0.0
913,540,Malus',0,0,0,0,0,0,0,0.0,0.0,0.0,0.0,0.0,0.0,0.0,0.0
913,540,Morus',0,0,0,0,0,0,0,0.0,0.0,0.0,0.0,0.0,0.0,0.0,0.0
913,540,Nyssa',0,0,0,0,0,0,0,0.0,0.0,0.0,0.0,0.0,0.0,0.0,0.0
913,540,Olneya',0,0,0,0,0,0,0,0.0,0.0,0.0,0.0,0.0,0.0,0.0,0.0
913,540,Ostrya',0,0,0,0,0,0,0,0.0,0.0,0.0,0.0,0.0,0.0,0.0,0.0
913,540,Oxydendron',0,0,0,0,0,0,0,0.0,0.0,0.0,0.0,0.0,0.0,0.0,0.0
913,540,Paulownia',0,0,0,0,0,0,0,0.0,0.0,0.0,0.0,0.0,0.0,0.0,0.0
913,540,Persea',0,0,0,0,0,0,0,0.0,0.0,0.0,0.0,0.0,0.0,0.0,0.0
913,540,Picea',0,0,0,0,0,0,0,0.0,0.0,0.0,0.0,0.0,0.0,0.0,0.0
913,540,Pinus',0,3327,3138,236,6,0,1,177.03955078125,33.932010650634766,2213.233763854131,89.68199365608034,94263.5323537197,245339.793475785,0.241443449972701,563.8721652420743
913,540,Planera',0,0,0,0,0,0,0,0.0,0.0,0.0,0.0,0.0,0.0,0.0,0.0
913,540,Platanus',0,0,0,0,0,0,0,0.0,0.0,0.0,0.0,0.0,0.0,0.0,0.0
913,540,Populus',0,496,31,0,0,0,0,13.069265365600586,5.380618572235107,197.96105032338747,0.6654848793675865,685.8660197779536,3765.1195589968142,0.004373906007977929,23.96297853852087
913,540,Prosopis',0,0,0,0,0,0,0,0.0,0.0,0.0,0.0,0.0,0.0,0.0,0.0
913,540,Prunus',0,0,0,0,0,0,0,0.0,0.0,0.0,0.0,0.0,0.0,0.0,0.0
913,540,Pseudotsuga',0,0,0,0,0,0,0,0.0,0.0,0.0,0.0,0.0,0.0,0.0,0.0
913,540,Quercus',0,59,23,0,0,0,0,11.591131210327148,6.3367133140563965,38.537872901917254,0.3644107137336451,382.73057954341175,5345.292157204867,0.0012918547146767354,15.735818329578827
913,540,Robinia',0,0,0,0,0,0,0,0.0,0.0,0.0,0.0,0.0,0.0,0.0,0.0
913,540,Salix',0,457,70,0,0,0,0,9.968783378601074,6.940676689147949,79.84576135213617,0.7112210990972292,542.1903210020065,4864.400176893321,0.0023542914846417283,17.412242047778207
913,540,Sassafras',0,0,0,0,0,0,0,0.0,0.0,0.0,0.0,0.0,0.0,0.0,0.0
913,540,Sequoia',0,0,0,0,0,0,0,0.0,0.0,0.0,0.0,0.0,0.0,0.0,0.0
913,540,Sequoiadendron',0,0,0,0,0,0,0,0.0,0.0,0.0,0.0,0.0,0.0,0.0,0.0
913,540,Sorbus',0,0,0,0,0,0,0,0.0,0.0,0.0,0.0,0.0,0.0,0.0,0.0
913,540,Taxodium',0,0,0,0,0,0,0,0.0,0.0,0.0,0.0,0.0,0.0,0.0,0.0
913,540,Taxus',0,0,0,0,0,0,0,0.0,0.0,0.0,0.0,0.0,0.0,0.0,0.0
913,540,Thuja',0,0,0,0,0,0,0,0.0,0.0,0.0,0.0,0.0,0.0,0.0,0.0
913,540,Tilia',0,0,0,0,0,0,0,0.0,0.0,0.0,0.0,0.0,0.0,0.0,0.0
913,540,Torreya',0,0,0,0,0,0,0,0.0,0.0,0.0,0.0,0.0,0.0,0.0,0.0
913,540,Tsuga',0,0,0,0,0,0,0,0.0,0.0,0.0,0.0,0.0,0.0,0.0,0.0
913,540,Ulmus',0,0,0,0,0,0,0,0.0,0.0,0.0,0.0,0.0,0.0,0.0,0.0
913,540,Umbellularia',0,0,0,0,0,0,0,0.0,0.0,0.0,0.0,0.0,0.0,0.0,0.0
913,550,Abies',0,27,43,0,0,0,1,89.15292358398438,30.157629013061523,24.817509315609932,1.6990222311326963,2437.5183538025617,42019.57805887389,0.005775182219975465,95.84808812091111
913,550,Acer',0,75,10,0,0,0,0,15.259706497192383,7.771024227142334,28.69238910630722,0.19720599983769624,214.56049451664092,2715.233734483262,0.000889843995822595,10.994374506326691
913,550,Aesculus',0,0,0,0,0,0,0,0.0,0.0,0.0,0.0,0.0,0.0,0.0,0.0
913,550,Ailanthus',0,0,0,0,0,0,0,0.0,0.0,0.0,0.0,0.0,0.0,0.0,0.0
913,550,Alnus',0,2406,138,0,0,0,0,15.079249382019043,11.255131721496582,587.8320766881673,4.081607164756763,3522.4210382056235,11757.411054178792,0.01628977164091403,41.33944079067311
913,550,Amelanchier',0,0,0,0,0,0,0,0.0,0.0,0.0,0.0,0.0,0.0,0.0,0.0
913,550,Arbutus',0,113,0,0,0,0,0,3.7950029373168945,4.135813236236572,20.88330911397934,0.07556464068898518,115.69387068510056,1627.6090448841692,0.000558745279939225,7.754170339101776
913,550,Asimina',0,0,0,0,0,0,0,0.0,0.0,0.0,0.0,0.0,0.0,0.0,0.0
913,550,Betula',0,0,0,0,0,0,0,0.0,0.0,0.0,0.0,0.0,0.0,0.0,0.0
913,550,Calocedrus',0,160,143,8,0,2,0,79.25137329101562,27.202783584594727,88.73116804003715,4.807206786995514,5085.189156957865,57104.2406112628,0.012582092697174266,131.4705730726668
913,550,Carpinus',0,0,0,0,0,0,0,0.0,0.0,0.0,0.0,0.0,0.0,0.0,0.0
913,550,Carya',0,0,0,0,0,0,0,0.0,0.0,0.0,0.0,0.0,0.0,0.0,0.0
913,550,Castanea',0,0,0,0,0,0,0,0.0,0.0,0.0,0.0,0.0,0.0,0.0,0.0
913,550,Catalpa',0,0,0,0,0,0,0,0.0,0.0,0.0,0.0,0.0,0.0,0.0,0.0
913,550,Celtis',0,0,0,0,0,0,0,0.0,0.0,0.0,0.0,0.0,0.0,0.0,0.0
913,550,Cercis',0,0,0,0,0,0,0,0.0,0.0,0.0,0.0,0.0,0.0,0.0,0.0
913,550,Cercocarpus',0,44,0,0,0,0,0,3.547353982925415,2.813447952270508,20.019510746002197,0.042765592910449304,106.87202928543091,1688.2312217153947,0.0005266641091307002,8.319630958200511
913,550,Chamaecyparis',0,0,0,0,0,0,0,0.0,0.0,0.0,0.0,0.0,0.0,0.0,0.0
913,550,Chilopsis',0,0,0,0,0,0,0,0.0,0.0,0.0,0.0,0.0,0.0,0.0,0.0
913,550,Chrysolepis',0,63,89,15,3,0,2,94.72482299804688,28.8538818359375,77.29296552240848,6.6742721945592836,10032.530777431131,107119.8588162739,0.02341096717824536,240.96956362553684
913,550,Cladrastis',0,0,0,0,0,0,0,0.0,0.0,0.0,0.0,0.0,0.0,0.0,0.0
913,550,Comus',0,0,0,0,0,0,0,0.0,0.0,0.0,0.0,0.0,0.0,0.0,0.0
913,550,Cornus',0,0,0,0,0,0,0,0.0,0.0,0.0,0.0,0.0,0.0,0.0,0.0
913,550,Crataegus',0,0,0,0,0,0,0,0.0,0.0,0.0,0.0,0.0,0.0,0.0,0.0
913,550,Cupressus',0,0,0,0,0,0,0,0.0,0.0,0.0,0.0,0.0,0.0,0.0,0.0
913,550,Diospyros',0,0,0,0,0,0,0,0.0,0.0,0.0,0.0,0.0,0.0,0.0,0.0
913,550,Elaeagnus',0,0,0,0,0,0,0,0.0,0.0,0.0,0.0,0.0,0.0,0.0,0.0
913,550,Fagus',0,0,0,0,0,0,0,0.0,0.0,0.0,0.0,0.0,0.0,0.0,0.0
913,550,Fraxinus',0,24,0,0,0,0,0,4.73462438583374,3.548053741455078,6.134642587998244,0.04288824020297944,42.61404830396175,952.8790880411966,0.0001830094706621042,4.092216169267178
913,550,Gleditsia',0,0,0,0,0,0,0,0.0,0.0,0.0,0.0,0.0,0.0,0.0,0.0
913,550,Gordonia',0,0,0,0,0,0,0,0.0,0.0,0.0,0.0,0.0,0.0,0.0,0.0
913,550,Gymnocladus',0,0,0,0,0,0,0,0.0,0.0,0.0,0.0,0.0,0.0,0.0,0.0
913,550,Halesia',0,0,0,0,0,0,0,0.0,0.0,0.0,0.0,0.0,0.0,0.0,0.0
913,550,Ilex',0,0,0,0,0,0,0,0.0,0.0,0.0,0.0,0.0,0.0,0.0,0.0
913,550,Juglans',0,0,0,0,0,0,0,0.0,0.0,0.0,0.0,0.0,0.0,0.0,0.0
913,550,Juniperus',0,195,9,0,0,0,0,9.644427299499512,4.366965293884277,169.4223910343647,0.4479261431029538,705.6194122970104,6424.340634078808,0.004015255447143077,38.25531802247102
913,550,Larix',0,0,0,0,0,0,0,0.0,0.0,0.0,0.0,0.0,0.0,0.0,0.0
913,550,Liquidambar',0,0,0,0,0,0,0,0.0,0.0,0.0,0.0,0.0,0.0,0.0,0.0
913,550,Liriodendron',0,0,0,0,0,0,0,0.0,0.0,0.0,0.0,0.0,0.0,0.0,0.0
913,550,Lithocarpus',0,29,32,3,0,0,0,39.98985290527344,18.352548599243164,19.2881589615345,0.8388100700996882,1347.8829539906978,20860.221903197147,0.003273902197707745,48.60763632456979
913,550,Maclura',0,0,0,0,0,0,0,0.0,0.0,0.0,0.0,0.0,0.0,0.0,0.0
913,550,Magnolia',0,0,0,0,0,0,0,0.0,0.0,0.0,0.0,0.0,0.0,0.0,0.0
913,550,Malus',0,0,0,0,0,0,0,0.0,0.0,0.0,0.0,0.0,0.0,0.0,0.0
913,550,Morus',0,0,0,0,0,0,0,0.0,0.0,0.0,0.0,0.0,0.0,0.0,0.0
913,550,Nyssa',0,0,0,0,0,0,0,0.0,0.0,0.0,0.0,0.0,0.0,0.0,0.0
913,550,Olneya',0,0,0,0,0,0,0,0.0,0.0,0.0,0.0,0.0,0.0,0.0,0.0
913,550,Ostrya',0,0,0,0,0,0,0,0.0,0.0,0.0,0.0,0.0,0.0,0.0,0.0
913,550,Oxydendron',0,0,0,0,0,0,0,0.0,0.0,0.0,0.0,0.0,0.0,0.0,0.0
913,550,Paulownia',0,0,0,0,0,0,0,0.0,0.0,0.0,0.0,0.0,0.0,0.0,0.0
913,550,Persea',0,0,0,0,0,0,0,0.0,0.0,0.0,0.0,0.0,0.0,0.0,0.0
913,550,Picea',0,0,0,0,0,0,0,0.0,0.0,0.0,0.0,0.0,0.0,0.0,0.0
913,550,Pinus',0,3515,3082,205,10,0,1,178.0891571044922,33.961097717285156,2328.467616617307,88.84947768691407,93696.37310827545,242094.08689641976,0.241847583772744,557.088607328891
913,550,Planera',0,0,0,0,0,0,0,0.0,0.0,0.0,0.0,0.0,0.0,0.0,0.0
913,550,Platanus',0,0,0,0,0,0,0,0.0,0.0,0.0,0.0,0.0,0.0,0.0,0.0
913,550,Populus',0,520,11,0,0,0,0,10.71939754486084,4.697964668273926,111.66980052437584,0.28579890034220884,392.26302812725305,2250.253431176009,0.002479244421614105,14.504843288322096
913,550,Prosopis',0,0,0,0,0,0,0,0.0,0.0,0.0,0.0,0.0,0.0,0.0,0.0
913,550,Prunus',0,0,0,0,0,0,0,0.0,0.0,0.0,0.0,0.0,0.0,0.0,0.0
913,550,Pseudotsuga',0,0,0,0,0,0,0,0.0,0.0,0.0,0.0,0.0,0.0,0.0,0.0
913,550,Quercus',0,21,46,0,0,0,0,13.089715957641602,6.931353569030762,30.942319308560858,0.5396696626686472,524.3994898948074,7363.357386086101,0.0016107640819400543,21.041277528676503
913,550,Robinia',0,0,0,0,0,0,0,0.0,0.0,0.0,0.0,0.0,0.0,0.0,0.0
913,550,Salix',0,444,4,0,0,0,0,10.13060474395752,7.02244234085083,87.29294419925235,0.3392983546354551,328.07493548884986,2201.1090532629196,0.0019856858383947885,12.359086841757211
913,550,Sassafras',0,0,0,0,0,0,0,0.0,0.0,0.0,0.0,0.0,0.0,0.0,0.0
913,550,Sequoia',0,0,0,0,0,0,0,0.0,0.0,0.0,0.0,0.0,0.0,0.0,0.0
913,550,Sequoiadendron',0,0,0,0,0,0,0,0.0,0.0,0.0,0.0,0.0,0.0,0.0,0.0
913,550,Sorbus',0,0,0,0,0,0,0,0.0,0.0,0.0,0.0,0.0,0.0,0.0,0.0
913,550,Taxodium',0,0,0,0,0,0,0,0.0,0.0,0.0,0.0,0.0,0.0,0.0,0.0
913,550,Taxus',0,0,0,0,0,0,0,0.0,0.0,0.0,0.0,0.0,0.0,0.0,0.0
913,550,Thuja',0,0,0,0,0,0,0,0.0,0.0,0.0,0.0,0.0,0.0,0.0,0.0
913,550,Tilia',0,0,0,0,0,0,0,0.0,0.0,0.0,0.0,0.0,0.0,0.0,0.0
913,550,Torreya',0,0,0,0,0,0,0,0.0,0.0,0.0,0.0,0.0,0.0,0.0,0.0
913,550,Tsuga',0,0,0,0,0,0,0,0.0,0.0,0.0,0.0,0.0,0.0,0.0,0.0
913,550,Ulmus',0,0,0,0,0,0,0,0.0,0.0,0.0,0.0,0.0,0.0,0.0,0.0
913,550,Umbellularia',0,0,0,0,0,0,0,0.0,0.0,0.0,0.0,0.0,0.0,0.0,0.0
913,560,Abies',0,12,71,0,0,0,0,17.421926498413086,11.68246078491211,36.65760274231434,1.0018799088324652,869.4349706870318,10833.996629627069,0.002461576408992206,27.187419860168095
913,560,Acer',0,137,5,0,0,0,0,18.416614532470703,8.948793411254883,44.585775864086564,0.24358173361328725,269.5264471334219,3346.087216330843,0.0012407846831269604,13.064295721841699
913,560,Aesculus',0,0,0,0,0,0,0,0.0,0.0,0.0,0.0,0.0,0.0,0.0,0.0
913,560,Ailanthus',0,0,0,0,0,0,0,0.0,0.0,0.0,0.0,0.0,0.0,0.0,0.0
913,560,Alnus',0,2249,177,0,0,0,0,17.520729064941406,12.56919002532959,595.8420229328301,4.280311288574593,3765.594624890536,12838.448820674292,0.016945464960852544,43.30531496356948
913,560,Amelanchier',0,0,0,0,0,0,0,0.0,0.0,0.0,0.0,0.0,0.0,0.0,0.0
913,560,Arbutus',0,77,0,0,0,0,0,5.773146629333496,5.519634246826172,20.61301837325096,0.15224808180863372,188.17598351836205,3048.0233676908215,0.0007159124659349479,11.424540434444472
913,560,Asimina',0,0,0,0,0,0,0,0.0,0.0,0.0,0.0,0.0,0.0,0.0,0.0
913,560,Betula',0,0,0,0,0,0,0,0.0,0.0,0.0,0.0,0.0,0.0,0.0,0.0
913,560,Calocedrus',0,185,146,8,0,2,0,81.45983123779297,27.5248966217041,104.07919903337955,5.040510909373045,5352.1245047146085,59833.114978367215,0.013396976465864716,136.68779062628892
913,560,Carpinus',0,0,0,0,0,0,0,0.0,0.0,0.0,0.0,0.0,0.0,0.0,0.0
913,560,Carya',0,0,0,0,0,0,0,0.0,0.0,0.0,0.0,0.0,0.0,0.0,0.0
913,560,Castanea',0,0,0,0,0,0,0,0.0,0.0,0.0,0.0,0.0,0.0,0.0,0.0
913,560,Catalpa',0,0,0,0,0,0,0,0.0,0.0,0.0,0.0,0.0,0.0,0.0,0.0
913,560,Celtis',0,0,0,0,0,0,0,0.0,0.0,0.0,0.0,0.0,0.0,0.0,0.0
913,560,Cercis',0,0,0,0,0,0,0,0.0,0.0,0.0,0.0,0.0,0.0,0.0,0.0
913,560,Cercocarpus',0,44,0,0,0,0,0,6.193904876708984,3.8013975620269775,21.329705295562743,0.1295902611246557,210.25390161514284,3321.0733427950618,0.0007753266437451023,12.246774945752835
913,560,Chamaecyparis',0,0,0,0,0,0,0,0.0,0.0,0.0,0.0,0.0,0.0,0.0,0.0
913,560,Chilopsis',0,0,0,0,0,0,0,0.0,0.0,0.0,0.0,0.0,0.0,0.0,0.0
913,560,Chrysolepis',0,0,147,20,3,0,2,96.3865966796875,29.0429744720459,86.52805150806904,7.6678625045208175,11422.394090288282,114149.1429429934,0.02663294755786407,257.3601125350703
913,560,Cladrastis',0,0,0,0,0,0,0,0.0,0.0,0.0,0.0,0.0,0.0,0.0,0.0
913,560,Comus',0,0,0,0,0,0,0,0.0,0.0,0.0,0.0,0.0,0.0,0.0,0.0
913,560,Cornus',0,0,0,0,0,0,0,0.0,0.0,0.0,0.0,0.0,0.0,0.0,0.0
913,560,Crataegus',0,0,0,0,0,0,0,0.0,0.0,0.0,0.0,0.0,0.0,0.0,0.0
913,560,Cupressus',0,24,0,0,0,0,0,2.5,2.206407070159912,0.0,0.012252211349000274,17.708264923095705,395.968841316173,3.9351700991392133e-05,0.8799307844699857
913,560,Diospyros',0,0,0,0,0,0,0,0.0,0.0,0.0,0.0,0.0,0.0,0.0,0.0
913,560,Elaeagnus',0,0,0,0,0,0,0,0.0,0.0,0.0,0.0,0.0,0.0,0.0,0.0
913,560,Fagus',0,0,0,0,0,0,0,0.0,0.0,0.0,0.0,0.0,0.0,0.0,0.0
913,560,Fraxinus',0,24,0,0,0,0,0,6.451852321624756,4.307188987731934,4.528375873460045,0.07964087109382542,67.87033252358437,1517.6267717825194,0.00021601144187897685,4.830162679591315
913,560,Gleditsia',0,0,0,0,0,0,0,0.0,0.0,0.0,0.0,0.0,0.0,0.0,0.0
913,560,Gordonia',0,0,0,0,0,0,0,0.0,0.0,0.0,0.0,0.0,0.0,0.0,0.0
913,560,Gymnocladus',0,0,0,0,0,0,0,0.0,0.0,0.0,0.0,0.0,0.0,0.0,0.0
913,560,Halesia',0,0,0,0,0,0,0,0.0,0.0,0.0,0.0,0.0,0.0,0.0,0.0
913,560,Ilex',0,0,0,0,0,0,0,0.0,0.0,0.0,0.0,0.0,0.0,0.0,0.0
913,560,Juglans',0,0,0,0,0,0,0,0.0,0.0,0.0,0.0,0.0,0.0,0.0,0.0
913,560,Juniperus',0,145,54,0,0,0,0,13.903167724609375,5.492726802825928,117.72611295759677,0.6404357391080336,739.2531846743822,6335.835029454292,0.003343273157845557,27.549616857517208
913,560,Larix',0,0,0,0,0,0,0,0.0,0.0,0.0,0.0,0.0,0.0,0.0,0.0
913,560,Liquidambar',0,0,0,0,0,0,0,0.0,0.0,0.0,0.0,0.0,0.0,0.0,0.0
913,560,Liriodendron',0,0,0,0,0,0,0,0.0,0.0,0.0,0.0,0.0,0.0,0.0,0.0
913,560,Lithocarpus',0,0,32,3,0,0,0,41.80775833129883,18.882841110229492,11.883861684799193,0.9759584999454666,1562.1431219387055,23688.883435373536,0.0036430848022302046,54.39499392057741
913,560,Maclura',0,0,0,0,0,0,0,0.0,0.0,0.0,0.0,0.0,0.0,0.0,0.0
913,560,Magnolia',0,0,0,0,0,0,0,0.0,0.0,0.0,0.0,0.0,0.0,0.0,0.0
913,560,Malus',0,0,0,0,0,0,0,0.0,0.0,0.0,0.0,0.0,0.0,0.0,0.0
913,560,Morus',0,0,0,0,0,0,0,0.0,0.0,0.0,0.0,0.0,0.0,0.0,0.0
913,560,Nyssa',0,0,0,0,0,0,0,0.0,0.0,0.0,0.0,0.0,0.0,0.0,0.0
913,560,Olneya',0,0,0,0,0,0,0,0.0,0.0,0.0,0.0,0.0,0.0,0.0,0.0
913,560,Ostrya',0,0,0,0,0,0,0,0.0,0.0,0.0,0.0,0.0,0.0,0.0,0.0
913,560,Oxydendron',0,0,0,0,0,0,0,0.0,0.0,0.0,0.0,0.0,0.0,0.0,0.0
913,560,Paulownia',0,0,0,0,0,0,0,0.0,0.0,0.0,0.0,0.0,0.0,0.0,0.0
913,560,Persea',0,0,0,0,0,0,0,0.0,0.0,0.0,0.0,0.0,0.0,0.0,0.0
913,560,Picea',0,0,0,0,0,0,0,0.0,0.0,0.0,0.0,0.0,0.0,0.0,0.0
913,560,Pinus',0,3082,3158,261,19,0,1,179.0799102783203,33.988075256347656,2303.294619105905,94.35559986169567,100533.88342507854,246320.56082555736,0.2566784418368238,566.7022930323823
913,560,Planera',0,0,0,0,0,0,0,0.0,0.0,0.0,0.0,0.0,0.0,0.0,0.0
913,560,Platanus',0,0,0,0,0,0,0,0.0,0.0,0.0,0.0,0.0,0.0,0.0,0.0
913,560,Populus',0,360,15,0,0,0,0,10.80393123626709,4.722891807556152,165.76357301749005,0.4095743838349687,491.2253494125605,2843.3249438691423,0.0034778706100992802,20.810450408470974
913,560,Prosopis',0,0,0,0,0,0,0,0.0,0.0,0.0,0.0,0.0,0.0,0.0,0.0
913,560,Prunus',0,0,0,0,0,0,0,0.0,0.0,0.0,0.0,0.0,0.0,0.0,0.0
913,560,Pseudotsuga',0,0,0,0,0,0,0,0.0,0.0,0.0,0.0,0.0,0.0,0.0,0.0
913,560,Quercus',0,4,39,0,0,0,0,12.584866523742676,5.771023273468018,25.119076182570634,0.38964192704234196,386.0574400997162,5410.575011544404,0.0012195084483027393,15.947682589698566
913,560,Robinia',0,0,0,0,0,0,0,0.0,0.0,0.0,0.0,0.0,0.0,0.0,0.0
913,560,Salix',0,450,39,0,0,0,0,9.547296524047852,6.7263383865356445,103.53645037270232,0.7750665535455289,596.4257080234587,4275.430020566504,0.002815855185691259,16.96057799977782
913,560,Sassafras',0,0,0,0,0,0,0,0.0,0.0,0.0,0.0,0.0,0.0,0.0,0.0
913,560,Sequoia',0,0,0,0,0,0,0,0.0,0.0,0.0,0.0,0.0,0.0,0.0,0.0
913,560,Sequoiadendron',0,0,0,0,0,0,0,0.0,0.0,0.0,0.0,0.0,0.0,0.0,0.0
913,560,Sorbus',0,0,0,0,0,0,0,0.0,0.0,0.0,0.0,0.0,0.0,0.0,0.0
913,560,Taxodium',0,0,0,0,0,0,0,0.0,0.0,0.0,0.0,0.0,0.0,0.0,0.0
913,560,Taxus',0,0,0,0,0,0,0,0.0,0.0,0.0,0.0,0.0,0.0,0.0,0.0
913,560,Thuja',0,0,0,0,0,0,0,0.0,0.0,0.0,0.0,0.0,0.0,0.0,0.0
913,560,Tilia',0,0,0,0,0,0,0,0.0,0.0,0.0,0.0,0.0,0.0,0.0,0.0
913,560,Torreya',0,0,0,0,0,0,0,0.0,0.0,0.0,0.0,0.0,0.0,0.0,0.0
913,560,Tsuga',0,0,0,0,0,0,0,0.0,0.0,0.0,0.0,0.0,0.0,0.0,0.0
913,560,Ulmus',0,0,0,0,0,0,0,0.0,0.0,0.0,0.0,0.0,0.0,0.0,0.0
913,560,Umbellularia',0,38,0,0,0,0,0,0.5507633686065674,1.5737180709838867,1.1997162503004073,0.0009224765290731517,7.0363695353269575,157.33800595799718,3.2965610615288937e-05,0.737133462555752
913,570,Abies',0,81,54,0,0,0,0,18.79950523376465,12.35445785522461,42.094094084501265,0.8994732113896182,823.3777001941204,10665.030933044072,0.0024377540786582937,27.13375473922015
913,570,Acer',0,154,0,0,0,0,0,4.525683879852295,3.362377882003784,30.60334093184976,0.06548002517557874,103.79162740513682,1052.602408206296,0.0006712001525633975,6.836142704143747
913,570,Aesculus',0,0,0,0,0,0,0,0.0,0.0,0.0,0.0,0.0,0.0,0.0,0.0
913,570,Ailanthus',0,0,0,0,0,0,0,0.0,0.0,0.0,0.0,0.0,0.0,0.0,0.0
913,570,Alnus',0,2137,172,0,0,0,0,19.833660125732422,13.748452186584473,562.3898578411604,4.390719958654063,3884.3058552989364,14612.862810009123,0.016727705210806926,47.005090667079834
913,570,Amelanchier',0,0,0,0,0,0,0,0.0,0.0,0.0,0.0,0.0,0.0,0.0,0.0
913,570,Arbutus',0,77,0,0,0,0,0,7.602084636688232,6.744791507720947,12.050043982863425,0.28053744342725095,300.71510503709317,4845.6719899446625,0.0008423119736065506,13.423661325413864
913,570,Asimina',0,0,0,0,0,0,0,0.0,0.0,0.0,0.0,0.0,0.0,0.0,0.0
913,570,Betula',0,0,0,0,0,0,0,0.0,0.0,0.0,0.0,0.0,0.0,0.0,0.0
913,570,Calocedrus',0,86,245,8,0,2,0,83.73294830322266,27.84347152709961,106.22563523650169,5.474496496664646,5833.7269757974145,63932.88815119138,0.014498207972428455,146.11483370872548
913,570,Carpinus',0,0,0,0,0,0,0,0.0,0.0,0.0,0.0,0.0,0.0,0.0,0.0
913,570,Carya',0,0,0,0,0,0,0,0.0,0.0,0.0,0.0,0.0,0.0,0.0,0.0
913,570,Castanea',0,0,0,0,0,0,0,0.0,0.0,0.0,0.0,0.0,0.0,0.0,0.0
913,570,Catalpa',0,0,0,0,0,0,0,0.0,0.0,0.0,0.0,0.0,0.0,0.0,0.0
913,570,Celtis',0,0,0,0,0,0,0,0.0,0.0,0.0,0.0,0.0,0.0,0.0,0.0
913,570,Cercis',0,0,0,0,0,0,0,0.0,0.0,0.0,0.0,0.0,0.0,0.0,0.0
913,570,Cercocarpus',0,23,21,0,0,0,0,8.319413185119629,4.517352104187012,15.797871770858764,0.23122362494464993,320.8354700374603,5068.283414992563,0.0009411592076619442,14.870154388263124
913,570,Chamaecyparis',0,0,0,0,0,0,0,0.0,0.0,0.0,0.0,0.0,0.0,0.0,0.0
913,570,Chilopsis',0,0,0,0,0,0,0,0.0,0.0,0.0,0.0,0.0,0.0,0.0,0.0
913,570,Chrysolepis',0,59,108,5,12,0,2,98.00263977050781,29.22174644470215,70.98990510463715,7.601925609418747,11508.876738853454,118811.5832773596,0.026600691019170015,267.5365536063872
913,570,Cladrastis',0,0,0,0,0,0,0,0.0,0.0,0.0,0.0,0.0,0.0,0.0,0.0
913,570,Comus',0,0,0,0,0,0,0,0.0,0.0,0.0,0.0,0.0,0.0,0.0,0.0
913,570,Cornus',0,0,0,0,0,0,0,0.0,0.0,0.0,0.0,0.0,0.0,0.0,0.0
913,570,Crataegus',0,0,0,0,0,0,0,0.0,0.0,0.0,0.0,0.0,0.0,0.0,0.0
913,570,Cupressus',0,0,0,0,0,0,0,0.0,0.0,0.0,0.0,0.0,0.0,0.0,0.0
913,570,Diospyros',0,0,0,0,0,0,0,0.0,0.0,0.0,0.0,0.0,0.0,0.0,0.0
913,570,Elaeagnus',0,0,0,0,0,0,0,0.0,0.0,0.0,0.0,0.0,0.0,0.0,0.0
913,570,Fagus',0,0,0,0,0,0,0,0.0,0.0,0.0,0.0,0.0,0.0,0.0,0.0
913,570,Fraxinus',0,0,0,0,0,0,0,0.0,0.0,0.0,0.0,0.0,0.0,0.0,0.0
913,570,Gleditsia',0,0,0,0,0,0,0,0.0,0.0,0.0,0.0,0.0,0.0,0.0,0.0
913,570,Gordonia',0,0,0,0,0,0,0,0.0,0.0,0.0,0.0,0.0,0.0,0.0,0.0
913,570,Gymnocladus',0,0,0,0,0,0,0,0.0,0.0,0.0,0.0,0.0,0.0,0.0,0.0
913,570,Halesia',0,0,0,0,0,0,0,0.0,0.0,0.0,0.0,0.0,0.0,0.0,0.0
913,570,Ilex',0,0,0,0,0,0,0,0.0,0.0,0.0,0.0,0.0,0.0,0.0,0.0
913,570,Juglans',0,0,0,0,0,0,0,0.0,0.0,0.0,0.0,0.0,0.0,0.0,0.0
913,570,Juniperus',0,156,84,0,0,0,0,17.373380661010742,6.321323394775391,187.15886616826057,0.9628381106397441,1123.7264174950124,9392.591035481497,0.00520057567153869,41.94685616653157
913,570,Larix',0,0,0,0,0,0,0,0.0,0.0,0.0,0.0,0.0,0.0,0.0,0.0
913,570,Liquidambar',0,0,0,0,0,0,0,0.0,0.0,0.0,0.0,0.0,0.0,0.0,0.0
913,570,Liriodendron',0,0,0,0,0,0,0,0.0,0.0,0.0,0.0,0.0,0.0,0.0,0.0
913,570,Lithocarpus',0,40,19,3,0,0,0,43.494361877441406,19.36020278930664,7.017715697288513,0.7431632251831843,1302.6378132390976,24048.99823334933,0.00299611763583372,54.5931731761369
913,570,Maclura',0,0,0,0,0,0,0,0.0,0.0,0.0,0.0,0.0,0.0,0.0,0.0
913,570,Magnolia',0,0,0,0,0,0,0,0.0,0.0,0.0,0.0,0.0,0.0,0.0,0.0
913,570,Malus',0,0,0,0,0,0,0,0.0,0.0,0.0,0.0,0.0,0.0,0.0,0.0
913,570,Morus',0,0,0,0,0,0,0,0.0,0.0,0.0,0.0,0.0,0.0,0.0,0.0
913,570,Nyssa',0,0,0,0,0,0,0,0.0,0.0,0.0,0.0,0.0,0.0,0.0,0.0
913,570,Olneya',0,0,0,0,0,0,0,0.0,0.0,0.0,0.0,0.0,0.0,0.0,0.0
913,570,Ostrya',0,0,0,0,0,0,0,0.0,0.0,0.0,0.0,0.0,0.0,0.0,0.0
913,570,Oxydendron',0,0,0,0,0,0,0,0.0,0.0,0.0,0.0,0.0,0.0,0.0,0.0
913,570,Paulownia',0,0,0,0,0,0,0,0.0,0.0,0.0,0.0,0.0,0.0,0.0,0.0
913,570,Persea',0,0,0,0,0,0,0,0.0,0.0,0.0,0.0,0.0,0.0,0.0,0.0
913,570,Picea',0,0,0,0,0,0,0,0.0,0.0,0.0,0.0,0.0,0.0,0.0,0.0
913,570,Pinus',0,3168,2854,250,20,0,1,179.9654083251953,34.011802673339844,2148.1917860674857,83.56221533102146,89366.70665243208,232934.40961355902,0.22962211903569232,534.4725427270793
913,570,Planera',0,0,0,0,0,0,0,0.0,0.0,0.0,0.0,0.0,0.0,0.0,0.0
913,570,Platanus',0,0,0,0,0,0,0,0.0,0.0,0.0,0.0,0.0,0.0,0.0,0.0
913,570,Populus',0,406,3,0,0,0,0,15.327202796936035,6.016872406005859,170.47983750559482,0.4159051503668302,504.722625361979,2861.659815956379,0.003575757809195202,20.08604318838518
913,570,Prosopis',0,0,0,0,0,0,0,0.0,0.0,0.0,0.0,0.0,0.0,0.0,0.0
913,570,Prunus',0,0,0,0,0,0,0,0.0,0.0,0.0,0.0,0.0,0.0,0.0,0.0
913,570,Pseudotsuga',0,0,0,0,0,0,0,0.0,0.0,0.0,0.0,0.0,0.0,0.0,0.0
913,570,Quercus',0,31,21,0,0,0,0,13.20674991607666,5.935349464416504,20.000315165217916,0.2992893665301022,313.11613373041155,5007.21389144235,0.0009837292839167597,15.494850148981412
913,570,Robinia',0,0,0,0,0,0,0,0.0,0.0,0.0,0.0,0.0,0.0,0.0,0.0
913,570,Salix',0,299,0,0,0,0,0,4.934030055999756,4.246020793914795,56.906101229258724,0.24296749097692452,220.60358882069588,1615.8608942649512,0.0013094251459024341,9.620444914059764
913,570,Sassafras',0,0,0,0,0,0,0,0.0,0.0,0.0,0.0,0.0,0.0,0.0,0.0
913,570,Sequoia',0,0,0,0,0,0,0,0.0,0.0,0.0,0.0,0.0,0.0,0.0,0.0
913,570,Sequoiadendron',0,0,0,0,0,0,0,0.0,0.0,0.0,0.0,0.0,0.0,0.0,0.0
913,570,Sorbus',0,0,0,0,0,0,0,0.0,0.0,0.0,0.0,0.0,0.0,0.0,0.0
913,570,Taxodium',0,0,0,0,0,0,0,0.0,0.0,0.0,0.0,0.0,0.0,0.0,0.0
913,570,Taxus',0,0,0,0,0,0,0,0.0,0.0,0.0,0.0,0.0,0.0,0.0,0.0
913,570,Thuja',0,0,0,0,0,0,0,0.0,0.0,0.0,0.0,0.0,0.0,0.0,0.0
913,570,Tilia',0,0,0,0,0,0,0,0.0,0.0,0.0,0.0,0.0,0.0,0.0,0.0
913,570,Torreya',0,0,0,0,0,0,0,0.0,0.0,0.0,0.0,0.0,0.0,0.0,0.0
913,570,Tsuga',0,0,0,0,0,0,0,0.0,0.0,0.0,0.0,0.0,0.0,0.0,0.0
913,570,Ulmus',0,0,0,0,0,0,0,0.0,0.0,0.0,0.0,0.0,0.0,0.0,0.0
913,570,Umbellularia',0,0,0,0,0,0,0,0.0,0.0,0.0,0.0,0.0,0.0,0.0,0.0
913,580,Abies',0,81,54,0,0,0,0,20.03628921508789,12.941643714904785,63.031685308218,1.268682435532743,1164.821867479086,13249.329287316508,0.0034989506805942743,34.536220790266505
913,580,Acer',0,104,5,0,0,0,0,8.626276016235352,5.123613357543945,30.899996337351162,0.08983192986582772,117.14098812133074,1384.1190609779026,0.0007051359243234628,8.484803965088156
913,580,Aesculus',0,0,0,0,0,0,0,0.0,0.0,0.0,0.0,0.0,0.0,0.0,0.0
913,580,Ailanthus',0,0,0,0,0,0,0,0.0,0.0,0.0,0.0,0.0,0.0,0.0,0.0
913,580,Alnus',0,2402,157,0,0,0,0,18.191110610961914,12.917403221130371,573.501969189442,4.032876261152786,3471.8542788265645,11273.205176702986,0.01597111114431337,40.789021039074164
913,580,Amelanchier',0,0,0,0,0,0,0,0.0,0.0,0.0,0.0,0.0,0.0,0.0,0.0
913,580,Arbutus',0,15,62,0,0,0,0,9.149447441101074,7.742220878601074,12.724944550991058,0.4198535262812307,467.1191398406029,7487.974633497674,0.0012218472988853877,19.449761783909786
913,580,Asimina',0,0,0,0,0,0,0,0.0,0.0,0.0,0.0,0.0,0.0,0.0,0.0
913,580,Betula',0,0,0,0,0,0,0,0.0,0.0,0.0,0.0,0.0,0.0,0.0,0.0
913,580,Calocedrus',0,133,230,8,0,2,0,85.80281066894531,28.122554779052734,110.85429702103137,5.920600762786775,6348.505368965269,68695.75625614906,0.015709018183272933,156.75634784294286
913,580,Carpinus',0,0,0,0,0,0,0,0.0,0.0,0.0,0.0,0.0,0.0,0.0,0.0
913,580,Carya',0,0,0,0,0,0,0,0.0,0.0,0.0,0.0,0.0,0.0,0.0,0.0
913,580,Castanea',0,0,0,0,0,0,0,0.0,0.0,0.0,0.0,0.0,0.0,0.0,0.0
913,580,Catalpa',0,0,0,0,0,0,0,0.0,0.0,0.0,0.0,0.0,0.0,0.0,0.0
913,580,Celtis',0,0,0,0,0,0,0,0.0,0.0,0.0,0.0,0.0,0.0,0.0,0.0
913,580,Cercis',0,0,0,0,0,0,0,0.0,0.0,0.0,0.0,0.0,0.0,0.0,0.0
913,580,Cercocarpus',0,0,44,0,0,0,0,9.762065887451172,4.967331886291504,28.85526573181152,0.3204711716801126,469.3115212249756,7413.300842618839,0.0014597128265301472,23.059319166347514
913,580,Chamaecyparis',0,0,0,0,0,0,0,0.0,0.0,0.0,0.0,0.0,0.0,0.0,0.0
913,580,Chilopsis',0,0,0,0,0,0,0,0.0,0.0,0.0,0.0,0.0,0.0,0.0,0.0
913,580,Chrysolepis',0,73,62,18,4,0,2,99.54063415527344,29.3873233795166,57.45520276308059,6.478844311539451,10042.184285309315,114662.80812100695,0.023145873380836075,258.217179217483
913,580,Cladrastis',0,0,0,0,0,0,0,0.0,0.0,0.0,0.0,0.0,0.0,0.0,0.0
913,580,Comus',0,0,0,0,0,0,0,0.0,0.0,0.0,0.0,0.0,0.0,0.0,0.0
913,580,Cornus',0,0,0,0,0,0,0,0.0,0.0,0.0,0.0,0.0,0.0,0.0,0.0
913,580,Crataegus',0,0,0,0,0,0,0,0.0,0.0,0.0,0.0,0.0,0.0,0.0,0.0
913,580,Cupressus',0,31,0,0,0,0,0,2.8540291786193848,2.3318052291870117,10.226892501115799,0.020087983695078977,36.9796699821949,826.8905586569612,0.0002298988256913935,5.140694021933342
913,580,Diospyros',0,0,0,0,0,0,0,0.0,0.0,0.0,0.0,0.0,0.0,0.0,0.0
913,580,Elaeagnus',0,0,0,0,0,0,0,0.0,0.0,0.0,0.0,0.0,0.0,0.0,0.0
913,580,Fagus',0,0,0,0,0,0,0,0.0,0.0,0.0,0.0,0.0,0.0,0.0,0.0
913,580,Fraxinus',0,0,0,0,0,0,0,0.0,0.0,0.0,0.0,0.0,0.0,0.0,0.0
913,580,Gleditsia',0,0,0,0,0,0,0,0.0,0.0,0.0,0.0,0.0,0.0,0.0,0.0
913,580,Gordonia',0,0,0,0,0,0,0,0.0,0.0,0.0,0.0,0.0,0.0,0.0,0.0
913,580,Gymnocladus',0,0,0,0,0,0,0,0.0,0.0,0.0,0.0,0.0,0.0,0.0,0.0
913,580,Halesia',0,0,0,0,0,0,0,0.0,0.0,0.0,0.0,0.0,0.0,0.0,0.0
913,580,Ilex',0,0,0,0,0,0,0,0.0,0.0,0.0,0.0,0.0,0.0,0.0,0.0
913,580,Juglans',0,0,0,0,0,0,0,0.0,0.0,0.0,0.0,0.0,0.0,0.0,0.0
913,580,Juniperus',0,122,34,0,0,0,0,20.101987838745117,6.921805381774902,105.44595175862312,0.7972266255315381,844.8578713619709,9047.069395184568,0.0034005701180162343,34.06335722925186
913,580,Larix',0,0,0,0,0,0,0,0.0,0.0,0.0,0.0,0.0,0.0,0.0,0.0
913,580,Liquidambar',0,0,0,0,0,0,0,0.0,0.0,0.0,0.0,0.0,0.0,0.0,0.0
913,580,Liriodendron',0,0,0,0,0,0,0,0.0,0.0,0.0,0.0,0.0,0.0,0.0,0.0
913,580,Lithocarpus',0,60,0,3,0,0,0,45.081756591796875,19.796993255615234,13.57410524368286,0.605661537282794,1216.336117630005,25586.19734150759,0.0028990396428033726,57.532801048258705
913,580,Maclura',0,0,0,0,0,0,0,0.0,0.0,0.0,0.0,0.0,0.0,0.0,0.0
913,580,Magnolia',0,0,0,0,0,0,0,0.0,0.0,0.0,0.0,0.0,0.0,0.0,0.0
913,580,Malus',0,0,0,0,0,0,0,0.0,0.0,0.0,0.0,0.0,0.0,0.0,0.0
913,580,Morus',0,0,0,0,0,0,0,0.0,0.0,0.0,0.0,0.0,0.0,0.0,0.0
913,580,Nyssa',0,0,0,0,0,0,0,0.0,0.0,0.0,0.0,0.0,0.0,0.0,0.0
913,580,Olneya',0,0,0,0,0,0,0,0.0,0.0,0.0,0.0,0.0,0.0,0.0,0.0
913,580,Ostrya',0,0,0,0,0,0,0,0.0,0.0,0.0,0.0,0.0,0.0,0.0,0.0
913,580,Oxydendron',0,0,0,0,0,0,0,0.0,0.0,0.0,0.0,0.0,0.0,0.0,0.0
913,580,Paulownia',0,0,0,0,0,0,0,0.0,0.0,0.0,0.0,0.0,0.0,0.0,0.0
913,580,Persea',0,0,0,0,0,0,0,0.0,0.0,0.0,0.0,0.0,0.0,0.0,0.0
913,580,Picea',0,0,0,0,0,0,0,0.0,0.0,0.0,0.0,0.0,0.0,0.0,0.0
913,580,Pinus',0,3423,3017,198,12,0,1,180.66827392578125,34.03037643432617,2211.0311902083454,80.19282644219221,84897.1039901726,230612.70338486682,0.22059734791217794,528.373513625208
913,580,Planera',0,0,0,0,0,0,0,0.0,0.0,0.0,0.0,0.0,0.0,0.0,0.0
913,580,Platanus',0,0,0,0,0,0,0,0.0,0.0,0.0,0.0,0.0,0.0,0.0,0.0
913,580,Populus',0,505,22,0,0,0,0,22.469011306762695,7.9086456298828125,170.39672999913932,0.6901650124212069,696.3042296332121,3852.163587966591,0.004000298298692335,20.555240077387023
913,580,Prosopis',0,0,0,0,0,0,0,0.0,0.0,0.0,0.0,0.0,0.0,0.0,0.0
913,580,Prunus',0,0,0,0,0,0,0,0.0,0.0,0.0,0.0,0.0,0.0,0.0,0.0
913,580,Pseudotsuga',0,0,0,0,0,0,0,0.0,0.0,0.0,0.0,0.0,0.0,0.0,0.0
913,580,Quercus',0,59,5,0,0,0,0,17.395648956298828,6.93480110168457,15.809287988120994,0.1943576122770589,207.1038750845194,3336.896381172778,0.0006878143179919555,9.92059470915746
913,580,Robinia',0,0,0,0,0,0,0,0.0,0.0,0.0,0.0,0.0,0.0,0.0,0.0
913,580,Salix',0,330,26,0,0,0,0,8.160438537597656,6.006917953491211,81.25563492833435,0.4896897382439552,400.2386621055007,2962.8355131359244,0.002059139260946533,13.42462110714398
913,580,Sassafras',0,0,0,0,0,0,0,0.0,0.0,0.0,0.0,0.0,0.0,0.0,0.0
913,580,Sequoia',0,0,0,0,0,0,0,0.0,0.0,0.0,0.0,0.0,0.0,0.0,0.0
913,580,Sequoiadendron',0,0,0,0,0,0,0,0.0,0.0,0.0,0.0,0.0,0.0,0.0,0.0
913,580,Sorbus',0,0,0,0,0,0,0,0.0,0.0,0.0,0.0,0.0,0.0,0.0,0.0
913,580,Taxodium',0,0,0,0,0,0,0,0.0,0.0,0.0,0.0,0.0,0.0,0.0,0.0
913,580,Taxus',0,0,0,0,0,0,0,0.0,0.0,0.0,0.0,0.0,0.0,0.0,0.0
913,580,Thuja',0,0,0,0,0,0,0,0.0,0.0,0.0,0.0,0.0,0.0,0.0,0.0
913,580,Tilia',0,0,0,0,0,0,0,0.0,0.0,0.0,0.0,0.0,0.0,0.0,0.0
913,580,Torreya',0,0,0,0,0,0,0,0.0,0.0,0.0,0.0,0.0,0.0,0.0,0.0
913,580,Tsuga',0,0,0,0,0,0,0,0.0,0.0,0.0,0.0,0.0,0.0,0.0,0.0
913,580,Ulmus',0,0,0,0,0,0,0,0.0,0.0,0.0,0.0,0.0,0.0,0.0,0.0
913,580,Umbellularia',0,0,0,0,0,0,0,0.0,0.0,0.0,0.0,0.0,0.0,0.0,0.0
913,590,Abies',0,85,56,0,0,0,0,17.003923416137695,11.4747314453125,49.32163093090057,1.121484451806473,951.0736616277695,9340.056513250382,0.002825920626161,26.217827510464012
913,590,Acer',0,124,8,0,0,0,0,11.916482925415039,6.466854572296143,41.80245575789786,0.13968124058986414,179.78731655687093,1849.727010432794,0.0010012969447504736,9.446755489747886
913,590,Aesculus',0,0,0,0,0,0,0,0.0,0.0,0.0,0.0,0.0,0.0,0.0,0.0
913,590,Ailanthus',0,0,0,0,0,0,0,0.0,0.0,0.0,0.0,0.0,0.0,0.0,0.0
913,590,Alnus',0,2592,107,0,0,0,0,13.926472663879395,10.608830451965332,566.0427255075,4.469422662687082,3719.6940835522114,11404.030835832618,0.0164144863541549,41.45909873520421
913,590,Amelanchier',0,0,0,0,0,0,0,0.0,0.0,0.0,0.0,0.0,0.0,0.0,0.0
913,590,Arbutus',0,55,24,0,0,0,0,10.195305824279785,8.396749496459961,8.942052912712096,0.2524786464355965,297.3870292177796,6426.2966547782835,0.0007900230480922928,17.16733157586052
913,590,Asimina',0,0,0,0,0,0,0,0.0,0.0,0.0,0.0,0.0,0.0,0.0,0.0
913,590,Betula',0,0,0,0,0,0,0,0.0,0.0,0.0,0.0,0.0,0.0,0.0,0.0
913,590,Calocedrus',0,112,204,0,0,2,0,87.96593475341797,28.403425216674805,93.25077512353658,5.742896575948401,6050.3642146644,69659.67355826251,0.0147922095232482,158.5035497714154
913,590,Carpinus',0,0,0,0,0,0,0,0.0,0.0,0.0,0.0,0.0,0.0,0.0,0.0
913,590,Carya',0,0,0,0,0,0,0,0.0,0.0,0.0,0.0,0.0,0.0,0.0,0.0
913,590,Castanea',0,0,0,0,0,0,0,0.0,0.0,0.0,0.0,0.0,0.0,0.0,0.0
913,590,Catalpa',0,0,0,0,0,0,0,0.0,0.0,0.0,0.0,0.0,0.0,0.0,0.0
913,590,Celtis',0,0,0,0,0,0,0,0.0,0.0,0.0,0.0,0.0,0.0,0.0,0.0
913,590,Cercis',0,0,0,0,0,0,0,0.0,0.0,0.0,0.0,0.0,0.0,0.0,0.0
913,590,Cercocarpus',0,0,21,0,0,0,0,11.471639633178711,5.465665817260742,8.785579595565796,0.221597906850676,303.5768897151947,6788.185618011295,0.0008015181099971098,17.922489791506912
913,590,Chamaecyparis',0,0,0,0,0,0,0,0.0,0.0,0.0,0.0,0.0,0.0,0.0,0.0
913,590,Chilopsis',0,0,0,0,0,0,0,0.0,0.0,0.0,0.0,0.0,0.0,0.0,0.0
913,590,Chrysolepis',0,162,62,18,4,0,2,101.05101776123047,29.54571533203125,80.3846773558855,7.432916564257321,11346.188165366053,121245.65908779408,0.02637486345292315,273.338570675533
913,590,Cladrastis',0,0,0,0,0,0,0,0.0,0.0,0.0,0.0,0.0,0.0,0.0,0.0
913,590,Comus',0,0,0,0,0,0,0,0.0,0.0,0.0,0.0,0.0,0.0,0.0,0.0
913,590,Cornus',0,0,0,0,0,0,0,0.0,0.0,0.0,0.0,0.0,0.0,0.0,0.0
913,590,Crataegus',0,0,0,0,0,0,0,0.0,0.0,0.0,0.0,0.0,0.0,0.0,0.0
913,590,Cupressus',0,33,0,0,0,0,0,2.3168444633483887,2.1412482261657715,8.042160749435425,0.014300113468932162,29.848291234970095,667.428082136043,0.00018249408279855992,4.080691746290547
913,590,Diospyros',0,0,0,0,0,0,0,0.0,0.0,0.0,0.0,0.0,0.0,0.0,0.0
913,590,Elaeagnus',0,0,0,0,0,0,0,0.0,0.0,0.0,0.0,0.0,0.0,0.0,0.0
913,590,Fagus',0,0,0,0,0,0,0,0.0,0.0,0.0,0.0,0.0,0.0,0.0,0.0
913,590,Fraxinus',0,0,0,0,0,0,0,0.0,0.0,0.0,0.0,0.0,0.0,0.0,0.0
913,590,Gleditsia',0,0,0,0,0,0,0,0.0,0.0,0.0,0.0,0.0,0.0,0.0,0.0
913,590,Gordonia',0,0,0,0,0,0,0,0.0,0.0,0.0,0.0,0.0,0.0,0.0,0.0
913,590,Gymnocladus',0,0,0,0,0,0,0,0.0,0.0,0.0,0.0,0.0,0.0,0.0,0.0
913,590,Halesia',0,0,0,0,0,0,0,0.0,0.0,0.0,0.0,0.0,0.0,0.0,0.0
913,590,Ilex',0,0,0,0,0,0,0,0.0,0.0,0.0,0.0,0.0,0.0,0.0,0.0
913,590,Juglans',0,0,0,0,0,0,0,0.0,0.0,0.0,0.0,0.0,0.0,0.0,0.0
913,590,Juniperus',0,0,77,0,0,0,0,15.499335289001465,6.1537628173828125,68.52163279294967,0.6146171924211417,604.7561834216118,7475.814432726598,0.002333659524485478,28.221639545694988
913,590,Larix',0,0,0,0,0,0,0,0.0,0.0,0.0,0.0,0.0,0.0,0.0,0.0
913,590,Liquidambar',0,0,0,0,0,0,0,0.0,0.0,0.0,0.0,0.0,0.0,0.0,0.0
913,590,Liriodendron',0,0,0,0,0,0,0,0.0,0.0,0.0,0.0,0.0,0.0,0.0,0.0
913,590,Lithocarpus',0,87,0,3,0,0,0,46.62616729736328,20.210647583007812,23.409474232196807,0.7127122887379655,1407.625207798481,27921.47465480402,0.0034661930110206182,63.12199922653937
913,590,Maclura',0,0,0,0,0,0,0,0.0,0.0,0.0,0.0,0.0,0.0,0.0,0.0
913,590,Magnolia',0,0,0,0,0,0,0,0.0,0.0,0.0,0.0,0.0,0.0,0.0,0.0
913,590,Malus',0,0,0,0,0,0,0,0.0,0.0,0.0,0.0,0.0,0.0,0.0,0.0
913,590,Morus',0,0,0,0,0,0,0,0.0,0.0,0.0,0.0,0.0,0.0,0.0,0.0
913,590,Nyssa',0,0,0,0,0,0,0,0.0,0.0,0.0,0.0,0.0,0.0,0.0,0.0
913,590,Olneya',0,0,0,0,0,0,0,0.0,0.0,0.0,0.0,0.0,0.0,0.0,0.0
913,590,Ostrya',0,0,0,0,0,0,0,0.0,0.0,0.0,0.0,0.0,0.0,0.0,0.0
913,590,Oxydendron',0,0,0,0,0,0,0,0.0,0.0,0.0,0.0,0.0,0.0,0.0,0.0
913,590,Paulownia',0,0,0,0,0,0,0,0.0,0.0,0.0,0.0,0.0,0.0,0.0,0.0
913,590,Persea',0,0,0,0,0,0,0,0.0,0.0,0.0,0.0,0.0,0.0,0.0,0.0
913,590,Picea',0,0,0,0,0,0,0,0.0,0.0,0.0,0.0,0.0,0.0,0.0,0.0
913,590,Pinus',0,3377,2966,222,13,0,1,181.25807189941406,34.04579162597656,2287.6565010321137,87.60699193038072,93400.80024702489,239673.4801371669,0.24060126037949744,550.0661510524883
913,590,Planera',0,0,0,0,0,0,0,0.0,0.0,0.0,0.0,0.0,0.0,0.0,0.0
913,590,Platanus',0,0,0,0,0,0,0,0.0,0.0,0.0,0.0,0.0,0.0,0.0,0.0
913,590,Populus',0,457,26,0,0,0,0,11.799296379089355,5.01431941986084,184.71443961952116,0.580984889754353,621.8070950506627,3408.9353094768967,0.004040860534404408,22.21207884700467
913,590,Prosopis',0,0,0,0,0,0,0,0.0,0.0,0.0,0.0,0.0,0.0,0.0,0.0
913,590,Prunus',0,0,0,0,0,0,0,0.0,0.0,0.0,0.0,0.0,0.0,0.0,0.0
913,590,Pseudotsuga',0,0,0,0,0,0,0,0.0,0.0,0.0,0.0,0.0,0.0,0.0,0.0
913,590,Quercus',0,70,5,0,0,0,0,21.75754737854004,7.8008904457092285,21.293911415659174,0.3367468397040944,354.0678312316537,5432.661027233484,0.001093355083167557,14.635191115840602
913,590,Robinia',0,0,0,0,0,0,0,0.0,0.0,0.0,0.0,0.0,0.0,0.0,0.0
913,590,Salix',0,369,0,0,0,0,0,7.948276519775391,5.894916534423828,70.77652041258031,0.2780683951459397,263.07312573052945,1717.9720597410974,0.0016034742800904256,10.679046702224305
913,590,Sassafras',0,0,0,0,0,0,0,0.0,0.0,0.0,0.0,0.0,0.0,0.0,0.0
913,590,Sequoia',0,0,0,0,0,0,0,0.0,0.0,0.0,0.0,0.0,0.0,0.0,0.0
913,590,Sequoiadendron',0,0,0,0,0,0,0,0.0,0.0,0.0,0.0,0.0,0.0,0.0,0.0
913,590,Sorbus',0,0,0,0,0,0,0,0.0,0.0,0.0,0.0,0.0,0.0,0.0,0.0
913,590,Taxodium',0,0,0,0,0,0,0,0.0,0.0,0.0,0.0,0.0,0.0,0.0,0.0
913,590,Taxus',0,0,0,0,0,0,0,0.0,0.0,0.0,0.0,0.0,0.0,0.0,0.0
913,590,Thuja',0,0,0,0,0,0,0,0.0,0.0,0.0,0.0,0.0,0.0,0.0,0.0
913,590,Tilia',0,0,0,0,0,0,0,0.0,0.0,0.0,0.0,0.0,0.0,0.0,0.0
913,590,Torreya',0,0,0,0,0,0,0,0.0,0.0,0.0,0.0,0.0,0.0,0.0,0.0
913,590,Tsuga',0,0,0,0,0,0,0,0.0,0.0,0.0,0.0,0.0,0.0,0.0,0.0
913,590,Ulmus',0,0,0,0,0,0,0,0.0,0.0,0.0,0.0,0.0,0.0,0.0,0.0
913,590,Umbellularia',0,0,0,0,0,0,0,0.0,0.0,0.0,0.0,0.0,0.0,0.0,0.0
913,600,Abies',0,23,119,0,0,0,0,19.264816284179688,12.577140808105469,50.94149250566959,1.5534840175390947,1336.1309446007015,12567.158555618082,0.0037050013870423048,33.73541104947929
913,600,Acer',0,127,5,0,0,0,0,14.972167015075684,7.661193370819092,37.38222544329075,0.2055333299002446,216.81577166318894,2456.649178386246,0.0010199507282637038,9.966163335007641
913,600,Aesculus',0,0,0,0,0,0,0,0.0,0.0,0.0,0.0,0.0,0.0,0.0,0.0
913,600,Ailanthus',0,0,0,0,0,0,0,0.0,0.0,0.0,0.0,0.0,0.0,0.0,0.0
913,600,Alnus',0,1930,232,0,0,0,0,16.009374618530273,11.76437759399414,475.5488737802245,4.183228171623219,3501.9501149374246,12371.266148056466,0.014627901594798105,41.072364203052736
913,600,Amelanchier',0,0,0,0,0,0,0,0.0,0.0,0.0,0.0,0.0,0.0,0.0,0.0
913,600,Arbutus',0,55,0,0,0,0,0,7.7175188064575195,6.8204193115234375,12.006768960356712,0.12250284205014561,143.9388512092829,2276.362561117792,0.000493295217779472,7.923479114583075
913,600,Asimina',0,0,0,0,0,0,0,0.0,0.0,0.0,0.0,0.0,0.0,0.0,0.0
913,600,Betula',0,0,0,0,0,0,0,0.0,0.0,0.0,0.0,0.0,0.0,0.0,0.0
913,600,Calocedrus',0,96,209,0,0,0,2,90.01321411132812,28.65947151184082,98.67069962263106,5.995147619002454,6465.398595359326,73991.23873579474,0.0157927956688429,168.23835822729077
913,600,Carpinus',0,0,0,0,0,0,0,0.0,0.0,0.0,0.0,0.0,0.0,0.0,0.0
913,600,Carya',0,0,0,0,0,0,0,0.0,0.0,0.0,0.0,0.0,0.0,0.0,0.0
913,600,Castanea',0,0,0,0,0,0,0,0.0,0.0,0.0,0.0,0.0,0.0,0.0,0.0
913,600,Catalpa',0,0,0,0,0,0,0,0.0,0.0,0.0,0.0,0.0,0.0,0.0,0.0
913,600,Celtis',0,0,0,0,0,0,0,0.0,0.0,0.0,0.0,0.0,0.0,0.0,0.0
913,600,Cercis',0,0,0,0,0,0,0,0.0,0.0,0.0,0.0,0.0,0.0,0.0,0.0
913,600,Cercocarpus',0,0,0,0,0,0,0,0.0,0.0,0.0,0.0,0.0,0.0,0.0,0.0
913,600,Chamaecyparis',0,0,0,0,0,0,0,0.0,0.0,0.0,0.0,0.0,0.0,0.0,0.0
913,600,Chilopsis',0,0,0,0,0,0,0,0.0,0.0,0.0,0.0,0.0,0.0,0.0,0.0
913,600,Chrysolepis',0,129,95,18,3,1,2,102.55884552001953,29.69978141784668,86.77458882629871,8.465196558707783,12725.197204678654,128131.86278947201,0.02953162761257962,287.9310882571953
913,600,Cladrastis',0,0,0,0,0,0,0,0.0,0.0,0.0,0.0,0.0,0.0,0.0,0.0
913,600,Comus',0,0,0,0,0,0,0,0.0,0.0,0.0,0.0,0.0,0.0,0.0,0.0
913,600,Cornus',0,14,0,0,0,0,0,4.358820915222168,4.161099433898926,7.592312172998355,0.02101021944232928,36.923829879760746,825.6419360078319,0.00019134850490093222,4.278682643514383
913,600,Crataegus',0,0,0,0,0,0,0,0.0,0.0,0.0,0.0,0.0,0.0,0.0,0.0
913,600,Cupressus',0,0,0,0,0,0,0,0.0,0.0,0.0,0.0,0.0,0.0,0.0,0.0
913,600,Diospyros',0,0,0,0,0,0,0,0.0,0.0,0.0,0.0,0.0,0.0,0.0,0.0
913,600,Elaeagnus',0,0,0,0,0,0,0,0.0,0.0,0.0,0.0,0.0,0.0,0.0,0.0
913,600,Fagus',0,0,0,0,0,0,0,0.0,0.0,0.0,0.0,0.0,0.0,0.0,0.0
913,600,Fraxinus',0,0,0,0,0,0,0,0.0,0.0,0.0,0.0,0.0,0.0,0.0,0.0
913,600,Gleditsia',0,0,0,0,0,0,0,0.0,0.0,0.0,0.0,0.0,0.0,0.0,0.0
913,600,Gordonia',0,0,0,0,0,0,0,0.0,0.0,0.0,0.0,0.0,0.0,0.0,0.0
913,600,Gymnocladus',0,0,0,0,0,0,0,0.0,0.0,0.0,0.0,0.0,0.0,0.0,0.0
913,600,Halesia',0,0,0,0,0,0,0,0.0,0.0,0.0,0.0,0.0,0.0,0.0,0.0
913,600,Ilex',0,0,0,0,0,0,0,0.0,0.0,0.0,0.0,0.0,0.0,0.0,0.0
913,600,Juglans',0,0,0,0,0,0,0,0.0,0.0,0.0,0.0,0.0,0.0,0.0,0.0
913,600,Juniperus',0,86,53,0,0,0,0,26.187143325805664,8.65151309967041,95.90991211026906,0.5070118992220418,609.5975040993095,7319.8746126082,0.0027400265090805464,32.62245536864975
913,600,Larix',0,0,0,0,0,0,0,0.0,0.0,0.0,0.0,0.0,0.0,0.0,0.0
913,600,Liquidambar',0,0,0,0,0,0,0,0.0,0.0,0.0,0.0,0.0,0.0,0.0,0.0
913,600,Liriodendron',0,0,0,0,0,0,0,0.0,0.0,0.0,0.0,0.0,0.0,0.0,0.0
913,600,Lithocarpus',0,94,0,0,3,0,0,48.076271057128906,20.589153289794922,33.425906443595885,0.8667487722586367,1647.7326530981063,30171.89919703967,0.004144446942390243,68.17035964209944
913,600,Maclura',0,0,0,0,0,0,0,0.0,0.0,0.0,0.0,0.0,0.0,0.0,0.0
913,600,Magnolia',0,0,0,0,0,0,0,0.0,0.0,0.0,0.0,0.0,0.0,0.0,0.0
913,600,Malus',0,0,0,0,0,0,0,0.0,0.0,0.0,0.0,0.0,0.0,0.0,0.0
913,600,Morus',0,0,0,0,0,0,0,0.0,0.0,0.0,0.0,0.0,0.0,0.0,0.0
913,600,Nyssa',0,0,0,0,0,0,0,0.0,0.0,0.0,0.0,0.0,0.0,0.0,0.0
913,600,Olneya',0,0,0,0,0,0,0,0.0,0.0,0.0,0.0,0.0,0.0,0.0,0.0
913,600,Ostrya',0,0,0,0,0,0,0,0.0,0.0,0.0,0.0,0.0,0.0,0.0,0.0
913,600,Oxydendron',0,0,0,0,0,0,0,0.0,0.0,0.0,0.0,0.0,0.0,0.0,0.0
913,600,Paulownia',0,0,0,0,0,0,0,0.0,0.0,0.0,0.0,0.0,0.0,0.0,0.0
913,600,Persea',0,0,0,0,0,0,0,0.0,0.0,0.0,0.0,0.0,0.0,0.0,0.0
913,600,Picea',0,0,0,0,0,0,0,0.0,0.0,0.0,0.0,0.0,0.0,0.0,0.0
913,600,Pinus',0,3517,3060,263,11,2,0,104.92388916015625,29.93351936340332,2447.742540225833,86.13439451643075,88472.1567755641,182574.40791836032,0.23196107363457627,430.50861298919295
913,600,Planera',0,0,0,0,0,0,0,0.0,0.0,0.0,0.0,0.0,0.0,0.0,0.0
913,600,Platanus',0,0,0,0,0,0,0,0.0,0.0,0.0,0.0,0.0,0.0,0.0,0.0
913,600,Populus',0,333,29,0,0,0,0,14.46710205078125,5.77674674987793,137.2690556009736,0.5767952439464841,555.1470139557123,3857.3321679216397,0.003209724343866573,20.248039828416722
913,600,Prosopis',0,0,0,0,0,0,0,0.0,0.0,0.0,0.0,0.0,0.0,0.0,0.0
913,600,Prunus',0,0,0,0,0,0,0,0.0,0.0,0.0,0.0,0.0,0.0,0.0,0.0
913,600,Pseudotsuga',0,0,0,0,0,0,0,0.0,0.0,0.0,0.0,0.0,0.0,0.0,0.0
913,600,Quercus',0,45,0,0,0,0,0,6.446664810180664,3.8900036811828613,16.247779083780095,0.06632121932953343,86.19798466563225,1361.5302232721897,0.0004254468899965262,6.402092219768765
913,600,Robinia',0,0,0,0,0,0,0,0.0,0.0,0.0,0.0,0.0,0.0,0.0,0.0
913,600,Salix',0,534,0,0,0,0,0,7.561408996582031,5.6893391609191895,116.06762387766207,0.4310193946420894,414.7400626436621,2291.4472839592427,0.0025925024932944205,14.240501014325035
913,600,Sassafras',0,0,0,0,0,0,0,0.0,0.0,0.0,0.0,0.0,0.0,0.0,0.0
913,600,Sequoia',0,0,0,0,0,0,0,0.0,0.0,0.0,0.0,0.0,0.0,0.0,0.0
913,600,Sequoiadendron',0,0,0,0,0,0,0,0.0,0.0,0.0,0.0,0.0,0.0,0.0,0.0
913,600,Sorbus',0,0,0,0,0,0,0,0.0,0.0,0.0,0.0,0.0,0.0,0.0,0.0
913,600,Taxodium',0,0,0,0,0,0,0,0.0,0.0,0.0,0.0,0.0,0.0,0.0,0.0
913,600,Taxus',0,0,0,0,0,0,0,0.0,0.0,0.0,0.0,0.0,0.0,0.0,0.0
913,600,Thuja',0,0,0,0,0,0,0,0.0,0.0,0.0,0.0,0.0,0.0,0.0,0.0
913,600,Tilia',0,0,0,0,0,0,0,0.0,0.0,0.0,0.0,0.0,0.0,0.0,0.0
913,600,Torreya',0,0,0,0,0,0,0,0.0,0.0,0.0,0.0,0.0,0.0,0.0,0.0
913,600,Tsuga',0,0,0,0,0,0,0,0.0,0.0,0.0,0.0,0.0,0.0,0.0,0.0
913,600,Ulmus',0,0,0,0,0,0,0,0.0,0.0,0.0,0.0,0.0,0.0,0.0,0.0
913,600,Umbellularia',0,0,0,0,0,0,0,0.0,0.0,0.0,0.0,0.0,0.0,0.0,0.0
913,610,Abies',0,21,98,0,0,0,0,21.244873046875,13.501080513000488,42.49641032457352,1.3232841399959574,1177.8021552681923,12352.11584251172,0.003231175217255321,32.39301897367933
913,610,Acer',0,105,5,0,0,0,0,18.357866287231445,8.927338600158691,28.341981185293648,0.2032552594566438,219.78187342375517,3394.475169556552,0.0008964027306032373,11.104367757487886
913,610,Aesculus',0,0,0,0,0,0,0,0.0,0.0,0.0,0.0,0.0,0.0,0.0,0.0
913,610,Ailanthus',0,0,0,0,0,0,0,0.0,0.0,0.0,0.0,0.0,0.0,0.0,0.0
913,610,Alnus',0,1779,205,0,0,0,0,11.370975494384766,9.11414623260498,487.5034084953839,3.655195196048463,3067.2314621666073,10365.046202879568,0.01383395230423347,38.57294972328063
913,610,Amelanchier',0,0,0,0,0,0,0,0.0,0.0,0.0,0.0,0.0,0.0,0.0,0.0
913,610,Arbutus',0,40,15,0,0,0,0,11.208292007446289,9.01601791381836,12.200737881064414,0.2595127558548321,305.2488134735823,4963.28066091258,0.0008545635922805766,13.822097724192835
913,610,Asimina',0,0,0,0,0,0,0,0.0,0.0,0.0,0.0,0.0,0.0,0.0,0.0
913,610,Betula',0,0,0,0,0,0,0,0.0,0.0,0.0,0.0,0.0,0.0,0.0,0.0
913,610,Calocedrus',0,191,143,0,0,0,2,91.93721771240234,28.891738891601562,90.73693745553493,5.852977032932836,6596.374253401161,78142.3991186827,0.01596925416135818,177.4878119291007
913,610,Carpinus',0,0,0,0,0,0,0,0.0,0.0,0.0,0.0,0.0,0.0,0.0,0.0
913,610,Carya',0,0,0,0,0,0,0,0.0,0.0,0.0,0.0,0.0,0.0,0.0,0.0
913,610,Castanea',0,0,0,0,0,0,0,0.0,0.0,0.0,0.0,0.0,0.0,0.0,0.0
913,610,Catalpa',0,0,0,0,0,0,0,0.0,0.0,0.0,0.0,0.0,0.0,0.0,0.0
913,610,Celtis',0,0,0,0,0,0,0,0.0,0.0,0.0,0.0,0.0,0.0,0.0,0.0
913,610,Cercis',0,0,0,0,0,0,0,0.0,0.0,0.0,0.0,0.0,0.0,0.0,0.0
913,610,Cercocarpus',0,18,0,0,0,0,0,4.856739521026611,3.3162858486175537,4.685759983062744,0.03438408540452252,54.43959741592408,1217.306404897275,0.00018866007959842678,4.2185676262260605
913,610,Chamaecyparis',0,0,0,0,0,0,0,0.0,0.0,0.0,0.0,0.0,0.0,0.0,0.0
913,610,Chilopsis',0,0,0,0,0,0,0,0.0,0.0,0.0,0.0,0.0,0.0,0.0,0.0
913,610,Chrysolepis',0,32,147,18,3,1,2,104.09864807128906,29.85304069519043,67.2369653636217,7.99303109459357,12578.408281720282,133284.41820249794,0.028923219549217585,299.3137413171234
913,610,Cladrastis',0,0,0,0,0,0,0,0.0,0.0,0.0,0.0,0.0,0.0,0.0,0.0
913,610,Comus',0,0,0,0,0,0,0,0.0,0.0,0.0,0.0,0.0,0.0,0.0,0.0
913,610,Cornus',0,14,0,0,0,0,0,6.530250072479248,5.397880554199219,9.54163623761527,0.047157650725750164,68.21621315002442,1525.360897710684,0.00028894873833656476,6.461090209333547
913,610,Crataegus',0,0,0,0,0,0,0,0.0,0.0,0.0,0.0,0.0,0.0,0.0,0.0
913,610,Cupressus',0,0,0,0,0,0,0,0.0,0.0,0.0,0.0,0.0,0.0,0.0,0.0
913,610,Diospyros',0,0,0,0,0,0,0,0.0,0.0,0.0,0.0,0.0,0.0,0.0,0.0
913,610,Elaeagnus',0,0,0,0,0,0,0,0.0,0.0,0.0,0.0,0.0,0.0,0.0,0.0
913,610,Fagus',0,0,0,0,0,0,0,0.0,0.0,0.0,0.0,0.0,0.0,0.0,0.0
913,610,Fraxinus',0,35,0,0,0,0,0,2.6922075748443604,2.6069693565368652,9.330314838244945,0.020197172570988818,32.624841546416285,729.5136345294648,0.00020681471038330233,4.624517511639994
913,610,Gleditsia',0,0,0,0,0,0,0,0.0,0.0,0.0,0.0,0.0,0.0,0.0,0.0
913,610,Gordonia',0,0,0,0,0,0,0,0.0,0.0,0.0,0.0,0.0,0.0,0.0,0.0
913,610,Gymnocladus',0,0,0,0,0,0,0,0.0,0.0,0.0,0.0,0.0,0.0,0.0,0.0
913,610,Halesia',0,0,0,0,0,0,0,0.0,0.0,0.0,0.0,0.0,0.0,0.0,0.0
913,610,Ilex',0,0,0,0,0,0,0,0.0,0.0,0.0,0.0,0.0,0.0,0.0,0.0
913,610,Juglans',0,0,0,0,0,0,0,0.0,0.0,0.0,0.0,0.0,0.0,0.0,0.0
913,610,Juniperus',0,93,51,1,0,0,0,37.21015930175781,10.677205085754395,118.21971084952354,0.7614636772185499,870.2440552151203,8719.407330227754,0.0036414937206318077,35.56132867336568
913,610,Larix',0,0,0,0,0,0,0,0.0,0.0,0.0,0.0,0.0,0.0,0.0,0.0
913,610,Liquidambar',0,0,0,0,0,0,0,0.0,0.0,0.0,0.0,0.0,0.0,0.0,0.0
913,610,Liriodendron',0,0,0,0,0,0,0,0.0,0.0,0.0,0.0,0.0,0.0,0.0,0.0
913,610,Lithocarpus',0,106,27,0,0,0,0,27.237442016601562,14.126984596252441,27.922939508855343,0.44781057818177317,538.903123613894,5455.5481326923855,0.0016008938443859409,16.16595134212589
913,610,Maclura',0,0,0,0,0,0,0,0.0,0.0,0.0,0.0,0.0,0.0,0.0,0.0
913,610,Magnolia',0,0,0,0,0,0,0,0.0,0.0,0.0,0.0,0.0,0.0,0.0,0.0
913,610,Malus',0,0,0,0,0,0,0,0.0,0.0,0.0,0.0,0.0,0.0,0.0,0.0
913,610,Morus',0,0,0,0,0,0,0,0.0,0.0,0.0,0.0,0.0,0.0,0.0,0.0
913,610,Nyssa',0,0,0,0,0,0,0,0.0,0.0,0.0,0.0,0.0,0.0,0.0,0.0
913,610,Olneya',0,0,0,0,0,0,0,0.0,0.0,0.0,0.0,0.0,0.0,0.0,0.0
913,610,Ostrya',0,0,0,0,0,0,0,0.0,0.0,0.0,0.0,0.0,0.0,0.0,0.0
913,610,Oxydendron',0,0,0,0,0,0,0,0.0,0.0,0.0,0.0,0.0,0.0,0.0,0.0
913,610,Paulownia',0,0,0,0,0,0,0,0.0,0.0,0.0,0.0,0.0,0.0,0.0,0.0
913,610,Persea',0,0,0,0,0,0,0,0.0,0.0,0.0,0.0,0.0,0.0,0.0,0.0
913,610,Picea',0,0,0,0,0,0,0,0.0,0.0,0.0,0.0,0.0,0.0,0.0,0.0
913,610,Pinus',0,3378,3207,288,11,0,0,118.42229461669922,31.09976577758789,2415.085156037211,90.25878682229619,92444.68947296828,188010.89019112271,0.24031720621503155,440.8746194095921
913,610,Planera',0,0,0,0,0,0,0,0.0,0.0,0.0,0.0,0.0,0.0,0.0,0.0
913,610,Platanus',0,0,0,0,0,0,0,0.0,0.0,0.0,0.0,0.0,0.0,0.0,0.0
913,610,Populus',0,319,25,0,0,0,0,22.852432250976562,8.005241394042969,124.08009478657304,0.48852096565190245,501.22807780206205,3009.598744987877,0.0029000420849323175,17.36775093530668
913,610,Prosopis',0,0,0,0,0,0,0,0.0,0.0,0.0,0.0,0.0,0.0,0.0,0.0
913,610,Prunus',0,0,0,0,0,0,0,0.0,0.0,0.0,0.0,0.0,0.0,0.0,0.0
913,610,Pseudotsuga',0,0,0,0,0,0,0,0.0,0.0,0.0,0.0,0.0,0.0,0.0,0.0
913,610,Quercus',0,41,15,0,0,0,0,9.805444717407227,4.980434894561768,24.44211698974235,0.1900492739902617,208.1593954193592,2967.1246903780084,0.0008144342837929704,11.069583601557554
913,610,Robinia',0,0,0,0,0,0,0,0.0,0.0,0.0,0.0,0.0,0.0,0.0,0.0
913,610,Salix',0,462,0,0,0,0,0,7.813611030578613,5.823554515838623,77.08047368092156,0.49900638971075817,404.89089619629084,2967.394687246999,0.0020093738029698196,13.380576278929684
913,610,Sassafras',0,0,0,0,0,0,0,0.0,0.0,0.0,0.0,0.0,0.0,0.0,0.0
913,610,Sequoia',0,0,0,0,0,0,0,0.0,0.0,0.0,0.0,0.0,0.0,0.0,0.0
913,610,Sequoiadendron',0,0,0,0,0,0,0,0.0,0.0,0.0,0.0,0.0,0.0,0.0,0.0
913,610,Sorbus',0,0,0,0,0,0,0,0.0,0.0,0.0,0.0,0.0,0.0,0.0,0.0
913,610,Taxodium',0,0,0,0,0,0,0,0.0,0.0,0.0,0.0,0.0,0.0,0.0,0.0
913,610,Taxus',0,0,0,0,0,0,0,0.0,0.0,0.0,0.0,0.0,0.0,0.0,0.0
913,610,Thuja',0,0,0,0,0,0,0,0.0,0.0,0.0,0.0,0.0,0.0,0.0,0.0
913,610,Tilia',0,0,0,0,0,0,0,0.0,0.0,0.0,0.0,0.0,0.0,0.0,0.0
913,610,Torreya',0,0,0,0,0,0,0,0.0,0.0,0.0,0.0,0.0,0.0,0.0,0.0
913,610,Tsuga',0,0,0,0,0,0,0,0.0,0.0,0.0,0.0,0.0,0.0,0.0,0.0
913,610,Ulmus',0,0,0,0,0,0,0,0.0,0.0,0.0,0.0,0.0,0.0,0.0,0.0
913,610,Umbellularia',0,73,0,0,0,0,0,2.6150753498077393,2.5705928802490234,14.52951431930065,0.030694561564476298,58.78483922660351,945.4209550864238,0.000340503736300399,5.481743165260047
913,620,Abies',0,21,98,0,0,0,0,23.180551528930664,14.368391036987305,29.680767408609388,1.669407818027291,1484.625749527216,15295.828404172678,0.003727890550001229,37.400446157843
913,620,Acer',0,39,5,0,0,0,0,21.24108123779297,9.96015739440918,15.212616463062128,0.2226636873278834,232.56756023943424,4617.702010191607,0.000735810886008664,12.894749724778018
913,620,Aesculus',0,0,0,0,0,0,0,0.0,0.0,0.0,0.0,0.0,0.0,0.0,0.0
913,620,Ailanthus',0,0,0,0,0,0,0,0.0,0.0,0.0,0.0,0.0,0.0,0.0,0.0
913,620,Alnus',0,1843,220,0,0,0,0,14.001184463500977,10.651232719421387,436.295937919942,3.8774307524544303,3291.927654854581,12733.465439815218,0.01359611720702889,40.64736105617843
913,620,Amelanchier',0,0,0,0,0,0,0,0.0,0.0,0.0,0.0,0.0,0.0,0.0,0.0
913,620,Arbutus',0,40,15,0,0,0,0,13.55660343170166,10.397843360900879,10.324053761959075,0.22134505019148468,309.95021562218665,6719.784834272904,0.0008379034777255711,17.915299199574115
913,620,Asimina',0,0,0,0,0,0,0,0.0,0.0,0.0,0.0,0.0,0.0,0.0,0.0
913,620,Betula',0,0,0,0,0,0,0,0.0,0.0,0.0,0.0,0.0,0.0,0.0,0.0
913,620,Calocedrus',0,165,101,14,0,0,2,93.934326171875,29.124561309814453,65.92837311029434,5.769048977966053,6647.140436627865,81475.42298244161,0.01572372207844631,183.4426913608503
913,620,Carpinus',0,0,0,0,0,0,0,0.0,0.0,0.0,0.0,0.0,0.0,0.0,0.0
913,620,Carya',0,0,0,0,0,0,0,0.0,0.0,0.0,0.0,0.0,0.0,0.0,0.0
913,620,Castanea',0,0,0,0,0,0,0,0.0,0.0,0.0,0.0,0.0,0.0,0.0,0.0
913,620,Catalpa',0,0,0,0,0,0,0,0.0,0.0,0.0,0.0,0.0,0.0,0.0,0.0
913,620,Celtis',0,0,0,0,0,0,0,0.0,0.0,0.0,0.0,0.0,0.0,0.0,0.0
913,620,Cercis',0,0,0,0,0,0,0,0.0,0.0,0.0,0.0,0.0,0.0,0.0,0.0
913,620,Cercocarpus',0,25,0,0,0,0,0,7.660515785217285,4.302364826202393,7.851022624969482,0.09109718602566595,131.21325723648073,2631.623890551249,0.0004049886631965606,7.631677348484011
913,620,Chamaecyparis',0,0,0,0,0,0,0,0.0,0.0,0.0,0.0,0.0,0.0,0.0,0.0
913,620,Chilopsis',0,0,0,0,0,0,0,0.0,0.0,0.0,0.0,0.0,0.0,0.0,0.0
913,620,Chrysolepis',0,109,140,5,3,1,0,80.59077453613281,27.00672149658203,93.77852389335632,5.0138717775229145,6979.878067641258,69026.69283784665,0.016865418722429023,158.0653311969732
913,620,Cladrastis',0,0,0,0,0,0,0,0.0,0.0,0.0,0.0,0.0,0.0,0.0,0.0
913,620,Comus',0,0,0,0,0,0,0,0.0,0.0,0.0,0.0,0.0,0.0,0.0,0.0
913,620,Cornus',0,0,0,0,0,0,0,0.0,0.0,0.0,0.0,0.0,0.0,0.0,0.0
913,620,Crataegus',0,0,0,0,0,0,0,0.0,0.0,0.0,0.0,0.0,0.0,0.0,0.0
913,620,Cupressus',0,31,0,0,0,0,0,2.227471351623535,2.109382390975952,0.0,0.012220534167261146,19.194426231384277,429.20041842480157,4.2654280140995974e-05,0.9537786992658627
913,620,Diospyros',0,0,0,0,0,0,0,0.0,0.0,0.0,0.0,0.0,0.0,0.0,0.0
913,620,Elaeagnus',0,0,0,0,0,0,0,0.0,0.0,0.0,0.0,0.0,0.0,0.0,0.0
913,620,Fagus',0,0,0,0,0,0,0,0.0,0.0,0.0,0.0,0.0,0.0,0.0,0.0
913,620,Fraxinus',0,0,0,0,0,0,0,0.0,0.0,0.0,0.0,0.0,0.0,0.0,0.0
913,620,Gleditsia',0,0,0,0,0,0,0,0.0,0.0,0.0,0.0,0.0,0.0,0.0,0.0
913,620,Gordonia',0,0,0,0,0,0,0,0.0,0.0,0.0,0.0,0.0,0.0,0.0,0.0
913,620,Gymnocladus',0,0,0,0,0,0,0,0.0,0.0,0.0,0.0,0.0,0.0,0.0,0.0
913,620,Halesia',0,0,0,0,0,0,0,0.0,0.0,0.0,0.0,0.0,0.0,0.0,0.0
913,620,Ilex',0,0,0,0,0,0,0,0.0,0.0,0.0,0.0,0.0,0.0,0.0,0.0
913,620,Juglans',0,0,0,0,0,0,0,0.0,0.0,0.0,0.0,0.0,0.0,0.0,0.0
913,620,Juniperus',0,127,65,0,0,0,0,14.184202194213867,5.803513050079346,98.01402566909789,0.9227031508024877,908.3604963493348,9350.749171115309,0.0034343370395886526,34.098471226185765
913,620,Larix',0,0,0,0,0,0,0,0.0,0.0,0.0,0.0,0.0,0.0,0.0,0.0
913,620,Liquidambar',0,0,0,0,0,0,0,0.0,0.0,0.0,0.0,0.0,0.0,0.0,0.0
913,620,Liriodendron',0,0,0,0,0,0,0,0.0,0.0,0.0,0.0,0.0,0.0,0.0,0.0
913,620,Lithocarpus',0,36,45,0,0,0,0,33.03492736816406,16.163330078125,31.641058346927164,0.35087755875280635,516.2569283339382,6229.98387848287,0.0016042751171303257,18.8220933484427
913,620,Maclura',0,0,0,0,0,0,0,0.0,0.0,0.0,0.0,0.0,0.0,0.0,0.0
913,620,Magnolia',0,0,0,0,0,0,0,0.0,0.0,0.0,0.0,0.0,0.0,0.0,0.0
913,620,Malus',0,0,0,0,0,0,0,0.0,0.0,0.0,0.0,0.0,0.0,0.0,0.0
913,620,Morus',0,0,0,0,0,0,0,0.0,0.0,0.0,0.0,0.0,0.0,0.0,0.0
913,620,Nyssa',0,0,0,0,0,0,0,0.0,0.0,0.0,0.0,0.0,0.0,0.0,0.0
913,620,Olneya',0,0,0,0,0,0,0,0.0,0.0,0.0,0.0,0.0,0.0,0.0,0.0
913,620,Ostrya',0,0,0,0,0,0,0,0.0,0.0,0.0,0.0,0.0,0.0,0.0,0.0
913,620,Oxydendron',0,0,0,0,0,0,0,0.0,0.0,0.0,0.0,0.0,0.0,0.0,0.0
913,620,Paulownia',0,0,0,0,0,0,0,0.0,0.0,0.0,0.0,0.0,0.0,0.0,0.0
913,620,Persea',0,0,0,0,0,0,0,0.0,0.0,0.0,0.0,0.0,0.0,0.0,0.0
913,620,Picea',0,0,0,0,0,0,0,0.0,0.0,0.0,0.0,0.0,0.0,0.0,0.0
913,620,Pinus',0,3301,3428,339,7,3,0,129.94371032714844,31.901763916015625,2247.0868582211433,94.8397990649159,97603.57096947328,181705.99547815247,0.24935474578551797,424.4383141852921
913,620,Planera',0,0,0,0,0,0,0,0.0,0.0,0.0,0.0,0.0,0.0,0.0,0.0
913,620,Platanus',0,0,0,0,0,0,0,0.0,0.0,0.0,0.0,0.0,0.0,0.0,0.0
913,620,Populus',0,468,12,0,0,0,0,25.506893157958984,8.660710334777832,188.94982347760018,0.7911765916837615,788.0368055158854,5137.649264178686,0.004471230562534414,23.941579538937322
913,620,Prosopis',0,0,0,0,0,0,0,0.0,0.0,0.0,0.0,0.0,0.0,0.0,0.0
913,620,Prunus',0,0,0,0,0,0,0,0.0,0.0,0.0,0.0,0.0,0.0,0.0,0.0
913,620,Pseudotsuga',0,0,0,0,0,0,0,0.0,0.0,0.0,0.0,0.0,0.0,0.0,0.0
913,620,Quercus',0,17,15,0,0,0,0,12.832586288452148,5.837007522583008,19.549289922925485,0.2435814212817434,249.1030037856102,4390.415630760161,0.0008349850994646516,13.481037732552686
913,620,Robinia',0,0,0,0,0,0,0,0.0,0.0,0.0,0.0,0.0,0.0,0.0,0.0
913,620,Salix',0,489,0,0,0,0,0,7.620500564575195,5.720852851867676,80.04877302265147,0.3584395763296698,320.12656105600297,2053.9947278013274,0.001863738912825242,11.537807300419367
913,620,Sassafras',0,0,0,0,0,0,0,0.0,0.0,0.0,0.0,0.0,0.0,0.0,0.0
913,620,Sequoia',0,0,0,0,0,0,0,0.0,0.0,0.0,0.0,0.0,0.0,0.0,0.0
913,620,Sequoiadendron',0,0,0,0,0,0,0,0.0,0.0,0.0,0.0,0.0,0.0,0.0,0.0
913,620,Sorbus',0,0,0,0,0,0,0,0.0,0.0,0.0,0.0,0.0,0.0,0.0,0.0
913,620,Taxodium',0,0,0,0,0,0,0,0.0,0.0,0.0,0.0,0.0,0.0,0.0,0.0
913,620,Taxus',0,0,0,0,0,0,0,0.0,0.0,0.0,0.0,0.0,0.0,0.0,0.0
913,620,Thuja',0,0,0,0,0,0,0,0.0,0.0,0.0,0.0,0.0,0.0,0.0,0.0
913,620,Tilia',0,0,0,0,0,0,0,0.0,0.0,0.0,0.0,0.0,0.0,0.0,0.0
913,620,Torreya',0,0,0,0,0,0,0,0.0,0.0,0.0,0.0,0.0,0.0,0.0,0.0
913,620,Tsuga',0,0,0,0,0,0,0,0.0,0.0,0.0,0.0,0.0,0.0,0.0,0.0
913,620,Ulmus',0,0,0,0,0,0,0,0.0,0.0,0.0,0.0,0.0,0.0,0.0,0.0
913,620,Umbellularia',0,73,0,0,0,0,0,4.411965370178223,3.4021835327148438,20.45948444366455,0.08672762758724971,111.65661754131317,1764.5896241444011,0.0005436516988035295,8.684350550447402
913,630,Abies',0,67,119,0,0,0,0,25.045211791992188,15.171610832214355,31.99468468442559,2.0771516863609043,1900.7792101411521,18930.0914873233,0.004686099300804545,45.100262602468746
913,630,Acer',0,120,5,0,0,0,0,23.94634246826172,10.892773628234863,23.2460554943809,0.30668728958469327,338.2550338494778,6121.930305724744,0.0010863177459158454,16.434018544527557
913,630,Aesculus',0,0,0,0,0,0,0,0.0,0.0,0.0,0.0,0.0,0.0,0.0,0.0
913,630,Ailanthus',0,0,0,0,0,0,0,0.0,0.0,0.0,0.0,0.0,0.0,0.0,0.0
913,630,Alnus',0,1847,93,0,0,0,0,17.95490264892578,12.795316696166992,487.976780948288,3.297616179955726,2831.6943820776046,9175.77546190156,0.013317351025665513,36.80398414054592
913,630,Amelanchier',0,0,0,0,0,0,0,0.0,0.0,0.0,0.0,0.0,0.0,0.0,0.0
913,630,Arbutus',0,74,2,0,0,0,0,8.849753379821777,7.551772594451904,35.034774842262266,0.12362830890647568,216.30184743404388,2795.91546358464,0.0009867286333031823,12.71786511977311
913,630,Asimina',0,0,0,0,0,0,0,0.0,0.0,0.0,0.0,0.0,0.0,0.0,0.0
913,630,Betula',0,0,0,0,0,0,0,0.0,0.0,0.0,0.0,0.0,0.0,0.0,0.0
913,630,Calocedrus',0,128,135,14,0,0,2,95.87061309814453,29.3425235748291,76.15576751828193,6.8130653573238025,7686.206523772478,87221.02878964791,0.0181804868897299,197.0527296744008
913,630,Carpinus',0,0,0,0,0,0,0,0.0,0.0,0.0,0.0,0.0,0.0,0.0,0.0
913,630,Carya',0,0,0,0,0,0,0,0.0,0.0,0.0,0.0,0.0,0.0,0.0,0.0
913,630,Castanea',0,0,0,0,0,0,0,0.0,0.0,0.0,0.0,0.0,0.0,0.0,0.0
913,630,Catalpa',0,0,0,0,0,0,0,0.0,0.0,0.0,0.0,0.0,0.0,0.0,0.0
913,630,Celtis',0,0,0,0,0,0,0,0.0,0.0,0.0,0.0,0.0,0.0,0.0,0.0
913,630,Cercis',0,0,0,0,0,0,0,0.0,0.0,0.0,0.0,0.0,0.0,0.0,0.0
913,630,Cercocarpus',0,0,25,0,0,0,0,9.73515796661377,4.959191799163818,22.62877243041992,0.18555507749624442,289.8931898498535,4919.381591921927,0.0009710671488245323,15.941997022368394
913,630,Chamaecyparis',0,0,0,0,0,0,0,0.0,0.0,0.0,0.0,0.0,0.0,0.0,0.0
913,630,Chilopsis',0,0,0,0,0,0,0,0.0,0.0,0.0,0.0,0.0,0.0,0.0,0.0
913,630,Chrysolepis',0,110,177,5,0,4,0,85.23441314697266,27.66382598876953,128.16219621121883,6.035948996402115,8261.060125123859,76153.69175997167,0.020209143459223807,174.08438118638188
913,630,Cladrastis',0,0,0,0,0,0,0,0.0,0.0,0.0,0.0,0.0,0.0,0.0,0.0
913,630,Comus',0,0,0,0,0,0,0,0.0,0.0,0.0,0.0,0.0,0.0,0.0,0.0
913,630,Cornus',0,0,0,0,0,0,0,0.0,0.0,0.0,0.0,0.0,0.0,0.0,0.0
913,630,Crataegus',0,0,0,0,0,0,0,0.0,0.0,0.0,0.0,0.0,0.0,0.0,0.0
913,630,Cupressus',0,31,0,0,0,0,0,3.623861789703369,2.6019976139068604,14.963526592254638,0.03234515129831322,53.54184507369995,1197.2320522555542,0.0003351217078268479,7.493549194366501
913,630,Diospyros',0,0,0,0,0,0,0,0.0,0.0,0.0,0.0,0.0,0.0,0.0,0.0
913,630,Elaeagnus',0,0,0,0,0,0,0,0.0,0.0,0.0,0.0,0.0,0.0,0.0,0.0
913,630,Fagus',0,0,0,0,0,0,0,0.0,0.0,0.0,0.0,0.0,0.0,0.0,0.0
913,630,Fraxinus',0,0,0,0,0,0,0,0.0,0.0,0.0,0.0,0.0,0.0,0.0,0.0
913,630,Gleditsia',0,0,0,0,0,0,0,0.0,0.0,0.0,0.0,0.0,0.0,0.0,0.0
913,630,Gordonia',0,0,0,0,0,0,0,0.0,0.0,0.0,0.0,0.0,0.0,0.0,0.0
913,630,Gymnocladus',0,0,0,0,0,0,0,0.0,0.0,0.0,0.0,0.0,0.0,0.0,0.0
913,630,Halesia',0,0,0,0,0,0,0,0.0,0.0,0.0,0.0,0.0,0.0,0.0,0.0
913,630,Ilex',0,0,0,0,0,0,0,0.0,0.0,0.0,0.0,0.0,0.0,0.0,0.0
913,630,Juglans',0,0,0,0,0,0,0,0.0,0.0,0.0,0.0,0.0,0.0,0.0,0.0
913,630,Juniperus',0,142,41,0,0,0,0,19.882007598876953,7.249963283538818,137.32547694206238,0.8357126175741171,925.7815478897095,9402.1908151375,0.004040882516243171,38.4464060802484
913,630,Larix',0,0,0,0,0,0,0,0.0,0.0,0.0,0.0,0.0,0.0,0.0,0.0
913,630,Liquidambar',0,0,0,0,0,0,0,0.0,0.0,0.0,0.0,0.0,0.0,0.0,0.0
913,630,Liriodendron',0,0,0,0,0,0,0,0.0,0.0,0.0,0.0,0.0,0.0,0.0,0.0
913,630,Lithocarpus',0,107,45,0,0,0,0,10.62928295135498,7.030710220336914,53.13034384727478,0.5265517449359802,641.7680817699433,7071.069042914993,0.0021935896107728313,21.39088382281978
913,630,Maclura',0,0,0,0,0,0,0,0.0,0.0,0.0,0.0,0.0,0.0,0.0,0.0
913,630,Magnolia',0,0,0,0,0,0,0,0.0,0.0,0.0,0.0,0.0,0.0,0.0,0.0
913,630,Malus',0,0,0,0,0,0,0,0.0,0.0,0.0,0.0,0.0,0.0,0.0,0.0
913,630,Morus',0,0,0,0,0,0,0,0.0,0.0,0.0,0.0,0.0,0.0,0.0,0.0
913,630,Nyssa',0,0,0,0,0,0,0,0.0,0.0,0.0,0.0,0.0,0.0,0.0,0.0
913,630,Olneya',0,0,0,0,0,0,0,0.0,0.0,0.0,0.0,0.0,0.0,0.0,0.0
913,630,Ostrya',0,0,0,0,0,0,0,0.0,0.0,0.0,0.0,0.0,0.0,0.0,0.0
913,630,Oxydendron',0,0,0,0,0,0,0,0.0,0.0,0.0,0.0,0.0,0.0,0.0,0.0
913,630,Paulownia',0,0,0,0,0,0,0,0.0,0.0,0.0,0.0,0.0,0.0,0.0,0.0
913,630,Persea',0,0,0,0,0,0,0,0.0,0.0,0.0,0.0,0.0,0.0,0.0,0.0
913,630,Picea',0,0,0,0,0,0,0,0.0,0.0,0.0,0.0,0.0,0.0,0.0,0.0
913,630,Pinus',0,3233,3296,275,15,0,0,141.6487274169922,32.568870544433594,2341.34057638973,91.49117862620753,94890.23225861788,176813.9060481912,0.2446865459256581,411.4358085884725
913,630,Planera',0,0,0,0,0,0,0,0.0,0.0,0.0,0.0,0.0,0.0,0.0,0.0
913,630,Platanus',0,0,0,0,0,0,0,0.0,0.0,0.0,0.0,0.0,0.0,0.0,0.0
913,630,Populus',0,369,12,0,0,0,0,37.64741516113281,11.381879806518555,92.21616386094047,0.3467723344730136,401.63292982667684,2953.5582322257483,0.002220020522631464,17.33154884059999
913,630,Prosopis',0,0,0,0,0,0,0,0.0,0.0,0.0,0.0,0.0,0.0,0.0,0.0
913,630,Prunus',0,0,0,0,0,0,0,0.0,0.0,0.0,0.0,0.0,0.0,0.0,0.0
913,630,Pseudotsuga',0,0,0,0,0,0,0,0.0,0.0,0.0,0.0,0.0,0.0,0.0,0.0
913,630,Quercus',0,28,20,0,0,0,0,15.415599822998047,6.484749794006348,23.041957630009588,0.3376388129988821,353.91859464526175,6226.891315434117,0.0011181875824779282,17.051896454341456
913,630,Robinia',0,0,0,0,0,0,0,0.0,0.0,0.0,0.0,0.0,0.0,0.0,0.0
913,630,Salix',0,470,0,0,0,0,0,5.511589050292969,4.57047176361084,96.03899842528979,0.35563318535318156,338.62027473181485,2109.275280850465,0.002135024232415012,13.2203953673552
913,630,Sassafras',0,0,0,0,0,0,0,0.0,0.0,0.0,0.0,0.0,0.0,0.0,0.0
913,630,Sequoia',0,0,0,0,0,0,0,0.0,0.0,0.0,0.0,0.0,0.0,0.0,0.0
913,630,Sequoiadendron',0,0,0,0,0,0,0,0.0,0.0,0.0,0.0,0.0,0.0,0.0,0.0
913,630,Sorbus',0,0,0,0,0,0,0,0.0,0.0,0.0,0.0,0.0,0.0,0.0,0.0
913,630,Taxodium',0,0,0,0,0,0,0,0.0,0.0,0.0,0.0,0.0,0.0,0.0,0.0
913,630,Taxus',0,0,0,0,0,0,0,0.0,0.0,0.0,0.0,0.0,0.0,0.0,0.0
913,630,Thuja',0,0,0,0,0,0,0,0.0,0.0,0.0,0.0,0.0,0.0,0.0,0.0
913,630,Tilia',0,0,0,0,0,0,0,0.0,0.0,0.0,0.0,0.0,0.0,0.0,0.0
913,630,Torreya',0,0,0,0,0,0,0,0.0,0.0,0.0,0.0,0.0,0.0,0.0,0.0
913,630,Tsuga',0,0,0,0,0,0,0,0.0,0.0,0.0,0.0,0.0,0.0,0.0,0.0
913,630,Ulmus',0,0,0,0,0,0,0,0.0,0.0,0.0,0.0,0.0,0.0,0.0,0.0
913,630,Umbellularia',0,0,0,0,0,0,0,0.0,0.0,0.0,0.0,0.0,0.0,0.0,0.0
913,640,Abies',0,35,83,0,0,0,0,26.67778205871582,15.849815368652344,36.29282967567444,2.0738208871158283,2025.2875721645355,21636.247268933366,0.0050248688444197226,51.74807649419829
913,640,Acer',0,144,7,0,0,0,0,26.480270385742188,11.735478401184082,45.71660140269918,0.43315849537039774,497.69556045770645,7824.006556201583,0.001764105990678074,20.896243734154773
913,640,Aesculus',0,0,0,0,0,0,0,0.0,0.0,0.0,0.0,0.0,0.0,0.0,0.0
913,640,Ailanthus',0,0,0,0,0,0,0,0.0,0.0,0.0,0.0,0.0,0.0,0.0,0.0
913,640,Alnus',0,1936,157,0,0,0,0,22.89178466796875,15.215295791625977,534.9757976769881,3.7810160657332372,3258.3987056357414,10173.191485609412,0.014942159829326432,39.522490119975856
913,640,Amelanchier',0,0,0,0,0,0,0,0.0,0.0,0.0,0.0,0.0,0.0,0.0,0.0
913,640,Arbutus',0,62,14,0,0,0,0,11.800482749938965,9.371479988098145,21.68962955147028,0.2968138395723134,357.5302620473504,4659.530865991123,0.0011078063339938615,14.422819606692883
913,640,Asimina',0,0,0,0,0,0,0,0.0,0.0,0.0,0.0,0.0,0.0,0.0,0.0
913,640,Betula',0,0,0,0,0,0,0,0.0,0.0,0.0,0.0,0.0,0.0,0.0,0.0
913,640,Calocedrus',0,178,150,24,0,0,2,97.72079467773438,29.543888092041016,102.6519511848688,7.023953664902278,8197.398165214658,92460.72601101722,0.019699191077127306,208.83633572955245
913,640,Carpinus',0,0,0,0,0,0,0,0.0,0.0,0.0,0.0,0.0,0.0,0.0,0.0
913,640,Carya',0,0,0,0,0,0,0,0.0,0.0,0.0,0.0,0.0,0.0,0.0,0.0
913,640,Castanea',0,0,0,0,0,0,0,0.0,0.0,0.0,0.0,0.0,0.0,0.0,0.0
913,640,Catalpa',0,0,0,0,0,0,0,0.0,0.0,0.0,0.0,0.0,0.0,0.0,0.0
913,640,Celtis',0,0,0,0,0,0,0,0.0,0.0,0.0,0.0,0.0,0.0,0.0,0.0
913,640,Cercis',0,0,0,0,0,0,0,0.0,0.0,0.0,0.0,0.0,0.0,0.0,0.0
913,640,Cercocarpus',0,0,26,0,0,0,0,13.53042221069336,6.019154071807861,15.6305731010437,0.3123876604212915,442.1378710746765,7171.576309623265,0.001208303488413492,19.377568443154363
913,640,Chamaecyparis',0,0,0,0,0,0,0,0.0,0.0,0.0,0.0,0.0,0.0,0.0,0.0
913,640,Chilopsis',0,0,0,0,0,0,0,0.0,0.0,0.0,0.0,0.0,0.0,0.0,0.0
913,640,Chrysolepis',0,109,159,0,5,3,1,89.60546875,28.236141204833984,106.13750722765923,5.4220237178664386,7736.970946429968,78168.13775120163,0.018726366244263323,178.6592575420826
913,640,Cladrastis',0,0,0,0,0,0,0,0.0,0.0,0.0,0.0,0.0,0.0,0.0,0.0
913,640,Comus',0,0,0,0,0,0,0,0.0,0.0,0.0,0.0,0.0,0.0,0.0,0.0
913,640,Cornus',0,0,0,0,0,0,0,0.0,0.0,0.0,0.0,0.0,0.0,0.0,0.0
913,640,Crataegus',0,0,0,0,0,0,0,0.0,0.0,0.0,0.0,0.0,0.0,0.0,0.0
913,640,Cupressus',0,39,0,0,0,0,0,4.26024866104126,2.822808027267456,16.82856081724167,0.03559227040942877,60.48608476877212,1022.1323971835046,0.0003774927333214588,6.379747610235108
913,640,Diospyros',0,0,0,0,0,0,0,0.0,0.0,0.0,0.0,0.0,0.0,0.0,0.0
913,640,Elaeagnus',0,0,0,0,0,0,0,0.0,0.0,0.0,0.0,0.0,0.0,0.0,0.0
913,640,Fagus',0,0,0,0,0,0,0,0.0,0.0,0.0,0.0,0.0,0.0,0.0,0.0
913,640,Fraxinus',0,0,0,0,0,0,0,0.0,0.0,0.0,0.0,0.0,0.0,0.0,0.0
913,640,Gleditsia',0,0,0,0,0,0,0,0.0,0.0,0.0,0.0,0.0,0.0,0.0,0.0
913,640,Gordonia',0,0,0,0,0,0,0,0.0,0.0,0.0,0.0,0.0,0.0,0.0,0.0
913,640,Gymnocladus',0,0,0,0,0,0,0,0.0,0.0,0.0,0.0,0.0,0.0,0.0,0.0
913,640,Halesia',0,0,0,0,0,0,0,0.0,0.0,0.0,0.0,0.0,0.0,0.0,0.0
913,640,Ilex',0,0,0,0,0,0,0,0.0,0.0,0.0,0.0,0.0,0.0,0.0,0.0
913,640,Juglans',0,0,0,0,0,0,0,0.0,0.0,0.0,0.0,0.0,0.0,0.0,0.0
913,640,Juniperus',0,0,27,0,0,0,0,14.106847763061523,4.555786609649658,31.068273196220396,0.4245018684688372,383.6141263914108,8577.872637403878,0.0013012397891134183,29.096606234851006
913,640,Larix',0,0,0,0,0,0,0,0.0,0.0,0.0,0.0,0.0,0.0,0.0,0.0
913,640,Liquidambar',0,0,0,0,0,0,0,0.0,0.0,0.0,0.0,0.0,0.0,0.0,0.0
913,640,Liriodendron',0,0,0,0,0,0,0,0.0,0.0,0.0,0.0,0.0,0.0,0.0,0.0
913,640,Lithocarpus',0,103,32,0,0,0,0,12.252525329589844,7.817159652709961,35.05215109705925,0.47896098763487477,551.4504372298718,6991.802701854423,0.001731754281807675,20.3507598341718
913,640,Maclura',0,0,0,0,0,0,0,0.0,0.0,0.0,0.0,0.0,0.0,0.0,0.0
913,640,Magnolia',0,0,0,0,0,0,0,0.0,0.0,0.0,0.0,0.0,0.0,0.0,0.0
913,640,Malus',0,0,0,0,0,0,0,0.0,0.0,0.0,0.0,0.0,0.0,0.0,0.0
913,640,Morus',0,0,0,0,0,0,0,0.0,0.0,0.0,0.0,0.0,0.0,0.0,0.0
913,640,Nyssa',0,0,0,0,0,0,0,0.0,0.0,0.0,0.0,0.0,0.0,0.0,0.0
913,640,Olneya',0,0,0,0,0,0,0,0.0,0.0,0.0,0.0,0.0,0.0,0.0,0.0
913,640,Ostrya',0,0,0,0,0,0,0,0.0,0.0,0.0,0.0,0.0,0.0,0.0,0.0
913,640,Oxydendron',0,0,0,0,0,0,0,0.0,0.0,0.0,0.0,0.0,0.0,0.0,0.0
913,640,Paulownia',0,0,0,0,0,0,0,0.0,0.0,0.0,0.0,0.0,0.0,0.0,0.0
913,640,Persea',0,0,0,0,0,0,0,0.0,0.0,0.0,0.0,0.0,0.0,0.0,0.0
913,640,Picea',0,0,0,0,0,0,0,0.0,0.0,0.0,0.0,0.0,0.0,0.0,0.0
913,640,Pinus',0,3325,3169,285,27,0,0,152.09768676757812,33.06078338623047,2500.444492122233,91.20700455340413,95509.73566557794,181799.9202000621,0.24836138869242583,424.3786234072131
913,640,Planera',0,0,0,0,0,0,0,0.0,0.0,0.0,0.0,0.0,0.0,0.0,0.0
913,640,Platanus',0,0,0,0,0,0,0,0.0,0.0,0.0,0.0,0.0,0.0,0.0,0.0
913,640,Populus',0,586,19,0,0,0,0,14.660638809204102,5.83101749420166,172.5841651026961,0.6697504380112573,699.326400693655,4269.021225545541,0.0040385036171045885,22.620898283341837
913,640,Prosopis',0,0,0,0,0,0,0,0.0,0.0,0.0,0.0,0.0,0.0,0.0,0.0
913,640,Prunus',0,0,0,0,0,0,0,0.0,0.0,0.0,0.0,0.0,0.0,0.0,0.0
913,640,Pseudotsuga',0,0,0,0,0,0,0,0.0,0.0,0.0,0.0,0.0,0.0,0.0,0.0
913,640,Quercus',0,68,15,0,0,0,0,17.27791976928711,6.90910005569458,23.816623144511933,0.40305787998194104,427.5018196105957,8074.63116985574,0.0012928575893044424,22.31646620229497
913,640,Robinia',0,0,0,0,0,0,0,0.0,0.0,0.0,0.0,0.0,0.0,0.0,0.0
913,640,Salix',0,520,20,0,0,0,0,8.805606842041016,6.344318389892578,64.50305116645802,0.5028233839328817,397.05104930751025,3033.4311776780223,0.0018108929127976304,13.310684282149312
913,640,Sassafras',0,0,0,0,0,0,0,0.0,0.0,0.0,0.0,0.0,0.0,0.0,0.0
913,640,Sequoia',0,0,0,0,0,0,0,0.0,0.0,0.0,0.0,0.0,0.0,0.0,0.0
913,640,Sequoiadendron',0,0,0,0,0,0,0,0.0,0.0,0.0,0.0,0.0,0.0,0.0,0.0
913,640,Sorbus',0,0,0,0,0,0,0,0.0,0.0,0.0,0.0,0.0,0.0,0.0,0.0
913,640,Taxodium',0,0,0,0,0,0,0,0.0,0.0,0.0,0.0,0.0,0.0,0.0,0.0
913,640,Taxus',0,0,0,0,0,0,0,0.0,0.0,0.0,0.0,0.0,0.0,0.0,0.0
913,640,Thuja',0,0,0,0,0,0,0,0.0,0.0,0.0,0.0,0.0,0.0,0.0,0.0
913,640,Tilia',0,0,0,0,0,0,0,0.0,0.0,0.0,0.0,0.0,0.0,0.0,0.0
913,640,Torreya',0,0,0,0,0,0,0,0.0,0.0,0.0,0.0,0.0,0.0,0.0,0.0
913,640,Tsuga',0,0,0,0,0,0,0,0.0,0.0,0.0,0.0,0.0,0.0,0.0,0.0
913,640,Ulmus',0,0,0,0,0,0,0,0.0,0.0,0.0,0.0,0.0,0.0,0.0,0.0
913,640,Umbellularia',0,0,0,0,0,0,0,0.0,0.0,0.0,0.0,0.0,0.0,0.0,0.0
913,650,Abies',0,66,54,9,0,0,0,28.202608108520508,16.462865829467773,29.20288065612316,1.9418083609261783,1936.2696499484778,22540.998575044065,0.0047246409135367675,52.689041692166526
913,650,Acer',0,59,0,0,0,0,0,5.347854137420654,3.7234926223754883,19.97204586674895,0.08321350326072512,87.97238793849945,1402.943968054351,0.00048300289274752354,7.636877698951948
913,650,Aesculus',0,0,0,0,0,0,0,0.0,0.0,0.0,0.0,0.0,0.0,0.0,0.0
913,650,Ailanthus',0,0,0,0,0,0,0,0.0,0.0,0.0,0.0,0.0,0.0,0.0,0.0
913,650,Alnus',0,2110,179,0,0,0,0,12.786458015441895,9.952780723571777,555.3467124113458,3.8775678870083885,3245.304651557058,10047.952541620714,0.015206312577821863,39.83851320991653
913,650,Amelanchier',0,0,0,0,0,0,0,0.0,0.0,0.0,0.0,0.0,0.0,0.0,0.0
913,650,Arbutus',0,37,39,0,0,0,0,14.202613830566406,10.765196800231934,25.801299266517162,0.5031958927655524,625.0932878872752,8091.550221208267,0.0017617815894260943,22.774806014306762
913,650,Asimina',0,0,0,0,0,0,0,0.0,0.0,0.0,0.0,0.0,0.0,0.0,0.0
913,650,Betula',0,0,0,0,0,0,0,0.0,0.0,0.0,0.0,0.0,0.0,0.0,0.0
913,650,Calocedrus',0,195,149,38,0,0,2,99.53536987304688,29.735036849975586,112.93873301267624,8.245985633190093,9381.320820243358,98387.8999067911,0.02247871677489759,221.71621022978422
913,650,Carpinus',0,0,0,0,0,0,0,0.0,0.0,0.0,0.0,0.0,0.0,0.0,0.0
913,650,Carya',0,0,0,0,0,0,0,0.0,0.0,0.0,0.0,0.0,0.0,0.0,0.0
913,650,Castanea',0,0,0,0,0,0,0,0.0,0.0,0.0,0.0,0.0,0.0,0.0,0.0
913,650,Catalpa',0,0,0,0,0,0,0,0.0,0.0,0.0,0.0,0.0,0.0,0.0,0.0
913,650,Celtis',0,0,0,0,0,0,0,0.0,0.0,0.0,0.0,0.0,0.0,0.0,0.0
913,650,Cercis',0,0,0,0,0,0,0,0.0,0.0,0.0,0.0,0.0,0.0,0.0,0.0
913,650,Cercocarpus',0,0,26,0,0,0,0,17.635845184326172,6.986835956573486,22.007905654907226,0.44037686096857537,647.494157485962,10185.679148669189,0.0017567678980827295,27.698366427253866
913,650,Chamaecyparis',0,0,0,0,0,0,0,0.0,0.0,0.0,0.0,0.0,0.0,0.0,0.0
913,650,Chilopsis',0,0,0,0,0,0,0,0.0,0.0,0.0,0.0,0.0,0.0,0.0,0.0
913,650,Chrysolepis',0,183,93,0,5,3,0,73.05147552490234,25.821332931518555,118.65396858632565,4.685302302348785,6504.515469238162,73746.98506999493,0.016168369454470134,168.33544015057652
913,650,Cladrastis',0,0,0,0,0,0,0,0.0,0.0,0.0,0.0,0.0,0.0,0.0,0.0
913,650,Comus',0,0,0,0,0,0,0,0.0,0.0,0.0,0.0,0.0,0.0,0.0,0.0
913,650,Cornus',0,0,0,0,0,0,0,0.0,0.0,0.0,0.0,0.0,0.0,0.0,0.0
913,650,Crataegus',0,0,0,0,0,0,0,0.0,0.0,0.0,0.0,0.0,0.0,0.0,0.0
913,650,Cupressus',0,0,8,0,0,0,0,9.489107131958008,4.552925109863281,11.040462431907653,0.05912169252872418,63.32791028499604,1416.0551227025994,0.00030020204219718727,6.712721733371739
913,650,Diospyros',0,0,0,0,0,0,0,0.0,0.0,0.0,0.0,0.0,0.0,0.0,0.0
913,650,Elaeagnus',0,0,0,0,0,0,0,0.0,0.0,0.0,0.0,0.0,0.0,0.0,0.0
913,650,Fagus',0,0,0,0,0,0,0,0.0,0.0,0.0,0.0,0.0,0.0,0.0,0.0
913,650,Fraxinus',0,0,0,0,0,0,0,0.0,0.0,0.0,0.0,0.0,0.0,0.0,0.0
913,650,Gleditsia',0,0,0,0,0,0,0,0.0,0.0,0.0,0.0,0.0,0.0,0.0,0.0
913,650,Gordonia',0,0,0,0,0,0,0,0.0,0.0,0.0,0.0,0.0,0.0,0.0,0.0
913,650,Gymnocladus',0,0,0,0,0,0,0,0.0,0.0,0.0,0.0,0.0,0.0,0.0,0.0
913,650,Halesia',0,0,0,0,0,0,0,0.0,0.0,0.0,0.0,0.0,0.0,0.0,0.0
913,650,Ilex',0,0,0,0,0,0,0,0.0,0.0,0.0,0.0,0.0,0.0,0.0,0.0
913,650,Juglans',0,0,0,0,0,0,0,0.0,0.0,0.0,0.0,0.0,0.0,0.0,0.0
913,650,Juniperus',0,77,27,0,0,0,0,14.958502769470215,4.700831890106201,50.843647480010986,0.5187392389690755,525.792747399807,9891.6868834078,0.001902836598201347,34.57879862133402
913,650,Larix',0,0,0,0,0,0,0,0.0,0.0,0.0,0.0,0.0,0.0,0.0,0.0
913,650,Liquidambar',0,0,0,0,0,0,0,0.0,0.0,0.0,0.0,0.0,0.0,0.0,0.0
913,650,Liriodendron',0,0,0,0,0,0,0,0.0,0.0,0.0,0.0,0.0,0.0,0.0,0.0
913,650,Lithocarpus',0,39,32,0,0,0,0,13.581137657165527,8.44469928741455,16.97053786754608,0.48469179355890646,549.3174778699876,8154.807248097323,0.0014658355399370224,20.642189210945034
913,650,Maclura',0,0,0,0,0,0,0,0.0,0.0,0.0,0.0,0.0,0.0,0.0,0.0
913,650,Magnolia',0,0,0,0,0,0,0,0.0,0.0,0.0,0.0,0.0,0.0,0.0,0.0
913,650,Malus',0,0,0,0,0,0,0,0.0,0.0,0.0,0.0,0.0,0.0,0.0,0.0
913,650,Morus',0,0,0,0,0,0,0,0.0,0.0,0.0,0.0,0.0,0.0,0.0,0.0
913,650,Nyssa',0,0,0,0,0,0,0,0.0,0.0,0.0,0.0,0.0,0.0,0.0,0.0
913,650,Olneya',0,0,0,0,0,0,0,0.0,0.0,0.0,0.0,0.0,0.0,0.0,0.0
913,650,Ostrya',0,0,0,0,0,0,0,0.0,0.0,0.0,0.0,0.0,0.0,0.0,0.0
913,650,Oxydendron',0,0,0,0,0,0,0,0.0,0.0,0.0,0.0,0.0,0.0,0.0,0.0
913,650,Paulownia',0,0,0,0,0,0,0,0.0,0.0,0.0,0.0,0.0,0.0,0.0,0.0
913,650,Persea',0,0,0,0,0,0,0,0.0,0.0,0.0,0.0,0.0,0.0,0.0,0.0
913,650,Picea',0,0,0,0,0,0,0,0.0,0.0,0.0,0.0,0.0,0.0,0.0,0.0
913,650,Pinus',0,3509,2800,327,28,4,0,157.6169891357422,33.287017822265625,2429.7924986565113,85.57323103542893,91254.97619321868,189564.0083833413,0.23788583839060456,439.409403883634
913,650,Planera',0,0,0,0,0,0,0,0.0,0.0,0.0,0.0,0.0,0.0,0.0,0.0
913,650,Platanus',0,0,0,0,0,0,0,0.0,0.0,0.0,0.0,0.0,0.0,0.0,0.0
913,650,Populus',0,287,11,0,0,0,0,11.302976608276367,4.8694844245910645,91.7401330092851,0.32690292955678046,339.737823894918,2556.0689701135802,0.0020756231339760125,15.333515500242257
913,650,Prosopis',0,0,0,0,0,0,0,0.0,0.0,0.0,0.0,0.0,0.0,0.0,0.0
913,650,Prunus',0,0,0,0,0,0,0,0.0,0.0,0.0,0.0,0.0,0.0,0.0,0.0
913,650,Pseudotsuga',0,0,0,0,0,0,0,0.0,0.0,0.0,0.0,0.0,0.0,0.0,0.0
913,650,Quercus',0,39,15,0,0,0,0,19.281238555908203,7.329198360443115,23.438051642873617,0.47672332296602227,506.7115635430813,9984.920067313918,0.0014634294631779333,25.533547934809256
913,650,Robinia',0,0,0,0,0,0,0,0.0,0.0,0.0,0.0,0.0,0.0,0.0,0.0
913,650,Salix',0,383,20,0,0,0,0,12.186324119567871,8.036270141601562,96.56999982881676,0.6453734667550568,520.9222738458961,4472.971467178387,0.002547783867346368,16.69830782786939
913,650,Sassafras',0,0,0,0,0,0,0,0.0,0.0,0.0,0.0,0.0,0.0,0.0,0.0
913,650,Sequoia',0,0,0,0,0,0,0,0.0,0.0,0.0,0.0,0.0,0.0,0.0,0.0
913,650,Sequoiadendron',0,0,0,0,0,0,0,0.0,0.0,0.0,0.0,0.0,0.0,0.0,0.0
913,650,Sorbus',0,0,0,0,0,0,0,0.0,0.0,0.0,0.0,0.0,0.0,0.0,0.0
913,650,Taxodium',0,0,0,0,0,0,0,0.0,0.0,0.0,0.0,0.0,0.0,0.0,0.0
913,650,Taxus',0,0,0,0,0,0,0,0.0,0.0,0.0,0.0,0.0,0.0,0.0,0.0
913,650,Thuja',0,0,0,0,0,0,0,0.0,0.0,0.0,0.0,0.0,0.0,0.0,0.0
913,650,Tilia',0,0,0,0,0,0,0,0.0,0.0,0.0,0.0,0.0,0.0,0.0,0.0
913,650,Torreya',0,0,0,0,0,0,0,0.0,0.0,0.0,0.0,0.0,0.0,0.0,0.0
913,650,Tsuga',0,0,0,0,0,0,0,0.0,0.0,0.0,0.0,0.0,0.0,0.0,0.0
913,650,Ulmus',0,0,0,0,0,0,0,0.0,0.0,0.0,0.0,0.0,0.0,0.0,0.0
913,650,Umbellularia',0,28,0,0,0,0,0,2.32358455657959,2.4325625896453857,5.719823789596558,0.01207665970569949,23.0614590549469,515.6699010718896,0.0001338673658420654,2.9933652999169142
913,660,Abies',0,66,21,19,0,0,0,29.608434677124023,17.011159896850586,19.81888965845108,1.855720452193106,1917.8050043511391,24449.98928126999,0.00454806162572962,56.11344543342484
913,660,Acer',0,78,0,0,0,0,0,3.2796571254730225,2.968722105026245,17.96192071435949,0.04168322600046899,59.55367233723402,803.9789656511414,0.0003909133220245133,5.283925366842526
913,660,Aesculus',0,0,0,0,0,0,0,0.0,0.0,0.0,0.0,0.0,0.0,0.0,0.0
913,660,Ailanthus',0,0,0,0,0,0,0,0.0,0.0,0.0,0.0,0.0,0.0,0.0,0.0
913,660,Alnus',0,2333,76,0,0,0,0,17.110671997070312,12.353560447692871,509.53765144052943,2.658877930719268,2423.959234021902,7015.345482969968,0.012721653625865605,33.13892914167506
913,660,Amelanchier',0,0,0,0,0,0,0,0.0,0.0,0.0,0.0,0.0,0.0,0.0,0.0
913,660,Arbutus',0,0,52,0,0,0,0,16.194950103759766,11.864696502685547,15.33462983816862,0.4870771378125309,632.518959748447,10003.484388911798,0.0016270979341988707,25.74888029304293
913,660,Asimina',0,0,0,0,0,0,0,0.0,0.0,0.0,0.0,0.0,0.0,0.0,0.0
913,660,Betula',0,0,0,0,0,0,0,0.0,0.0,0.0,0.0,0.0,0.0,0.0,0.0
913,660,Calocedrus',0,198,189,38,0,0,0,34.86384963989258,17.14329719543457,98.32504770696163,5.887010626295352,5475.816470074058,49288.18192706648,0.013588731728777618,113.44468258501655
913,660,Carpinus',0,0,0,0,0,0,0,0.0,0.0,0.0,0.0,0.0,0.0,0.0,0.0
913,660,Carya',0,0,0,0,0,0,0,0.0,0.0,0.0,0.0,0.0,0.0,0.0,0.0
913,660,Castanea',0,0,0,0,0,0,0,0.0,0.0,0.0,0.0,0.0,0.0,0.0,0.0
913,660,Catalpa',0,0,0,0,0,0,0,0.0,0.0,0.0,0.0,0.0,0.0,0.0,0.0
913,660,Celtis',0,0,0,0,0,0,0,0.0,0.0,0.0,0.0,0.0,0.0,0.0,0.0
913,660,Cercis',0,0,0,0,0,0,0,0.0,0.0,0.0,0.0,0.0,0.0,0.0,0.0
913,660,Cercocarpus',0,29,8,0,0,0,0,22.905439376831055,8.003080368041992,22.969275650978087,0.3161273679207357,527.5031813621521,9239.050513151125,0.00150400769540171,23.584162180928885
913,660,Chamaecyparis',0,0,0,0,0,0,0,0.0,0.0,0.0,0.0,0.0,0.0,0.0,0.0
913,660,Chilopsis',0,0,0,0,0,0,0,0.0,0.0,0.0,0.0,0.0,0.0,0.0,0.0
913,660,Chrysolepis',0,173,93,1,5,3,0,74.84188842773438,26.116926193237305,113.90145013689994,5.227317111415417,7344.085035535098,79466.86364227496,0.017965432285139343,180.29696954502143
913,660,Cladrastis',0,0,0,0,0,0,0,0.0,0.0,0.0,0.0,0.0,0.0,0.0,0.0
913,660,Comus',0,0,0,0,0,0,0,0.0,0.0,0.0,0.0,0.0,0.0,0.0,0.0
913,660,Cornus',0,0,0,0,0,0,0,0.0,0.0,0.0,0.0,0.0,0.0,0.0,0.0
913,660,Crataegus',0,0,0,0,0,0,0,0.0,0.0,0.0,0.0,0.0,0.0,0.0,0.0
913,660,Cupressus',0,0,8,0,0,0,0,13.493997573852539,5.781843662261963,5.709998331069946,0.11955766217503676,97.87113404273987,2188.4650875455864,0.00029996916203200703,6.707514374572144
913,660,Diospyros',0,0,0,0,0,0,0,0.0,0.0,0.0,0.0,0.0,0.0,0.0,0.0
913,660,Elaeagnus',0,0,0,0,0,0,0,0.0,0.0,0.0,0.0,0.0,0.0,0.0,0.0
913,660,Fagus',0,0,0,0,0,0,0,0.0,0.0,0.0,0.0,0.0,0.0,0.0,0.0
913,660,Fraxinus',0,0,0,0,0,0,0,0.0,0.0,0.0,0.0,0.0,0.0,0.0,0.0
913,660,Gleditsia',0,0,0,0,0,0,0,0.0,0.0,0.0,0.0,0.0,0.0,0.0,0.0
913,660,Gordonia',0,0,0,0,0,0,0,0.0,0.0,0.0,0.0,0.0,0.0,0.0,0.0
913,660,Gymnocladus',0,0,0,0,0,0,0,0.0,0.0,0.0,0.0,0.0,0.0,0.0,0.0
913,660,Halesia',0,0,0,0,0,0,0,0.0,0.0,0.0,0.0,0.0,0.0,0.0,0.0
913,660,Ilex',0,0,0,0,0,0,0,0.0,0.0,0.0,0.0,0.0,0.0,0.0,0.0
913,660,Juglans',0,0,0,0,0,0,0,0.0,0.0,0.0,0.0,0.0,0.0,0.0,0.0
913,660,Juniperus',0,72,0,0,0,0,0,6.035912990570068,2.91361141204834,38.94428844451904,0.08096722784748904,149.0655837917328,2132.0764937915174,0.0008937854617740907,13.066949126696738
913,660,Larix',0,0,0,0,0,0,0,0.0,0.0,0.0,0.0,0.0,0.0,0.0,0.0
913,660,Liquidambar',0,0,0,0,0,0,0,0.0,0.0,0.0,0.0,0.0,0.0,0.0,0.0
913,660,Liriodendron',0,0,0,0,0,0,0,0.0,0.0,0.0,0.0,0.0,0.0,0.0,0.0
913,660,Lithocarpus',0,0,12,0,0,0,0,12.56794548034668,7.967443466186523,4.051549911499023,0.15879192995546745,180.93275108337403,4045.779307784771,0.0004605951706568412,10.299221116968312
913,660,Maclura',0,0,0,0,0,0,0,0.0,0.0,0.0,0.0,0.0,0.0,0.0,0.0
913,660,Magnolia',0,0,0,0,0,0,0,0.0,0.0,0.0,0.0,0.0,0.0,0.0,0.0
913,660,Malus',0,0,0,0,0,0,0,0.0,0.0,0.0,0.0,0.0,0.0,0.0,0.0
913,660,Morus',0,0,0,0,0,0,0,0.0,0.0,0.0,0.0,0.0,0.0,0.0,0.0
913,660,Nyssa',0,0,0,0,0,0,0,0.0,0.0,0.0,0.0,0.0,0.0,0.0,0.0
913,660,Olneya',0,0,0,0,0,0,0,0.0,0.0,0.0,0.0,0.0,0.0,0.0,0.0
913,660,Ostrya',0,0,0,0,0,0,0,0.0,0.0,0.0,0.0,0.0,0.0,0.0,0.0
913,660,Oxydendron',0,0,0,0,0,0,0,0.0,0.0,0.0,0.0,0.0,0.0,0.0,0.0
913,660,Paulownia',0,0,0,0,0,0,0,0.0,0.0,0.0,0.0,0.0,0.0,0.0,0.0
913,660,Persea',0,0,0,0,0,0,0,0.0,0.0,0.0,0.0,0.0,0.0,0.0,0.0
913,660,Picea',0,0,0,0,0,0,0,0.0,0.0,0.0,0.0,0.0,0.0,0.0,0.0
913,660,Pinus',0,3486,3140,269,16,5,0,163.5526885986328,33.507476806640625,2368.9310631410776,82.77892286444657,86724.60152673587,177037.3606415275,0.22693922956358606,412.9835281462679
913,660,Planera',0,0,0,0,0,0,0,0.0,0.0,0.0,0.0,0.0,0.0,0.0,0.0
913,660,Platanus',0,0,0,0,0,0,0,0.0,0.0,0.0,0.0,0.0,0.0,0.0,0.0
913,660,Populus',0,585,6,0,0,0,0,9.79513168334961,4.42358922958374,203.67539314718184,0.5262633700389441,632.6036410981417,3311.907374556658,0.0043378063037281585,22.51948641677086
913,660,Prosopis',0,0,0,0,0,0,0,0.0,0.0,0.0,0.0,0.0,0.0,0.0,0.0
913,660,Prunus',0,0,0,0,0,0,0,0.0,0.0,0.0,0.0,0.0,0.0,0.0,0.0
913,660,Pseudotsuga',0,0,0,0,0,0,0,0.0,0.0,0.0,0.0,0.0,0.0,0.0,0.0
913,660,Quercus',0,39,0,0,0,0,0,2.0599992275238037,2.2068512439727783,7.049125793236719,0.013025024576851148,27.455908828973772,613.932785256223,0.00016248920864146422,3.6333691613246537
913,660,Robinia',0,0,0,0,0,0,0,0.0,0.0,0.0,0.0,0.0,0.0,0.0,0.0
913,660,Salix',0,356,20,0,0,0,0,14.991434097290039,9.34790325164795,68.90074590527558,0.7611877394450098,592.3580336272717,6559.461975777807,0.002308215684615767,18.923871227073633
913,660,Sassafras',0,0,0,0,0,0,0,0.0,0.0,0.0,0.0,0.0,0.0,0.0,0.0
913,660,Sequoia',0,0,0,0,0,0,0,0.0,0.0,0.0,0.0,0.0,0.0,0.0,0.0
913,660,Sequoiadendron',0,0,0,0,0,0,0,0.0,0.0,0.0,0.0,0.0,0.0,0.0,0.0
913,660,Sorbus',0,0,0,0,0,0,0,0.0,0.0,0.0,0.0,0.0,0.0,0.0,0.0
913,660,Taxodium',0,0,0,0,0,0,0,0.0,0.0,0.0,0.0,0.0,0.0,0.0,0.0
913,660,Taxus',0,0,0,0,0,0,0,0.0,0.0,0.0,0.0,0.0,0.0,0.0,0.0
913,660,Thuja',0,0,0,0,0,0,0,0.0,0.0,0.0,0.0,0.0,0.0,0.0,0.0
913,660,Tilia',0,0,0,0,0,0,0,0.0,0.0,0.0,0.0,0.0,0.0,0.0,0.0
913,660,Torreya',0,0,0,0,0,0,0,0.0,0.0,0.0,0.0,0.0,0.0,0.0,0.0
913,660,Tsuga',0,0,0,0,0,0,0,0.0,0.0,0.0,0.0,0.0,0.0,0.0,0.0
913,660,Ulmus',0,0,0,0,0,0,0,0.0,0.0,0.0,0.0,0.0,0.0,0.0,0.0
913,660,Umbellularia',0,12,0,0,0,0,0,5.122992992401123,3.7222611904144287,9.37177188873291,0.02506518878352192,40.94670978546143,915.5962653524675,0.0002263627296487497,5.061624510670084
913,670,Abies',0,71,57,9,0,0,0,30.159420013427734,17.22173309326172,27.72781392753124,1.4993446028938187,1443.8946054333449,20061.81981167116,0.003609167661879213,46.86863681690312
913,670,Acer',0,163,0,0,0,0,0,2.85105562210083,2.6141257286071777,30.04258398391023,0.06617787506071292,101.63742712974549,1125.0760747658403,0.0006583406363548663,7.466348896522719
913,670,Aesculus',0,0,0,0,0,0,0,0.0,0.0,0.0,0.0,0.0,0.0,0.0,0.0
913,670,Ailanthus',0,0,0,0,0,0,0,0.0,0.0,0.0,0.0,0.0,0.0,0.0,0.0
913,670,Alnus',0,2074,194,0,0,0,0,15.764601707458496,11.631407737731934,530.3625778575674,3.67453971874418,3199.588786676377,9924.198842111973,0.014745061253595983,39.15128482689032
913,670,Amelanchier',0,0,0,0,0,0,0,0.0,0.0,0.0,0.0,0.0,0.0,0.0,0.0
913,670,Arbutus',0,41,52,0,0,0,0,17.967029571533203,12.801600456237793,26.022381817400454,0.678402149634689,925.2918564763665,13649.886969449564,0.0024320829667498524,34.167372256010474
913,670,Asimina',0,0,0,0,0,0,0,0.0,0.0,0.0,0.0,0.0,0.0,0.0,0.0
913,670,Betula',0,0,0,0,0,0,0,0.0,0.0,0.0,0.0,0.0,0.0,0.0,0.0
913,670,Calocedrus',0,109,251,10,0,0,0,34.410614013671875,16.994091033935547,96.33742274850607,4.615295998839818,3839.765713144243,33784.57214858217,0.009924353223751,80.56594581195704
913,670,Carpinus',0,0,0,0,0,0,0,0.0,0.0,0.0,0.0,0.0,0.0,0.0,0.0
913,670,Carya',0,0,0,0,0,0,0,0.0,0.0,0.0,0.0,0.0,0.0,0.0,0.0
913,670,Castanea',0,0,0,0,0,0,0,0.0,0.0,0.0,0.0,0.0,0.0,0.0,0.0
913,670,Catalpa',0,0,0,0,0,0,0,0.0,0.0,0.0,0.0,0.0,0.0,0.0,0.0
913,670,Celtis',0,0,0,0,0,0,0,0.0,0.0,0.0,0.0,0.0,0.0,0.0,0.0
913,670,Cercis',0,0,0,0,0,0,0,0.0,0.0,0.0,0.0,0.0,0.0,0.0,0.0
913,670,Cercocarpus',0,29,7,0,0,0,0,37.76625442504883,9.890085220336914,23.71567355632782,0.4805806481847998,809.00486846447,12779.432578170592,0.0021403483679667047,31.312987659151233
913,670,Chamaecyparis',0,0,0,0,0,0,0,0.0,0.0,0.0,0.0,0.0,0.0,0.0,0.0
913,670,Chilopsis',0,0,0,0,0,0,0,0.0,0.0,0.0,0.0,0.0,0.0,0.0,0.0
913,670,Chrysolepis',0,197,111,1,5,3,0,76.59453582763672,26.39759063720703,90.51588796019554,6.013973757147361,8243.760173146726,85612.56639965717,0.01962691864917381,193.7102561302226
913,670,Cladrastis',0,0,0,0,0,0,0,0.0,0.0,0.0,0.0,0.0,0.0,0.0,0.0
913,670,Comus',0,0,0,0,0,0,0,0.0,0.0,0.0,0.0,0.0,0.0,0.0,0.0
913,670,Cornus',0,0,0,0,0,0,0,0.0,0.0,0.0,0.0,0.0,0.0,0.0,0.0
913,670,Crataegus',0,0,0,0,0,0,0,0.0,0.0,0.0,0.0,0.0,0.0,0.0,0.0
913,670,Cupressus',0,36,8,0,0,0,0,17.322355270385742,6.883923530578613,6.780412364006042,0.19773694466835148,174.2590667140484,3733.403990531647,0.00048518164572849157,10.484717461804605
913,670,Diospyros',0,0,0,0,0,0,0,0.0,0.0,0.0,0.0,0.0,0.0,0.0,0.0
913,670,Elaeagnus',0,0,0,0,0,0,0,0.0,0.0,0.0,0.0,0.0,0.0,0.0,0.0
913,670,Fagus',0,0,0,0,0,0,0,0.0,0.0,0.0,0.0,0.0,0.0,0.0,0.0
913,670,Fraxinus',0,0,0,0,0,0,0,0.0,0.0,0.0,0.0,0.0,0.0,0.0,0.0
913,670,Gleditsia',0,0,0,0,0,0,0,0.0,0.0,0.0,0.0,0.0,0.0,0.0,0.0
913,670,Gordonia',0,0,0,0,0,0,0,0.0,0.0,0.0,0.0,0.0,0.0,0.0,0.0
913,670,Gymnocladus',0,0,0,0,0,0,0,0.0,0.0,0.0,0.0,0.0,0.0,0.0,0.0
913,670,Halesia',0,0,0,0,0,0,0,0.0,0.0,0.0,0.0,0.0,0.0,0.0,0.0
913,670,Ilex',0,0,0,0,0,0,0,0.0,0.0,0.0,0.0,0.0,0.0,0.0,0.0
913,670,Juglans',0,0,0,0,0,0,0,0.0,0.0,0.0,0.0,0.0,0.0,0.0,0.0
913,670,Juniperus',0,100,0,0,0,0,0,7.8077802658081055,3.9528157711029053,76.44622918367385,0.20275578413961157,304.8936072731018,3648.3397909253536,0.0017817646633461173,21.595596219130186
913,670,Larix',0,0,0,0,0,0,0,0.0,0.0,0.0,0.0,0.0,0.0,0.0,0.0
913,670,Liquidambar',0,0,0,0,0,0,0,0.0,0.0,0.0,0.0,0.0,0.0,0.0,0.0
913,670,Liriodendron',0,0,0,0,0,0,0,0.0,0.0,0.0,0.0,0.0,0.0,0.0,0.0
913,670,Lithocarpus',0,0,12,0,0,0,0,14.581750869750977,8.907925605773926,3.9380210876464843,0.21375643563112173,255.141463470459,5705.136561987379,0.0006238635603586815,13.950013296470505
913,670,Maclura',0,0,0,0,0,0,0,0.0,0.0,0.0,0.0,0.0,0.0,0.0,0.0
913,670,Magnolia',0,0,0,0,0,0,0,0.0,0.0,0.0,0.0,0.0,0.0,0.0,0.0
913,670,Malus',0,0,0,0,0,0,0,0.0,0.0,0.0,0.0,0.0,0.0,0.0,0.0
913,670,Morus',0,0,0,0,0,0,0,0.0,0.0,0.0,0.0,0.0,0.0,0.0,0.0
913,670,Nyssa',0,0,0,0,0,0,0,0.0,0.0,0.0,0.0,0.0,0.0,0.0,0.0
913,670,Olneya',0,0,0,0,0,0,0,0.0,0.0,0.0,0.0,0.0,0.0,0.0,0.0
913,670,Ostrya',0,0,0,0,0,0,0,0.0,0.0,0.0,0.0,0.0,0.0,0.0,0.0
913,670,Oxydendron',0,0,0,0,0,0,0,0.0,0.0,0.0,0.0,0.0,0.0,0.0,0.0
913,670,Paulownia',0,0,0,0,0,0,0,0.0,0.0,0.0,0.0,0.0,0.0,0.0,0.0
913,670,Persea',0,0,0,0,0,0,0,0.0,0.0,0.0,0.0,0.0,0.0,0.0,0.0
913,670,Picea',0,0,0,0,0,0,0,0.0,0.0,0.0,0.0,0.0,0.0,0.0,0.0
913,670,Pinus',0,3207,3512,241,8,9,0,171.9348907470703,33.782806396484375,2570.0734033104777,84.21283002347472,86360.54712515802,171779.41683951678,0.22903560962452235,404.5032942693774
913,670,Planera',0,0,0,0,0,0,0,0.0,0.0,0.0,0.0,0.0,0.0,0.0,0.0
913,670,Platanus',0,0,0,0,0,0,0,0.0,0.0,0.0,0.0,0.0,0.0,0.0,0.0
913,670,Populus',0,527,1,0,0,0,0,13.287117004394531,5.442837715148926,166.0066942889479,0.3523611523925019,489.3928308153153,2679.3006830590793,0.003477298222252166,20.00485856336766
913,670,Prosopis',0,0,0,0,0,0,0,0.0,0.0,0.0,0.0,0.0,0.0,0.0,0.0
913,670,Prunus',0,0,0,0,0,0,0,0.0,0.0,0.0,0.0,0.0,0.0,0.0,0.0
913,670,Pseudotsuga',0,0,0,0,0,0,0,0.0,0.0,0.0,0.0,0.0,0.0,0.0,0.0
913,670,Quercus',0,39,0,0,0,0,0,1.885913610458374,2.1750099658966064,6.015427648738214,0.010916615799815895,22.13133990198374,494.87180453989527,0.00013577617741655556,3.036047624284899
913,670,Robinia',0,0,0,0,0,0,0,0.0,0.0,0.0,0.0,0.0,0.0,0.0,0.0
913,670,Salix',0,255,20,0,0,0,0,17.57849884033203,10.48803997039795,39.57946366241461,0.6968910593151942,566.9763245564699,9164.078300114887,0.0018297157503264013,22.591441711623467
913,670,Sassafras',0,0,0,0,0,0,0,0.0,0.0,0.0,0.0,0.0,0.0,0.0,0.0
913,670,Sequoia',0,0,0,0,0,0,0,0.0,0.0,0.0,0.0,0.0,0.0,0.0,0.0
913,670,Sequoiadendron',0,0,0,0,0,0,0,0.0,0.0,0.0,0.0,0.0,0.0,0.0,0.0
913,670,Sorbus',0,0,0,0,0,0,0,0.0,0.0,0.0,0.0,0.0,0.0,0.0,0.0
913,670,Taxodium',0,0,0,0,0,0,0,0.0,0.0,0.0,0.0,0.0,0.0,0.0,0.0
913,670,Taxus',0,0,0,0,0,0,0,0.0,0.0,0.0,0.0,0.0,0.0,0.0,0.0
913,670,Thuja',0,0,0,0,0,0,0,0.0,0.0,0.0,0.0,0.0,0.0,0.0,0.0
913,670,Tilia',0,0,0,0,0,0,0,0.0,0.0,0.0,0.0,0.0,0.0,0.0,0.0
913,670,Torreya',0,0,0,0,0,0,0,0.0,0.0,0.0,0.0,0.0,0.0,0.0,0.0
913,670,Tsuga',0,0,0,0,0,0,0,0.0,0.0,0.0,0.0,0.0,0.0,0.0,0.0
913,670,Ulmus',0,0,0,0,0,0,0,0.0,0.0,0.0,0.0,0.0,0.0,0.0,0.0
913,670,Umbellularia',0,1,12,0,0,0,0,8.729385375976562,5.270726680755615,7.6462628567218776,0.07440864542863591,76.11695077061653,1642.3469922915317,0.0002795947986897081,5.912660352200857
913,680,Abies',0,114,53,0,0,0,0,16.546566009521484,11.245373725891113,40.61514356791973,0.8440060574044315,721.0099099558591,9844.02950922438,0.00218890746032184,25.30870774571422
913,680,Acer',0,195,0,0,0,0,0,5.502813339233398,3.7910990715026855,42.75007944412623,0.13581042542783006,166.35908309936525,1757.1171385234172,0.000985097993913231,10.42459919362496
913,680,Aesculus',0,0,0,0,0,0,0,0.0,0.0,0.0,0.0,0.0,0.0,0.0,0.0
913,680,Ailanthus',0,0,0,0,0,0,0,0.0,0.0,0.0,0.0,0.0,0.0,0.0,0.0
913,680,Alnus',0,1863,117,0,0,0,0,14.737112045288086,11.065079689025879,432.9552614912862,3.1034969670943346,2614.310479903072,10089.7419921935,0.0120422103656455,35.796172623745605
913,680,Amelanchier',0,0,0,0,0,0,0,0.0,0.0,0.0,0.0,0.0,0.0,0.0,0.0
913,680,Arbutus',0,41,52,0,0,0,0,19.576488494873047,13.620379447937012,35.285103227496144,0.9078524767116201,1270.1013064974547,17531.51467618542,0.0033321210892548183,43.35445855048224
913,680,Asimina',0,0,0,0,0,0,0,0.0,0.0,0.0,0.0,0.0,0.0,0.0,0.0
913,680,Betula',0,0,0,0,0,0,0,0.0,0.0,0.0,0.0,0.0,0.0,0.0,0.0
913,680,Calocedrus',0,161,186,10,0,0,0,36.0831413269043,17.538761138916016,75.59651410520077,5.078954386868246,4367.89248923719,38801.90519785436,0.010798377319129826,90.06006644399777
913,680,Carpinus',0,0,0,0,0,0,0,0.0,0.0,0.0,0.0,0.0,0.0,0.0,0.0
913,680,Carya',0,0,0,0,0,0,0,0.0,0.0,0.0,0.0,0.0,0.0,0.0,0.0
913,680,Castanea',0,0,0,0,0,0,0,0.0,0.0,0.0,0.0,0.0,0.0,0.0,0.0
913,680,Catalpa',0,0,0,0,0,0,0,0.0,0.0,0.0,0.0,0.0,0.0,0.0,0.0
913,680,Celtis',0,0,0,0,0,0,0,0.0,0.0,0.0,0.0,0.0,0.0,0.0,0.0
913,680,Cercis',0,0,0,0,0,0,0,0.0,0.0,0.0,0.0,0.0,0.0,0.0,0.0
913,680,Cercocarpus',0,75,7,0,0,0,0,45.793724060058594,10.505873680114746,49.56057851076126,0.6719741557137814,1167.1444011998176,16781.67413095166,0.0033095292672490127,42.60492118696314
913,680,Chamaecyparis',0,0,0,0,0,0,0,0.0,0.0,0.0,0.0,0.0,0.0,0.0,0.0
913,680,Chilopsis',0,0,0,0,0,0,0,0.0,0.0,0.0,0.0,0.0,0.0,0.0,0.0
913,680,Chrysolepis',0,191,149,9,5,3,0,78.23694610595703,26.65302085876465,151.09036720216272,7.205709802899111,9777.743157721163,92484.70779470843,0.023910734895841498,210.53516092916536
913,680,Cladrastis',0,0,0,0,0,0,0,0.0,0.0,0.0,0.0,0.0,0.0,0.0,0.0
913,680,Comus',0,0,0,0,0,0,0,0.0,0.0,0.0,0.0,0.0,0.0,0.0,0.0
913,680,Cornus',0,0,0,0,0,0,0,0.0,0.0,0.0,0.0,0.0,0.0,0.0,0.0
913,680,Crataegus',0,0,0,0,0,0,0,0.0,0.0,0.0,0.0,0.0,0.0,0.0,0.0
913,680,Cupressus',0,0,0,0,0,0,0,0.0,0.0,0.0,0.0,0.0,0.0,0.0,0.0
913,680,Diospyros',0,0,0,0,0,0,0,0.0,0.0,0.0,0.0,0.0,0.0,0.0,0.0
913,680,Elaeagnus',0,0,0,0,0,0,0,0.0,0.0,0.0,0.0,0.0,0.0,0.0,0.0
913,680,Fagus',0,0,0,0,0,0,0,0.0,0.0,0.0,0.0,0.0,0.0,0.0,0.0
913,680,Fraxinus',0,0,0,0,0,0,0,0.0,0.0,0.0,0.0,0.0,0.0,0.0,0.0
913,680,Gleditsia',0,0,0,0,0,0,0,0.0,0.0,0.0,0.0,0.0,0.0,0.0,0.0
913,680,Gordonia',0,0,0,0,0,0,0,0.0,0.0,0.0,0.0,0.0,0.0,0.0,0.0
913,680,Gymnocladus',0,0,0,0,0,0,0,0.0,0.0,0.0,0.0,0.0,0.0,0.0,0.0
913,680,Halesia',0,0,0,0,0,0,0,0.0,0.0,0.0,0.0,0.0,0.0,0.0,0.0
913,680,Ilex',0,0,0,0,0,0,0,0.0,0.0,0.0,0.0,0.0,0.0,0.0,0.0
913,680,Juglans',0,0,0,0,0,0,0,0.0,0.0,0.0,0.0,0.0,0.0,0.0,0.0
913,680,Juniperus',0,54,13,0,0,0,0,11.168171882629395,4.960669994354248,36.44006170034408,0.23456873691210867,242.17300936460495,3343.336417713793,0.0010645186815038297,13.966491251527584
913,680,Larix',0,0,0,0,0,0,0,0.0,0.0,0.0,0.0,0.0,0.0,0.0,0.0
913,680,Liquidambar',0,0,0,0,0,0,0,0.0,0.0,0.0,0.0,0.0,0.0,0.0,0.0
913,680,Liriodendron',0,0,0,0,0,0,0,0.0,0.0,0.0,0.0,0.0,0.0,0.0,0.0
913,680,Lithocarpus',0,0,12,0,0,0,0,16.337329864501953,9.701615333557129,3.220123291015625,0.2683255367795264,332.80364379882815,7441.715706938235,0.0007860765298207604,17.57720556196372
913,680,Maclura',0,0,0,0,0,0,0,0.0,0.0,0.0,0.0,0.0,0.0,0.0,0.0
913,680,Magnolia',0,0,0,0,0,0,0,0.0,0.0,0.0,0.0,0.0,0.0,0.0,0.0
913,680,Malus',0,0,0,0,0,0,0,0.0,0.0,0.0,0.0,0.0,0.0,0.0,0.0
913,680,Morus',0,0,0,0,0,0,0,0.0,0.0,0.0,0.0,0.0,0.0,0.0,0.0
913,680,Nyssa',0,0,0,0,0,0,0,0.0,0.0,0.0,0.0,0.0,0.0,0.0,0.0
913,680,Olneya',0,0,0,0,0,0,0,0.0,0.0,0.0,0.0,0.0,0.0,0.0,0.0
913,680,Ostrya',0,0,0,0,0,0,0,0.0,0.0,0.0,0.0,0.0,0.0,0.0,0.0
913,680,Oxydendron',0,0,0,0,0,0,0,0.0,0.0,0.0,0.0,0.0,0.0,0.0,0.0
913,680,Paulownia',0,0,0,0,0,0,0,0.0,0.0,0.0,0.0,0.0,0.0,0.0,0.0
913,680,Persea',0,0,0,0,0,0,0,0.0,0.0,0.0,0.0,0.0,0.0,0.0,0.0
913,680,Picea',0,0,0,0,0,0,0,0.0,0.0,0.0,0.0,0.0,0.0,0.0,0.0
913,680,Pinus',0,3446,3559,219,12,7,0,178.3694610595703,33.96877670288086,2515.9013075385983,91.81694853789372,94548.39937289164,182610.71007251408,0.24644835054887237,427.4642181249289
913,680,Planera',0,0,0,0,0,0,0,0.0,0.0,0.0,0.0,0.0,0.0,0.0,0.0
913,680,Platanus',0,0,0,0,0,0,0,0.0,0.0,0.0,0.0,0.0,0.0,0.0,0.0
913,680,Populus',0,301,0,0,0,0,0,7.3326096534729,3.675980567932129,83.13442385555068,0.20555382449464865,260.664847279191,2054.0945859367002,0.0017760214310805207,14.968789583766924
913,680,Prosopis',0,0,0,0,0,0,0,0.0,0.0,0.0,0.0,0.0,0.0,0.0,0.0
913,680,Prunus',0,0,0,0,0,0,0,0.0,0.0,0.0,0.0,0.0,0.0,0.0,0.0
913,680,Pseudotsuga',0,0,0,0,0,0,0,0.0,0.0,0.0,0.0,0.0,0.0,0.0,0.0
913,680,Quercus',0,73,3,0,0,0,0,9.769526481628418,5.597240447998047,26.681284774330596,0.07736987988005625,125.91084788322449,1774.5788508168278,0.000663893806448207,10.11234649064946
913,680,Robinia',0,0,0,0,0,0,0,0.0,0.0,0.0,0.0,0.0,0.0,0.0,0.0
913,680,Salix',0,245,0,0,0,0,0,6.165706157684326,4.932997226715088,50.419928387184676,0.14773236845242746,163.82390892744064,1400.371055883379,0.0010898760102586817,9.357090300360854
913,680,Sassafras',0,0,0,0,0,0,0,0.0,0.0,0.0,0.0,0.0,0.0,0.0,0.0
913,680,Sequoia',0,0,0,0,0,0,0,0.0,0.0,0.0,0.0,0.0,0.0,0.0,0.0
913,680,Sequoiadendron',0,0,0,0,0,0,0,0.0,0.0,0.0,0.0,0.0,0.0,0.0,0.0
913,680,Sorbus',0,0,0,0,0,0,0,0.0,0.0,0.0,0.0,0.0,0.0,0.0,0.0
913,680,Taxodium',0,0,0,0,0,0,0,0.0,0.0,0.0,0.0,0.0,0.0,0.0,0.0
913,680,Taxus',0,0,0,0,0,0,0,0.0,0.0,0.0,0.0,0.0,0.0,0.0,0.0
913,680,Thuja',0,0,0,0,0,0,0,0.0,0.0,0.0,0.0,0.0,0.0,0.0,0.0
913,680,Tilia',0,0,0,0,0,0,0,0.0,0.0,0.0,0.0,0.0,0.0,0.0,0.0
913,680,Torreya',0,0,0,0,0,0,0,0.0,0.0,0.0,0.0,0.0,0.0,0.0,0.0
913,680,Tsuga',0,0,0,0,0,0,0,0.0,0.0,0.0,0.0,0.0,0.0,0.0,0.0
913,680,Ulmus',0,0,0,0,0,0,0,0.0,0.0,0.0,0.0,0.0,0.0,0.0,0.0
913,680,Umbellularia',0,0,1,0,0,0,0,11.786563873291016,6.490405559539795,5.638040599822998,0.017021150346864383,33.94767499923706,759.0930897636384,0.00015687763980031023,3.5078906674322017
913,690,Abies',0,65,79,0,0,0,0,17.677846908569336,11.808756828308105,40.62207689672708,1.1416110412843006,953.5863029065729,12013.920008044797,0.002705844003625817,30.116353449409093
913,690,Acer',0,201,0,0,0,0,0,7.808070182800293,4.780056476593018,45.86237107132431,0.2252592629983578,234.83963126450777,2406.058445416704,0.001182080169399268,11.50472544889208
913,690,Aesculus',0,0,0,0,0,0,0,0.0,0.0,0.0,0.0,0.0,0.0,0.0,0.0
913,690,Ailanthus',0,0,0,0,0,0,0,0.0,0.0,0.0,0.0,0.0,0.0,0.0,0.0
913,690,Alnus',0,1717,153,0,0,0,0,14.132224082946777,10.725431442260742,411.45545408789866,3.4136622026822017,2873.883546857834,12105.64153542971,0.012309537733494639,39.05362604248535
913,690,Amelanchier',0,0,0,0,0,0,0,0.0,0.0,0.0,0.0,0.0,0.0,0.0,0.0
913,690,Arbutus',0,0,77,0,0,0,0,21.140010833740234,14.387566566467285,20.532351799309254,1.0826226998975435,1529.7841123583912,21655.56550402855,0.0036960985409717,51.437124736852546
913,690,Asimina',0,0,0,0,0,0,0,0.0,0.0,0.0,0.0,0.0,0.0,0.0,0.0
913,690,Betula',0,0,0,0,0,0,0,0.0,0.0,0.0,0.0,0.0,0.0,0.0,0.0
913,690,Calocedrus',0,95,214,10,0,0,0,37.67536163330078,18.042421340942383,103.85565074265003,4.6965616708015725,4133.143597896696,38097.52242438192,0.01068490064465631,89.92575516298248
913,690,Carpinus',0,0,0,0,0,0,0,0.0,0.0,0.0,0.0,0.0,0.0,0.0,0.0
913,690,Carya',0,0,0,0,0,0,0,0.0,0.0,0.0,0.0,0.0,0.0,0.0,0.0
913,690,Castanea',0,0,0,0,0,0,0,0.0,0.0,0.0,0.0,0.0,0.0,0.0,0.0
913,690,Catalpa',0,0,0,0,0,0,0,0.0,0.0,0.0,0.0,0.0,0.0,0.0,0.0
913,690,Celtis',0,0,0,0,0,0,0,0.0,0.0,0.0,0.0,0.0,0.0,0.0,0.0
913,690,Cercis',0,0,0,0,0,0,0,0.0,0.0,0.0,0.0,0.0,0.0,0.0,0.0
913,690,Cercocarpus',0,37,0,7,0,0,0,29.6160888671875,9.00474739074707,11.820920152664184,0.5745223620038163,926.1203898334503,18469.87740972227,0.0022287919809122875,42.38854172828822
913,690,Chamaecyparis',0,0,0,0,0,0,0,0.0,0.0,0.0,0.0,0.0,0.0,0.0,0.0
913,690,Chilopsis',0,0,0,0,0,0,0,0.0,0.0,0.0,0.0,0.0,0.0,0.0,0.0
913,690,Chrysolepis',0,145,209,7,5,3,0,79.91268157958984,26.906293869018555,151.86180457115174,7.520935881767849,10280.01479221344,98293.73526766685,0.02503803653165951,222.2227274909659
913,690,Cladrastis',0,0,0,0,0,0,0,0.0,0.0,0.0,0.0,0.0,0.0,0.0,0.0
913,690,Comus',0,0,0,0,0,0,0,0.0,0.0,0.0,0.0,0.0,0.0,0.0,0.0
913,690,Cornus',0,0,0,0,0,0,0,0.0,0.0,0.0,0.0,0.0,0.0,0.0,0.0
913,690,Crataegus',0,0,0,0,0,0,0,0.0,0.0,0.0,0.0,0.0,0.0,0.0,0.0
913,690,Cupressus',0,23,0,0,0,0,0,3.106445789337158,2.4207711219787598,8.917436012029647,0.018159515336179766,32.046480149030685,716.5810805282997,0.00020002181068311232,4.472623656700313
913,690,Diospyros',0,0,0,0,0,0,0,0.0,0.0,0.0,0.0,0.0,0.0,0.0,0.0
913,690,Elaeagnus',0,0,0,0,0,0,0,0.0,0.0,0.0,0.0,0.0,0.0,0.0,0.0
913,690,Fagus',0,0,0,0,0,0,0,0.0,0.0,0.0,0.0,0.0,0.0,0.0,0.0
913,690,Fraxinus',0,46,0,0,0,0,0,3.014681100845337,2.7583844661712646,8.015944361686705,0.023948867832838564,37.423661432266236,661.8700092418262,0.00019855766407772687,4.003321151834815
913,690,Gleditsia',0,0,0,0,0,0,0,0.0,0.0,0.0,0.0,0.0,0.0,0.0,0.0
913,690,Gordonia',0,0,0,0,0,0,0,0.0,0.0,0.0,0.0,0.0,0.0,0.0,0.0
913,690,Gymnocladus',0,0,0,0,0,0,0,0.0,0.0,0.0,0.0,0.0,0.0,0.0,0.0
913,690,Halesia',0,0,0,0,0,0,0,0.0,0.0,0.0,0.0,0.0,0.0,0.0,0.0
913,690,Ilex',0,0,0,0,0,0,0,0.0,0.0,0.0,0.0,0.0,0.0,0.0,0.0
913,690,Juglans',0,0,0,0,0,0,0,0.0,0.0,0.0,0.0,0.0,0.0,0.0,0.0
913,690,Juniperus',0,24,13,0,0,0,0,14.127738952636719,5.788246154785156,30.86459409713745,0.33044190754223024,304.03304792404174,4913.002324820167,0.0011214509210810077,17.71604415307857
913,690,Larix',0,0,0,0,0,0,0,0.0,0.0,0.0,0.0,0.0,0.0,0.0,0.0
913,690,Liquidambar',0,0,0,0,0,0,0,0.0,0.0,0.0,0.0,0.0,0.0,0.0,0.0
913,690,Liriodendron',0,0,0,0,0,0,0,0.0,0.0,0.0,0.0,0.0,0.0,0.0,0.0
913,690,Lithocarpus',0,28,12,0,0,0,0,17.973600387573242,10.420066833496094,13.17536519050598,0.3526211884676944,468.07160405159,9406.241654739126,0.001230469954118124,22.31363511980708
913,690,Maclura',0,0,0,0,0,0,0,0.0,0.0,0.0,0.0,0.0,0.0,0.0,0.0
913,690,Magnolia',0,0,0,0,0,0,0,0.0,0.0,0.0,0.0,0.0,0.0,0.0,0.0
913,690,Malus',0,0,0,0,0,0,0,0.0,0.0,0.0,0.0,0.0,0.0,0.0,0.0
913,690,Morus',0,0,0,0,0,0,0,0.0,0.0,0.0,0.0,0.0,0.0,0.0,0.0
913,690,Nyssa',0,0,0,0,0,0,0,0.0,0.0,0.0,0.0,0.0,0.0,0.0,0.0
913,690,Olneya',0,0,0,0,0,0,0,0.0,0.0,0.0,0.0,0.0,0.0,0.0,0.0
913,690,Ostrya',0,0,0,0,0,0,0,0.0,0.0,0.0,0.0,0.0,0.0,0.0,0.0
913,690,Oxydendron',0,0,0,0,0,0,0,0.0,0.0,0.0,0.0,0.0,0.0,0.0,0.0
913,690,Paulownia',0,0,0,0,0,0,0,0.0,0.0,0.0,0.0,0.0,0.0,0.0,0.0
913,690,Persea',0,0,0,0,0,0,0,0.0,0.0,0.0,0.0,0.0,0.0,0.0,0.0
913,690,Picea',0,0,0,0,0,0,0,0.0,0.0,0.0,0.0,0.0,0.0,0.0,0.0
913,690,Pinus',0,2966,3847,197,9,7,0,181.52980041503906,34.05284118652344,2448.333075776398,98.20896046125337,100397.85623069198,189757.8559110842,0.25847115809377236,444.7474266293912
913,690,Planera',0,0,0,0,0,0,0,0.0,0.0,0.0,0.0,0.0,0.0,0.0,0.0
913,690,Platanus',0,0,0,0,0,0,0,0.0,0.0,0.0,0.0,0.0,0.0,0.0,0.0
913,690,Populus',0,619,12,0,0,0,0,11.381319999694824,4.892409801483154,211.87047154984518,0.5113324616971895,645.7912174746394,3582.1658983217994,0.004485084730958573,24.733102806316765
913,690,Prosopis',0,0,0,0,0,0,0,0.0,0.0,0.0,0.0,0.0,0.0,0.0,0.0
913,690,Prunus',0,0,0,0,0,0,0,0.0,0.0,0.0,0.0,0.0,0.0,0.0,0.0
913,690,Pseudotsuga',0,0,0,0,0,0,0,0.0,0.0,0.0,0.0,0.0,0.0,0.0,0.0
913,690,Quercus',0,113,3,0,0,0,0,14.405346870422363,7.443412780761719,52.21324591697016,0.21589587358846787,275.59988201618194,3162.713775998713,0.0013640828593857615,15.258800575195856
913,690,Robinia',0,0,0,0,0,0,0,0.0,0.0,0.0,0.0,0.0,0.0,0.0,0.0
913,690,Salix',0,590,8,0,0,0,0,9.485279083251953,6.6946330070495605,115.47925090794509,0.5615585631846545,480.5833268971741,2724.931601549286,0.002730350907346239,14.67918904917621
913,690,Sassafras',0,0,0,0,0,0,0,0.0,0.0,0.0,0.0,0.0,0.0,0.0,0.0
913,690,Sequoia',0,0,0,0,0,0,0,0.0,0.0,0.0,0.0,0.0,0.0,0.0,0.0
913,690,Sequoiadendron',0,0,0,0,0,0,0,0.0,0.0,0.0,0.0,0.0,0.0,0.0,0.0
913,690,Sorbus',0,0,0,0,0,0,0,0.0,0.0,0.0,0.0,0.0,0.0,0.0,0.0
913,690,Taxodium',0,0,0,0,0,0,0,0.0,0.0,0.0,0.0,0.0,0.0,0.0,0.0
913,690,Taxus',0,0,0,0,0,0,0,0.0,0.0,0.0,0.0,0.0,0.0,0.0,0.0
913,690,Thuja',0,0,0,0,0,0,0,0.0,0.0,0.0,0.0,0.0,0.0,0.0,0.0
913,690,Tilia',0,0,0,0,0,0,0,0.0,0.0,0.0,0.0,0.0,0.0,0.0,0.0
913,690,Torreya',0,0,0,0,0,0,0,0.0,0.0,0.0,0.0,0.0,0.0,0.0,0.0
913,690,Tsuga',0,0,0,0,0,0,0,0.0,0.0,0.0,0.0,0.0,0.0,0.0,0.0
913,690,Ulmus',0,0,0,0,0,0,0,0.0,0.0,0.0,0.0,0.0,0.0,0.0,0.0
913,690,Umbellularia',0,0,1,0,0,0,0,17.1395320892334,8.43784236907959,6.161210088729858,0.03599253226669028,56.253537054061894,1257.8673282768673,0.00021400311070680632,4.785255029368364
913,700,Abies',0,123,48,0,0,0,0,11.920886993408203,8.799262046813965,35.05469501197338,0.8135849299304244,625.447702370286,7280.980387060509,0.0018962293065268574,20.275916437319488
913,700,Acer',0,247,21,0,0,0,0,9.641192436218262,5.544443130493164,69.31929518810556,0.4334486825912855,411.8042690843344,3572.843256568559,0.00191301035584695,14.486148909811781
913,700,Aesculus',0,0,0,0,0,0,0,0.0,0.0,0.0,0.0,0.0,0.0,0.0,0.0
913,700,Ailanthus',0,0,0,0,0,0,0,0.0,0.0,0.0,0.0,0.0,0.0,0.0,0.0
913,700,Alnus',0,1303,176,0,0,0,0,13.212320327758789,10.199848175048828,376.5637468289631,3.0950567914690454,2628.559144190103,11603.530188170076,0.011262086894713247,38.65752250608103
913,700,Amelanchier',0,0,0,0,0,0,0,0.0,0.0,0.0,0.0,0.0,0.0,0.0,0.0
913,700,Arbutus',0,47,39,0,0,0,0,25.302391052246094,16.30167579650879,29.477717637866736,0.8989911901438853,1434.3940808610619,20452.647503367218,0.003613331578647702,48.40514411846453
913,700,Asimina',0,0,0,0,0,0,0,0.0,0.0,0.0,0.0,0.0,0.0,0.0,0.0
913,700,Betula',0,0,0,0,0,0,0,0.0,0.0,0.0,0.0,0.0,0.0,0.0,0.0
913,700,Calocedrus',0,148,150,12,0,0,0,39.23678207397461,18.522661209106445,81.19620043635368,4.480787985495751,4073.035892494917,40235.952145361385,0.01022402508355055,93.60558269114308
913,700,Carpinus',0,0,0,0,0,0,0,0.0,0.0,0.0,0.0,0.0,0.0,0.0,0.0
913,700,Carya',0,0,0,0,0,0,0,0.0,0.0,0.0,0.0,0.0,0.0,0.0,0.0
913,700,Castanea',0,0,0,0,0,0,0,0.0,0.0,0.0,0.0,0.0,0.0,0.0,0.0
913,700,Catalpa',0,0,0,0,0,0,0,0.0,0.0,0.0,0.0,0.0,0.0,0.0,0.0
913,700,Celtis',0,0,0,0,0,0,0,0.0,0.0,0.0,0.0,0.0,0.0,0.0,0.0
913,700,Cercis',0,0,0,0,0,0,0,0.0,0.0,0.0,0.0,0.0,0.0,0.0,0.0
913,700,Cercocarpus',0,29,0,0,0,0,0,3.159536123275757,2.659000873565674,11.046685209274292,0.022831156033284172,58.727930326461795,1313.1964438783875,0.00029006974378228533,6.486156653131364
913,700,Chamaecyparis',0,0,0,0,0,0,0,0.0,0.0,0.0,0.0,0.0,0.0,0.0,0.0
913,700,Chilopsis',0,0,0,0,0,0,0,0.0,0.0,0.0,0.0,0.0,0.0,0.0,0.0
913,700,Chrysolepis',0,116,210,7,5,3,0,81.5129165649414,27.14142608642578,135.48935176759957,8.645566771067411,11692.38408867985,105357.51294298774,0.027940144450116916,237.7948919919335
913,700,Cladrastis',0,0,0,0,0,0,0,0.0,0.0,0.0,0.0,0.0,0.0,0.0,0.0
913,700,Comus',0,0,0,0,0,0,0,0.0,0.0,0.0,0.0,0.0,0.0,0.0,0.0
913,700,Cornus',0,0,0,0,0,0,0,0.0,0.0,0.0,0.0,0.0,0.0,0.0,0.0
913,700,Crataegus',0,0,0,0,0,0,0,0.0,0.0,0.0,0.0,0.0,0.0,0.0,0.0
913,700,Cupressus',0,0,0,0,0,0,0,0.0,0.0,0.0,0.0,0.0,0.0,0.0,0.0
913,700,Diospyros',0,0,0,0,0,0,0,0.0,0.0,0.0,0.0,0.0,0.0,0.0,0.0
913,700,Elaeagnus',0,0,0,0,0,0,0,0.0,0.0,0.0,0.0,0.0,0.0,0.0,0.0
913,700,Fagus',0,0,0,0,0,0,0,0.0,0.0,0.0,0.0,0.0,0.0,0.0,0.0
913,700,Fraxinus',0,20,0,0,0,0,0,5.359525203704834,3.8276326656341553,7.400747181116779,0.04683492894637809,47.51040790915489,1062.3650172361386,0.00021211655505001543,4.743070362449123
913,700,Gleditsia',0,0,0,0,0,0,0,0.0,0.0,0.0,0.0,0.0,0.0,0.0,0.0
913,700,Gordonia',0,0,0,0,0,0,0,0.0,0.0,0.0,0.0,0.0,0.0,0.0,0.0
913,700,Gymnocladus',0,0,0,0,0,0,0,0.0,0.0,0.0,0.0,0.0,0.0,0.0,0.0
913,700,Halesia',0,0,0,0,0,0,0,0.0,0.0,0.0,0.0,0.0,0.0,0.0,0.0
913,700,Ilex',0,0,0,0,0,0,0,0.0,0.0,0.0,0.0,0.0,0.0,0.0,0.0
913,700,Juglans',0,0,0,0,0,0,0,0.0,0.0,0.0,0.0,0.0,0.0,0.0,0.0
913,700,Juniperus',0,28,13,0,0,0,0,16.452913284301758,6.4014153480529785,22.666620647907255,0.32103119856925205,302.9594079375267,5619.207042031261,0.0010006498643197095,16.45995398993231
913,700,Larix',0,0,0,0,0,0,0,0.0,0.0,0.0,0.0,0.0,0.0,0.0,0.0
913,700,Liquidambar',0,0,0,0,0,0,0,0.0,0.0,0.0,0.0,0.0,0.0,0.0,0.0
913,700,Liriodendron',0,0,0,0,0,0,0,0.0,0.0,0.0,0.0,0.0,0.0,0.0,0.0
913,700,Lithocarpus',0,28,0,0,0,0,0,5.619657039642334,4.460193157196045,4.40359137058258,0.07063980475987001,71.95766867160798,1609.0223865212338,0.00022351336081822594,4.997910686689946
913,700,Maclura',0,0,0,0,0,0,0,0.0,0.0,0.0,0.0,0.0,0.0,0.0,0.0
913,700,Magnolia',0,0,0,0,0,0,0,0.0,0.0,0.0,0.0,0.0,0.0,0.0,0.0
913,700,Malus',0,0,0,0,0,0,0,0.0,0.0,0.0,0.0,0.0,0.0,0.0,0.0
913,700,Morus',0,0,0,0,0,0,0,0.0,0.0,0.0,0.0,0.0,0.0,0.0,0.0
913,700,Nyssa',0,0,0,0,0,0,0,0.0,0.0,0.0,0.0,0.0,0.0,0.0,0.0
913,700,Olneya',0,0,0,0,0,0,0,0.0,0.0,0.0,0.0,0.0,0.0,0.0,0.0
913,700,Ostrya',0,0,0,0,0,0,0,0.0,0.0,0.0,0.0,0.0,0.0,0.0,0.0
913,700,Oxydendron',0,0,0,0,0,0,0,0.0,0.0,0.0,0.0,0.0,0.0,0.0,0.0
913,700,Paulownia',0,0,0,0,0,0,0,0.0,0.0,0.0,0.0,0.0,0.0,0.0,0.0
913,700,Persea',0,0,0,0,0,0,0,0.0,0.0,0.0,0.0,0.0,0.0,0.0,0.0
913,700,Picea',0,0,0,0,0,0,0,0.0,0.0,0.0,0.0,0.0,0.0,0.0,0.0
913,700,Pinus',0,3349,3517,184,0,2,0,105.5333251953125,29.992223739624023,2580.250168582797,93.20080835292853,91782.84167162597,169073.10054069952,0.24123215016517652,401.1214017208157
913,700,Planera',0,0,0,0,0,0,0,0.0,0.0,0.0,0.0,0.0,0.0,0.0,0.0
913,700,Platanus',0,0,0,0,0,0,0,0.0,0.0,0.0,0.0,0.0,0.0,0.0,0.0
913,700,Populus',0,505,9,0,0,0,0,11.36910343170166,4.88883638381958,192.63120523217734,0.4835271147090651,581.2956960478425,3260.1038820357226,0.004064801432848434,22.657332212558426
913,700,Prosopis',0,0,0,0,0,0,0,0.0,0.0,0.0,0.0,0.0,0.0,0.0,0.0
913,700,Prunus',0,0,0,0,0,0,0,0.0,0.0,0.0,0.0,0.0,0.0,0.0,0.0
913,700,Pseudotsuga',0,0,0,0,0,0,0,0.0,0.0,0.0,0.0,0.0,0.0,0.0,0.0
913,700,Quercus',0,86,3,0,0,0,0,19.08774185180664,9.192667961120605,33.83284044322333,0.21882313842900492,265.39224960744383,3733.4647370876028,0.0010768030869644106,14.20281856935068
913,700,Robinia',0,0,0,0,0,0,0,0.0,0.0,0.0,0.0,0.0,0.0,0.0,0.0
913,700,Salix',0,644,0,0,0,0,0,7.354310035705566,5.578569412231445,136.89194231187992,0.4071486566266498,422.1426261547208,2117.3667906263872,0.002908730284024254,14.393946716219489
913,700,Sassafras',0,0,0,0,0,0,0,0.0,0.0,0.0,0.0,0.0,0.0,0.0,0.0
913,700,Sequoia',0,0,0,0,0,0,0,0.0,0.0,0.0,0.0,0.0,0.0,0.0,0.0
913,700,Sequoiadendron',0,0,0,0,0,0,0,0.0,0.0,0.0,0.0,0.0,0.0,0.0,0.0
913,700,Sorbus',0,0,0,0,0,0,0,0.0,0.0,0.0,0.0,0.0,0.0,0.0,0.0
913,700,Taxodium',0,0,0,0,0,0,0,0.0,0.0,0.0,0.0,0.0,0.0,0.0,0.0
913,700,Taxus',0,0,0,0,0,0,0,0.0,0.0,0.0,0.0,0.0,0.0,0.0,0.0
913,700,Thuja',0,0,0,0,0,0,0,0.0,0.0,0.0,0.0,0.0,0.0,0.0,0.0
913,700,Tilia',0,0,0,0,0,0,0,0.0,0.0,0.0,0.0,0.0,0.0,0.0,0.0
913,700,Torreya',0,0,0,0,0,0,0,0.0,0.0,0.0,0.0,0.0,0.0,0.0,0.0
913,700,Tsuga',0,0,0,0,0,0,0,0.0,0.0,0.0,0.0,0.0,0.0,0.0,0.0
913,700,Ulmus',0,0,0,0,0,0,0,0.0,0.0,0.0,0.0,0.0,0.0,0.0,0.0
913,700,Umbellularia',0,0,0,0,0,0,0,0.0,0.0,0.0,0.0,0.0,0.0,0.0,0.0
913,710,Abies',0,88,83,0,0,0,0,13.463408470153809,9.641161918640137,41.532288275659084,1.167678677114183,902.8661652716994,9633.030345348969,0.00260628006916185,25.588264796894215
913,710,Acer',0,173,0,0,0,0,0,5.942357063293457,3.9820849895477295,34.93385093687455,0.18051539728328853,197.03840052068233,1968.220087759238,0.0009407553009004304,10.022957572355264
913,710,Aesculus',0,0,0,0,0,0,0,0.0,0.0,0.0,0.0,0.0,0.0,0.0,0.0
913,710,Ailanthus',0,0,0,0,0,0,0,0.0,0.0,0.0,0.0,0.0,0.0,0.0,0.0
913,710,Alnus',0,1772,32,0,0,0,0,16.266313552856445,11.903162002563477,319.56250042041546,2.018186989180582,1791.7833673176915,6789.211588290404,0.008582020525769805,28.117481633154156
913,710,Amelanchier',0,0,0,0,0,0,0,0.0,0.0,0.0,0.0,0.0,0.0,0.0,0.0
913,710,Arbutus',0,46,37,2,0,0,0,30.405723571777344,18.41393280029297,38.820907119512555,1.1268848435099927,1889.9181452596188,25343.666617711337,0.004760564532041532,60.28375289045031
913,710,Asimina',0,0,0,0,0,0,0,0.0,0.0,0.0,0.0,0.0,0.0,0.0,0.0
913,710,Betula',0,0,0,0,0,0,0,0.0,0.0,0.0,0.0,0.0,0.0,0.0,0.0
913,710,Calocedrus',0,105,203,10,0,0,0,40.605159759521484,18.932689666748047,96.30220863133668,4.653228846703308,4285.588883455098,43935.00264264934,0.010914562915039552,102.51153138745906
913,710,Carpinus',0,0,0,0,0,0,0,0.0,0.0,0.0,0.0,0.0,0.0,0.0,0.0
913,710,Carya',0,0,0,0,0,0,0,0.0,0.0,0.0,0.0,0.0,0.0,0.0,0.0
913,710,Castanea',0,0,0,0,0,0,0,0.0,0.0,0.0,0.0,0.0,0.0,0.0,0.0
913,710,Catalpa',0,0,0,0,0,0,0,0.0,0.0,0.0,0.0,0.0,0.0,0.0,0.0
913,710,Celtis',0,0,0,0,0,0,0,0.0,0.0,0.0,0.0,0.0,0.0,0.0,0.0
913,710,Cercis',0,0,0,0,0,0,0,0.0,0.0,0.0,0.0,0.0,0.0,0.0,0.0
913,710,Cercocarpus',0,29,0,0,0,0,0,5.0784101486206055,3.398646593093872,8.384784898757934,0.05898435000332125,93.56903149604797,2092.2671501398095,0.00032904473852118075,7.357664029720099
913,710,Chamaecyparis',0,0,0,0,0,0,0,0.0,0.0,0.0,0.0,0.0,0.0,0.0,0.0
913,710,Chilopsis',0,0,0,0,0,0,0,0.0,0.0,0.0,0.0,0.0,0.0,0.0,0.0
913,710,Chrysolepis',0,154,152,9,5,3,0,83.05293273925781,27.361671447753906,138.05260888129473,7.743002050924602,10967.50477890998,107646.6012117308,0.026366326709222197,243.34603376889166
913,710,Cladrastis',0,0,0,0,0,0,0,0.0,0.0,0.0,0.0,0.0,0.0,0.0,0.0
913,710,Comus',0,0,0,0,0,0,0,0.0,0.0,0.0,0.0,0.0,0.0,0.0,0.0
913,710,Cornus',0,0,0,0,0,0,0,0.0,0.0,0.0,0.0,0.0,0.0,0.0,0.0
913,710,Crataegus',0,0,0,0,0,0,0,0.0,0.0,0.0,0.0,0.0,0.0,0.0,0.0
913,710,Cupressus',0,33,0,0,0,0,0,2.554738759994507,2.2258429527282715,9.215548968315124,0.01720302528534689,33.72426725387573,754.0975407103565,0.0002080563041521236,4.6522803923151885
913,710,Diospyros',0,0,0,0,0,0,0,0.0,0.0,0.0,0.0,0.0,0.0,0.0,0.0
913,710,Elaeagnus',0,0,0,0,0,0,0,0.0,0.0,0.0,0.0,0.0,0.0,0.0,0.0
913,710,Fagus',0,0,0,0,0,0,0,0.0,0.0,0.0,0.0,0.0,0.0,0.0,0.0
913,710,Fraxinus',0,20,0,0,0,0,0,2.577080726623535,2.5526514053344727,5.083725948499727,0.010828624060190776,17.78101176381111,397.59551012605107,0.00011269641999900402,2.5199685593863927
913,710,Gleditsia',0,0,0,0,0,0,0,0.0,0.0,0.0,0.0,0.0,0.0,0.0,0.0
913,710,Gordonia',0,0,0,0,0,0,0,0.0,0.0,0.0,0.0,0.0,0.0,0.0,0.0
913,710,Gymnocladus',0,0,0,0,0,0,0,0.0,0.0,0.0,0.0,0.0,0.0,0.0,0.0
913,710,Halesia',0,0,0,0,0,0,0,0.0,0.0,0.0,0.0,0.0,0.0,0.0,0.0
913,710,Ilex',0,0,0,0,0,0,0,0.0,0.0,0.0,0.0,0.0,0.0,0.0,0.0
913,710,Juglans',0,0,0,0,0,0,0,0.0,0.0,0.0,0.0,0.0,0.0,0.0,0.0
913,710,Juniperus',0,81,13,0,0,0,0,18.38998794555664,6.8886637687683105,53.44189885616302,0.4474099598736861,478.8995036840439,7662.1302124393615,0.0018361596608323452,25.609327108274176
913,710,Larix',0,0,0,0,0,0,0,0.0,0.0,0.0,0.0,0.0,0.0,0.0,0.0
913,710,Liquidambar',0,0,0,0,0,0,0,0.0,0.0,0.0,0.0,0.0,0.0,0.0,0.0
913,710,Liriodendron',0,0,0,0,0,0,0,0.0,0.0,0.0,0.0,0.0,0.0,0.0,0.0
913,710,Lithocarpus',0,63,0,0,0,0,0,7.530043125152588,5.4666900634765625,14.367265548706055,0.1506159172767157,170.89006595373155,3001.6931322220516,0.0005872828552555256,9.436637005456728
913,710,Maclura',0,0,0,0,0,0,0,0.0,0.0,0.0,0.0,0.0,0.0,0.0,0.0
913,710,Magnolia',0,0,0,0,0,0,0,0.0,0.0,0.0,0.0,0.0,0.0,0.0,0.0
913,710,Malus',0,0,0,0,0,0,0,0.0,0.0,0.0,0.0,0.0,0.0,0.0,0.0
913,710,Morus',0,0,0,0,0,0,0,0.0,0.0,0.0,0.0,0.0,0.0,0.0,0.0
913,710,Nyssa',0,0,0,0,0,0,0,0.0,0.0,0.0,0.0,0.0,0.0,0.0,0.0
913,710,Olneya',0,0,0,0,0,0,0,0.0,0.0,0.0,0.0,0.0,0.0,0.0,0.0
913,710,Ostrya',0,0,0,0,0,0,0,0.0,0.0,0.0,0.0,0.0,0.0,0.0,0.0
913,710,Oxydendron',0,0,0,0,0,0,0,0.0,0.0,0.0,0.0,0.0,0.0,0.0,0.0
913,710,Paulownia',0,0,0,0,0,0,0,0.0,0.0,0.0,0.0,0.0,0.0,0.0,0.0
913,710,Persea',0,0,0,0,0,0,0,0.0,0.0,0.0,0.0,0.0,0.0,0.0,0.0
913,710,Picea',0,0,0,0,0,0,0,0.0,0.0,0.0,0.0,0.0,0.0,0.0,0.0
913,710,Pinus',0,3602,3455,262,0,0,0,114.19709777832031,30.763416290283203,2440.1490499326587,94.9873402817876,92872.48532574982,169667.55121486276,0.24162989702389243,403.0784778474211
913,710,Planera',0,0,0,0,0,0,0,0.0,0.0,0.0,0.0,0.0,0.0,0.0,0.0
913,710,Platanus',0,0,0,0,0,0,0,0.0,0.0,0.0,0.0,0.0,0.0,0.0,0.0
913,710,Populus',0,392,0,0,0,0,0,7.3329901695251465,3.676098108291626,117.9287376264228,0.2812514585222138,360.68616900384427,2315.1157098368913,0.0024991745116345284,16.71148941245245
913,710,Prosopis',0,0,0,0,0,0,0,0.0,0.0,0.0,0.0,0.0,0.0,0.0,0.0
913,710,Prunus',0,0,0,0,0,0,0,0.0,0.0,0.0,0.0,0.0,0.0,0.0,0.0
913,710,Pseudotsuga',0,0,0,0,0,0,0,0.0,0.0,0.0,0.0,0.0,0.0,0.0,0.0
913,710,Quercus',0,116,0,0,0,0,0,7.283010959625244,4.557548522949219,31.40066271907166,0.2458093537070934,249.42321083903315,3302.166790111785,0.001006303795512763,12.46673592357405
913,710,Robinia',0,0,0,0,0,0,0,0.0,0.0,0.0,0.0,0.0,0.0,0.0,0.0
913,710,Salix',0,505,11,0,0,0,0,8.289101600646973,6.074586391448975,143.71778937575368,0.6129587752632143,557.6357021464407,2943.967283545649,0.003308087876994855,16.95128237572397
913,710,Sassafras',0,0,0,0,0,0,0,0.0,0.0,0.0,0.0,0.0,0.0,0.0,0.0
913,710,Sequoia',0,0,0,0,0,0,0,0.0,0.0,0.0,0.0,0.0,0.0,0.0,0.0
913,710,Sequoiadendron',0,0,0,0,0,0,0,0.0,0.0,0.0,0.0,0.0,0.0,0.0,0.0
913,710,Sorbus',0,0,0,0,0,0,0,0.0,0.0,0.0,0.0,0.0,0.0,0.0,0.0
913,710,Taxodium',0,0,0,0,0,0,0,0.0,0.0,0.0,0.0,0.0,0.0,0.0,0.0
913,710,Taxus',0,0,0,0,0,0,0,0.0,0.0,0.0,0.0,0.0,0.0,0.0,0.0
913,710,Thuja',0,0,0,0,0,0,0,0.0,0.0,0.0,0.0,0.0,0.0,0.0,0.0
913,710,Tilia',0,0,0,0,0,0,0,0.0,0.0,0.0,0.0,0.0,0.0,0.0,0.0
913,710,Torreya',0,0,0,0,0,0,0,0.0,0.0,0.0,0.0,0.0,0.0,0.0,0.0
913,710,Tsuga',0,0,0,0,0,0,0,0.0,0.0,0.0,0.0,0.0,0.0,0.0,0.0
913,710,Ulmus',0,0,0,0,0,0,0,0.0,0.0,0.0,0.0,0.0,0.0,0.0,0.0
913,710,Umbellularia',0,28,0,0,0,0,0,3.5252320766448975,2.9959213733673096,11.26954750061035,0.02748514030025902,45.96162330627441,1027.7331406906776,0.00026491929932435254,5.923775618408663
913,720,Abies',0,101,100,0,0,0,0,15.205096244812012,10.559967041015625,49.101072018742556,1.087220781227851,859.1613552719355,8884.850643003872,0.0026184851382402598,24.651412084962317
913,720,Acer',0,150,0,0,0,0,0,3.895998477935791,3.136780023574829,26.582617017947417,0.09800265687193463,113.96121167629957,1162.6993506825174,0.0006359186766482942,6.75453907946274
913,720,Aesculus',0,0,0,0,0,0,0,0.0,0.0,0.0,0.0,0.0,0.0,0.0,0.0
913,720,Ailanthus',0,0,0,0,0,0,0,0.0,0.0,0.0,0.0,0.0,0.0,0.0,0.0
913,720,Alnus',0,1590,30,0,0,0,0,12.388697624206543,9.719842910766602,375.49490549967066,1.9893510064539308,1802.7534504480661,6332.346903702359,0.009411576537417482,29.50088455232773
913,720,Amelanchier',0,0,0,0,0,0,0,0.0,0.0,0.0,0.0,0.0,0.0,0.0,0.0
913,720,Arbutus',0,25,37,2,0,0,0,34.72900390625,20.020978927612305,25.74285243988037,1.2982614495310183,2242.5302533340455,30255.133937654024,0.005355241747662403,70.55226814916132
913,720,Asimina',0,0,0,0,0,0,0,0.0,0.0,0.0,0.0,0.0,0.0,0.0,0.0
913,720,Betula',0,0,0,0,0,0,0,0.0,0.0,0.0,0.0,0.0,0.0,0.0,0.0
913,720,Calocedrus',0,63,222,0,0,0,0,27.030559539794922,14.387215614318848,93.4882166069746,4.243403562785508,3456.129469639659,29718.54797948806,0.009030673216899274,72.84516950982423
913,720,Carpinus',0,0,0,0,0,0,0,0.0,0.0,0.0,0.0,0.0,0.0,0.0,0.0
913,720,Carya',0,0,0,0,0,0,0,0.0,0.0,0.0,0.0,0.0,0.0,0.0,0.0
913,720,Castanea',0,0,0,0,0,0,0,0.0,0.0,0.0,0.0,0.0,0.0,0.0,0.0
913,720,Catalpa',0,0,0,0,0,0,0,0.0,0.0,0.0,0.0,0.0,0.0,0.0,0.0
913,720,Celtis',0,0,0,0,0,0,0,0.0,0.0,0.0,0.0,0.0,0.0,0.0,0.0
913,720,Cercis',0,0,0,0,0,0,0,0.0,0.0,0.0,0.0,0.0,0.0,0.0,0.0
913,720,Cercocarpus',0,54,0,0,0,0,0,6.491786479949951,3.9057204723358154,28.476763229370118,0.1221039767733256,222.12503379821777,3814.938926271027,0.000904942204236989,14.953494468897425
913,720,Chamaecyparis',0,0,0,0,0,0,0,0.0,0.0,0.0,0.0,0.0,0.0,0.0,0.0
913,720,Chilopsis',0,0,0,0,0,0,0,0.0,0.0,0.0,0.0,0.0,0.0,0.0,0.0
913,720,Chrysolepis',0,94,227,13,5,3,0,84.62860870361328,27.581052780151367,161.368448933959,9.228258616773722,12804.50691061914,114851.55629385173,0.030785337175801366,258.9078402121335
913,720,Cladrastis',0,0,0,0,0,0,0,0.0,0.0,0.0,0.0,0.0,0.0,0.0,0.0
913,720,Comus',0,0,0,0,0,0,0,0.0,0.0,0.0,0.0,0.0,0.0,0.0,0.0
913,720,Cornus',0,0,0,0,0,0,0,0.0,0.0,0.0,0.0,0.0,0.0,0.0,0.0
913,720,Crataegus',0,0,0,0,0,0,0,0.0,0.0,0.0,0.0,0.0,0.0,0.0,0.0
913,720,Cupressus',0,0,0,0,0,0,0,0.0,0.0,0.0,0.0,0.0,0.0,0.0,0.0
913,720,Diospyros',0,0,0,0,0,0,0,0.0,0.0,0.0,0.0,0.0,0.0,0.0,0.0
913,720,Elaeagnus',0,0,0,0,0,0,0,0.0,0.0,0.0,0.0,0.0,0.0,0.0,0.0
913,720,Fagus',0,0,0,0,0,0,0,0.0,0.0,0.0,0.0,0.0,0.0,0.0,0.0
913,720,Fraxinus',0,20,0,0,0,0,0,5.575799942016602,3.9235005378723145,8.240391363071488,0.05069108611428481,51.88703707695007,1160.2294205511184,0.00023392953493818418,5.2308234206668995
913,720,Gleditsia',0,0,0,0,0,0,0,0.0,0.0,0.0,0.0,0.0,0.0,0.0,0.0
913,720,Gordonia',0,0,0,0,0,0,0,0.0,0.0,0.0,0.0,0.0,0.0,0.0,0.0
913,720,Gymnocladus',0,0,0,0,0,0,0,0.0,0.0,0.0,0.0,0.0,0.0,0.0,0.0
913,720,Halesia',0,0,0,0,0,0,0,0.0,0.0,0.0,0.0,0.0,0.0,0.0,0.0
913,720,Ilex',0,0,0,0,0,0,0,0.0,0.0,0.0,0.0,0.0,0.0,0.0,0.0
913,720,Juglans',0,0,0,0,0,0,0,0.0,0.0,0.0,0.0,0.0,0.0,0.0,0.0
913,720,Juniperus',0,82,0,0,0,0,0,6.159385681152344,2.9428205490112305,75.76533739745616,0.16288928356848673,281.55241120159627,3873.527045049009,0.0017200602467951005,23.64552885468121
913,720,Larix',0,0,0,0,0,0,0,0.0,0.0,0.0,0.0,0.0,0.0,0.0,0.0
913,720,Liquidambar',0,0,0,0,0,0,0,0.0,0.0,0.0,0.0,0.0,0.0,0.0,0.0
913,720,Liriodendron',0,0,0,0,0,0,0,0.0,0.0,0.0,0.0,0.0,0.0,0.0,0.0
913,720,Lithocarpus',0,65,28,0,0,0,0,8.8113374710083,6.123428821563721,18.20112951397896,0.27475751348750405,295.97036739468575,4354.575226669942,0.0009206171269839048,12.503457949175804
913,720,Maclura',0,0,0,0,0,0,0,0.0,0.0,0.0,0.0,0.0,0.0,0.0,0.0
913,720,Magnolia',0,0,0,0,0,0,0,0.0,0.0,0.0,0.0,0.0,0.0,0.0,0.0
913,720,Malus',0,0,0,0,0,0,0,0.0,0.0,0.0,0.0,0.0,0.0,0.0,0.0
913,720,Morus',0,0,0,0,0,0,0,0.0,0.0,0.0,0.0,0.0,0.0,0.0,0.0
913,720,Nyssa',0,0,0,0,0,0,0,0.0,0.0,0.0,0.0,0.0,0.0,0.0,0.0
913,720,Olneya',0,0,0,0,0,0,0,0.0,0.0,0.0,0.0,0.0,0.0,0.0,0.0
913,720,Ostrya',0,0,0,0,0,0,0,0.0,0.0,0.0,0.0,0.0,0.0,0.0,0.0
913,720,Oxydendron',0,0,0,0,0,0,0,0.0,0.0,0.0,0.0,0.0,0.0,0.0,0.0
913,720,Paulownia',0,0,0,0,0,0,0,0.0,0.0,0.0,0.0,0.0,0.0,0.0,0.0
913,720,Persea',0,0,0,0,0,0,0,0.0,0.0,0.0,0.0,0.0,0.0,0.0,0.0
913,720,Picea',0,0,0,0,0,0,0,0.0,0.0,0.0,0.0,0.0,0.0,0.0,0.0
913,720,Pinus',0,3713,3300,343,0,0,0,121.71577453613281,31.34548568725586,2534.1037435312564,96.178662031895,95785.73013027445,174547.99712690845,0.24946089899497628,413.24405023151417
913,720,Planera',0,0,0,0,0,0,0,0.0,0.0,0.0,0.0,0.0,0.0,0.0,0.0
913,720,Platanus',0,0,0,0,0,0,0,0.0,0.0,0.0,0.0,0.0,0.0,0.0,0.0
913,720,Populus',0,510,0,0,0,0,0,7.1517534255981445,3.620107650756836,174.1381559728444,0.43801425786428755,542.7225340861082,2858.780204176803,0.003712865571418787,20.450262286683518
913,720,Prosopis',0,0,0,0,0,0,0,0.0,0.0,0.0,0.0,0.0,0.0,0.0,0.0
913,720,Prunus',0,0,0,0,0,0,0,0.0,0.0,0.0,0.0,0.0,0.0,0.0,0.0
913,720,Pseudotsuga',0,0,0,0,0,0,0,0.0,0.0,0.0,0.0,0.0,0.0,0.0,0.0
913,720,Quercus',0,128,11,0,0,0,0,9.292609214782715,5.400565147399902,61.9550500206555,0.2927025404018494,350.2172134506703,3669.937186923016,0.0015704251470873155,16.127810860328978
913,720,Robinia',0,0,0,0,0,0,0,0.0,0.0,0.0,0.0,0.0,0.0,0.0,0.0
913,720,Salix',0,509,35,0,0,0,0,12.103259086608887,7.996185302734375,92.56860366892775,0.6574535851797569,555.5519403021037,4012.5951565265523,0.0025671363357785176,16.359836086464774
913,720,Sassafras',0,0,0,0,0,0,0,0.0,0.0,0.0,0.0,0.0,0.0,0.0,0.0
913,720,Sequoia',0,0,0,0,0,0,0,0.0,0.0,0.0,0.0,0.0,0.0,0.0,0.0
913,720,Sequoiadendron',0,0,0,0,0,0,0,0.0,0.0,0.0,0.0,0.0,0.0,0.0,0.0
913,720,Sorbus',0,0,0,0,0,0,0,0.0,0.0,0.0,0.0,0.0,0.0,0.0,0.0
913,720,Taxodium',0,0,0,0,0,0,0,0.0,0.0,0.0,0.0,0.0,0.0,0.0,0.0
913,720,Taxus',0,0,0,0,0,0,0,0.0,0.0,0.0,0.0,0.0,0.0,0.0,0.0
913,720,Thuja',0,0,0,0,0,0,0,0.0,0.0,0.0,0.0,0.0,0.0,0.0,0.0
913,720,Tilia',0,0,0,0,0,0,0,0.0,0.0,0.0,0.0,0.0,0.0,0.0,0.0
913,720,Torreya',0,0,0,0,0,0,0,0.0,0.0,0.0,0.0,0.0,0.0,0.0,0.0
913,720,Tsuga',0,0,0,0,0,0,0,0.0,0.0,0.0,0.0,0.0,0.0,0.0,0.0
913,720,Ulmus',0,0,0,0,0,0,0,0.0,0.0,0.0,0.0,0.0,0.0,0.0,0.0
913,720,Umbellularia',0,28,0,0,0,0,0,5.726952075958252,3.9902310371398926,11.6347021484375,0.07253867686414042,80.13675903320312,1791.9124069476231,0.00034613850458462794,7.739892258813528
913,730,Abies',0,83,52,0,0,0,0,16.756099700927734,11.35072135925293,43.42502309799194,0.9786945092504479,811.5737160205841,10027.15919448318,0.0024307474677494455,26.730055316139726
913,730,Acer',0,86,0,0,0,0,0,6.463746070861816,4.2071452140808105,17.890710427508324,0.14989494214227217,130.01487665683032,1529.4201050559868,0.0005464686678852893,5.985939614042643
913,730,Aesculus',0,0,0,0,0,0,0,0.0,0.0,0.0,0.0,0.0,0.0,0.0,0.0
913,730,Ailanthus',0,0,0,0,0,0,0,0.0,0.0,0.0,0.0,0.0,0.0,0.0,0.0
913,730,Alnus',0,1807,29,0,0,0,0,12.396636009216309,9.724512100219727,386.5321618665151,2.259575389917733,1986.167412443757,6847.64645707137,0.009978050565017708,30.093659088420605
913,730,Amelanchier',0,0,0,0,0,0,0,0.0,0.0,0.0,0.0,0.0,0.0,0.0,0.0
913,730,Arbutus',0,110,24,0,0,0,0,27.022523880004883,17.041223526000977,43.280467636585236,0.8958042512822094,1578.38292583704,28713.551506399454,0.004132679767029349,65.83523824404557
913,730,Asimina',0,0,0,0,0,0,0,0.0,0.0,0.0,0.0,0.0,0.0,0.0,0.0
913,730,Betula',0,0,0,0,0,0,0,0.0,0.0,0.0,0.0,0.0,0.0,0.0,0.0
913,730,Calocedrus',0,82,145,12,0,0,0,28.851093292236328,15.062464714050293,69.30031555235385,3.9616529732805206,3404.5004186517,32716.223069440864,0.008566561239496149,77.13245601132249
913,730,Carpinus',0,0,0,0,0,0,0,0.0,0.0,0.0,0.0,0.0,0.0,0.0,0.0
913,730,Carya',0,0,0,0,0,0,0,0.0,0.0,0.0,0.0,0.0,0.0,0.0,0.0
913,730,Castanea',0,0,0,0,0,0,0,0.0,0.0,0.0,0.0,0.0,0.0,0.0,0.0
913,730,Catalpa',0,0,0,0,0,0,0,0.0,0.0,0.0,0.0,0.0,0.0,0.0,0.0
913,730,Celtis',0,0,0,0,0,0,0,0.0,0.0,0.0,0.0,0.0,0.0,0.0,0.0
913,730,Cercis',0,0,0,0,0,0,0,0.0,0.0,0.0,0.0,0.0,0.0,0.0,0.0
913,730,Cercocarpus',0,54,0,0,0,0,0,7.956023693084717,4.399537563323975,20.332938089370728,0.21260585918839464,308.99312180519104,5085.247067084,0.0009803493607441608,15.744055699264425
913,730,Chamaecyparis',0,0,0,0,0,0,0,0.0,0.0,0.0,0.0,0.0,0.0,0.0,0.0
913,730,Chilopsis',0,0,0,0,0,0,0,0.0,0.0,0.0,0.0,0.0,0.0,0.0,0.0
913,730,Chrysolepis',0,144,247,25,6,0,0,64.02200317382812,24.183412551879883,149.50388628572225,8.21694869123662,10070.825729181468,81972.88073898345,0.024539113150472896,186.8505123590432
913,730,Cladrastis',0,0,0,0,0,0,0,0.0,0.0,0.0,0.0,0.0,0.0,0.0,0.0
913,730,Comus',0,0,0,0,0,0,0,0.0,0.0,0.0,0.0,0.0,0.0,0.0,0.0
913,730,Cornus',0,0,0,0,0,0,0,0.0,0.0,0.0,0.0,0.0,0.0,0.0,0.0
913,730,Crataegus',0,0,0,0,0,0,0,0.0,0.0,0.0,0.0,0.0,0.0,0.0,0.0
913,730,Cupressus',0,0,0,0,0,0,0,0.0,0.0,0.0,0.0,0.0,0.0,0.0,0.0
913,730,Diospyros',0,0,0,0,0,0,0,0.0,0.0,0.0,0.0,0.0,0.0,0.0,0.0
913,730,Elaeagnus',0,0,0,0,0,0,0,0.0,0.0,0.0,0.0,0.0,0.0,0.0,0.0
913,730,Fagus',0,0,0,0,0,0,0,0.0,0.0,0.0,0.0,0.0,0.0,0.0,0.0
913,730,Fraxinus',0,40,0,0,0,0,0,3.1906566619873047,2.840559959411621,9.95743153923297,0.021570188198094645,35.298814624249935,789.3054902498692,0.00022178456949023412,4.959253737406878
913,730,Gleditsia',0,0,0,0,0,0,0,0.0,0.0,0.0,0.0,0.0,0.0,0.0,0.0
913,730,Gordonia',0,0,0,0,0,0,0,0.0,0.0,0.0,0.0,0.0,0.0,0.0,0.0
913,730,Gymnocladus',0,0,0,0,0,0,0,0.0,0.0,0.0,0.0,0.0,0.0,0.0,0.0
913,730,Halesia',0,0,0,0,0,0,0,0.0,0.0,0.0,0.0,0.0,0.0,0.0,0.0
913,730,Ilex',0,0,0,0,0,0,0,0.0,0.0,0.0,0.0,0.0,0.0,0.0,0.0
913,730,Juglans',0,0,0,0,0,0,0,0.0,0.0,0.0,0.0,0.0,0.0,0.0,0.0
913,730,Juniperus',0,49,0,0,0,0,0,7.9131927490234375,3.3428845405578613,27.63670520067215,0.20426883978059648,215.17368083238603,3542.1870968083977,0.0008773605863116615,14.455549099990996
913,730,Larix',0,0,0,0,0,0,0,0.0,0.0,0.0,0.0,0.0,0.0,0.0,0.0
913,730,Liquidambar',0,0,0,0,0,0,0,0.0,0.0,0.0,0.0,0.0,0.0,0.0,0.0
913,730,Liriodendron',0,0,0,0,0,0,0,0.0,0.0,0.0,0.0,0.0,0.0,0.0,0.0
913,730,Lithocarpus',0,65,28,0,0,0,0,10.006078720092773,6.7228827476501465,21.947614493966103,0.4240835980590372,449.6057430416346,6284.88945203561,0.0013161449839174792,17.756041216339323
913,730,Maclura',0,0,0,0,0,0,0,0.0,0.0,0.0,0.0,0.0,0.0,0.0,0.0
913,730,Magnolia',0,0,0,0,0,0,0,0.0,0.0,0.0,0.0,0.0,0.0,0.0,0.0
913,730,Malus',0,0,0,0,0,0,0,0.0,0.0,0.0,0.0,0.0,0.0,0.0,0.0
913,730,Morus',0,0,0,0,0,0,0,0.0,0.0,0.0,0.0,0.0,0.0,0.0,0.0
913,730,Nyssa',0,0,0,0,0,0,0,0.0,0.0,0.0,0.0,0.0,0.0,0.0,0.0
913,730,Olneya',0,0,0,0,0,0,0,0.0,0.0,0.0,0.0,0.0,0.0,0.0,0.0
913,730,Ostrya',0,0,0,0,0,0,0,0.0,0.0,0.0,0.0,0.0,0.0,0.0,0.0
913,730,Oxydendron',0,0,0,0,0,0,0,0.0,0.0,0.0,0.0,0.0,0.0,0.0,0.0
913,730,Paulownia',0,0,0,0,0,0,0,0.0,0.0,0.0,0.0,0.0,0.0,0.0,0.0
913,730,Persea',0,0,0,0,0,0,0,0.0,0.0,0.0,0.0,0.0,0.0,0.0,0.0
913,730,Picea',0,0,0,0,0,0,0,0.0,0.0,0.0,0.0,0.0,0.0,0.0,0.0
913,730,Pinus',0,3355,3577,323,2,0,0,128.75685119628906,31.826305389404297,2583.5609656333922,95.2569086982148,95731.75031241089,175142.42930009274,0.2500553252773784,413.43766491824863
913,730,Planera',0,0,0,0,0,0,0,0.0,0.0,0.0,0.0,0.0,0.0,0.0,0.0
913,730,Platanus',0,0,0,0,0,0,0,0.0,0.0,0.0,0.0,0.0,0.0,0.0,0.0
913,730,Populus',0,588,1,0,0,0,0,9.804646492004395,4.426430702209473,172.86036519404453,0.384530944068045,525.3635751348734,2717.8205640885135,0.003655895602959652,20.12891604968136
913,730,Prosopis',0,0,0,0,0,0,0,0.0,0.0,0.0,0.0,0.0,0.0,0.0,0.0
913,730,Prunus',0,0,0,0,0,0,0,0.0,0.0,0.0,0.0,0.0,0.0,0.0,0.0
913,730,Pseudotsuga',0,0,0,0,0,0,0,0.0,0.0,0.0,0.0,0.0,0.0,0.0,0.0
913,730,Quercus',0,57,0,0,0,0,0,5.386505126953125,3.4237864017486572,42.96994853623305,0.11163767065780981,171.30595347881317,2829.766334964597,0.0008151216265447384,13.83659498086909
913,730,Robinia',0,0,0,0,0,0,0,0.0,0.0,0.0,0.0,0.0,0.0,0.0,0.0
913,730,Salix',0,545,22,0,0,0,0,15.521596908569336,9.58685302734375,120.7804966561166,0.9496003275160405,761.5066371481865,5437.642967047769,0.0034309393121211393,19.419903693461414
913,730,Sassafras',0,0,0,0,0,0,0,0.0,0.0,0.0,0.0,0.0,0.0,0.0,0.0
913,730,Sequoia',0,0,0,0,0,0,0,0.0,0.0,0.0,0.0,0.0,0.0,0.0,0.0
913,730,Sequoiadendron',0,0,0,0,0,0,0,0.0,0.0,0.0,0.0,0.0,0.0,0.0,0.0
913,730,Sorbus',0,0,0,0,0,0,0,0.0,0.0,0.0,0.0,0.0,0.0,0.0,0.0
913,730,Taxodium',0,0,0,0,0,0,0,0.0,0.0,0.0,0.0,0.0,0.0,0.0,0.0
913,730,Taxus',0,0,0,0,0,0,0,0.0,0.0,0.0,0.0,0.0,0.0,0.0,0.0
913,730,Thuja',0,0,0,0,0,0,0,0.0,0.0,0.0,0.0,0.0,0.0,0.0,0.0
913,730,Tilia',0,0,0,0,0,0,0,0.0,0.0,0.0,0.0,0.0,0.0,0.0,0.0
913,730,Torreya',0,0,0,0,0,0,0,0.0,0.0,0.0,0.0,0.0,0.0,0.0,0.0
913,730,Tsuga',0,0,0,0,0,0,0,0.0,0.0,0.0,0.0,0.0,0.0,0.0,0.0
913,730,Ulmus',0,0,0,0,0,0,0,0.0,0.0,0.0,0.0,0.0,0.0,0.0,0.0
913,730,Umbellularia',0,28,0,0,0,0,0,7.630151748657227,4.811715602874756,10.033576583862304,0.12876234649664903,121.67604362487793,2720.759047784581,0.0004153206634521484,9.286852359393134
913,740,Abies',0,26,47,0,0,0,0,18.240249633789062,12.083958625793457,26.619565247595308,0.7686018348607262,665.3007440939546,9826.624665584673,0.0018629509275940568,24.704034154478414
913,740,Acer',0,49,2,0,0,0,0,12.099085807800293,6.539641857147217,14.27334219688856,0.07828815309263014,84.46256046116352,1129.628132410011,0.000393167269894855,5.23348395335807
913,740,Aesculus',0,0,0,0,0,0,0,0.0,0.0,0.0,0.0,0.0,0.0,0.0,0.0
913,740,Ailanthus',0,0,0,0,0,0,0,0.0,0.0,0.0,0.0,0.0,0.0,0.0,0.0
913,740,Alnus',0,1778,60,0,0,0,0,20.626537322998047,14.138622283935547,453.9837354589017,2.7993065277284632,2435.254701706618,7615.891598950424,0.011947025253822335,33.719661869709995
913,740,Amelanchier',0,0,0,0,0,0,0,0.0,0.0,0.0,0.0,0.0,0.0,0.0,0.0
913,740,Arbutus',0,34,13,12,0,0,0,28.273399353027344,17.561119079589844,29.111126655340193,1.0024282574404602,1751.0342375791074,32173.571786937973,0.004311681245913114,72.94711413249469
913,740,Asimina',0,0,0,0,0,0,0,0.0,0.0,0.0,0.0,0.0,0.0,0.0,0.0
913,740,Betula',0,0,0,0,0,0,0,0.0,0.0,0.0,0.0,0.0,0.0,0.0,0.0
913,740,Calocedrus',0,141,30,18,0,0,0,31.0707950592041,15.856694221496582,59.95077869594097,1.8503003068692816,1812.6289166492224,24797.773228633436,0.00489401992807476,58.74908274993682
913,740,Carpinus',0,0,0,0,0,0,0,0.0,0.0,0.0,0.0,0.0,0.0,0.0,0.0
913,740,Carya',0,0,0,0,0,0,0,0.0,0.0,0.0,0.0,0.0,0.0,0.0,0.0
913,740,Castanea',0,0,0,0,0,0,0,0.0,0.0,0.0,0.0,0.0,0.0,0.0,0.0
913,740,Catalpa',0,0,0,0,0,0,0,0.0,0.0,0.0,0.0,0.0,0.0,0.0,0.0
913,740,Celtis',0,0,0,0,0,0,0,0.0,0.0,0.0,0.0,0.0,0.0,0.0,0.0
913,740,Cercis',0,0,0,0,0,0,0,0.0,0.0,0.0,0.0,0.0,0.0,0.0,0.0
913,740,Cercocarpus',0,24,0,0,0,0,0,7.698666572570801,4.314979553222656,7.067315826416015,0.11618912578766674,158.88154037475587,3552.699246478314,0.0004551535246372276,10.177542212874648
913,740,Chamaecyparis',0,0,0,0,0,0,0,0.0,0.0,0.0,0.0,0.0,0.0,0.0,0.0
913,740,Chilopsis',0,0,0,0,0,0,0,0.0,0.0,0.0,0.0,0.0,0.0,0.0,0.0
913,740,Chrysolepis',0,233,211,16,6,0,0,65.45683288574219,24.46100425720215,149.9377646434307,7.868442276927039,9925.725603314639,83976.76766470197,0.024222935900722574,191.25287575773373
913,740,Cladrastis',0,0,0,0,0,0,0,0.0,0.0,0.0,0.0,0.0,0.0,0.0,0.0
913,740,Comus',0,0,0,0,0,0,0,0.0,0.0,0.0,0.0,0.0,0.0,0.0,0.0
913,740,Cornus',0,0,0,0,0,0,0,0.0,0.0,0.0,0.0,0.0,0.0,0.0,0.0
913,740,Crataegus',0,0,0,0,0,0,0,0.0,0.0,0.0,0.0,0.0,0.0,0.0,0.0
913,740,Cupressus',0,12,0,0,0,0,0,3.0083861351013184,2.3862528800964355,2.6932125401496885,0.0047575791445258215,10.133233244419099,160.10802467291825,6.14202557081977e-05,0.9701710311186439
913,740,Diospyros',0,0,0,0,0,0,0,0.0,0.0,0.0,0.0,0.0,0.0,0.0,0.0
913,740,Elaeagnus',0,0,0,0,0,0,0,0.0,0.0,0.0,0.0,0.0,0.0,0.0,0.0
913,740,Fagus',0,0,0,0,0,0,0,0.0,0.0,0.0,0.0,0.0,0.0,0.0,0.0
913,740,Fraxinus',0,20,0,0,0,0,0,5.6979875564575195,3.9774608612060547,8.734691458035119,0.05293710943278849,54.47903330683708,1218.1882182256306,0.0002468052546903473,5.518733266917661
913,740,Gleditsia',0,0,0,0,0,0,0,0.0,0.0,0.0,0.0,0.0,0.0,0.0,0.0
913,740,Gordonia',0,0,0,0,0,0,0,0.0,0.0,0.0,0.0,0.0,0.0,0.0,0.0
913,740,Gymnocladus',0,0,0,0,0,0,0,0.0,0.0,0.0,0.0,0.0,0.0,0.0,0.0
913,740,Halesia',0,0,0,0,0,0,0,0.0,0.0,0.0,0.0,0.0,0.0,0.0,0.0
913,740,Ilex',0,0,0,0,0,0,0,0.0,0.0,0.0,0.0,0.0,0.0,0.0,0.0
913,740,Juglans',0,0,0,0,0,0,0,0.0,0.0,0.0,0.0,0.0,0.0,0.0,0.0
913,740,Juniperus',0,26,47,0,0,0,0,9.413717269897461,3.6641290187835693,57.41066879332065,0.3433293524939149,370.6350976282358,5512.3022210750805,0.0016528987514786442,24.124466953411382
913,740,Larix',0,0,0,0,0,0,0,0.0,0.0,0.0,0.0,0.0,0.0,0.0,0.0
913,740,Liquidambar',0,0,0,0,0,0,0,0.0,0.0,0.0,0.0,0.0,0.0,0.0,0.0
913,740,Liriodendron',0,0,0,0,0,0,0,0.0,0.0,0.0,0.0,0.0,0.0,0.0,0.0
913,740,Lithocarpus',0,58,0,0,0,0,0,7.697401523590088,5.553296089172363,17.304372010231017,0.17200450767317854,198.08789221286773,3424.592506989695,0.0006901473343968367,11.02666544444495
913,740,Maclura',0,0,0,0,0,0,0,0.0,0.0,0.0,0.0,0.0,0.0,0.0,0.0
913,740,Magnolia',0,0,0,0,0,0,0,0.0,0.0,0.0,0.0,0.0,0.0,0.0,0.0
913,740,Malus',0,0,0,0,0,0,0,0.0,0.0,0.0,0.0,0.0,0.0,0.0,0.0
913,740,Morus',0,0,0,0,0,0,0,0.0,0.0,0.0,0.0,0.0,0.0,0.0,0.0
913,740,Nyssa',0,0,0,0,0,0,0,0.0,0.0,0.0,0.0,0.0,0.0,0.0,0.0
913,740,Olneya',0,0,0,0,0,0,0,0.0,0.0,0.0,0.0,0.0,0.0,0.0,0.0
913,740,Ostrya',0,0,0,0,0,0,0,0.0,0.0,0.0,0.0,0.0,0.0,0.0,0.0
913,740,Oxydendron',0,0,0,0,0,0,0,0.0,0.0,0.0,0.0,0.0,0.0,0.0,0.0
913,740,Paulownia',0,0,0,0,0,0,0,0.0,0.0,0.0,0.0,0.0,0.0,0.0,0.0
913,740,Persea',0,0,0,0,0,0,0,0.0,0.0,0.0,0.0,0.0,0.0,0.0,0.0
913,740,Picea',0,0,0,0,0,0,0,0.0,0.0,0.0,0.0,0.0,0.0,0.0,0.0
913,740,Pinus',0,3192,3730,343,2,0,0,135.72470092773438,32.248043060302734,2532.8561761577425,98.40518305330228,98981.91732491032,181822.43941495309,0.2565455169070571,429.4057739210788
913,740,Planera',0,0,0,0,0,0,0,0.0,0.0,0.0,0.0,0.0,0.0,0.0,0.0
913,740,Platanus',0,0,0,0,0,0,0,0.0,0.0,0.0,0.0,0.0,0.0,0.0,0.0
913,740,Populus',0,471,9,0,0,0,0,12.103460311889648,5.102611064910889,157.13929029205175,0.4391790886392869,511.0413410681486,2784.1288105532158,0.003397754816557732,18.866369187912014
913,740,Prosopis',0,0,0,0,0,0,0,0.0,0.0,0.0,0.0,0.0,0.0,0.0,0.0
913,740,Prunus',0,0,0,0,0,0,0,0.0,0.0,0.0,0.0,0.0,0.0,0.0,0.0
913,740,Pseudotsuga',0,0,0,0,0,0,0,0.0,0.0,0.0,0.0,0.0,0.0,0.0,0.0
913,740,Quercus',0,94,0,0,0,0,0,7.064862251281738,4.124980926513672,33.17176056860745,0.21853842240725158,252.72480414420366,3519.3651257934525,0.0009452528243064929,12.629463716991385
913,740,Robinia',0,0,0,0,0,0,0,0.0,0.0,0.0,0.0,0.0,0.0,0.0,0.0
913,740,Salix',0,800,13,0,0,0,0,9.018421173095703,6.454569339752197,156.9576623458179,0.8753173800382582,729.0096454302967,3729.0918285014395,0.003879514188285445,18.157732568987424
913,740,Sassafras',0,0,0,0,0,0,0,0.0,0.0,0.0,0.0,0.0,0.0,0.0,0.0
913,740,Sequoia',0,0,0,0,0,0,0,0.0,0.0,0.0,0.0,0.0,0.0,0.0,0.0
913,740,Sequoiadendron',0,0,0,0,0,0,0,0.0,0.0,0.0,0.0,0.0,0.0,0.0,0.0
913,740,Sorbus',0,0,0,0,0,0,0,0.0,0.0,0.0,0.0,0.0,0.0,0.0,0.0
913,740,Taxodium',0,0,0,0,0,0,0,0.0,0.0,0.0,0.0,0.0,0.0,0.0,0.0
913,740,Taxus',0,0,0,0,0,0,0,0.0,0.0,0.0,0.0,0.0,0.0,0.0,0.0
913,740,Thuja',0,0,0,0,0,0,0,0.0,0.0,0.0,0.0,0.0,0.0,0.0,0.0
913,740,Tilia',0,0,0,0,0,0,0,0.0,0.0,0.0,0.0,0.0,0.0,0.0,0.0
913,740,Torreya',0,0,0,0,0,0,0,0.0,0.0,0.0,0.0,0.0,0.0,0.0,0.0
913,740,Tsuga',0,0,0,0,0,0,0,0.0,0.0,0.0,0.0,0.0,0.0,0.0,0.0
913,740,Ulmus',0,0,0,0,0,0,0,0.0,0.0,0.0,0.0,0.0,0.0,0.0,0.0
913,740,Umbellularia',0,28,0,0,0,0,0,1.3056626319885254,1.9435333013534546,2.3993298912048338,0.0037703744298446676,10.601822566986085,237.06395945172255,5.821659246087025e-05,1.3017625816090743
913,750,Abies',0,40,73,0,0,0,0,19.648696899414062,12.759243965148926,31.90835572451353,1.0319509118591352,913.6070436403155,12202.180890509346,0.0024911363074754836,29.960412355280713
913,750,Acer',0,46,2,0,0,0,0,16.53044319152832,8.251249313354492,28.247023128633256,0.10340962758602383,135.00284413456916,1878.0791160899196,0.0007066379097942288,9.29280019572414
913,750,Aesculus',0,0,0,0,0,0,0,0.0,0.0,0.0,0.0,0.0,0.0,0.0,0.0
913,750,Ailanthus',0,0,0,0,0,0,0,0.0,0.0,0.0,0.0,0.0,0.0,0.0,0.0
913,750,Alnus',0,1732,89,0,0,0,0,13.867366790771484,10.575233459472656,443.54383791879377,2.7995902819260525,2436.662661036998,7905.140075851914,0.011799865849234278,33.52743034113473
913,750,Amelanchier',0,0,0,0,0,0,0,0.0,0.0,0.0,0.0,0.0,0.0,0.0,0.0
913,750,Arbutus',0,0,48,12,0,0,0,29.441343307495117,18.033357620239258,23.375612125396728,1.250749684366338,2119.518631267548,36100.751691697704,0.0050476890301555275,82.13889749528279
913,750,Asimina',0,0,0,0,0,0,0,0.0,0.0,0.0,0.0,0.0,0.0,0.0,0.0
913,750,Betula',0,0,0,0,0,0,0,0.0,0.0,0.0,0.0,0.0,0.0,0.0,0.0
913,750,Calocedrus',0,123,48,18,0,0,0,34.10771179199219,16.89370346069336,79.1925807827711,2.4631437685155535,2388.922129427791,29099.739480040247,0.006452608502456937,68.73251549357856
913,750,Carpinus',0,0,0,0,0,0,0,0.0,0.0,0.0,0.0,0.0,0.0,0.0,0.0
913,750,Carya',0,0,0,0,0,0,0,0.0,0.0,0.0,0.0,0.0,0.0,0.0,0.0
913,750,Castanea',0,0,0,0,0,0,0,0.0,0.0,0.0,0.0,0.0,0.0,0.0,0.0
913,750,Catalpa',0,0,0,0,0,0,0,0.0,0.0,0.0,0.0,0.0,0.0,0.0,0.0
913,750,Celtis',0,0,0,0,0,0,0,0.0,0.0,0.0,0.0,0.0,0.0,0.0,0.0
913,750,Cercis',0,0,0,0,0,0,0,0.0,0.0,0.0,0.0,0.0,0.0,0.0,0.0
913,750,Cercocarpus',0,0,24,0,0,0,0,9.175389289855957,4.78770112991333,13.921075172424315,0.16503781346206448,237.85041538238525,5318.496972715737,0.0007296386809349104,16.315216895837455
913,750,Chamaecyparis',0,0,0,0,0,0,0,0.0,0.0,0.0,0.0,0.0,0.0,0.0,0.0
913,750,Chilopsis',0,0,0,0,0,0,0,0.0,0.0,0.0,0.0,0.0,0.0,0.0,0.0
913,750,Chrysolepis',0,311,114,16,1,0,0,63.27740478515625,24.03662872314453,151.22014894247053,5.102239324046,6069.339000416994,48696.5335745327,0.01567171084607782,115.40093120477971
913,750,Cladrastis',0,0,0,0,0,0,0,0.0,0.0,0.0,0.0,0.0,0.0,0.0,0.0
913,750,Comus',0,0,0,0,0,0,0,0.0,0.0,0.0,0.0,0.0,0.0,0.0,0.0
913,750,Cornus',0,0,0,0,0,0,0,0.0,0.0,0.0,0.0,0.0,0.0,0.0,0.0
913,750,Crataegus',0,0,0,0,0,0,0,0.0,0.0,0.0,0.0,0.0,0.0,0.0,0.0
913,750,Cupressus',0,3,0,0,0,0,0,7.310569763183594,3.849968433380127,6.216642966270446,0.016286361060294,24.457223143577576,546.8801348992046,0.0001441453404873607,3.2231877996959075
913,750,Diospyros',0,0,0,0,0,0,0,0.0,0.0,0.0,0.0,0.0,0.0,0.0,0.0
913,750,Elaeagnus',0,0,0,0,0,0,0,0.0,0.0,0.0,0.0,0.0,0.0,0.0,0.0
913,750,Fagus',0,0,0,0,0,0,0,0.0,0.0,0.0,0.0,0.0,0.0,0.0,0.0
913,750,Fraxinus',0,20,0,0,0,0,0,7.986837863922119,4.961878299713135,9.029963246629206,0.1040080530687663,95.51229571580888,2135.719859076099,0.00034224090106040094,7.652739194518361
913,750,Gleditsia',0,0,0,0,0,0,0,0.0,0.0,0.0,0.0,0.0,0.0,0.0,0.0
913,750,Gordonia',0,0,0,0,0,0,0,0.0,0.0,0.0,0.0,0.0,0.0,0.0,0.0
913,750,Gymnocladus',0,0,0,0,0,0,0,0.0,0.0,0.0,0.0,0.0,0.0,0.0,0.0
913,750,Halesia',0,0,0,0,0,0,0,0.0,0.0,0.0,0.0,0.0,0.0,0.0,0.0
913,750,Ilex',0,0,0,0,0,0,0,0.0,0.0,0.0,0.0,0.0,0.0,0.0,0.0
913,750,Juglans',0,0,0,0,0,0,0,0.0,0.0,0.0,0.0,0.0,0.0,0.0,0.0
913,750,Juniperus',0,90,49,0,0,0,0,10.91003131866455,3.966305732727051,108.13785117149352,0.49176552397477835,591.8118685626984,7270.304644216617,0.002877128650402029,33.327395427069824
913,750,Larix',0,0,0,0,0,0,0,0.0,0.0,0.0,0.0,0.0,0.0,0.0,0.0
913,750,Liquidambar',0,0,0,0,0,0,0,0.0,0.0,0.0,0.0,0.0,0.0,0.0,0.0
913,750,Liriodendron',0,0,0,0,0,0,0,0.0,0.0,0.0,0.0,0.0,0.0,0.0,0.0
913,750,Lithocarpus',0,0,0,0,0,0,0,0.0,0.0,0.0,0.0,0.0,0.0,0.0,0.0
913,750,Maclura',0,0,0,0,0,0,0,0.0,0.0,0.0,0.0,0.0,0.0,0.0,0.0
913,750,Magnolia',0,0,0,0,0,0,0,0.0,0.0,0.0,0.0,0.0,0.0,0.0,0.0
913,750,Malus',0,0,0,0,0,0,0,0.0,0.0,0.0,0.0,0.0,0.0,0.0,0.0
913,750,Morus',0,0,0,0,0,0,0,0.0,0.0,0.0,0.0,0.0,0.0,0.0,0.0
913,750,Nyssa',0,0,0,0,0,0,0,0.0,0.0,0.0,0.0,0.0,0.0,0.0,0.0
913,750,Olneya',0,0,0,0,0,0,0,0.0,0.0,0.0,0.0,0.0,0.0,0.0,0.0
913,750,Ostrya',0,0,0,0,0,0,0,0.0,0.0,0.0,0.0,0.0,0.0,0.0,0.0
913,750,Oxydendron',0,0,0,0,0,0,0,0.0,0.0,0.0,0.0,0.0,0.0,0.0,0.0
913,750,Paulownia',0,0,0,0,0,0,0,0.0,0.0,0.0,0.0,0.0,0.0,0.0,0.0
913,750,Persea',0,0,0,0,0,0,0,0.0,0.0,0.0,0.0,0.0,0.0,0.0,0.0
913,750,Picea',0,0,0,0,0,0,0,0.0,0.0,0.0,0.0,0.0,0.0,0.0,0.0
913,750,Pinus',0,3394,3877,304,1,0,0,142.28179931640625,32.60125732421875,2769.6682457345723,101.35310344436358,102336.6562805295,181492.3554876157,0.26742111043886335,428.02897980868573
913,750,Planera',0,0,0,0,0,0,0,0.0,0.0,0.0,0.0,0.0,0.0,0.0,0.0
913,750,Platanus',0,0,0,0,0,0,0,0.0,0.0,0.0,0.0,0.0,0.0,0.0,0.0
913,750,Populus',0,322,20,0,0,0,0,15.092708587646484,5.951676368713379,120.31646644272192,0.47074582738212367,466.36388385400176,3685.8866114367474,0.0027683865576784584,19.618791174643434
913,750,Prosopis',0,0,0,0,0,0,0,0.0,0.0,0.0,0.0,0.0,0.0,0.0,0.0
913,750,Prunus',0,0,0,0,0,0,0,0.0,0.0,0.0,0.0,0.0,0.0,0.0,0.0
913,750,Pseudotsuga',0,0,0,0,0,0,0,0.0,0.0,0.0,0.0,0.0,0.0,0.0,0.0
913,750,Quercus',0,0,0,0,0,0,0,0.0,0.0,0.0,0.0,0.0,0.0,0.0,0.0
913,750,Robinia',0,0,0,0,0,0,0,0.0,0.0,0.0,0.0,0.0,0.0,0.0,0.0
913,750,Salix',0,480,43,0,0,0,0,12.575331687927246,8.223024368286133,88.24480663206947,0.8384428769127831,649.3633079995215,5278.217838052709,0.0027133625465573285,17.125599177423435
913,750,Sassafras',0,0,0,0,0,0,0,0.0,0.0,0.0,0.0,0.0,0.0,0.0,0.0
913,750,Sequoia',0,0,0,0,0,0,0,0.0,0.0,0.0,0.0,0.0,0.0,0.0,0.0
913,750,Sequoiadendron',0,0,0,0,0,0,0,0.0,0.0,0.0,0.0,0.0,0.0,0.0,0.0
913,750,Sorbus',0,0,0,0,0,0,0,0.0,0.0,0.0,0.0,0.0,0.0,0.0,0.0
913,750,Taxodium',0,0,0,0,0,0,0,0.0,0.0,0.0,0.0,0.0,0.0,0.0,0.0
913,750,Taxus',0,0,0,0,0,0,0,0.0,0.0,0.0,0.0,0.0,0.0,0.0,0.0
913,750,Thuja',0,0,0,0,0,0,0,0.0,0.0,0.0,0.0,0.0,0.0,0.0,0.0
913,750,Tilia',0,0,0,0,0,0,0,0.0,0.0,0.0,0.0,0.0,0.0,0.0,0.0
913,750,Torreya',0,0,0,0,0,0,0,0.0,0.0,0.0,0.0,0.0,0.0,0.0,0.0
913,750,Tsuga',0,0,0,0,0,0,0,0.0,0.0,0.0,0.0,0.0,0.0,0.0,0.0
913,750,Ulmus',0,0,0,0,0,0,0,0.0,0.0,0.0,0.0,0.0,0.0,0.0,0.0
913,750,Umbellularia',0,29,0,0,0,0,0,1.2700309753417969,1.926215648651123,2.418552289605141,0.003734616289112343,10.76238309442997,240.6542019903986,5.885105112070846e-05,1.3159495085321906
913,760,Abies',0,45,69,0,0,0,0,20.927597045898438,13.355571746826172,34.33432134151459,1.237383554742026,1094.592165541649,14568.613241660105,0.0029283672094692677,35.16654191553106
913,760,Acer',0,78,2,0,0,0,0,20.571495056152344,9.723929405212402,11.846835462352896,0.1150456155158471,137.85006251335145,2267.7630731840695,0.00047687526326533426,7.7297299776415205
913,760,Aesculus',0,0,0,0,0,0,0,0.0,0.0,0.0,0.0,0.0,0.0,0.0,0.0
913,760,Ailanthus',0,0,0,0,0,0,0,0.0,0.0,0.0,0.0,0.0,0.0,0.0,0.0
913,760,Alnus',0,1940,111,0,0,0,0,12.861701011657715,9.996607780456543,425.07013996650426,3.403396537665464,2878.213878539279,9844.295144367912,0.01251515166680887,36.50919601213014
913,760,Amelanchier',0,0,0,0,0,0,0,0.0,0.0,0.0,0.0,0.0,0.0,0.0,0.0
913,760,Arbutus',0,40,48,12,0,0,0,30.581035614013672,18.482223510742188,26.653363499194384,1.5293545398411903,2598.161015427858,40429.477764133866,0.006158684243552222,91.71798826152298
913,760,Asimina',0,0,0,0,0,0,0,0.0,0.0,0.0,0.0,0.0,0.0,0.0,0.0
913,760,Betula',0,0,0,0,0,0,0,0.0,0.0,0.0,0.0,0.0,0.0,0.0,0.0
913,760,Calocedrus',0,40,122,18,0,0,0,36.89093017578125,17.796070098876953,65.8353486776352,3.144248580849703,2985.5104697036745,33631.128521708044,0.007585422716283542,78.56007297492891
913,760,Carpinus',0,0,0,0,0,0,0,0.0,0.0,0.0,0.0,0.0,0.0,0.0,0.0
913,760,Carya',0,0,0,0,0,0,0,0.0,0.0,0.0,0.0,0.0,0.0,0.0,0.0
913,760,Castanea',0,0,0,0,0,0,0,0.0,0.0,0.0,0.0,0.0,0.0,0.0,0.0
913,760,Catalpa',0,0,0,0,0,0,0,0.0,0.0,0.0,0.0,0.0,0.0,0.0,0.0
913,760,Celtis',0,0,0,0,0,0,0,0.0,0.0,0.0,0.0,0.0,0.0,0.0,0.0
913,760,Cercis',0,0,0,0,0,0,0,0.0,0.0,0.0,0.0,0.0,0.0,0.0,0.0
913,760,Cercocarpus',0,0,0,0,0,0,0,0.0,0.0,0.0,0.0,0.0,0.0,0.0,0.0
913,760,Chamaecyparis',0,0,0,0,0,0,0,0.0,0.0,0.0,0.0,0.0,0.0,0.0,0.0
913,760,Chilopsis',0,0,0,0,0,0,0,0.0,0.0,0.0,0.0,0.0,0.0,0.0,0.0
913,760,Chrysolepis',0,148,209,14,1,1,0,68.96090698242188,25.110782623291016,133.159211974442,5.092540550730692,6174.082115922272,52651.07432460385,0.015643593235836067,123.10626967965763
913,760,Cladrastis',0,0,0,0,0,0,0,0.0,0.0,0.0,0.0,0.0,0.0,0.0,0.0
913,760,Comus',0,0,0,0,0,0,0,0.0,0.0,0.0,0.0,0.0,0.0,0.0,0.0
913,760,Cornus',0,0,0,0,0,0,0,0.0,0.0,0.0,0.0,0.0,0.0,0.0,0.0
913,760,Crataegus',0,0,0,0,0,0,0,0.0,0.0,0.0,0.0,0.0,0.0,0.0,0.0
913,760,Cupressus',0,0,0,0,0,0,0,0.0,0.0,0.0,0.0,0.0,0.0,0.0,0.0
913,760,Diospyros',0,0,0,0,0,0,0,0.0,0.0,0.0,0.0,0.0,0.0,0.0,0.0
913,760,Elaeagnus',0,0,0,0,0,0,0,0.0,0.0,0.0,0.0,0.0,0.0,0.0,0.0
913,760,Fagus',0,0,0,0,0,0,0,0.0,0.0,0.0,0.0,0.0,0.0,0.0,0.0
913,760,Fraxinus',0,19,0,0,0,0,0,1.1504602432250977,1.868003010749817,1.4272522754212722,0.0020000376884291692,5.742388232797384,128.40370441729772,3.330695224180792e-05,0.7447660933602139
913,760,Gleditsia',0,0,0,0,0,0,0,0.0,0.0,0.0,0.0,0.0,0.0,0.0,0.0
913,760,Gordonia',0,0,0,0,0,0,0,0.0,0.0,0.0,0.0,0.0,0.0,0.0,0.0
913,760,Gymnocladus',0,0,0,0,0,0,0,0.0,0.0,0.0,0.0,0.0,0.0,0.0,0.0
913,760,Halesia',0,0,0,0,0,0,0,0.0,0.0,0.0,0.0,0.0,0.0,0.0,0.0
913,760,Ilex',0,0,0,0,0,0,0,0.0,0.0,0.0,0.0,0.0,0.0,0.0,0.0
913,760,Juglans',0,0,0,0,0,0,0,0.0,0.0,0.0,0.0,0.0,0.0,0.0,0.0
913,760,Juniperus',0,99,56,0,0,0,0,13.31595230102539,5.050097942352295,123.74595927000045,0.716482613973134,788.374957587719,8770.656805026578,0.003539385995287461,37.165698355482625
913,760,Larix',0,0,0,0,0,0,0,0.0,0.0,0.0,0.0,0.0,0.0,0.0,0.0
913,760,Liquidambar',0,0,0,0,0,0,0,0.0,0.0,0.0,0.0,0.0,0.0,0.0,0.0
913,760,Liriodendron',0,0,0,0,0,0,0,0.0,0.0,0.0,0.0,0.0,0.0,0.0,0.0
913,760,Lithocarpus',0,9,0,0,0,0,0,7.476398944854736,5.438877105712891,8.562841987609863,0.04214499915369948,62.59087085723877,1399.574420076964,0.00026277632474899196,5.875857250163064
913,760,Maclura',0,0,0,0,0,0,0,0.0,0.0,0.0,0.0,0.0,0.0,0.0,0.0
913,760,Magnolia',0,0,0,0,0,0,0,0.0,0.0,0.0,0.0,0.0,0.0,0.0,0.0
913,760,Malus',0,0,0,0,0,0,0,0.0,0.0,0.0,0.0,0.0,0.0,0.0,0.0
913,760,Morus',0,0,0,0,0,0,0,0.0,0.0,0.0,0.0,0.0,0.0,0.0,0.0
913,760,Nyssa',0,0,0,0,0,0,0,0.0,0.0,0.0,0.0,0.0,0.0,0.0,0.0
913,760,Olneya',0,0,0,0,0,0,0,0.0,0.0,0.0,0.0,0.0,0.0,0.0,0.0
913,760,Ostrya',0,0,0,0,0,0,0,0.0,0.0,0.0,0.0,0.0,0.0,0.0,0.0
913,760,Oxydendron',0,0,0,0,0,0,0,0.0,0.0,0.0,0.0,0.0,0.0,0.0,0.0
913,760,Paulownia',0,0,0,0,0,0,0,0.0,0.0,0.0,0.0,0.0,0.0,0.0,0.0
913,760,Persea',0,0,0,0,0,0,0,0.0,0.0,0.0,0.0,0.0,0.0,0.0,0.0
913,760,Picea',0,0,0,0,0,0,0,0.0,0.0,0.0,0.0,0.0,0.0,0.0,0.0
913,760,Pinus',0,3076,4054,328,4,0,0,149.33460998535156,32.93918991088867,2780.215280432403,107.81132110242417,109927.36129990817,189679.72088103782,0.2844416904802687,446.4042923269924
913,760,Planera',0,0,0,0,0,0,0,0.0,0.0,0.0,0.0,0.0,0.0,0.0,0.0
913,760,Platanus',0,0,0,0,0,0,0,0.0,0.0,0.0,0.0,0.0,0.0,0.0,0.0
913,760,Populus',0,410,0,0,0,0,0,7.4871721267700195,3.7236247062683105,117.12249299228378,0.33539931757679875,396.9306655283272,2354.9284041040064,0.0025681114916456865,16.32901411883782
913,760,Prosopis',0,0,0,0,0,0,0,0.0,0.0,0.0,0.0,0.0,0.0,0.0,0.0
913,760,Prunus',0,0,0,0,0,0,0,0.0,0.0,0.0,0.0,0.0,0.0,0.0,0.0
913,760,Pseudotsuga',0,0,0,0,0,0,0,0.0,0.0,0.0,0.0,0.0,0.0,0.0,0.0
913,760,Quercus',0,0,0,0,0,0,0,0.0,0.0,0.0,0.0,0.0,0.0,0.0,0.0
913,760,Robinia',0,0,0,0,0,0,0,0.0,0.0,0.0,0.0,0.0,0.0,0.0,0.0
913,760,Salix',0,318,2,0,0,0,0,11.473337173461914,7.689813137054443,78.92065181668046,0.44329909509250826,371.53736856013535,2562.4870495341265,0.00196174520412052,12.959539260635323
913,760,Sassafras',0,0,0,0,0,0,0,0.0,0.0,0.0,0.0,0.0,0.0,0.0,0.0
913,760,Sequoia',0,0,0,0,0,0,0,0.0,0.0,0.0,0.0,0.0,0.0,0.0,0.0
913,760,Sequoiadendron',0,0,0,0,0,0,0,0.0,0.0,0.0,0.0,0.0,0.0,0.0,0.0
913,760,Sorbus',0,0,0,0,0,0,0,0.0,0.0,0.0,0.0,0.0,0.0,0.0,0.0
913,760,Taxodium',0,0,0,0,0,0,0,0.0,0.0,0.0,0.0,0.0,0.0,0.0,0.0
913,760,Taxus',0,0,0,0,0,0,0,0.0,0.0,0.0,0.0,0.0,0.0,0.0,0.0
913,760,Thuja',0,0,0,0,0,0,0,0.0,0.0,0.0,0.0,0.0,0.0,0.0,0.0
913,760,Tilia',0,0,0,0,0,0,0,0.0,0.0,0.0,0.0,0.0,0.0,0.0,0.0
913,760,Torreya',0,0,0,0,0,0,0,0.0,0.0,0.0,0.0,0.0,0.0,0.0,0.0
913,760,Tsuga',0,0,0,0,0,0,0,0.0,0.0,0.0,0.0,0.0,0.0,0.0,0.0
913,760,Ulmus',0,0,0,0,0,0,0,0.0,0.0,0.0,0.0,0.0,0.0,0.0,0.0
913,760,Umbellularia',0,29,0,0,0,0,0,3.7797889709472656,3.113361120223999,3.625370188653469,0.03307900726635817,34.55681758493185,772.7139320596766,0.0001291593877418583,2.8880917092304594
913,770,Abies',0,26,26,0,0,0,0,12.855486869812012,9.31257152557373,32.529058488607404,0.38425249136775025,361.24272845625876,5441.542100047345,0.0012726258146539364,16.630103651784154
913,770,Acer',0,109,0,0,0,0,0,3.203200101852417,3.0953807830810547,22.421707671277126,0.06673135189049467,84.4925732433796,1139.2663647509667,0.0005105342137590009,7.231957145034505
913,770,Aesculus',0,0,0,0,0,0,0,0.0,0.0,0.0,0.0,0.0,0.0,0.0,0.0
913,770,Ailanthus',0,0,0,0,0,0,0,0.0,0.0,0.0,0.0,0.0,0.0,0.0,0.0
913,770,Alnus',0,2001,151,0,0,0,0,15.225604057312012,11.335977554321289,422.2256788960363,3.341171610635272,2794.5387524469197,10384.40984350675,0.012288259343795913,36.77001649792417
913,770,Amelanchier',0,0,0,0,0,0,0,0.0,0.0,0.0,0.0,0.0,0.0,0.0,0.0
913,770,Arbutus',0,0,34,12,0,0,0,31.600370407104492,18.873937606811523,21.52915128469467,1.483892991567598,2619.164317548275,43779.0635787607,0.00613134195511539,99.3922954086749
913,770,Asimina',0,0,0,0,0,0,0,0.0,0.0,0.0,0.0,0.0,0.0,0.0,0.0
913,770,Betula',0,0,0,0,0,0,0,0.0,0.0,0.0,0.0,0.0,0.0,0.0,0.0
913,770,Calocedrus',0,34,130,21,0,0,0,39.478187561035156,18.595726013183594,64.06931792855262,3.849470538710359,3699.070774167776,38645.974277770954,0.009145603012668282,89.27952128384645
913,770,Carpinus',0,0,0,0,0,0,0,0.0,0.0,0.0,0.0,0.0,0.0,0.0,0.0
913,770,Carya',0,0,0,0,0,0,0,0.0,0.0,0.0,0.0,0.0,0.0,0.0,0.0
913,770,Castanea',0,0,0,0,0,0,0,0.0,0.0,0.0,0.0,0.0,0.0,0.0,0.0
913,770,Catalpa',0,0,0,0,0,0,0,0.0,0.0,0.0,0.0,0.0,0.0,0.0,0.0
913,770,Celtis',0,0,0,0,0,0,0,0.0,0.0,0.0,0.0,0.0,0.0,0.0,0.0
913,770,Cercis',0,0,0,0,0,0,0,0.0,0.0,0.0,0.0,0.0,0.0,0.0,0.0
913,770,Cercocarpus',0,0,0,0,0,0,0,0.0,0.0,0.0,0.0,0.0,0.0,0.0,0.0
913,770,Chamaecyparis',0,0,0,0,0,0,0,0.0,0.0,0.0,0.0,0.0,0.0,0.0,0.0
913,770,Chilopsis',0,0,0,0,0,0,0,0.0,0.0,0.0,0.0,0.0,0.0,0.0,0.0
913,770,Chrysolepis',0,163,179,14,1,1,0,74.31449127197266,26.030799865722656,122.4743545231223,4.825359496138952,6301.737481211126,57758.549949065244,0.01577293482999441,133.88493635957514
913,770,Cladrastis',0,0,0,0,0,0,0,0.0,0.0,0.0,0.0,0.0,0.0,0.0,0.0
913,770,Comus',0,0,0,0,0,0,0,0.0,0.0,0.0,0.0,0.0,0.0,0.0,0.0
913,770,Cornus',0,8,0,0,0,0,0,2.0092217922210693,2.6857526302337646,1.2445232536219342,0.0028408849814772832,5.207985420227051,116.4540942545542,2.9488905072212217e-05,0.6593919632350448
913,770,Crataegus',0,0,0,0,0,0,0,0.0,0.0,0.0,0.0,0.0,0.0,0.0,0.0
913,770,Cupressus',0,0,0,0,0,0,0,0.0,0.0,0.0,0.0,0.0,0.0,0.0,0.0
913,770,Diospyros',0,0,0,0,0,0,0,0.0,0.0,0.0,0.0,0.0,0.0,0.0,0.0
913,770,Elaeagnus',0,0,0,0,0,0,0,0.0,0.0,0.0,0.0,0.0,0.0,0.0,0.0
913,770,Fagus',0,0,0,0,0,0,0,0.0,0.0,0.0,0.0,0.0,0.0,0.0,0.0
913,770,Fraxinus',0,50,0,0,0,0,0,5.3444294929504395,3.8209242820739746,12.173620530321628,0.05361212961954556,62.79060940265656,1066.2220755244543,0.0003147807204946861,5.11427988124983
913,770,Gleditsia',0,0,0,0,0,0,0,0.0,0.0,0.0,0.0,0.0,0.0,0.0,0.0
913,770,Gordonia',0,0,0,0,0,0,0,0.0,0.0,0.0,0.0,0.0,0.0,0.0,0.0
913,770,Gymnocladus',0,0,0,0,0,0,0,0.0,0.0,0.0,0.0,0.0,0.0,0.0,0.0
913,770,Halesia',0,0,0,0,0,0,0,0.0,0.0,0.0,0.0,0.0,0.0,0.0,0.0
913,770,Ilex',0,0,0,0,0,0,0,0.0,0.0,0.0,0.0,0.0,0.0,0.0,0.0
913,770,Juglans',0,0,0,0,0,0,0,0.0,0.0,0.0,0.0,0.0,0.0,0.0,0.0
913,770,Juniperus',0,118,28,0,0,0,0,12.340700149536133,6.803861141204834,79.17821856260299,0.6009049297795184,622.6738866496087,7539.995386074475,0.002527405105526227,27.637560610428448
913,770,Larix',0,0,0,0,0,0,0,0.0,0.0,0.0,0.0,0.0,0.0,0.0,0.0
913,770,Liquidambar',0,0,0,0,0,0,0,0.0,0.0,0.0,0.0,0.0,0.0,0.0,0.0
913,770,Liriodendron',0,0,0,0,0,0,0,0.0,0.0,0.0,0.0,0.0,0.0,0.0,0.0
913,770,Lithocarpus',0,0,9,0,0,0,0,10.54870891571045,6.9910969734191895,6.814798164367676,0.08389956928259945,102.68292560577393,2296.060017830642,0.0003266202497482317,7.30345081265005
913,770,Maclura',0,0,0,0,0,0,0,0.0,0.0,0.0,0.0,0.0,0.0,0.0,0.0
913,770,Magnolia',0,0,0,0,0,0,0,0.0,0.0,0.0,0.0,0.0,0.0,0.0,0.0
913,770,Malus',0,0,0,0,0,0,0,0.0,0.0,0.0,0.0,0.0,0.0,0.0,0.0
913,770,Morus',0,0,0,0,0,0,0,0.0,0.0,0.0,0.0,0.0,0.0,0.0,0.0
913,770,Nyssa',0,0,0,0,0,0,0,0.0,0.0,0.0,0.0,0.0,0.0,0.0,0.0
913,770,Olneya',0,0,0,0,0,0,0,0.0,0.0,0.0,0.0,0.0,0.0,0.0,0.0
913,770,Ostrya',0,0,0,0,0,0,0,0.0,0.0,0.0,0.0,0.0,0.0,0.0,0.0
913,770,Oxydendron',0,0,0,0,0,0,0,0.0,0.0,0.0,0.0,0.0,0.0,0.0,0.0
913,770,Paulownia',0,0,0,0,0,0,0,0.0,0.0,0.0,0.0,0.0,0.0,0.0,0.0
913,770,Persea',0,0,0,0,0,0,0,0.0,0.0,0.0,0.0,0.0,0.0,0.0,0.0
913,770,Picea',0,0,0,0,0,0,0,0.0,0.0,0.0,0.0,0.0,0.0,0.0,0.0
913,770,Pinus',0,3142,3860,252,7,1,0,75.81330871582031,26.27353286743164,2508.70137722671,99.01914014459832,99247.8206889239,161292.42671045786,0.25678751102011405,379.28713216330027
913,770,Planera',0,0,0,0,0,0,0,0.0,0.0,0.0,0.0,0.0,0.0,0.0,0.0
913,770,Platanus',0,0,0,0,0,0,0,0.0,0.0,0.0,0.0,0.0,0.0,0.0,0.0
913,770,Populus',0,467,4,0,0,0,0,8.794943809509277,4.1228718757629395,185.70579089790203,0.45288098970778007,547.1411784905196,2976.954633989738,0.0038892072917572286,21.53260519128587
913,770,Prosopis',0,0,0,0,0,0,0,0.0,0.0,0.0,0.0,0.0,0.0,0.0,0.0
913,770,Prunus',0,0,0,0,0,0,0,0.0,0.0,0.0,0.0,0.0,0.0,0.0,0.0
913,770,Pseudotsuga',0,0,0,0,0,0,0,0.0,0.0,0.0,0.0,0.0,0.0,0.0,0.0
913,770,Quercus',0,0,0,0,0,0,0,0.0,0.0,0.0,0.0,0.0,0.0,0.0,0.0
913,770,Robinia',0,0,0,0,0,0,0,0.0,0.0,0.0,0.0,0.0,0.0,0.0,0.0
913,770,Salix',0,309,34,0,0,0,0,9.55008316040039,6.727761745452881,62.82849325291529,0.4315030514015471,358.52615027323367,3646.707076679938,0.001701175846664931,13.330405197451666
913,770,Sassafras',0,0,0,0,0,0,0,0.0,0.0,0.0,0.0,0.0,0.0,0.0,0.0
913,770,Sequoia',0,0,0,0,0,0,0,0.0,0.0,0.0,0.0,0.0,0.0,0.0,0.0
913,770,Sequoiadendron',0,0,0,0,0,0,0,0.0,0.0,0.0,0.0,0.0,0.0,0.0,0.0
913,770,Sorbus',0,0,0,0,0,0,0,0.0,0.0,0.0,0.0,0.0,0.0,0.0,0.0
913,770,Taxodium',0,0,0,0,0,0,0,0.0,0.0,0.0,0.0,0.0,0.0,0.0,0.0
913,770,Taxus',0,0,0,0,0,0,0,0.0,0.0,0.0,0.0,0.0,0.0,0.0,0.0
913,770,Thuja',0,0,0,0,0,0,0,0.0,0.0,0.0,0.0,0.0,0.0,0.0,0.0
913,770,Tilia',0,0,0,0,0,0,0,0.0,0.0,0.0,0.0,0.0,0.0,0.0,0.0
913,770,Torreya',0,0,0,0,0,0,0,0.0,0.0,0.0,0.0,0.0,0.0,0.0,0.0
913,770,Tsuga',0,0,0,0,0,0,0,0.0,0.0,0.0,0.0,0.0,0.0,0.0,0.0
913,770,Ulmus',0,0,0,0,0,0,0,0.0,0.0,0.0,0.0,0.0,0.0,0.0,0.0
913,770,Umbellularia',0,29,0,0,0,0,0,5.824944496154785,4.033373832702637,3.2599024936556815,0.07855990389830937,67.9598553726077,1519.6285635420647,0.00019810937811931,4.429860364549898
913,780,Abies',0,16,36,0,0,0,0,16.15924644470215,11.049430847167969,39.38030824661255,0.606878219564645,562.8841352653503,7516.068446251735,0.0018196803494294467,21.789468278596193
913,780,Acer',0,162,0,0,0,0,0,4.801701068878174,4.219456672668457,48.44720798780363,0.1162177611147939,164.22825604744256,1682.1304955256733,0.0010623761669660467,10.926476705484651
913,780,Aesculus',0,0,0,0,0,0,0,0.0,0.0,0.0,0.0,0.0,0.0,0.0,0.0
913,780,Ailanthus',0,0,0,0,0,0,0,0.0,0.0,0.0,0.0,0.0,0.0,0.0,0.0
913,780,Alnus',0,1973,112,0,0,0,0,17.629297256469727,12.625944137573242,440.2695004071427,3.786561231089192,3231.5836323425174,12831.680947388031,0.013519221003935412,41.770637661776775
913,780,Amelanchier',0,0,0,0,0,0,0,0.0,0.0,0.0,0.0,0.0,0.0,0.0,0.0
913,780,Arbutus',0,83,35,12,0,0,0,32.61129379272461,19.253541946411133,23.947641433924435,1.752344752303225,3082.0840158323945,48034.37124539233,0.00719498602600203,107.9840259702921
913,780,Asimina',0,0,0,0,0,0,0,0.0,0.0,0.0,0.0,0.0,0.0,0.0,0.0
913,780,Betula',0,0,0,0,0,0,0,0.0,0.0,0.0,0.0,0.0,0.0,0.0,0.0
913,780,Calocedrus',0,0,114,21,0,0,0,42.00990676879883,19.34334945678711,66.00677762567997,4.393700682345264,4380.291474433541,44541.60972405663,0.01068741229975223,104.02967124829888
913,780,Carpinus',0,0,0,0,0,0,0,0.0,0.0,0.0,0.0,0.0,0.0,0.0,0.0
913,780,Carya',0,0,0,0,0,0,0,0.0,0.0,0.0,0.0,0.0,0.0,0.0,0.0
913,780,Castanea',0,0,0,0,0,0,0,0.0,0.0,0.0,0.0,0.0,0.0,0.0,0.0
913,780,Catalpa',0,0,0,0,0,0,0,0.0,0.0,0.0,0.0,0.0,0.0,0.0,0.0
913,780,Celtis',0,0,0,0,0,0,0,0.0,0.0,0.0,0.0,0.0,0.0,0.0,0.0
913,780,Cercis',0,0,0,0,0,0,0,0.0,0.0,0.0,0.0,0.0,0.0,0.0,0.0
913,780,Cercocarpus',0,0,0,0,0,0,0,0.0,0.0,0.0,0.0,0.0,0.0,0.0,0.0
913,780,Chamaecyparis',0,0,0,0,0,0,0,0.0,0.0,0.0,0.0,0.0,0.0,0.0,0.0
913,780,Chilopsis',0,0,0,0,0,0,0,0.0,0.0,0.0,0.0,0.0,0.0,0.0,0.0
913,780,Chrysolepis',0,101,241,14,1,1,0,79.4952392578125,26.843883514404297,137.56183429539203,6.06579553421349,7776.9352532655,65496.12477237935,0.019269082509815055,151.37061288472688
913,780,Cladrastis',0,0,0,0,0,0,0,0.0,0.0,0.0,0.0,0.0,0.0,0.0,0.0
913,780,Comus',0,0,0,0,0,0,0,0.0,0.0,0.0,0.0,0.0,0.0,0.0,0.0
913,780,Cornus',0,8,0,0,0,0,0,3.010161876678467,3.332571506500244,0.799203439603878,0.00637642995530825,7.421455140113831,165.94878185259657,2.799710023403174e-05,0.6260341929617047
913,780,Crataegus',0,0,0,0,0,0,0,0.0,0.0,0.0,0.0,0.0,0.0,0.0,0.0
913,780,Cupressus',0,0,0,0,0,0,0,0.0,0.0,0.0,0.0,0.0,0.0,0.0,0.0
913,780,Diospyros',0,0,0,0,0,0,0,0.0,0.0,0.0,0.0,0.0,0.0,0.0,0.0
913,780,Elaeagnus',0,0,0,0,0,0,0,0.0,0.0,0.0,0.0,0.0,0.0,0.0,0.0
913,780,Fagus',0,0,0,0,0,0,0,0.0,0.0,0.0,0.0,0.0,0.0,0.0,0.0
913,780,Fraxinus',0,50,0,0,0,0,0,7.968173503875732,4.954049587249756,19.587696134289608,0.12202597491100922,127.84348641872407,2158.587291878196,0.0005660724154561723,8.998670296235318
913,780,Gleditsia',0,0,0,0,0,0,0,0.0,0.0,0.0,0.0,0.0,0.0,0.0,0.0
913,780,Gordonia',0,0,0,0,0,0,0,0.0,0.0,0.0,0.0,0.0,0.0,0.0,0.0
913,780,Gymnocladus',0,0,0,0,0,0,0,0.0,0.0,0.0,0.0,0.0,0.0,0.0,0.0
913,780,Halesia',0,0,0,0,0,0,0,0.0,0.0,0.0,0.0,0.0,0.0,0.0,0.0
913,780,Ilex',0,0,0,0,0,0,0,0.0,0.0,0.0,0.0,0.0,0.0,0.0,0.0
913,780,Juglans',0,0,0,0,0,0,0,0.0,0.0,0.0,0.0,0.0,0.0,0.0,0.0
913,780,Juniperus',0,136,52,0,0,0,0,13.590765953063965,8.533852577209473,108.3387472486496,0.7665325194579286,835.5590105628968,9618.117285976597,0.0034216907783448753,34.88363877803573
913,780,Larix',0,0,0,0,0,0,0,0.0,0.0,0.0,0.0,0.0,0.0,0.0,0.0
913,780,Liquidambar',0,0,0,0,0,0,0,0.0,0.0,0.0,0.0,0.0,0.0,0.0,0.0
913,780,Liriodendron',0,0,0,0,0,0,0,0.0,0.0,0.0,0.0,0.0,0.0,0.0,0.0
913,780,Lithocarpus',0,68,13,0,0,0,0,13.38908576965332,8.354873657226562,27.214404888153076,0.19850099759479337,292.76777373075487,4216.807857920153,0.001043692032692954,13.854854581620675
913,780,Maclura',0,0,0,0,0,0,0,0.0,0.0,0.0,0.0,0.0,0.0,0.0,0.0
913,780,Magnolia',0,0,0,0,0,0,0,0.0,0.0,0.0,0.0,0.0,0.0,0.0,0.0
913,780,Malus',0,0,0,0,0,0,0,0.0,0.0,0.0,0.0,0.0,0.0,0.0,0.0
913,780,Morus',0,0,0,0,0,0,0,0.0,0.0,0.0,0.0,0.0,0.0,0.0,0.0
913,780,Nyssa',0,0,0,0,0,0,0,0.0,0.0,0.0,0.0,0.0,0.0,0.0,0.0
913,780,Olneya',0,0,0,0,0,0,0,0.0,0.0,0.0,0.0,0.0,0.0,0.0,0.0
913,780,Ostrya',0,0,0,0,0,0,0,0.0,0.0,0.0,0.0,0.0,0.0,0.0,0.0
913,780,Oxydendron',0,0,0,0,0,0,0,0.0,0.0,0.0,0.0,0.0,0.0,0.0,0.0
913,780,Paulownia',0,0,0,0,0,0,0,0.0,0.0,0.0,0.0,0.0,0.0,0.0,0.0
913,780,Persea',0,0,0,0,0,0,0,0.0,0.0,0.0,0.0,0.0,0.0,0.0,0.0
913,780,Picea',0,0,0,0,0,0,0,0.0,0.0,0.0,0.0,0.0,0.0,0.0,0.0
913,780,Pinus',0,3207,3893,239,3,1,0,92.67903900146484,28.613534927368164,2615.039794041961,101.574919885038,103046.14745512084,172082.7651025367,0.26676423536789745,404.9601361345436
913,780,Planera',0,0,0,0,0,0,0,0.0,0.0,0.0,0.0,0.0,0.0,0.0,0.0
913,780,Platanus',0,0,0,0,0,0,0,0.0,0.0,0.0,0.0,0.0,0.0,0.0,0.0
913,780,Populus',0,682,4,0,0,0,0,15.908856391906738,6.177718639373779,209.393838346476,0.530416266668204,665.3810082402825,3463.3704307958174,0.004492965068748694,24.103495806951937
913,780,Prosopis',0,0,0,0,0,0,0,0.0,0.0,0.0,0.0,0.0,0.0,0.0,0.0
913,780,Prunus',0,0,0,0,0,0,0,0.0,0.0,0.0,0.0,0.0,0.0,0.0,0.0
913,780,Pseudotsuga',0,0,0,0,0,0,0,0.0,0.0,0.0,0.0,0.0,0.0,0.0,0.0
913,780,Quercus',0,39,0,0,0,0,0,6.457374572753906,4.204404354095459,16.76366499896291,0.04001609403208739,64.15220055937768,1013.3370537053895,0.00038388271440286184,6.068918786466689
913,780,Robinia',0,0,0,0,0,0,0,0.0,0.0,0.0,0.0,0.0,0.0,0.0,0.0
913,780,Salix',0,458,0,0,0,0,0,5.772652626037598,4.71578311920166,99.89987353452398,0.44862441308933304,390.17541684269906,2390.3152481326547,0.0023051706616089122,13.28665035333605
913,780,Sassafras',0,0,0,0,0,0,0,0.0,0.0,0.0,0.0,0.0,0.0,0.0,0.0
913,780,Sequoia',0,0,0,0,0,0,0,0.0,0.0,0.0,0.0,0.0,0.0,0.0,0.0
913,780,Sequoiadendron',0,0,0,0,0,0,0,0.0,0.0,0.0,0.0,0.0,0.0,0.0,0.0
913,780,Sorbus',0,0,0,0,0,0,0,0.0,0.0,0.0,0.0,0.0,0.0,0.0,0.0
913,780,Taxodium',0,0,0,0,0,0,0,0.0,0.0,0.0,0.0,0.0,0.0,0.0,0.0
913,780,Taxus',0,0,0,0,0,0,0,0.0,0.0,0.0,0.0,0.0,0.0,0.0,0.0
913,780,Thuja',0,0,0,0,0,0,0,0.0,0.0,0.0,0.0,0.0,0.0,0.0,0.0
913,780,Tilia',0,0,0,0,0,0,0,0.0,0.0,0.0,0.0,0.0,0.0,0.0,0.0
913,780,Torreya',0,0,0,0,0,0,0,0.0,0.0,0.0,0.0,0.0,0.0,0.0,0.0
913,780,Tsuga',0,0,0,0,0,0,0,0.0,0.0,0.0,0.0,0.0,0.0,0.0,0.0
913,780,Ulmus',0,0,0,0,0,0,0,0.0,0.0,0.0,0.0,0.0,0.0,0.0,0.0
913,780,Umbellularia',0,53,0,0,0,0,0,2.8243579864501953,2.66914963722229,12.541011833548545,0.027541066991945425,50.5344011515379,831.7714509962542,0.00029344661528027475,4.832833857796423
913,790,Abies',0,0,48,0,0,0,0,15.919313430786133,10.927258491516113,24.39151110112667,0.69798072051191,608.0102030032873,9137.126034209003,0.0017034556184560077,23.81884070449495
913,790,Acer',0,65,0,0,0,0,0,5.580084800720215,3.8247578144073486,21.503170764050147,0.09525586014197765,99.60581583827734,1529.0802471271697,0.0005308963503995865,7.584355414172677
913,790,Aesculus',0,0,0,0,0,0,0,0.0,0.0,0.0,0.0,0.0,0.0,0.0,0.0
913,790,Ailanthus',0,0,0,0,0,0,0,0.0,0.0,0.0,0.0,0.0,0.0,0.0,0.0
913,790,Alnus',0,1834,142,0,0,0,0,19.705060958862305,13.684503555297852,455.1759177954466,3.5875272381709933,3129.2857662882657,14804.594295537863,0.013506478507962924,45.25485605335048
913,790,Amelanchier',0,0,0,0,0,0,0,0.0,0.0,0.0,0.0,0.0,0.0,0.0,0.0
913,790,Arbutus',0,49,15,0,0,0,0,17.58359146118164,12.602068901062012,14.651607506871223,0.508869671357725,709.6410478717089,12608.339646745033,0.0017886143713934889,30.619149902992866
913,790,Asimina',0,0,0,0,0,0,0,0.0,0.0,0.0,0.0,0.0,0.0,0.0,0.0
913,790,Betula',0,0,0,0,0,0,0,0.0,0.0,0.0,0.0,0.0,0.0,0.0,0.0
913,790,Calocedrus',0,111,108,14,0,0,0,44.36393356323242,20.008899688720703,90.429797706604,3.8584772431097245,3710.0020849895477,34831.479225874755,0.009550657251176776,83.82890825464274
913,790,Carpinus',0,0,0,0,0,0,0,0.0,0.0,0.0,0.0,0.0,0.0,0.0,0.0
913,790,Carya',0,0,0,0,0,0,0,0.0,0.0,0.0,0.0,0.0,0.0,0.0,0.0
913,790,Castanea',0,0,0,0,0,0,0,0.0,0.0,0.0,0.0,0.0,0.0,0.0,0.0
913,790,Catalpa',0,0,0,0,0,0,0,0.0,0.0,0.0,0.0,0.0,0.0,0.0,0.0
913,790,Celtis',0,0,0,0,0,0,0,0.0,0.0,0.0,0.0,0.0,0.0,0.0,0.0
913,790,Cercis',0,0,0,0,0,0,0,0.0,0.0,0.0,0.0,0.0,0.0,0.0,0.0
913,790,Cercocarpus',0,33,0,0,0,0,0,1.9013662338256836,2.139836311340332,5.705669975280761,0.009540271031851745,31.601205253601076,706.6244311797554,0.00015264013227075213,3.413137118519611
913,790,Chamaecyparis',0,0,0,0,0,0,0,0.0,0.0,0.0,0.0,0.0,0.0,0.0,0.0
913,790,Chilopsis',0,0,0,0,0,0,0,0.0,0.0,0.0,0.0,0.0,0.0,0.0,0.0
913,790,Chrysolepis',0,181,233,8,1,1,0,84.42450714111328,27.55297088623047,158.81950626075266,5.7626447480323595,7106.413562847972,54948.12663061667,0.018086089635773007,129.5229595556153
913,790,Cladrastis',0,0,0,0,0,0,0,0.0,0.0,0.0,0.0,0.0,0.0,0.0,0.0
913,790,Comus',0,0,0,0,0,0,0,0.0,0.0,0.0,0.0,0.0,0.0,0.0,0.0
913,790,Cornus',0,0,0,0,0,0,0,0.0,0.0,0.0,0.0,0.0,0.0,0.0,0.0
913,790,Crataegus',0,0,0,0,0,0,0,0.0,0.0,0.0,0.0,0.0,0.0,0.0,0.0
913,790,Cupressus',0,0,0,0,0,0,0,0.0,0.0,0.0,0.0,0.0,0.0,0.0,0.0
913,790,Diospyros',0,0,0,0,0,0,0,0.0,0.0,0.0,0.0,0.0,0.0,0.0,0.0
913,790,Elaeagnus',0,0,0,0,0,0,0,0.0,0.0,0.0,0.0,0.0,0.0,0.0,0.0
913,790,Fagus',0,0,0,0,0,0,0,0.0,0.0,0.0,0.0,0.0,0.0,0.0,0.0
913,790,Fraxinus',0,64,19,0,0,0,0,10.173629760742188,5.857156753540039,14.042046306584076,0.1663883608401584,163.64937423750757,3153.2671008445,0.0005658083422528572,9.773917725427303
913,790,Gleditsia',0,0,0,0,0,0,0,0.0,0.0,0.0,0.0,0.0,0.0,0.0,0.0
913,790,Gordonia',0,0,0,0,0,0,0,0.0,0.0,0.0,0.0,0.0,0.0,0.0,0.0
913,790,Gymnocladus',0,0,0,0,0,0,0,0.0,0.0,0.0,0.0,0.0,0.0,0.0,0.0
913,790,Halesia',0,0,0,0,0,0,0,0.0,0.0,0.0,0.0,0.0,0.0,0.0,0.0
913,790,Ilex',0,0,0,0,0,0,0,0.0,0.0,0.0,0.0,0.0,0.0,0.0,0.0
913,790,Juglans',0,0,0,0,0,0,0,0.0,0.0,0.0,0.0,0.0,0.0,0.0,0.0
913,790,Juniperus',0,145,37,0,0,0,0,12.66980266571045,10.073875427246094,126.9300084376335,0.6318935306297897,792.5997990393639,8437.36840152038,0.003594766363137721,33.537912741835186
913,790,Larix',0,0,0,0,0,0,0,0.0,0.0,0.0,0.0,0.0,0.0,0.0,0.0
913,790,Liquidambar',0,0,0,0,0,0,0,0.0,0.0,0.0,0.0,0.0,0.0,0.0,0.0
913,790,Liriodendron',0,0,0,0,0,0,0,0.0,0.0,0.0,0.0,0.0,0.0,0.0,0.0
913,790,Lithocarpus',0,38,13,0,0,0,0,15.846619606018066,9.482178688049316,25.275304374694823,0.31241185050224735,418.07782836914066,6042.504484399895,0.001294149576683838,17.339957269497205
913,790,Maclura',0,0,0,0,0,0,0,0.0,0.0,0.0,0.0,0.0,0.0,0.0,0.0
913,790,Magnolia',0,0,0,0,0,0,0,0.0,0.0,0.0,0.0,0.0,0.0,0.0,0.0
913,790,Malus',0,0,0,0,0,0,0,0.0,0.0,0.0,0.0,0.0,0.0,0.0,0.0
913,790,Morus',0,0,0,0,0,0,0,0.0,0.0,0.0,0.0,0.0,0.0,0.0,0.0
913,790,Nyssa',0,0,0,0,0,0,0,0.0,0.0,0.0,0.0,0.0,0.0,0.0,0.0
913,790,Olneya',0,0,0,0,0,0,0,0.0,0.0,0.0,0.0,0.0,0.0,0.0,0.0
913,790,Ostrya',0,0,0,0,0,0,0,0.0,0.0,0.0,0.0,0.0,0.0,0.0,0.0
913,790,Oxydendron',0,0,0,0,0,0,0,0.0,0.0,0.0,0.0,0.0,0.0,0.0,0.0
913,790,Paulownia',0,0,0,0,0,0,0,0.0,0.0,0.0,0.0,0.0,0.0,0.0,0.0
913,790,Persea',0,0,0,0,0,0,0,0.0,0.0,0.0,0.0,0.0,0.0,0.0,0.0
913,790,Picea',0,0,0,0,0,0,0,0.0,0.0,0.0,0.0,0.0,0.0,0.0,0.0
913,790,Pinus',0,3601,3768,229,26,1,0,109.34700775146484,30.34590721130371,2772.6817336420713,107.42600512051119,110455.0251554142,184499.38306526013,0.2855054589048745,432.64128980458287
913,790,Planera',0,0,0,0,0,0,0,0.0,0.0,0.0,0.0,0.0,0.0,0.0,0.0
913,790,Platanus',0,0,0,0,0,0,0,0.0,0.0,0.0,0.0,0.0,0.0,0.0,0.0
913,790,Populus',0,384,4,0,0,0,0,22.38778305053711,7.888118743896484,121.78566029153858,0.40139917800042785,453.3233776317537,3715.1463178206413,0.0027605575009407557,19.160494655804378
913,790,Prosopis',0,0,0,0,0,0,0,0.0,0.0,0.0,0.0,0.0,0.0,0.0,0.0
913,790,Prunus',0,0,0,0,0,0,0,0.0,0.0,0.0,0.0,0.0,0.0,0.0,0.0
913,790,Pseudotsuga',0,0,0,0,0,0,0,0.0,0.0,0.0,0.0,0.0,0.0,0.0,0.0
913,790,Quercus',0,46,6,0,0,0,0,10.884936332702637,6.052227973937988,24.205042318075513,0.13934774066913397,157.98858570933342,2099.8473175339823,0.0006995307846553592,9.054867027005008
913,790,Robinia',0,0,0,0,0,0,0,0.0,0.0,0.0,0.0,0.0,0.0,0.0,0.0
913,790,Salix',0,476,14,0,0,0,0,11.258793830871582,7.584496021270752,120.88000777260034,0.5545776433344515,499.218306491673,3182.5210455492247,0.002849508873350436,16.23755649776744
913,790,Sassafras',0,0,0,0,0,0,0,0.0,0.0,0.0,0.0,0.0,0.0,0.0,0.0
913,790,Sequoia',0,0,0,0,0,0,0,0.0,0.0,0.0,0.0,0.0,0.0,0.0,0.0
913,790,Sequoiadendron',0,0,0,0,0,0,0,0.0,0.0,0.0,0.0,0.0,0.0,0.0,0.0
913,790,Sorbus',0,0,0,0,0,0,0,0.0,0.0,0.0,0.0,0.0,0.0,0.0,0.0
913,790,Taxodium',0,0,0,0,0,0,0,0.0,0.0,0.0,0.0,0.0,0.0,0.0,0.0
913,790,Taxus',0,0,0,0,0,0,0,0.0,0.0,0.0,0.0,0.0,0.0,0.0,0.0
913,790,Thuja',0,0,0,0,0,0,0,0.0,0.0,0.0,0.0,0.0,0.0,0.0,0.0
913,790,Tilia',0,0,0,0,0,0,0,0.0,0.0,0.0,0.0,0.0,0.0,0.0,0.0
913,790,Torreya',0,0,0,0,0,0,0,0.0,0.0,0.0,0.0,0.0,0.0,0.0,0.0
913,790,Tsuga',0,0,0,0,0,0,0,0.0,0.0,0.0,0.0,0.0,0.0,0.0,0.0
913,790,Ulmus',0,0,0,0,0,0,0,0.0,0.0,0.0,0.0,0.0,0.0,0.0,0.0
913,790,Umbellularia',0,29,0,0,0,0,0,5.184924602508545,3.749903917312622,9.29368097424507,0.06224468183214351,67.08631822705269,1500.0956791587378,0.0002833227583666663,6.335289472806083
913,800,Abies',0,2,26,0,0,0,0,16.958663940429688,11.452131271362305,13.87930034354329,0.3929460664773235,341.92005136981606,5494.745124439073,0.0009603011223374254,15.339601856681654
913,800,Acer',0,91,8,0,0,0,0,8.333857536315918,5.001272201538086,34.406469719885266,0.10438972842853449,132.1822184842825,1609.7720223560054,0.0007890385109838035,9.559599422319058
913,800,Aesculus',0,0,0,0,0,0,0,0.0,0.0,0.0,0.0,0.0,0.0,0.0,0.0
913,800,Ailanthus',0,0,0,0,0,0,0,0.0,0.0,0.0,0.0,0.0,0.0,0.0,0.0
913,800,Alnus',0,1750,224,0,0,0,0,21.609458923339844,14.61263370513916,457.222573743968,4.4026864717582175,3794.5935680283606,18776.335293845033,0.0150144032568375,52.14890867023896
913,800,Amelanchier',0,0,0,0,0,0,0,0.0,0.0,0.0,0.0,0.0,0.0,0.0,0.0
913,800,Arbutus',0,78,15,0,0,0,0,19.24135971069336,13.452354431152344,22.266239179372786,0.6855374537837045,978.3848131263256,16163.215962800787,0.002495811996653661,38.88811744060034
913,800,Asimina',0,0,0,0,0,0,0,0.0,0.0,0.0,0.0,0.0,0.0,0.0,0.0
913,800,Betula',0,0,0,0,0,0,0,0.0,0.0,0.0,0.0,0.0,0.0,0.0,0.0
913,800,Calocedrus',0,33,125,11,0,0,0,46.565887451171875,20.60670280456543,62.244881978631014,4.243760210992198,3978.194267154336,39083.20301957711,0.00973952464183792,91.9561961759423
913,800,Carpinus',0,0,0,0,0,0,0,0.0,0.0,0.0,0.0,0.0,0.0,0.0,0.0
913,800,Carya',0,0,0,0,0,0,0,0.0,0.0,0.0,0.0,0.0,0.0,0.0,0.0
913,800,Castanea',0,0,0,0,0,0,0,0.0,0.0,0.0,0.0,0.0,0.0,0.0,0.0
913,800,Catalpa',0,0,0,0,0,0,0,0.0,0.0,0.0,0.0,0.0,0.0,0.0,0.0
913,800,Celtis',0,0,0,0,0,0,0,0.0,0.0,0.0,0.0,0.0,0.0,0.0,0.0
913,800,Cercis',0,0,0,0,0,0,0,0.0,0.0,0.0,0.0,0.0,0.0,0.0,0.0
913,800,Cercocarpus',0,33,0,0,0,0,0,3.8124091625213623,2.9175336360931396,17.50079641342163,0.038355545877802606,94.04554967880249,2102.9224206313575,0.000461779393106703,10.325701135951848
913,800,Chamaecyparis',0,0,0,0,0,0,0,0.0,0.0,0.0,0.0,0.0,0.0,0.0,0.0
913,800,Chilopsis',0,0,0,0,0,0,0,0.0,0.0,0.0,0.0,0.0,0.0,0.0,0.0
913,800,Chrysolepis',0,99,234,15,1,0,0,67.26363372802734,24.80094337463379,121.27434314638376,6.0891080690807335,6907.358293314278,51746.05758114987,0.017101425682093645,121.66273615547068
913,800,Cladrastis',0,0,0,0,0,0,0,0.0,0.0,0.0,0.0,0.0,0.0,0.0,0.0
913,800,Comus',0,0,0,0,0,0,0,0.0,0.0,0.0,0.0,0.0,0.0,0.0,0.0
913,800,Cornus',0,0,0,0,0,0,0,0.0,0.0,0.0,0.0,0.0,0.0,0.0,0.0
913,800,Crataegus',0,0,0,0,0,0,0,0.0,0.0,0.0,0.0,0.0,0.0,0.0,0.0
913,800,Cupressus',0,21,0,0,0,0,0,1.9422895908355713,2.0073904991149902,4.002883318066597,0.006459134683008348,15.358894672989846,343.43532548064627,9.195030480933637e-05,2.056071321055017
913,800,Diospyros',0,0,0,0,0,0,0,0.0,0.0,0.0,0.0,0.0,0.0,0.0,0.0
913,800,Elaeagnus',0,0,0,0,0,0,0,0.0,0.0,0.0,0.0,0.0,0.0,0.0,0.0
913,800,Fagus',0,0,0,0,0,0,0,0.0,0.0,0.0,0.0,0.0,0.0,0.0,0.0
913,800,Fraxinus',0,85,0,0,0,0,0,3.8874614238739014,3.1628382205963135,21.933246463820147,0.06692523537371312,91.08364498943091,1198.6477862445677,0.0005181493619140221,7.092806013634082
913,800,Gleditsia',0,0,0,0,0,0,0,0.0,0.0,0.0,0.0,0.0,0.0,0.0,0.0
913,800,Gordonia',0,0,0,0,0,0,0,0.0,0.0,0.0,0.0,0.0,0.0,0.0,0.0
913,800,Gymnocladus',0,0,0,0,0,0,0,0.0,0.0,0.0,0.0,0.0,0.0,0.0,0.0
913,800,Halesia',0,0,0,0,0,0,0,0.0,0.0,0.0,0.0,0.0,0.0,0.0,0.0
913,800,Ilex',0,0,0,0,0,0,0,0.0,0.0,0.0,0.0,0.0,0.0,0.0,0.0
913,800,Juglans',0,0,0,0,0,0,0,0.0,0.0,0.0,0.0,0.0,0.0,0.0,0.0
913,800,Juniperus',0,8,24,0,0,0,0,14.981739044189453,11.413217544555664,16.833213577270506,0.44748156960428076,487.6693445587158,10187.702934718234,0.0013268561428387887,25.52063313780495
913,800,Larix',0,0,0,0,0,0,0,0.0,0.0,0.0,0.0,0.0,0.0,0.0,0.0
913,800,Liquidambar',0,0,0,0,0,0,0,0.0,0.0,0.0,0.0,0.0,0.0,0.0,0.0
913,800,Liriodendron',0,0,0,0,0,0,0,0.0,0.0,0.0,0.0,0.0,0.0,0.0,0.0
913,800,Lithocarpus',0,78,13,0,0,0,0,18.004608154296875,10.433486938476562,35.62162909030914,0.4873359545411804,658.5804524850845,8580.375507682089,0.0019780467932125003,23.593084012254412
913,800,Maclura',0,0,0,0,0,0,0,0.0,0.0,0.0,0.0,0.0,0.0,0.0,0.0
913,800,Magnolia',0,0,0,0,0,0,0,0.0,0.0,0.0,0.0,0.0,0.0,0.0,0.0
913,800,Malus',0,0,0,0,0,0,0,0.0,0.0,0.0,0.0,0.0,0.0,0.0,0.0
913,800,Morus',0,0,0,0,0,0,0,0.0,0.0,0.0,0.0,0.0,0.0,0.0,0.0
913,800,Nyssa',0,0,0,0,0,0,0,0.0,0.0,0.0,0.0,0.0,0.0,0.0,0.0
913,800,Olneya',0,0,0,0,0,0,0,0.0,0.0,0.0,0.0,0.0,0.0,0.0,0.0
913,800,Ostrya',0,0,0,0,0,0,0,0.0,0.0,0.0,0.0,0.0,0.0,0.0,0.0
913,800,Oxydendron',0,0,0,0,0,0,0,0.0,0.0,0.0,0.0,0.0,0.0,0.0,0.0
913,800,Paulownia',0,0,0,0,0,0,0,0.0,0.0,0.0,0.0,0.0,0.0,0.0,0.0
913,800,Persea',0,0,0,0,0,0,0,0.0,0.0,0.0,0.0,0.0,0.0,0.0,0.0
913,800,Picea',0,0,0,0,0,0,0,0.0,0.0,0.0,0.0,0.0,0.0,0.0,0.0
913,800,Pinus',0,3485,3868,235,31,1,0,124.591796875,31.548952102661133,2770.4339412842687,104.5635243799389,108668.5718112363,190351.40149656258,0.28150309417266467,441.88603099934545
913,800,Planera',0,0,0,0,0,0,0,0.0,0.0,0.0,0.0,0.0,0.0,0.0,0.0
913,800,Platanus',0,0,0,0,0,0,0,0.0,0.0,0.0,0.0,0.0,0.0,0.0,0.0
913,800,Populus',0,346,0,4,0,0,0,28.455490112304688,9.36232852935791,114.84594096017034,0.5137623087090417,536.0015428942442,5531.550303876003,0.002844385655740278,20.44206802095517
913,800,Prosopis',0,0,0,0,0,0,0,0.0,0.0,0.0,0.0,0.0,0.0,0.0,0.0
913,800,Prunus',0,0,0,0,0,0,0,0.0,0.0,0.0,0.0,0.0,0.0,0.0,0.0
913,800,Pseudotsuga',0,0,0,0,0,0,0,0.0,0.0,0.0,0.0,0.0,0.0,0.0,0.0
913,800,Quercus',0,33,19,0,0,0,0,15.124241828918457,7.719334602355957,16.55960710365561,0.2941614236187236,280.45020665884016,3698.2319491276326,0.000861607410583642,11.287116866764126
913,800,Robinia',0,0,0,0,0,0,0,0.0,0.0,0.0,0.0,0.0,0.0,0.0,0.0
913,800,Salix',0,464,8,0,0,0,0,8.196942329406738,6.0261359214782715,92.8410192821882,0.43392887783740697,383.6685936395824,2605.039810318941,0.002189094930492573,12.809046608966083
913,800,Sassafras',0,0,0,0,0,0,0,0.0,0.0,0.0,0.0,0.0,0.0,0.0,0.0
913,800,Sequoia',0,0,0,0,0,0,0,0.0,0.0,0.0,0.0,0.0,0.0,0.0,0.0
913,800,Sequoiadendron',0,0,0,0,0,0,0,0.0,0.0,0.0,0.0,0.0,0.0,0.0,0.0
913,800,Sorbus',0,0,0,0,0,0,0,0.0,0.0,0.0,0.0,0.0,0.0,0.0,0.0
913,800,Taxodium',0,0,0,0,0,0,0,0.0,0.0,0.0,0.0,0.0,0.0,0.0,0.0
913,800,Taxus',0,0,0,0,0,0,0,0.0,0.0,0.0,0.0,0.0,0.0,0.0,0.0
913,800,Thuja',0,0,0,0,0,0,0,0.0,0.0,0.0,0.0,0.0,0.0,0.0,0.0
913,800,Tilia',0,0,0,0,0,0,0,0.0,0.0,0.0,0.0,0.0,0.0,0.0,0.0
913,800,Torreya',0,0,0,0,0,0,0,0.0,0.0,0.0,0.0,0.0,0.0,0.0,0.0
913,800,Tsuga',0,0,0,0,0,0,0,0.0,0.0,0.0,0.0,0.0,0.0,0.0,0.0
913,800,Ulmus',0,0,0,0,0,0,0,0.0,0.0,0.0,0.0,0.0,0.0,0.0,0.0
913,800,Umbellularia',0,29,0,0,0,0,0,6.96697473526001,4.529366970062256,7.364266875386238,0.11238434837727901,102.36449717819691,2288.939741730342,0.00033384940952062606,7.465099739362836
913,810,Abies',0,2,26,0,0,0,0,19.52964210510254,12.702921867370605,17.50639648079872,0.5427099187694702,501.34289853215216,7961.494614069523,0.0013669655075849367,21.529032167889262
913,810,Acer',0,87,8,0,0,0,0,11.632710456848145,6.353377819061279,29.57082429547098,0.18538891994702372,180.80896225631238,2216.6989763522547,0.0008274861450549188,9.525077186693746
913,810,Aesculus',0,0,0,0,0,0,0,0.0,0.0,0.0,0.0,0.0,0.0,0.0,0.0
913,810,Ailanthus',0,0,0,0,0,0,0,0.0,0.0,0.0,0.0,0.0,0.0,0.0,0.0
913,810,Alnus',0,1704,56,0,0,0,0,23.415586471557617,15.456453323364258,413.8028304944923,3.2303463089237567,2945.4611910981685,18083.659411683853,0.01250239100611458,48.71721099041112
913,810,Amelanchier',0,0,0,0,0,0,0,0.0,0.0,0.0,0.0,0.0,0.0,0.0,0.0
913,810,Arbutus',0,15,40,0,0,0,0,20.087982177734375,13.874370574951172,20.338239824175833,0.3273878648905626,419.641469900012,8100.913067812291,0.001226311185772215,21.73167791241587
913,810,Asimina',0,0,0,0,0,0,0,0.0,0.0,0.0,0.0,0.0,0.0,0.0,0.0
913,810,Betula',0,0,0,0,0,0,0,0.0,0.0,0.0,0.0,0.0,0.0,0.0,0.0
913,810,Calocedrus',0,37,123,5,6,0,0,48.566497802734375,21.1298885345459,62.33958604693412,4.347717909253698,4291.2388314080235,43080.36671182115,0.010436547153517422,99.89482707422148
913,810,Carpinus',0,0,0,0,0,0,0,0.0,0.0,0.0,0.0,0.0,0.0,0.0,0.0
913,810,Carya',0,0,0,0,0,0,0,0.0,0.0,0.0,0.0,0.0,0.0,0.0,0.0
913,810,Castanea',0,0,0,0,0,0,0,0.0,0.0,0.0,0.0,0.0,0.0,0.0,0.0
913,810,Catalpa',0,0,0,0,0,0,0,0.0,0.0,0.0,0.0,0.0,0.0,0.0,0.0
913,810,Celtis',0,0,0,0,0,0,0,0.0,0.0,0.0,0.0,0.0,0.0,0.0,0.0
913,810,Cercis',0,0,0,0,0,0,0,0.0,0.0,0.0,0.0,0.0,0.0,0.0,0.0
913,810,Cercocarpus',0,33,0,0,0,0,0,5.522913455963135,3.5614535808563232,12.300368642807006,0.08049439388299529,128.6592454433441,2876.908187451473,0.00046358143076301024,10.365995922927038
913,810,Chamaecyparis',0,0,0,0,0,0,0,0.0,0.0,0.0,0.0,0.0,0.0,0.0,0.0
913,810,Chilopsis',0,0,0,0,0,0,0,0.0,0.0,0.0,0.0,0.0,0.0,0.0,0.0
913,810,Chrysolepis',0,78,170,15,0,0,0,47.031063079833984,20.317285537719727,96.46879955828189,4.955479733113471,5596.096831021905,46752.68734304189,0.013829208811437715,109.25502460946791
913,810,Cladrastis',0,0,0,0,0,0,0,0.0,0.0,0.0,0.0,0.0,0.0,0.0,0.0
913,810,Comus',0,0,0,0,0,0,0,0.0,0.0,0.0,0.0,0.0,0.0,0.0,0.0
913,810,Cornus',0,0,0,0,0,0,0,0.0,0.0,0.0,0.0,0.0,0.0,0.0,0.0
913,810,Crataegus',0,0,0,0,0,0,0,0.0,0.0,0.0,0.0,0.0,0.0,0.0,0.0
913,810,Cupressus',0,21,0,0,0,0,0,4.580625057220459,2.9331071376800537,15.38153736591339,0.03592492448375546,55.63882710933685,1244.1219960483518,0.0003458195993863011,7.732761321795123
913,810,Diospyros',0,0,0,0,0,0,0,0.0,0.0,0.0,0.0,0.0,0.0,0.0,0.0
913,810,Elaeagnus',0,0,0,0,0,0,0,0.0,0.0,0.0,0.0,0.0,0.0,0.0,0.0
913,810,Fagus',0,0,0,0,0,0,0,0.0,0.0,0.0,0.0,0.0,0.0,0.0,0.0
913,810,Fraxinus',0,0,0,0,0,0,0,0.0,0.0,0.0,0.0,0.0,0.0,0.0,0.0
913,810,Gleditsia',0,0,0,0,0,0,0,0.0,0.0,0.0,0.0,0.0,0.0,0.0,0.0
913,810,Gordonia',0,0,0,0,0,0,0,0.0,0.0,0.0,0.0,0.0,0.0,0.0,0.0
913,810,Gymnocladus',0,0,0,0,0,0,0,0.0,0.0,0.0,0.0,0.0,0.0,0.0,0.0
913,810,Halesia',0,0,0,0,0,0,0,0.0,0.0,0.0,0.0,0.0,0.0,0.0,0.0
913,810,Ilex',0,0,0,0,0,0,0,0.0,0.0,0.0,0.0,0.0,0.0,0.0,0.0
913,810,Juglans',0,0,0,0,0,0,0,0.0,0.0,0.0,0.0,0.0,0.0,0.0,0.0
913,810,Juniperus',0,57,0,0,0,0,0,4.065954208374023,2.7386314868927,30.833244438171384,0.05966029801236657,112.8328735256195,1782.8222609501768,0.0006961088104899996,11.007557709458
913,810,Larix',0,0,0,0,0,0,0,0.0,0.0,0.0,0.0,0.0,0.0,0.0,0.0
913,810,Liquidambar',0,0,0,0,0,0,0,0.0,0.0,0.0,0.0,0.0,0.0,0.0,0.0
913,810,Liriodendron',0,0,0,0,0,0,0,0.0,0.0,0.0,0.0,0.0,0.0,0.0,0.0
913,810,Lithocarpus',0,70,4,0,0,0,0,21.29323959350586,11.81689453125,20.110155639648436,0.2309658307758002,341.466095905304,5585.874641911204,0.0010492935972760149,16.536658144643244
913,810,Maclura',0,0,0,0,0,0,0,0.0,0.0,0.0,0.0,0.0,0.0,0.0,0.0
913,810,Magnolia',0,0,0,0,0,0,0,0.0,0.0,0.0,0.0,0.0,0.0,0.0,0.0
913,810,Malus',0,0,0,0,0,0,0,0.0,0.0,0.0,0.0,0.0,0.0,0.0,0.0
913,810,Morus',0,0,0,0,0,0,0,0.0,0.0,0.0,0.0,0.0,0.0,0.0,0.0
913,810,Nyssa',0,0,0,0,0,0,0,0.0,0.0,0.0,0.0,0.0,0.0,0.0,0.0
913,810,Olneya',0,0,0,0,0,0,0,0.0,0.0,0.0,0.0,0.0,0.0,0.0,0.0
913,810,Ostrya',0,0,0,0,0,0,0,0.0,0.0,0.0,0.0,0.0,0.0,0.0,0.0
913,810,Oxydendron',0,0,0,0,0,0,0,0.0,0.0,0.0,0.0,0.0,0.0,0.0,0.0
913,810,Paulownia',0,0,0,0,0,0,0,0.0,0.0,0.0,0.0,0.0,0.0,0.0,0.0
913,810,Persea',0,0,0,0,0,0,0,0.0,0.0,0.0,0.0,0.0,0.0,0.0,0.0
913,810,Picea',0,0,0,0,0,0,0,0.0,0.0,0.0,0.0,0.0,0.0,0.0,0.0
913,810,Pinus',0,3101,3779,249,31,4,0,139.0509490966797,32.43220138549805,2655.766544879153,106.90732168800567,112121.43336496034,202450.10507884965,0.2875198145780035,470.71319172649277
913,810,Planera',0,0,0,0,0,0,0,0.0,0.0,0.0,0.0,0.0,0.0,0.0,0.0
913,810,Platanus',0,0,0,0,0,0,0,0.0,0.0,0.0,0.0,0.0,0.0,0.0,0.0
913,810,Populus',0,562,0,0,0,0,0,4.70294189453125,2.8502728939056396,175.253701092133,0.33884258694463854,494.33163379192354,2601.574813621828,0.003621389130075691,19.83630599785894
913,810,Prosopis',0,0,0,0,0,0,0,0.0,0.0,0.0,0.0,0.0,0.0,0.0,0.0
913,810,Prunus',0,0,0,0,0,0,0,0.0,0.0,0.0,0.0,0.0,0.0,0.0,0.0
913,810,Pseudotsuga',0,0,0,0,0,0,0,0.0,0.0,0.0,0.0,0.0,0.0,0.0,0.0
913,810,Quercus',0,36,39,0,0,0,0,19.04613494873047,9.177613258361816,34.17664531854134,0.37505525889731584,403.7092600762844,5815.062353353385,0.0013891234976556109,18.384475965292353
913,810,Robinia',0,0,0,0,0,0,0,0.0,0.0,0.0,0.0,0.0,0.0,0.0,0.0
913,810,Salix',0,481,17,0,0,0,0,9.623242378234863,6.765105724334717,109.19058005997462,0.46278012160508064,437.4266422556341,2717.2988191213794,0.002543918268401524,14.385149003854444
913,810,Sassafras',0,0,0,0,0,0,0,0.0,0.0,0.0,0.0,0.0,0.0,0.0,0.0
913,810,Sequoia',0,0,0,0,0,0,0,0.0,0.0,0.0,0.0,0.0,0.0,0.0,0.0
913,810,Sequoiadendron',0,0,0,0,0,0,0,0.0,0.0,0.0,0.0,0.0,0.0,0.0,0.0
913,810,Sorbus',0,0,0,0,0,0,0,0.0,0.0,0.0,0.0,0.0,0.0,0.0,0.0
913,810,Taxodium',0,0,0,0,0,0,0,0.0,0.0,0.0,0.0,0.0,0.0,0.0,0.0
913,810,Taxus',0,0,0,0,0,0,0,0.0,0.0,0.0,0.0,0.0,0.0,0.0,0.0
913,810,Thuja',0,0,0,0,0,0,0,0.0,0.0,0.0,0.0,0.0,0.0,0.0,0.0
913,810,Tilia',0,0,0,0,0,0,0,0.0,0.0,0.0,0.0,0.0,0.0,0.0,0.0
913,810,Torreya',0,0,0,0,0,0,0,0.0,0.0,0.0,0.0,0.0,0.0,0.0,0.0
913,810,Tsuga',0,0,0,0,0,0,0,0.0,0.0,0.0,0.0,0.0,0.0,0.0,0.0
913,810,Ulmus',0,0,0,0,0,0,0,0.0,0.0,0.0,0.0,0.0,0.0,0.0,0.0
913,810,Umbellularia',0,0,0,0,0,0,0,0.0,0.0,0.0,0.0,0.0,0.0,0.0,0.0
913,820,Abies',0,40,26,0,0,0,0,21.686063766479492,13.701835632324219,28.600530838966367,0.7418597648328111,708.009579911232,10446.275715002177,0.001986473474428068,27.745552577233052
913,820,Acer',0,162,8,0,0,0,0,17.330078125,8.549176216125488,56.18358933048534,0.36362702519500223,362.91256133764983,3620.170069900999,0.0016152663260772804,14.272525202240017
913,820,Aesculus',0,0,0,0,0,0,0,0.0,0.0,0.0,0.0,0.0,0.0,0.0,0.0
913,820,Ailanthus',0,0,0,0,0,0,0,0.0,0.0,0.0,0.0,0.0,0.0,0.0,0.0
913,820,Alnus',0,1669,208,0,0,0,0,17.219173431396484,12.410812377929688,445.42755577819344,3.1079232591035746,2669.6389217767864,9944.726605476273,0.012344708060675044,37.229345812776955
913,820,Amelanchier',0,0,0,0,0,0,0,0.0,0.0,0.0,0.0,0.0,0.0,0.0,0.0
913,820,Arbutus',0,0,15,0,0,0,0,23.317838668823242,15.411667823791504,11.608944044113159,0.12120705398707114,191.13857813835145,3029.9707598385594,0.0005924371414979287,9.444610864213587
913,820,Asimina',0,0,0,0,0,0,0,0.0,0.0,0.0,0.0,0.0,0.0,0.0,0.0
913,820,Betula',0,0,0,0,0,0,0,0.0,0.0,0.0,0.0,0.0,0.0,0.0,0.0
913,820,Calocedrus',0,80,93,5,0,0,0,37.690181732177734,18.047042846679688,79.42313455164432,3.0168328638100683,2769.9466444188356,26955.529182011778,0.007302660042728599,65.1810393223059
913,820,Carpinus',0,0,0,0,0,0,0,0.0,0.0,0.0,0.0,0.0,0.0,0.0,0.0
913,820,Carya',0,0,0,0,0,0,0,0.0,0.0,0.0,0.0,0.0,0.0,0.0,0.0
913,820,Castanea',0,0,0,0,0,0,0,0.0,0.0,0.0,0.0,0.0,0.0,0.0,0.0
913,820,Catalpa',0,0,0,0,0,0,0,0.0,0.0,0.0,0.0,0.0,0.0,0.0,0.0
913,820,Celtis',0,0,0,0,0,0,0,0.0,0.0,0.0,0.0,0.0,0.0,0.0,0.0
913,820,Cercis',0,0,0,0,0,0,0,0.0,0.0,0.0,0.0,0.0,0.0,0.0,0.0
913,820,Cercocarpus',0,69,0,0,0,0,0,6.587678909301758,3.9390201568603516,39.23493018507957,0.15759913490996946,295.02124014258385,4539.497329070593,0.0012223295499421624,17.765014037799386
913,820,Chamaecyparis',0,0,0,0,0,0,0,0.0,0.0,0.0,0.0,0.0,0.0,0.0,0.0
913,820,Chilopsis',0,0,0,0,0,0,0,0.0,0.0,0.0,0.0,0.0,0.0,0.0,0.0
913,820,Chrysolepis',0,210,133,13,1,0,0,53.98300552368164,22.036863327026367,138.3477302086353,5.627636712625526,6649.824465861917,53270.615767673145,0.0167757438005108,125.19405191174675
913,820,Cladrastis',0,0,0,0,0,0,0,0.0,0.0,0.0,0.0,0.0,0.0,0.0,0.0
913,820,Comus',0,0,0,0,0,0,0,0.0,0.0,0.0,0.0,0.0,0.0,0.0,0.0
913,820,Cornus',0,0,0,0,0,0,0,0.0,0.0,0.0,0.0,0.0,0.0,0.0,0.0
913,820,Crataegus',0,0,0,0,0,0,0,0.0,0.0,0.0,0.0,0.0,0.0,0.0,0.0
913,820,Cupressus',0,0,0,0,0,0,0,0.0,0.0,0.0,0.0,0.0,0.0,0.0,0.0
913,820,Diospyros',0,0,0,0,0,0,0,0.0,0.0,0.0,0.0,0.0,0.0,0.0,0.0
913,820,Elaeagnus',0,0,0,0,0,0,0,0.0,0.0,0.0,0.0,0.0,0.0,0.0,0.0
913,820,Fagus',0,0,0,0,0,0,0,0.0,0.0,0.0,0.0,0.0,0.0,0.0,0.0
913,820,Fraxinus',0,19,0,0,0,0,0,4.548891544342041,3.4642128944396973,4.314033411726166,0.031268432749791325,30.940558395385743,691.8519183388471,0.00013085970306582652,2.926111915706244
913,820,Gleditsia',0,0,0,0,0,0,0,0.0,0.0,0.0,0.0,0.0,0.0,0.0,0.0
913,820,Gordonia',0,0,0,0,0,0,0,0.0,0.0,0.0,0.0,0.0,0.0,0.0,0.0
913,820,Gymnocladus',0,0,0,0,0,0,0,0.0,0.0,0.0,0.0,0.0,0.0,0.0,0.0
913,820,Halesia',0,0,0,0,0,0,0,0.0,0.0,0.0,0.0,0.0,0.0,0.0,0.0
913,820,Ilex',0,0,0,0,0,0,0,0.0,0.0,0.0,0.0,0.0,0.0,0.0,0.0
913,820,Juglans',0,0,0,0,0,0,0,0.0,0.0,0.0,0.0,0.0,0.0,0.0,0.0
913,820,Juniperus',0,88,0,0,0,0,0,5.930748462677002,3.3563191890716553,38.17906270384788,0.1311734048951856,182.3997732102871,2823.9926624010423,0.0009568081867297468,15.753912133965432
913,820,Larix',0,0,0,0,0,0,0,0.0,0.0,0.0,0.0,0.0,0.0,0.0,0.0
913,820,Liquidambar',0,0,0,0,0,0,0,0.0,0.0,0.0,0.0,0.0,0.0,0.0,0.0
913,820,Liriodendron',0,0,0,0,0,0,0,0.0,0.0,0.0,0.0,0.0,0.0,0.0,0.0
913,820,Lithocarpus',0,30,4,0,0,0,0,24.560335159301758,13.115798950195312,15.595300631523132,0.24895025452502303,378.66503177165987,7136.578107876479,0.0010667432913978921,18.772472734685078
913,820,Maclura',0,0,0,0,0,0,0,0.0,0.0,0.0,0.0,0.0,0.0,0.0,0.0
913,820,Magnolia',0,0,0,0,0,0,0,0.0,0.0,0.0,0.0,0.0,0.0,0.0,0.0
913,820,Malus',0,0,0,0,0,0,0,0.0,0.0,0.0,0.0,0.0,0.0,0.0,0.0
913,820,Morus',0,0,0,0,0,0,0,0.0,0.0,0.0,0.0,0.0,0.0,0.0,0.0
913,820,Nyssa',0,0,0,0,0,0,0,0.0,0.0,0.0,0.0,0.0,0.0,0.0,0.0
913,820,Olneya',0,0,0,0,0,0,0,0.0,0.0,0.0,0.0,0.0,0.0,0.0,0.0
913,820,Ostrya',0,0,0,0,0,0,0,0.0,0.0,0.0,0.0,0.0,0.0,0.0,0.0
913,820,Oxydendron',0,0,0,0,0,0,0,0.0,0.0,0.0,0.0,0.0,0.0,0.0,0.0
913,820,Paulownia',0,0,0,0,0,0,0,0.0,0.0,0.0,0.0,0.0,0.0,0.0,0.0
913,820,Persea',0,0,0,0,0,0,0,0.0,0.0,0.0,0.0,0.0,0.0,0.0,0.0
913,820,Picea',0,0,0,0,0,0,0,0.0,0.0,0.0,0.0,0.0,0.0,0.0,0.0
913,820,Pinus',0,3109,3677,262,34,4,0,150.49874877929688,32.991127014160156,2701.2064917090534,106.52639921511464,112566.24327206999,200075.55325171808,0.2891646344984849,465.71529741717734
913,820,Planera',0,0,0,0,0,0,0,0.0,0.0,0.0,0.0,0.0,0.0,0.0,0.0
913,820,Platanus',0,0,0,0,0,0,0,0.0,0.0,0.0,0.0,0.0,0.0,0.0,0.0
913,820,Populus',0,611,13,0,0,0,0,8.418726921081543,4.008724212646484,192.69103933220043,0.5143284451811073,626.3227146264911,3350.6393257966383,0.004165722840112169,23.88684331138373
913,820,Prosopis',0,0,0,0,0,0,0,0.0,0.0,0.0,0.0,0.0,0.0,0.0,0.0
913,820,Prunus',0,0,0,0,0,0,0,0.0,0.0,0.0,0.0,0.0,0.0,0.0,0.0
913,820,Pseudotsuga',0,0,0,0,0,0,0,0.0,0.0,0.0,0.0,0.0,0.0,0.0,0.0
913,820,Quercus',0,64,6,0,0,0,0,22.700117111206055,10.467445373535156,21.40463410016102,0.367724948551364,421.54685004532337,6929.043861218328,0.0012449023484811137,18.2803688173345
913,820,Robinia',0,0,0,0,0,0,0,0.0,0.0,0.0,0.0,0.0,0.0,0.0,0.0
913,820,Salix',0,507,12,0,0,0,0,8.726719856262207,6.303319454193115,109.99413046726508,0.4200171866079529,403.5613897548616,2361.3283617960797,0.002480229700453343,14.703268594961283
913,820,Sassafras',0,0,0,0,0,0,0,0.0,0.0,0.0,0.0,0.0,0.0,0.0,0.0
913,820,Sequoia',0,0,0,0,0,0,0,0.0,0.0,0.0,0.0,0.0,0.0,0.0,0.0
913,820,Sequoiadendron',0,0,0,0,0,0,0,0.0,0.0,0.0,0.0,0.0,0.0,0.0,0.0
913,820,Sorbus',0,0,0,0,0,0,0,0.0,0.0,0.0,0.0,0.0,0.0,0.0,0.0
913,820,Taxodium',0,0,0,0,0,0,0,0.0,0.0,0.0,0.0,0.0,0.0,0.0,0.0
913,820,Taxus',0,0,0,0,0,0,0,0.0,0.0,0.0,0.0,0.0,0.0,0.0,0.0
913,820,Thuja',0,0,0,0,0,0,0,0.0,0.0,0.0,0.0,0.0,0.0,0.0,0.0
913,820,Tilia',0,0,0,0,0,0,0,0.0,0.0,0.0,0.0,0.0,0.0,0.0,0.0
913,820,Torreya',0,0,0,0,0,0,0,0.0,0.0,0.0,0.0,0.0,0.0,0.0,0.0
913,820,Tsuga',0,0,0,0,0,0,0,0.0,0.0,0.0,0.0,0.0,0.0,0.0,0.0
913,820,Ulmus',0,0,0,0,0,0,0,0.0,0.0,0.0,0.0,0.0,0.0,0.0,0.0
913,820,Umbellularia',0,29,0,0,0,0,0,3.7874748706817627,3.116896867752075,3.6492511060833928,0.03321367109308459,34.695436551868916,775.8135463901004,0.00012981237437079447,2.9026929341374847
913,830,Abies',0,40,26,0,0,0,0,23.639955520629883,14.569174766540527,16.72561676263809,0.9424265989056113,880.6246633553505,12787.835898141446,0.002198535934646932,31.24882011873317
913,830,Acer',0,170,0,0,0,0,0,37.05044174194336,14.951213836669922,37.68278414312797,0.08547309216264039,136.89455676555633,1263.4989099505367,0.0008466747405584894,8.18112711412227
913,830,Aesculus',0,0,0,0,0,0,0,0.0,0.0,0.0,0.0,0.0,0.0,0.0,0.0
913,830,Ailanthus',0,0,0,0,0,0,0,0.0,0.0,0.0,0.0,0.0,0.0,0.0,0.0
913,830,Alnus',0,1617,74,0,0,0,0,13.432219505310059,10.32649040222168,407.3082714145885,2.9032237893408475,2465.961095469743,10535.6701977813,0.011343342355257942,36.11951591282691
913,830,Amelanchier',0,0,0,0,0,0,0,0.0,0.0,0.0,0.0,0.0,0.0,0.0,0.0
913,830,Arbutus',0,68,15,0,0,0,0,32.5106315612793,19.21613311767578,39.19917153358459,0.2819901168138715,521.3280507183075,6853.270928486371,0.0017247170460869858,20.74392276963588
913,830,Asimina',0,0,0,0,0,0,0,0.0,0.0,0.0,0.0,0.0,0.0,0.0,0.0
913,830,Betula',0,0,0,0,0,0,0,0.0,0.0,0.0,0.0,0.0,0.0,0.0,0.0
913,830,Calocedrus',0,80,93,5,0,0,0,40.454833984375,18.888132095336914,72.54043349295854,3.8433562433148656,3557.552984199822,32807.91284530144,0.008953479516557096,78.75273057870986
913,830,Carpinus',0,0,0,0,0,0,0,0.0,0.0,0.0,0.0,0.0,0.0,0.0,0.0
913,830,Carya',0,0,0,0,0,0,0,0.0,0.0,0.0,0.0,0.0,0.0,0.0,0.0
913,830,Castanea',0,0,0,0,0,0,0,0.0,0.0,0.0,0.0,0.0,0.0,0.0,0.0
913,830,Catalpa',0,0,0,0,0,0,0,0.0,0.0,0.0,0.0,0.0,0.0,0.0,0.0
913,830,Celtis',0,0,0,0,0,0,0,0.0,0.0,0.0,0.0,0.0,0.0,0.0,0.0
913,830,Cercis',0,0,0,0,0,0,0,0.0,0.0,0.0,0.0,0.0,0.0,0.0,0.0
913,830,Cercocarpus',0,60,9,0,0,0,0,9.951478004455566,5.02436637878418,26.609751935005185,0.2967694921040984,429.7133174085617,5953.134136565031,0.0013392815752588342,18.088462175433797
913,830,Chamaecyparis',0,0,0,0,0,0,0,0.0,0.0,0.0,0.0,0.0,0.0,0.0,0.0
913,830,Chilopsis',0,0,0,0,0,0,0,0.0,0.0,0.0,0.0,0.0,0.0,0.0,0.0
913,830,Chrysolepis',0,219,162,6,8,0,0,60.22990036010742,23.415868759155273,132.22128827959298,5.7565013641014415,7050.6204009589555,58004.28038767416,0.017577908441410165,134.12163589195816
913,830,Cladrastis',0,0,0,0,0,0,0,0.0,0.0,0.0,0.0,0.0,0.0,0.0,0.0
913,830,Comus',0,0,0,0,0,0,0,0.0,0.0,0.0,0.0,0.0,0.0,0.0,0.0
913,830,Cornus',0,0,0,0,0,0,0,0.0,0.0,0.0,0.0,0.0,0.0,0.0,0.0
913,830,Crataegus',0,0,0,0,0,0,0,0.0,0.0,0.0,0.0,0.0,0.0,0.0,0.0
913,830,Cupressus',0,0,0,0,0,0,0,0.0,0.0,0.0,0.0,0.0,0.0,0.0,0.0
913,830,Diospyros',0,0,0,0,0,0,0,0.0,0.0,0.0,0.0,0.0,0.0,0.0,0.0
913,830,Elaeagnus',0,0,0,0,0,0,0,0.0,0.0,0.0,0.0,0.0,0.0,0.0,0.0
913,830,Fagus',0,0,0,0,0,0,0,0.0,0.0,0.0,0.0,0.0,0.0,0.0,0.0
913,830,Fraxinus',0,48,0,0,0,0,0,1.9029791355133057,2.2318241596221924,1.6310672329950935,0.007917587250794169,16.254754573106766,259.45228154191926,5.960179657861632e-05,0.9847043729345808
913,830,Gleditsia',0,0,0,0,0,0,0,0.0,0.0,0.0,0.0,0.0,0.0,0.0,0.0
913,830,Gordonia',0,0,0,0,0,0,0,0.0,0.0,0.0,0.0,0.0,0.0,0.0,0.0
913,830,Gymnocladus',0,0,0,0,0,0,0,0.0,0.0,0.0,0.0,0.0,0.0,0.0,0.0
913,830,Halesia',0,0,0,0,0,0,0,0.0,0.0,0.0,0.0,0.0,0.0,0.0,0.0
913,830,Ilex',0,0,0,0,0,0,0,0.0,0.0,0.0,0.0,0.0,0.0,0.0,0.0
913,830,Juglans',0,0,0,0,0,0,0,0.0,0.0,0.0,0.0,0.0,0.0,0.0,0.0
913,830,Juniperus',0,125,0,0,0,0,0,7.442852020263672,3.838780403137207,89.82132157325744,0.26307551466582707,377.01441576957706,4521.704528708909,0.0021352288979316716,25.550417299511135
913,830,Larix',0,0,0,0,0,0,0,0.0,0.0,0.0,0.0,0.0,0.0,0.0,0.0
913,830,Liquidambar',0,0,0,0,0,0,0,0.0,0.0,0.0,0.0,0.0,0.0,0.0,0.0
913,830,Liriodendron',0,0,0,0,0,0,0,0.0,0.0,0.0,0.0,0.0,0.0,0.0,0.0
913,830,Lithocarpus',0,30,4,0,0,0,0,27.49809455871582,14.222969055175781,16.72626289844513,0.34998406088616574,526.0840661668777,9540.467864380604,0.0014106772596836107,24.469310222941555
913,830,Maclura',0,0,0,0,0,0,0,0.0,0.0,0.0,0.0,0.0,0.0,0.0,0.0
913,830,Magnolia',0,0,0,0,0,0,0,0.0,0.0,0.0,0.0,0.0,0.0,0.0,0.0
913,830,Malus',0,0,0,0,0,0,0,0.0,0.0,0.0,0.0,0.0,0.0,0.0,0.0
913,830,Morus',0,0,0,0,0,0,0,0.0,0.0,0.0,0.0,0.0,0.0,0.0,0.0
913,830,Nyssa',0,0,0,0,0,0,0,0.0,0.0,0.0,0.0,0.0,0.0,0.0,0.0
913,830,Olneya',0,0,0,0,0,0,0,0.0,0.0,0.0,0.0,0.0,0.0,0.0,0.0
913,830,Ostrya',0,0,0,0,0,0,0,0.0,0.0,0.0,0.0,0.0,0.0,0.0,0.0
913,830,Oxydendron',0,0,0,0,0,0,0,0.0,0.0,0.0,0.0,0.0,0.0,0.0,0.0
913,830,Paulownia',0,0,0,0,0,0,0,0.0,0.0,0.0,0.0,0.0,0.0,0.0,0.0
913,830,Persea',0,0,0,0,0,0,0,0.0,0.0,0.0,0.0,0.0,0.0,0.0,0.0
913,830,Picea',0,0,0,0,0,0,0,0.0,0.0,0.0,0.0,0.0,0.0,0.0,0.0
913,830,Pinus',0,3181,3594,324,13,4,0,157.84970092773438,33.29609298706055,2740.5073500052094,107.34652705501696,111794.77119390845,197093.78782836994,0.28801793097368134,462.77770711998255
913,830,Planera',0,0,0,0,0,0,0,0.0,0.0,0.0,0.0,0.0,0.0,0.0,0.0
913,830,Platanus',0,0,0,0,0,0,0,0.0,0.0,0.0,0.0,0.0,0.0,0.0,0.0
913,830,Populus',0,446,20,0,0,0,0,12.41825008392334,5.1936140060424805,146.64258525718614,0.4657544401613607,512.0585304659605,3422.1801592496995,0.0032489093193893777,20.95138760481482
913,830,Prosopis',0,0,0,0,0,0,0,0.0,0.0,0.0,0.0,0.0,0.0,0.0,0.0
913,830,Prunus',0,0,0,0,0,0,0,0.0,0.0,0.0,0.0,0.0,0.0,0.0,0.0
913,830,Pseudotsuga',0,0,0,0,0,0,0,0.0,0.0,0.0,0.0,0.0,0.0,0.0,0.0
913,830,Quercus',0,41,30,0,0,0,0,25.877052307128906,11.537515640258789,22.903023054705386,0.5078721628281285,579.6354631948471,9640.973116560914,0.0016177804576959405,24.617046550363938
913,830,Robinia',0,0,0,0,0,0,0,0.0,0.0,0.0,0.0,0.0,0.0,0.0,0.0
913,830,Salix',0,468,0,0,0,0,0,6.85518741607666,5.309528350830078,103.75580867917476,0.5180464605461901,434.47161147415636,2747.6736318825556,0.0024591149893738377,14.54069152923113
913,830,Sassafras',0,0,0,0,0,0,0,0.0,0.0,0.0,0.0,0.0,0.0,0.0,0.0
913,830,Sequoia',0,0,0,0,0,0,0,0.0,0.0,0.0,0.0,0.0,0.0,0.0,0.0
913,830,Sequoiadendron',0,0,0,0,0,0,0,0.0,0.0,0.0,0.0,0.0,0.0,0.0,0.0
913,830,Sorbus',0,0,0,0,0,0,0,0.0,0.0,0.0,0.0,0.0,0.0,0.0,0.0
913,830,Taxodium',0,0,0,0,0,0,0,0.0,0.0,0.0,0.0,0.0,0.0,0.0,0.0
913,830,Taxus',0,0,0,0,0,0,0,0.0,0.0,0.0,0.0,0.0,0.0,0.0,0.0
913,830,Thuja',0,0,0,0,0,0,0,0.0,0.0,0.0,0.0,0.0,0.0,0.0,0.0
913,830,Tilia',0,0,0,0,0,0,0,0.0,0.0,0.0,0.0,0.0,0.0,0.0,0.0
913,830,Torreya',0,0,0,0,0,0,0,0.0,0.0,0.0,0.0,0.0,0.0,0.0,0.0
913,830,Tsuga',0,0,0,0,0,0,0,0.0,0.0,0.0,0.0,0.0,0.0,0.0,0.0
913,830,Ulmus',0,0,0,0,0,0,0,0.0,0.0,0.0,0.0,0.0,0.0,0.0,0.0
913,830,Umbellularia',0,29,0,0,0,0,0,5.854725360870361,4.046467304229736,3.345998421907425,0.07936525495209273,68.72807496190072,1536.8064757751017,0.00020106014976650752,4.4958416244420265
913,840,Abies',0,0,56,0,0,0,0,18.672386169433594,12.293248176574707,11.212095589637755,0.6683539805007064,569.7361247491837,10136.35398415876,0.0014280327711204647,24.886663663643986
913,840,Acer',0,88,8,0,0,0,0,8.59931755065918,5.1123552322387695,33.91857855634975,0.10714639403567355,132.61622912853957,1614.2907796719237,0.0007829795119459766,9.333112436593737
913,840,Aesculus',0,0,0,0,0,0,0,0.0,0.0,0.0,0.0,0.0,0.0,0.0,0.0
913,840,Ailanthus',0,0,0,0,0,0,0,0.0,0.0,0.0,0.0,0.0,0.0,0.0,0.0
913,840,Alnus',0,2023,113,0,0,0,0,12.54012680053711,9.808772087097168,426.6631259864691,3.3689742592821683,2756.0949806056174,9272.093761902814,0.012266708272677418,35.76439132772579
913,840,Amelanchier',0,0,0,0,0,0,0,0.0,0.0,0.0,0.0,0.0,0.0,0.0,0.0
913,840,Arbutus',0,51,0,0,0,0,0,5.122228145599365,5.071143627166748,8.362354650497435,0.07787616333853817,89.09150729179383,1847.1692488642861,0.0003187706936424014,6.342782831914783
913,840,Asimina',0,0,0,0,0,0,0,0.0,0.0,0.0,0.0,0.0,0.0,0.0,0.0
913,840,Betula',0,0,0,0,0,0,0,0.0,0.0,0.0,0.0,0.0,0.0,0.0,0.0
913,840,Calocedrus',0,32,130,19,0,0,0,42.98089599609375,19.621259689331055,82.0217002415657,3.8181640944514577,3675.7866217541696,33667.06349196379,0.009353172538248798,80.69338749376752
913,840,Carpinus',0,0,0,0,0,0,0,0.0,0.0,0.0,0.0,0.0,0.0,0.0,0.0
913,840,Carya',0,0,0,0,0,0,0,0.0,0.0,0.0,0.0,0.0,0.0,0.0,0.0
913,840,Castanea',0,0,0,0,0,0,0,0.0,0.0,0.0,0.0,0.0,0.0,0.0,0.0
913,840,Catalpa',0,0,0,0,0,0,0,0.0,0.0,0.0,0.0,0.0,0.0,0.0,0.0
913,840,Celtis',0,0,0,0,0,0,0,0.0,0.0,0.0,0.0,0.0,0.0,0.0,0.0
913,840,Cercis',0,0,0,0,0,0,0,0.0,0.0,0.0,0.0,0.0,0.0,0.0,0.0
913,840,Cercocarpus',0,32,9,0,0,0,0,13.971871376037598,6.131589412689209,19.948602729439735,0.26002719474707414,383.95293294489386,5694.313417865711,0.0011413751869549383,16.244374826393162
913,840,Chamaecyparis',0,0,0,0,0,0,0,0.0,0.0,0.0,0.0,0.0,0.0,0.0,0.0
913,840,Chilopsis',0,0,0,0,0,0,0,0.0,0.0,0.0,0.0,0.0,0.0,0.0,0.0
913,840,Chrysolepis',0,124,259,6,1,0,0,66.31074523925781,24.622982025146484,145.4544590604305,5.842326682909097,6608.933868707419,46116.461893375104,0.01678752878572917,110.39663627000606
913,840,Cladrastis',0,0,0,0,0,0,0,0.0,0.0,0.0,0.0,0.0,0.0,0.0,0.0
913,840,Comus',0,0,0,0,0,0,0,0.0,0.0,0.0,0.0,0.0,0.0,0.0,0.0
913,840,Cornus',0,0,0,0,0,0,0,0.0,0.0,0.0,0.0,0.0,0.0,0.0,0.0
913,840,Crataegus',0,0,0,0,0,0,0,0.0,0.0,0.0,0.0,0.0,0.0,0.0,0.0
913,840,Cupressus',0,5,0,0,0,0,0,0.6239880323410034,1.5297054052352905,0.254425106048584,0.00015657137405979804,1.39645658493042,31.225718515316288,6.778266191482535e-06,0.15156663973743556
913,840,Diospyros',0,0,0,0,0,0,0,0.0,0.0,0.0,0.0,0.0,0.0,0.0,0.0
913,840,Elaeagnus',0,0,0,0,0,0,0,0.0,0.0,0.0,0.0,0.0,0.0,0.0,0.0
913,840,Fagus',0,0,0,0,0,0,0,0.0,0.0,0.0,0.0,0.0,0.0,0.0,0.0
913,840,Fraxinus',0,46,0,0,0,0,0,4.132358074188232,3.274935245513916,11.385419519641731,0.052430960207351655,60.165299949646,970.8971867302271,0.0002976001089513331,4.7009604047727285
913,840,Gleditsia',0,0,0,0,0,0,0,0.0,0.0,0.0,0.0,0.0,0.0,0.0,0.0
913,840,Gordonia',0,0,0,0,0,0,0,0.0,0.0,0.0,0.0,0.0,0.0,0.0,0.0
913,840,Gymnocladus',0,0,0,0,0,0,0,0.0,0.0,0.0,0.0,0.0,0.0,0.0,0.0
913,840,Halesia',0,0,0,0,0,0,0,0.0,0.0,0.0,0.0,0.0,0.0,0.0,0.0
913,840,Ilex',0,0,0,0,0,0,0,0.0,0.0,0.0,0.0,0.0,0.0,0.0,0.0
913,840,Juglans',0,0,0,0,0,0,0,0.0,0.0,0.0,0.0,0.0,0.0,0.0,0.0
913,840,Juniperus',0,69,0,0,0,0,0,5.121142387390137,3.091279983520508,18.77115086555481,0.08623299482539001,102.98112638115883,1614.2743956623506,0.0004999857915828879,7.891244169030194
913,840,Larix',0,0,0,0,0,0,0,0.0,0.0,0.0,0.0,0.0,0.0,0.0,0.0
913,840,Liquidambar',0,0,0,0,0,0,0,0.0,0.0,0.0,0.0,0.0,0.0,0.0,0.0
913,840,Liriodendron',0,0,0,0,0,0,0,0.0,0.0,0.0,0.0,0.0,0.0,0.0,0.0
913,840,Lithocarpus',0,0,30,4,0,0,0,30.133930206298828,15.169777870178223,15.474561281204222,0.4549966444339846,680.674680147171,12050.778953822482,0.001736131846427921,29.9880093669285
913,840,Maclura',0,0,0,0,0,0,0,0.0,0.0,0.0,0.0,0.0,0.0,0.0,0.0
913,840,Magnolia',0,0,0,0,0,0,0,0.0,0.0,0.0,0.0,0.0,0.0,0.0,0.0
913,840,Malus',0,0,0,0,0,0,0,0.0,0.0,0.0,0.0,0.0,0.0,0.0,0.0
913,840,Morus',0,0,0,0,0,0,0,0.0,0.0,0.0,0.0,0.0,0.0,0.0,0.0
913,840,Nyssa',0,0,0,0,0,0,0,0.0,0.0,0.0,0.0,0.0,0.0,0.0,0.0
913,840,Olneya',0,0,0,0,0,0,0,0.0,0.0,0.0,0.0,0.0,0.0,0.0,0.0
913,840,Ostrya',0,0,0,0,0,0,0,0.0,0.0,0.0,0.0,0.0,0.0,0.0,0.0
913,840,Oxydendron',0,0,0,0,0,0,0,0.0,0.0,0.0,0.0,0.0,0.0,0.0,0.0
913,840,Paulownia',0,0,0,0,0,0,0,0.0,0.0,0.0,0.0,0.0,0.0,0.0,0.0
913,840,Persea',0,0,0,0,0,0,0,0.0,0.0,0.0,0.0,0.0,0.0,0.0,0.0
913,840,Picea',0,0,0,0,0,0,0,0.0,0.0,0.0,0.0,0.0,0.0,0.0,0.0
913,840,Pinus',0,3197,3373,286,15,3,2,167.1650848388672,33.63102340698242,2682.3678321415186,102.77614279289376,107417.80401370645,196249.9955539204,0.2774515446184831,460.96068261392895
913,840,Planera',0,0,0,0,0,0,0,0.0,0.0,0.0,0.0,0.0,0.0,0.0,0.0
913,840,Platanus',0,0,0,0,0,0,0,0.0,0.0,0.0,0.0,0.0,0.0,0.0,0.0
913,840,Populus',0,571,5,0,0,0,0,13.242947578430176,5.430237293243408,229.89159971381287,0.5125610381040777,655.5430030113458,3372.0708896435244,0.004766179535194789,24.21387486354822
913,840,Prosopis',0,0,0,0,0,0,0,0.0,0.0,0.0,0.0,0.0,0.0,0.0,0.0
913,840,Prunus',0,0,0,0,0,0,0,0.0,0.0,0.0,0.0,0.0,0.0,0.0,0.0
913,840,Pseudotsuga',0,0,0,0,0,0,0,0.0,0.0,0.0,0.0,0.0,0.0,0.0,0.0
913,840,Quercus',0,63,2,0,0,0,0,9.154834747314453,4.464873313903809,25.1610667216061,0.14258897956749597,163.4772109141946,2419.885652147082,0.0006672473755739572,9.006279144870394
913,840,Robinia',0,0,0,0,0,0,0,0.0,0.0,0.0,0.0,0.0,0.0,0.0,0.0
913,840,Salix',0,403,0,0,0,0,0,6.88794469833374,5.327276229858398,101.82230436349215,0.2728068826344982,303.15826817005876,1948.3338132369258,0.002139473675167875,13.337645345489017
913,840,Sassafras',0,0,0,0,0,0,0,0.0,0.0,0.0,0.0,0.0,0.0,0.0,0.0
913,840,Sequoia',0,0,0,0,0,0,0,0.0,0.0,0.0,0.0,0.0,0.0,0.0,0.0
913,840,Sequoiadendron',0,0,0,0,0,0,0,0.0,0.0,0.0,0.0,0.0,0.0,0.0,0.0
913,840,Sorbus',0,0,0,0,0,0,0,0.0,0.0,0.0,0.0,0.0,0.0,0.0,0.0
913,840,Taxodium',0,0,0,0,0,0,0,0.0,0.0,0.0,0.0,0.0,0.0,0.0,0.0
913,840,Taxus',0,0,0,0,0,0,0,0.0,0.0,0.0,0.0,0.0,0.0,0.0,0.0
913,840,Thuja',0,0,0,0,0,0,0,0.0,0.0,0.0,0.0,0.0,0.0,0.0,0.0
913,840,Tilia',0,0,0,0,0,0,0,0.0,0.0,0.0,0.0,0.0,0.0,0.0,0.0
913,840,Torreya',0,0,0,0,0,0,0,0.0,0.0,0.0,0.0,0.0,0.0,0.0,0.0
913,840,Tsuga',0,0,0,0,0,0,0,0.0,0.0,0.0,0.0,0.0,0.0,0.0,0.0
913,840,Ulmus',0,0,0,0,0,0,0,0.0,0.0,0.0,0.0,0.0,0.0,0.0,0.0
913,840,Umbellularia',0,10,0,0,0,0,0,2.359433889389038,2.4495861530303955,2.1650071883201596,0.004599612518390863,8.721979763507843,195.02939649581157,5.065450379562888e-05,1.132669138535477
913,850,Abies',0,30,56,0,0,0,0,20.09198570251465,12.967733383178711,17.13398154258728,0.8615009233851835,747.2546498441696,12284.760489072904,0.001908056721968572,29.432363987381894
913,850,Acer',0,226,8,0,0,0,0,12.124680519104004,6.549829483032227,59.74232575396382,0.2584661110474918,287.45284040883183,2734.3359116177,0.0014988080540692865,13.089004748636713
913,850,Aesculus',0,0,0,0,0,0,0,0.0,0.0,0.0,0.0,0.0,0.0,0.0,0.0
913,850,Ailanthus',0,0,0,0,0,0,0,0.0,0.0,0.0,0.0,0.0,0.0,0.0,0.0
913,850,Alnus',0,1609,87,0,0,0,0,16.335020065307617,11.940135955810547,397.61395499805764,2.9311630135017537,2454.028896503374,8517.58755386427,0.011177271310472997,33.74978175337035
913,850,Amelanchier',0,0,0,0,0,0,0,0.0,0.0,0.0,0.0,0.0,0.0,0.0,0.0
913,850,Arbutus',0,86,0,0,0,0,0,7.13931131362915,6.439597129821777,24.734497168958185,0.2197337004363587,278.38438782304524,4218.50123778053,0.0009759080238705429,14.251117837713107
913,850,Asimina',0,0,0,0,0,0,0,0.0,0.0,0.0,0.0,0.0,0.0,0.0,0.0
913,850,Betula',0,0,0,0,0,0,0,0.0,0.0,0.0,0.0,0.0,0.0,0.0,0.0
913,850,Calocedrus',0,52,130,19,0,0,0,45.44428253173828,20.305130004882812,86.59970505595207,4.826190449651396,4715.149168828726,40681.60491506828,0.011728993880915453,96.97711220585292
913,850,Carpinus',0,0,0,0,0,0,0,0.0,0.0,0.0,0.0,0.0,0.0,0.0,0.0
913,850,Carya',0,0,0,0,0,0,0,0.0,0.0,0.0,0.0,0.0,0.0,0.0,0.0
913,850,Castanea',0,0,0,0,0,0,0,0.0,0.0,0.0,0.0,0.0,0.0,0.0,0.0
913,850,Catalpa',0,0,0,0,0,0,0,0.0,0.0,0.0,0.0,0.0,0.0,0.0,0.0
913,850,Celtis',0,0,0,0,0,0,0,0.0,0.0,0.0,0.0,0.0,0.0,0.0,0.0
913,850,Cercis',0,0,0,0,0,0,0,0.0,0.0,0.0,0.0,0.0,0.0,0.0,0.0
913,850,Cercocarpus',0,10,42,0,0,0,0,17.609878540039062,6.981236934661865,28.412831451892853,0.4530522922160234,674.1406082749367,9348.671879430138,0.0019084978297253382,25.883356244517273
913,850,Chamaecyparis',0,0,0,0,0,0,0,0.0,0.0,0.0,0.0,0.0,0.0,0.0,0.0
913,850,Chilopsis',0,0,0,0,0,0,0,0.0,0.0,0.0,0.0,0.0,0.0,0.0,0.0
913,850,Chrysolepis',0,130,277,1,6,1,0,71.92276000976562,25.6302433013916,134.8441581365466,7.166514682097952,8220.606434409321,55321.1562580012,0.020215763285217132,130.41918681148996
913,850,Cladrastis',0,0,0,0,0,0,0,0.0,0.0,0.0,0.0,0.0,0.0,0.0,0.0
913,850,Comus',0,0,0,0,0,0,0,0.0,0.0,0.0,0.0,0.0,0.0,0.0,0.0
913,850,Cornus',0,0,0,0,0,0,0,0.0,0.0,0.0,0.0,0.0,0.0,0.0,0.0
913,850,Crataegus',0,0,0,0,0,0,0,0.0,0.0,0.0,0.0,0.0,0.0,0.0,0.0
913,850,Cupressus',0,25,0,0,0,0,0,1.6389483213424683,2.321491003036499,2.8795811015367505,0.0054598998041072095,10.193447666764259,227.93241907971603,6.424605477554785e-05,1.436585457643003
913,850,Diospyros',0,0,0,0,0,0,0,0.0,0.0,0.0,0.0,0.0,0.0,0.0,0.0
913,850,Elaeagnus',0,0,0,0,0,0,0,0.0,0.0,0.0,0.0,0.0,0.0,0.0,0.0
913,850,Fagus',0,0,0,0,0,0,0,0.0,0.0,0.0,0.0,0.0,0.0,0.0,0.0
913,850,Fraxinus',0,19,0,0,0,0,0,6.028024673461914,4.122488021850586,2.6012909563281865,0.05479502792629142,45.99569892883301,1028.4950947748496,0.00013965969622135272,3.1228857446791554
913,850,Gleditsia',0,0,0,0,0,0,0,0.0,0.0,0.0,0.0,0.0,0.0,0.0,0.0
913,850,Gordonia',0,0,0,0,0,0,0,0.0,0.0,0.0,0.0,0.0,0.0,0.0,0.0
913,850,Gymnocladus',0,0,0,0,0,0,0,0.0,0.0,0.0,0.0,0.0,0.0,0.0,0.0
913,850,Halesia',0,0,0,0,0,0,0,0.0,0.0,0.0,0.0,0.0,0.0,0.0,0.0
913,850,Ilex',0,0,0,0,0,0,0,0.0,0.0,0.0,0.0,0.0,0.0,0.0,0.0
913,850,Juglans',0,0,0,0,0,0,0,0.0,0.0,0.0,0.0,0.0,0.0,0.0,0.0
913,850,Juniperus',0,30,13,0,0,0,0,9.636021614074707,4.510440349578857,23.507529883384702,0.20527172988557682,190.8868285894394,3039.00726865023,0.0007637461769382153,12.438700249435417
913,850,Larix',0,0,0,0,0,0,0,0.0,0.0,0.0,0.0,0.0,0.0,0.0,0.0
913,850,Liquidambar',0,0,0,0,0,0,0,0.0,0.0,0.0,0.0,0.0,0.0,0.0,0.0
913,850,Liriodendron',0,0,0,0,0,0,0,0.0,0.0,0.0,0.0,0.0,0.0,0.0,0.0
913,850,Lithocarpus',0,0,30,4,0,0,0,32.48674774169922,15.9793701171875,12.26516237258911,0.5542254718493715,831.3031512641907,14536.391691369441,0.002024503759940455,35.084532954504716
913,850,Maclura',0,0,0,0,0,0,0,0.0,0.0,0.0,0.0,0.0,0.0,0.0,0.0
913,850,Magnolia',0,0,0,0,0,0,0,0.0,0.0,0.0,0.0,0.0,0.0,0.0,0.0
913,850,Malus',0,0,0,0,0,0,0,0.0,0.0,0.0,0.0,0.0,0.0,0.0,0.0
913,850,Morus',0,0,0,0,0,0,0,0.0,0.0,0.0,0.0,0.0,0.0,0.0,0.0
913,850,Nyssa',0,0,0,0,0,0,0,0.0,0.0,0.0,0.0,0.0,0.0,0.0,0.0
913,850,Olneya',0,0,0,0,0,0,0,0.0,0.0,0.0,0.0,0.0,0.0,0.0,0.0
913,850,Ostrya',0,0,0,0,0,0,0,0.0,0.0,0.0,0.0,0.0,0.0,0.0,0.0
913,850,Oxydendron',0,0,0,0,0,0,0,0.0,0.0,0.0,0.0,0.0,0.0,0.0,0.0
913,850,Paulownia',0,0,0,0,0,0,0,0.0,0.0,0.0,0.0,0.0,0.0,0.0,0.0
913,850,Persea',0,0,0,0,0,0,0,0.0,0.0,0.0,0.0,0.0,0.0,0.0,0.0
913,850,Picea',0,0,0,0,0,0,0,0.0,0.0,0.0,0.0,0.0,0.0,0.0,0.0
913,850,Pinus',0,3222,3598,256,6,2,1,174.41635131835938,33.85697555541992,2748.0395047476886,106.70206598648352,109777.64236214072,185028.67741239473,0.28364421970225345,433.8119416814079
913,850,Planera',0,0,0,0,0,0,0,0.0,0.0,0.0,0.0,0.0,0.0,0.0,0.0
913,850,Platanus',0,0,0,0,0,0,0,0.0,0.0,0.0,0.0,0.0,0.0,0.0,0.0
913,850,Populus',0,457,4,0,0,0,0,12.772027969360352,5.295436859130859,133.08227000781628,0.4012801339673971,469.36611870974303,2761.8935880856343,0.0029588290125059447,19.063678880081113
913,850,Prosopis',0,0,0,0,0,0,0,0.0,0.0,0.0,0.0,0.0,0.0,0.0,0.0
913,850,Prunus',0,0,0,0,0,0,0,0.0,0.0,0.0,0.0,0.0,0.0,0.0,0.0
913,850,Pseudotsuga',0,0,0,0,0,0,0,0.0,0.0,0.0,0.0,0.0,0.0,0.0,0.0
913,850,Quercus',0,53,31,0,0,0,0,17.11125946044922,5.894333839416504,41.45916193440745,0.2992069933287024,336.56596809208395,4306.185175303634,0.001280358253305776,15.139020304689545
913,850,Robinia',0,0,0,0,0,0,0,0.0,0.0,0.0,0.0,0.0,0.0,0.0,0.0
913,850,Salix',0,213,9,0,0,0,0,9.316544532775879,6.608151435852051,52.86359214565798,0.3173090240033915,262.56040321201084,2365.376438965275,0.0013444683449638577,11.416179584004656
913,850,Sassafras',0,0,0,0,0,0,0,0.0,0.0,0.0,0.0,0.0,0.0,0.0,0.0
913,850,Sequoia',0,0,0,0,0,0,0,0.0,0.0,0.0,0.0,0.0,0.0,0.0,0.0
913,850,Sequoiadendron',0,0,0,0,0,0,0,0.0,0.0,0.0,0.0,0.0,0.0,0.0,0.0
913,850,Sorbus',0,0,0,0,0,0,0,0.0,0.0,0.0,0.0,0.0,0.0,0.0,0.0
913,850,Taxodium',0,0,0,0,0,0,0,0.0,0.0,0.0,0.0,0.0,0.0,0.0,0.0
913,850,Taxus',0,0,0,0,0,0,0,0.0,0.0,0.0,0.0,0.0,0.0,0.0,0.0
913,850,Thuja',0,0,0,0,0,0,0,0.0,0.0,0.0,0.0,0.0,0.0,0.0,0.0
913,850,Tilia',0,0,0,0,0,0,0,0.0,0.0,0.0,0.0,0.0,0.0,0.0,0.0
913,850,Torreya',0,0,0,0,0,0,0,0.0,0.0,0.0,0.0,0.0,0.0,0.0,0.0
913,850,Tsuga',0,0,0,0,0,0,0,0.0,0.0,0.0,0.0,0.0,0.0,0.0,0.0
913,850,Ulmus',0,0,0,0,0,0,0,0.0,0.0,0.0,0.0,0.0,0.0,0.0,0.0
913,850,Umbellularia',0,10,0,0,0,0,0,7.41530179977417,4.720694065093994,8.445569491386413,0.045432149403132525,54.94727605342865,1228.6584443391316,0.00024409660955270195,5.458166120370614
913,860,Abies',0,105,16,0,0,0,0,21.409183502197266,13.576061248779297,8.72663202792406,0.7176973513374741,677.3923583456874,13508.75687648647,0.0016313677204548224,31.16453609476015
913,860,Acer',0,46,8,0,0,0,0,14.985556602478027,7.666316986083984,20.39381654862361,0.2063245989470424,193.894825938344,3149.65037810327,0.0007244576993021155,10.551896816392127
913,860,Aesculus',0,0,0,0,0,0,0,0.0,0.0,0.0,0.0,0.0,0.0,0.0,0.0
913,860,Ailanthus',0,0,0,0,0,0,0,0.0,0.0,0.0,0.0,0.0,0.0,0.0,0.0
913,860,Alnus',0,1759,206,0,0,0,0,16.766647338867188,12.17109489440918,452.8959274650374,3.5074556733920415,2976.0882036021353,10478.12661644901,0.013133217782436268,37.3312427838328
913,860,Amelanchier',0,0,0,0,0,0,0,0.0,0.0,0.0,0.0,0.0,0.0,0.0,0.0
913,860,Arbutus',0,15,36,0,0,0,0,8.954855918884277,7.618710517883301,7.864704284667968,0.23604491503357933,265.60640415191654,5610.54839987376,0.0007038377357994571,14.020543549977965
913,860,Asimina',0,0,0,0,0,0,0,0.0,0.0,0.0,0.0,0.0,0.0,0.0,0.0
913,860,Betula',0,0,0,0,0,0,0,0.0,0.0,0.0,0.0,0.0,0.0,0.0,0.0
913,860,Calocedrus',0,62,162,17,0,0,0,47.69487762451172,20.904237747192383,55.21221926182508,5.444311924219017,5246.509945860207,46371.78400069769,0.012456420577298736,107.74269464743739
913,860,Carpinus',0,0,0,0,0,0,0,0.0,0.0,0.0,0.0,0.0,0.0,0.0,0.0
913,860,Carya',0,0,0,0,0,0,0,0.0,0.0,0.0,0.0,0.0,0.0,0.0,0.0
913,860,Castanea',0,0,0,0,0,0,0,0.0,0.0,0.0,0.0,0.0,0.0,0.0,0.0
913,860,Catalpa',0,0,0,0,0,0,0,0.0,0.0,0.0,0.0,0.0,0.0,0.0,0.0
913,860,Celtis',0,0,0,0,0,0,0,0.0,0.0,0.0,0.0,0.0,0.0,0.0,0.0
913,860,Cercis',0,0,0,0,0,0,0,0.0,0.0,0.0,0.0,0.0,0.0,0.0,0.0
913,860,Cercocarpus',0,37,15,0,0,0,0,20.69048500061035,7.6037750244140625,21.934987936019898,0.492864486767504,754.801599817276,11436.739721302554,0.0019941755911558924,28.405418052165587
913,860,Chamaecyparis',0,0,0,0,0,0,0,0.0,0.0,0.0,0.0,0.0,0.0,0.0,0.0
913,860,Chilopsis',0,0,0,0,0,0,0,0.0,0.0,0.0,0.0,0.0,0.0,0.0,0.0
913,860,Chrysolepis',0,137,246,16,6,0,0,53.29850387573242,21.876541137695312,143.46243089586497,6.354298317587559,7211.247035200894,52397.32839338039,0.01809722858362827,123.71498227874812
913,860,Cladrastis',0,0,0,0,0,0,0,0.0,0.0,0.0,0.0,0.0,0.0,0.0,0.0
913,860,Comus',0,0,0,0,0,0,0,0.0,0.0,0.0,0.0,0.0,0.0,0.0,0.0
913,860,Cornus',0,0,0,0,0,0,0,0.0,0.0,0.0,0.0,0.0,0.0,0.0,0.0
913,860,Crataegus',0,0,0,0,0,0,0,0.0,0.0,0.0,0.0,0.0,0.0,0.0,0.0
913,860,Cupressus',0,0,0,0,0,0,0,0.0,0.0,0.0,0.0,0.0,0.0,0.0,0.0
913,860,Diospyros',0,0,0,0,0,0,0,0.0,0.0,0.0,0.0,0.0,0.0,0.0,0.0
913,860,Elaeagnus',0,0,0,0,0,0,0,0.0,0.0,0.0,0.0,0.0,0.0,0.0,0.0
913,860,Fagus',0,0,0,0,0,0,0,0.0,0.0,0.0,0.0,0.0,0.0,0.0,0.0
913,860,Fraxinus',0,0,19,0,0,0,0,8.952173233032227,5.362410545349121,4.092782509477832,0.12085039251031583,102.1958212852478,2285.1680341023375,0.00028601971507072674,6.395595258032656
913,860,Gleditsia',0,0,0,0,0,0,0,0.0,0.0,0.0,0.0,0.0,0.0,0.0,0.0
913,860,Gordonia',0,0,0,0,0,0,0,0.0,0.0,0.0,0.0,0.0,0.0,0.0,0.0
913,860,Gymnocladus',0,0,0,0,0,0,0,0.0,0.0,0.0,0.0,0.0,0.0,0.0,0.0
913,860,Halesia',0,0,0,0,0,0,0,0.0,0.0,0.0,0.0,0.0,0.0,0.0,0.0
913,860,Ilex',0,0,0,0,0,0,0,0.0,0.0,0.0,0.0,0.0,0.0,0.0,0.0
913,860,Juglans',0,0,0,0,0,0,0,0.0,0.0,0.0,0.0,0.0,0.0,0.0,0.0
913,860,Juniperus',0,91,13,0,0,0,0,12.937236785888672,5.46185827255249,26.88793410539627,0.21866142245958398,240.05564711570742,3444.362034048641,0.0009218382702522565,11.469302684675815
913,860,Larix',0,0,0,0,0,0,0,0.0,0.0,0.0,0.0,0.0,0.0,0.0,0.0
913,860,Liquidambar',0,0,0,0,0,0,0,0.0,0.0,0.0,0.0,0.0,0.0,0.0,0.0
913,860,Liriodendron',0,0,0,0,0,0,0,0.0,0.0,0.0,0.0,0.0,0.0,0.0,0.0
913,860,Lithocarpus',0,30,0,4,0,0,0,34.6173095703125,16.684711456298828,10.791635241508484,0.4203161574833637,750.531547923088,15946.952271253365,0.0018237270222753277,37.64165977766521
913,860,Maclura',0,0,0,0,0,0,0,0.0,0.0,0.0,0.0,0.0,0.0,0.0,0.0
913,860,Magnolia',0,0,0,0,0,0,0,0.0,0.0,0.0,0.0,0.0,0.0,0.0,0.0
913,860,Malus',0,0,0,0,0,0,0,0.0,0.0,0.0,0.0,0.0,0.0,0.0,0.0
913,860,Morus',0,0,0,0,0,0,0,0.0,0.0,0.0,0.0,0.0,0.0,0.0,0.0
913,860,Nyssa',0,0,0,0,0,0,0,0.0,0.0,0.0,0.0,0.0,0.0,0.0,0.0
913,860,Olneya',0,0,0,0,0,0,0,0.0,0.0,0.0,0.0,0.0,0.0,0.0,0.0
913,860,Ostrya',0,0,0,0,0,0,0,0.0,0.0,0.0,0.0,0.0,0.0,0.0,0.0
913,860,Oxydendron',0,0,0,0,0,0,0,0.0,0.0,0.0,0.0,0.0,0.0,0.0,0.0
913,860,Paulownia',0,0,0,0,0,0,0,0.0,0.0,0.0,0.0,0.0,0.0,0.0,0.0
913,860,Persea',0,0,0,0,0,0,0,0.0,0.0,0.0,0.0,0.0,0.0,0.0,0.0
913,860,Picea',0,0,0,0,0,0,0,0.0,0.0,0.0,0.0,0.0,0.0,0.0,0.0
913,860,Pinus',0,3164,4087,255,9,2,3,179.17674255371094,33.99068832397461,2777.8928086408973,111.29686191036878,114294.04071049989,190336.85412084963,0.29411187566006297,447.72537556138184
913,860,Planera',0,0,0,0,0,0,0,0.0,0.0,0.0,0.0,0.0,0.0,0.0,0.0
913,860,Platanus',0,0,0,0,0,0,0,0.0,0.0,0.0,0.0,0.0,0.0,0.0,0.0
913,860,Populus',0,624,0,0,0,0,0,5.307348728179932,3.04260516166687,160.159788590066,0.3217889265114466,471.5158117878437,2619.5261215845444,0.0033534020601299177,19.74500345563277
913,860,Prosopis',0,0,0,0,0,0,0,0.0,0.0,0.0,0.0,0.0,0.0,0.0,0.0
913,860,Prunus',0,0,0,0,0,0,0,0.0,0.0,0.0,0.0,0.0,0.0,0.0,0.0
913,860,Pseudotsuga',0,0,0,0,0,0,0,0.0,0.0,0.0,0.0,0.0,0.0,0.0,0.0
913,860,Quercus',0,90,28,0,0,0,0,10.577632904052734,5.92756986618042,38.583479816023306,0.3435955121693992,368.9706170547009,5455.250751309017,0.001375365326063704,18.50774214817454
913,860,Robinia',0,0,0,0,0,0,0,0.0,0.0,0.0,0.0,0.0,0.0,0.0,0.0
913,860,Salix',0,508,9,0,0,0,0,13.445578575134277,8.63508129119873,105.84428237008426,0.5460853346252318,483.77160093687473,2937.5664161166646,0.0025987352596118646,13.993495494891244
913,860,Sassafras',0,0,0,0,0,0,0,0.0,0.0,0.0,0.0,0.0,0.0,0.0,0.0
913,860,Sequoia',0,0,0,0,0,0,0,0.0,0.0,0.0,0.0,0.0,0.0,0.0,0.0
913,860,Sequoiadendron',0,0,0,0,0,0,0,0.0,0.0,0.0,0.0,0.0,0.0,0.0,0.0
913,860,Sorbus',0,0,0,0,0,0,0,0.0,0.0,0.0,0.0,0.0,0.0,0.0,0.0
913,860,Taxodium',0,0,0,0,0,0,0,0.0,0.0,0.0,0.0,0.0,0.0,0.0,0.0
913,860,Taxus',0,0,0,0,0,0,0,0.0,0.0,0.0,0.0,0.0,0.0,0.0,0.0
913,860,Thuja',0,0,0,0,0,0,0,0.0,0.0,0.0,0.0,0.0,0.0,0.0,0.0
913,860,Tilia',0,0,0,0,0,0,0,0.0,0.0,0.0,0.0,0.0,0.0,0.0,0.0
913,860,Torreya',0,0,0,0,0,0,0,0.0,0.0,0.0,0.0,0.0,0.0,0.0,0.0
913,860,Tsuga',0,0,0,0,0,0,0,0.0,0.0,0.0,0.0,0.0,0.0,0.0,0.0
913,860,Ulmus',0,0,0,0,0,0,0,0.0,0.0,0.0,0.0,0.0,0.0,0.0,0.0
913,860,Umbellularia',0,0,10,0,0,0,0,10.914908409118652,6.150982856750488,5.676043493747711,0.09843415390907446,95.11806516885757,2126.90459605819,0.00029336076470216064,6.559746118053482
913,870,Abies',0,75,0,0,0,0,0,3.736354112625122,3.8526933193206787,10.305547952651978,0.0513696044237303,47.81757972896099,853.9706697625932,0.00025511920400468147,4.344228569006946
913,870,Acer',0,53,24,0,0,0,0,17.741931915283203,8.701353073120117,30.703803849748418,0.3541091206021785,331.9003468883038,4704.04451669475,0.0011795546451490357,14.440545051824746
913,870,Aesculus',0,0,0,0,0,0,0,0.0,0.0,0.0,0.0,0.0,0.0,0.0,0.0
913,870,Ailanthus',0,0,0,0,0,0,0,0.0,0.0,0.0,0.0,0.0,0.0,0.0,0.0
913,870,Alnus',0,1709,126,0,0,0,0,22.355012893676758,14.965165138244629,439.5932011655236,3.418876548321851,2890.193925652504,10225.666182516783,0.012750841454361875,37.935898007312346
913,870,Amelanchier',0,0,0,0,0,0,0,0.0,0.0,0.0,0.0,0.0,0.0,0.0,0.0
913,870,Arbutus',0,40,36,0,0,0,0,10.543597221374512,8.611283302307129,19.88383517742157,0.4136559565806968,497.7229019498825,8464.129193224773,0.0013932618951598822,21.320197300033463
913,870,Asimina',0,0,0,0,0,0,0,0.0,0.0,0.0,0.0,0.0,0.0,0.0,0.0
913,870,Betula',0,0,0,0,0,0,0,0.0,0.0,0.0,0.0,0.0,0.0,0.0,0.0
913,870,Calocedrus',0,117,165,11,0,0,0,34.65843963623047,17.075824737548828,91.80926299244165,5.414166766407652,4961.684350834787,42448.75016476704,0.012352099054220975,100.32834494268435
913,870,Carpinus',0,0,0,0,0,0,0,0.0,0.0,0.0,0.0,0.0,0.0,0.0,0.0
913,870,Carya',0,0,0,0,0,0,0,0.0,0.0,0.0,0.0,0.0,0.0,0.0,0.0
913,870,Castanea',0,0,0,0,0,0,0,0.0,0.0,0.0,0.0,0.0,0.0,0.0,0.0
913,870,Catalpa',0,0,0,0,0,0,0,0.0,0.0,0.0,0.0,0.0,0.0,0.0,0.0
913,870,Celtis',0,0,0,0,0,0,0,0.0,0.0,0.0,0.0,0.0,0.0,0.0,0.0
913,870,Cercis',0,0,0,0,0,0,0,0.0,0.0,0.0,0.0,0.0,0.0,0.0,0.0
913,870,Cercocarpus',0,66,26,0,0,0,0,23.000638961791992,8.019405364990234,23.072712746858596,0.7464632871416974,1150.9044917404651,15439.99342764654,0.0028908380497377458,36.60591282043858
913,870,Chamaecyparis',0,0,0,0,0,0,0,0.0,0.0,0.0,0.0,0.0,0.0,0.0,0.0
913,870,Chilopsis',0,0,0,0,0,0,0,0.0,0.0,0.0,0.0,0.0,0.0,0.0,0.0
913,870,Chrysolepis',0,225,213,14,6,0,0,56.330238342285156,22.572490692138672,132.35434794276952,7.044333103554641,8018.821916910112,59200.43321724731,0.019731389096367666,137.32915166331668
913,870,Cladrastis',0,0,0,0,0,0,0,0.0,0.0,0.0,0.0,0.0,0.0,0.0,0.0
913,870,Comus',0,0,0,0,0,0,0,0.0,0.0,0.0,0.0,0.0,0.0,0.0,0.0
913,870,Cornus',0,0,0,0,0,0,0,0.0,0.0,0.0,0.0,0.0,0.0,0.0,0.0
913,870,Crataegus',0,0,0,0,0,0,0,0.0,0.0,0.0,0.0,0.0,0.0,0.0,0.0
913,870,Cupressus',0,0,0,0,0,0,0,0.0,0.0,0.0,0.0,0.0,0.0,0.0,0.0
913,870,Diospyros',0,0,0,0,0,0,0,0.0,0.0,0.0,0.0,0.0,0.0,0.0,0.0
913,870,Elaeagnus',0,0,0,0,0,0,0,0.0,0.0,0.0,0.0,0.0,0.0,0.0,0.0
913,870,Fagus',0,0,0,0,0,0,0,0.0,0.0,0.0,0.0,0.0,0.0,0.0,0.0
913,870,Fraxinus',0,55,0,0,0,0,0,2.3109734058380127,2.4265708923339844,9.813492056689682,0.01933641848157155,34.7959037399292,583.2548504629235,0.0002185948992893106,3.6737541905054383
913,870,Gleditsia',0,0,0,0,0,0,0,0.0,0.0,0.0,0.0,0.0,0.0,0.0,0.0
913,870,Gordonia',0,0,0,0,0,0,0,0.0,0.0,0.0,0.0,0.0,0.0,0.0,0.0
913,870,Gymnocladus',0,0,0,0,0,0,0,0.0,0.0,0.0,0.0,0.0,0.0,0.0,0.0
913,870,Halesia',0,0,0,0,0,0,0,0.0,0.0,0.0,0.0,0.0,0.0,0.0,0.0
913,870,Ilex',0,0,0,0,0,0,0,0.0,0.0,0.0,0.0,0.0,0.0,0.0,0.0
913,870,Juglans',0,0,0,0,0,0,0,0.0,0.0,0.0,0.0,0.0,0.0,0.0,0.0
913,870,Juniperus',0,111,19,0,0,0,0,15.452889442443848,6.141566276550293,80.47001104712486,0.43643288051267726,502.3259628069401,5542.715591403766,0.002278624550975546,21.965554206028727
913,870,Larix',0,0,0,0,0,0,0,0.0,0.0,0.0,0.0,0.0,0.0,0.0,0.0
913,870,Liquidambar',0,0,0,0,0,0,0,0.0,0.0,0.0,0.0,0.0,0.0,0.0,0.0
913,870,Liriodendron',0,0,0,0,0,0,0,0.0,0.0,0.0,0.0,0.0,0.0,0.0,0.0
913,870,Lithocarpus',0,30,0,4,0,0,0,36.63631820678711,17.329654693603516,11.688808765411377,0.5204608198993567,905.1862203407288,18335.841253824852,0.002180363190263504,42.76873621249549
913,870,Maclura',0,0,0,0,0,0,0,0.0,0.0,0.0,0.0,0.0,0.0,0.0,0.0
913,870,Magnolia',0,0,0,0,0,0,0,0.0,0.0,0.0,0.0,0.0,0.0,0.0,0.0
913,870,Malus',0,0,0,0,0,0,0,0.0,0.0,0.0,0.0,0.0,0.0,0.0,0.0
913,870,Morus',0,0,0,0,0,0,0,0.0,0.0,0.0,0.0,0.0,0.0,0.0,0.0
913,870,Nyssa',0,0,0,0,0,0,0,0.0,0.0,0.0,0.0,0.0,0.0,0.0,0.0
913,870,Olneya',0,0,0,0,0,0,0,0.0,0.0,0.0,0.0,0.0,0.0,0.0,0.0
913,870,Ostrya',0,0,0,0,0,0,0,0.0,0.0,0.0,0.0,0.0,0.0,0.0,0.0
913,870,Oxydendron',0,0,0,0,0,0,0,0.0,0.0,0.0,0.0,0.0,0.0,0.0,0.0
913,870,Paulownia',0,0,0,0,0,0,0,0.0,0.0,0.0,0.0,0.0,0.0,0.0,0.0
913,870,Persea',0,0,0,0,0,0,0,0.0,0.0,0.0,0.0,0.0,0.0,0.0,0.0
913,870,Picea',0,0,0,0,0,0,0,0.0,0.0,0.0,0.0,0.0,0.0,0.0,0.0
913,870,Pinus',0,2845,3973,319,8,4,3,182.2213592529297,34.07063293457031,2684.200623910725,111.40668202453996,116069.89549431355,200528.5422655298,0.29670488748430834,472.03224904869023
913,870,Planera',0,0,0,0,0,0,0,0.0,0.0,0.0,0.0,0.0,0.0,0.0,0.0
913,870,Platanus',0,0,0,0,0,0,0,0.0,0.0,0.0,0.0,0.0,0.0,0.0,0.0
913,870,Populus',0,381,15,0,0,0,0,9.03941535949707,4.196742534637451,165.5625611034375,0.4031510819423846,481.0993734204769,2965.5198267215665,0.0034524747501742145,20.941583267497897
913,870,Prosopis',0,0,0,0,0,0,0,0.0,0.0,0.0,0.0,0.0,0.0,0.0,0.0
913,870,Prunus',0,0,0,0,0,0,0,0.0,0.0,0.0,0.0,0.0,0.0,0.0,0.0
913,870,Pseudotsuga',0,0,0,0,0,0,0,0.0,0.0,0.0,0.0,0.0,0.0,0.0,0.0
913,870,Quercus',0,142,17,0,0,0,0,10.023968696594238,5.701643943786621,66.78549945543084,0.3038705013629873,388.31830838799476,4074.5977068850816,0.001682579300329095,16.480053263805527
913,870,Robinia',0,0,0,0,0,0,0,0.0,0.0,0.0,0.0,0.0,0.0,0.0,0.0
913,870,Salix',0,489,0,0,0,0,0,7.821666717529297,5.827829360961914,83.4660160055832,0.37114819759738193,347.1165052735806,2497.2630871475444,0.0019729096858093886,13.134528941912109
913,870,Sassafras',0,0,0,0,0,0,0,0.0,0.0,0.0,0.0,0.0,0.0,0.0,0.0
913,870,Sequoia',0,0,0,0,0,0,0,0.0,0.0,0.0,0.0,0.0,0.0,0.0,0.0
913,870,Sequoiadendron',0,0,0,0,0,0,0,0.0,0.0,0.0,0.0,0.0,0.0,0.0,0.0
913,870,Sorbus',0,0,0,0,0,0,0,0.0,0.0,0.0,0.0,0.0,0.0,0.0,0.0
913,870,Taxodium',0,0,0,0,0,0,0,0.0,0.0,0.0,0.0,0.0,0.0,0.0,0.0
913,870,Taxus',0,0,0,0,0,0,0,0.0,0.0,0.0,0.0,0.0,0.0,0.0,0.0
913,870,Thuja',0,0,0,0,0,0,0,0.0,0.0,0.0,0.0,0.0,0.0,0.0,0.0
913,870,Tilia',0,0,0,0,0,0,0,0.0,0.0,0.0,0.0,0.0,0.0,0.0,0.0
913,870,Torreya',0,0,0,0,0,0,0,0.0,0.0,0.0,0.0,0.0,0.0,0.0,0.0
913,870,Tsuga',0,0,0,0,0,0,0,0.0,0.0,0.0,0.0,0.0,0.0,0.0,0.0
913,870,Ulmus',0,0,0,0,0,0,0,0.0,0.0,0.0,0.0,0.0,0.0,0.0,0.0
913,870,Umbellularia',0,0,10,0,0,0,0,14.204827308654785,7.398662567138672,7.570958473682404,0.16671609826101477,169.33107768297197,3786.3580040242073,0.00048564957036574714,10.85945452581376
913,880,Abies',0,75,0,0,0,0,0,5.649808406829834,5.085402011871338,20.605503791570662,0.13110548300724575,113.557287825346,1873.6532549152448,0.0005499845867650634,8.706155965814594
913,880,Acer',0,130,12,0,0,0,0,20.22064208984375,9.59928035736084,34.39205543149875,0.43854371748000187,430.37637124300005,5900.252587446355,0.0014514846623896118,16.209111062263165
913,880,Aesculus',0,0,0,0,0,0,0,0.0,0.0,0.0,0.0,0.0,0.0,0.0,0.0
913,880,Ailanthus',0,0,0,0,0,0,0,0.0,0.0,0.0,0.0,0.0,0.0,0.0,0.0
913,880,Alnus',0,1693,173,0,0,0,0,15.538939476013184,11.508161544799805,463.98568055533525,3.5470826858705777,2993.2075270056725,10503.206878223607,0.013330903949094967,38.565262251926484
913,880,Amelanchier',0,0,0,0,0,0,0,0.0,0.0,0.0,0.0,0.0,0.0,0.0,0.0
913,880,Arbutus',0,25,36,0,0,0,0,11.868300437927246,9.411882400512695,10.451655733585357,0.5004379870381669,598.3730702233314,11124.766643353825,0.0014806862591703485,26.434071139748255
913,880,Asimina',0,0,0,0,0,0,0,0.0,0.0,0.0,0.0,0.0,0.0,0.0,0.0
913,880,Betula',0,0,0,0,0,0,0,0.0,0.0,0.0,0.0,0.0,0.0,0.0,0.0
913,880,Calocedrus',0,122,174,24,0,0,0,36.30955505371094,17.611255645751953,82.96439944267273,6.509223242243888,6021.989204311371,49411.78185032772,0.014580572903583689,114.20019444822229
913,880,Carpinus',0,0,0,0,0,0,0,0.0,0.0,0.0,0.0,0.0,0.0,0.0,0.0
913,880,Carya',0,0,0,0,0,0,0,0.0,0.0,0.0,0.0,0.0,0.0,0.0,0.0
913,880,Castanea',0,0,0,0,0,0,0,0.0,0.0,0.0,0.0,0.0,0.0,0.0,0.0
913,880,Catalpa',0,0,0,0,0,0,0,0.0,0.0,0.0,0.0,0.0,0.0,0.0,0.0
913,880,Celtis',0,0,0,0,0,0,0,0.0,0.0,0.0,0.0,0.0,0.0,0.0,0.0
913,880,Cercis',0,0,0,0,0,0,0,0.0,0.0,0.0,0.0,0.0,0.0,0.0,0.0
913,880,Cercocarpus',0,66,26,0,0,0,0,25.555177688598633,8.433409690856934,40.73547652006149,1.0757343492329514,1689.1776755976678,20903.80090745962,0.004342129493979126,50.19876078830272
913,880,Chamaecyparis',0,0,0,0,0,0,0,0.0,0.0,0.0,0.0,0.0,0.0,0.0,0.0
913,880,Chilopsis',0,0,0,0,0,0,0,0.0,0.0,0.0,0.0,0.0,0.0,0.0,0.0
913,880,Chrysolepis',0,200,202,0,6,0,0,59.12006378173828,23.181583404541016,113.88319429695606,5.886005696312342,6726.135568063855,54512.65863436151,0.016591947297116452,127.48648653847681
913,880,Cladrastis',0,0,0,0,0,0,0,0.0,0.0,0.0,0.0,0.0,0.0,0.0,0.0
913,880,Comus',0,0,0,0,0,0,0,0.0,0.0,0.0,0.0,0.0,0.0,0.0,0.0
913,880,Cornus',0,0,0,0,0,0,0,0.0,0.0,0.0,0.0,0.0,0.0,0.0,0.0
913,880,Crataegus',0,0,0,0,0,0,0,0.0,0.0,0.0,0.0,0.0,0.0,0.0,0.0
913,880,Cupressus',0,0,0,0,0,0,0,0.0,0.0,0.0,0.0,0.0,0.0,0.0,0.0
913,880,Diospyros',0,0,0,0,0,0,0,0.0,0.0,0.0,0.0,0.0,0.0,0.0,0.0
913,880,Elaeagnus',0,0,0,0,0,0,0,0.0,0.0,0.0,0.0,0.0,0.0,0.0,0.0
913,880,Fagus',0,0,0,0,0,0,0,0.0,0.0,0.0,0.0,0.0,0.0,0.0,0.0
913,880,Fraxinus',0,0,0,0,0,0,0,0.0,0.0,0.0,0.0,0.0,0.0,0.0,0.0
913,880,Gleditsia',0,0,0,0,0,0,0,0.0,0.0,0.0,0.0,0.0,0.0,0.0,0.0
913,880,Gordonia',0,0,0,0,0,0,0,0.0,0.0,0.0,0.0,0.0,0.0,0.0,0.0
913,880,Gymnocladus',0,0,0,0,0,0,0,0.0,0.0,0.0,0.0,0.0,0.0,0.0,0.0
913,880,Halesia',0,0,0,0,0,0,0,0.0,0.0,0.0,0.0,0.0,0.0,0.0,0.0
913,880,Ilex',0,0,0,0,0,0,0,0.0,0.0,0.0,0.0,0.0,0.0,0.0,0.0
913,880,Juglans',0,0,0,0,0,0,0,0.0,0.0,0.0,0.0,0.0,0.0,0.0,0.0
913,880,Juniperus',0,111,19,0,0,0,0,17.90242576599121,6.7679853439331055,103.94175240755081,0.7312885285220426,783.0701461148262,8249.39023669363,0.0032415367612093652,31.199301236848246
913,880,Larix',0,0,0,0,0,0,0,0.0,0.0,0.0,0.0,0.0,0.0,0.0,0.0
913,880,Liquidambar',0,0,0,0,0,0,0,0.0,0.0,0.0,0.0,0.0,0.0,0.0,0.0
913,880,Liriodendron',0,0,0,0,0,0,0,0.0,0.0,0.0,0.0,0.0,0.0,0.0,0.0
913,880,Lithocarpus',0,70,0,4,0,0,0,38.45405578613281,17.89142608642578,9.838970050811767,0.6308610520817344,1076.4013167274,20710.871929324538,0.0025341215054200264,47.687971372501146
913,880,Maclura',0,0,0,0,0,0,0,0.0,0.0,0.0,0.0,0.0,0.0,0.0,0.0
913,880,Magnolia',0,0,0,0,0,0,0,0.0,0.0,0.0,0.0,0.0,0.0,0.0,0.0
913,880,Malus',0,0,0,0,0,0,0,0.0,0.0,0.0,0.0,0.0,0.0,0.0,0.0
913,880,Morus',0,0,0,0,0,0,0,0.0,0.0,0.0,0.0,0.0,0.0,0.0,0.0
913,880,Nyssa',0,0,0,0,0,0,0,0.0,0.0,0.0,0.0,0.0,0.0,0.0,0.0
913,880,Olneya',0,0,0,0,0,0,0,0.0,0.0,0.0,0.0,0.0,0.0,0.0,0.0
913,880,Ostrya',0,0,0,0,0,0,0,0.0,0.0,0.0,0.0,0.0,0.0,0.0,0.0
913,880,Oxydendron',0,0,0,0,0,0,0,0.0,0.0,0.0,0.0,0.0,0.0,0.0,0.0
913,880,Paulownia',0,0,0,0,0,0,0,0.0,0.0,0.0,0.0,0.0,0.0,0.0,0.0
913,880,Persea',0,0,0,0,0,0,0,0.0,0.0,0.0,0.0,0.0,0.0,0.0,0.0
913,880,Picea',0,0,0,0,0,0,0,0.0,0.0,0.0,0.0,0.0,0.0,0.0,0.0
913,880,Pinus',0,3088,3808,314,3,4,3,183.0,34.090415954589844,2598.1993838383255,110.17373441827851,114426.34041538402,202505.35992637975,0.2918103041001381,474.2245356583684
913,880,Planera',0,0,0,0,0,0,0,0.0,0.0,0.0,0.0,0.0,0.0,0.0,0.0
913,880,Platanus',0,0,0,0,0,0,0,0.0,0.0,0.0,0.0,0.0,0.0,0.0,0.0
913,880,Populus',0,441,0,0,0,0,0,4.086790561676025,2.652613878250122,127.42193263047668,0.26042111191446754,378.1521879719198,2300.2076914788445,0.0026746476991237147,17.172521816172456
913,880,Prosopis',0,0,0,0,0,0,0,0.0,0.0,0.0,0.0,0.0,0.0,0.0,0.0
913,880,Prunus',0,0,0,0,0,0,0,0.0,0.0,0.0,0.0,0.0,0.0,0.0,0.0
913,880,Pseudotsuga',0,0,0,0,0,0,0,0.0,0.0,0.0,0.0,0.0,0.0,0.0,0.0
913,880,Quercus',0,95,21,0,0,0,0,12.936031341552734,6.870932102203369,41.82155290453494,0.38620007069941564,418.70964045345784,5437.872648821526,0.0015325103565044676,17.626292113111706
913,880,Robinia',0,0,0,0,0,0,0,0.0,0.0,0.0,0.0,0.0,0.0,0.0,0.0
913,880,Salix',0,442,1,0,0,0,0,9.26197338104248,6.580113410949707,74.41684571024076,0.34800464561605343,308.6365594679862,2244.914241580566,0.0017571308511901786,12.143735152897124
913,880,Sassafras',0,0,0,0,0,0,0,0.0,0.0,0.0,0.0,0.0,0.0,0.0,0.0
913,880,Sequoia',0,0,0,0,0,0,0,0.0,0.0,0.0,0.0,0.0,0.0,0.0,0.0
913,880,Sequoiadendron',0,0,0,0,0,0,0,0.0,0.0,0.0,0.0,0.0,0.0,0.0,0.0
913,880,Sorbus',0,0,0,0,0,0,0,0.0,0.0,0.0,0.0,0.0,0.0,0.0,0.0
913,880,Taxodium',0,0,0,0,0,0,0,0.0,0.0,0.0,0.0,0.0,0.0,0.0,0.0
913,880,Taxus',0,0,0,0,0,0,0,0.0,0.0,0.0,0.0,0.0,0.0,0.0,0.0
913,880,Thuja',0,0,0,0,0,0,0,0.0,0.0,0.0,0.0,0.0,0.0,0.0,0.0
913,880,Tilia',0,0,0,0,0,0,0,0.0,0.0,0.0,0.0,0.0,0.0,0.0,0.0
913,880,Torreya',0,0,0,0,0,0,0,0.0,0.0,0.0,0.0,0.0,0.0,0.0,0.0
913,880,Tsuga',0,0,0,0,0,0,0,0.0,0.0,0.0,0.0,0.0,0.0,0.0,0.0
913,880,Ulmus',0,0,0,0,0,0,0,0.0,0.0,0.0,0.0,0.0,0.0,0.0,0.0
913,880,Umbellularia',0,0,10,0,0,0,0,16.69651222229004,8.28524112701416,7.234059450626373,0.23033351788513198,239.61175140619278,5357.881643520286,0.0006369624966482306,14.242914416234267
913,890,Abies',0,75,0,0,0,0,0,7.265532493591309,6.088902473449707,16.28656225204468,0.24914905098796233,178.13864335536957,2957.3505205393053,0.0006311140010971575,10.284677485100904
913,890,Acer',0,137,12,0,0,0,0,22.603534698486328,10.434178352355957,46.160828904071934,0.5093965081286588,532.766683588624,7621.941570454041,0.0018484367581801497,19.996668389278312
913,890,Aesculus',0,0,0,0,0,0,0,0.0,0.0,0.0,0.0,0.0,0.0,0.0,0.0
913,890,Ailanthus',0,0,0,0,0,0,0,0.0,0.0,0.0,0.0,0.0,0.0,0.0,0.0
913,890,Alnus',0,1719,188,0,0,0,0,15.745335578918457,11.62091064453125,517.7540964864288,3.7324313027061287,3271.822169871032,11655.069836643517,0.014724073832432495,41.89112300195851
913,890,Amelanchier',0,0,0,0,0,0,0,0.0,0.0,0.0,0.0,0.0,0.0,0.0,0.0
913,890,Arbutus',0,56,61,0,0,0,0,12.960245132446289,10.05389404296875,32.03491910815239,0.7242161989213998,923.5610296809673,14263.932074887487,0.002515084411049892,34.33733080232678
913,890,Asimina',0,0,0,0,0,0,0,0.0,0.0,0.0,0.0,0.0,0.0,0.0,0.0
913,890,Betula',0,0,0,0,0,0,0,0.0,0.0,0.0,0.0,0.0,0.0,0.0,0.0
913,890,Calocedrus',0,72,155,41,0,0,0,37.75908279418945,18.068511962890625,79.08835074603557,7.486835164157323,7009.57934343636,56551.7498908552,0.016719230416550556,130.3260628667524
913,890,Carpinus',0,0,0,0,0,0,0,0.0,0.0,0.0,0.0,0.0,0.0,0.0,0.0
913,890,Carya',0,0,0,0,0,0,0,0.0,0.0,0.0,0.0,0.0,0.0,0.0,0.0
913,890,Castanea',0,0,0,0,0,0,0,0.0,0.0,0.0,0.0,0.0,0.0,0.0,0.0
913,890,Catalpa',0,0,0,0,0,0,0,0.0,0.0,0.0,0.0,0.0,0.0,0.0,0.0
913,890,Celtis',0,0,0,0,0,0,0,0.0,0.0,0.0,0.0,0.0,0.0,0.0,0.0
913,890,Cercis',0,0,0,0,0,0,0,0.0,0.0,0.0,0.0,0.0,0.0,0.0,0.0
913,890,Cercocarpus',0,105,10,6,0,0,0,28.076274871826172,8.799757957458496,46.317886095046994,0.8668609350112308,1370.7793630886079,17467.0789917213,0.0037152124569242205,43.92101616066142
913,890,Chamaecyparis',0,0,0,0,0,0,0,0.0,0.0,0.0,0.0,0.0,0.0,0.0,0.0
913,890,Chilopsis',0,0,0,0,0,0,0,0.0,0.0,0.0,0.0,0.0,0.0,0.0,0.0
913,890,Chrysolepis',0,86,240,6,3,0,0,59.7257194519043,23.30998992919922,106.2413370141387,5.400578485676718,5902.261474266947,48477.782845888534,0.014650733531576293,113.43634477815311
913,890,Cladrastis',0,0,0,0,0,0,0,0.0,0.0,0.0,0.0,0.0,0.0,0.0,0.0
913,890,Comus',0,0,0,0,0,0,0,0.0,0.0,0.0,0.0,0.0,0.0,0.0,0.0
913,890,Cornus',0,0,0,0,0,0,0,0.0,0.0,0.0,0.0,0.0,0.0,0.0,0.0
913,890,Crataegus',0,0,0,0,0,0,0,0.0,0.0,0.0,0.0,0.0,0.0,0.0,0.0
913,890,Cupressus',0,0,0,0,0,0,0,0.0,0.0,0.0,0.0,0.0,0.0,0.0,0.0
913,890,Diospyros',0,0,0,0,0,0,0,0.0,0.0,0.0,0.0,0.0,0.0,0.0,0.0
913,890,Elaeagnus',0,0,0,0,0,0,0,0.0,0.0,0.0,0.0,0.0,0.0,0.0,0.0
913,890,Fagus',0,0,0,0,0,0,0,0.0,0.0,0.0,0.0,0.0,0.0,0.0,0.0
913,890,Fraxinus',0,0,0,0,0,0,0,0.0,0.0,0.0,0.0,0.0,0.0,0.0,0.0
913,890,Gleditsia',0,0,0,0,0,0,0,0.0,0.0,0.0,0.0,0.0,0.0,0.0,0.0
913,890,Gordonia',0,0,0,0,0,0,0,0.0,0.0,0.0,0.0,0.0,0.0,0.0,0.0
913,890,Gymnocladus',0,0,0,0,0,0,0,0.0,0.0,0.0,0.0,0.0,0.0,0.0,0.0
913,890,Halesia',0,0,0,0,0,0,0,0.0,0.0,0.0,0.0,0.0,0.0,0.0,0.0
913,890,Ilex',0,0,0,0,0,0,0,0.0,0.0,0.0,0.0,0.0,0.0,0.0,0.0
913,890,Juglans',0,0,0,0,0,0,0,0.0,0.0,0.0,0.0,0.0,0.0,0.0,0.0
913,890,Juniperus',0,65,5,0,0,0,0,22.131898880004883,7.772693634033203,53.91016224861145,0.32313878469407675,383.7445942592621,5817.354943913289,0.0016314681283952596,25.193139394779635
913,890,Larix',0,0,0,0,0,0,0,0.0,0.0,0.0,0.0,0.0,0.0,0.0,0.0
913,890,Liquidambar',0,0,0,0,0,0,0,0.0,0.0,0.0,0.0,0.0,0.0,0.0,0.0
913,890,Liriodendron',0,0,0,0,0,0,0,0.0,0.0,0.0,0.0,0.0,0.0,0.0,0.0
913,890,Lithocarpus',0,30,0,4,0,0,0,40.241092681884766,18.426828384399414,8.012518842220306,0.5347406714682665,1043.2227894568443,22843.347814464512,0.0024340093361412463,51.8149729075132
913,890,Maclura',0,0,0,0,0,0,0,0.0,0.0,0.0,0.0,0.0,0.0,0.0,0.0
913,890,Magnolia',0,0,0,0,0,0,0,0.0,0.0,0.0,0.0,0.0,0.0,0.0,0.0
913,890,Malus',0,0,0,0,0,0,0,0.0,0.0,0.0,0.0,0.0,0.0,0.0,0.0
913,890,Morus',0,0,0,0,0,0,0,0.0,0.0,0.0,0.0,0.0,0.0,0.0,0.0
913,890,Nyssa',0,0,0,0,0,0,0,0.0,0.0,0.0,0.0,0.0,0.0,0.0,0.0
913,890,Olneya',0,0,0,0,0,0,0,0.0,0.0,0.0,0.0,0.0,0.0,0.0,0.0
913,890,Ostrya',0,0,0,0,0,0,0,0.0,0.0,0.0,0.0,0.0,0.0,0.0,0.0
913,890,Oxydendron',0,0,0,0,0,0,0,0.0,0.0,0.0,0.0,0.0,0.0,0.0,0.0
913,890,Paulownia',0,0,0,0,0,0,0,0.0,0.0,0.0,0.0,0.0,0.0,0.0,0.0
913,890,Persea',0,0,0,0,0,0,0,0.0,0.0,0.0,0.0,0.0,0.0,0.0,0.0
913,890,Picea',0,0,0,0,0,0,0,0.0,0.0,0.0,0.0,0.0,0.0,0.0,0.0
913,890,Pinus',0,2623,4072,380,10,4,3,157.47068786621094,33.28129577636719,2734.0435614567996,115.88502839659591,121020.8182848692,211258.51514518616,0.30842689273011165,492.0641844519992
913,890,Planera',0,0,0,0,0,0,0,0.0,0.0,0.0,0.0,0.0,0.0,0.0,0.0
913,890,Platanus',0,0,0,0,0,0,0,0.0,0.0,0.0,0.0,0.0,0.0,0.0,0.0
913,890,Populus',0,423,0,0,0,0,0,7.0264763832092285,3.581326484680176,157.89042239230645,0.3612904817380442,463.0372798317671,2811.159583922811,0.0033018920757248954,21.03520246416163
913,890,Prosopis',0,0,0,0,0,0,0,0.0,0.0,0.0,0.0,0.0,0.0,0.0,0.0
913,890,Prunus',0,0,0,0,0,0,0,0.0,0.0,0.0,0.0,0.0,0.0,0.0,0.0
913,890,Pseudotsuga',0,0,0,0,0,0,0,0.0,0.0,0.0,0.0,0.0,0.0,0.0,0.0
913,890,Quercus',0,149,21,0,0,0,0,17.56079864501953,8.63453197479248,75.18457644347903,0.681568332645202,758.1341111040116,8361.745968574582,0.002767066216821787,26.071052436923647
913,890,Robinia',0,0,0,0,0,0,0,0.0,0.0,0.0,0.0,0.0,0.0,0.0,0.0
913,890,Salix',0,442,0,0,0,0,0,6.393056392669678,5.0577850341796875,88.55751628504144,0.4808398340596131,394.1254942300916,2756.1452974232116,0.0021506690617641346,13.791631339070117
913,890,Sassafras',0,0,0,0,0,0,0,0.0,0.0,0.0,0.0,0.0,0.0,0.0,0.0
913,890,Sequoia',0,0,0,0,0,0,0,0.0,0.0,0.0,0.0,0.0,0.0,0.0,0.0
913,890,Sequoiadendron',0,0,0,0,0,0,0,0.0,0.0,0.0,0.0,0.0,0.0,0.0,0.0
913,890,Sorbus',0,0,0,0,0,0,0,0.0,0.0,0.0,0.0,0.0,0.0,0.0,0.0
913,890,Taxodium',0,0,0,0,0,0,0,0.0,0.0,0.0,0.0,0.0,0.0,0.0,0.0
913,890,Taxus',0,0,0,0,0,0,0,0.0,0.0,0.0,0.0,0.0,0.0,0.0,0.0
913,890,Thuja',0,0,0,0,0,0,0,0.0,0.0,0.0,0.0,0.0,0.0,0.0,0.0
913,890,Tilia',0,0,0,0,0,0,0,0.0,0.0,0.0,0.0,0.0,0.0,0.0,0.0
913,890,Torreya',0,0,0,0,0,0,0,0.0,0.0,0.0,0.0,0.0,0.0,0.0,0.0
913,890,Tsuga',0,0,0,0,0,0,0,0.0,0.0,0.0,0.0,0.0,0.0,0.0,0.0
913,890,Ulmus',0,0,0,0,0,0,0,0.0,0.0,0.0,0.0,0.0,0.0,0.0,0.0
913,890,Umbellularia',0,0,10,0,0,0,0,19.06814193725586,9.085083961486816,6.3182976222038265,0.3004155254538083,321.40404385328293,7186.812902992616,0.0008054955483078996,18.011428015899188
913,900,Abies',0,35,40,0,0,0,0,8.635682106018066,6.9139404296875,16.507726981043813,0.38400322895496963,271.8824840801954,4391.3064380777005,0.0008426282306686063,13.446238759586272
913,900,Acer',0,124,12,0,0,0,0,24.799240112304688,11.17969799041748,39.46770877777775,0.6421718175077367,660.7162418180704,9612.927575205416,0.0020364179652365816,23.796760367780976
913,900,Aesculus',0,0,0,0,0,0,0,0.0,0.0,0.0,0.0,0.0,0.0,0.0,0.0
913,900,Ailanthus',0,0,0,0,0,0,0,0.0,0.0,0.0,0.0,0.0,0.0,0.0,0.0
913,900,Alnus',0,2212,148,0,0,0,0,20.87267303466797,14.258317947387695,495.4758411780282,3.975018717618728,3334.1470538267495,10857.72565801522,0.01454186566697609,39.72771312654003
913,900,Amelanchier',0,0,0,0,0,0,0,0.0,0.0,0.0,0.0,0.0,0.0,0.0,0.0
913,900,Arbutus',0,65,61,0,0,0,0,14.025092124938965,10.664787292480469,28.766541929244994,1.0016982030923018,1262.4253760302067,18018.636158361434,0.0032209063169395843,43.12995022976387
913,900,Asimina',0,0,0,0,0,0,0,0.0,0.0,0.0,0.0,0.0,0.0,0.0,0.0
913,900,Betula',0,0,0,0,0,0,0,0.0,0.0,0.0,0.0,0.0,0.0,0.0,0.0
913,900,Calocedrus',0,59,181,50,0,0,0,39.19599914550781,18.510286331176758,95.32385280191897,7.926074399002292,7672.415829556585,62376.50201665506,0.018426713103172954,142.72032097398426
913,900,Carpinus',0,0,0,0,0,0,0,0.0,0.0,0.0,0.0,0.0,0.0,0.0,0.0
913,900,Carya',0,0,0,0,0,0,0,0.0,0.0,0.0,0.0,0.0,0.0,0.0,0.0
913,900,Castanea',0,0,0,0,0,0,0,0.0,0.0,0.0,0.0,0.0,0.0,0.0,0.0
913,900,Catalpa',0,0,0,0,0,0,0,0.0,0.0,0.0,0.0,0.0,0.0,0.0,0.0
913,900,Celtis',0,0,0,0,0,0,0,0.0,0.0,0.0,0.0,0.0,0.0,0.0,0.0
913,900,Cercis',0,0,0,0,0,0,0,0.0,0.0,0.0,0.0,0.0,0.0,0.0,0.0
913,900,Cercocarpus',0,114,26,6,0,0,0,31.079912185668945,9.187432289123535,57.59953921794891,0.8471481494977753,1379.702381014824,19094.075979978435,0.00389799868917465,47.21438568908198
913,900,Chamaecyparis',0,0,0,0,0,0,0,0.0,0.0,0.0,0.0,0.0,0.0,0.0,0.0
913,900,Chilopsis',0,0,0,0,0,0,0,0.0,0.0,0.0,0.0,0.0,0.0,0.0,0.0
913,900,Chrysolepis',0,110,216,6,3,0,0,62.06892395019531,23.79435920715332,123.16662062197923,5.54239099547278,6295.2719506242875,52949.21045653903,0.015768566924162224,123.37076876537668
913,900,Cladrastis',0,0,0,0,0,0,0,0.0,0.0,0.0,0.0,0.0,0.0,0.0,0.0
913,900,Comus',0,0,0,0,0,0,0,0.0,0.0,0.0,0.0,0.0,0.0,0.0,0.0
913,900,Cornus',0,0,0,0,0,0,0,0.0,0.0,0.0,0.0,0.0,0.0,0.0,0.0
913,900,Crataegus',0,0,0,0,0,0,0,0.0,0.0,0.0,0.0,0.0,0.0,0.0,0.0
913,900,Cupressus',0,31,0,0,0,0,0,1.9299589395523071,2.002969980239868,5.706709117889404,0.009174070518395538,21.926575679779052,490.2931373377929,0.00013115596281488683,2.932736485085205
913,900,Diospyros',0,0,0,0,0,0,0,0.0,0.0,0.0,0.0,0.0,0.0,0.0,0.0
913,900,Elaeagnus',0,0,0,0,0,0,0,0.0,0.0,0.0,0.0,0.0,0.0,0.0,0.0
913,900,Fagus',0,0,0,0,0,0,0,0.0,0.0,0.0,0.0,0.0,0.0,0.0,0.0
913,900,Fraxinus',0,0,0,0,0,0,0,0.0,0.0,0.0,0.0,0.0,0.0,0.0,0.0
913,900,Gleditsia',0,0,0,0,0,0,0,0.0,0.0,0.0,0.0,0.0,0.0,0.0,0.0
913,900,Gordonia',0,0,0,0,0,0,0,0.0,0.0,0.0,0.0,0.0,0.0,0.0,0.0
913,900,Gymnocladus',0,0,0,0,0,0,0,0.0,0.0,0.0,0.0,0.0,0.0,0.0,0.0
913,900,Halesia',0,0,0,0,0,0,0,0.0,0.0,0.0,0.0,0.0,0.0,0.0,0.0
913,900,Ilex',0,0,0,0,0,0,0,0.0,0.0,0.0,0.0,0.0,0.0,0.0,0.0
913,900,Juglans',0,0,0,0,0,0,0,0.0,0.0,0.0,0.0,0.0,0.0,0.0,0.0
913,900,Juniperus',0,130,5,0,0,0,0,27.23143768310547,8.865325927734375,71.61647304117679,0.48524257456497305,590.6565312713385,8547.463190642295,0.0023470302833924345,32.57393476952686
913,900,Larix',0,0,0,0,0,0,0,0.0,0.0,0.0,0.0,0.0,0.0,0.0,0.0
913,900,Liquidambar',0,0,0,0,0,0,0,0.0,0.0,0.0,0.0,0.0,0.0,0.0,0.0
913,900,Liriodendron',0,0,0,0,0,0,0,0.0,0.0,0.0,0.0,0.0,0.0,0.0,0.0
913,900,Lithocarpus',0,30,0,4,0,0,0,41.73773193359375,18.862720489501953,10.518247658014298,0.6176552532695831,1182.5125063860417,24993.43900751522,0.002779735735654832,56.36831891470857
913,900,Maclura',0,0,0,0,0,0,0,0.0,0.0,0.0,0.0,0.0,0.0,0.0,0.0
913,900,Magnolia',0,0,0,0,0,0,0,0.0,0.0,0.0,0.0,0.0,0.0,0.0,0.0
913,900,Malus',0,0,0,0,0,0,0,0.0,0.0,0.0,0.0,0.0,0.0,0.0,0.0
913,900,Morus',0,0,0,0,0,0,0,0.0,0.0,0.0,0.0,0.0,0.0,0.0,0.0
913,900,Nyssa',0,0,0,0,0,0,0,0.0,0.0,0.0,0.0,0.0,0.0,0.0,0.0
913,900,Olneya',0,0,0,0,0,0,0,0.0,0.0,0.0,0.0,0.0,0.0,0.0,0.0
913,900,Ostrya',0,0,0,0,0,0,0,0.0,0.0,0.0,0.0,0.0,0.0,0.0,0.0
913,900,Oxydendron',0,0,0,0,0,0,0,0.0,0.0,0.0,0.0,0.0,0.0,0.0,0.0
913,900,Paulownia',0,0,0,0,0,0,0,0.0,0.0,0.0,0.0,0.0,0.0,0.0,0.0
913,900,Persea',0,0,0,0,0,0,0,0.0,0.0,0.0,0.0,0.0,0.0,0.0,0.0
913,900,Picea',0,0,0,0,0,0,0,0.0,0.0,0.0,0.0,0.0,0.0,0.0,0.0
913,900,Pinus',0,2883,3707,417,10,4,3,166.61309814453125,33.61263656616211,2617.2001438735424,117.90454190163813,125206.85643840536,218245.69297459183,0.3160414600252414,507.1766545565237
913,900,Planera',0,0,0,0,0,0,0,0.0,0.0,0.0,0.0,0.0,0.0,0.0,0.0
913,900,Platanus',0,0,0,0,0,0,0,0.0,0.0,0.0,0.0,0.0,0.0,0.0,0.0
913,900,Populus',0,366,0,0,0,0,0,7.526882648468018,3.7358498573303223,110.8685229497054,0.24504993278265125,330.11451368004083,2179.131570560169,0.0023296017853314923,15.842887390347702
913,900,Prosopis',0,0,0,0,0,0,0,0.0,0.0,0.0,0.0,0.0,0.0,0.0,0.0
913,900,Prunus',0,0,0,0,0,0,0,0.0,0.0,0.0,0.0,0.0,0.0,0.0,0.0
913,900,Pseudotsuga',0,0,0,0,0,0,0,0.0,0.0,0.0,0.0,0.0,0.0,0.0,0.0
913,900,Quercus',0,40,35,0,0,0,0,22.074169158935547,10.251054763793945,29.243931194083597,0.6889869851725909,732.9841907197238,10453.233764914386,0.0020498363834721956,26.66524426026192
913,900,Robinia',0,0,0,0,0,0,0,0.0,0.0,0.0,0.0,0.0,0.0,0.0,0.0
913,900,Salix',0,324,67,0,0,0,0,8.56441879272461,6.218744277954102,71.77230141373185,0.734225060397837,542.874848472327,4527.309910358525,0.0022395907104519486,16.03376518517564
913,900,Sassafras',0,0,0,0,0,0,0,0.0,0.0,0.0,0.0,0.0,0.0,0.0,0.0
913,900,Sequoia',0,0,0,0,0,0,0,0.0,0.0,0.0,0.0,0.0,0.0,0.0,0.0
913,900,Sequoiadendron',0,0,0,0,0,0,0,0.0,0.0,0.0,0.0,0.0,0.0,0.0,0.0
913,900,Sorbus',0,0,0,0,0,0,0,0.0,0.0,0.0,0.0,0.0,0.0,0.0,0.0
913,900,Taxodium',0,0,0,0,0,0,0,0.0,0.0,0.0,0.0,0.0,0.0,0.0,0.0
913,900,Taxus',0,0,0,0,0,0,0,0.0,0.0,0.0,0.0,0.0,0.0,0.0,0.0
913,900,Thuja',0,0,0,0,0,0,0,0.0,0.0,0.0,0.0,0.0,0.0,0.0,0.0
913,900,Tilia',0,0,0,0,0,0,0,0.0,0.0,0.0,0.0,0.0,0.0,0.0,0.0
913,900,Torreya',0,0,0,0,0,0,0,0.0,0.0,0.0,0.0,0.0,0.0,0.0,0.0
913,900,Tsuga',0,0,0,0,0,0,0,0.0,0.0,0.0,0.0,0.0,0.0,0.0,0.0
913,900,Ulmus',0,0,0,0,0,0,0,0.0,0.0,0.0,0.0,0.0,0.0,0.0,0.0
913,900,Umbellularia',0,37,0,0,0,0,0,1.5208381414413452,2.047823667526245,3.952781102657318,0.006801296575046224,16.8655228972435,377.1245567431584,9.457466703280638e-05,2.1147538443476384
913,910,Abies',0,38,40,0,0,0,0,9.865113258361816,7.6345624923706055,5.952872633934021,0.30649522316116423,219.30694844722748,4850.227384920638,0.0005733347407852572,12.700887304677916
913,910,Acer',0,236,10,0,0,0,0,26.94660186767578,11.887398719787598,81.93290689464988,0.8961063635123555,944.021764485538,11889.746682284605,0.00327729578611068,30.7538540976903
913,910,Aesculus',0,0,0,0,0,0,0,0.0,0.0,0.0,0.0,0.0,0.0,0.0,0.0
913,910,Ailanthus',0,0,0,0,0,0,0,0.0,0.0,0.0,0.0,0.0,0.0,0.0,0.0
913,910,Alnus',0,1539,123,0,0,0,0,26.228851318359375,16.70359230041504,353.9779698065941,2.9242215737689685,2557.1293289737405,11677.736397525314,0.010778219180350676,38.0008340202541
913,910,Amelanchier',0,0,0,0,0,0,0,0.0,0.0,0.0,0.0,0.0,0.0,0.0,0.0
913,910,Arbutus',0,31,86,0,0,0,0,14.890100479125977,11.150245666503906,18.428443772792814,1.2936350023484509,1637.8998967146874,21854.234472982975,0.003905966167867185,50.70845628305059
913,910,Asimina',0,0,0,0,0,0,0,0.0,0.0,0.0,0.0,0.0,0.0,0.0,0.0
913,910,Betula',0,0,0,0,0,0,0,0.0,0.0,0.0,0.0,0.0,0.0,0.0,0.0
913,910,Calocedrus',0,121,147,33,0,0,0,40.46381759643555,18.890798568725586,102.15616151869297,7.047660288979085,6953.811458131671,61365.296998825084,0.01692850330700118,141.21527318638206
913,910,Carpinus',0,0,0,0,0,0,0,0.0,0.0,0.0,0.0,0.0,0.0,0.0,0.0
913,910,Carya',0,0,0,0,0,0,0,0.0,0.0,0.0,0.0,0.0,0.0,0.0,0.0
913,910,Castanea',0,0,0,0,0,0,0,0.0,0.0,0.0,0.0,0.0,0.0,0.0,0.0
913,910,Catalpa',0,0,0,0,0,0,0,0.0,0.0,0.0,0.0,0.0,0.0,0.0,0.0
913,910,Celtis',0,0,0,0,0,0,0,0.0,0.0,0.0,0.0,0.0,0.0,0.0,0.0
913,910,Cercis',0,0,0,0,0,0,0,0.0,0.0,0.0,0.0,0.0,0.0,0.0,0.0
913,910,Cercocarpus',0,74,0,0,0,0,0,5.635875225067139,3.6023342609405518,26.904389781951902,0.17695881089062004,282.72932432174684,4490.041282484709,0.0010169063595136037,16.16302457070223
913,910,Chamaecyparis',0,0,0,0,0,0,0,0.0,0.0,0.0,0.0,0.0,0.0,0.0,0.0
913,910,Chilopsis',0,0,0,0,0,0,0,0.0,0.0,0.0,0.0,0.0,0.0,0.0,0.0
913,910,Chrysolepis',0,131,241,13,3,0,0,64.3767318725586,24.2526798248291,144.43221105337142,5.784451303914499,6760.748759492636,57946.30864774108,0.01711012965071014,135.3862988268546
913,910,Cladrastis',0,0,0,0,0,0,0,0.0,0.0,0.0,0.0,0.0,0.0,0.0,0.0
913,910,Comus',0,0,0,0,0,0,0,0.0,0.0,0.0,0.0,0.0,0.0,0.0,0.0
913,910,Cornus',0,0,0,0,0,0,0,0.0,0.0,0.0,0.0,0.0,0.0,0.0,0.0
913,910,Crataegus',0,0,0,0,0,0,0,0.0,0.0,0.0,0.0,0.0,0.0,0.0,0.0
913,910,Cupressus',0,0,0,0,0,0,0,0.0,0.0,0.0,0.0,0.0,0.0,0.0,0.0
913,910,Diospyros',0,0,0,0,0,0,0,0.0,0.0,0.0,0.0,0.0,0.0,0.0,0.0
913,910,Elaeagnus',0,0,0,0,0,0,0,0.0,0.0,0.0,0.0,0.0,0.0,0.0,0.0
913,910,Fagus',0,0,0,0,0,0,0,0.0,0.0,0.0,0.0,0.0,0.0,0.0,0.0
913,910,Fraxinus',0,0,0,0,0,0,0,0.0,0.0,0.0,0.0,0.0,0.0,0.0,0.0
913,910,Gleditsia',0,0,0,0,0,0,0,0.0,0.0,0.0,0.0,0.0,0.0,0.0,0.0
913,910,Gordonia',0,0,0,0,0,0,0,0.0,0.0,0.0,0.0,0.0,0.0,0.0,0.0
913,910,Gymnocladus',0,0,0,0,0,0,0,0.0,0.0,0.0,0.0,0.0,0.0,0.0,0.0
913,910,Halesia',0,0,0,0,0,0,0,0.0,0.0,0.0,0.0,0.0,0.0,0.0,0.0
913,910,Ilex',0,0,0,0,0,0,0,0.0,0.0,0.0,0.0,0.0,0.0,0.0,0.0
913,910,Juglans',0,0,0,0,0,0,0,0.0,0.0,0.0,0.0,0.0,0.0,0.0,0.0
913,910,Juniperus',0,167,0,5,0,0,0,31.581127166748047,9.704550743103027,104.47481818199157,0.7705084741199003,901.1542193031311,11154.073546430363,0.0035116456642653774,33.30303204007943
913,910,Larix',0,0,0,0,0,0,0,0.0,0.0,0.0,0.0,0.0,0.0,0.0,0.0
913,910,Liquidambar',0,0,0,0,0,0,0,0.0,0.0,0.0,0.0,0.0,0.0,0.0,0.0
913,910,Liriodendron',0,0,0,0,0,0,0,0.0,0.0,0.0,0.0,0.0,0.0,0.0,0.0
913,910,Lithocarpus',0,66,0,0,0,0,0,6.607407093048096,4.9847283363342285,18.19287298321724,0.12670172944851216,155.3282646048069,2703.399213475358,0.0006079598773736523,9.902262639886821
913,910,Maclura',0,0,0,0,0,0,0,0.0,0.0,0.0,0.0,0.0,0.0,0.0,0.0
913,910,Magnolia',0,0,0,0,0,0,0,0.0,0.0,0.0,0.0,0.0,0.0,0.0,0.0
913,910,Malus',0,0,0,0,0,0,0,0.0,0.0,0.0,0.0,0.0,0.0,0.0,0.0
913,910,Morus',0,0,0,0,0,0,0,0.0,0.0,0.0,0.0,0.0,0.0,0.0,0.0
913,910,Nyssa',0,0,0,0,0,0,0,0.0,0.0,0.0,0.0,0.0,0.0,0.0,0.0
913,910,Olneya',0,0,0,0,0,0,0,0.0,0.0,0.0,0.0,0.0,0.0,0.0,0.0
913,910,Ostrya',0,0,0,0,0,0,0,0.0,0.0,0.0,0.0,0.0,0.0,0.0,0.0
913,910,Oxydendron',0,0,0,0,0,0,0,0.0,0.0,0.0,0.0,0.0,0.0,0.0,0.0
913,910,Paulownia',0,0,0,0,0,0,0,0.0,0.0,0.0,0.0,0.0,0.0,0.0,0.0
913,910,Persea',0,0,0,0,0,0,0,0.0,0.0,0.0,0.0,0.0,0.0,0.0,0.0
913,910,Picea',0,0,0,0,0,0,0,0.0,0.0,0.0,0.0,0.0,0.0,0.0,0.0
913,910,Pinus',0,2761,3677,428,7,7,3,172.9246368408203,33.81277084350586,2603.0190344054995,117.35917836551324,127111.4840219994,231686.66935836856,0.32006912856853825,535.730345209014
913,910,Planera',0,0,0,0,0,0,0,0.0,0.0,0.0,0.0,0.0,0.0,0.0,0.0
913,910,Platanus',0,0,0,0,0,0,0,0.0,0.0,0.0,0.0,0.0,0.0,0.0,0.0
913,910,Populus',0,447,0,0,0,0,0,7.544334888458252,3.741220474243164,148.24187794440905,0.2988188796983365,419.9373770415783,2553.2003643459657,0.003067218364018011,19.51887017541458
913,910,Prosopis',0,0,0,0,0,0,0,0.0,0.0,0.0,0.0,0.0,0.0,0.0,0.0
913,910,Prunus',0,0,0,0,0,0,0,0.0,0.0,0.0,0.0,0.0,0.0,0.0,0.0
913,910,Pseudotsuga',0,0,0,0,0,0,0,0.0,0.0,0.0,0.0,0.0,0.0,0.0,0.0
913,910,Quercus',0,60,45,0,0,0,0,26.517499923706055,11.747642517089844,40.0964280430086,0.9949629885358955,1085.747445022762,13725.919217557757,0.002989982412893315,34.4596258270074
913,910,Robinia',0,0,0,0,0,0,0,0.0,0.0,0.0,0.0,0.0,0.0,0.0,0.0
913,910,Salix',0,563,0,0,0,0,0,7.136651992797852,5.461607933044434,105.31828060628304,0.5600251364282056,480.22833677574994,2784.505059239525,0.0025832892291973,14.518685934497988
913,910,Sassafras',0,0,0,0,0,0,0,0.0,0.0,0.0,0.0,0.0,0.0,0.0,0.0
913,910,Sequoia',0,0,0,0,0,0,0,0.0,0.0,0.0,0.0,0.0,0.0,0.0,0.0
913,910,Sequoiadendron',0,0,0,0,0,0,0,0.0,0.0,0.0,0.0,0.0,0.0,0.0,0.0
913,910,Sorbus',0,0,0,0,0,0,0,0.0,0.0,0.0,0.0,0.0,0.0,0.0,0.0
913,910,Taxodium',0,0,0,0,0,0,0,0.0,0.0,0.0,0.0,0.0,0.0,0.0,0.0
913,910,Taxus',0,0,0,0,0,0,0,0.0,0.0,0.0,0.0,0.0,0.0,0.0,0.0
913,910,Thuja',0,0,0,0,0,0,0,0.0,0.0,0.0,0.0,0.0,0.0,0.0,0.0
913,910,Tilia',0,0,0,0,0,0,0,0.0,0.0,0.0,0.0,0.0,0.0,0.0,0.0
913,910,Torreya',0,0,0,0,0,0,0,0.0,0.0,0.0,0.0,0.0,0.0,0.0,0.0
913,910,Tsuga',0,0,0,0,0,0,0,0.0,0.0,0.0,0.0,0.0,0.0,0.0,0.0
913,910,Ulmus',0,0,0,0,0,0,0,0.0,0.0,0.0,0.0,0.0,0.0,0.0,0.0
913,910,Umbellularia',0,0,0,0,0,0,0,0.0,0.0,0.0,0.0,0.0,0.0,0.0,0.0
913,920,Abies',0,183,0,0,0,0,0,3.9607934951782227,3.9998278617858887,28.55106224298477,0.11053534540937723,114.97298018455506,1214.77285021249,0.0006678997428128446,6.946723306190631
913,920,Acer',0,125,1,8,0,0,0,28.77178382873535,12.472743034362793,56.41663215677194,0.7308494010896482,842.1296738904715,13548.43810283441,0.002683548006233299,32.92595172026252
913,920,Aesculus',0,0,0,0,0,0,0,0.0,0.0,0.0,0.0,0.0,0.0,0.0,0.0
913,920,Ailanthus',0,0,0,0,0,0,0,0.0,0.0,0.0,0.0,0.0,0.0,0.0,0.0
913,920,Alnus',0,1586,102,0,0,0,0,14.871854782104492,11.140104293823242,429.72363720423994,2.773800015613679,2549.500708592683,10116.779654765754,0.011851667646335894,36.82910292587748
913,920,Amelanchier',0,0,0,0,0,0,0,0.0,0.0,0.0,0.0,0.0,0.0,0.0,0.0
913,920,Arbutus',0,36,81,0,0,0,0,14.406496047973633,10.880016326904297,25.17756945133209,0.9231413523420482,1171.9796631860734,15426.98652310096,0.0029680752277150457,37.49026017938432
913,920,Asimina',0,0,0,0,0,0,0,0.0,0.0,0.0,0.0,0.0,0.0,0.0,0.0
913,920,Betula',0,0,0,0,0,0,0,0.0,0.0,0.0,0.0,0.0,0.0,0.0,0.0
913,920,Calocedrus',0,155,152,12,0,0,0,34.14218521118164,16.905155181884766,90.5592324912548,3.368176475766045,2892.992182878256,26711.595088960148,0.00773694931580995,64.11900151865191
913,920,Carpinus',0,0,0,0,0,0,0,0.0,0.0,0.0,0.0,0.0,0.0,0.0,0.0
913,920,Carya',0,0,0,0,0,0,0,0.0,0.0,0.0,0.0,0.0,0.0,0.0,0.0
913,920,Castanea',0,0,0,0,0,0,0,0.0,0.0,0.0,0.0,0.0,0.0,0.0,0.0
913,920,Catalpa',0,0,0,0,0,0,0,0.0,0.0,0.0,0.0,0.0,0.0,0.0,0.0
913,920,Celtis',0,0,0,0,0,0,0,0.0,0.0,0.0,0.0,0.0,0.0,0.0,0.0
913,920,Cercis',0,0,0,0,0,0,0,0.0,0.0,0.0,0.0,0.0,0.0,0.0,0.0
913,920,Cercocarpus',0,35,0,0,0,0,0,6.366234302520752,3.861912727355957,19.354671020507812,0.11408357419784183,186.6806475830078,4174.3061807928225,0.0006944133634567376,15.52755485173531
913,920,Chamaecyparis',0,0,0,0,0,0,0,0.0,0.0,0.0,0.0,0.0,0.0,0.0,0.0
913,920,Chilopsis',0,0,0,0,0,0,0,0.0,0.0,0.0,0.0,0.0,0.0,0.0,0.0
913,920,Chrysolepis',0,101,263,13,3,0,0,66.54313659667969,24.66665267944336,135.2323266595602,6.899596516128366,8086.255616275668,65013.270656444955,0.01992281269522379,149.81616818032984
913,920,Cladrastis',0,0,0,0,0,0,0,0.0,0.0,0.0,0.0,0.0,0.0,0.0,0.0
913,920,Comus',0,0,0,0,0,0,0,0.0,0.0,0.0,0.0,0.0,0.0,0.0,0.0
913,920,Cornus',0,0,0,0,0,0,0,0.0,0.0,0.0,0.0,0.0,0.0,0.0,0.0
913,920,Crataegus',0,0,0,0,0,0,0,0.0,0.0,0.0,0.0,0.0,0.0,0.0,0.0
913,920,Cupressus',0,0,0,0,0,0,0,0.0,0.0,0.0,0.0,0.0,0.0,0.0,0.0
913,920,Diospyros',0,0,0,0,0,0,0,0.0,0.0,0.0,0.0,0.0,0.0,0.0,0.0
913,920,Elaeagnus',0,0,0,0,0,0,0,0.0,0.0,0.0,0.0,0.0,0.0,0.0,0.0
913,920,Fagus',0,0,0,0,0,0,0,0.0,0.0,0.0,0.0,0.0,0.0,0.0,0.0
913,920,Fraxinus',0,0,0,0,0,0,0,0.0,0.0,0.0,0.0,0.0,0.0,0.0,0.0
913,920,Gleditsia',0,0,0,0,0,0,0,0.0,0.0,0.0,0.0,0.0,0.0,0.0,0.0
913,920,Gordonia',0,0,0,0,0,0,0,0.0,0.0,0.0,0.0,0.0,0.0,0.0,0.0
913,920,Gymnocladus',0,0,0,0,0,0,0,0.0,0.0,0.0,0.0,0.0,0.0,0.0,0.0
913,920,Halesia',0,0,0,0,0,0,0,0.0,0.0,0.0,0.0,0.0,0.0,0.0,0.0
913,920,Ilex',0,0,0,0,0,0,0,0.0,0.0,0.0,0.0,0.0,0.0,0.0,0.0
913,920,Juglans',0,0,0,0,0,0,0,0.0,0.0,0.0,0.0,0.0,0.0,0.0,0.0
913,920,Juniperus',0,172,14,5,0,0,0,35.28443145751953,10.358011245727539,111.52374972224236,1.1753459454472273,1268.9905485522747,14506.092842384924,0.004430877529148009,40.47550013760856
913,920,Larix',0,0,0,0,0,0,0,0.0,0.0,0.0,0.0,0.0,0.0,0.0,0.0
913,920,Liquidambar',0,0,0,0,0,0,0,0.0,0.0,0.0,0.0,0.0,0.0,0.0,0.0
913,920,Liriodendron',0,0,0,0,0,0,0,0.0,0.0,0.0,0.0,0.0,0.0,0.0,0.0
913,920,Lithocarpus',0,0,30,0,0,0,0,8.136234283447266,5.779205322265625,7.299580311775207,0.15805577050302222,164.2929366350174,3673.701745389645,0.00047053377588589273,10.521455085905076
913,920,Maclura',0,0,0,0,0,0,0,0.0,0.0,0.0,0.0,0.0,0.0,0.0,0.0
913,920,Magnolia',0,0,0,0,0,0,0,0.0,0.0,0.0,0.0,0.0,0.0,0.0,0.0
913,920,Malus',0,0,0,0,0,0,0,0.0,0.0,0.0,0.0,0.0,0.0,0.0,0.0
913,920,Morus',0,0,0,0,0,0,0,0.0,0.0,0.0,0.0,0.0,0.0,0.0,0.0
913,920,Nyssa',0,0,0,0,0,0,0,0.0,0.0,0.0,0.0,0.0,0.0,0.0,0.0
913,920,Olneya',0,0,0,0,0,0,0,0.0,0.0,0.0,0.0,0.0,0.0,0.0,0.0
913,920,Ostrya',0,0,0,0,0,0,0,0.0,0.0,0.0,0.0,0.0,0.0,0.0,0.0
913,920,Oxydendron',0,0,0,0,0,0,0,0.0,0.0,0.0,0.0,0.0,0.0,0.0,0.0
913,920,Paulownia',0,0,0,0,0,0,0,0.0,0.0,0.0,0.0,0.0,0.0,0.0,0.0
913,920,Persea',0,0,0,0,0,0,0,0.0,0.0,0.0,0.0,0.0,0.0,0.0,0.0
913,920,Picea',0,0,0,0,0,0,0,0.0,0.0,0.0,0.0,0.0,0.0,0.0,0.0
913,920,Pinus',0,2994,3561,481,9,7,3,179.2234344482422,33.991947174072266,2593.370104614198,118.95889510960612,129539.60293838591,242781.21783703743,0.3253255745259541,560.7167534851644
913,920,Planera',0,0,0,0,0,0,0,0.0,0.0,0.0,0.0,0.0,0.0,0.0,0.0
913,920,Platanus',0,0,0,0,0,0,0,0.0,0.0,0.0,0.0,0.0,0.0,0.0,0.0
913,920,Populus',0,331,9,0,0,0,0,10.02860164642334,4.493213653564453,148.2160120792215,0.34696586924943545,422.94020217567686,2744.5266435520653,0.003073518955834692,20.05199524757736
913,920,Prosopis',0,0,0,0,0,0,0,0.0,0.0,0.0,0.0,0.0,0.0,0.0,0.0
913,920,Prunus',0,0,0,0,0,0,0,0.0,0.0,0.0,0.0,0.0,0.0,0.0,0.0
913,920,Pseudotsuga',0,0,0,0,0,0,0,0.0,0.0,0.0,0.0,0.0,0.0,0.0,0.0
913,920,Quercus',0,29,41,3,0,0,0,30.32845687866211,12.960521697998047,28.76795230975634,1.3497515971440965,1467.1126520502567,17688.551626719454,0.0036743810679167486,43.017850189314956
913,920,Robinia',0,0,0,0,0,0,0,0.0,0.0,0.0,0.0,0.0,0.0,0.0,0.0
913,920,Salix',0,439,14,0,0,0,0,9.32460880279541,6.6122918128967285,84.51569589915908,0.49941528305689353,407.1569676804543,2787.638080533079,0.0021214436687405627,12.79338845926585
913,920,Sassafras',0,0,0,0,0,0,0,0.0,0.0,0.0,0.0,0.0,0.0,0.0,0.0
913,920,Sequoia',0,0,0,0,0,0,0,0.0,0.0,0.0,0.0,0.0,0.0,0.0,0.0
913,920,Sequoiadendron',0,0,0,0,0,0,0,0.0,0.0,0.0,0.0,0.0,0.0,0.0,0.0
913,920,Sorbus',0,0,0,0,0,0,0,0.0,0.0,0.0,0.0,0.0,0.0,0.0,0.0
913,920,Taxodium',0,0,0,0,0,0,0,0.0,0.0,0.0,0.0,0.0,0.0,0.0,0.0
913,920,Taxus',0,0,0,0,0,0,0,0.0,0.0,0.0,0.0,0.0,0.0,0.0,0.0
913,920,Thuja',0,0,0,0,0,0,0,0.0,0.0,0.0,0.0,0.0,0.0,0.0,0.0
913,920,Tilia',0,0,0,0,0,0,0,0.0,0.0,0.0,0.0,0.0,0.0,0.0,0.0
913,920,Torreya',0,0,0,0,0,0,0,0.0,0.0,0.0,0.0,0.0,0.0,0.0,0.0
913,920,Tsuga',0,0,0,0,0,0,0,0.0,0.0,0.0,0.0,0.0,0.0,0.0,0.0
913,920,Ulmus',0,0,0,0,0,0,0,0.0,0.0,0.0,0.0,0.0,0.0,0.0,0.0
913,920,Umbellularia',0,0,0,0,0,0,0,0.0,0.0,0.0,0.0,0.0,0.0,0.0,0.0
913,930,Abies',0,186,0,0,0,0,0,7.070478439331055,5.969533443450928,35.76656988739967,0.3574178105477525,273.829090539217,2689.910387905677,0.0011251373117591034,11.25258801403965
913,930,Acer',0,131,11,0,0,0,0,23.464052200317383,10.729033470153809,61.66901451217222,0.3133507127951401,360.6408604389429,3427.4842134778282,0.001689183846036907,14.434916692474289
913,930,Aesculus',0,0,0,0,0,0,0,0.0,0.0,0.0,0.0,0.0,0.0,0.0,0.0
913,930,Ailanthus',0,0,0,0,0,0,0,0.0,0.0,0.0,0.0,0.0,0.0,0.0,0.0
913,930,Alnus',0,1568,62,0,0,0,0,19.12420654296875,13.39331340789795,422.9595761055338,2.2913954071856923,2155.709126434624,7060.726281013243,0.010879202814598553,32.37466326513739
913,930,Amelanchier',0,0,0,0,0,0,0,0.0,0.0,0.0,0.0,0.0,0.0,0.0,0.0
913,930,Arbutus',0,61,56,0,0,0,0,15.799495697021484,11.650408744812012,23.744680342674254,0.9196327097675276,1199.586506896019,17752.45553763755,0.0030087264477809293,42.06728957183434
913,930,Asimina',0,0,0,0,0,0,0,0.0,0.0,0.0,0.0,0.0,0.0,0.0,0.0
913,930,Betula',0,0,0,0,0,0,0,0.0,0.0,0.0,0.0,0.0,0.0,0.0,0.0
913,930,Calocedrus',0,293,167,9,0,0,0,36.13185501098633,17.554384231567383,89.462716281116,3.9948221152020102,3362.3251567956804,31598.0118255317,0.008764073035251795,74.63702972997548
913,930,Carpinus',0,0,0,0,0,0,0,0.0,0.0,0.0,0.0,0.0,0.0,0.0,0.0
913,930,Carya',0,0,0,0,0,0,0,0.0,0.0,0.0,0.0,0.0,0.0,0.0,0.0
913,930,Castanea',0,0,0,0,0,0,0,0.0,0.0,0.0,0.0,0.0,0.0,0.0,0.0
913,930,Catalpa',0,0,0,0,0,0,0,0.0,0.0,0.0,0.0,0.0,0.0,0.0,0.0
913,930,Celtis',0,0,0,0,0,0,0,0.0,0.0,0.0,0.0,0.0,0.0,0.0,0.0
913,930,Cercis',0,0,0,0,0,0,0,0.0,0.0,0.0,0.0,0.0,0.0,0.0,0.0
913,930,Cercocarpus',0,0,0,0,0,0,0,0.0,0.0,0.0,0.0,0.0,0.0,0.0,0.0
913,930,Chamaecyparis',0,0,0,0,0,0,0,0.0,0.0,0.0,0.0,0.0,0.0,0.0,0.0
913,930,Chilopsis',0,0,0,0,0,0,0,0.0,0.0,0.0,0.0,0.0,0.0,0.0,0.0
913,930,Chrysolepis',0,120,215,17,0,3,0,68.70420837402344,25.06450080871582,135.86353821367024,6.307992361566316,7294.2436045083405,62594.57571352391,0.018171903399748144,145.31632126697104
913,930,Cladrastis',0,0,0,0,0,0,0,0.0,0.0,0.0,0.0,0.0,0.0,0.0,0.0
913,930,Comus',0,0,0,0,0,0,0,0.0,0.0,0.0,0.0,0.0,0.0,0.0,0.0
913,930,Cornus',0,0,0,0,0,0,0,0.0,0.0,0.0,0.0,0.0,0.0,0.0,0.0
913,930,Crataegus',0,0,0,0,0,0,0,0.0,0.0,0.0,0.0,0.0,0.0,0.0,0.0
913,930,Cupressus',0,17,0,0,0,0,0,5.481501579284668,3.2401909828186035,5.206821933984756,0.042383351977675725,39.825499287843705,890.5252364548857,0.00016371076098705168,3.660683902152761
913,930,Diospyros',0,0,0,0,0,0,0,0.0,0.0,0.0,0.0,0.0,0.0,0.0,0.0
913,930,Elaeagnus',0,0,0,0,0,0,0,0.0,0.0,0.0,0.0,0.0,0.0,0.0,0.0
913,930,Fagus',0,0,0,0,0,0,0,0.0,0.0,0.0,0.0,0.0,0.0,0.0,0.0
913,930,Fraxinus',0,0,0,0,0,0,0,0.0,0.0,0.0,0.0,0.0,0.0,0.0,0.0
913,930,Gleditsia',0,0,0,0,0,0,0,0.0,0.0,0.0,0.0,0.0,0.0,0.0,0.0
913,930,Gordonia',0,0,0,0,0,0,0,0.0,0.0,0.0,0.0,0.0,0.0,0.0,0.0
913,930,Gymnocladus',0,0,0,0,0,0,0,0.0,0.0,0.0,0.0,0.0,0.0,0.0,0.0
913,930,Halesia',0,0,0,0,0,0,0,0.0,0.0,0.0,0.0,0.0,0.0,0.0,0.0
913,930,Ilex',0,0,0,0,0,0,0,0.0,0.0,0.0,0.0,0.0,0.0,0.0,0.0
913,930,Juglans',0,0,0,0,0,0,0,0.0,0.0,0.0,0.0,0.0,0.0,0.0,0.0
913,930,Juniperus',0,71,17,5,0,0,0,38.5526237487793,10.891801834106445,93.55680867910385,1.150570811257665,1255.2877743721008,17386.62404754959,0.004140904455990835,46.90109078221951
913,930,Larix',0,0,0,0,0,0,0,0.0,0.0,0.0,0.0,0.0,0.0,0.0,0.0
913,930,Liquidambar',0,0,0,0,0,0,0,0.0,0.0,0.0,0.0,0.0,0.0,0.0,0.0
913,930,Liriodendron',0,0,0,0,0,0,0,0.0,0.0,0.0,0.0,0.0,0.0,0.0,0.0
913,930,Lithocarpus',0,4,0,0,0,0,0,4.8054022789001465,4.021029949188232,2.726610462665558,0.007472167477760141,13.645772898197174,305.1287580589335,6.970831304664407e-05,1.5587252656913086
913,930,Maclura',0,0,0,0,0,0,0,0.0,0.0,0.0,0.0,0.0,0.0,0.0,0.0
913,930,Magnolia',0,0,0,0,0,0,0,0.0,0.0,0.0,0.0,0.0,0.0,0.0,0.0
913,930,Malus',0,0,0,0,0,0,0,0.0,0.0,0.0,0.0,0.0,0.0,0.0,0.0
913,930,Morus',0,0,0,0,0,0,0,0.0,0.0,0.0,0.0,0.0,0.0,0.0,0.0
913,930,Nyssa',0,0,0,0,0,0,0,0.0,0.0,0.0,0.0,0.0,0.0,0.0,0.0
913,930,Olneya',0,0,0,0,0,0,0,0.0,0.0,0.0,0.0,0.0,0.0,0.0,0.0
913,930,Ostrya',0,0,0,0,0,0,0,0.0,0.0,0.0,0.0,0.0,0.0,0.0,0.0
913,930,Oxydendron',0,0,0,0,0,0,0,0.0,0.0,0.0,0.0,0.0,0.0,0.0,0.0
913,930,Paulownia',0,0,0,0,0,0,0,0.0,0.0,0.0,0.0,0.0,0.0,0.0,0.0
913,930,Persea',0,0,0,0,0,0,0,0.0,0.0,0.0,0.0,0.0,0.0,0.0,0.0
913,930,Picea',0,0,0,0,0,0,0,0.0,0.0,0.0,0.0,0.0,0.0,0.0,0.0
913,930,Pinus',0,2973,3552,470,16,3,7,182.3811492919922,34.07471466064453,2677.273911208212,127.92888882286331,140850.6979730025,260481.07319136456,0.35167328584178836,602.5535759657927
913,930,Planera',0,0,0,0,0,0,0,0.0,0.0,0.0,0.0,0.0,0.0,0.0,0.0
913,930,Platanus',0,0,0,0,0,0,0,0.0,0.0,0.0,0.0,0.0,0.0,0.0,0.0
913,930,Populus',0,645,0,0,0,0,0,7.44598913192749,3.710939645767212,176.64142980700052,0.37711390166163467,533.6164500528574,2749.223008235995,0.0037286658668536825,20.214121166902142
913,930,Prosopis',0,0,0,0,0,0,0,0.0,0.0,0.0,0.0,0.0,0.0,0.0,0.0
913,930,Prunus',0,0,0,0,0,0,0,0.0,0.0,0.0,0.0,0.0,0.0,0.0,0.0
913,930,Pseudotsuga',0,0,0,0,0,0,0,0.0,0.0,0.0,0.0,0.0,0.0,0.0,0.0
913,930,Quercus',0,0,53,3,0,0,0,34.1483154296875,14.114230155944824,40.279076876519596,1.0624293914645953,1217.8254931020738,14787.906687950055,0.0032861185436844787,38.46662304948906
913,930,Robinia',0,0,0,0,0,0,0,0.0,0.0,0.0,0.0,0.0,0.0,0.0,0.0
913,930,Salix',0,442,41,0,0,0,0,9.963688850402832,6.938097953796387,99.06582871428395,0.6331059932614697,516.0092525264621,3682.886901555385,0.002572794851017059,16.079834725232306
913,930,Sassafras',0,0,0,0,0,0,0,0.0,0.0,0.0,0.0,0.0,0.0,0.0,0.0
913,930,Sequoia',0,0,0,0,0,0,0,0.0,0.0,0.0,0.0,0.0,0.0,0.0,0.0
913,930,Sequoiadendron',0,0,0,0,0,0,0,0.0,0.0,0.0,0.0,0.0,0.0,0.0,0.0
913,930,Sorbus',0,0,0,0,0,0,0,0.0,0.0,0.0,0.0,0.0,0.0,0.0,0.0
913,930,Taxodium',0,0,0,0,0,0,0,0.0,0.0,0.0,0.0,0.0,0.0,0.0,0.0
913,930,Taxus',0,0,0,0,0,0,0,0.0,0.0,0.0,0.0,0.0,0.0,0.0,0.0
913,930,Thuja',0,0,0,0,0,0,0,0.0,0.0,0.0,0.0,0.0,0.0,0.0,0.0
913,930,Tilia',0,0,0,0,0,0,0,0.0,0.0,0.0,0.0,0.0,0.0,0.0,0.0
913,930,Torreya',0,0,0,0,0,0,0,0.0,0.0,0.0,0.0,0.0,0.0,0.0,0.0
913,930,Tsuga',0,0,0,0,0,0,0,0.0,0.0,0.0,0.0,0.0,0.0,0.0,0.0
913,930,Ulmus',0,0,0,0,0,0,0,0.0,0.0,0.0,0.0,0.0,0.0,0.0,0.0
913,930,Umbellularia',0,0,0,0,0,0,0,0.0,0.0,0.0,0.0,0.0,0.0,0.0,0.0
913,940,Abies',0,205,3,0,0,0,0,13.701059341430664,9.768494606018066,54.36655248939991,0.7903263165567433,605.6558599454164,5189.14112635239,0.00213119655720827,17.927584892031767
913,940,Acer',0,109,11,0,0,0,0,27.72571563720703,12.139058113098145,39.74006827213341,0.3868784836491514,404.6430700200796,4522.6598386679425,0.0014712871668941803,14.689976658062163
913,940,Aesculus',0,0,0,0,0,0,0,0.0,0.0,0.0,0.0,0.0,0.0,0.0,0.0
913,940,Ailanthus',0,0,0,0,0,0,0,0.0,0.0,0.0,0.0,0.0,0.0,0.0,0.0
913,940,Alnus',0,1625,119,0,0,0,0,12.87983226776123,10.007158279418945,437.90523094160454,2.784872203064246,2496.0908242568375,8971.126864745846,0.011850757521142036,36.24066512067672
913,940,Amelanchier',0,0,0,0,0,0,0,0.0,0.0,0.0,0.0,0.0,0.0,0.0,0.0
913,940,Arbutus',0,61,56,0,0,0,0,17.031879425048828,12.311896324157715,25.276001861095427,1.2222300283953607,1614.2180175471306,22153.95027135944,0.00395224904451769,51.83103392970076
913,940,Asimina',0,0,0,0,0,0,0,0.0,0.0,0.0,0.0,0.0,0.0,0.0,0.0
913,940,Betula',0,0,0,0,0,0,0,0.0,0.0,0.0,0.0,0.0,0.0,0.0,0.0
913,940,Calocedrus',0,209,246,9,0,0,0,38.001468658447266,18.143827438354492,126.49870488345623,5.285815591802423,4470.682601195574,37906.096744918876,0.011762053833458295,90.74838459356295
913,940,Carpinus',0,0,0,0,0,0,0,0.0,0.0,0.0,0.0,0.0,0.0,0.0,0.0
913,940,Carya',0,0,0,0,0,0,0,0.0,0.0,0.0,0.0,0.0,0.0,0.0,0.0
913,940,Castanea',0,0,0,0,0,0,0,0.0,0.0,0.0,0.0,0.0,0.0,0.0,0.0
913,940,Catalpa',0,0,0,0,0,0,0,0.0,0.0,0.0,0.0,0.0,0.0,0.0,0.0
913,940,Celtis',0,0,0,0,0,0,0,0.0,0.0,0.0,0.0,0.0,0.0,0.0,0.0
913,940,Cercis',0,0,0,0,0,0,0,0.0,0.0,0.0,0.0,0.0,0.0,0.0,0.0
913,940,Cercocarpus',0,0,0,0,0,0,0,0.0,0.0,0.0,0.0,0.0,0.0,0.0,0.0
913,940,Chamaecyparis',0,0,0,0,0,0,0,0.0,0.0,0.0,0.0,0.0,0.0,0.0,0.0
913,940,Chilopsis',0,0,0,0,0,0,0,0.0,0.0,0.0,0.0,0.0,0.0,0.0,0.0
913,940,Chrysolepis',0,126,225,17,0,0,0,37.654457092285156,17.64647674560547,120.3856249552965,5.596328089524743,5709.288004861474,39053.53391049235,0.014426210375881104,94.10519883537876
913,940,Cladrastis',0,0,0,0,0,0,0,0.0,0.0,0.0,0.0,0.0,0.0,0.0,0.0
913,940,Comus',0,0,0,0,0,0,0,0.0,0.0,0.0,0.0,0.0,0.0,0.0,0.0
913,940,Cornus',0,0,0,0,0,0,0,0.0,0.0,0.0,0.0,0.0,0.0,0.0,0.0
913,940,Crataegus',0,0,0,0,0,0,0,0.0,0.0,0.0,0.0,0.0,0.0,0.0,0.0
913,940,Cupressus',0,22,0,0,0,0,0,3.551764488220215,2.5768368244171143,10.176861636638641,0.02183684004664136,36.41634913206101,814.2943215165376,0.0002279243366314706,5.096543104345095
913,940,Diospyros',0,0,0,0,0,0,0,0.0,0.0,0.0,0.0,0.0,0.0,0.0,0.0
913,940,Elaeagnus',0,0,0,0,0,0,0,0.0,0.0,0.0,0.0,0.0,0.0,0.0,0.0
913,940,Fagus',0,0,0,0,0,0,0,0.0,0.0,0.0,0.0,0.0,0.0,0.0,0.0
913,940,Fraxinus',0,14,0,0,0,0,0,1.68864905834198,2.128815174102783,1.822950123231622,0.003216052469613893,6.662833530902863,148.9854869786359,4.1048676646779945e-05,0.9178763136860943
913,940,Gleditsia',0,0,0,0,0,0,0,0.0,0.0,0.0,0.0,0.0,0.0,0.0,0.0
913,940,Gordonia',0,0,0,0,0,0,0,0.0,0.0,0.0,0.0,0.0,0.0,0.0,0.0
913,940,Gymnocladus',0,0,0,0,0,0,0,0.0,0.0,0.0,0.0,0.0,0.0,0.0,0.0
913,940,Halesia',0,0,0,0,0,0,0,0.0,0.0,0.0,0.0,0.0,0.0,0.0,0.0
913,940,Ilex',0,0,0,0,0,0,0,0.0,0.0,0.0,0.0,0.0,0.0,0.0,0.0
913,940,Juglans',0,0,0,0,0,0,0,0.0,0.0,0.0,0.0,0.0,0.0,0.0,0.0
913,940,Juniperus',0,82,46,5,0,0,0,41.689998626708984,11.369115829467773,89.78366460680961,1.7007297091835196,1742.9160606563091,21229.75739065162,0.00517002200530717,53.194401109384756
913,940,Larix',0,0,0,0,0,0,0,0.0,0.0,0.0,0.0,0.0,0.0,0.0,0.0
913,940,Liquidambar',0,0,0,0,0,0,0,0.0,0.0,0.0,0.0,0.0,0.0,0.0,0.0
913,940,Liriodendron',0,0,0,0,0,0,0,0.0,0.0,0.0,0.0,0.0,0.0,0.0,0.0
913,940,Lithocarpus',0,0,4,0,0,0,0,12.76443862915039,8.060651779174805,12.501173934936523,0.052721837306042525,107.69684463500977,2408.1746556611165,0.00041989883448680256,9.389223375854366
913,940,Maclura',0,0,0,0,0,0,0,0.0,0.0,0.0,0.0,0.0,0.0,0.0,0.0
913,940,Magnolia',0,0,0,0,0,0,0,0.0,0.0,0.0,0.0,0.0,0.0,0.0,0.0
913,940,Malus',0,0,0,0,0,0,0,0.0,0.0,0.0,0.0,0.0,0.0,0.0,0.0
913,940,Morus',0,0,0,0,0,0,0,0.0,0.0,0.0,0.0,0.0,0.0,0.0,0.0
913,940,Nyssa',0,0,0,0,0,0,0,0.0,0.0,0.0,0.0,0.0,0.0,0.0,0.0
913,940,Olneya',0,0,0,0,0,0,0,0.0,0.0,0.0,0.0,0.0,0.0,0.0,0.0
913,940,Ostrya',0,0,0,0,0,0,0,0.0,0.0,0.0,0.0,0.0,0.0,0.0,0.0
913,940,Oxydendron',0,0,0,0,0,0,0,0.0,0.0,0.0,0.0,0.0,0.0,0.0,0.0
913,940,Paulownia',0,0,0,0,0,0,0,0.0,0.0,0.0,0.0,0.0,0.0,0.0,0.0
913,940,Persea',0,0,0,0,0,0,0,0.0,0.0,0.0,0.0,0.0,0.0,0.0,0.0
913,940,Picea',0,0,0,0,0,0,0,0.0,0.0,0.0,0.0,0.0,0.0,0.0,0.0
913,940,Pinus',0,2841,3656,447,17,1,8,169.02691650390625,33.69175720214844,2660.343350024074,127.84890787618397,140834.98292931213,261852.09974236717,0.3513938123341572,605.8400505911088
913,940,Planera',0,0,0,0,0,0,0,0.0,0.0,0.0,0.0,0.0,0.0,0.0,0.0
913,940,Platanus',0,0,0,0,0,0,0,0.0,0.0,0.0,0.0,0.0,0.0,0.0,0.0
913,940,Populus',0,622,0,0,0,0,0,17.431474685668945,6.592957973480225,142.63370128961492,0.40446682830911573,513.5793588872255,2959.0346052579935,0.003194578822239325,20.33333974544389
913,940,Prosopis',0,0,0,0,0,0,0,0.0,0.0,0.0,0.0,0.0,0.0,0.0,0.0
913,940,Prunus',0,0,0,0,0,0,0,0.0,0.0,0.0,0.0,0.0,0.0,0.0,0.0
913,940,Pseudotsuga',0,0,0,0,0,0,0,0.0,0.0,0.0,0.0,0.0,0.0,0.0,0.0
913,940,Quercus',0,33,23,3,0,0,0,37.586029052734375,15.102069854736328,23.808865185025372,1.1622179271203021,1418.4406153392792,18819.91290162465,0.0034948320334399984,45.78985607164963
913,940,Robinia',0,0,0,0,0,0,0,0.0,0.0,0.0,0.0,0.0,0.0,0.0,0.0
913,940,Salix',0,487,0,0,0,0,0,6.381310939788818,5.051353454589844,58.97138571908957,0.25993176633308507,245.09899244487286,1609.5501652580792,0.0013935902951029166,8.930786811455068
913,940,Sassafras',0,0,0,0,0,0,0,0.0,0.0,0.0,0.0,0.0,0.0,0.0,0.0
913,940,Sequoia',0,0,0,0,0,0,0,0.0,0.0,0.0,0.0,0.0,0.0,0.0,0.0
913,940,Sequoiadendron',0,0,0,0,0,0,0,0.0,0.0,0.0,0.0,0.0,0.0,0.0,0.0
913,940,Sorbus',0,0,0,0,0,0,0,0.0,0.0,0.0,0.0,0.0,0.0,0.0,0.0
913,940,Taxodium',0,0,0,0,0,0,0,0.0,0.0,0.0,0.0,0.0,0.0,0.0,0.0
913,940,Taxus',0,0,0,0,0,0,0,0.0,0.0,0.0,0.0,0.0,0.0,0.0,0.0
913,940,Thuja',0,0,0,0,0,0,0,0.0,0.0,0.0,0.0,0.0,0.0,0.0,0.0
913,940,Tilia',0,0,0,0,0,0,0,0.0,0.0,0.0,0.0,0.0,0.0,0.0,0.0
913,940,Torreya',0,0,0,0,0,0,0,0.0,0.0,0.0,0.0,0.0,0.0,0.0,0.0
913,940,Tsuga',0,0,0,0,0,0,0,0.0,0.0,0.0,0.0,0.0,0.0,0.0,0.0
913,940,Ulmus',0,0,0,0,0,0,0,0.0,0.0,0.0,0.0,0.0,0.0,0.0,0.0
913,940,Umbellularia',0,0,0,0,0,0,0,0.0,0.0,0.0,0.0,0.0,0.0,0.0,0.0
913,950,Abies',0,22,186,0,0,0,0,19.406692504882812,12.644612312316895,51.90679709523916,1.2398873394508423,936.0185361012817,8006.1918210526155,0.0028298060891752447,23.903209572620195
913,950,Acer',0,185,10,0,0,0,0,16.97134017944336,8.415922164916992,53.67557411518277,0.38959050349809826,409.0178089916706,4659.42314965915,0.0016816181475100926,15.939825614160538
913,950,Aesculus',0,0,0,0,0,0,0,0.0,0.0,0.0,0.0,0.0,0.0,0.0,0.0
913,950,Ailanthus',0,0,0,0,0,0,0,0.0,0.0,0.0,0.0,0.0,0.0,0.0,0.0
913,950,Alnus',0,1766,109,0,0,0,0,17.749284744262695,12.688505172729492,445.33510024022735,3.1278101608110425,2702.882223709896,9816.23008418783,0.012417251020440384,35.868533273017164
913,950,Amelanchier',0,0,0,0,0,0,0,0.0,0.0,0.0,0.0,0.0,0.0,0.0,0.0
913,950,Arbutus',0,0,92,0,0,0,0,18.09490966796875,12.867759704589844,14.022641031742095,1.3576544282175649,1848.6098772072792,26473.64446418189,0.004310571171025472,61.31351351964043
913,950,Asimina',0,0,0,0,0,0,0,0.0,0.0,0.0,0.0,0.0,0.0,0.0,0.0
913,950,Betula',0,0,0,0,0,0,0,0.0,0.0,0.0,0.0,0.0,0.0,0.0,0.0
913,950,Calocedrus',0,181,252,9,0,0,0,39.66950607299805,18.653406143188477,108.2317998188734,5.8097422977411854,4909.497031342387,41722.49343889688,0.012473341288358713,97.79983017633809
913,950,Carpinus',0,0,0,0,0,0,0,0.0,0.0,0.0,0.0,0.0,0.0,0.0,0.0
913,950,Carya',0,0,0,0,0,0,0,0.0,0.0,0.0,0.0,0.0,0.0,0.0,0.0
913,950,Castanea',0,0,0,0,0,0,0,0.0,0.0,0.0,0.0,0.0,0.0,0.0,0.0
913,950,Catalpa',0,0,0,0,0,0,0,0.0,0.0,0.0,0.0,0.0,0.0,0.0,0.0
913,950,Celtis',0,0,0,0,0,0,0,0.0,0.0,0.0,0.0,0.0,0.0,0.0,0.0
913,950,Cercis',0,0,0,0,0,0,0,0.0,0.0,0.0,0.0,0.0,0.0,0.0,0.0
913,950,Cercocarpus',0,0,0,0,0,0,0,0.0,0.0,0.0,0.0,0.0,0.0,0.0,0.0
913,950,Chamaecyparis',0,0,0,0,0,0,0,0.0,0.0,0.0,0.0,0.0,0.0,0.0,0.0
913,950,Chilopsis',0,0,0,0,0,0,0,0.0,0.0,0.0,0.0,0.0,0.0,0.0,0.0
913,950,Chrysolepis',0,156,248,10,0,0,0,41.8850212097168,18.905014038085938,140.8773369294405,5.790836711778024,5921.812389567494,41206.16479774339,0.015194478052983032,99.15784683522784
913,950,Cladrastis',0,0,0,0,0,0,0,0.0,0.0,0.0,0.0,0.0,0.0,0.0,0.0
913,950,Comus',0,0,0,0,0,0,0,0.0,0.0,0.0,0.0,0.0,0.0,0.0,0.0
913,950,Cornus',0,0,0,0,0,0,0,0.0,0.0,0.0,0.0,0.0,0.0,0.0,0.0
913,950,Crataegus',0,0,0,0,0,0,0,0.0,0.0,0.0,0.0,0.0,0.0,0.0,0.0
913,950,Cupressus',0,17,0,0,0,0,0,3.9402096271514893,2.7120487689971924,9.837597424983977,0.021899533782381235,35.2514506316185,788.2463991777614,0.00022043518685859763,4.9290806244869705
913,950,Diospyros',0,0,0,0,0,0,0,0.0,0.0,0.0,0.0,0.0,0.0,0.0,0.0
913,950,Elaeagnus',0,0,0,0,0,0,0,0.0,0.0,0.0,0.0,0.0,0.0,0.0,0.0
913,950,Fagus',0,0,0,0,0,0,0,0.0,0.0,0.0,0.0,0.0,0.0,0.0,0.0
913,950,Fraxinus',0,0,0,0,0,0,0,0.0,0.0,0.0,0.0,0.0,0.0,0.0,0.0
913,950,Gleditsia',0,0,0,0,0,0,0,0.0,0.0,0.0,0.0,0.0,0.0,0.0,0.0
913,950,Gordonia',0,0,0,0,0,0,0,0.0,0.0,0.0,0.0,0.0,0.0,0.0,0.0
913,950,Gymnocladus',0,0,0,0,0,0,0,0.0,0.0,0.0,0.0,0.0,0.0,0.0,0.0
913,950,Halesia',0,0,0,0,0,0,0,0.0,0.0,0.0,0.0,0.0,0.0,0.0,0.0
913,950,Ilex',0,0,0,0,0,0,0,0.0,0.0,0.0,0.0,0.0,0.0,0.0,0.0
913,950,Juglans',0,0,0,0,0,0,0,0.0,0.0,0.0,0.0,0.0,0.0,0.0,0.0
913,950,Juniperus',0,102,33,5,0,0,0,44.26229476928711,11.7364501953125,107.77116618394851,1.510026773312012,1716.8597222065926,23773.65611633864,0.005371938313114772,60.74394294266254
913,950,Larix',0,0,0,0,0,0,0,0.0,0.0,0.0,0.0,0.0,0.0,0.0,0.0
913,950,Liquidambar',0,0,0,0,0,0,0,0.0,0.0,0.0,0.0,0.0,0.0,0.0,0.0
913,950,Liriodendron',0,0,0,0,0,0,0,0.0,0.0,0.0,0.0,0.0,0.0,0.0,0.0
913,950,Lithocarpus',0,0,4,0,0,0,0,17.137357711791992,10.055419921875,9.34218710899353,0.09503308359310941,151.04341238975525,3377.4333765702663,0.0004705947506825129,10.522818523806524
913,950,Maclura',0,0,0,0,0,0,0,0.0,0.0,0.0,0.0,0.0,0.0,0.0,0.0
913,950,Magnolia',0,0,0,0,0,0,0,0.0,0.0,0.0,0.0,0.0,0.0,0.0,0.0
913,950,Malus',0,0,0,0,0,0,0,0.0,0.0,0.0,0.0,0.0,0.0,0.0,0.0
913,950,Morus',0,0,0,0,0,0,0,0.0,0.0,0.0,0.0,0.0,0.0,0.0,0.0
913,950,Nyssa',0,0,0,0,0,0,0,0.0,0.0,0.0,0.0,0.0,0.0,0.0,0.0
913,950,Olneya',0,0,0,0,0,0,0,0.0,0.0,0.0,0.0,0.0,0.0,0.0,0.0
913,950,Ostrya',0,0,0,0,0,0,0,0.0,0.0,0.0,0.0,0.0,0.0,0.0,0.0
913,950,Oxydendron',0,0,0,0,0,0,0,0.0,0.0,0.0,0.0,0.0,0.0,0.0,0.0
913,950,Paulownia',0,0,0,0,0,0,0,0.0,0.0,0.0,0.0,0.0,0.0,0.0,0.0
913,950,Persea',0,0,0,0,0,0,0,0.0,0.0,0.0,0.0,0.0,0.0,0.0,0.0
913,950,Picea',0,0,0,0,0,0,0,0.0,0.0,0.0,0.0,0.0,0.0,0.0,0.0
913,950,Pinus',0,3249,3421,447,9,6,6,176.71542358398438,33.92292404174805,2618.105677010938,125.0084533546363,136830.10289130398,254639.00829952097,0.3418839764232818,589.9373644512774
913,950,Planera',0,0,0,0,0,0,0,0.0,0.0,0.0,0.0,0.0,0.0,0.0,0.0
913,950,Platanus',0,0,0,0,0,0,0,0.0,0.0,0.0,0.0,0.0,0.0,0.0,0.0
913,950,Populus',0,430,24,0,0,0,0,23.23733139038086,8.101717948913574,173.91876878688416,0.5305478195960455,576.58844639346,3602.8645255418132,0.0037849649534150913,22.8917288559169
913,950,Prosopis',0,0,0,0,0,0,0,0.0,0.0,0.0,0.0,0.0,0.0,0.0,0.0
913,950,Prunus',0,0,0,0,0,0,0,0.0,0.0,0.0,0.0,0.0,0.0,0.0,0.0
913,950,Pseudotsuga',0,0,0,0,0,0,0,0.0,0.0,0.0,0.0,0.0,0.0,0.0,0.0
913,950,Quercus',0,64,14,3,0,0,0,40.64216232299805,15.941980361938477,27.869949322665413,1.0362740909977302,1355.033688055724,21074.409192345076,0.0034123894940656574,50.819677764267084
913,950,Robinia',0,0,0,0,0,0,0,0.0,0.0,0.0,0.0,0.0,0.0,0.0,0.0
913,950,Salix',0,584,0,0,0,0,0,6.935491561889648,5.35301399230957,75.39381243760072,0.5209666733363129,415.63040850281715,2439.9558140320087,0.002008958942338011,11.070513751118638
913,950,Sassafras',0,0,0,0,0,0,0,0.0,0.0,0.0,0.0,0.0,0.0,0.0,0.0
913,950,Sequoia',0,0,0,0,0,0,0,0.0,0.0,0.0,0.0,0.0,0.0,0.0,0.0
913,950,Sequoiadendron',0,0,0,0,0,0,0,0.0,0.0,0.0,0.0,0.0,0.0,0.0,0.0
913,950,Sorbus',0,0,0,0,0,0,0,0.0,0.0,0.0,0.0,0.0,0.0,0.0,0.0
913,950,Taxodium',0,0,0,0,0,0,0,0.0,0.0,0.0,0.0,0.0,0.0,0.0,0.0
913,950,Taxus',0,0,0,0,0,0,0,0.0,0.0,0.0,0.0,0.0,0.0,0.0,0.0
913,950,Thuja',0,0,0,0,0,0,0,0.0,0.0,0.0,0.0,0.0,0.0,0.0,0.0
913,950,Tilia',0,0,0,0,0,0,0,0.0,0.0,0.0,0.0,0.0,0.0,0.0,0.0
913,950,Torreya',0,0,0,0,0,0,0,0.0,0.0,0.0,0.0,0.0,0.0,0.0,0.0
913,950,Tsuga',0,0,0,0,0,0,0,0.0,0.0,0.0,0.0,0.0,0.0,0.0,0.0
913,950,Ulmus',0,0,0,0,0,0,0,0.0,0.0,0.0,0.0,0.0,0.0,0.0,0.0
913,950,Umbellularia',0,0,0,0,0,0,0,0.0,0.0,0.0,0.0,0.0,0.0,0.0,0.0
913,960,Abies',0,4,173,0,0,0,0,24.66987419128418,15.01241683959961,39.3999783706665,1.4144631847954103,1096.9601433718205,10111.38388647332,0.003006800008082918,27.677525497858735
913,960,Acer',0,106,0,0,0,0,0,2.865629196166992,2.6207120418548584,12.325678038516942,0.04637016810630001,64.40988113634289,963.5599776677758,0.00032056805604730793,5.480218115241103
913,960,Aesculus',0,0,0,0,0,0,0,0.0,0.0,0.0,0.0,0.0,0.0,0.0,0.0
913,960,Ailanthus',0,0,0,0,0,0,0,0.0,0.0,0.0,0.0,0.0,0.0,0.0,0.0
913,960,Alnus',0,1781,71,0,0,0,0,22.71577262878418,15.133612632751465,427.1026502885631,2.745671024121128,2450.8837693304567,11091.863046889268,0.01159478832497644,37.60242260828215
913,960,Amelanchier',0,0,0,0,0,0,0,0.0,0.0,0.0,0.0,0.0,0.0,0.0,0.0
913,960,Arbutus',0,15,92,0,0,0,0,19.112812042236328,13.38756275177002,16.557493617534636,1.6186641639332893,2261.6784678149224,31094.219121611244,0.005265115996042866,70.80904266832216
913,960,Asimina',0,0,0,0,0,0,0,0.0,0.0,0.0,0.0,0.0,0.0,0.0,0.0
913,960,Betula',0,0,0,0,0,0,0,0.0,0.0,0.0,0.0,0.0,0.0,0.0,0.0
913,960,Calocedrus',0,149,303,9,0,0,0,41.26985549926758,19.128284454345703,122.00170124828814,5.996061140081157,5197.21726338923,44878.40220324985,0.013311618571451194,104.17549242787521
913,960,Carpinus',0,0,0,0,0,0,0,0.0,0.0,0.0,0.0,0.0,0.0,0.0,0.0
913,960,Carya',0,0,0,0,0,0,0,0.0,0.0,0.0,0.0,0.0,0.0,0.0,0.0
913,960,Castanea',0,0,0,0,0,0,0,0.0,0.0,0.0,0.0,0.0,0.0,0.0,0.0
913,960,Catalpa',0,0,0,0,0,0,0,0.0,0.0,0.0,0.0,0.0,0.0,0.0,0.0
913,960,Celtis',0,0,0,0,0,0,0,0.0,0.0,0.0,0.0,0.0,0.0,0.0,0.0
913,960,Cercis',0,0,0,0,0,0,0,0.0,0.0,0.0,0.0,0.0,0.0,0.0,0.0
913,960,Cercocarpus',0,0,0,0,0,0,0,0.0,0.0,0.0,0.0,0.0,0.0,0.0,0.0
913,960,Chamaecyparis',0,0,0,0,0,0,0,0.0,0.0,0.0,0.0,0.0,0.0,0.0,0.0
913,960,Chilopsis',0,0,0,0,0,0,0,0.0,0.0,0.0,0.0,0.0,0.0,0.0,0.0
913,960,Chrysolepis',0,56,262,10,0,0,0,45.72544479370117,19.970735549926758,129.0236538183689,5.730599614814706,6155.767868546248,45950.44231716162,0.01554315877753357,108.52651345895521
913,960,Cladrastis',0,0,0,0,0,0,0,0.0,0.0,0.0,0.0,0.0,0.0,0.0,0.0
913,960,Comus',0,0,0,0,0,0,0,0.0,0.0,0.0,0.0,0.0,0.0,0.0,0.0
913,960,Cornus',0,0,0,0,0,0,0,0.0,0.0,0.0,0.0,0.0,0.0,0.0,0.0
913,960,Crataegus',0,0,0,0,0,0,0,0.0,0.0,0.0,0.0,0.0,0.0,0.0,0.0
913,960,Cupressus',0,17,0,0,0,0,0,6.985532760620117,3.7429311275482178,10.584169073104858,0.06883277541924333,66.95350842475891,1497.1259616986436,0.00030166801841432714,6.7455019581209665
913,960,Diospyros',0,0,0,0,0,0,0,0.0,0.0,0.0,0.0,0.0,0.0,0.0,0.0
913,960,Elaeagnus',0,0,0,0,0,0,0,0.0,0.0,0.0,0.0,0.0,0.0,0.0,0.0
913,960,Fagus',0,0,0,0,0,0,0,0.0,0.0,0.0,0.0,0.0,0.0,0.0,0.0
913,960,Fraxinus',0,0,0,0,0,0,0,0.0,0.0,0.0,0.0,0.0,0.0,0.0,0.0
913,960,Gleditsia',0,0,0,0,0,0,0,0.0,0.0,0.0,0.0,0.0,0.0,0.0,0.0
913,960,Gordonia',0,0,0,0,0,0,0,0.0,0.0,0.0,0.0,0.0,0.0,0.0,0.0
913,960,Gymnocladus',0,0,0,0,0,0,0,0.0,0.0,0.0,0.0,0.0,0.0,0.0,0.0
913,960,Halesia',0,0,0,0,0,0,0,0.0,0.0,0.0,0.0,0.0,0.0,0.0,0.0
913,960,Ilex',0,0,0,0,0,0,0,0.0,0.0,0.0,0.0,0.0,0.0,0.0,0.0
913,960,Juglans',0,0,0,0,0,0,0,0.0,0.0,0.0,0.0,0.0,0.0,0.0,0.0
913,960,Juniperus',0,98,31,5,0,0,0,46.53144836425781,12.043562889099121,89.90934984445572,1.7138594641166316,1915.221955113411,26949.845877158932,0.005554739235497416,65.88585495142526
913,960,Larix',0,0,0,0,0,0,0,0.0,0.0,0.0,0.0,0.0,0.0,0.0,0.0
913,960,Liquidambar',0,0,0,0,0,0,0,0.0,0.0,0.0,0.0,0.0,0.0,0.0,0.0
913,960,Liriodendron',0,0,0,0,0,0,0,0.0,0.0,0.0,0.0,0.0,0.0,0.0,0.0
913,960,Lithocarpus',0,0,4,0,0,0,0,21.033817291259766,11.710589408874512,8.63993224143982,0.14316052806297255,225.89571867942811,5051.181827933686,0.000626789514859517,14.015439628099752
913,960,Maclura',0,0,0,0,0,0,0,0.0,0.0,0.0,0.0,0.0,0.0,0.0,0.0
913,960,Magnolia',0,0,0,0,0,0,0,0.0,0.0,0.0,0.0,0.0,0.0,0.0,0.0
913,960,Malus',0,0,0,0,0,0,0,0.0,0.0,0.0,0.0,0.0,0.0,0.0,0.0
913,960,Morus',0,0,0,0,0,0,0,0.0,0.0,0.0,0.0,0.0,0.0,0.0,0.0
913,960,Nyssa',0,0,0,0,0,0,0,0.0,0.0,0.0,0.0,0.0,0.0,0.0,0.0
913,960,Olneya',0,0,0,0,0,0,0,0.0,0.0,0.0,0.0,0.0,0.0,0.0,0.0
913,960,Ostrya',0,0,0,0,0,0,0,0.0,0.0,0.0,0.0,0.0,0.0,0.0,0.0
913,960,Oxydendron',0,0,0,0,0,0,0,0.0,0.0,0.0,0.0,0.0,0.0,0.0,0.0
913,960,Paulownia',0,0,0,0,0,0,0,0.0,0.0,0.0,0.0,0.0,0.0,0.0,0.0
913,960,Persea',0,0,0,0,0,0,0,0.0,0.0,0.0,0.0,0.0,0.0,0.0,0.0
913,960,Picea',0,0,0,0,0,0,0,0.0,0.0,0.0,0.0,0.0,0.0,0.0,0.0
913,960,Pinus',0,3337,3546,467,18,3,6,181.8333740234375,34.06067657470703,2618.297341326475,122.06359067738623,133258.75082059324,259264.96515564458,0.3339504065797121,600.4458783577875
913,960,Planera',0,0,0,0,0,0,0,0.0,0.0,0.0,0.0,0.0,0.0,0.0,0.0
913,960,Platanus',0,0,0,0,0,0,0,0.0,0.0,0.0,0.0,0.0,0.0,0.0,0.0
913,960,Populus',0,317,1,0,0,0,0,9.555746078491211,4.3519768714904785,128.6916875296944,0.2629239904045282,356.5383079507947,2435.7730914984745,0.0026448956856019827,18.714015342716003
913,960,Prosopis',0,0,0,0,0,0,0,0.0,0.0,0.0,0.0,0.0,0.0,0.0,0.0
913,960,Prunus',0,0,0,0,0,0,0,0.0,0.0,0.0,0.0,0.0,0.0,0.0,0.0
913,960,Pseudotsuga',0,0,0,0,0,0,0,0.0,0.0,0.0,0.0,0.0,0.0,0.0,0.0
913,960,Quercus',0,30,0,3,0,0,0,43.5991325378418,16.72179412841797,9.444541246924972,0.6120622604934514,955.2672719398141,20437.01591208407,0.0022587755793202647,47.23023638043365
913,960,Robinia',0,0,0,0,0,0,0,0.0,0.0,0.0,0.0,0.0,0.0,0.0,0.0
913,960,Salix',0,378,11,0,0,0,0,8.366462707519531,6.115180969238281,102.39781487072948,0.5259088398683186,442.4889082720876,2878.9692679852024,0.0024573821222633224,15.517324135438024
913,960,Sassafras',0,0,0,0,0,0,0,0.0,0.0,0.0,0.0,0.0,0.0,0.0,0.0
913,960,Sequoia',0,0,0,0,0,0,0,0.0,0.0,0.0,0.0,0.0,0.0,0.0,0.0
913,960,Sequoiadendron',0,0,0,0,0,0,0,0.0,0.0,0.0,0.0,0.0,0.0,0.0,0.0
913,960,Sorbus',0,0,0,0,0,0,0,0.0,0.0,0.0,0.0,0.0,0.0,0.0,0.0
913,960,Taxodium',0,0,0,0,0,0,0,0.0,0.0,0.0,0.0,0.0,0.0,0.0,0.0
913,960,Taxus',0,0,0,0,0,0,0,0.0,0.0,0.0,0.0,0.0,0.0,0.0,0.0
913,960,Thuja',0,0,0,0,0,0,0,0.0,0.0,0.0,0.0,0.0,0.0,0.0,0.0
913,960,Tilia',0,0,0,0,0,0,0,0.0,0.0,0.0,0.0,0.0,0.0,0.0,0.0
913,960,Torreya',0,0,0,0,0,0,0,0.0,0.0,0.0,0.0,0.0,0.0,0.0,0.0
913,960,Tsuga',0,0,0,0,0,0,0,0.0,0.0,0.0,0.0,0.0,0.0,0.0,0.0
913,960,Ulmus',0,0,0,0,0,0,0,0.0,0.0,0.0,0.0,0.0,0.0,0.0,0.0
913,960,Umbellularia',0,0,0,0,0,0,0,0.0,0.0,0.0,0.0,0.0,0.0,0.0,0.0
913,970,Abies',0,67,26,3,0,0,0,29.372547149658203,16.920272827148438,48.523312387466426,0.5394996525708771,584.2670695018768,7499.967310514486,0.0019992635926952044,22.26247591124579
913,970,Acer',0,35,0,0,0,0,0,4.521154403686523,3.360377311706543,3.37219682970096,0.006822289924180437,13.08548297174275,212.7726925094919,7.762349825771524e-05,1.301085580671066
913,970,Aesculus',0,0,0,0,0,0,0,0.0,0.0,0.0,0.0,0.0,0.0,0.0,0.0
913,970,Ailanthus',0,0,0,0,0,0,0,0.0,0.0,0.0,0.0,0.0,0.0,0.0,0.0
913,970,Alnus',0,1895,69,0,0,0,0,15.66298770904541,11.57598876953125,474.3570507959097,3.2943722951067027,2884.5186798650025,13313.932514093078,0.013238674805853067,41.742186866089455
913,970,Amelanchier',0,0,0,0,0,0,0,0.0,0.0,0.0,0.0,0.0,0.0,0.0,0.0
913,970,Arbutus',0,15,67,0,0,0,0,16.255901336669922,11.897553443908691,19.24075011014938,1.1060579531159687,1479.1379124331474,23014.95992648628,0.00356489499936506,53.781258514224646
913,970,Asimina',0,0,0,0,0,0,0,0.0,0.0,0.0,0.0,0.0,0.0,0.0,0.0
913,970,Betula',0,0,0,0,0,0,0,0.0,0.0,0.0,0.0,0.0,0.0,0.0,0.0
913,970,Calocedrus',0,126,303,9,0,0,0,42.90814208984375,19.600603103637695,105.25418852865695,7.406482078553728,6413.1844655996565,51834.612997758806,0.015771859207438906,120.49463860313693
913,970,Carpinus',0,0,0,0,0,0,0,0.0,0.0,0.0,0.0,0.0,0.0,0.0,0.0
913,970,Carya',0,0,0,0,0,0,0,0.0,0.0,0.0,0.0,0.0,0.0,0.0,0.0
913,970,Castanea',0,0,0,0,0,0,0,0.0,0.0,0.0,0.0,0.0,0.0,0.0,0.0
913,970,Catalpa',0,0,0,0,0,0,0,0.0,0.0,0.0,0.0,0.0,0.0,0.0,0.0
913,970,Celtis',0,0,0,0,0,0,0,0.0,0.0,0.0,0.0,0.0,0.0,0.0,0.0
913,970,Cercis',0,0,0,0,0,0,0,0.0,0.0,0.0,0.0,0.0,0.0,0.0,0.0
913,970,Cercocarpus',0,60,0,0,0,0,0,4.048954486846924,3.009427309036255,21.04196553349495,0.043326384850641476,113.72195578694344,1823.946188545235,0.000556654961644359,8.92732593858292
913,970,Chamaecyparis',0,0,0,0,0,0,0,0.0,0.0,0.0,0.0,0.0,0.0,0.0,0.0
913,970,Chilopsis',0,0,0,0,0,0,0,0.0,0.0,0.0,0.0,0.0,0.0,0.0,0.0
913,970,Chrysolepis',0,109,259,7,3,0,0,49.319549560546875,20.90622901916504,134.4385148629546,6.440326159270276,6982.760457206667,50478.41037060116,0.01745913513987093,118.3130696598968
913,970,Cladrastis',0,0,0,0,0,0,0,0.0,0.0,0.0,0.0,0.0,0.0,0.0,0.0
913,970,Comus',0,0,0,0,0,0,0,0.0,0.0,0.0,0.0,0.0,0.0,0.0,0.0
913,970,Cornus',0,0,0,0,0,0,0,0.0,0.0,0.0,0.0,0.0,0.0,0.0,0.0
913,970,Crataegus',0,0,0,0,0,0,0,0.0,0.0,0.0,0.0,0.0,0.0,0.0,0.0
913,970,Cupressus',0,0,17,0,0,0,0,9.061877250671387,4.417029857635498,7.212381187677383,0.11583306918469641,92.89610538125038,2077.220064774614,0.0003106146465092872,6.945554644018387
913,970,Diospyros',0,0,0,0,0,0,0,0.0,0.0,0.0,0.0,0.0,0.0,0.0,0.0
913,970,Elaeagnus',0,0,0,0,0,0,0,0.0,0.0,0.0,0.0,0.0,0.0,0.0,0.0
913,970,Fagus',0,0,0,0,0,0,0,0.0,0.0,0.0,0.0,0.0,0.0,0.0,0.0
913,970,Fraxinus',0,0,0,0,0,0,0,0.0,0.0,0.0,0.0,0.0,0.0,0.0,0.0
913,970,Gleditsia',0,0,0,0,0,0,0,0.0,0.0,0.0,0.0,0.0,0.0,0.0,0.0
913,970,Gordonia',0,0,0,0,0,0,0,0.0,0.0,0.0,0.0,0.0,0.0,0.0,0.0
913,970,Gymnocladus',0,0,0,0,0,0,0,0.0,0.0,0.0,0.0,0.0,0.0,0.0,0.0
913,970,Halesia',0,0,0,0,0,0,0,0.0,0.0,0.0,0.0,0.0,0.0,0.0,0.0
913,970,Ilex',0,0,0,0,0,0,0,0.0,0.0,0.0,0.0,0.0,0.0,0.0,0.0
913,970,Juglans',0,0,0,0,0,0,0,0.0,0.0,0.0,0.0,0.0,0.0,0.0,0.0
913,970,Juniperus',0,73,0,7,0,0,0,29.401203155517578,9.294066429138184,54.40797632932663,0.5793827658090409,653.3216339468956,10709.8134651154,0.0022377188884746342,28.871116594520153
913,970,Larix',0,0,0,0,0,0,0,0.0,0.0,0.0,0.0,0.0,0.0,0.0,0.0
913,970,Liquidambar',0,0,0,0,0,0,0,0.0,0.0,0.0,0.0,0.0,0.0,0.0,0.0
913,970,Liriodendron',0,0,0,0,0,0,0,0.0,0.0,0.0,0.0,0.0,0.0,0.0,0.0
913,970,Lithocarpus',0,13,9,0,0,0,0,24.51228904724121,13.097222328186035,19.50140500307083,0.23110579102457302,391.1954383444786,7153.538968192599,0.0011510101963480301,19.254637437292136
913,970,Maclura',0,0,0,0,0,0,0,0.0,0.0,0.0,0.0,0.0,0.0,0.0,0.0
913,970,Magnolia',0,0,0,0,0,0,0,0.0,0.0,0.0,0.0,0.0,0.0,0.0,0.0
913,970,Malus',0,0,0,0,0,0,0,0.0,0.0,0.0,0.0,0.0,0.0,0.0,0.0
913,970,Morus',0,0,0,0,0,0,0,0.0,0.0,0.0,0.0,0.0,0.0,0.0,0.0
913,970,Nyssa',0,0,0,0,0,0,0,0.0,0.0,0.0,0.0,0.0,0.0,0.0,0.0
913,970,Olneya',0,0,0,0,0,0,0,0.0,0.0,0.0,0.0,0.0,0.0,0.0,0.0
913,970,Ostrya',0,0,0,0,0,0,0,0.0,0.0,0.0,0.0,0.0,0.0,0.0,0.0
913,970,Oxydendron',0,0,0,0,0,0,0,0.0,0.0,0.0,0.0,0.0,0.0,0.0,0.0
913,970,Paulownia',0,0,0,0,0,0,0,0.0,0.0,0.0,0.0,0.0,0.0,0.0,0.0
913,970,Persea',0,0,0,0,0,0,0,0.0,0.0,0.0,0.0,0.0,0.0,0.0,0.0
913,970,Picea',0,0,0,0,0,0,0,0.0,0.0,0.0,0.0,0.0,0.0,0.0,0.0
913,970,Pinus',0,3243,3646,390,17,4,5,117.6295394897461,31.038509368896484,2684.9406362211703,115.87256978223999,125528.4034190315,255942.44744545792,0.31773448205978944,593.8577927513426
913,970,Planera',0,0,0,0,0,0,0,0.0,0.0,0.0,0.0,0.0,0.0,0.0,0.0
913,970,Platanus',0,0,0,0,0,0,0,0.0,0.0,0.0,0.0,0.0,0.0,0.0,0.0
913,970,Populus',0,404,7,0,0,0,0,15.093533515930176,5.951906204223633,128.82575719935605,0.29952636304503866,394.5082330825925,2260.031344502268,0.002731203316207509,15.73811043320535
913,970,Prosopis',0,0,0,0,0,0,0,0.0,0.0,0.0,0.0,0.0,0.0,0.0,0.0
913,970,Prunus',0,0,0,0,0,0,0,0.0,0.0,0.0,0.0,0.0,0.0,0.0,0.0
913,970,Pseudotsuga',0,0,0,0,0,0,0,0.0,0.0,0.0,0.0,0.0,0.0,0.0,0.0
913,970,Quercus',0,60,0,3,0,0,0,46.33723068237305,17.416210174560547,28.401695476679862,0.7950685242425025,1222.5764653837682,23854.822178609484,0.0031256948190294185,55.18898627140058
913,970,Robinia',0,0,0,0,0,0,0,0.0,0.0,0.0,0.0,0.0,0.0,0.0,0.0
913,970,Salix',0,424,52,0,0,0,0,9.30045223236084,6.599886894226074,107.02779706308169,0.8640403066576111,653.1845136587322,4564.032516405966,0.0029922457388024716,17.759400230655253
913,970,Sassafras',0,0,0,0,0,0,0,0.0,0.0,0.0,0.0,0.0,0.0,0.0,0.0
913,970,Sequoia',0,0,0,0,0,0,0,0.0,0.0,0.0,0.0,0.0,0.0,0.0,0.0
913,970,Sequoiadendron',0,0,0,0,0,0,0,0.0,0.0,0.0,0.0,0.0,0.0,0.0,0.0
913,970,Sorbus',0,0,0,0,0,0,0,0.0,0.0,0.0,0.0,0.0,0.0,0.0,0.0
913,970,Taxodium',0,0,0,0,0,0,0,0.0,0.0,0.0,0.0,0.0,0.0,0.0,0.0
913,970,Taxus',0,0,0,0,0,0,0,0.0,0.0,0.0,0.0,0.0,0.0,0.0,0.0
913,970,Thuja',0,0,0,0,0,0,0,0.0,0.0,0.0,0.0,0.0,0.0,0.0,0.0
913,970,Tilia',0,0,0,0,0,0,0,0.0,0.0,0.0,0.0,0.0,0.0,0.0,0.0
913,970,Torreya',0,0,0,0,0,0,0,0.0,0.0,0.0,0.0,0.0,0.0,0.0,0.0
913,970,Tsuga',0,0,0,0,0,0,0,0.0,0.0,0.0,0.0,0.0,0.0,0.0,0.0
913,970,Ulmus',0,0,0,0,0,0,0,0.0,0.0,0.0,0.0,0.0,0.0,0.0,0.0
913,970,Umbellularia',0,0,0,0,0,0,0,0.0,0.0,0.0,0.0,0.0,0.0,0.0,0.0
913,980,Abies',0,124,26,0,0,0,0,16.41535758972168,11.179171562194824,39.2789973950386,0.5935197761517091,508.17023951470856,6249.727059582616,0.001696630484388675,18.779565578745988
913,980,Acer',0,87,3,0,0,0,0,10.604192733764648,5.938364505767822,34.30882921701745,0.12118173380662686,144.76212643623353,1639.915877666383,0.0008155882696360329,9.241237698965083
913,980,Aesculus',0,0,0,0,0,0,0,0.0,0.0,0.0,0.0,0.0,0.0,0.0,0.0
913,980,Ailanthus',0,0,0,0,0,0,0,0.0,0.0,0.0,0.0,0.0,0.0,0.0,0.0
913,980,Alnus',0,1860,140,0,0,0,0,16.166358947753906,11.849267959594727,513.5093851576122,4.003552076903631,3491.4433490198853,16600.29148128155,0.01515101574007609,49.101374490843675
913,980,Amelanchier',0,0,0,0,0,0,0,0.0,0.0,0.0,0.0,0.0,0.0,0.0,0.0
913,980,Arbutus',0,45,51,0,0,0,0,12.930119514465332,10.036395072937012,25.658643285036085,0.663389929929823,865.8066934502125,13976.344444106324,0.002294639685312928,33.385534603543384
913,980,Asimina',0,0,0,0,0,0,0,0.0,0.0,0.0,0.0,0.0,0.0,0.0,0.0
913,980,Betula',0,0,0,0,0,0,0,0.0,0.0,0.0,0.0,0.0,0.0,0.0,0.0
913,980,Calocedrus',0,128,279,9,0,0,0,44.3492317199707,20.00482940673828,99.99169546306133,7.006950428634325,6079.299296786189,51154.824790283805,0.014953878495385264,117.96087870380725
913,980,Carpinus',0,0,0,0,0,0,0,0.0,0.0,0.0,0.0,0.0,0.0,0.0,0.0
913,980,Carya',0,0,0,0,0,0,0,0.0,0.0,0.0,0.0,0.0,0.0,0.0,0.0
913,980,Castanea',0,0,0,0,0,0,0,0.0,0.0,0.0,0.0,0.0,0.0,0.0,0.0
913,980,Catalpa',0,0,0,0,0,0,0,0.0,0.0,0.0,0.0,0.0,0.0,0.0,0.0
913,980,Celtis',0,0,0,0,0,0,0,0.0,0.0,0.0,0.0,0.0,0.0,0.0,0.0
913,980,Cercis',0,0,0,0,0,0,0,0.0,0.0,0.0,0.0,0.0,0.0,0.0,0.0
913,980,Cercocarpus',0,62,0,0,0,0,0,6.823035717010498,4.020171165466309,34.75230256319046,0.12811171273598881,247.06428267717362,3714.898375237806,0.0010510094289295261,15.843782883074063
913,980,Chamaecyparis',0,0,0,0,0,0,0,0.0,0.0,0.0,0.0,0.0,0.0,0.0,0.0
913,980,Chilopsis',0,0,0,0,0,0,0,0.0,0.0,0.0,0.0,0.0,0.0,0.0,0.0
913,980,Chrysolepis',0,117,276,7,3,0,0,52.71282958984375,21.737857818603516,151.12016809940337,8.205744687165152,8956.341806120872,59343.63031644076,0.02208582883252824,137.98695683579095
913,980,Cladrastis',0,0,0,0,0,0,0,0.0,0.0,0.0,0.0,0.0,0.0,0.0,0.0
913,980,Comus',0,0,0,0,0,0,0,0.0,0.0,0.0,0.0,0.0,0.0,0.0,0.0
913,980,Cornus',0,0,0,0,0,0,0,0.0,0.0,0.0,0.0,0.0,0.0,0.0,0.0
913,980,Crataegus',0,0,0,0,0,0,0,0.0,0.0,0.0,0.0,0.0,0.0,0.0,0.0
913,980,Cupressus',0,0,0,0,0,0,0,0.0,0.0,0.0,0.0,0.0,0.0,0.0,0.0
913,980,Diospyros',0,0,0,0,0,0,0,0.0,0.0,0.0,0.0,0.0,0.0,0.0,0.0
913,980,Elaeagnus',0,0,0,0,0,0,0,0.0,0.0,0.0,0.0,0.0,0.0,0.0,0.0
913,980,Fagus',0,0,0,0,0,0,0,0.0,0.0,0.0,0.0,0.0,0.0,0.0,0.0
913,980,Fraxinus',0,0,0,0,0,0,0,0.0,0.0,0.0,0.0,0.0,0.0,0.0,0.0
913,980,Gleditsia',0,0,0,0,0,0,0,0.0,0.0,0.0,0.0,0.0,0.0,0.0,0.0
913,980,Gordonia',0,0,0,0,0,0,0,0.0,0.0,0.0,0.0,0.0,0.0,0.0,0.0
913,980,Gymnocladus',0,0,0,0,0,0,0,0.0,0.0,0.0,0.0,0.0,0.0,0.0,0.0
913,980,Halesia',0,0,0,0,0,0,0,0.0,0.0,0.0,0.0,0.0,0.0,0.0,0.0
913,980,Ilex',0,0,0,0,0,0,0,0.0,0.0,0.0,0.0,0.0,0.0,0.0,0.0
913,980,Juglans',0,0,0,0,0,0,0,0.0,0.0,0.0,0.0,0.0,0.0,0.0,0.0
913,980,Juniperus',0,43,12,7,0,0,0,32.51264572143555,9.874001502990723,49.367147872447966,0.7454318046639424,804.2164052557946,13760.263578462456,0.002500228589978693,37.07282655269478
913,980,Larix',0,0,0,0,0,0,0,0.0,0.0,0.0,0.0,0.0,0.0,0.0,0.0
913,980,Liquidambar',0,0,0,0,0,0,0,0.0,0.0,0.0,0.0,0.0,0.0,0.0,0.0
913,980,Liriodendron',0,0,0,0,0,0,0,0.0,0.0,0.0,0.0,0.0,0.0,0.0,0.0
913,980,Lithocarpus',0,13,9,0,0,0,0,27.646467208862305,14.27741527557373,24.47836622238159,0.36726524878893735,586.6338249015809,9730.151295517138,0.00165720711503426,25.271563363445857
913,980,Maclura',0,0,0,0,0,0,0,0.0,0.0,0.0,0.0,0.0,0.0,0.0,0.0
913,980,Magnolia',0,0,0,0,0,0,0,0.0,0.0,0.0,0.0,0.0,0.0,0.0,0.0
913,980,Malus',0,0,0,0,0,0,0,0.0,0.0,0.0,0.0,0.0,0.0,0.0,0.0
913,980,Morus',0,0,0,0,0,0,0,0.0,0.0,0.0,0.0,0.0,0.0,0.0,0.0
913,980,Nyssa',0,0,0,0,0,0,0,0.0,0.0,0.0,0.0,0.0,0.0,0.0,0.0
913,980,Olneya',0,0,0,0,0,0,0,0.0,0.0,0.0,0.0,0.0,0.0,0.0,0.0
913,980,Ostrya',0,0,0,0,0,0,0,0.0,0.0,0.0,0.0,0.0,0.0,0.0,0.0
913,980,Oxydendron',0,0,0,0,0,0,0,0.0,0.0,0.0,0.0,0.0,0.0,0.0,0.0
913,980,Paulownia',0,0,0,0,0,0,0,0.0,0.0,0.0,0.0,0.0,0.0,0.0,0.0
913,980,Persea',0,0,0,0,0,0,0,0.0,0.0,0.0,0.0,0.0,0.0,0.0,0.0
913,980,Picea',0,0,0,0,0,0,0,0.0,0.0,0.0,0.0,0.0,0.0,0.0,0.0
913,980,Pinus',0,3379,3409,378,21,4,5,119.8344955444336,31.206836700439453,2538.298677753061,115.97276074328062,126543.93912875727,264542.18969190837,0.3178730666736647,608.046970333916
913,980,Planera',0,0,0,0,0,0,0,0.0,0.0,0.0,0.0,0.0,0.0,0.0,0.0
913,980,Platanus',0,0,0,0,0,0,0,0.0,0.0,0.0,0.0,0.0,0.0,0.0,0.0
913,980,Populus',0,326,2,0,0,0,0,17.90139389038086,6.719431400299072,153.6802408547152,0.4267406141304296,475.3167049750686,2998.9664604173104,0.003268571798358101,21.638871879140193
913,980,Prosopis',0,0,0,0,0,0,0,0.0,0.0,0.0,0.0,0.0,0.0,0.0,0.0
913,980,Prunus',0,0,0,0,0,0,0,0.0,0.0,0.0,0.0,0.0,0.0,0.0,0.0
913,980,Pseudotsuga',0,0,0,0,0,0,0,0.0,0.0,0.0,0.0,0.0,0.0,0.0,0.0
913,980,Quercus',0,26,3,0,0,0,0,8.57470417022705,4.695898532867432,12.782213721848741,0.13959768711329118,132.39159475564958,2477.3498469044866,0.000478210628114636,8.613965438925174
913,980,Robinia',0,0,0,0,0,0,0,0.0,0.0,0.0,0.0,0.0,0.0,0.0,0.0
913,980,Salix',0,412,27,0,0,0,0,12.035759925842285,7.963558673858643,72.22952318531048,0.5468938038163066,449.1363140439987,5228.4549949315615,0.0020378648314160505,16.8606002415525
913,980,Sassafras',0,0,0,0,0,0,0,0.0,0.0,0.0,0.0,0.0,0.0,0.0,0.0
913,980,Sequoia',0,0,0,0,0,0,0,0.0,0.0,0.0,0.0,0.0,0.0,0.0,0.0
913,980,Sequoiadendron',0,0,0,0,0,0,0,0.0,0.0,0.0,0.0,0.0,0.0,0.0,0.0
913,980,Sorbus',0,0,0,0,0,0,0,0.0,0.0,0.0,0.0,0.0,0.0,0.0,0.0
913,980,Taxodium',0,0,0,0,0,0,0,0.0,0.0,0.0,0.0,0.0,0.0,0.0,0.0
913,980,Taxus',0,0,0,0,0,0,0,0.0,0.0,0.0,0.0,0.0,0.0,0.0,0.0
913,980,Thuja',0,0,0,0,0,0,0,0.0,0.0,0.0,0.0,0.0,0.0,0.0,0.0
913,980,Tilia',0,0,0,0,0,0,0,0.0,0.0,0.0,0.0,0.0,0.0,0.0,0.0
913,980,Torreya',0,0,0,0,0,0,0,0.0,0.0,0.0,0.0,0.0,0.0,0.0,0.0
913,980,Tsuga',0,0,0,0,0,0,0,0.0,0.0,0.0,0.0,0.0,0.0,0.0,0.0
913,980,Ulmus',0,0,0,0,0,0,0,0.0,0.0,0.0,0.0,0.0,0.0,0.0,0.0
913,980,Umbellularia',0,0,0,0,0,0,0,0.0,0.0,0.0,0.0,0.0,0.0,0.0,0.0
913,990,Abies',0,120,7,0,0,0,0,21.004716873168945,13.39102840423584,49.530724344253535,0.60873776673865,532.6630965614319,5485.257099238544,0.0018991395597507492,18.46605840860975
913,990,Acer',0,85,0,0,0,0,0,3.7547011375427246,3.6596930027008057,16.98115977965578,0.04762629946253386,67.91484894931317,946.0739525482642,0.0003953751134285687,5.992785196750527
913,990,Aesculus',0,0,0,0,0,0,0,0.0,0.0,0.0,0.0,0.0,0.0,0.0,0.0
913,990,Ailanthus',0,0,0,0,0,0,0,0.0,0.0,0.0,0.0,0.0,0.0,0.0,0.0
913,990,Alnus',0,1598,174,0,0,0,0,14.53553295135498,10.952411651611328,389.31115379981406,3.514727252146293,2904.0706751124562,12064.500534142513,0.012057840727005168,39.75827319396657
913,990,Amelanchier',0,0,0,0,0,0,0,0.0,0.0,0.0,0.0,0.0,0.0,0.0,0.0
913,990,Arbutus',0,34,29,0,0,0,0,13.149127006530762,10.163337707519531,22.60344711780548,0.3564357516025046,470.38796974658965,7024.324347344349,0.0013718008503715172,19.343226867926255
913,990,Asimina',0,0,0,0,0,0,0,0.0,0.0,0.0,0.0,0.0,0.0,0.0,0.0
913,990,Betula',0,0,0,0,0,0,0,0.0,0.0,0.0,0.0,0.0,0.0,0.0,0.0
913,990,Calocedrus',0,67,339,9,0,0,0,45.79197692871094,20.399261474609375,82.8340731191635,8.483654416549491,7387.19867796421,58114.77187733572,0.017612489426805388,133.70268462839783
913,990,Carpinus',0,0,0,0,0,0,0,0.0,0.0,0.0,0.0,0.0,0.0,0.0,0.0
913,990,Carya',0,0,0,0,0,0,0,0.0,0.0,0.0,0.0,0.0,0.0,0.0,0.0
913,990,Castanea',0,0,0,0,0,0,0,0.0,0.0,0.0,0.0,0.0,0.0,0.0,0.0
913,990,Catalpa',0,0,0,0,0,0,0,0.0,0.0,0.0,0.0,0.0,0.0,0.0,0.0
913,990,Celtis',0,0,0,0,0,0,0,0.0,0.0,0.0,0.0,0.0,0.0,0.0,0.0
913,990,Cercis',0,0,0,0,0,0,0,0.0,0.0,0.0,0.0,0.0,0.0,0.0,0.0
913,990,Cercocarpus',0,20,2,0,0,0,0,9.965356826782227,5.02852725982666,5.210515818595886,0.0469969694660762,72.83485503673553,1196.9938794535683,0.0002371182461182281,3.9225513364107947
913,990,Chamaecyparis',0,0,0,0,0,0,0,0.0,0.0,0.0,0.0,0.0,0.0,0.0,0.0
913,990,Chilopsis',0,0,0,0,0,0,0,0.0,0.0,0.0,0.0,0.0,0.0,0.0,0.0
913,990,Chrysolepis',0,99,310,21,3,0,0,55.79131317138672,22.451417922973633,144.4435434898734,8.678509726015456,9881.763652864396,66375.91901828759,0.024045881691459256,154.08343542535042
913,990,Cladrastis',0,0,0,0,0,0,0,0.0,0.0,0.0,0.0,0.0,0.0,0.0,0.0
913,990,Comus',0,0,0,0,0,0,0,0.0,0.0,0.0,0.0,0.0,0.0,0.0,0.0
913,990,Cornus',0,0,0,0,0,0,0,0.0,0.0,0.0,0.0,0.0,0.0,0.0,0.0
913,990,Crataegus',0,0,0,0,0,0,0,0.0,0.0,0.0,0.0,0.0,0.0,0.0,0.0
913,990,Cupressus',0,22,0,0,0,0,0,3.3422369956970215,2.503547191619873,9.238313226699828,0.01937150820123673,33.09428990364075,740.010818916257,0.00020698516781628035,4.6283290557140475
913,990,Diospyros',0,0,0,0,0,0,0,0.0,0.0,0.0,0.0,0.0,0.0,0.0,0.0
913,990,Elaeagnus',0,0,0,0,0,0,0,0.0,0.0,0.0,0.0,0.0,0.0,0.0,0.0
913,990,Fagus',0,0,0,0,0,0,0,0.0,0.0,0.0,0.0,0.0,0.0,0.0,0.0
913,990,Fraxinus',0,0,0,0,0,0,0,0.0,0.0,0.0,0.0,0.0,0.0,0.0,0.0
913,990,Gleditsia',0,0,0,0,0,0,0,0.0,0.0,0.0,0.0,0.0,0.0,0.0,0.0
913,990,Gordonia',0,0,0,0,0,0,0,0.0,0.0,0.0,0.0,0.0,0.0,0.0,0.0
913,990,Gymnocladus',0,0,0,0,0,0,0,0.0,0.0,0.0,0.0,0.0,0.0,0.0,0.0
913,990,Halesia',0,0,0,0,0,0,0,0.0,0.0,0.0,0.0,0.0,0.0,0.0,0.0
913,990,Ilex',0,0,0,0,0,0,0,0.0,0.0,0.0,0.0,0.0,0.0,0.0,0.0
913,990,Juglans',0,0,0,0,0,0,0,0.0,0.0,0.0,0.0,0.0,0.0,0.0,0.0
913,990,Juniperus',0,107,18,7,0,0,0,35.405513763427734,10.378484725952148,91.61427747011184,1.0541073563191805,1175.4667636036872,16933.660970177803,0.003935465673130631,45.76427558851569
913,990,Larix',0,0,0,0,0,0,0,0.0,0.0,0.0,0.0,0.0,0.0,0.0,0.0
913,990,Liquidambar',0,0,0,0,0,0,0,0.0,0.0,0.0,0.0,0.0,0.0,0.0,0.0
913,990,Liriodendron',0,0,0,0,0,0,0,0.0,0.0,0.0,0.0,0.0,0.0,0.0,0.0
913,990,Lithocarpus',0,0,5,4,0,0,0,30.250591278076172,15.210698127746582,15.372457876205443,0.4207965075153459,692.0759692287445,12208.621159967704,0.0017599932498137166,30.367283152303898
913,990,Maclura',0,0,0,0,0,0,0,0.0,0.0,0.0,0.0,0.0,0.0,0.0,0.0
913,990,Magnolia',0,0,0,0,0,0,0,0.0,0.0,0.0,0.0,0.0,0.0,0.0,0.0
913,990,Malus',0,0,0,0,0,0,0,0.0,0.0,0.0,0.0,0.0,0.0,0.0,0.0
913,990,Morus',0,0,0,0,0,0,0,0.0,0.0,0.0,0.0,0.0,0.0,0.0,0.0
913,990,Nyssa',0,0,0,0,0,0,0,0.0,0.0,0.0,0.0,0.0,0.0,0.0,0.0
913,990,Olneya',0,0,0,0,0,0,0,0.0,0.0,0.0,0.0,0.0,0.0,0.0,0.0
913,990,Ostrya',0,0,0,0,0,0,0,0.0,0.0,0.0,0.0,0.0,0.0,0.0,0.0
913,990,Oxydendron',0,0,0,0,0,0,0,0.0,0.0,0.0,0.0,0.0,0.0,0.0,0.0
913,990,Paulownia',0,0,0,0,0,0,0,0.0,0.0,0.0,0.0,0.0,0.0,0.0,0.0
913,990,Persea',0,0,0,0,0,0,0,0.0,0.0,0.0,0.0,0.0,0.0,0.0,0.0
913,990,Picea',0,0,0,0,0,0,0,0.0,0.0,0.0,0.0,0.0,0.0,0.0,0.0
913,990,Pinus',0,3236,3821,338,24,3,6,122.11092376708984,31.374042510986328,2549.1998908360297,117.6392077977213,128875.27359351442,274816.13050599094,0.3232112744432673,631.6606815043298
913,990,Planera',0,0,0,0,0,0,0,0.0,0.0,0.0,0.0,0.0,0.0,0.0,0.0
913,990,Platanus',0,0,0,0,0,0,0,0.0,0.0,0.0,0.0,0.0,0.0,0.0,0.0
913,990,Populus',0,229,15,0,0,0,0,14.302828788757324,5.7305731773376465,84.43854233226443,0.33267002712698057,329.939518751502,2721.522989072867,0.0019487386535168526,15.2649099997891
913,990,Prosopis',0,0,0,0,0,0,0,0.0,0.0,0.0,0.0,0.0,0.0,0.0,0.0
913,990,Prunus',0,0,0,0,0,0,0,0.0,0.0,0.0,0.0,0.0,0.0,0.0,0.0
913,990,Pseudotsuga',0,0,0,0,0,0,0,0.0,0.0,0.0,0.0,0.0,0.0,0.0,0.0
913,990,Quercus',0,0,29,0,0,0,0,15.394157409667969,6.479663372039795,16.976389682179764,0.2606797911331024,253.55810921251773,4264.662062789394,0.0008078470342531741,13.126067295825974
913,990,Robinia',0,0,0,0,0,0,0,0.0,0.0,0.0,0.0,0.0,0.0,0.0,0.0
913,990,Salix',0,609,49,0,0,0,0,14.307197570800781,9.035370826721191,121.03309770527329,1.142982315753887,901.937833686024,7973.005015702687,0.003746644954757757,23.201895510383306
913,990,Sassafras',0,0,0,0,0,0,0,0.0,0.0,0.0,0.0,0.0,0.0,0.0,0.0
913,990,Sequoia',0,0,0,0,0,0,0,0.0,0.0,0.0,0.0,0.0,0.0,0.0,0.0
913,990,Sequoiadendron',0,0,0,0,0,0,0,0.0,0.0,0.0,0.0,0.0,0.0,0.0,0.0
913,990,Sorbus',0,0,0,0,0,0,0,0.0,0.0,0.0,0.0,0.0,0.0,0.0,0.0
913,990,Taxodium',0,0,0,0,0,0,0,0.0,0.0,0.0,0.0,0.0,0.0,0.0,0.0
913,990,Taxus',0,0,0,0,0,0,0,0.0,0.0,0.0,0.0,0.0,0.0,0.0,0.0
913,990,Thuja',0,0,0,0,0,0,0,0.0,0.0,0.0,0.0,0.0,0.0,0.0,0.0
913,990,Tilia',0,0,0,0,0,0,0,0.0,0.0,0.0,0.0,0.0,0.0,0.0,0.0
913,990,Torreya',0,0,0,0,0,0,0,0.0,0.0,0.0,0.0,0.0,0.0,0.0,0.0
913,990,Tsuga',0,0,0,0,0,0,0,0.0,0.0,0.0,0.0,0.0,0.0,0.0,0.0
913,990,Ulmus',0,0,0,0,0,0,0,0.0,0.0,0.0,0.0,0.0,0.0,0.0,0.0
913,990,Umbellularia',0,0,0,0,0,0,0,0.0,0.0,0.0,0.0,0.0,0.0,0.0,0.0
913,1000,Abies',0,0,84,0,0,0,0,17.36387062072754,11.653717041015625,35.26059497833252,0.6305199008586854,523.5681076049805,5942.226127431908,0.0016728043829302053,18.6527660204351
913,1000,Acer',0,111,0,0,0,0,0,3.3332929611206055,2.8313629627227783,35.121495842556406,0.08069219878306554,114.20595929443836,1481.9549853288017,0.0007593844630743754,9.860346222967397
913,1000,Aesculus',0,0,0,0,0,0,0,0.0,0.0,0.0,0.0,0.0,0.0,0.0,0.0
913,1000,Ailanthus',0,0,0,0,0,0,0,0.0,0.0,0.0,0.0,0.0,0.0,0.0,0.0
913,1000,Alnus',0,2059,150,0,0,0,0,19.615598678588867,13.639904975891113,485.4010061990422,3.5451820920370394,2967.951863822043,9753.263556015176,0.013583065781124632,37.47381448178404
913,1000,Amelanchier',0,0,0,0,0,0,0,0.0,0.0,0.0,0.0,0.0,0.0,0.0,0.0
913,1000,Arbutus',0,67,33,0,0,0,0,15.373470306396484,11.417386054992676,21.96698362469673,0.6268829351155952,810.499918652773,10590.1898948161,0.002118411820769321,26.550370743475256
913,1000,Asimina',0,0,0,0,0,0,0,0.0,0.0,0.0,0.0,0.0,0.0,0.0,0.0
913,1000,Betula',0,0,0,0,0,0,0,0.0,0.0,0.0,0.0,0.0,0.0,0.0,0.0
913,1000,Calocedrus',0,15,342,0,0,0,0,24.584632873535156,13.444846153259277,82.80334512382746,7.385404197583546,5956.832730437815,42000.18115148064,0.014433454553878565,99.92824660515551
913,1000,Carpinus',0,0,0,0,0,0,0,0.0,0.0,0.0,0.0,0.0,0.0,0.0,0.0
913,1000,Carya',0,0,0,0,0,0,0,0.0,0.0,0.0,0.0,0.0,0.0,0.0,0.0
913,1000,Castanea',0,0,0,0,0,0,0,0.0,0.0,0.0,0.0,0.0,0.0,0.0,0.0
913,1000,Catalpa',0,0,0,0,0,0,0,0.0,0.0,0.0,0.0,0.0,0.0,0.0,0.0
913,1000,Celtis',0,0,0,0,0,0,0,0.0,0.0,0.0,0.0,0.0,0.0,0.0,0.0
913,1000,Cercis',0,0,0,0,0,0,0,0.0,0.0,0.0,0.0,0.0,0.0,0.0,0.0
913,1000,Cercocarpus',0,46,2,0,0,0,0,12.530430793762207,5.7564287185668945,16.233096771240234,0.13697187755957482,212.29220176696776,3075.3072426634003,0.0007062385043799877,9.859785649189373
913,1000,Chamaecyparis',0,0,0,0,0,0,0,0.0,0.0,0.0,0.0,0.0,0.0,0.0,0.0
913,1000,Chilopsis',0,0,0,0,0,0,0,0.0,0.0,0.0,0.0,0.0,0.0,0.0,0.0
913,1000,Chrysolepis',0,114,271,21,3,0,0,58.7587890625,23.104347229003906,178.37341364443301,8.536221191160337,9933.018807531,67737.05664226122,0.024649879596138437,158.07687958913758
913,1000,Cladrastis',0,0,0,0,0,0,0,0.0,0.0,0.0,0.0,0.0,0.0,0.0,0.0
913,1000,Comus',0,0,0,0,0,0,0,0.0,0.0,0.0,0.0,0.0,0.0,0.0,0.0
913,1000,Cornus',0,0,0,0,0,0,0,0.0,0.0,0.0,0.0,0.0,0.0,0.0,0.0
913,1000,Crataegus',0,0,0,0,0,0,0,0.0,0.0,0.0,0.0,0.0,0.0,0.0,0.0
913,1000,Cupressus',0,0,0,0,0,0,0,0.0,0.0,0.0,0.0,0.0,0.0,0.0,0.0
913,1000,Diospyros',0,0,0,0,0,0,0,0.0,0.0,0.0,0.0,0.0,0.0,0.0,0.0
913,1000,Elaeagnus',0,0,0,0,0,0,0,0.0,0.0,0.0,0.0,0.0,0.0,0.0,0.0
913,1000,Fagus',0,0,0,0,0,0,0,0.0,0.0,0.0,0.0,0.0,0.0,0.0,0.0
913,1000,Fraxinus',0,30,0,0,0,0,0,3.114190101623535,2.804891347885132,10.164711876194687,0.023125007834154717,35.72380977451802,798.808670710937,0.0002257129216678409,5.047094362493766
913,1000,Gleditsia',0,0,0,0,0,0,0,0.0,0.0,0.0,0.0,0.0,0.0,0.0,0.0
913,1000,Gordonia',0,0,0,0,0,0,0,0.0,0.0,0.0,0.0,0.0,0.0,0.0,0.0
913,1000,Gymnocladus',0,0,0,0,0,0,0,0.0,0.0,0.0,0.0,0.0,0.0,0.0,0.0
913,1000,Halesia',0,0,0,0,0,0,0,0.0,0.0,0.0,0.0,0.0,0.0,0.0,0.0
913,1000,Ilex',0,0,0,0,0,0,0,0.0,0.0,0.0,0.0,0.0,0.0,0.0,0.0
913,1000,Juglans',0,0,0,0,0,0,0,0.0,0.0,0.0,0.0,0.0,0.0,0.0,0.0
913,1000,Juniperus',0,53,12,7,0,0,0,37.91697692871094,10.790987014770508,36.48820910096168,1.2052943595287022,1233.7416085410118,19998.45730866385,0.00326869983160497,49.11343830788802
913,1000,Larix',0,0,0,0,0,0,0,0.0,0.0,0.0,0.0,0.0,0.0,0.0,0.0
913,1000,Liquidambar',0,0,0,0,0,0,0,0.0,0.0,0.0,0.0,0.0,0.0,0.0,0.0
913,1000,Liriodendron',0,0,0,0,0,0,0,0.0,0.0,0.0,0.0,0.0,0.0,0.0,0.0
913,1000,Lithocarpus',0,0,5,4,0,0,0,32.651580810546875,16.034868240356445,17.12308925628662,0.5232404997258125,888.9137008285522,15113.896778625516,0.0022226972975730895,37.10241877232754
913,1000,Maclura',0,0,0,0,0,0,0,0.0,0.0,0.0,0.0,0.0,0.0,0.0,0.0
913,1000,Magnolia',0,0,0,0,0,0,0,0.0,0.0,0.0,0.0,0.0,0.0,0.0,0.0
913,1000,Malus',0,0,0,0,0,0,0,0.0,0.0,0.0,0.0,0.0,0.0,0.0,0.0
913,1000,Morus',0,0,0,0,0,0,0,0.0,0.0,0.0,0.0,0.0,0.0,0.0,0.0
913,1000,Nyssa',0,0,0,0,0,0,0,0.0,0.0,0.0,0.0,0.0,0.0,0.0,0.0
913,1000,Olneya',0,0,0,0,0,0,0,0.0,0.0,0.0,0.0,0.0,0.0,0.0,0.0
913,1000,Ostrya',0,0,0,0,0,0,0,0.0,0.0,0.0,0.0,0.0,0.0,0.0,0.0
913,1000,Oxydendron',0,0,0,0,0,0,0,0.0,0.0,0.0,0.0,0.0,0.0,0.0,0.0
913,1000,Paulownia',0,0,0,0,0,0,0,0.0,0.0,0.0,0.0,0.0,0.0,0.0,0.0
913,1000,Persea',0,0,0,0,0,0,0,0.0,0.0,0.0,0.0,0.0,0.0,0.0,0.0
913,1000,Picea',0,0,0,0,0,0,0,0.0,0.0,0.0,0.0,0.0,0.0,0.0,0.0
913,1000,Pinus',0,3037,3891,330,20,5,6,124.38977813720703,31.53498649597168,2637.006703699976,121.23757240962962,133318.7324388443,288619.2887457119,0.3343539459887177,665.262307273724
913,1000,Planera',0,0,0,0,0,0,0,0.0,0.0,0.0,0.0,0.0,0.0,0.0,0.0
913,1000,Platanus',0,0,0,0,0,0,0,0.0,0.0,0.0,0.0,0.0,0.0,0.0,0.0
913,1000,Populus',0,330,6,0,0,0,0,20.87037467956543,7.500576972961426,94.15087062441094,0.5154765012946896,487.00949346482753,4023.7952762965638,0.002437597386006734,17.384023204087597
913,1000,Prosopis',0,0,0,0,0,0,0,0.0,0.0,0.0,0.0,0.0,0.0,0.0,0.0
913,1000,Prunus',0,0,0,0,0,0,0,0.0,0.0,0.0,0.0,0.0,0.0,0.0,0.0
913,1000,Pseudotsuga',0,0,0,0,0,0,0,0.0,0.0,0.0,0.0,0.0,0.0,0.0,0.0
913,1000,Quercus',0,2,29,0,0,0,0,20.747560501098633,7.614548683166504,11.752905376915688,0.39314589381069726,375.0024895566702,6158.3310249109045,0.0010025284901037732,16.234015960207596
913,1000,Robinia',0,0,0,0,0,0,0,0.0,0.0,0.0,0.0,0.0,0.0,0.0,0.0
913,1000,Salix',0,301,0,0,0,0,0,5.463535785675049,4.543633937835693,34.717208190903634,0.21127061236643138,178.58253598183393,1525.4336197989292,0.0008966235874682942,7.817109027692107
913,1000,Sassafras',0,0,0,0,0,0,0,0.0,0.0,0.0,0.0,0.0,0.0,0.0,0.0
913,1000,Sequoia',0,0,0,0,0,0,0,0.0,0.0,0.0,0.0,0.0,0.0,0.0,0.0
913,1000,Sequoiadendron',0,0,0,0,0,0,0,0.0,0.0,0.0,0.0,0.0,0.0,0.0,0.0
913,1000,Sorbus',0,0,0,0,0,0,0,0.0,0.0,0.0,0.0,0.0,0.0,0.0,0.0
913,1000,Taxodium',0,0,0,0,0,0,0,0.0,0.0,0.0,0.0,0.0,0.0,0.0,0.0
913,1000,Taxus',0,0,0,0,0,0,0,0.0,0.0,0.0,0.0,0.0,0.0,0.0,0.0
913,1000,Thuja',0,0,0,0,0,0,0,0.0,0.0,0.0,0.0,0.0,0.0,0.0,0.0
913,1000,Tilia',0,0,0,0,0,0,0,0.0,0.0,0.0,0.0,0.0,0.0,0.0,0.0
913,1000,Torreya',0,0,0,0,0,0,0,0.0,0.0,0.0,0.0,0.0,0.0,0.0,0.0
913,1000,Tsuga',0,0,0,0,0,0,0,0.0,0.0,0.0,0.0,0.0,0.0,0.0,0.0
913,1000,Ulmus',0,0,0,0,0,0,0,0.0,0.0,0.0,0.0,0.0,0.0,0.0,0.0
913,1000,Umbellularia',0,47,0,0,0,0,0,2.6567273139953613,2.5902440547943115,10.293050665855407,0.022154482367440644,41.46211152791977,655.1452940854351,0.00024081542206741912,3.804964365313311
