siteID,year,genus,<0,0-8,8-28,-48,-68,-88,>88,max_diam,max_hgt,leaf_area_ind,basal_area,total_biomC,pl_biomC_std,total_biomN,pl_biomN_std
978,10,Abies',0,0,0,0,0,0,0,0.0,0.0,0.0,0.0,0.0,0.0,0.0,0.0
978,10,Acer',0,3235,6,0,0,0,0,8.072670936584473,6.6459641456604,1054.0943036240205,3.1530564066419147,4660.081551029832,9276.336432714586,0.025530009864221284,50.85498481513586
978,10,Aesculus',0,0,0,0,0,0,0,0.0,0.0,0.0,0.0,0.0,0.0,0.0,0.0
978,10,Ailanthus',0,686,11,0,0,0,0,11.175191879272461,6.253020763397217,197.35110781332358,0.8581826966851883,1011.791468166709,4477.0670523542085,0.00508940433124638,22.307630882276023
978,10,Alnus',0,38,0,0,0,0,0,3.3070526123046875,3.3067822456359863,13.234713275598573,0.03277784942382053,42.78698827385902,956.7461433283557,0.00028560324662179205,6.386282740409658
978,10,Amelanchier',0,0,0,0,0,0,0,0.0,0.0,0.0,0.0,0.0,0.0,0.0,0.0
978,10,Arbutus',0,0,0,0,0,0,0,0.0,0.0,0.0,0.0,0.0,0.0,0.0,0.0
978,10,Asimina',0,0,0,0,0,0,0,0.0,0.0,0.0,0.0,0.0,0.0,0.0,0.0
978,10,Betula',0,319,6,0,0,0,0,10.929031372070312,6.156534671783447,125.27734463869392,0.4881737012927934,691.1363876399398,4051.4229888755694,0.003339295603827576,19.15611656233399
978,10,Calocedrus',0,0,0,0,0,0,0,0.0,0.0,0.0,0.0,0.0,0.0,0.0,0.0
978,10,Carpinus',0,0,0,0,0,0,0,0.0,0.0,0.0,0.0,0.0,0.0,0.0,0.0
978,10,Carya',0,83,3,0,0,0,0,10.042195320129395,8.301899909973145,38.555631783755516,0.12383205913169665,226.19594444453716,2534.061992602061,0.0010576873836685,11.852145782542342
978,10,Castanea',0,0,0,0,0,0,0,0.0,0.0,0.0,0.0,0.0,0.0,0.0,0.0
978,10,Catalpa',0,87,0,0,0,0,0,3.758168935775757,3.013082981109619,10.852638126551348,0.0481978510334927,49.757322382926944,722.6198441455632,0.0002668015833888182,4.132299083466216
978,10,Celtis',0,141,0,0,0,0,0,5.437457084655762,4.312906265258789,42.42968536630461,0.1796377096627718,206.3155403470993,2075.536152733435,0.0010692778595536914,10.827016783854367
978,10,Cercis',0,0,0,0,0,0,0,0.0,0.0,0.0,0.0,0.0,0.0,0.0,0.0
978,10,Cercocarpus',0,0,0,0,0,0,0,0.0,0.0,0.0,0.0,0.0,0.0,0.0,0.0
978,10,Chamaecyparis',0,0,0,0,0,0,0,0.0,0.0,0.0,0.0,0.0,0.0,0.0,0.0
978,10,Chilopsis',0,0,0,0,0,0,0,0.0,0.0,0.0,0.0,0.0,0.0,0.0,0.0
978,10,Chrysolepis',0,0,0,0,0,0,0,0.0,0.0,0.0,0.0,0.0,0.0,0.0,0.0
978,10,Cladrastis',0,0,0,0,0,0,0,0.0,0.0,0.0,0.0,0.0,0.0,0.0,0.0
978,10,Comus',0,0,0,0,0,0,0,0.0,0.0,0.0,0.0,0.0,0.0,0.0,0.0
978,10,Cornus',0,0,0,0,0,0,0,0.0,0.0,0.0,0.0,0.0,0.0,0.0,0.0
978,10,Crataegus',0,38,0,0,0,0,0,2.6214687824249268,2.743971586227417,9.665961129755912,0.021028011710436403,40.58807603359222,907.5769708704242,0.0002293426028639078,5.128256501404438
978,10,Cupressus',0,0,0,0,0,0,0,0.0,0.0,0.0,0.0,0.0,0.0,0.0,0.0
978,10,Diospyros',0,0,0,0,0,0,0,0.0,0.0,0.0,0.0,0.0,0.0,0.0,0.0
978,10,Elaeagnus',0,683,19,0,0,0,0,14.004414558410645,5.954530239105225,233.02397208877753,1.011869004018501,1158.8957494676113,5101.420535999227,0.005929833417645193,26.03578354385245
978,10,Fagus',0,0,0,0,0,0,0,0.0,0.0,0.0,0.0,0.0,0.0,0.0,0.0
978,10,Fraxinus',0,1712,11,0,0,0,0,10.063224792480469,5.81298303604126,507.39762391399915,1.620401305596234,2303.2724975414576,6472.536311896609,0.012422653996739285,35.19207322975698
978,10,Gleditsia',0,61,0,0,0,0,0,5.542400360107422,4.58766508102417,21.46793853444389,0.11488146069091508,145.060773986578,2295.982056912084,0.0006314001865088951,9.986000004799525
978,10,Gordonia',0,0,0,0,0,0,0,0.0,0.0,0.0,0.0,0.0,0.0,0.0,0.0
978,10,Gymnocladus',0,0,0,0,0,0,0,0.0,0.0,0.0,0.0,0.0,0.0,0.0,0.0
978,10,Halesia',0,0,0,0,0,0,0,0.0,0.0,0.0,0.0,0.0,0.0,0.0,0.0
978,10,Ilex',0,0,0,0,0,0,0,0.0,0.0,0.0,0.0,0.0,0.0,0.0,0.0
978,10,Juglans',0,0,0,0,0,0,0,0.0,0.0,0.0,0.0,0.0,0.0,0.0,0.0
978,10,Juniperus',0,0,0,0,0,0,0,0.0,0.0,0.0,0.0,0.0,0.0,0.0,0.0
978,10,Larix',0,0,0,0,0,0,0,0.0,0.0,0.0,0.0,0.0,0.0,0.0,0.0
978,10,Liquidambar',0,0,0,0,0,0,0,0.0,0.0,0.0,0.0,0.0,0.0,0.0,0.0
978,10,Liriodendron',0,1231,1,0,0,0,0,9.454370498657227,5.467418193817139,385.7173431556247,0.9361571548676533,1176.2088505458833,4100.676596744876,0.0081664128595111,29.277685938225517
978,10,Lithocarpus',0,0,0,0,0,0,0,0.0,0.0,0.0,0.0,0.0,0.0,0.0,0.0
978,10,Maclura',0,26,0,0,0,0,0,1.6613160371780396,2.1891767978668213,0.12217894715221621,0.0010886335056647478,6.207821038663387,125.81651736237447,1.5553991799242792e-05,0.28648285819694896
978,10,Magnolia',0,23,0,0,0,0,0,4.403489112854004,3.554490089416504,5.0019336538978765,0.036002379663112344,30.479709198474886,681.5470170221619,0.00013973829731158774,3.1246433184878653
978,10,Malus',0,0,0,0,0,0,0,0.0,0.0,0.0,0.0,0.0,0.0,0.0,0.0
978,10,Morus',0,12,0,0,0,0,0,3.7794625759124756,3.5762526988983154,5.34328874907916,0.014090928766520445,21.355394158363342,477.52113024402666,0.00012437604146078228,2.7811328347864555
978,10,Nyssa',0,29,0,0,0,0,0,1.835702896118164,2.2277965545654297,3.2251286747146253,0.0060831542377155386,11.633525281846524,186.72078071401458,7.227979694865631e-05,1.1635834639910905
978,10,Olneya',0,0,0,0,0,0,0,0.0,0.0,0.0,0.0,0.0,0.0,0.0,0.0
978,10,Ostrya',0,26,0,0,0,0,0,3.991260528564453,4.49046516418457,11.15410171354873,0.03252994909649454,60.88508611917496,1361.4319137840407,0.00029586967844515724,6.6158471348437455
978,10,Oxydendron',0,0,0,0,0,0,0,0.0,0.0,0.0,0.0,0.0,0.0,0.0,0.0
978,10,Paulownia',0,515,2,0,0,0,0,9.97964096069336,5.156031131744385,176.12622850633494,0.49353708377088334,433.2996463546157,2320.0270868269213,0.003498323010830194,19.224201230586637
978,10,Persea',0,0,0,0,0,0,0,0.0,0.0,0.0,0.0,0.0,0.0,0.0,0.0
978,10,Picea',0,0,0,0,0,0,0,0.0,0.0,0.0,0.0,0.0,0.0,0.0,0.0
978,10,Pinus',0,198,2,0,0,0,0,8.725274085998535,6.162497043609619,80.77962020516395,0.24524467956157905,350.4257866203785,2823.4786144643103,0.0019455407085101932,15.541234959821645
978,10,Planera',0,0,0,0,0,0,0,0.0,0.0,0.0,0.0,0.0,0.0,0.0,0.0
978,10,Platanus',0,79,0,0,0,0,0,4.496689319610596,2.6227896213531494,42.56349326594721,0.08424896375635829,138.67153575837614,1748.9414839148483,0.0009208840992012929,11.69966771104735
978,10,Populus',0,622,11,0,0,0,0,8.935050010681152,4.846707820892334,213.37884080372277,0.6773550209462269,719.6602179849148,3181.1520314843947,0.004670951880620325,21.331979979492605
978,10,Prosopis',0,0,0,0,0,0,0,0.0,0.0,0.0,0.0,0.0,0.0,0.0,0.0
978,10,Prunus',0,358,0,0,0,0,0,7.793526649475098,5.6204142570495605,106.10087877163025,0.6677800151042865,544.2913228663803,3381.892764847303,0.0027369173729317234,16.87444192200835
978,10,Pseudotsuga',0,0,0,0,0,0,0,0.0,0.0,0.0,0.0,0.0,0.0,0.0,0.0
978,10,Quercus',0,360,11,0,0,0,0,9.988166809082031,4.235154151916504,143.20531432245727,0.42705275970767426,680.6316971340775,4256.85147411192,0.0035740349469678555,22.718729676176046
978,10,Robinia',0,0,0,0,0,0,0,0.0,0.0,0.0,0.0,0.0,0.0,0.0,0.0
978,10,Salix',0,1175,9,0,0,0,0,9.449127197265625,5.766110420227051,345.56573230549213,1.4213199202733158,1285.897928934172,4661.843614312589,0.007832161658955056,27.675451097546432
978,10,Sassafras',0,0,0,0,0,0,0,0.0,0.0,0.0,0.0,0.0,0.0,0.0,0.0
978,10,Sequoia',0,0,0,0,0,0,0,0.0,0.0,0.0,0.0,0.0,0.0,0.0,0.0
978,10,Sequoiadendron',0,0,0,0,0,0,0,0.0,0.0,0.0,0.0,0.0,0.0,0.0,0.0
978,10,Sorbus',0,0,0,0,0,0,0,0.0,0.0,0.0,0.0,0.0,0.0,0.0,0.0
978,10,Taxodium',0,0,0,0,0,0,0,0.0,0.0,0.0,0.0,0.0,0.0,0.0,0.0
978,10,Taxus',0,0,0,0,0,0,0,0.0,0.0,0.0,0.0,0.0,0.0,0.0,0.0
978,10,Thuja',0,0,0,0,0,0,0,0.0,0.0,0.0,0.0,0.0,0.0,0.0,0.0
978,10,Tilia',0,0,0,0,0,0,0,0.0,0.0,0.0,0.0,0.0,0.0,0.0,0.0
978,10,Torreya',0,0,0,0,0,0,0,0.0,0.0,0.0,0.0,0.0,0.0,0.0,0.0
978,10,Tsuga',0,0,0,0,0,0,0,0.0,0.0,0.0,0.0,0.0,0.0,0.0,0.0
978,10,Ulmus',0,117,6,0,0,0,0,9.849898338317871,4.933897972106934,47.09968178898473,0.14989555279226452,197.24334377408027,2111.434905203443,0.001116344630002051,12.148283600364225
978,10,Umbellularia',0,0,0,0,0,0,0,0.0,0.0,0.0,0.0,0.0,0.0,0.0,0.0
978,20,Abies',0,0,0,0,0,0,0,0.0,0.0,0.0,0.0,0.0,0.0,0.0,0.0
978,20,Acer',0,2719,147,0,0,0,0,12.520526885986328,8.873723030090332,962.7311770323238,5.120962516021229,6315.206863928885,13869.127097488636,0.02789284313115433,58.315328659682876
978,20,Aesculus',0,0,0,0,0,0,0,0.0,0.0,0.0,0.0,0.0,0.0,0.0,0.0
978,20,Ailanthus',0,306,92,0,0,0,0,18.672943115234375,8.95468521118164,157.05444170515744,1.1759980874003582,1219.575836635828,7045.296470931812,0.004971054454972025,27.046407589734827
978,20,Alnus',0,40,0,0,0,0,0,3.9052021503448486,3.647282361984253,7.123194069047517,0.04791118497102632,41.827538907527924,935.2922032875047,0.00019549242034554113,4.37134340978591
978,20,Amelanchier',0,0,0,0,0,0,0,0.0,0.0,0.0,0.0,0.0,0.0,0.0,0.0
978,20,Arbutus',0,0,0,0,0,0,0,0.0,0.0,0.0,0.0,0.0,0.0,0.0,0.0
978,20,Asimina',0,0,0,0,0,0,0,0.0,0.0,0.0,0.0,0.0,0.0,0.0,0.0
978,20,Betula',0,361,96,0,0,0,0,16.801862716674805,8.321664810180664,133.87617946378413,1.0259610465483486,1218.7340155932307,7042.4064587588555,0.004635519791928568,25.643350497827562
978,20,Calocedrus',0,0,0,0,0,0,0,0.0,0.0,0.0,0.0,0.0,0.0,0.0,0.0
978,20,Carpinus',0,0,0,0,0,0,0,0.0,0.0,0.0,0.0,0.0,0.0,0.0,0.0
978,20,Carya',0,129,3,0,0,0,0,14.622689247131348,11.001189231872559,46.539449430530574,0.2562558550104127,411.72413536012175,4464.277545213166,0.0015849037597286436,16.543037630862322
978,20,Castanea',0,0,0,0,0,0,0,0.0,0.0,0.0,0.0,0.0,0.0,0.0,0.0
978,20,Catalpa',0,45,0,0,0,0,0,6.368406295776367,4.142358779907227,12.696242559748358,0.08896513738853294,69.90182706415654,1143.6319564626401,0.00033810685550421463,5.382238615211606
978,20,Celtis',0,203,18,0,0,0,0,8.88545036315918,6.084629535675049,56.222178098993204,0.4467798151763562,444.49428332835436,4125.054500168005,0.0017971145489606927,14.693465726974207
978,20,Cercis',0,0,0,0,0,0,0,0.0,0.0,0.0,0.0,0.0,0.0,0.0,0.0
978,20,Cercocarpus',0,0,0,0,0,0,0,0.0,0.0,0.0,0.0,0.0,0.0,0.0,0.0
978,20,Chamaecyparis',0,31,0,0,0,0,0,0.5183645486831665,1.8279463052749634,0.4812160742282867,0.0006609707166088101,1.5548421719670296,34.76732790801719,1.0406103478046224e-05,0.2326875475780848
978,20,Chilopsis',0,0,0,0,0,0,0,0.0,0.0,0.0,0.0,0.0,0.0,0.0,0.0
978,20,Chrysolepis',0,0,0,0,0,0,0,0.0,0.0,0.0,0.0,0.0,0.0,0.0,0.0
978,20,Cladrastis',0,28,0,0,0,0,0,3.5822765827178955,3.1584668159484863,11.665615790252442,0.028301223627063346,43.43087157011032,971.1438115282979,0.000264446068044749,5.913193845305942
978,20,Comus',0,0,0,0,0,0,0,0.0,0.0,0.0,0.0,0.0,0.0,0.0,0.0
978,20,Cornus',0,0,0,0,0,0,0,0.0,0.0,0.0,0.0,0.0,0.0,0.0,0.0
978,20,Crataegus',0,38,0,0,0,0,0,2.4361021518707275,2.6514246463775635,8.545136415882954,0.018159329977450626,35.79749458909035,800.4563132538592,0.00020256197345628964,4.529423423047729
978,20,Cupressus',0,0,0,0,0,0,0,0.0,0.0,0.0,0.0,0.0,0.0,0.0,0.0
978,20,Diospyros',0,0,0,0,0,0,0,0.0,0.0,0.0,0.0,0.0,0.0,0.0,0.0
978,20,Elaeagnus',0,467,22,0,0,0,0,15.1636962890625,6.179620265960693,186.27865124823924,0.81521654715434,927.4507846540213,5422.907419529539,0.004742586412442833,24.37671834091473
978,20,Fagus',0,0,0,0,0,0,0,0.0,0.0,0.0,0.0,0.0,0.0,0.0,0.0
978,20,Fraxinus',0,2164,103,0,0,0,0,13.192562103271484,7.024352073669434,660.2642255660759,4.114395265131702,4650.317538748831,11786.733888867442,0.01983890929628304,48.281705075428775
978,20,Gleditsia',0,64,0,0,0,0,0,7.384448528289795,5.594720840454102,12.966432176247427,0.20269665335321574,215.59209927856924,4030.8265031709298,0.0006657525525558721,11.755621693032825
978,20,Gordonia',0,0,0,0,0,0,0,0.0,0.0,0.0,0.0,0.0,0.0,0.0,0.0
978,20,Gymnocladus',0,0,0,0,0,0,0,0.0,0.0,0.0,0.0,0.0,0.0,0.0,0.0
978,20,Halesia',0,0,0,0,0,0,0,0.0,0.0,0.0,0.0,0.0,0.0,0.0,0.0
978,20,Ilex',0,0,0,0,0,0,0,0.0,0.0,0.0,0.0,0.0,0.0,0.0,0.0
978,20,Juglans',0,0,0,0,0,0,0,0.0,0.0,0.0,0.0,0.0,0.0,0.0,0.0
978,20,Juniperus',0,0,0,0,0,0,0,0.0,0.0,0.0,0.0,0.0,0.0,0.0,0.0
978,20,Larix',0,0,0,0,0,0,0,0.0,0.0,0.0,0.0,0.0,0.0,0.0,0.0
978,20,Liquidambar',0,0,0,0,0,0,0,0.0,0.0,0.0,0.0,0.0,0.0,0.0,0.0
978,20,Liriodendron',0,1383,38,0,0,0,0,11.05685043334961,6.121736526489258,438.09284283697036,2.086766125087424,1948.719483013898,6584.54346731388,0.010637077617671813,34.33268803942851
978,20,Lithocarpus',0,0,0,0,0,0,0,0.0,0.0,0.0,0.0,0.0,0.0,0.0,0.0
978,20,Maclura',0,0,1,0,0,0,0,8.247532844543457,5.272265911102295,1.1354953616480281,0.005342419523733202,9.488381206989288,212.166653752596,3.743137791752815e-05,0.8369910551507787
978,20,Magnolia',0,23,0,0,0,0,0,7.945941925048828,5.14521598815918,10.700483888010435,0.11722712842955224,93.56225745677948,2092.1156780169445,0.00036195553033054273,8.093571706510927
978,20,Malus',0,0,0,0,0,0,0,0.0,0.0,0.0,0.0,0.0,0.0,0.0,0.0
978,20,Morus',0,64,0,0,0,0,0,5.342171669006348,4.438746452331543,12.969374202333295,0.052192533329665086,66.61101397052407,1061.782244551961,0.0003347258176556801,5.098590829329803
978,20,Nyssa',0,14,0,0,0,0,0,2.9846043586730957,2.7820608615875244,4.19602027988132,0.010130525661730403,14.506595448255538,324.37733544388095,9.264092324115273e-05,2.071514018655573
978,20,Olneya',0,0,0,0,0,0,0,0.0,0.0,0.0,0.0,0.0,0.0,0.0,0.0
978,20,Ostrya',0,26,0,0,0,0,0,6.048314094543457,5.832665920257568,8.299197907312006,0.07470194371322499,95.78462764620781,2141.80938616422,0.00033232629038393253,7.4310417600880205
978,20,Oxydendron',0,0,0,0,0,0,0,0.0,0.0,0.0,0.0,0.0,0.0,0.0,0.0
978,20,Paulownia',0,482,21,0,0,0,0,9.472185134887695,4.979560852050781,140.74268223741385,0.7257136278924029,495.5791343319416,3255.738018568025,0.0031273560750156187,19.45181998710508
978,20,Persea',0,0,0,0,0,0,0,0.0,0.0,0.0,0.0,0.0,0.0,0.0,0.0
978,20,Picea',0,0,0,0,0,0,0,0.0,0.0,0.0,0.0,0.0,0.0,0.0,0.0
978,20,Pinus',0,237,12,0,0,0,0,12.102405548095703,7.704255104064941,57.853680457174775,0.723349772789036,660.77113196522,5842.701808034854,0.0023040445707094293,19.374319754663613
978,20,Planera',0,0,0,0,0,0,0,0.0,0.0,0.0,0.0,0.0,0.0,0.0,0.0
978,20,Platanus',0,104,0,0,0,0,0,7.788914680480957,3.558760166168213,58.13424711646158,0.16535776682628253,221.02355295956136,2604.272396239625,0.0013280382325304603,16.138632351187695
978,20,Populus',0,343,41,0,0,0,0,15.493638038635254,7.625726699829102,163.0341120677281,0.7614191257487817,707.5652350884676,3801.8816336954533,0.003919333790244987,19.671745740906445
978,20,Prosopis',0,0,0,0,0,0,0,0.0,0.0,0.0,0.0,0.0,0.0,0.0,0.0
978,20,Prunus',0,103,76,0,0,0,0,14.429319381713867,7.892624855041504,64.13183345730545,0.7684291631977828,585.5302101534605,4999.831760598939,0.002224391625635325,16.97367318122793
978,20,Pseudotsuga',0,0,0,0,0,0,0,0.0,0.0,0.0,0.0,0.0,0.0,0.0,0.0
978,20,Quercus',0,123,72,0,0,0,0,15.870964050292969,5.821384429931641,110.89299787920487,0.7802470209574026,906.1005337125063,6740.268915670649,0.0036099230455271824,25.919556891027487
978,20,Robinia',0,0,0,0,0,0,0,0.0,0.0,0.0,0.0,0.0,0.0,0.0,0.0
978,20,Salix',0,1435,15,0,0,0,0,11.206851959228516,6.454211235046387,323.7177638997194,1.9857416185762875,1587.335371065736,6108.9988486706725,0.008187508999622652,28.791430209867087
978,20,Sassafras',0,0,0,0,0,0,0,0.0,0.0,0.0,0.0,0.0,0.0,0.0,0.0
978,20,Sequoia',0,0,0,0,0,0,0,0.0,0.0,0.0,0.0,0.0,0.0,0.0,0.0
978,20,Sequoiadendron',0,0,0,0,0,0,0,0.0,0.0,0.0,0.0,0.0,0.0,0.0,0.0
978,20,Sorbus',0,0,0,0,0,0,0,0.0,0.0,0.0,0.0,0.0,0.0,0.0,0.0
978,20,Taxodium',0,0,0,0,0,0,0,0.0,0.0,0.0,0.0,0.0,0.0,0.0,0.0
978,20,Taxus',0,0,0,0,0,0,0,0.0,0.0,0.0,0.0,0.0,0.0,0.0,0.0
978,20,Thuja',0,0,0,0,0,0,0,0.0,0.0,0.0,0.0,0.0,0.0,0.0,0.0
978,20,Tilia',0,0,0,0,0,0,0,0.0,0.0,0.0,0.0,0.0,0.0,0.0,0.0
978,20,Torreya',0,0,0,0,0,0,0,0.0,0.0,0.0,0.0,0.0,0.0,0.0,0.0
978,20,Tsuga',0,0,0,0,0,0,0,0.0,0.0,0.0,0.0,0.0,0.0,0.0,0.0
978,20,Ulmus',0,136,14,0,0,0,0,14.783650398254395,6.606525897979736,76.60054006342646,0.3739311166987506,429.16898532509805,3927.19472969871,0.002056416203847152,17.87318392452581
978,20,Umbellularia',0,0,0,0,0,0,0,0.0,0.0,0.0,0.0,0.0,0.0,0.0,0.0
978,30,Abies',0,0,0,0,0,0,0,0.0,0.0,0.0,0.0,0.0,0.0,0.0,0.0
978,30,Acer',0,2185,403,0,0,0,0,19.56270980834961,11.482735633850098,909.4879826636914,6.919881377910596,8171.174413708001,20391.647312524023,0.03125075015999725,71.0974088417205
978,30,Aesculus',0,0,0,0,0,0,0,0.0,0.0,0.0,0.0,0.0,0.0,0.0,0.0
978,30,Ailanthus',0,597,74,0,0,0,0,20.850751876831055,9.65936279296875,202.92419593286095,1.6050689527513107,1684.5700531537832,9643.129817292833,0.006664695500549865,32.96896423977646
978,30,Alnus',0,57,0,0,0,0,0,7.155746936798096,5.386316776275635,7.5331876926784265,0.16474750417955092,123.89073448181152,2636.8260169969217,0.00038375716955400325,7.70228452213963
978,30,Amelanchier',0,0,0,0,0,0,0,0.0,0.0,0.0,0.0,0.0,0.0,0.0,0.0
978,30,Arbutus',0,0,0,0,0,0,0,0.0,0.0,0.0,0.0,0.0,0.0,0.0,0.0
978,30,Asimina',0,0,0,0,0,0,0,0.0,0.0,0.0,0.0,0.0,0.0,0.0,0.0
978,30,Betula',0,312,101,0,0,0,0,22.68169403076172,10.226201057434082,143.05653991531344,1.843290219292231,2054.7244587132336,11862.975073956675,0.0066254327265592335,36.35930766350074
978,30,Calocedrus',0,0,0,0,0,0,0,0.0,0.0,0.0,0.0,0.0,0.0,0.0,0.0
978,30,Carpinus',0,0,0,0,0,0,0,0.0,0.0,0.0,0.0,0.0,0.0,0.0,0.0
978,30,Carya',0,75,30,0,0,0,0,19.055662155151367,13.358696937561035,39.93356735080103,0.3846195973950866,568.42053196311,6644.733981216306,0.001838022613095115,20.12459760317556
978,30,Castanea',0,0,0,0,0,0,0,0.0,0.0,0.0,0.0,0.0,0.0,0.0,0.0
978,30,Catalpa',0,0,21,0,0,0,0,10.28223991394043,5.747686862945557,8.595425346984138,0.1786930305447371,121.35523514986039,2713.585552205601,0.00039341421319544375,8.797009240196136
978,30,Celtis',0,177,28,0,0,0,0,9.629049301147461,6.453351020812988,61.20037288794034,0.6121786252322383,577.65504357934,5411.5635214063805,0.0021646912542022632,18.60390701518623
978,30,Cercis',0,0,0,0,0,0,0,0.0,0.0,0.0,0.0,0.0,0.0,0.0,0.0
978,30,Cercocarpus',0,0,0,0,0,0,0,0.0,0.0,0.0,0.0,0.0,0.0,0.0,0.0
978,30,Chamaecyparis',0,0,0,0,0,0,0,0.0,0.0,0.0,0.0,0.0,0.0,0.0,0.0
978,30,Chilopsis',0,0,0,0,0,0,0,0.0,0.0,0.0,0.0,0.0,0.0,0.0,0.0
978,30,Chrysolepis',0,0,0,0,0,0,0,0.0,0.0,0.0,0.0,0.0,0.0,0.0,0.0
978,30,Cladrastis',0,0,0,0,0,0,0,0.0,0.0,0.0,0.0,0.0,0.0,0.0,0.0
978,30,Comus',0,0,0,0,0,0,0,0.0,0.0,0.0,0.0,0.0,0.0,0.0,0.0
978,30,Cornus',0,0,0,0,0,0,0,0.0,0.0,0.0,0.0,0.0,0.0,0.0,0.0
978,30,Crataegus',0,0,0,0,0,0,0,0.0,0.0,0.0,0.0,0.0,0.0,0.0,0.0
978,30,Cupressus',0,0,0,0,0,0,0,0.0,0.0,0.0,0.0,0.0,0.0,0.0,0.0
978,30,Diospyros',0,0,0,0,0,0,0,0.0,0.0,0.0,0.0,0.0,0.0,0.0,0.0
978,30,Elaeagnus',0,309,44,0,0,0,0,11.344863891601562,5.367913722991943,154.97266209106652,0.6770912958626057,764.7772175341845,5005.013133026443,0.003930422481564337,24.088041187879238
978,30,Fagus',0,0,0,0,0,0,0,0.0,0.0,0.0,0.0,0.0,0.0,0.0,0.0
978,30,Fraxinus',0,1458,324,0,0,0,0,19.06163215637207,9.082944869995117,578.3395677592746,5.447600922545179,5825.299607202709,17317.10685893199,0.021270629653378878,58.07489868202837
978,30,Gleditsia',0,59,39,0,0,0,0,9.47105884552002,6.687356948852539,13.353603471872171,0.2889397938423374,324.08373688519004,6766.4470986913375,0.0009124185917638227,17.98874280114481
978,30,Gordonia',0,0,0,0,0,0,0,0.0,0.0,0.0,0.0,0.0,0.0,0.0,0.0
978,30,Gymnocladus',0,0,0,0,0,0,0,0.0,0.0,0.0,0.0,0.0,0.0,0.0,0.0
978,30,Halesia',0,0,0,0,0,0,0,0.0,0.0,0.0,0.0,0.0,0.0,0.0,0.0
978,30,Ilex',0,0,0,0,0,0,0,0.0,0.0,0.0,0.0,0.0,0.0,0.0,0.0
978,30,Juglans',0,0,0,0,0,0,0,0.0,0.0,0.0,0.0,0.0,0.0,0.0,0.0
978,30,Juniperus',0,0,0,0,0,0,0,0.0,0.0,0.0,0.0,0.0,0.0,0.0,0.0
978,30,Larix',0,0,0,0,0,0,0,0.0,0.0,0.0,0.0,0.0,0.0,0.0,0.0
978,30,Liquidambar',0,0,0,0,0,0,0,0.0,0.0,0.0,0.0,0.0,0.0,0.0,0.0
978,30,Liriodendron',0,1649,232,0,0,0,0,11.83349609375,6.433714866638184,676.2897514502364,3.6747332363204404,3308.070248153657,10223.375917361533,0.017086833960434856,46.72891266184864
978,30,Lithocarpus',0,0,0,0,0,0,0,0.0,0.0,0.0,0.0,0.0,0.0,0.0,0.0
978,30,Maclura',0,0,1,0,0,0,0,13.328756332397461,7.233519077301025,3.407659032676793,0.013953049612936596,31.984527349472046,715.19577381621,0.00012013187557458874,2.686230400493261
978,30,Magnolia',0,28,0,0,0,0,0,3.6570510864257812,3.735991954803467,11.014381586750849,0.029495043374135946,36.124186277389526,807.7613614810807,0.00023883411352336616,5.340493131841488
978,30,Malus',0,0,0,0,0,0,0,0.0,0.0,0.0,0.0,0.0,0.0,0.0,0.0
978,30,Morus',0,81,0,0,0,0,0,5.68245267868042,4.620819568634033,44.24436859692199,0.1805429945934262,232.4393376016617,2632.928724618012,0.0011534541183672946,12.923648861447731
978,30,Nyssa',0,0,0,0,0,0,0,0.0,0.0,0.0,0.0,0.0,0.0,0.0,0.0
978,30,Olneya',0,0,0,0,0,0,0,0.0,0.0,0.0,0.0,0.0,0.0,0.0,0.0
978,30,Ostrya',0,0,26,0,0,0,0,8.091411590576172,6.996034622192383,10.525645806065087,0.13369396880340864,172.6900470852852,3861.46684320335,0.0005352781720459406,11.969183795665435
978,30,Oxydendron',0,0,0,0,0,0,0,0.0,0.0,0.0,0.0,0.0,0.0,0.0,0.0
978,30,Paulownia',0,316,22,0,0,0,0,16.26236343383789,7.186403751373291,97.97934963026,0.630060959041984,412.38664102762937,3902.394963131446,0.002326881914366041,17.16545410932021
978,30,Persea',0,0,0,0,0,0,0,0.0,0.0,0.0,0.0,0.0,0.0,0.0,0.0
978,30,Picea',0,0,0,0,0,0,0,0.0,0.0,0.0,0.0,0.0,0.0,0.0,0.0
978,30,Pinus',0,177,117,0,0,0,0,16.938594818115234,9.637377738952637,98.148125012815,1.341951020890611,1308.6079918679595,10652.130955650577,0.004325712867193537,31.73728294815887
978,30,Planera',0,0,0,0,0,0,0,0.0,0.0,0.0,0.0,0.0,0.0,0.0,0.0
978,30,Platanus',0,62,16,0,0,0,0,15.98175048828125,5.7741169929504395,66.62390520489667,0.22107002809151557,269.9733511221409,3266.9221846740793,0.0015590289135910625,18.790496782113124
978,30,Populus',0,270,15,0,0,0,0,19.8492488861084,9.86864185333252,146.770418941786,0.7007552426810556,684.2876926153898,4601.121884303894,0.003633481048196089,21.973226804750126
978,30,Prosopis',0,0,0,0,0,0,0,0.0,0.0,0.0,0.0,0.0,0.0,0.0,0.0
978,30,Prunus',0,10,29,0,0,0,0,9.54836654663086,5.756426811218262,12.83368020023726,0.21963631028129174,179.30178392589093,3824.119752620026,0.0005831963593810794,11.877866010598602
978,30,Pseudotsuga',0,0,0,0,0,0,0,0.0,0.0,0.0,0.0,0.0,0.0,0.0,0.0
978,30,Quercus',0,115,80,0,0,0,0,22.393301010131836,7.466157913208008,121.35891290122194,1.180845205134019,1335.0101940089464,9895.927876797987,0.004713718283331022,32.54733148836306
978,30,Robinia',0,0,0,0,0,0,0,0.0,0.0,0.0,0.0,0.0,0.0,0.0,0.0
978,30,Salix',0,1016,137,0,0,0,0,15.012247085571289,7.814212322235107,277.25959723037255,2.5992768469729435,1945.1469222784042,9098.201640594853,0.008313854650271613,33.46659733993928
978,30,Sassafras',0,0,0,0,0,0,0,0.0,0.0,0.0,0.0,0.0,0.0,0.0,0.0
978,30,Sequoia',0,0,0,0,0,0,0,0.0,0.0,0.0,0.0,0.0,0.0,0.0,0.0
978,30,Sequoiadendron',0,0,0,0,0,0,0,0.0,0.0,0.0,0.0,0.0,0.0,0.0,0.0
978,30,Sorbus',0,0,0,0,0,0,0,0.0,0.0,0.0,0.0,0.0,0.0,0.0,0.0
978,30,Taxodium',0,0,0,0,0,0,0,0.0,0.0,0.0,0.0,0.0,0.0,0.0,0.0
978,30,Taxus',0,0,0,0,0,0,0,0.0,0.0,0.0,0.0,0.0,0.0,0.0,0.0
978,30,Thuja',0,0,0,0,0,0,0,0.0,0.0,0.0,0.0,0.0,0.0,0.0,0.0
978,30,Tilia',0,0,0,0,0,0,0,0.0,0.0,0.0,0.0,0.0,0.0,0.0,0.0
978,30,Torreya',0,0,0,0,0,0,0,0.0,0.0,0.0,0.0,0.0,0.0,0.0,0.0
978,30,Tsuga',0,0,0,0,0,0,0,0.0,0.0,0.0,0.0,0.0,0.0,0.0,0.0
978,30,Ulmus',0,18,38,0,0,0,0,20.91094207763672,8.557161331176758,47.42723621428013,0.5708449757783715,603.3212475556136,6634.4640800012785,0.0020234552920013584,20.04407679605648
978,30,Umbellularia',0,0,0,0,0,0,0,0.0,0.0,0.0,0.0,0.0,0.0,0.0,0.0
978,40,Abies',0,0,0,0,0,0,0,0.0,0.0,0.0,0.0,0.0,0.0,0.0,0.0
978,40,Acer',0,2355,631,0,0,0,0,27.234769821166992,12.799233436584473,911.4853390454773,9.175688402440445,10456.02461058244,26560.8630903363,0.03635694791917206,81.24674939522475
978,40,Aesculus',0,0,0,0,0,0,0,0.0,0.0,0.0,0.0,0.0,0.0,0.0,0.0
978,40,Ailanthus',0,402,46,0,0,0,0,27.741323471069336,11.67878532409668,126.49696327793069,1.3497998590760412,1462.2279510143399,11782.91206323567,0.00507038951713313,33.17077930887257
978,40,Alnus',0,0,0,0,0,0,0,0.0,0.0,0.0,0.0,0.0,0.0,0.0,0.0
978,40,Amelanchier',0,0,0,0,0,0,0,0.0,0.0,0.0,0.0,0.0,0.0,0.0,0.0
978,40,Arbutus',0,0,0,0,0,0,0,0.0,0.0,0.0,0.0,0.0,0.0,0.0,0.0
978,40,Asimina',0,0,0,0,0,0,0,0.0,0.0,0.0,0.0,0.0,0.0,0.0,0.0
978,40,Betula',0,324,127,2,0,0,0,28.294612884521484,11.828032493591309,173.77624778194894,2.2331949036637098,2613.5318293842674,15964.824234594273,0.008309454205774702,45.53225533065543
978,40,Calocedrus',0,0,0,0,0,0,0,0.0,0.0,0.0,0.0,0.0,0.0,0.0,0.0
978,40,Carpinus',0,0,0,0,0,0,0,0.0,0.0,0.0,0.0,0.0,0.0,0.0,0.0
978,40,Carya',0,78,30,0,0,0,0,23.120752334594727,15.321065902709961,28.276136893236746,0.5210263397413588,754.2766411127895,9418.302510091631,0.0020832209990257386,24.327763611824885
978,40,Castanea',0,0,0,0,0,0,0,0.0,0.0,0.0,0.0,0.0,0.0,0.0,0.0
978,40,Catalpa',0,16,0,0,0,0,0,4.1273322105407715,3.175740957260132,9.3030763389189,0.02194181671817744,26.295741784572602,587.990661490858,0.00019235793452709762,4.301254176140424
978,40,Celtis',0,141,68,0,0,0,0,10.229599952697754,6.747770309448242,43.53250961656434,0.9634521585491079,838.6224836215378,7164.171286822303,0.002490280161246662,20.38207955869897
978,40,Cercis',0,0,0,0,0,0,0,0.0,0.0,0.0,0.0,0.0,0.0,0.0,0.0
978,40,Cercocarpus',0,0,0,0,0,0,0,0.0,0.0,0.0,0.0,0.0,0.0,0.0,0.0
978,40,Chamaecyparis',0,0,0,0,0,0,0,0.0,0.0,0.0,0.0,0.0,0.0,0.0,0.0
978,40,Chilopsis',0,0,0,0,0,0,0,0.0,0.0,0.0,0.0,0.0,0.0,0.0,0.0
978,40,Chrysolepis',0,0,0,0,0,0,0,0.0,0.0,0.0,0.0,0.0,0.0,0.0,0.0
978,40,Cladrastis',0,0,0,0,0,0,0,0.0,0.0,0.0,0.0,0.0,0.0,0.0,0.0
978,40,Comus',0,0,0,0,0,0,0,0.0,0.0,0.0,0.0,0.0,0.0,0.0,0.0
978,40,Cornus',0,0,0,0,0,0,0,0.0,0.0,0.0,0.0,0.0,0.0,0.0,0.0
978,40,Crataegus',0,0,0,0,0,0,0,0.0,0.0,0.0,0.0,0.0,0.0,0.0,0.0
978,40,Cupressus',0,0,0,0,0,0,0,0.0,0.0,0.0,0.0,0.0,0.0,0.0,0.0
978,40,Diospyros',0,0,0,0,0,0,0,0.0,0.0,0.0,0.0,0.0,0.0,0.0,0.0
978,40,Elaeagnus',0,236,0,0,0,0,0,5.383011817932129,3.609257221221924,68.85564073307226,0.22448583174565376,282.69544144362214,2554.0433521081045,0.0016194273054599727,14.467677721127647
978,40,Fagus',0,0,0,0,0,0,0,0.0,0.0,0.0,0.0,0.0,0.0,0.0,0.0
978,40,Fraxinus',0,1441,352,0,0,0,0,19.601058959960938,9.259135246276855,588.1738407028059,5.538334021881081,6063.9550752964615,20245.71455195693,0.021942544981326025,63.747969684190984
978,40,Gleditsia',0,34,39,0,0,0,0,11.216038703918457,7.563448429107666,10.618289796800552,0.41482116087459847,467.7759531337023,9857.981952053533,0.001192358351308869,24.48321436657647
978,40,Gordonia',0,0,0,0,0,0,0,0.0,0.0,0.0,0.0,0.0,0.0,0.0,0.0
978,40,Gymnocladus',0,0,0,0,0,0,0,0.0,0.0,0.0,0.0,0.0,0.0,0.0,0.0
978,40,Halesia',0,0,0,0,0,0,0,0.0,0.0,0.0,0.0,0.0,0.0,0.0,0.0
978,40,Ilex',0,0,0,0,0,0,0,0.0,0.0,0.0,0.0,0.0,0.0,0.0,0.0
978,40,Juglans',0,0,0,0,0,0,0,0.0,0.0,0.0,0.0,0.0,0.0,0.0,0.0
978,40,Juniperus',0,0,0,0,0,0,0,0.0,0.0,0.0,0.0,0.0,0.0,0.0,0.0
978,40,Larix',0,0,0,0,0,0,0,0.0,0.0,0.0,0.0,0.0,0.0,0.0,0.0
978,40,Liquidambar',0,0,0,0,0,0,0,0.0,0.0,0.0,0.0,0.0,0.0,0.0,0.0
978,40,Liriodendron',0,1691,341,0,0,0,0,15.082974433898926,7.703569412231445,669.0027769942637,5.720064754178842,4686.6657313916085,14437.175649853623,0.020045479308125114,53.23375766618639
978,40,Lithocarpus',0,0,0,0,0,0,0,0.0,0.0,0.0,0.0,0.0,0.0,0.0,0.0
978,40,Maclura',0,20,0,0,0,0,0,5.220422267913818,3.93796443939209,7.522758486904674,0.04469219064678548,67.38062865257264,1506.6766603382289,0.0002580290183275961,5.769704251480382
978,40,Magnolia',0,54,0,0,0,0,0,6.250240325927734,5.2448225021362305,14.827201081604896,0.13781755224155331,108.16250176072121,1754.2019857770747,0.0004538069073017718,7.273888577118529
978,40,Malus',0,0,0,0,0,0,0,0.0,0.0,0.0,0.0,0.0,0.0,0.0,0.0
978,40,Morus',0,53,21,0,0,0,0,8.513788223266602,6.060203552246094,17.02782738152184,0.14669011593538953,155.2569839423895,2702.815264412485,0.0005901405517696443,9.058845743899962
978,40,Nyssa',0,0,0,0,0,0,0,0.0,0.0,0.0,0.0,0.0,0.0,0.0,0.0
978,40,Olneya',0,0,0,0,0,0,0,0.0,0.0,0.0,0.0,0.0,0.0,0.0,0.0
978,40,Ostrya',0,0,0,0,0,0,0,0.0,0.0,0.0,0.0,0.0,0.0,0.0,0.0
978,40,Oxydendron',0,0,0,0,0,0,0,0.0,0.0,0.0,0.0,0.0,0.0,0.0,0.0
978,40,Paulownia',0,277,0,0,0,0,0,6.402440547943115,3.8693385124206543,73.93981921050367,0.3456758077993588,240.9859807994962,2192.985983838103,0.0015999291807014952,14.478638399156887
978,40,Persea',0,0,0,0,0,0,0,0.0,0.0,0.0,0.0,0.0,0.0,0.0,0.0
978,40,Picea',0,0,0,0,0,0,0,0.0,0.0,0.0,0.0,0.0,0.0,0.0,0.0
978,40,Pinus',0,291,115,0,0,0,0,27.462169647216797,12.927634239196777,140.8474610108137,2.087279823959314,2145.7297306126356,15837.188073903824,0.006802751668203797,43.06785864804276
978,40,Planera',0,0,0,0,0,0,0,0.0,0.0,0.0,0.0,0.0,0.0,0.0,0.0
978,40,Platanus',0,28,16,0,0,0,0,19.823890686035156,6.759541034698486,45.06948461260976,0.27911419543674515,276.23925659656527,4044.367535102465,0.0012626652662754067,17.654227209074577
978,40,Populus',0,291,58,1,0,0,0,30.74211883544922,11.416060447692871,136.66690485434063,0.8180586215343318,733.3116403380036,4649.742560889423,0.0035969774365029396,20.70580964024002
978,40,Prosopis',0,0,0,0,0,0,0,0.0,0.0,0.0,0.0,0.0,0.0,0.0,0.0
978,40,Prunus',0,33,29,0,0,0,0,11.654733657836914,6.658657550811768,20.474321258407603,0.3439585853856191,288.5747597938776,5829.986972478262,0.0009360164676280709,16.688061931345253
978,40,Pseudotsuga',0,0,0,0,0,0,0,0.0,0.0,0.0,0.0,0.0,0.0,0.0,0.0
978,40,Quercus',0,35,78,0,0,0,0,14.29160213470459,8.209895133972168,89.04527866953535,0.9309850210107244,1045.3413367688656,9675.946442130818,0.0036048370225429563,32.28348009780718
978,40,Robinia',0,0,0,0,0,0,0,0.0,0.0,0.0,0.0,0.0,0.0,0.0,0.0
978,40,Salix',0,1138,96,0,0,0,0,15.256698608398438,9.467808723449707,313.11274333680166,2.1945665254646753,1803.6787681530416,8267.035848955908,0.008515606953159458,31.728938253463525
978,40,Sassafras',0,0,0,0,0,0,0,0.0,0.0,0.0,0.0,0.0,0.0,0.0,0.0
978,40,Sequoia',0,0,0,0,0,0,0,0.0,0.0,0.0,0.0,0.0,0.0,0.0,0.0
978,40,Sequoiadendron',0,0,0,0,0,0,0,0.0,0.0,0.0,0.0,0.0,0.0,0.0,0.0
978,40,Sorbus',0,0,0,0,0,0,0,0.0,0.0,0.0,0.0,0.0,0.0,0.0,0.0
978,40,Taxodium',0,0,0,0,0,0,0,0.0,0.0,0.0,0.0,0.0,0.0,0.0,0.0
978,40,Taxus',0,0,0,0,0,0,0,0.0,0.0,0.0,0.0,0.0,0.0,0.0,0.0
978,40,Thuja',0,0,0,0,0,0,0,0.0,0.0,0.0,0.0,0.0,0.0,0.0,0.0
978,40,Tilia',0,0,0,0,0,0,0,0.0,0.0,0.0,0.0,0.0,0.0,0.0,0.0
978,40,Torreya',0,0,0,0,0,0,0,0.0,0.0,0.0,0.0,0.0,0.0,0.0,0.0
978,40,Tsuga',0,0,0,0,0,0,0,0.0,0.0,0.0,0.0,0.0,0.0,0.0,0.0
978,40,Ulmus',0,129,35,0,0,0,0,29.59771156311035,11.0994873046875,69.03804044345321,0.9458390667781671,1017.6781610123813,10298.091752962802,0.0032553479911610434,28.275168712991004
978,40,Umbellularia',0,0,0,0,0,0,0,0.0,0.0,0.0,0.0,0.0,0.0,0.0,0.0
978,50,Abies',0,0,0,0,0,0,0,0.0,0.0,0.0,0.0,0.0,0.0,0.0,0.0
978,50,Acer',0,2457,554,0,0,0,0,23.14995574951172,14.49774169921875,953.2157203003386,9.535006001521076,11293.487775586545,31375.868159840287,0.03881870950028156,91.38300534547093
978,50,Aesculus',0,0,0,0,0,0,0,0.0,0.0,0.0,0.0,0.0,0.0,0.0,0.0
978,50,Ailanthus',0,534,73,2,0,0,0,35.32125473022461,13.573363304138184,170.09917343719096,1.542171376179317,1644.8657317227126,12026.109735154467,0.006103929268414394,35.77302719524209
978,50,Alnus',0,22,0,0,0,0,0,4.666286468505859,4.071077823638916,6.579874640778649,0.03892287695064501,35.3714796257019,790.9303290781888,0.00017332423833757568,3.8756477907119047
978,50,Amelanchier',0,25,0,0,0,0,0,4.258345603942871,3.9338150024414062,5.839364241950118,0.03697229252761876,48.667405672073365,1088.2362737131466,0.0001922106864973879,4.297961610100546
978,50,Arbutus',0,0,0,0,0,0,0,0.0,0.0,0.0,0.0,0.0,0.0,0.0,0.0
978,50,Asimina',0,0,0,0,0,0,0,0.0,0.0,0.0,0.0,0.0,0.0,0.0,0.0
978,50,Betula',0,271,131,2,0,0,0,33.578460693359375,13.165328979492188,147.42421423898466,2.4008105365796406,2957.8195757079125,19297.666935312256,0.00869518588274018,51.743180300632154
978,50,Calocedrus',0,0,0,0,0,0,0,0.0,0.0,0.0,0.0,0.0,0.0,0.0,0.0
978,50,Carpinus',0,0,0,0,0,0,0,0.0,0.0,0.0,0.0,0.0,0.0,0.0,0.0
978,50,Carya',0,93,46,0,0,0,0,27.060806274414062,17.057355880737305,47.56867706539887,0.8494198625654857,1272.4458215937018,14109.435576885044,0.0035124349336922065,36.0018789314934
978,50,Castanea',0,0,0,0,0,0,0,0.0,0.0,0.0,0.0,0.0,0.0,0.0,0.0
978,50,Catalpa',0,0,17,0,0,0,0,9.180061340332031,5.305967330932617,5.874740851076343,0.11397298289799901,77.75253224372864,1555.4164029897588,0.0002573535586893574,4.701135741178738
978,50,Celtis',0,26,80,0,0,0,0,12.158169746398926,7.673258304595947,27.042868440569954,0.7283056855577531,655.7324811181426,7927.63824795502,0.0018464804252907735,20.969387522330074
978,50,Cercis',0,0,0,0,0,0,0,0.0,0.0,0.0,0.0,0.0,0.0,0.0,0.0
978,50,Cercocarpus',0,0,0,0,0,0,0,0.0,0.0,0.0,0.0,0.0,0.0,0.0,0.0
978,50,Chamaecyparis',0,0,0,0,0,0,0,0.0,0.0,0.0,0.0,0.0,0.0,0.0,0.0
978,50,Chilopsis',0,0,0,0,0,0,0,0.0,0.0,0.0,0.0,0.0,0.0,0.0,0.0
978,50,Chrysolepis',0,0,0,0,0,0,0,0.0,0.0,0.0,0.0,0.0,0.0,0.0,0.0
978,50,Cladrastis',0,0,0,0,0,0,0,0.0,0.0,0.0,0.0,0.0,0.0,0.0,0.0
978,50,Comus',0,0,0,0,0,0,0,0.0,0.0,0.0,0.0,0.0,0.0,0.0,0.0
978,50,Cornus',0,0,0,0,0,0,0,0.0,0.0,0.0,0.0,0.0,0.0,0.0,0.0
978,50,Crataegus',0,0,1,0,0,0,0,8.441250801086426,5.054807186126709,3.7841800647445867,0.010297251314721027,20.749408578872682,463.9708807527649,0.00010058517172932623,2.249152815152626
978,50,Cupressus',0,0,0,0,0,0,0,0.0,0.0,0.0,0.0,0.0,0.0,0.0,0.0
978,50,Diospyros',0,0,0,0,0,0,0,0.0,0.0,0.0,0.0,0.0,0.0,0.0,0.0
978,50,Elaeagnus',0,131,0,0,0,0,0,5.0245819091796875,3.4797489643096924,36.46675114060127,0.19568895064176725,203.48084215432405,2288.734445114169,0.000977138790817923,11.078252056718327
978,50,Fagus',0,0,0,0,0,0,0,0.0,0.0,0.0,0.0,0.0,0.0,0.0,0.0
978,50,Fraxinus',0,1592,360,0,0,0,0,18.715301513671875,10.603168487548828,563.6758763326591,6.2730851308923565,6781.50334516123,22558.451832009458,0.02318443482535497,66.92099903356893
978,50,Gleditsia',0,70,0,0,0,0,0,4.798435688018799,4.169250965118408,5.888111823344532,0.08697041626372443,91.3269251048565,1578.219533253272,0.00028771135814488263,4.838931374136749
978,50,Gordonia',0,0,0,0,0,0,0,0.0,0.0,0.0,0.0,0.0,0.0,0.0,0.0
978,50,Gymnocladus',0,0,0,0,0,0,0,0.0,0.0,0.0,0.0,0.0,0.0,0.0,0.0
978,50,Halesia',0,0,0,0,0,0,0,0.0,0.0,0.0,0.0,0.0,0.0,0.0,0.0
978,50,Ilex',0,0,0,0,0,0,0,0.0,0.0,0.0,0.0,0.0,0.0,0.0,0.0
978,50,Juglans',0,0,0,0,0,0,0,0.0,0.0,0.0,0.0,0.0,0.0,0.0,0.0
978,50,Juniperus',0,40,0,0,0,0,0,3.849214792251587,4.24501895904541,5.200660394132137,0.011657600038093525,19.419413410127163,325.193571172702,0.0001182749008852988,1.963146465442773
978,50,Larix',0,0,0,0,0,0,0,0.0,0.0,0.0,0.0,0.0,0.0,0.0,0.0
978,50,Liquidambar',0,0,0,0,0,0,0,0.0,0.0,0.0,0.0,0.0,0.0,0.0,0.0
978,50,Liriodendron',0,1522,473,0,0,0,0,17.824682235717773,8.731825828552246,712.830475358929,8.075879718989858,6440.101394368112,19966.604951764526,0.02457292712285139,64.86515667518388
978,50,Lithocarpus',0,0,0,0,0,0,0,0.0,0.0,0.0,0.0,0.0,0.0,0.0,0.0
978,50,Maclura',0,0,20,0,0,0,0,9.255267143249512,5.6877522468566895,6.4722438760196095,0.1404747581678412,185.2831448972225,4143.057070751362,0.0005049118528962181,11.29017225721315
978,50,Magnolia',0,0,25,0,0,0,0,8.211953163146973,4.482704162597656,8.71483219952523,0.13749518728392246,96.34020660161973,2154.2325092759593,0.0003395441998951096,7.592439123312406
978,50,Malus',0,0,0,0,0,0,0,0.0,0.0,0.0,0.0,0.0,0.0,0.0,0.0
978,50,Morus',0,35,0,0,0,0,0,1.4662615060806274,2.216407537460327,3.1528969460367398,0.006044992610315553,12.013307446986436,268.62572086066046,7.208394348388647e-05,1.6118459771622158
978,50,Nyssa',0,0,0,0,0,0,0,0.0,0.0,0.0,0.0,0.0,0.0,0.0,0.0
978,50,Olneya',0,0,0,0,0,0,0,0.0,0.0,0.0,0.0,0.0,0.0,0.0,0.0
978,50,Ostrya',0,0,0,0,0,0,0,0.0,0.0,0.0,0.0,0.0,0.0,0.0,0.0
978,50,Oxydendron',0,20,0,0,0,0,0,2.3895044326782227,4.117388725280762,0.4284934071187354,0.009076451065139112,7.61613041125238,170.30185325063752,2.3093134376220418e-05,0.5163781827876615
978,50,Paulownia',0,163,74,0,0,0,0,9.209521293640137,4.887447357177734,103.28839029881019,0.625348004023152,382.94831627964976,3293.7621286658164,0.002337890028199161,19.08891371602223
978,50,Persea',0,0,0,0,0,0,0,0.0,0.0,0.0,0.0,0.0,0.0,0.0,0.0
978,50,Picea',0,0,0,0,0,0,0,0.0,0.0,0.0,0.0,0.0,0.0,0.0,0.0
978,50,Pinus',0,292,166,1,0,0,0,41.18574142456055,15.831385612487793,155.03717015445233,3.4804612244223794,3595.754394347072,24334.498797517117,0.01022999108805308,63.83905921541551
978,50,Planera',0,0,0,0,0,0,0,0.0,0.0,0.0,0.0,0.0,0.0,0.0,0.0
978,50,Platanus',0,0,16,0,0,0,0,26.025936126708984,8.28189754486084,23.592426944759826,0.3489185981347393,314.23739899754526,5415.645785166313,0.0010379314306527374,17.07961864104135
978,50,Populus',0,293,53,0,0,0,0,23.053159713745117,9.20766544342041,136.10132456485982,1.1277542661879119,916.9350290107727,5930.723760874131,0.003996887561173414,21.420816775903845
978,50,Prosopis',0,0,0,0,0,0,0,0.0,0.0,0.0,0.0,0.0,0.0,0.0,0.0
978,50,Prunus',0,100,29,0,0,0,0,13.184703826904297,7.296822547912598,23.57552958864577,0.56297686069179,448.95600922614335,7729.233728645035,0.0013370628557801156,19.859584858006393
978,50,Pseudotsuga',0,0,0,0,0,0,0,0.0,0.0,0.0,0.0,0.0,0.0,0.0,0.0
978,50,Quercus',0,32,84,0,0,0,0,15.705570220947266,8.812676429748535,70.41896935127959,0.9219467528537184,1079.484546034336,11100.48263272842,0.0034125747003340913,32.13326206961514
978,50,Robinia',0,0,0,0,0,0,0,0.0,0.0,0.0,0.0,0.0,0.0,0.0,0.0
978,50,Salix',0,942,111,0,0,0,0,19.634925842285156,9.25266170501709,272.11843280168836,2.1567004917694375,1652.5141825516523,7573.832215439265,0.007589549779714552,30.34535796793106
978,50,Sassafras',0,40,0,0,0,0,0,1.6082525253295898,3.001899480819702,3.650273561854905,0.008125654582200511,10.748999863862991,240.3549438573375,7.64343824703234e-05,1.7091247502186
978,50,Sequoia',0,0,0,0,0,0,0,0.0,0.0,0.0,0.0,0.0,0.0,0.0,0.0
978,50,Sequoiadendron',0,0,0,0,0,0,0,0.0,0.0,0.0,0.0,0.0,0.0,0.0,0.0
978,50,Sorbus',0,0,0,0,0,0,0,0.0,0.0,0.0,0.0,0.0,0.0,0.0,0.0
978,50,Taxodium',0,0,0,0,0,0,0,0.0,0.0,0.0,0.0,0.0,0.0,0.0,0.0
978,50,Taxus',0,0,0,0,0,0,0,0.0,0.0,0.0,0.0,0.0,0.0,0.0,0.0
978,50,Thuja',0,0,0,0,0,0,0,0.0,0.0,0.0,0.0,0.0,0.0,0.0,0.0
978,50,Tilia',0,0,0,0,0,0,0,0.0,0.0,0.0,0.0,0.0,0.0,0.0,0.0
978,50,Torreya',0,0,0,0,0,0,0,0.0,0.0,0.0,0.0,0.0,0.0,0.0,0.0
978,50,Tsuga',0,0,0,0,0,0,0,0.0,0.0,0.0,0.0,0.0,0.0,0.0,0.0
978,50,Ulmus',0,99,44,0,0,0,0,38.6815185546875,13.502325057983398,50.657501106586636,1.0661399569645993,1097.3018613499403,11523.231491042518,0.003167691479876641,29.845586892093788
978,50,Umbellularia',0,0,0,0,0,0,0,0.0,0.0,0.0,0.0,0.0,0.0,0.0,0.0
978,60,Abies',0,0,0,0,0,0,0,0.0,0.0,0.0,0.0,0.0,0.0,0.0,0.0
978,60,Acer',0,2160,694,0,0,0,0,26.76066780090332,16.036718368530273,1035.313753408816,10.807784125058046,13224.095981527567,38488.58798193257,0.044290796815995105,107.44993768274452
978,60,Aesculus',0,0,0,0,0,0,0,0.0,0.0,0.0,0.0,0.0,0.0,0.0,0.0
978,60,Ailanthus',0,691,29,0,0,0,0,15.282140731811523,7.787964344024658,203.1117435544729,1.5354629572826215,1598.2559372919798,10626.223729318459,0.006475586233944634,34.95157452906258
978,60,Alnus',0,37,0,0,0,0,0,3.6826930046081543,3.521389961242676,5.683520187777054,0.040178396394928324,34.786101832687855,777.8408837011989,0.0001591198813952478,3.5580287137147866
978,60,Amelanchier',0,0,0,0,0,0,0,0.0,0.0,0.0,0.0,0.0,0.0,0.0,0.0
978,60,Arbutus',0,0,0,0,0,0,0,0.0,0.0,0.0,0.0,0.0,0.0,0.0,0.0
978,60,Asimina',0,0,0,0,0,0,0,0.0,0.0,0.0,0.0,0.0,0.0,0.0,0.0
978,60,Betula',0,280,101,2,0,0,0,38.92809295654297,14.36966609954834,146.1467928816623,2.7444633666015,3503.4251615554094,23860.72524682342,0.00988925364925038,61.70018388036088
978,60,Calocedrus',0,0,0,0,0,0,0,0.0,0.0,0.0,0.0,0.0,0.0,0.0,0.0
978,60,Carpinus',0,8,0,0,0,0,0,1.6766736507415771,2.426605701446533,0.0,0.0019253223175858323,3.1524052166938783,70.48992357152467,7.005345029756426e-06,0.15664427692375663
978,60,Carya',0,70,64,0,0,0,0,13.970322608947754,10.633726119995117,45.06902235076774,0.7549932106291926,1047.4436399403214,14230.100011402796,0.0029764460787214146,35.52515920728979
978,60,Castanea',0,0,0,0,0,0,0,0.0,0.0,0.0,0.0,0.0,0.0,0.0,0.0
978,60,Catalpa',0,0,0,0,0,0,0,0.0,0.0,0.0,0.0,0.0,0.0,0.0,0.0
978,60,Celtis',0,0,69,0,0,0,0,14.127220153808594,8.587504386901855,30.64428715011741,0.8060418354841958,787.9258708906174,10113.448243795194,0.0021920878831297244,26.60896372476095
978,60,Cercis',0,0,0,0,0,0,0,0.0,0.0,0.0,0.0,0.0,0.0,0.0,0.0
978,60,Cercocarpus',0,0,0,0,0,0,0,0.0,0.0,0.0,0.0,0.0,0.0,0.0,0.0
978,60,Chamaecyparis',0,0,0,0,0,0,0,0.0,0.0,0.0,0.0,0.0,0.0,0.0,0.0
978,60,Chilopsis',0,0,0,0,0,0,0,0.0,0.0,0.0,0.0,0.0,0.0,0.0,0.0
978,60,Chrysolepis',0,0,0,0,0,0,0,0.0,0.0,0.0,0.0,0.0,0.0,0.0,0.0
978,60,Cladrastis',0,0,0,0,0,0,0,0.0,0.0,0.0,0.0,0.0,0.0,0.0,0.0
978,60,Comus',0,0,0,0,0,0,0,0.0,0.0,0.0,0.0,0.0,0.0,0.0,0.0
978,60,Cornus',0,0,0,0,0,0,0,0.0,0.0,0.0,0.0,0.0,0.0,0.0,0.0
978,60,Crataegus',0,0,0,0,0,0,0,0.0,0.0,0.0,0.0,0.0,0.0,0.0,0.0
978,60,Cupressus',0,0,0,0,0,0,0,0.0,0.0,0.0,0.0,0.0,0.0,0.0,0.0
978,60,Diospyros',0,0,0,0,0,0,0,0.0,0.0,0.0,0.0,0.0,0.0,0.0,0.0
978,60,Elaeagnus',0,331,0,0,0,0,0,7.276725769042969,4.244720935821533,93.37211991766395,0.30937058361483394,396.34573416873815,3507.1547834659095,0.002224911827969365,18.866544608041444
978,60,Fagus',0,0,0,0,0,0,0,0.0,0.0,0.0,0.0,0.0,0.0,0.0,0.0
978,60,Fraxinus',0,1132,420,0,0,0,0,22.927501678466797,12.320773124694824,481.1922681732456,6.296848416362583,6856.340292770565,25611.263429593695,0.02216334188999748,74.07673327123909
978,60,Gleditsia',0,0,36,0,0,0,0,8.099963188171387,5.975045680999756,10.70011205311063,0.18653680856372576,202.3670678138733,4525.065200391277,0.0006037386325746677,13.500006230797341
978,60,Gordonia',0,0,0,0,0,0,0,0.0,0.0,0.0,0.0,0.0,0.0,0.0,0.0
978,60,Gymnocladus',0,0,0,0,0,0,0,0.0,0.0,0.0,0.0,0.0,0.0,0.0,0.0
978,60,Halesia',0,0,0,0,0,0,0,0.0,0.0,0.0,0.0,0.0,0.0,0.0,0.0
978,60,Ilex',0,0,0,0,0,0,0,0.0,0.0,0.0,0.0,0.0,0.0,0.0,0.0
978,60,Juglans',0,0,0,0,0,0,0,0.0,0.0,0.0,0.0,0.0,0.0,0.0,0.0
978,60,Juniperus',0,40,0,0,0,0,0,6.824675559997559,6.346869468688965,17.324862599372864,0.08016656553743713,94.07117140293121,1524.1613423369574,0.0004592950658872689,7.462286718210162
978,60,Larix',0,0,0,0,0,0,0,0.0,0.0,0.0,0.0,0.0,0.0,0.0,0.0
978,60,Liquidambar',0,0,0,0,0,0,0,0.0,0.0,0.0,0.0,0.0,0.0,0.0,0.0
978,60,Liriodendron',0,1571,562,0,0,0,0,22.511077880859375,10.402290344238281,782.1151823451435,10.169612785015655,8261.543517876566,26895.995359011264,0.029617968270951908,78.77450308765995
978,60,Lithocarpus',0,0,0,0,0,0,0,0.0,0.0,0.0,0.0,0.0,0.0,0.0,0.0
978,60,Maclura',0,0,0,0,0,0,0,0.0,0.0,0.0,0.0,0.0,0.0,0.0,0.0
978,60,Magnolia',0,0,0,0,0,0,0,0.0,0.0,0.0,0.0,0.0,0.0,0.0,0.0
978,60,Malus',0,0,0,0,0,0,0,0.0,0.0,0.0,0.0,0.0,0.0,0.0,0.0
978,60,Morus',0,108,0,0,0,0,0,4.651833534240723,4.063127040863037,29.912050734215143,0.07563847494481955,119.19986968398095,1460.638887567416,0.0006954891899423688,8.43880546192067
978,60,Nyssa',0,0,0,0,0,0,0,0.0,0.0,0.0,0.0,0.0,0.0,0.0,0.0
978,60,Olneya',0,0,0,0,0,0,0,0.0,0.0,0.0,0.0,0.0,0.0,0.0,0.0
978,60,Ostrya',0,0,0,0,0,0,0,0.0,0.0,0.0,0.0,0.0,0.0,0.0,0.0
978,60,Oxydendron',0,0,0,0,0,0,0,0.0,0.0,0.0,0.0,0.0,0.0,0.0,0.0
978,60,Paulownia',0,121,18,0,0,0,0,14.167059898376465,6.539968490600586,69.56348787191547,0.5042647717379567,303.4001791584492,3787.3409759465403,0.0016756276633096824,17.76602532211991
978,60,Persea',0,0,0,0,0,0,0,0.0,0.0,0.0,0.0,0.0,0.0,0.0,0.0
978,60,Picea',0,0,0,0,0,0,0,0.0,0.0,0.0,0.0,0.0,0.0,0.0,0.0
978,60,Pinus',0,303,267,19,0,0,0,33.17812728881836,14.295690536499023,204.46022640764713,4.837523545603973,4998.362949584127,32051.559626191414,0.014060787621273956,81.1528611176466
978,60,Planera',0,0,0,0,0,0,0,0.0,0.0,0.0,0.0,0.0,0.0,0.0,0.0
978,60,Platanus',0,23,0,1,0,0,0,33.020442962646484,9.902427673339844,16.140241592745237,0.12298012937469122,158.60101828575134,2947.3129777613944,0.0005847944522853942,10.290668341171648
978,60,Populus',0,236,44,1,0,0,0,32.34562301635742,11.852750778198242,105.23999225678321,0.7809826424182876,677.8663997393846,5530.913991526848,0.0030213579522136136,20.637095765157834
978,60,Prosopis',0,0,0,0,0,0,0,0.0,0.0,0.0,0.0,0.0,0.0,0.0,0.0
978,60,Prunus',0,0,29,0,0,0,0,14.533905029296875,7.8478827476501465,12.290581581713278,0.49505486888295136,431.02913574934007,9638.104478185129,0.0011347722699045994,25.37427934488437
978,60,Pseudotsuga',0,0,0,0,0,0,0,0.0,0.0,0.0,0.0,0.0,0.0,0.0,0.0
978,60,Quercus',0,132,46,0,0,0,0,19.30632209777832,10.288372039794922,43.62586815971173,0.8542892898776806,999.9057830874622,12997.940094924073,0.002850031474056415,33.33734228155757
978,60,Robinia',0,0,0,0,0,0,0,0.0,0.0,0.0,0.0,0.0,0.0,0.0,0.0
978,60,Salix',0,1132,69,0,0,0,0,17.43898582458496,10.428193092346191,341.08666688934716,1.8717907888065994,1584.9961199538411,7152.3980279383595,0.008432345660563192,32.257167699718366
978,60,Sassafras',0,0,0,0,0,0,0,0.0,0.0,0.0,0.0,0.0,0.0,0.0,0.0
978,60,Sequoia',0,0,0,0,0,0,0,0.0,0.0,0.0,0.0,0.0,0.0,0.0,0.0
978,60,Sequoiadendron',0,0,0,0,0,0,0,0.0,0.0,0.0,0.0,0.0,0.0,0.0,0.0
978,60,Sorbus',0,0,0,0,0,0,0,0.0,0.0,0.0,0.0,0.0,0.0,0.0,0.0
978,60,Taxodium',0,0,0,0,0,0,0,0.0,0.0,0.0,0.0,0.0,0.0,0.0,0.0
978,60,Taxus',0,0,0,0,0,0,0,0.0,0.0,0.0,0.0,0.0,0.0,0.0,0.0
978,60,Thuja',0,0,0,0,0,0,0,0.0,0.0,0.0,0.0,0.0,0.0,0.0,0.0
978,60,Tilia',0,0,0,0,0,0,0,0.0,0.0,0.0,0.0,0.0,0.0,0.0,0.0
978,60,Torreya',0,0,0,0,0,0,0,0.0,0.0,0.0,0.0,0.0,0.0,0.0,0.0
978,60,Tsuga',0,0,0,0,0,0,0,0.0,0.0,0.0,0.0,0.0,0.0,0.0,0.0
978,60,Ulmus',0,92,18,11,0,0,0,50.06147384643555,16.18221092224121,59.46211461024948,1.3899518874395256,1514.129609582424,16151.936350661228,0.004220722652550785,40.77702544652829
978,60,Umbellularia',0,0,0,0,0,0,0,0.0,0.0,0.0,0.0,0.0,0.0,0.0,0.0
978,70,Abies',0,0,0,0,0,0,0,0.0,0.0,0.0,0.0,0.0,0.0,0.0,0.0
978,70,Acer',0,1917,744,6,0,0,0,30.112581253051758,17.364540100097656,977.6898448810546,12.922639281922082,16093.812935501337,49143.38641731706,0.04983841695212361,128.1650125554764
978,70,Aesculus',0,0,0,0,0,0,0,0.0,0.0,0.0,0.0,0.0,0.0,0.0,0.0
978,70,Ailanthus',0,546,137,0,0,0,0,12.66778564453125,6.826992511749268,222.45315406282865,1.7809805808007153,1759.2141711673141,9292.41699055846,0.007111701567026784,33.13503075364085
978,70,Alnus',0,37,0,0,0,0,0,7.383472919464111,5.50140380859375,6.218788189035426,0.161503871729223,119.77380275905132,2678.2236489288935,0.00035568693229556233,7.953401593212423
978,70,Amelanchier',0,0,0,0,0,0,0,0.0,0.0,0.0,0.0,0.0,0.0,0.0,0.0
978,70,Arbutus',0,0,0,0,0,0,0,0.0,0.0,0.0,0.0,0.0,0.0,0.0,0.0
978,70,Asimina',0,0,0,0,0,0,0,0.0,0.0,0.0,0.0,0.0,0.0,0.0,0.0
978,70,Betula',0,171,113,5,0,0,0,43.62808609008789,15.316767692565918,118.13814410114588,2.5872932122945422,3312.201383398771,24775.136170450427,0.0090611117517501,62.165543134774566
978,70,Calocedrus',0,0,0,0,0,0,0,0.0,0.0,0.0,0.0,0.0,0.0,0.0,0.0
978,70,Carpinus',0,33,0,0,0,0,0,2.4240996837615967,2.889821767807007,6.3295329513051835,0.015636308589507195,26.699788653254508,597.0254241355468,0.00015045000986009627,3.3641644926268786
978,70,Carya',0,38,64,0,0,0,0,15.200414657592773,11.32208251953125,28.763057162773002,0.9782577012609772,1345.407584631145,18179.850578527323,0.0034038548116907506,43.42646259052988
978,70,Castanea',0,8,0,0,0,0,0,7.195328235626221,5.362092971801758,11.86404887256743,0.03366831942009134,51.14343476057053,1143.601967274608,0.00028444165800511933,6.360308829321974
978,70,Catalpa',0,0,0,0,0,0,0,0.0,0.0,0.0,0.0,0.0,0.0,0.0,0.0
978,70,Celtis',0,39,69,0,0,0,0,15.639699935913086,9.269351959228516,36.26294021459319,1.1969572999157654,1227.1970815998316,14358.674588323154,0.0032491297245770536,35.87244714934255
978,70,Cercis',0,0,0,0,0,0,0,0.0,0.0,0.0,0.0,0.0,0.0,0.0,0.0
978,70,Cercocarpus',0,0,0,0,0,0,0,0.0,0.0,0.0,0.0,0.0,0.0,0.0,0.0
978,70,Chamaecyparis',0,0,0,0,0,0,0,0.0,0.0,0.0,0.0,0.0,0.0,0.0,0.0
978,70,Chilopsis',0,0,0,0,0,0,0,0.0,0.0,0.0,0.0,0.0,0.0,0.0,0.0
978,70,Chrysolepis',0,0,0,0,0,0,0,0.0,0.0,0.0,0.0,0.0,0.0,0.0,0.0
978,70,Cladrastis',0,0,0,0,0,0,0,0.0,0.0,0.0,0.0,0.0,0.0,0.0,0.0
978,70,Comus',0,0,0,0,0,0,0,0.0,0.0,0.0,0.0,0.0,0.0,0.0,0.0
978,70,Cornus',0,0,0,0,0,0,0,0.0,0.0,0.0,0.0,0.0,0.0,0.0,0.0
978,70,Crataegus',0,0,0,0,0,0,0,0.0,0.0,0.0,0.0,0.0,0.0,0.0,0.0
978,70,Cupressus',0,0,0,0,0,0,0,0.0,0.0,0.0,0.0,0.0,0.0,0.0,0.0
978,70,Diospyros',0,0,0,0,0,0,0,0.0,0.0,0.0,0.0,0.0,0.0,0.0,0.0
978,70,Elaeagnus',0,382,50,0,0,0,0,10.650259017944336,5.196911334991455,178.25901166359077,0.8458076317656831,920.1014040994644,6351.070531823609,0.004610807314893703,28.925170754111086
978,70,Fagus',0,0,0,0,0,0,0,0.0,0.0,0.0,0.0,0.0,0.0,0.0,0.0
978,70,Fraxinus',0,1307,420,0,0,0,0,27.266605377197266,13.966584205627441,540.991225752838,7.5216144114196215,8425.709210045934,32343.362201553668,0.026511667287311514,87.68867083115568
978,70,Gleditsia',0,0,36,0,0,0,0,10.507855415344238,7.211935997009277,4.212890362626389,0.3139255246261899,341.8864740163088,7644.813964881845,0.0008203946340829134,18.34458170185448
978,70,Gordonia',0,0,0,0,0,0,0,0.0,0.0,0.0,0.0,0.0,0.0,0.0,0.0
978,70,Gymnocladus',0,0,0,0,0,0,0,0.0,0.0,0.0,0.0,0.0,0.0,0.0,0.0
978,70,Halesia',0,0,0,0,0,0,0,0.0,0.0,0.0,0.0,0.0,0.0,0.0,0.0
978,70,Ilex',0,0,0,0,0,0,0,0.0,0.0,0.0,0.0,0.0,0.0,0.0,0.0
978,70,Juglans',0,0,0,0,0,0,0,0.0,0.0,0.0,0.0,0.0,0.0,0.0,0.0
978,70,Juniperus',0,0,33,0,0,0,0,8.216562271118164,7.281060218811035,8.240611016750336,0.17603874633799388,153.78513082265854,3438.740064481656,0.00046077578812837595,10.303259846410949
978,70,Larix',0,0,0,0,0,0,0,0.0,0.0,0.0,0.0,0.0,0.0,0.0,0.0
978,70,Liquidambar',0,0,0,0,0,0,0,0.0,0.0,0.0,0.0,0.0,0.0,0.0,0.0
978,70,Liriodendron',0,1555,545,2,0,0,0,28.898069381713867,12.512702941894531,752.2274791904358,10.780775052180335,8850.788815190344,30607.380328528092,0.030497151887453385,85.62624852040435
978,70,Lithocarpus',0,0,0,0,0,0,0,0.0,0.0,0.0,0.0,0.0,0.0,0.0,0.0
978,70,Maclura',0,28,0,0,0,0,0,2.6051082611083984,2.673064947128296,6.638465001236034,0.013984572068628673,32.232058147192,553.4977930594035,0.00016719118671491663,2.8712421125908687
978,70,Magnolia',0,0,0,0,0,0,0,0.0,0.0,0.0,0.0,0.0,0.0,0.0,0.0
978,70,Malus',0,0,0,0,0,0,0,0.0,0.0,0.0,0.0,0.0,0.0,0.0,0.0
978,70,Morus',0,124,0,0,0,0,0,7.331590175628662,5.4752583503723145,31.05640083598562,0.15815419063097694,194.82918552190065,2521.430960854138,0.0008800278904633595,11.337014232093773
978,70,Nyssa',0,0,0,0,0,0,0,0.0,0.0,0.0,0.0,0.0,0.0,0.0,0.0
978,70,Olneya',0,0,0,0,0,0,0,0.0,0.0,0.0,0.0,0.0,0.0,0.0,0.0
978,70,Ostrya',0,0,0,0,0,0,0,0.0,0.0,0.0,0.0,0.0,0.0,0.0,0.0
978,70,Oxydendron',0,0,0,0,0,0,0,0.0,0.0,0.0,0.0,0.0,0.0,0.0,0.0
978,70,Paulownia',0,261,57,0,0,0,0,18.573001861572266,7.865818977355957,112.83783269079424,1.0344019796707504,615.2786486768723,6723.815641818843,0.002991649184749478,25.247645175274283
978,70,Persea',0,0,0,0,0,0,0,0.0,0.0,0.0,0.0,0.0,0.0,0.0,0.0
978,70,Picea',0,0,0,0,0,0,0,0.0,0.0,0.0,0.0,0.0,0.0,0.0,0.0
978,70,Pinus',0,198,395,18,0,0,0,34.18819046020508,14.512116432189941,182.28628385722635,6.87315033305964,7179.501863517761,44972.56673551527,0.01858747280870554,107.9219024461309
978,70,Planera',0,0,0,0,0,0,0,0.0,0.0,0.0,0.0,0.0,0.0,0.0,0.0
978,70,Platanus',0,18,4,0,0,0,0,8.313910484313965,3.705536127090454,21.653793208961243,0.06506801093365279,80.77384814500809,1370.7784846439554,0.000491215825140473,8.809968807188758
978,70,Populus',0,207,27,0,0,0,0,21.023122787475586,8.591621398925781,76.74696011256567,0.9756744657960538,781.691628613472,7962.650050982237,0.002841907631685954,23.88503349195078
978,70,Prosopis',0,0,0,0,0,0,0,0.0,0.0,0.0,0.0,0.0,0.0,0.0,0.0
978,70,Prunus',0,29,0,0,0,0,0,3.530479907989502,3.020528554916382,12.695438812805127,0.029211656739579074,40.490787274837494,905.4015280902019,0.0002727374201566015,6.098594114780798
978,70,Pseudotsuga',0,0,0,0,0,0,0,0.0,0.0,0.0,0.0,0.0,0.0,0.0,0.0
978,70,Quercus',0,108,46,0,0,0,0,23.15968894958496,11.777514457702637,61.90470664608704,1.0707933639099478,1337.6458357289434,18238.73481858708,0.0038636990025155407,47.14177666989714
978,70,Robinia',0,0,0,0,0,0,0,0.0,0.0,0.0,0.0,0.0,0.0,0.0,0.0
978,70,Salix',0,866,83,0,0,0,0,13.75439453125,8.045950889587402,273.50013315984154,1.9837200132383621,1560.7229520262779,6982.879023747275,0.0074054595686986685,30.891770095137968
978,70,Sassafras',0,0,0,0,0,0,0,0.0,0.0,0.0,0.0,0.0,0.0,0.0,0.0
978,70,Sequoia',0,0,0,0,0,0,0,0.0,0.0,0.0,0.0,0.0,0.0,0.0,0.0
978,70,Sequoiadendron',0,0,0,0,0,0,0,0.0,0.0,0.0,0.0,0.0,0.0,0.0,0.0
978,70,Sorbus',0,0,0,0,0,0,0,0.0,0.0,0.0,0.0,0.0,0.0,0.0,0.0
978,70,Taxodium',0,0,0,0,0,0,0,0.0,0.0,0.0,0.0,0.0,0.0,0.0,0.0
978,70,Taxus',0,0,0,0,0,0,0,0.0,0.0,0.0,0.0,0.0,0.0,0.0,0.0
978,70,Thuja',0,0,0,0,0,0,0,0.0,0.0,0.0,0.0,0.0,0.0,0.0,0.0
978,70,Tilia',0,0,0,0,0,0,0,0.0,0.0,0.0,0.0,0.0,0.0,0.0,0.0
978,70,Torreya',0,0,0,0,0,0,0,0.0,0.0,0.0,0.0,0.0,0.0,0.0,0.0
978,70,Tsuga',0,0,0,0,0,0,0,0.0,0.0,0.0,0.0,0.0,0.0,0.0,0.0
978,70,Ulmus',0,62,46,11,0,0,0,60.63064956665039,18.378612518310547,72.77017116027918,1.6109917889518912,1898.6794093003869,20573.4140894381,0.005266854537155484,50.49471665539244
978,70,Umbellularia',0,0,0,0,0,0,0,0.0,0.0,0.0,0.0,0.0,0.0,0.0,0.0
978,80,Abies',0,0,0,0,0,0,0,0.0,0.0,0.0,0.0,0.0,0.0,0.0,0.0
978,80,Acer',0,1728,823,3,0,0,0,30.206523895263672,17.2396240234375,999.091486028761,13.88325765894469,17544.372745201887,54847.66602527422,0.05336997229851272,141.4077814006359
978,80,Aesculus',0,0,0,0,0,0,0,0.0,0.0,0.0,0.0,0.0,0.0,0.0,0.0
978,80,Ailanthus',0,507,133,0,0,0,0,14.184122085571289,7.39108943939209,167.30224041951985,1.8701564712715564,1799.2494199106097,11697.290574144607,0.0064067407515412044,35.83451937434736
978,80,Alnus',0,37,0,0,0,0,0,3.3276937007904053,3.3186428546905518,13.225690866761568,0.03280562035190075,42.80855910122395,957.2284816915384,0.00028552129807137407,6.384450315115747
978,80,Amelanchier',0,0,0,0,0,0,0,0.0,0.0,0.0,0.0,0.0,0.0,0.0,0.0
978,80,Arbutus',0,0,0,0,0,0,0,0.0,0.0,0.0,0.0,0.0,0.0,0.0,0.0
978,80,Asimina',0,0,0,0,0,0,0,0.0,0.0,0.0,0.0,0.0,0.0,0.0,0.0
978,80,Betula',0,235,129,2,2,0,0,48.34187316894531,16.173105239868164,132.92854936958489,3.4138105395472373,4481.98889618963,32473.986224821074,0.011873555515307005,79.62285491543638
978,80,Calocedrus',0,0,0,0,0,0,0,0.0,0.0,0.0,0.0,0.0,0.0,0.0,0.0
978,80,Carpinus',0,59,0,0,0,0,0,5.473170280456543,4.5585126876831055,23.407222379612012,0.10539461500431882,142.2501257610321,2422.747931716165,0.0006530713750347546,10.755795089313025
978,80,Carya',0,38,37,0,0,0,0,13.86755084991455,10.295793533325195,19.98107215837587,0.7304739773347539,968.305881499052,12824.046575701344,0.0024394294495731677,32.09987569825166
978,80,Castanea',0,0,0,0,0,0,0,0.0,0.0,0.0,0.0,0.0,0.0,0.0,0.0
978,80,Catalpa',0,59,0,0,0,0,0,3.2157528400421143,2.77229642868042,16.82816312424367,0.035282216243635436,46.695197255313396,865.4459574407992,0.00034601786239351587,6.439236693413904
978,80,Celtis',0,90,9,0,0,0,0,17.93598175048828,10.271737098693848,34.35359707880246,0.426458486437371,454.0711820539832,6453.5696878253,0.001503586211852725,18.69801828605221
978,80,Cercis',0,0,0,0,0,0,0,0.0,0.0,0.0,0.0,0.0,0.0,0.0,0.0
978,80,Cercocarpus',0,0,0,0,0,0,0,0.0,0.0,0.0,0.0,0.0,0.0,0.0,0.0
978,80,Chamaecyparis',0,0,0,0,0,0,0,0.0,0.0,0.0,0.0,0.0,0.0,0.0,0.0
978,80,Chilopsis',0,0,0,0,0,0,0,0.0,0.0,0.0,0.0,0.0,0.0,0.0,0.0
978,80,Chrysolepis',0,0,0,0,0,0,0,0.0,0.0,0.0,0.0,0.0,0.0,0.0,0.0
978,80,Cladrastis',0,27,0,0,0,0,0,5.319982528686523,3.9839975833892822,10.243618505287774,0.061973077456238486,66.11467599987984,1478.3690984610623,0.00029438408081233856,6.582628161901768
978,80,Comus',0,0,0,0,0,0,0,0.0,0.0,0.0,0.0,0.0,0.0,0.0,0.0
978,80,Cornus',0,0,0,0,0,0,0,0.0,0.0,0.0,0.0,0.0,0.0,0.0,0.0
978,80,Crataegus',0,0,0,0,0,0,0,0.0,0.0,0.0,0.0,0.0,0.0,0.0,0.0
978,80,Cupressus',0,0,0,0,0,0,0,0.0,0.0,0.0,0.0,0.0,0.0,0.0,0.0
978,80,Diospyros',0,0,0,0,0,0,0,0.0,0.0,0.0,0.0,0.0,0.0,0.0,0.0
978,80,Elaeagnus',0,256,57,0,0,0,0,18.382081985473633,6.721070289611816,117.00683045990858,0.7877186571907859,802.3366258525848,6804.013513529712,0.003467348638540374,26.119218106035824
978,80,Fagus',0,0,0,0,0,0,0,0.0,0.0,0.0,0.0,0.0,0.0,0.0,0.0
978,80,Fraxinus',0,1179,390,1,0,0,0,31.607301712036133,15.496356964111328,497.208585062689,7.271592514475343,8295.323993810565,35251.989561077884,0.025591647053345348,91.58281901633985
978,80,Gleditsia',0,39,0,0,0,0,0,1.2875806093215942,2.0998194217681885,3.0607709543237203,0.00493192970725808,12.53862621486187,261.4772936702224,7.192511271801873e-05,1.5043317971845847
978,80,Gordonia',0,0,0,0,0,0,0,0.0,0.0,0.0,0.0,0.0,0.0,0.0,0.0
978,80,Gymnocladus',0,45,0,0,0,0,0,3.0156543254852295,2.7588398456573486,12.890562613176392,0.031165411054582808,50.61595421433449,1038.5876069755068,0.000298046707911412,6.450803136820947
978,80,Halesia',0,44,0,0,0,0,0,4.25419282913208,4.239559650421143,11.565771498068976,0.030014652107078668,37.6009561675787,593.9485087353964,0.00025005338450381727,3.9524321946808962
978,80,Ilex',0,0,0,0,0,0,0,0.0,0.0,0.0,0.0,0.0,0.0,0.0,0.0
978,80,Juglans',0,0,0,0,0,0,0,0.0,0.0,0.0,0.0,0.0,0.0,0.0,0.0
978,80,Juniperus',0,9,33,0,0,0,0,11.59830093383789,9.428184509277344,12.362903065681458,0.35613468234107054,345.0612740707397,7537.519625647899,0.0009453780830167234,20.031809257931066
978,80,Larix',0,0,0,0,0,0,0,0.0,0.0,0.0,0.0,0.0,0.0,0.0,0.0
978,80,Liquidambar',0,0,0,0,0,0,0,0.0,0.0,0.0,0.0,0.0,0.0,0.0,0.0
978,80,Liriodendron',0,1577,586,2,0,0,0,34.614967346191406,14.251072883605957,797.2758856719901,10.353062871075497,8756.160914239139,31309.901371368353,0.030935364584140517,88.1897045932077
978,80,Lithocarpus',0,0,0,0,0,0,0,0.0,0.0,0.0,0.0,0.0,0.0,0.0,0.0
978,80,Maclura',0,20,0,0,0,0,0,2.8257269859313965,2.784025192260742,5.9632845468158955,0.013094254392973216,29.076092863082888,650.161201619509,0.00015045833132788398,3.3643505663033797
978,80,Magnolia',0,0,0,0,0,0,0,0.0,0.0,0.0,0.0,0.0,0.0,0.0,0.0
978,80,Malus',0,0,0,0,0,0,0,0.0,0.0,0.0,0.0,0.0,0.0,0.0,0.0
978,80,Morus',0,77,14,0,0,0,0,10.979471206665039,7.2102556228637695,34.410119354724884,0.37837496057087633,392.52265786886215,5044.547339263825,0.0013676253448436058,16.74894651839293
978,80,Nyssa',0,6,0,0,0,0,0,1.6649527549743652,2.1437160968780518,0.0,0.001471771558561174,2.28914075255394,51.18674332775623,5.086979262996465e-06,0.1137483143219184
978,80,Olneya',0,0,0,0,0,0,0,0.0,0.0,0.0,0.0,0.0,0.0,0.0,0.0
978,80,Ostrya',0,0,0,0,0,0,0,0.0,0.0,0.0,0.0,0.0,0.0,0.0,0.0
978,80,Oxydendron',0,0,0,0,0,0,0,0.0,0.0,0.0,0.0,0.0,0.0,0.0,0.0
978,80,Paulownia',0,230,0,0,0,0,0,6.131745338439941,3.7678210735321045,73.50544285547883,0.20797095820926925,186.01509377241135,1606.4227111783002,0.0014715185609944176,13.680559364409932
978,80,Persea',0,0,0,0,0,0,0,0.0,0.0,0.0,0.0,0.0,0.0,0.0,0.0
978,80,Picea',0,0,0,0,0,0,0,0.0,0.0,0.0,0.0,0.0,0.0,0.0,0.0
978,80,Pinus',0,308,385,18,0,0,0,39.18856430053711,15.484911918640137,223.06153159320354,8.813407050844118,9557.728259520232,58249.0866176767,0.024461395922271048,137.66119193915537
978,80,Planera',0,0,0,0,0,0,0,0.0,0.0,0.0,0.0,0.0,0.0,0.0,0.0
978,80,Platanus',0,29,4,0,0,0,0,15.09635066986084,5.54229211807251,18.839324962677832,0.10143203532829351,110.85571327745915,1915.1603740130874,0.0005175485835866981,8.384774873790464
978,80,Populus',0,353,22,0,0,0,0,26.642518997192383,10.262666702270508,135.91287023729726,1.2170438879098255,1101.7658092956244,10938.195009663397,0.004404909735157844,31.782724621942762
978,80,Prosopis',0,0,0,0,0,0,0,0.0,0.0,0.0,0.0,0.0,0.0,0.0,0.0
978,80,Prunus',0,88,0,0,0,0,0,7.040796279907227,5.293677806854248,25.92846925688695,0.18208337535561195,157.56614035606384,2343.4598558384328,0.0007234016978717472,9.91091445652282
978,80,Pseudotsuga',0,0,0,0,0,0,0,0.0,0.0,0.0,0.0,0.0,0.0,0.0,0.0
978,80,Quercus',0,196,8,0,0,0,0,21.52446746826172,11.002816200256348,74.60989401121681,0.5394845853539246,718.0990300893784,9302.999075062353,0.002669826441689397,27.38434660157823
978,80,Robinia',0,0,0,0,0,0,0,0.0,0.0,0.0,0.0,0.0,0.0,0.0,0.0
978,80,Salix',0,778,124,0,0,0,0,21.07509422302246,11.929638862609863,277.3782490406043,2.315132923586329,1827.5894549778104,9228.538116714688,0.008054323863898864,34.565365653211835
978,80,Sassafras',0,0,0,0,0,0,0,0.0,0.0,0.0,0.0,0.0,0.0,0.0,0.0
978,80,Sequoia',0,0,0,0,0,0,0,0.0,0.0,0.0,0.0,0.0,0.0,0.0,0.0
978,80,Sequoiadendron',0,0,0,0,0,0,0,0.0,0.0,0.0,0.0,0.0,0.0,0.0,0.0
978,80,Sorbus',0,0,0,0,0,0,0,0.0,0.0,0.0,0.0,0.0,0.0,0.0,0.0
978,80,Taxodium',0,0,0,0,0,0,0,0.0,0.0,0.0,0.0,0.0,0.0,0.0,0.0
978,80,Taxus',0,0,0,0,0,0,0,0.0,0.0,0.0,0.0,0.0,0.0,0.0,0.0
978,80,Thuja',0,0,0,0,0,0,0,0.0,0.0,0.0,0.0,0.0,0.0,0.0,0.0
978,80,Tilia',0,0,0,0,0,0,0,0.0,0.0,0.0,0.0,0.0,0.0,0.0,0.0
978,80,Torreya',0,0,0,0,0,0,0,0.0,0.0,0.0,0.0,0.0,0.0,0.0,0.0
978,80,Tsuga',0,0,0,0,0,0,0,0.0,0.0,0.0,0.0,0.0,0.0,0.0,0.0
978,80,Ulmus',0,136,55,4,0,0,0,70.76222229003906,20.24993896484375,75.38962025148204,1.443086954803421,1767.4997575324774,19355.192662078534,0.005013052709233002,49.10498204537109
978,80,Umbellularia',0,0,0,0,0,0,0,0.0,0.0,0.0,0.0,0.0,0.0,0.0,0.0
978,90,Abies',0,0,0,0,0,0,0,0.0,0.0,0.0,0.0,0.0,0.0,0.0,0.0
978,90,Acer',0,1852,739,0,0,0,0,26.347612380981445,15.71450138092041,875.4310223855124,13.681534647264236,17302.765093282385,59042.11379996332,0.05105290497875396,148.01702886534198
978,90,Aesculus',0,0,0,0,0,0,0,0.0,0.0,0.0,0.0,0.0,0.0,0.0,0.0
978,90,Ailanthus',0,337,67,0,0,0,0,15.84759521484375,7.9886322021484375,91.07415843283451,1.200405005409141,1155.5060512819887,10849.791599929056,0.003878854358703832,30.978585104236835
978,90,Alnus',0,65,0,0,0,0,0,6.758349418640137,5.183431148529053,20.74629712236833,0.15978603156922588,142.51913438260556,2557.5080238318983,0.0006153636658326752,10.418352009147384
978,90,Amelanchier',0,0,0,0,0,0,0,0.0,0.0,0.0,0.0,0.0,0.0,0.0,0.0
978,90,Arbutus',0,0,0,0,0,0,0,0.0,0.0,0.0,0.0,0.0,0.0,0.0,0.0
978,90,Asimina',0,0,0,0,0,0,0,0.0,0.0,0.0,0.0,0.0,0.0,0.0,0.0
978,90,Betula',0,303,106,0,2,0,0,51.992671966552734,16.777854919433594,170.7668763729213,3.064133967597349,4069.756714476943,31380.3617497203,0.011502187888924013,78.2284641831799
978,90,Calocedrus',0,0,0,0,0,0,0,0.0,0.0,0.0,0.0,0.0,0.0,0.0,0.0
978,90,Carpinus',0,59,0,0,0,0,0,7.996161937713623,5.7056193351745605,21.06110347128367,0.24537193067708563,270.4165414088965,4430.059883165467,0.0009041119108498119,14.323439586354924
978,90,Carya',0,33,76,0,0,0,0,16.05693817138672,11.286605834960938,21.813127129704135,0.991607593153889,1387.067711238265,18066.727441998166,0.0033963847992056636,44.114013176047564
978,90,Castanea',0,0,0,0,0,0,0,0.0,0.0,0.0,0.0,0.0,0.0,0.0,0.0
978,90,Catalpa',0,72,0,0,0,0,0,7.67051887512207,4.6879048347473145,13.36792221552209,0.12048941951028255,94.92900938034057,1620.3436732655907,0.00040339201523735877,6.551572504708696
978,90,Celtis',0,84,26,0,0,0,0,21.402626037597656,11.713074684143066,42.70276213371301,0.7077090908896544,760.5159803414344,10052.256603455082,0.0023047654902301888,26.810461402692223
978,90,Cercis',0,0,0,0,0,0,0,0.0,0.0,0.0,0.0,0.0,0.0,0.0,0.0
978,90,Cercocarpus',0,0,0,0,0,0,0,0.0,0.0,0.0,0.0,0.0,0.0,0.0,0.0
978,90,Chamaecyparis',0,0,0,0,0,0,0,0.0,0.0,0.0,0.0,0.0,0.0,0.0,0.0
978,90,Chilopsis',0,0,0,0,0,0,0,0.0,0.0,0.0,0.0,0.0,0.0,0.0,0.0
978,90,Chrysolepis',0,0,0,0,0,0,0,0.0,0.0,0.0,0.0,0.0,0.0,0.0,0.0
978,90,Cladrastis',0,27,0,0,0,0,0,3.267153263092041,3.0036346912384033,9.893497155059741,0.023406922165094546,36.35660618901253,812.9584286982083,0.00022321484500542282,4.991235670192066
978,90,Comus',0,0,0,0,0,0,0,0.0,0.0,0.0,0.0,0.0,0.0,0.0,0.0
978,90,Cornus',0,0,0,0,0,0,0,0.0,0.0,0.0,0.0,0.0,0.0,0.0,0.0
978,90,Crataegus',0,0,0,0,0,0,0,0.0,0.0,0.0,0.0,0.0,0.0,0.0,0.0
978,90,Cupressus',0,0,0,0,0,0,0,0.0,0.0,0.0,0.0,0.0,0.0,0.0,0.0
978,90,Diospyros',0,0,0,0,0,0,0,0.0,0.0,0.0,0.0,0.0,0.0,0.0,0.0
978,90,Elaeagnus',0,351,37,0,0,0,0,25.428911209106445,7.571010112762451,132.69377738708934,1.1591020506194947,1158.4968728464842,10811.45590991945,0.004484638139184575,32.59670184315741
978,90,Fagus',0,0,0,0,0,0,0,0.0,0.0,0.0,0.0,0.0,0.0,0.0,0.0
978,90,Fraxinus',0,1125,427,0,0,0,0,24.056821823120117,12.760828971862793,514.8023677449909,8.623850428288073,9815.056588061601,41611.0324442239,0.02922210303592169,105.33700245738032
978,90,Gleditsia',0,0,3,0,0,0,0,8.826833724975586,6.3553385734558105,5.578024289276026,0.023253234392227075,38.50196273326874,860.9300593875231,0.00016585867293179032,3.708712673333876
978,90,Gordonia',0,0,0,0,0,0,0,0.0,0.0,0.0,0.0,0.0,0.0,0.0,0.0
978,90,Gymnocladus',0,45,0,0,0,0,0,5.305126667022705,3.803447723388672,10.676609135315386,0.07457812977115115,78.24377451002599,1459.9270828164435,0.00032757077678106326,6.060737329920628
978,90,Halesia',0,0,10,0,0,0,0,8.784400939941406,6.952540397644043,9.2865374043018,0.06448457009135294,63.73938838481903,1425.2560527271326,0.00027532794275879737,6.156519961138422
978,90,Ilex',0,0,0,0,0,0,0,0.0,0.0,0.0,0.0,0.0,0.0,0.0,0.0
978,90,Juglans',0,0,0,0,0,0,0,0.0,0.0,0.0,0.0,0.0,0.0,0.0,0.0
978,90,Juniperus',0,0,0,0,0,0,0,0.0,0.0,0.0,0.0,0.0,0.0,0.0,0.0
978,90,Larix',0,0,0,0,0,0,0,0.0,0.0,0.0,0.0,0.0,0.0,0.0,0.0
978,90,Liquidambar',0,0,0,0,0,0,0,0.0,0.0,0.0,0.0,0.0,0.0,0.0,0.0
978,90,Liriodendron',0,1476,512,2,0,0,0,40.69502258300781,15.956199645996094,736.1346320388249,10.640479170276722,9245.61147782594,36755.442586334786,0.0311428700989867,97.43558493664847
978,90,Lithocarpus',0,0,0,0,0,0,0,0.0,0.0,0.0,0.0,0.0,0.0,0.0,0.0
978,90,Maclura',0,33,0,0,0,0,0,3.4555013179779053,3.0963704586029053,13.36225258021415,0.03113508752873461,66.59282051324844,1489.060734810675,0.00034034110041334975,7.610258360613338
978,90,Magnolia',0,26,0,0,0,0,0,2.8293240070343018,2.5994455814361572,7.556937672669374,0.016849617427672894,24.44047464132309,546.5056270035823,0.00016309848049655758,3.646992894172265
978,90,Malus',0,34,0,0,0,0,0,2.739819288253784,2.8023529052734375,8.950794619284096,0.020351878719920582,36.61324006855488,818.696936698082,0.0002102144142370637,4.70053720084376
978,90,Morus',0,83,20,0,0,0,0,9.590935707092285,6.5739593505859375,21.48950062456387,0.18892460079679055,206.96687522083522,3531.03484890704,0.0007692796700680628,12.003209761061136
978,90,Nyssa',0,0,0,0,0,0,0,0.0,0.0,0.0,0.0,0.0,0.0,0.0,0.0
978,90,Olneya',0,0,0,0,0,0,0,0.0,0.0,0.0,0.0,0.0,0.0,0.0,0.0
978,90,Ostrya',0,38,0,0,0,0,0,3.2208974361419678,3.938694715499878,11.221495038723644,0.031581113692532886,56.912976590394976,1272.6128445797733,0.00028801293130404764,6.440164927948282
978,90,Oxydendron',0,0,0,0,0,0,0,0.0,0.0,0.0,0.0,0.0,0.0,0.0,0.0
978,90,Paulownia',0,288,9,0,0,0,0,13.88321304321289,6.450101375579834,114.28955205162113,0.46547972905439966,348.3346120840311,2904.9057357534957,0.0024193385071777907,19.14105313948713
978,90,Persea',0,0,0,0,0,0,0,0.0,0.0,0.0,0.0,0.0,0.0,0.0,0.0
978,90,Picea',0,0,0,0,0,0,0,0.0,0.0,0.0,0.0,0.0,0.0,0.0,0.0
978,90,Pinus',0,364,420,18,0,0,0,43.724735260009766,16.240610122680664,243.3998679243028,10.57763134885726,11644.112663954944,70162.31937951768,0.029391582266751235,165.27515945439862
978,90,Planera',0,0,0,0,0,0,0,0.0,0.0,0.0,0.0,0.0,0.0,0.0,0.0
978,90,Platanus',0,86,4,0,0,0,0,20.22755241394043,6.861159324645996,48.753605094514306,0.22194958078667074,265.76976630568504,3690.0635081365836,0.0012924347171233955,16.034992470678443
978,90,Populus',0,544,26,0,0,0,0,8.502840042114258,6.186576843261719,158.34695368651535,0.525213046692618,573.1277596183121,3602.689502885728,0.0035531096198354005,21.209761315962965
978,90,Prosopis',0,0,0,0,0,0,0,0.0,0.0,0.0,0.0,0.0,0.0,0.0,0.0
978,90,Prunus',0,0,29,0,0,0,0,9.703404426574707,5.823784828186035,11.17866368233403,0.2206667839051419,177.88932237625122,3977.7261730467408,0.0005562326792329618,12.43774082071731
978,90,Pseudotsuga',0,0,0,0,0,0,0,0.0,0.0,0.0,0.0,0.0,0.0,0.0,0.0
978,90,Quercus',0,233,36,0,0,0,0,24.861955642700195,12.238478660583496,86.51535430380815,1.0874179545914544,1308.6428433126212,14035.098307506969,0.004153531897191431,38.69939667556791
978,90,Robinia',0,0,0,0,0,0,0,0.0,0.0,0.0,0.0,0.0,0.0,0.0,0.0
978,90,Salix',0,1063,159,0,0,0,0,21.128704071044922,11.950891494750977,324.5097702237058,3.1225417624224017,2522.0614586281777,14098.561261273197,0.010276079428879092,43.70007014003727
978,90,Sassafras',0,0,0,0,0,0,0,0.0,0.0,0.0,0.0,0.0,0.0,0.0,0.0
978,90,Sequoia',0,0,0,0,0,0,0,0.0,0.0,0.0,0.0,0.0,0.0,0.0,0.0
978,90,Sequoiadendron',0,0,0,0,0,0,0,0.0,0.0,0.0,0.0,0.0,0.0,0.0,0.0
978,90,Sorbus',0,0,0,0,0,0,0,0.0,0.0,0.0,0.0,0.0,0.0,0.0,0.0
978,90,Taxodium',0,0,0,0,0,0,0,0.0,0.0,0.0,0.0,0.0,0.0,0.0,0.0
978,90,Taxus',0,0,0,0,0,0,0,0.0,0.0,0.0,0.0,0.0,0.0,0.0,0.0
978,90,Thuja',0,0,0,0,0,0,0,0.0,0.0,0.0,0.0,0.0,0.0,0.0,0.0
978,90,Tilia',0,0,0,0,0,0,0,0.0,0.0,0.0,0.0,0.0,0.0,0.0,0.0
978,90,Torreya',0,0,0,0,0,0,0,0.0,0.0,0.0,0.0,0.0,0.0,0.0,0.0
978,90,Tsuga',0,0,0,0,0,0,0,0.0,0.0,0.0,0.0,0.0,0.0,0.0,0.0
978,90,Ulmus',0,80,43,4,0,0,0,80.55703735351562,21.865007400512695,69.53398346335072,1.5245110904866583,2012.9239147484302,23500.61267031609,0.005474144558846951,56.389987576477544
978,90,Umbellularia',0,0,0,0,0,0,0,0.0,0.0,0.0,0.0,0.0,0.0,0.0,0.0
978,100,Abies',0,0,0,0,0,0,0,0.0,0.0,0.0,0.0,0.0,0.0,0.0,0.0
978,100,Acer',0,1811,673,1,0,0,0,30.654951095581055,17.409069061279297,840.9701132090597,11.428968455097056,14504.030508779884,53431.67079848748,0.04433741068735652,134.8874774123476
978,100,Aesculus',0,0,0,0,0,0,0,0.0,0.0,0.0,0.0,0.0,0.0,0.0,0.0
978,100,Ailanthus',0,345,38,0,0,0,0,13.712413787841797,7.21762228012085,134.68625748317828,0.8200616249846207,877.1663596239687,5876.865690912314,0.003888142056705413,24.379943484831166
978,100,Alnus',0,39,27,0,0,0,0,8.813858032226562,6.205135822296143,20.851624994715557,0.18215898380992268,174.79390811562538,2501.4116934944577,0.0006886016313564044,10.314259874739317
978,100,Amelanchier',0,0,0,0,0,0,0,0.0,0.0,0.0,0.0,0.0,0.0,0.0,0.0
978,100,Arbutus',0,0,0,0,0,0,0,0.0,0.0,0.0,0.0,0.0,0.0,0.0,0.0
978,100,Asimina',0,8,0,0,0,0,0,5.227872848510742,4.436398029327393,6.112339638079269,0.017773389175898647,20.118648780584337,449.8666628883,0.00013269863157346797,2.9672316071947513
978,100,Betula',0,339,135,0,0,0,0,25.060823440551758,10.929413795471191,170.5074099611632,2.6737807916546847,3250.427158944607,23166.000642726387,0.00967772039651406,60.26732585065845
978,100,Calocedrus',0,0,0,0,0,0,0,0.0,0.0,0.0,0.0,0.0,0.0,0.0,0.0
978,100,Carpinus',0,0,33,0,0,0,0,10.171697616577148,6.551723480224609,6.797073222225224,0.2753088454023372,283.7067509478331,6343.875807949511,0.0007283070768713935,16.285441323785946
978,100,Carya',0,128,76,0,0,0,0,18.002857208251953,12.150065422058105,34.137560558988696,1.3530719733721175,1954.5915619979799,23764.00888340962,0.004834966084270017,56.838795067341046
978,100,Castanea',0,0,0,0,0,0,0,0.0,0.0,0.0,0.0,0.0,0.0,0.0,0.0
978,100,Catalpa',0,0,22,0,0,0,0,10.87936019897461,5.98368501663208,11.50660827755928,0.20562774630158093,143.96012399077415,3219.0462329266843,0.000485555411770935,10.85734907562715
978,100,Celtis',0,36,74,0,0,0,0,24.208454132080078,12.819275856018066,38.86950568590737,1.128341959897907,1195.1571392649412,14358.966958364263,0.003215452889375371,36.49293085956896
978,100,Cercis',0,0,0,0,0,0,0,0.0,0.0,0.0,0.0,0.0,0.0,0.0,0.0
978,100,Cercocarpus',0,0,0,0,0,0,0,0.0,0.0,0.0,0.0,0.0,0.0,0.0,0.0
978,100,Chamaecyparis',0,0,0,0,0,0,0,0.0,0.0,0.0,0.0,0.0,0.0,0.0,0.0
978,100,Chilopsis',0,0,0,0,0,0,0,0.0,0.0,0.0,0.0,0.0,0.0,0.0,0.0
978,100,Chrysolepis',0,0,0,0,0,0,0,0.0,0.0,0.0,0.0,0.0,0.0,0.0,0.0
978,100,Cladrastis',0,27,0,0,0,0,0,6.829352855682373,4.6636962890625,7.553769433045688,0.10227380169882554,93.92763014316559,2100.285659655747,0.00031746877237409757,7.098817557618905
978,100,Comus',0,0,0,0,0,0,0,0.0,0.0,0.0,0.0,0.0,0.0,0.0,0.0
978,100,Cornus',0,0,0,0,0,0,0,0.0,0.0,0.0,0.0,0.0,0.0,0.0,0.0
978,100,Crataegus',0,0,0,0,0,0,0,0.0,0.0,0.0,0.0,0.0,0.0,0.0,0.0
978,100,Cupressus',0,0,0,0,0,0,0,0.0,0.0,0.0,0.0,0.0,0.0,0.0,0.0
978,100,Diospyros',0,0,0,0,0,0,0,0.0,0.0,0.0,0.0,0.0,0.0,0.0,0.0
978,100,Elaeagnus',0,277,13,0,0,0,0,27.824880599975586,7.780704021453857,107.02492292828951,0.6343868576408452,682.1208900594711,5005.261037713684,0.0030565073948553884,20.466471645703276
978,100,Fagus',0,0,0,0,0,0,0,0.0,0.0,0.0,0.0,0.0,0.0,0.0,0.0
978,100,Fraxinus',0,921,481,4,0,0,0,28.577369689941406,13.687685012817383,434.53423972889965,8.37672113968036,9681.969752150477,45185.20107078956,0.02777085037091282,111.5975962421531
978,100,Gleditsia',0,9,3,0,0,0,0,14.857184410095215,9.28695297241211,13.266637391304666,0.08617527016723446,135.92593954443933,2506.4163542100873,0.0004930382583551118,8.74966139634876
978,100,Gordonia',0,0,0,0,0,0,0,0.0,0.0,0.0,0.0,0.0,0.0,0.0,0.0
978,100,Gymnocladus',0,0,0,0,0,0,0,0.0,0.0,0.0,0.0,0.0,0.0,0.0,0.0
978,100,Halesia',0,0,0,0,0,0,0,0.0,0.0,0.0,0.0,0.0,0.0,0.0,0.0
978,100,Ilex',0,0,0,0,0,0,0,0.0,0.0,0.0,0.0,0.0,0.0,0.0,0.0
978,100,Juglans',0,0,0,0,0,0,0,0.0,0.0,0.0,0.0,0.0,0.0,0.0,0.0
978,100,Juniperus',0,0,0,0,0,0,0,0.0,0.0,0.0,0.0,0.0,0.0,0.0,0.0
978,100,Larix',0,0,0,0,0,0,0,0.0,0.0,0.0,0.0,0.0,0.0,0.0,0.0
978,100,Liquidambar',0,0,0,0,0,0,0,0.0,0.0,0.0,0.0,0.0,0.0,0.0,0.0
978,100,Liriodendron',0,1598,537,26,0,0,0,34.70553207397461,14.2775297164917,773.7986917487239,12.094424796100297,10433.616169800163,42542.46034490467,0.034325075856514536,109.92656395830794
978,100,Lithocarpus',0,0,0,0,0,0,0,0.0,0.0,0.0,0.0,0.0,0.0,0.0,0.0
978,100,Maclura',0,51,0,0,0,0,0,6.783143997192383,4.64338493347168,9.023596714191799,0.1290657847811728,176.50133825182914,3561.822521501277,0.0005221248837560343,10.805850155611893
978,100,Magnolia',0,0,0,0,0,0,0,0.0,0.0,0.0,0.0,0.0,0.0,0.0,0.0
978,100,Malus',0,0,0,0,0,0,0,0.0,0.0,0.0,0.0,0.0,0.0,0.0,0.0
978,100,Morus',0,148,34,0,0,0,0,12.293476104736328,7.786531448364258,57.351215461952776,0.5501733942773549,596.3194311118126,6566.68689149905,0.002150756910726201,20.69654265273497
978,100,Nyssa',0,0,0,0,0,0,0,0.0,0.0,0.0,0.0,0.0,0.0,0.0,0.0
978,100,Olneya',0,0,0,0,0,0,0,0.0,0.0,0.0,0.0,0.0,0.0,0.0,0.0
978,100,Ostrya',0,38,0,0,0,0,0,5.287930011749268,5.357757091522217,8.16341427591028,0.08512263258901608,102.15782495677472,2284.318410368725,0.00034453427300602444,7.704020550199394
978,100,Oxydendron',0,0,0,0,0,0,0,0.0,0.0,0.0,0.0,0.0,0.0,0.0,0.0
978,100,Paulownia',0,354,17,0,0,0,0,15.103355407714844,6.8324875831604,132.65258168754508,0.5268696168234845,399.24284312650565,2596.3407451646926,0.002796813929806706,18.385432127871802
978,100,Persea',0,0,0,0,0,0,0,0.0,0.0,0.0,0.0,0.0,0.0,0.0,0.0
978,100,Picea',0,0,0,0,0,0,0,0.0,0.0,0.0,0.0,0.0,0.0,0.0,0.0
978,100,Pinus',0,380,471,28,0,0,0,38.85989761352539,15.425708770751953,292.9030071246624,12.182575265313996,13260.314932581186,77450.011521911,0.033698187672410784,180.61649706929387
978,100,Planera',0,0,0,0,0,0,0,0.0,0.0,0.0,0.0,0.0,0.0,0.0,0.0
978,100,Platanus',0,89,4,0,0,0,0,25.44732093811035,8.143342018127441,67.0746492962294,0.36908191121262834,417.0022096633911,5644.841124223949,0.0018922484171073942,21.801254030622275
978,100,Populus',0,296,24,0,0,0,0,8.827157974243164,6.355506896972656,132.48230120709422,0.47881675708500354,480.8518924182654,3686.8526765375727,0.0029757161117964486,21.36888724763147
978,100,Prosopis',0,0,0,0,0,0,0,0.0,0.0,0.0,0.0,0.0,0.0,0.0,0.0
978,100,Prunus',0,0,29,0,0,0,0,12.056755065917969,6.827727317810059,11.609112246881555,0.34068230480960165,282.55906358480456,6318.212738343082,0.000795028659135092,17.777381258865784
978,100,Pseudotsuga',0,0,0,0,0,0,0,0.0,0.0,0.0,0.0,0.0,0.0,0.0,0.0
978,100,Quercus',0,74,69,0,0,0,0,27.886764526367188,13.304569244384766,60.996266375236864,1.3165207125620422,1572.797563880682,19304.347794062276,0.004373180871900192,49.755439671899495
978,100,Robinia',0,0,0,0,0,0,0,0.0,0.0,0.0,0.0,0.0,0.0,0.0,0.0
978,100,Salix',0,941,195,0,0,0,0,25.781078338623047,13.494009971618652,337.0020584719656,4.256638037823513,3494.835680446327,20813.817069674642,0.012617633327955603,57.80843868082247
978,100,Sassafras',0,0,0,0,0,0,0,0.0,0.0,0.0,0.0,0.0,0.0,0.0,0.0
978,100,Sequoia',0,0,0,0,0,0,0,0.0,0.0,0.0,0.0,0.0,0.0,0.0,0.0
978,100,Sequoiadendron',0,0,0,0,0,0,0,0.0,0.0,0.0,0.0,0.0,0.0,0.0,0.0
978,100,Sorbus',0,0,0,0,0,0,0,0.0,0.0,0.0,0.0,0.0,0.0,0.0,0.0
978,100,Taxodium',0,0,0,0,0,0,0,0.0,0.0,0.0,0.0,0.0,0.0,0.0,0.0
978,100,Taxus',0,0,0,0,0,0,0,0.0,0.0,0.0,0.0,0.0,0.0,0.0,0.0
978,100,Thuja',0,0,0,0,0,0,0,0.0,0.0,0.0,0.0,0.0,0.0,0.0,0.0
978,100,Tilia',0,0,0,0,0,0,0,0.0,0.0,0.0,0.0,0.0,0.0,0.0,0.0
978,100,Torreya',0,0,0,0,0,0,0,0.0,0.0,0.0,0.0,0.0,0.0,0.0,0.0
978,100,Tsuga',0,0,0,0,0,0,0,0.0,0.0,0.0,0.0,0.0,0.0,0.0,0.0
978,100,Ulmus',0,22,60,4,0,0,0,89.6607894897461,23.212923049926758,48.33755633499048,1.9286090026953904,2519.0264096450805,29207.466206546276,0.006293682512294488,69.13695632351765
978,100,Umbellularia',0,0,0,0,0,0,0,0.0,0.0,0.0,0.0,0.0,0.0,0.0,0.0
978,110,Abies',0,0,0,0,0,0,0,0.0,0.0,0.0,0.0,0.0,0.0,0.0,0.0
978,110,Acer',0,2165,468,0,0,0,0,26.340045928955078,15.711389541625977,810.2156330916227,11.495798258608335,14420.40301761672,55306.84303687714,0.043708844352921196,137.27882004495038
978,110,Aesculus',0,0,0,0,0,0,0,0.0,0.0,0.0,0.0,0.0,0.0,0.0,0.0
978,110,Ailanthus',0,487,14,0,0,0,0,13.901272773742676,7.287290096282959,125.38737591261726,0.7196912390236866,790.3830118998885,5860.758516299828,0.003561427651178094,21.89911850303437
978,110,Alnus',0,12,12,0,0,0,0,13.576757431030273,8.326080322265625,15.49881224768071,0.18400550690625334,177.9333361029625,3734.627215652278,0.0006185214274991299,12.241746282682143
978,110,Amelanchier',0,0,0,0,0,0,0,0.0,0.0,0.0,0.0,0.0,0.0,0.0,0.0
978,110,Arbutus',0,0,0,0,0,0,0,0.0,0.0,0.0,0.0,0.0,0.0,0.0,0.0
978,110,Asimina',0,0,0,0,0,0,0,0.0,0.0,0.0,0.0,0.0,0.0,0.0,0.0
978,110,Betula',0,338,201,0,0,0,0,27.161203384399414,11.52033519744873,162.92536200130286,3.6965502954181515,4391.015714339614,29394.58055455175,0.012103213831101562,73.33074600612242
978,110,Calocedrus',0,0,0,0,0,0,0,0.0,0.0,0.0,0.0,0.0,0.0,0.0,0.0
978,110,Carpinus',0,0,0,0,0,0,0,0.0,0.0,0.0,0.0,0.0,0.0,0.0,0.0
978,110,Carya',0,161,109,0,0,0,0,19.759809494018555,12.918072700500488,49.58271363019188,1.8773185714036105,2730.0666371411085,30007.18692362048,0.006780585468327635,70.49167397924649
978,110,Castanea',0,0,0,0,0,0,0,0.0,0.0,0.0,0.0,0.0,0.0,0.0,0.0
978,110,Catalpa',0,35,0,0,0,0,0,2.332589626312256,2.3756420612335205,7.841105098965801,0.015213059332557724,21.67217744588852,484.6046198944532,0.00016103745653293813,3.6009069973131167
978,110,Celtis',0,27,44,0,0,0,0,16.610027313232422,9.697683334350586,20.862019304893437,0.42904600018038996,420.39800449460745,6260.9536178585895,0.0012345381240919336,17.997590182393154
978,110,Cercis',0,0,0,0,0,0,0,0.0,0.0,0.0,0.0,0.0,0.0,0.0,0.0
978,110,Cercocarpus',0,0,0,0,0,0,0,0.0,0.0,0.0,0.0,0.0,0.0,0.0,0.0
978,110,Chamaecyparis',0,0,0,0,0,0,0,0.0,0.0,0.0,0.0,0.0,0.0,0.0,0.0
978,110,Chilopsis',0,0,0,0,0,0,0,0.0,0.0,0.0,0.0,0.0,0.0,0.0,0.0
978,110,Chrysolepis',0,0,0,0,0,0,0,0.0,0.0,0.0,0.0,0.0,0.0,0.0,0.0
978,110,Cladrastis',0,0,0,0,0,0,0,0.0,0.0,0.0,0.0,0.0,0.0,0.0,0.0
978,110,Comus',0,0,0,0,0,0,0,0.0,0.0,0.0,0.0,0.0,0.0,0.0,0.0
978,110,Cornus',0,0,0,0,0,0,0,0.0,0.0,0.0,0.0,0.0,0.0,0.0,0.0
978,110,Crataegus',0,0,0,0,0,0,0,0.0,0.0,0.0,0.0,0.0,0.0,0.0,0.0
978,110,Cupressus',0,0,0,0,0,0,0,0.0,0.0,0.0,0.0,0.0,0.0,0.0,0.0
978,110,Diospyros',0,0,0,0,0,0,0,0.0,0.0,0.0,0.0,0.0,0.0,0.0,0.0
978,110,Elaeagnus',0,272,11,0,0,0,0,16.798078536987305,6.468985080718994,107.36772789725961,0.5558372336540038,597.4896266050637,4681.364155157721,0.0028733728063292862,20.43348214890093
978,110,Fagus',0,0,0,0,0,0,0,0.0,0.0,0.0,0.0,0.0,0.0,0.0,0.0
978,110,Fraxinus',0,933,346,4,0,0,0,33.19134521484375,13.84761905670166,405.33811986800043,7.48449244341602,8840.055642723888,46264.26714247827,0.025479635763814953,112.26489061117933
978,110,Gleditsia',0,0,12,0,0,0,0,21.41827392578125,12.065255165100098,18.98576300355452,0.19824477145564245,313.20871901512146,5444.90719275242,0.000969329985678197,16.16822611685113
978,110,Gordonia',0,0,0,0,0,0,0,0.0,0.0,0.0,0.0,0.0,0.0,0.0,0.0
978,110,Gymnocladus',0,0,0,0,0,0,0,0.0,0.0,0.0,0.0,0.0,0.0,0.0,0.0
978,110,Halesia',0,0,0,0,0,0,0,0.0,0.0,0.0,0.0,0.0,0.0,0.0,0.0
978,110,Ilex',0,0,0,0,0,0,0,0.0,0.0,0.0,0.0,0.0,0.0,0.0,0.0
978,110,Juglans',0,0,0,0,0,0,0,0.0,0.0,0.0,0.0,0.0,0.0,0.0,0.0
978,110,Juniperus',0,0,0,0,0,0,0,0.0,0.0,0.0,0.0,0.0,0.0,0.0,0.0
978,110,Larix',0,0,0,0,0,0,0,0.0,0.0,0.0,0.0,0.0,0.0,0.0,0.0
978,110,Liquidambar',0,0,0,0,0,0,0,0.0,0.0,0.0,0.0,0.0,0.0,0.0,0.0
978,110,Liriodendron',0,1440,625,12,0,0,0,40.51017379760742,15.906429290771484,722.7959690134547,10.995361639846285,9496.141671522559,38748.66660705209,0.03150758652128888,101.6757786521078
978,110,Lithocarpus',0,0,0,0,0,0,0,0.0,0.0,0.0,0.0,0.0,0.0,0.0,0.0
978,110,Maclura',0,18,33,0,0,0,0,9.314871788024902,5.711897850036621,17.537376082773445,0.3056953338511679,407.2678744614124,7109.017226558186,0.001157499980121856,19.785575254005344
978,110,Magnolia',0,0,0,0,0,0,0,0.0,0.0,0.0,0.0,0.0,0.0,0.0,0.0
978,110,Malus',0,0,0,0,0,0,0,0.0,0.0,0.0,0.0,0.0,0.0,0.0,0.0
978,110,Morus',0,110,0,0,0,0,0,7.217613697052002,5.417666912078857,30.54916708812683,0.1764141261307069,198.62551678478718,2584.879553234748,0.0008811622872399145,10.805825534440796
978,110,Nyssa',0,0,0,0,0,0,0,0.0,0.0,0.0,0.0,0.0,0.0,0.0,0.0
978,110,Olneya',0,0,0,0,0,0,0,0.0,0.0,0.0,0.0,0.0,0.0,0.0,0.0
978,110,Ostrya',0,38,0,0,0,0,0,7.186612129211426,6.500248432159424,10.328846601179883,0.1572251659694448,190.28450667679311,4254.890919943211,0.0005715439595952724,12.780111457844255
978,110,Oxydendron',0,0,0,0,0,0,0,0.0,0.0,0.0,0.0,0.0,0.0,0.0,0.0
978,110,Paulownia',0,371,14,0,0,0,0,17.534042358398438,7.564561367034912,131.42266535023342,0.6377344217929536,461.8536785504222,3772.0060730673135,0.0029182437814299486,21.059323596414444
978,110,Persea',0,0,0,0,0,0,0,0.0,0.0,0.0,0.0,0.0,0.0,0.0,0.0
978,110,Picea',0,0,0,0,0,0,0,0.0,0.0,0.0,0.0,0.0,0.0,0.0,0.0
978,110,Pinus',0,439,538,63,0,0,0,41.022762298583984,15.803946495056152,345.55593927949667,14.676460550710992,16219.886017225384,91206.94280162686,0.041035554610755275,211.93976316540324
978,110,Planera',0,0,0,0,0,0,0,0.0,0.0,0.0,0.0,0.0,0.0,0.0,0.0
978,110,Platanus',0,138,0,0,0,0,0,5.593021392822266,2.9374756813049316,87.98045933388077,0.1850244918354342,288.12611829131845,3385.9077486291494,0.001906807838574067,22.63009294452271
978,110,Populus',0,289,24,0,0,0,0,12.595463752746582,8.232645988464355,107.33776686783831,0.5807341499385442,541.5133783560991,5370.804714807122,0.00274854983762466,20.73692025441275
978,110,Prosopis',0,0,0,0,0,0,0,0.0,0.0,0.0,0.0,0.0,0.0,0.0,0.0
978,110,Prunus',0,47,29,0,0,0,0,13.928167343139648,7.601820468902588,23.260508260772195,0.4872838614571865,424.10787652254106,8668.419002708171,0.0012773098476021583,22.869121416507173
978,110,Pseudotsuga',0,0,0,0,0,0,0,0.0,0.0,0.0,0.0,0.0,0.0,0.0,0.0
978,110,Quercus',0,162,95,8,0,0,0,30.6955509185791,14.250828742980957,79.33813637287555,1.9859675270643724,2399.9961697870494,26297.13267633888,0.006475441246415496,65.64571215808198
978,110,Robinia',0,0,0,0,0,0,0,0.0,0.0,0.0,0.0,0.0,0.0,0.0,0.0
978,110,Salix',0,987,138,0,0,0,0,19.73861312866211,11.391648292541504,293.9526371837039,3.3319376581439566,2669.3749989092353,18905.042945322424,0.010163555923670886,51.436503725929306
978,110,Sassafras',0,0,0,0,0,0,0,0.0,0.0,0.0,0.0,0.0,0.0,0.0,0.0
978,110,Sequoia',0,0,0,0,0,0,0,0.0,0.0,0.0,0.0,0.0,0.0,0.0,0.0
978,110,Sequoiadendron',0,0,0,0,0,0,0,0.0,0.0,0.0,0.0,0.0,0.0,0.0,0.0
978,110,Sorbus',0,0,0,0,0,0,0,0.0,0.0,0.0,0.0,0.0,0.0,0.0,0.0
978,110,Taxodium',0,0,0,0,0,0,0,0.0,0.0,0.0,0.0,0.0,0.0,0.0,0.0
978,110,Taxus',0,0,0,0,0,0,0,0.0,0.0,0.0,0.0,0.0,0.0,0.0,0.0
978,110,Thuja',0,0,0,0,0,0,0,0.0,0.0,0.0,0.0,0.0,0.0,0.0,0.0
978,110,Tilia',0,0,0,0,0,0,0,0.0,0.0,0.0,0.0,0.0,0.0,0.0,0.0
978,110,Torreya',0,0,0,0,0,0,0,0.0,0.0,0.0,0.0,0.0,0.0,0.0,0.0
978,110,Tsuga',0,0,0,0,0,0,0,0.0,0.0,0.0,0.0,0.0,0.0,0.0,0.0
978,110,Ulmus',0,33,45,0,4,0,0,98.08221435546875,24.341350555419922,53.716790415110836,2.0819070433132376,2907.2708571596445,34475.29849640815,0.007233884831510487,80.56454104554346
978,110,Umbellularia',0,0,0,0,0,0,0,0.0,0.0,0.0,0.0,0.0,0.0,0.0,0.0
978,120,Abies',0,0,0,0,0,0,0,0.0,0.0,0.0,0.0,0.0,0.0,0.0,0.0
978,120,Acer',0,2236,831,8,0,0,0,34.042686462402344,16.680252075195312,1061.4291572907962,12.607839028159777,15717.881548234076,56559.05711744009,0.050208487755301616,143.62510891335864
978,120,Aesculus',0,0,0,0,0,0,0,0.0,0.0,0.0,0.0,0.0,0.0,0.0,0.0
978,120,Ailanthus',0,554,21,0,0,0,0,11.87258243560791,6.523549556732178,171.7145786231643,0.7818470857985734,895.8780033400654,4695.3914659866805,0.004462766778590163,22.46356229860808
978,120,Alnus',0,12,12,0,0,0,0,9.091054916381836,6.337770938873291,21.562501146823543,0.11085385952130622,119.20882513046264,1981.8064538472595,0.0005753126937523505,9.1967609677039
978,120,Amelanchier',0,0,0,0,0,0,0,0.0,0.0,0.0,0.0,0.0,0.0,0.0,0.0
978,120,Arbutus',0,0,0,0,0,0,0,0.0,0.0,0.0,0.0,0.0,0.0,0.0,0.0
978,120,Asimina',0,0,0,0,0,0,0,0.0,0.0,0.0,0.0,0.0,0.0,0.0,0.0
978,120,Betula',0,264,300,5,0,0,0,30.426279067993164,12.386333465576172,189.09244194721117,4.241711153006882,4937.109633209109,30229.653829220046,0.013693445630850773,76.62922324494592
978,120,Calocedrus',0,0,0,0,0,0,0,0.0,0.0,0.0,0.0,0.0,0.0,0.0,0.0
978,120,Carpinus',0,0,0,0,0,0,0,0.0,0.0,0.0,0.0,0.0,0.0,0.0,0.0
978,120,Carya',0,92,97,0,0,0,0,21.380910873413086,13.587934494018555,49.89513341195975,1.8642850560484774,2848.214236301184,33340.3615015422,0.00704763312934341,77.36712224226875
978,120,Castanea',0,0,0,0,0,0,0,0.0,0.0,0.0,0.0,0.0,0.0,0.0,0.0
978,120,Catalpa',0,35,0,0,0,0,0,5.309619903564453,3.690103530883789,12.27413032062446,0.07882550188404873,62.12480164170265,1389.1527955953982,0.00031474803578108036,7.037980037910242
978,120,Celtis',0,66,44,0,0,0,0,20.59839630126953,11.386194229125977,34.515310355662535,0.6931043107938922,724.6128322717548,10147.252858061298,0.0021071178684113493,27.752625914046988
978,120,Cercis',0,0,0,0,0,0,0,0.0,0.0,0.0,0.0,0.0,0.0,0.0,0.0
978,120,Cercocarpus',0,0,0,0,0,0,0,0.0,0.0,0.0,0.0,0.0,0.0,0.0,0.0
978,120,Chamaecyparis',0,0,0,0,0,0,0,0.0,0.0,0.0,0.0,0.0,0.0,0.0,0.0
978,120,Chilopsis',0,0,0,0,0,0,0,0.0,0.0,0.0,0.0,0.0,0.0,0.0,0.0
978,120,Chrysolepis',0,0,0,0,0,0,0,0.0,0.0,0.0,0.0,0.0,0.0,0.0,0.0
978,120,Cladrastis',0,0,0,0,0,0,0,0.0,0.0,0.0,0.0,0.0,0.0,0.0,0.0
978,120,Comus',0,0,0,0,0,0,0,0.0,0.0,0.0,0.0,0.0,0.0,0.0,0.0
978,120,Cornus',0,0,0,0,0,0,0,0.0,0.0,0.0,0.0,0.0,0.0,0.0,0.0
978,120,Crataegus',0,0,0,0,0,0,0,0.0,0.0,0.0,0.0,0.0,0.0,0.0,0.0
978,120,Cupressus',0,0,0,0,0,0,0,0.0,0.0,0.0,0.0,0.0,0.0,0.0,0.0
978,120,Diospyros',0,0,0,0,0,0,0,0.0,0.0,0.0,0.0,0.0,0.0,0.0,0.0
978,120,Elaeagnus',0,327,20,0,0,0,0,9.621281623840332,4.928682804107666,102.65205453279651,0.5890019696172527,617.6190547132492,5175.029235320284,0.002850220140510236,22.12109260232178
978,120,Fagus',0,0,0,0,0,0,0,0.0,0.0,0.0,0.0,0.0,0.0,0.0,0.0
978,120,Fraxinus',0,996,261,16,0,0,0,37.2867546081543,14.35035514831543,448.35418627986417,6.310235499223772,7549.268546838761,40487.824744522826,0.02323045992673794,101.74108433244905
978,120,Gleditsia',0,94,12,0,0,0,0,27.5529842376709,14.324868202209473,43.36155710341055,0.499926714225887,763.0794734203815,10142.502364732134,0.0023199459340474634,27.39817309616761
978,120,Gordonia',0,0,0,0,0,0,0,0.0,0.0,0.0,0.0,0.0,0.0,0.0,0.0
978,120,Gymnocladus',0,0,0,0,0,0,0,0.0,0.0,0.0,0.0,0.0,0.0,0.0,0.0
978,120,Halesia',0,0,0,0,0,0,0,0.0,0.0,0.0,0.0,0.0,0.0,0.0,0.0
978,120,Ilex',0,0,0,0,0,0,0,0.0,0.0,0.0,0.0,0.0,0.0,0.0,0.0
978,120,Juglans',0,0,0,0,0,0,0,0.0,0.0,0.0,0.0,0.0,0.0,0.0,0.0
978,120,Juniperus',0,30,0,0,0,0,0,2.7896273136138916,3.460559129714966,7.896292488574981,0.01875156889575746,28.07202876329422,627.7096458105523,0.00017643984315016494,3.945314832231714
978,120,Larix',0,0,0,0,0,0,0,0.0,0.0,0.0,0.0,0.0,0.0,0.0,0.0
978,120,Liquidambar',0,0,0,0,0,0,0,0.0,0.0,0.0,0.0,0.0,0.0,0.0,0.0
978,120,Liriodendron',0,1603,349,10,0,0,0,35.48037338256836,14.502540588378906,718.651874120807,9.683985127968858,8403.743606330008,37013.223924109756,0.02902037879560048,97.11502998905453
978,120,Lithocarpus',0,0,0,0,0,0,0,0.0,0.0,0.0,0.0,0.0,0.0,0.0,0.0
978,120,Maclura',0,20,51,0,0,0,0,11.379558563232422,6.519696235656738,24.31134787824335,0.5475155474122052,754.1544116181135,11512.812480900539,0.0020258740721568534,29.271695849273655
978,120,Magnolia',0,36,0,0,0,0,0,4.455959796905518,4.218935966491699,5.088014494674868,0.020251172960330226,22.711449128091335,373.198961277588,0.00012371468024048975,1.9898460373401747
978,120,Malus',0,0,0,0,0,0,0,0.0,0.0,0.0,0.0,0.0,0.0,0.0,0.0
978,120,Morus',0,113,20,0,0,0,0,10.123101234436035,6.821222305297852,42.655537709405145,0.3089102253670449,341.0878721356392,4183.362403298004,0.001372023238868455,14.673474617632946
978,120,Nyssa',0,0,0,0,0,0,0,0.0,0.0,0.0,0.0,0.0,0.0,0.0,0.0
978,120,Olneya',0,0,0,0,0,0,0,0.0,0.0,0.0,0.0,0.0,0.0,0.0,0.0
978,120,Ostrya',0,0,38,0,0,0,0,8.89046859741211,7.409776210784912,10.63423895571805,0.24061514209150242,295.45680867791174,6606.615086189594,0.0008096564645916262,18.10446893249035
978,120,Oxydendron',0,0,0,0,0,0,0,0.0,0.0,0.0,0.0,0.0,0.0,0.0,0.0
978,120,Paulownia',0,147,13,1,0,0,0,29.010848999023438,10.541793823242188,81.82331036351903,0.749656585773647,500.7272365033627,6222.299930416104,0.0022906192105300715,20.343646125571947
978,120,Persea',0,0,0,0,0,0,0,0.0,0.0,0.0,0.0,0.0,0.0,0.0,0.0
978,120,Picea',0,0,0,0,0,0,0,0.0,0.0,0.0,0.0,0.0,0.0,0.0,0.0
978,120,Pinus',0,320,742,71,0,0,0,43.10435104370117,16.790380477905273,402.3312031391263,19.42758901949051,21330.52448560983,106282.61554013619,0.053212616479436634,247.91609942491516
978,120,Planera',0,0,0,0,0,0,0,0.0,0.0,0.0,0.0,0.0,0.0,0.0,0.0
978,120,Platanus',0,57,0,0,0,0,0,6.392634391784668,3.1650946140289307,42.979985113385354,0.11967894106400274,156.66731201171876,2320.5125762959306,0.0009668703562170372,15.104295372860022
978,120,Populus',0,210,0,0,0,0,0,6.492800712585449,3.740865707397461,63.91384879622277,0.18181545502812924,204.56974226355553,1581.8009386789674,0.0013746747842528827,10.967726959253824
978,120,Prosopis',0,0,0,0,0,0,0,0.0,0.0,0.0,0.0,0.0,0.0,0.0,0.0
978,120,Prunus',0,36,29,0,0,0,0,14.919204711914062,8.003270149230957,10.623423974913885,0.6868086887635175,549.443077648282,10223.667154730305,0.0013739146833941303,24.43656584675031
978,120,Pseudotsuga',0,0,0,0,0,0,0,0.0,0.0,0.0,0.0,0.0,0.0,0.0,0.0
978,120,Quercus',0,160,124,8,0,0,0,33.49203109741211,15.152963638305664,106.08582856534402,2.936562674907903,3587.4143983602526,35142.283266004015,0.009499196286011462,86.40449836593115
978,120,Robinia',0,0,0,0,0,0,0,0.0,0.0,0.0,0.0,0.0,0.0,0.0,0.0
978,120,Salix',0,810,87,0,0,0,0,15.771193504333496,9.698390007019043,231.501332380915,1.7705658396747765,1425.8540236639976,8719.23813753849,0.006501154808796019,32.73697698571891
978,120,Sassafras',0,0,0,0,0,0,0,0.0,0.0,0.0,0.0,0.0,0.0,0.0,0.0
978,120,Sequoia',0,0,0,0,0,0,0,0.0,0.0,0.0,0.0,0.0,0.0,0.0,0.0
978,120,Sequoiadendron',0,0,0,0,0,0,0,0.0,0.0,0.0,0.0,0.0,0.0,0.0,0.0
978,120,Sorbus',0,0,0,0,0,0,0,0.0,0.0,0.0,0.0,0.0,0.0,0.0,0.0
978,120,Taxodium',0,0,0,0,0,0,0,0.0,0.0,0.0,0.0,0.0,0.0,0.0,0.0
978,120,Taxus',0,0,0,0,0,0,0,0.0,0.0,0.0,0.0,0.0,0.0,0.0,0.0
978,120,Thuja',0,0,0,0,0,0,0,0.0,0.0,0.0,0.0,0.0,0.0,0.0,0.0
978,120,Tilia',0,15,0,0,0,0,0,2.391683340072632,2.6594648361206055,0.0,0.0067928031491989085,5.673864440917969,126.87146585011294,1.260858743917197e-05,0.2819365861423838
978,120,Torreya',0,0,0,0,0,0,0,0.0,0.0,0.0,0.0,0.0,0.0,0.0,0.0
978,120,Tsuga',0,0,0,0,0,0,0,0.0,0.0,0.0,0.0,0.0,0.0,0.0,0.0
978,120,Ulmus',0,59,21,0,4,0,0,106.52779388427734,25.369413375854492,55.11309781029254,1.924468377290583,2793.307984302044,37002.56905018807,0.007000734660636636,86.06011186051624
978,120,Umbellularia',0,0,0,0,0,0,0,0.0,0.0,0.0,0.0,0.0,0.0,0.0,0.0
978,130,Abies',0,0,0,0,0,0,0,0.0,0.0,0.0,0.0,0.0,0.0,0.0,0.0
978,130,Acer',0,1992,892,6,0,0,0,30.959270477294922,17.523168563842773,946.279420435452,13.905594691946629,17637.53705204256,66601.89314383313,0.05281674443947507,164.44313546018932
978,130,Aesculus',0,0,0,0,0,0,0,0.0,0.0,0.0,0.0,0.0,0.0,0.0,0.0
978,130,Ailanthus',0,674,137,0,0,0,0,22.59621810913086,10.200244903564453,275.3556338789625,2.0447309268946094,2080.3785050360857,10373.430149055275,0.008586960708291994,37.864145294539796
978,130,Alnus',0,0,24,0,0,0,0,13.838268280029297,8.43329906463623,14.871718198815477,0.28978390770810974,256.87189398407935,4238.826037566154,0.000784913063377146,12.623256393712062
978,130,Amelanchier',0,0,0,0,0,0,0,0.0,0.0,0.0,0.0,0.0,0.0,0.0,0.0
978,130,Arbutus',0,0,0,0,0,0,0,0.0,0.0,0.0,0.0,0.0,0.0,0.0,0.0
978,130,Asimina',0,0,0,0,0,0,0,0.0,0.0,0.0,0.0,0.0,0.0,0.0,0.0
978,130,Betula',0,206,160,15,0,0,0,33.21562957763672,13.07839298248291,102.3694193667343,3.5819116680852017,4293.528518510014,32510.672547850587,0.0110148390369471,77.89946305068094
978,130,Calocedrus',0,0,0,0,0,0,0,0.0,0.0,0.0,0.0,0.0,0.0,0.0,0.0
978,130,Carpinus',0,33,0,0,0,0,0,1.842262864112854,2.531219482421875,0.0,0.008977701465677997,14.110921268463136,315.5297918143126,3.135760284494609e-05,0.701177315727406
978,130,Carya',0,61,50,0,0,0,0,22.9776554107666,13.7757568359375,25.383307294377794,1.3552559271857434,2038.4897630083562,30991.240839155238,0.004895384212769542,72.91131079909741
978,130,Castanea',0,0,0,0,0,0,0,0.0,0.0,0.0,0.0,0.0,0.0,0.0,0.0
978,130,Catalpa',0,103,0,0,0,0,0,7.323813438415527,4.543780326843262,27.688023232960997,0.18660796207655025,150.10330196142198,2394.738375867504,0.0007321473696357528,10.261970764136098
978,130,Celtis',0,49,35,0,0,0,0,23.93655776977539,12.714365005493164,30.483828214339063,0.6859933243331933,761.4307058268786,11696.515036892879,0.002130899923712012,29.68422956894466
978,130,Cercis',0,0,0,0,0,0,0,0.0,0.0,0.0,0.0,0.0,0.0,0.0,0.0
978,130,Cercocarpus',0,0,0,0,0,0,0,0.0,0.0,0.0,0.0,0.0,0.0,0.0,0.0
978,130,Chamaecyparis',0,3,0,0,0,0,0,4.124470233917236,5.189226150512695,1.7253943181037903,0.005023588685714977,6.127311756610871,137.01085607115544,3.853861080234254e-05,0.8617495351244557
978,130,Chilopsis',0,0,0,0,0,0,0,0.0,0.0,0.0,0.0,0.0,0.0,0.0,0.0
978,130,Chrysolepis',0,0,0,0,0,0,0,0.0,0.0,0.0,0.0,0.0,0.0,0.0,0.0
978,130,Cladrastis',0,0,0,0,0,0,0,0.0,0.0,0.0,0.0,0.0,0.0,0.0,0.0
978,130,Comus',0,0,0,0,0,0,0,0.0,0.0,0.0,0.0,0.0,0.0,0.0,0.0
978,130,Cornus',0,0,0,0,0,0,0,0.0,0.0,0.0,0.0,0.0,0.0,0.0,0.0
978,130,Crataegus',0,0,0,0,0,0,0,0.0,0.0,0.0,0.0,0.0,0.0,0.0,0.0
978,130,Cupressus',0,0,0,0,0,0,0,0.0,0.0,0.0,0.0,0.0,0.0,0.0,0.0
978,130,Diospyros',0,0,0,0,0,0,0,0.0,0.0,0.0,0.0,0.0,0.0,0.0,0.0
978,130,Elaeagnus',0,376,0,0,0,0,0,6.503194332122803,3.9947404861450195,106.43370607914991,0.375190366307581,459.2286325056851,3544.8021469957416,0.0025526804009084517,18.796207963338528
978,130,Fagus',0,0,0,0,0,0,0,0.0,0.0,0.0,0.0,0.0,0.0,0.0,0.0
978,130,Fraxinus',0,1068,341,19,0,0,0,40.75743103027344,14.937864303588867,501.2602068549847,7.568222353007446,9078.674330787659,47392.297470878904,0.027390750919696505,115.93938716554321
978,130,Gleditsia',0,0,43,0,0,0,0,19.29766082763672,11.210655212402344,19.05550502712213,0.43833254275386313,572.2964454948902,9511.74446067542,0.00154608450697362,25.21080687865171
978,130,Gordonia',0,0,0,0,0,0,0,0.0,0.0,0.0,0.0,0.0,0.0,0.0,0.0
978,130,Gymnocladus',0,17,0,0,0,0,0,1.4120856523513794,1.9951757192611694,1.7840468808065484,0.0027625525171265024,6.938117383718491,155.14102105867573,4.110038555692881e-05,0.9190325600674332
978,130,Halesia',0,0,0,0,0,0,0,0.0,0.0,0.0,0.0,0.0,0.0,0.0,0.0
978,130,Ilex',0,23,0,0,0,0,0,0.8881287574768066,1.7813961505889893,1.0754729807376862,0.0014248514304895873,5.223296567797661,116.79646192236903,2.71419354636844e-05,0.606912127377106
978,130,Juglans',0,0,0,0,0,0,0,0.0,0.0,0.0,0.0,0.0,0.0,0.0,0.0
978,130,Juniperus',0,30,0,0,0,0,0,4.172418594360352,4.480463027954102,8.21764384150505,0.04194893901273549,44.17821153044701,987.8548410644462,0.0002168731030163683,4.849430008359141
978,130,Larix',0,0,0,0,0,0,0,0.0,0.0,0.0,0.0,0.0,0.0,0.0,0.0
978,130,Liquidambar',0,0,0,0,0,0,0,0.0,0.0,0.0,0.0,0.0,0.0,0.0,0.0
978,130,Liriodendron',0,1282,571,4,0,0,0,29.808263778686523,12.798678398132324,766.24697706556,10.82068954548292,9045.251105059087,33283.86200442347,0.031131108962221998,92.27171843020696
978,130,Lithocarpus',0,0,0,0,0,0,0,0.0,0.0,0.0,0.0,0.0,0.0,0.0,0.0
978,130,Maclura',0,40,38,0,0,0,0,14.837306022644043,7.755357265472412,27.280343910561328,0.4522382554235435,670.00774320364,10973.168465273428,0.001881621806274155,28.255817612346654
978,130,Magnolia',0,25,0,0,0,0,0,5.940766334533691,3.9606380462646484,11.185076825226409,0.07029494123160808,64.20055668830872,1435.5680894838758,0.0003036832923367588,6.790564852959303
978,130,Malus',0,0,0,0,0,0,0,0.0,0.0,0.0,0.0,0.0,0.0,0.0,0.0
978,130,Morus',0,69,0,0,0,0,0,6.93009614944458,5.271435260772705,21.58949311115319,0.17194197764427738,190.3768995243311,2776.2265980602124,0.0007338525333404582,11.017260026756492
978,130,Nyssa',0,0,0,0,0,0,0,0.0,0.0,0.0,0.0,0.0,0.0,0.0,0.0
978,130,Olneya',0,0,0,0,0,0,0,0.0,0.0,0.0,0.0,0.0,0.0,0.0,0.0
978,130,Ostrya',0,0,0,0,0,0,0,0.0,0.0,0.0,0.0,0.0,0.0,0.0,0.0
978,130,Oxydendron',0,0,0,0,0,0,0,0.0,0.0,0.0,0.0,0.0,0.0,0.0,0.0
978,130,Paulownia',0,186,17,0,0,0,0,8.636407852172852,4.684620380401611,60.70329459879216,0.3424310939897535,220.90910602867604,2019.9242748086526,0.0013647667772248326,12.822423233427756
978,130,Persea',0,0,0,0,0,0,0,0.0,0.0,0.0,0.0,0.0,0.0,0.0,0.0
978,130,Picea',0,0,0,0,0,0,0,0.0,0.0,0.0,0.0,0.0,0.0,0.0,0.0
978,130,Pinus',0,334,718,80,0,0,0,45.19752502441406,16.462970733642578,383.66618339180945,21.198578593416304,23804.868415902256,116711.50889030434,0.05844155292030337,270.7621532510871
978,130,Planera',0,0,0,0,0,0,0,0.0,0.0,0.0,0.0,0.0,0.0,0.0,0.0
978,130,Platanus',0,73,22,0,0,0,0,12.042479515075684,4.728760242462158,65.21273092755787,0.28898031809556285,315.3178910470009,3289.969601449375,0.0016394799212329086,16.14021399208572
978,130,Populus',0,270,31,0,0,0,0,11.979029655456543,5.667248725891113,121.81901178923964,0.5814606108306627,514.0874445423484,3817.834963533318,0.0028960689189634365,20.396864373581106
978,130,Prosopis',0,0,0,0,0,0,0,0.0,0.0,0.0,0.0,0.0,0.0,0.0,0.0
978,130,Prunus',0,49,34,0,0,0,0,16.687841415405273,8.705439567565918,30.44394916560076,0.698819747179012,656.2484834730625,13266.898640603014,0.001896587567560351,33.38390698557736
978,130,Pseudotsuga',0,0,0,0,0,0,0,0.0,0.0,0.0,0.0,0.0,0.0,0.0,0.0
978,130,Quercus',0,109,196,8,0,0,0,36.098995208740234,15.959522247314453,110.23287679151265,4.02478375828461,4948.89806367606,44924.79939874127,0.012584414934325976,108.04618765666322
978,130,Robinia',0,0,0,0,0,0,0,0.0,0.0,0.0,0.0,0.0,0.0,0.0,0.0
978,130,Salix',0,929,124,0,0,0,0,22.944978713989258,10.156103134155273,279.7404985860744,2.782107002921339,2076.9670206436517,11504.50261059971,0.008642502081742056,39.47964382298985
978,130,Sassafras',0,0,0,0,0,0,0,0.0,0.0,0.0,0.0,0.0,0.0,0.0,0.0
978,130,Sequoia',0,0,0,0,0,0,0,0.0,0.0,0.0,0.0,0.0,0.0,0.0,0.0
978,130,Sequoiadendron',0,0,0,0,0,0,0,0.0,0.0,0.0,0.0,0.0,0.0,0.0,0.0
978,130,Sorbus',0,0,0,0,0,0,0,0.0,0.0,0.0,0.0,0.0,0.0,0.0,0.0
978,130,Taxodium',0,0,0,0,0,0,0,0.0,0.0,0.0,0.0,0.0,0.0,0.0,0.0
978,130,Taxus',0,0,0,0,0,0,0,0.0,0.0,0.0,0.0,0.0,0.0,0.0,0.0
978,130,Thuja',0,0,0,0,0,0,0,0.0,0.0,0.0,0.0,0.0,0.0,0.0,0.0
978,130,Tilia',0,0,15,0,0,0,0,8.096742630004883,5.688433647155762,8.584957394418835,0.07785066771549519,52.44090665817261,1172.6143208939513,0.000240120576269923,5.369259313359674
978,130,Torreya',0,0,0,0,0,0,0,0.0,0.0,0.0,0.0,0.0,0.0,0.0,0.0
978,130,Tsuga',0,0,0,0,0,0,0,0.0,0.0,0.0,0.0,0.0,0.0,0.0,0.0
978,130,Ulmus',0,57,4,0,0,0,0,114.27188873291016,26.22903823852539,28.39358922235573,0.9288877783679456,1570.1309764921666,27619.46188920289,0.0038979213756024818,64.49749360976277
978,130,Umbellularia',0,0,0,0,0,0,0,0.0,0.0,0.0,0.0,0.0,0.0,0.0,0.0
978,140,Abies',0,0,0,0,0,0,0,0.0,0.0,0.0,0.0,0.0,0.0,0.0,0.0
978,140,Acer',0,1993,621,6,0,0,0,33.11703109741211,18.31186294555664,856.6283277217062,14.085764093756927,18073.522095690518,69413.55532182415,0.052495022777443986,168.44186274919056
978,140,Aesculus',0,0,0,0,0,0,0,0.0,0.0,0.0,0.0,0.0,0.0,0.0,0.0
978,140,Ailanthus',0,636,121,1,0,0,0,32.94086837768555,13.012094497680664,258.8550506253974,2.8067658889836893,2830.7265330186488,15763.55667977201,0.010016865667991818,46.68215140384646
978,140,Alnus',0,0,0,0,0,0,0,0.0,0.0,0.0,0.0,0.0,0.0,0.0,0.0
978,140,Amelanchier',0,0,0,0,0,0,0,0.0,0.0,0.0,0.0,0.0,0.0,0.0,0.0
978,140,Arbutus',0,0,0,0,0,0,0,0.0,0.0,0.0,0.0,0.0,0.0,0.0,0.0
978,140,Asimina',0,0,0,0,0,0,0,0.0,0.0,0.0,0.0,0.0,0.0,0.0,0.0
978,140,Betula',0,201,118,15,0,0,0,35.82868957519531,13.689252853393555,110.51543392806866,3.472566192116083,4416.481205292344,36729.56233305022,0.011405333746218604,86.256851171976
978,140,Calocedrus',0,0,0,0,0,0,0,0.0,0.0,0.0,0.0,0.0,0.0,0.0,0.0
978,140,Carpinus',0,33,0,0,0,0,0,4.422277450561523,4.021081447601318,8.09511031342458,0.051731364887541285,60.82135770201683,1360.0069030553932,0.00025169218479841645,5.628008346146965
978,140,Carya',0,28,72,0,0,0,0,24.710641860961914,14.487411499023438,23.00097035267685,1.6276380472223297,2556.8279299724104,38204.063864762444,0.006012951843810262,88.51631568831031
978,140,Castanea',0,35,0,0,0,0,0,2.7586467266082764,2.1176769733428955,12.148495216535615,0.021278061292984755,37.150577324628834,830.7121630123241,0.00025744117868132485,5.75655975739112
978,140,Catalpa',0,89,11,0,0,0,0,8.238624572753906,4.922303199768066,33.87556456783904,0.1617910695643121,146.75235588729382,1960.6982719001608,0.0008137739088311732,10.63493823328953
978,140,Celtis',0,100,77,0,0,0,0,11.005572319030762,7.123783588409424,52.88891785695582,0.6667746305333478,637.0475016844273,7183.913617466332,0.002177026485102245,21.5312687743791
978,140,Cercis',0,0,0,0,0,0,0,0.0,0.0,0.0,0.0,0.0,0.0,0.0,0.0
978,140,Cercocarpus',0,0,0,0,0,0,0,0.0,0.0,0.0,0.0,0.0,0.0,0.0,0.0
978,140,Chamaecyparis',0,0,0,0,0,0,0,0.0,0.0,0.0,0.0,0.0,0.0,0.0,0.0
978,140,Chilopsis',0,0,0,0,0,0,0,0.0,0.0,0.0,0.0,0.0,0.0,0.0,0.0
978,140,Chrysolepis',0,0,0,0,0,0,0,0.0,0.0,0.0,0.0,0.0,0.0,0.0,0.0
978,140,Cladrastis',0,0,0,0,0,0,0,0.0,0.0,0.0,0.0,0.0,0.0,0.0,0.0
978,140,Comus',0,0,0,0,0,0,0,0.0,0.0,0.0,0.0,0.0,0.0,0.0,0.0
978,140,Cornus',0,0,0,0,0,0,0,0.0,0.0,0.0,0.0,0.0,0.0,0.0,0.0
978,140,Crataegus',0,0,0,0,0,0,0,0.0,0.0,0.0,0.0,0.0,0.0,0.0,0.0
978,140,Cupressus',0,0,0,0,0,0,0,0.0,0.0,0.0,0.0,0.0,0.0,0.0,0.0
978,140,Diospyros',0,0,0,0,0,0,0,0.0,0.0,0.0,0.0,0.0,0.0,0.0,0.0
978,140,Elaeagnus',0,255,38,0,0,0,0,12.371109008789062,5.606590270996094,95.74684602456001,0.5882217124947935,600.9747515267134,5676.565893885438,0.0027138285082848866,22.751280118896453
978,140,Fagus',0,0,0,0,0,0,0,0.0,0.0,0.0,0.0,0.0,0.0,0.0,0.0
978,140,Fraxinus',0,967,444,15,0,0,0,35.64354705810547,15.379128456115723,485.8458716441181,8.887339785229361,10352.364015870691,51678.38079506084,0.029999274587346764,125.44802649506097
978,140,Gleditsia',0,38,0,0,0,0,0,6.241368293762207,4.97459602355957,7.704567637624619,0.07705624930633981,86.40897581458091,1869.8225777911478,0.00030293148547131884,6.439176903101807
978,140,Gordonia',0,0,0,0,0,0,0,0.0,0.0,0.0,0.0,0.0,0.0,0.0,0.0
978,140,Gymnocladus',0,17,0,0,0,0,0,6.659616947174072,4.397103786468506,11.111543657658974,0.05935509048967063,67.71876088857651,1514.2375269891124,0.0003104429794102907,6.941716050989778
978,140,Halesia',0,0,0,0,0,0,0,0.0,0.0,0.0,0.0,0.0,0.0,0.0,0.0
978,140,Ilex',0,47,0,0,0,0,0,4.480281352996826,3.590977907180786,16.28014183819294,0.06277101911926165,84.8987308818102,1426.2947407878166,0.00042382144380236406,7.523203138757085
978,140,Juglans',0,0,0,0,0,0,0,0.0,0.0,0.0,0.0,0.0,0.0,0.0,0.0
978,140,Juniperus',0,24,30,0,0,0,0,8.202958106994629,7.272075653076172,13.22998143017292,0.17541002965767669,161.41670656502248,3193.939613527116,0.000549803514305498,9.876372543149202
978,140,Larix',0,0,0,0,0,0,0,0.0,0.0,0.0,0.0,0.0,0.0,0.0,0.0
978,140,Liquidambar',0,0,0,0,0,0,0,0.0,0.0,0.0,0.0,0.0,0.0,0.0,0.0
978,140,Liriodendron',0,1378,598,0,0,0,0,26.933942794799805,11.88328742980957,690.4512182884861,11.058948186253225,9203.921420674771,33532.59157777996,0.03039258761892603,91.01987237532354
978,140,Lithocarpus',0,0,0,0,0,0,0,0.0,0.0,0.0,0.0,0.0,0.0,0.0,0.0
978,140,Maclura',0,76,58,0,0,0,0,17.536033630371094,8.626611709594727,37.471344976485526,0.905695470882264,1319.0861951828003,17242.668209726548,0.0034707234114492334,42.36348971227053
978,140,Magnolia',0,33,0,0,0,0,0,4.673422813415527,4.347538471221924,10.05005103877828,0.057705341694186334,50.63757568836212,1132.2906145496888,0.00025720401685871557,5.751256657820923
978,140,Malus',0,0,0,0,0,0,0,0.0,0.0,0.0,0.0,0.0,0.0,0.0,0.0
978,140,Morus',0,27,0,0,0,0,0,4.518878936767578,3.9898126125335693,9.851450765434699,0.02569561136194334,39.75636073350906,658.602516418609,0.00023016457430087022,3.7786348497106936
978,140,Nyssa',0,0,0,0,0,0,0,0.0,0.0,0.0,0.0,0.0,0.0,0.0,0.0
978,140,Olneya',0,0,0,0,0,0,0,0.0,0.0,0.0,0.0,0.0,0.0,0.0,0.0
978,140,Ostrya',0,0,0,0,0,0,0,0.0,0.0,0.0,0.0,0.0,0.0,0.0,0.0
978,140,Oxydendron',0,0,0,0,0,0,0,0.0,0.0,0.0,0.0,0.0,0.0,0.0,0.0
978,140,Paulownia',0,124,60,0,0,0,0,11.513589859008789,5.677738189697266,61.954051926732056,0.5699556864152096,317.8888043701649,3194.520630058134,0.0015982825567140138,13.912941307049902
978,140,Persea',0,0,0,0,0,0,0,0.0,0.0,0.0,0.0,0.0,0.0,0.0,0.0
978,140,Picea',0,0,0,0,0,0,0,0.0,0.0,0.0,0.0,0.0,0.0,0.0,0.0
978,140,Pinus',0,356,736,91,0,0,0,47.129066467285156,16.738922119140625,413.27095223441717,24.659871952690278,28441.95859953955,132741.14413835728,0.06917382201304098,306.6850241792709
978,140,Planera',0,0,0,0,0,0,0,0.0,0.0,0.0,0.0,0.0,0.0,0.0,0.0
978,140,Platanus',0,113,38,0,0,0,0,17.32111930847168,6.121406555175781,88.54281389213438,0.612674805527138,611.2024176177382,6051.710118073198,0.0026328506105644496,24.25332725276523
978,140,Populus',0,345,0,0,0,0,0,6.995007038116455,3.9222512245178223,155.20083972453313,0.4640326663622309,488.87506351411344,3354.193387708761,0.0033205913474066207,22.241585361037618
978,140,Prosopis',0,0,0,0,0,0,0,0.0,0.0,0.0,0.0,0.0,0.0,0.0,0.0
978,140,Prunus',0,64,0,0,0,0,0,2.729111671447754,3.07235050201416,7.684598532092721,0.02884127344419054,27.22919576346874,431.3743412192696,0.00017113339146506226,2.854703784580356
978,140,Pseudotsuga',0,0,0,0,0,0,0,0.0,0.0,0.0,0.0,0.0,0.0,0.0,0.0
978,140,Quercus',0,21,252,8,0,0,0,38.62961959838867,16.711952209472656,97.47572294000204,4.704025551398589,5913.120599280894,54786.622033711115,0.014543485176429106,129.76563725929483
978,140,Robinia',0,0,0,0,0,0,0,0.0,0.0,0.0,0.0,0.0,0.0,0.0,0.0
978,140,Salix',0,845,83,2,0,0,0,32.885520935058594,12.346059799194336,281.7754040227,2.919805663627479,2256.7922361077367,13815.101916948486,0.00907140733880945,43.43640542006781
978,140,Sassafras',0,0,0,0,0,0,0,0.0,0.0,0.0,0.0,0.0,0.0,0.0,0.0
978,140,Sequoia',0,0,0,0,0,0,0,0.0,0.0,0.0,0.0,0.0,0.0,0.0,0.0
978,140,Sequoiadendron',0,0,0,0,0,0,0,0.0,0.0,0.0,0.0,0.0,0.0,0.0,0.0
978,140,Sorbus',0,0,0,0,0,0,0,0.0,0.0,0.0,0.0,0.0,0.0,0.0,0.0
978,140,Taxodium',0,0,0,0,0,0,0,0.0,0.0,0.0,0.0,0.0,0.0,0.0,0.0
978,140,Taxus',0,0,0,0,0,0,0,0.0,0.0,0.0,0.0,0.0,0.0,0.0,0.0
978,140,Thuja',0,0,0,0,0,0,0,0.0,0.0,0.0,0.0,0.0,0.0,0.0,0.0
978,140,Tilia',0,0,15,0,0,0,0,12.063253402709961,7.628413200378418,8.757705439495135,0.17281067799747987,113.38055072307587,2535.266187431585,0.0003780288165807724,8.452981313283935
978,140,Torreya',0,0,0,0,0,0,0,0.0,0.0,0.0,0.0,0.0,0.0,0.0,0.0
978,140,Tsuga',0,0,0,0,0,0,0,0.0,0.0,0.0,0.0,0.0,0.0,0.0,0.0
978,140,Ulmus',0,31,0,4,0,0,0,32.71696472167969,11.95274829864502,17.224638150839866,0.4525259772677675,510.0846635568142,9360.56022101831,0.0013814797135591498,24.179707223273617
978,140,Umbellularia',0,0,0,0,0,0,0,0.0,0.0,0.0,0.0,0.0,0.0,0.0,0.0
978,150,Abies',0,0,0,0,0,0,0,0.0,0.0,0.0,0.0,0.0,0.0,0.0,0.0
978,150,Acer',0,2126,666,21,0,0,0,35.32894515991211,19.084558486938477,999.0286833586619,15.613091504678218,20566.046174089985,79315.35986491044,0.06008389799551435,191.6894721317473
978,150,Aesculus',0,0,0,0,0,0,0,0.0,0.0,0.0,0.0,0.0,0.0,0.0,0.0
978,150,Ailanthus',0,564,196,0,0,0,0,13.018963813781738,6.959316730499268,221.7437709407008,2.2801849549577042,2203.4433364547044,11650.063846498879,0.008088665531501409,38.750651206964754
978,150,Alnus',0,36,0,0,0,0,0,1.9774432182312012,2.5257692337036133,2.4446689955229997,0.0042806906229647885,8.191098447144032,129.4235302745052,5.339480885956455e-05,0.8461163372538423
978,150,Amelanchier',0,0,0,0,0,0,0,0.0,0.0,0.0,0.0,0.0,0.0,0.0,0.0
978,150,Arbutus',0,0,0,0,0,0,0,0.0,0.0,0.0,0.0,0.0,0.0,0.0,0.0
978,150,Asimina',0,0,0,0,0,0,0,0.0,0.0,0.0,0.0,0.0,0.0,0.0,0.0
978,150,Betula',0,314,105,15,0,0,0,38.5833625793457,14.296262741088867,117.79926323815235,3.676970656073853,4771.64034768343,41276.63127159892,0.012299430983204403,96.47062974735077
978,150,Calocedrus',0,0,0,0,0,0,0,0.0,0.0,0.0,0.0,0.0,0.0,0.0,0.0
978,150,Carpinus',0,0,0,0,0,0,0,0.0,0.0,0.0,0.0,0.0,0.0,0.0,0.0
978,150,Carya',0,48,55,0,0,0,0,17.00322723388672,10.959306716918945,34.23611577553085,1.1283503472141272,1594.9407966184617,25820.02430275482,0.004037160859854901,61.52011415248474
978,150,Castanea',0,0,0,0,0,0,0,0.0,0.0,0.0,0.0,0.0,0.0,0.0,0.0
978,150,Catalpa',0,136,0,0,0,0,0,7.347225189208984,4.5535383224487305,42.75070108237523,0.25961040887744513,213.72490266472101,2456.6794672052793,0.0010903643064461637,12.5605614611971
978,150,Celtis',0,176,39,0,0,0,0,10.18603229522705,6.7265119552612305,54.210786874630024,0.8294928072584313,749.729376937449,7913.883419801623,0.0024464596918523556,23.365006223451932
978,150,Cercis',0,0,0,0,0,0,0,0.0,0.0,0.0,0.0,0.0,0.0,0.0,0.0
978,150,Cercocarpus',0,0,0,0,0,0,0,0.0,0.0,0.0,0.0,0.0,0.0,0.0,0.0
978,150,Chamaecyparis',0,0,0,0,0,0,0,0.0,0.0,0.0,0.0,0.0,0.0,0.0,0.0
978,150,Chilopsis',0,0,0,0,0,0,0,0.0,0.0,0.0,0.0,0.0,0.0,0.0,0.0
978,150,Chrysolepis',0,0,0,0,0,0,0,0.0,0.0,0.0,0.0,0.0,0.0,0.0,0.0
978,150,Cladrastis',0,0,0,0,0,0,0,0.0,0.0,0.0,0.0,0.0,0.0,0.0,0.0
978,150,Comus',0,0,0,0,0,0,0,0.0,0.0,0.0,0.0,0.0,0.0,0.0,0.0
978,150,Cornus',0,0,0,0,0,0,0,0.0,0.0,0.0,0.0,0.0,0.0,0.0,0.0
978,150,Crataegus',0,0,0,0,0,0,0,0.0,0.0,0.0,0.0,0.0,0.0,0.0,0.0
978,150,Cupressus',0,0,0,0,0,0,0,0.0,0.0,0.0,0.0,0.0,0.0,0.0,0.0
978,150,Diospyros',0,0,0,0,0,0,0,0.0,0.0,0.0,0.0,0.0,0.0,0.0,0.0
978,150,Elaeagnus',0,175,0,0,0,0,0,6.328425407409668,3.936464786529541,46.49629330616208,0.30265839770977465,307.125148152709,3441.07121930793,0.0013518403078163828,15.98158722962793
978,150,Fagus',0,0,0,0,0,0,0,0.0,0.0,0.0,0.0,0.0,0.0,0.0,0.0
978,150,Fraxinus',0,791,436,24,0,0,0,42.14683532714844,15.903007507324219,415.53045366454535,7.766457851207336,9147.706181225032,51085.738219562765,0.026310027431966518,123.28737022429637
978,150,Gleditsia',0,0,24,0,0,0,0,10.268692016601562,7.091985702514648,8.658027390513237,0.20638027002086312,233.65788634181024,5224.749173392161,0.0006438768225312159,14.397523443163433
978,150,Gordonia',0,0,0,0,0,0,0,0.0,0.0,0.0,0.0,0.0,0.0,0.0,0.0
978,150,Gymnocladus',0,0,0,0,0,0,0,0.0,0.0,0.0,0.0,0.0,0.0,0.0,0.0
978,150,Halesia',0,0,0,0,0,0,0,0.0,0.0,0.0,0.0,0.0,0.0,0.0,0.0
978,150,Ilex',0,0,47,0,0,0,0,8.442183494567871,5.353598117828369,25.612949681282043,0.26768243082767607,267.5091049432755,4228.992108111589,0.0009644295123219433,15.246567607569755
978,150,Juglans',0,0,0,0,0,0,0,0.0,0.0,0.0,0.0,0.0,0.0,0.0,0.0
978,150,Juniperus',0,24,0,0,0,0,0,6.724408149719238,6.278393268585205,12.285334832668305,0.08779028915119307,91.25486518621445,2040.5208183395625,0.0003802434312999272,8.502501603844046
978,150,Larix',0,0,0,0,0,0,0,0.0,0.0,0.0,0.0,0.0,0.0,0.0,0.0
978,150,Liquidambar',0,0,0,0,0,0,0,0.0,0.0,0.0,0.0,0.0,0.0,0.0,0.0
978,150,Liriodendron',0,1594,527,6,0,0,0,29.993045806884766,12.856300354003906,822.1101885218219,12.7899008192513,10755.485082180798,36750.28784970926,0.03573581084237015,100.45759108655722
978,150,Lithocarpus',0,0,0,0,0,0,0,0.0,0.0,0.0,0.0,0.0,0.0,0.0,0.0
978,150,Maclura',0,63,78,0,0,0,0,19.683134078979492,9.266538619995117,39.062034056722354,1.4672805208560562,2139.9333241647482,24585.62522671288,0.005317727162219593,58.51279979849966
978,150,Magnolia',0,57,0,0,0,0,0,2.678455114364624,2.5316641330718994,8.75656527667483,0.018468059460285458,28.06839939504862,505.4794759889827,0.0001884298436553201,3.379405876878236
978,150,Malus',0,0,0,0,0,0,0,0.0,0.0,0.0,0.0,0.0,0.0,0.0,0.0
978,150,Morus',0,0,10,0,0,0,0,8.485519409179688,6.0464768409729,7.262445712768578,0.05994495092284844,66.31989737153053,1482.9579878355253,0.0002519244907051334,5.633202864136932
978,150,Nyssa',0,3,0,0,0,0,0,2.7679243087768555,2.679039478302002,0.971053036141999,0.0022865562918644197,3.346304991841316,74.82565435204098,2.1415081555023823e-05,0.4788557810073457
978,150,Olneya',0,0,0,0,0,0,0,0.0,0.0,0.0,0.0,0.0,0.0,0.0,0.0
978,150,Ostrya',0,32,0,0,0,0,0,1.8845429420471191,2.911940336227417,3.660410395528696,0.00908210154702005,16.595989693403244,371.09761108335414,8.95736188236621e-05,2.002927006803661
978,150,Oxydendron',0,0,0,0,0,0,0,0.0,0.0,0.0,0.0,0.0,0.0,0.0,0.0
978,150,Paulownia',0,328,22,0,0,0,0,8.570901870727539,4.661275386810303,122.20356949970503,0.5525129161120885,379.6308886186779,2619.8168405417528,0.002602812466020701,17.22756421658801
978,150,Persea',0,0,0,0,0,0,0,0.0,0.0,0.0,0.0,0.0,0.0,0.0,0.0
978,150,Picea',0,0,0,0,0,0,0,0.0,0.0,0.0,0.0,0.0,0.0,0.0,0.0
978,150,Pinus',0,330,666,82,18,0,0,50.009063720703125,17.11952018737793,414.0815166899562,27.195192863146314,32155.287662442624,145427.1355036788,0.07743737222342231,334.8290930962993
978,150,Planera',0,0,0,0,0,0,0,0.0,0.0,0.0,0.0,0.0,0.0,0.0,0.0
978,150,Platanus',0,133,13,0,0,0,0,21.350908279418945,7.14207124710083,68.78242099021053,0.5336039695684854,555.1771101939678,7471.720428189739,0.0022238880634363896,25.369939483737937
978,150,Populus',0,198,20,0,0,0,0,9.977790832519531,4.978452682495117,85.42042995696957,0.36239893724261285,338.500519298017,3116.5734036904314,0.001981897915669703,16.682393279119193
978,150,Prosopis',0,0,0,0,0,0,0,0.0,0.0,0.0,0.0,0.0,0.0,0.0,0.0
978,150,Prunus',0,64,0,0,0,0,0,6.861931800842285,5.213608741760254,15.702410754335075,0.13953254199244117,99.51055426061154,1778.0230082505705,0.0004471794926514786,7.807957430606555
978,150,Pseudotsuga',0,0,0,0,0,0,0,0.0,0.0,0.0,0.0,0.0,0.0,0.0,0.0
978,150,Quercus',0,83,213,8,0,0,0,40.95326614379883,17.37737274169922,91.05795567218637,5.389252019997082,7011.848909883797,65364.59549559049,0.016892716384714408,151.21967156528527
978,150,Robinia',0,0,0,0,0,0,0,0.0,0.0,0.0,0.0,0.0,0.0,0.0,0.0
978,150,Salix',0,850,143,0,0,0,0,11.329498291015625,7.103435039520264,259.3242718010575,2.3820949847554544,1753.146466833055,9084.580696613577,0.0076289980250548025,32.802155124365385
978,150,Sassafras',0,0,0,0,0,0,0,0.0,0.0,0.0,0.0,0.0,0.0,0.0,0.0
978,150,Sequoia',0,0,0,0,0,0,0,0.0,0.0,0.0,0.0,0.0,0.0,0.0,0.0
978,150,Sequoiadendron',0,0,0,0,0,0,0,0.0,0.0,0.0,0.0,0.0,0.0,0.0,0.0
978,150,Sorbus',0,0,0,0,0,0,0,0.0,0.0,0.0,0.0,0.0,0.0,0.0,0.0
978,150,Taxodium',0,0,0,0,0,0,0,0.0,0.0,0.0,0.0,0.0,0.0,0.0,0.0
978,150,Taxus',0,0,0,0,0,0,0,0.0,0.0,0.0,0.0,0.0,0.0,0.0,0.0
978,150,Thuja',0,0,0,0,0,0,0,0.0,0.0,0.0,0.0,0.0,0.0,0.0,0.0
978,150,Tilia',0,0,0,0,0,0,0,0.0,0.0,0.0,0.0,0.0,0.0,0.0,0.0
978,150,Torreya',0,0,0,0,0,0,0,0.0,0.0,0.0,0.0,0.0,0.0,0.0,0.0
978,150,Tsuga',0,0,0,0,0,0,0,0.0,0.0,0.0,0.0,0.0,0.0,0.0,0.0
978,150,Ulmus',0,66,31,0,0,0,0,9.213370323181152,6.555113792419434,25.677792751053463,0.27538240269281605,304.6397560814023,4883.869777870936,0.001046623328467366,14.018180226446708
978,150,Umbellularia',0,0,0,0,0,0,0,0.0,0.0,0.0,0.0,0.0,0.0,0.0,0.0
978,160,Abies',0,0,0,0,0,0,0,0.0,0.0,0.0,0.0,0.0,0.0,0.0,0.0
978,160,Acer',0,2295,542,14,0,0,0,30.276248931884766,17.26607322692871,994.7329938484803,12.181246927324132,16196.10612298593,66658.55826182394,0.05031108106163823,163.05672136671137
978,160,Aesculus',0,0,0,0,0,0,0,0.0,0.0,0.0,0.0,0.0,0.0,0.0,0.0
978,160,Ailanthus',0,464,94,0,0,0,0,16.987083435058594,8.385498046875,193.726024407469,1.4165288588073293,1469.4538877144457,8756.142264067987,0.006054246860394271,32.10556562013538
978,160,Alnus',0,0,0,0,0,0,0,0.0,0.0,0.0,0.0,0.0,0.0,0.0,0.0
978,160,Amelanchier',0,0,0,0,0,0,0,0.0,0.0,0.0,0.0,0.0,0.0,0.0,0.0
978,160,Arbutus',0,0,0,0,0,0,0,0.0,0.0,0.0,0.0,0.0,0.0,0.0,0.0
978,160,Asimina',0,0,0,0,0,0,0,0.0,0.0,0.0,0.0,0.0,0.0,0.0,0.0
978,160,Betula',0,399,112,5,0,0,0,40.905818939208984,14.78017807006836,154.79020902344698,3.7924207822420732,4690.42292568028,37627.67594316328,0.012651453247426064,89.50551820838578
978,160,Calocedrus',0,0,0,0,0,0,0,0.0,0.0,0.0,0.0,0.0,0.0,0.0,0.0
978,160,Carpinus',0,0,0,0,0,0,0,0.0,0.0,0.0,0.0,0.0,0.0,0.0,0.0
978,160,Carya',0,51,55,0,0,0,0,18.4685001373291,11.567573547363281,34.09923516025271,1.5128662409638136,2187.6556927984952,32559.9033488725,0.005352334623388981,75.38704974829318
978,160,Castanea',0,0,0,0,0,0,0,0.0,0.0,0.0,0.0,0.0,0.0,0.0,0.0
978,160,Catalpa',0,102,0,0,0,0,0,7.574159145355225,4.647930145263672,38.35532851328578,0.2762828401146511,212.9687878113985,2711.466783156764,0.0010254102310892248,12.44391597595109
978,160,Celtis',0,143,93,0,0,0,0,10.151445388793945,6.709624290466309,49.42389525520273,1.0358718235406539,920.4761168214679,8665.446233676907,0.002756986917147853,24.073803378888048
978,160,Cercis',0,0,0,0,0,0,0,0.0,0.0,0.0,0.0,0.0,0.0,0.0,0.0
978,160,Cercocarpus',0,0,0,0,0,0,0,0.0,0.0,0.0,0.0,0.0,0.0,0.0,0.0
978,160,Chamaecyparis',0,25,0,0,0,0,0,2.2991762161254883,3.553680419921875,3.995577971935272,0.01051230854246397,11.985079089403152,267.99451559616733,8.43474131724802e-05,1.8860654957992642
978,160,Chilopsis',0,0,0,0,0,0,0,0.0,0.0,0.0,0.0,0.0,0.0,0.0,0.0
978,160,Chrysolepis',0,0,0,0,0,0,0,0.0,0.0,0.0,0.0,0.0,0.0,0.0,0.0
978,160,Cladrastis',0,0,0,0,0,0,0,0.0,0.0,0.0,0.0,0.0,0.0,0.0,0.0
978,160,Comus',0,0,0,0,0,0,0,0.0,0.0,0.0,0.0,0.0,0.0,0.0,0.0
978,160,Cornus',0,0,0,0,0,0,0,0.0,0.0,0.0,0.0,0.0,0.0,0.0,0.0
978,160,Crataegus',0,0,0,0,0,0,0,0.0,0.0,0.0,0.0,0.0,0.0,0.0,0.0
978,160,Cupressus',0,0,0,0,0,0,0,0.0,0.0,0.0,0.0,0.0,0.0,0.0,0.0
978,160,Diospyros',0,0,0,0,0,0,0,0.0,0.0,0.0,0.0,0.0,0.0,0.0,0.0
978,160,Elaeagnus',0,341,0,0,0,0,0,7.303875923156738,4.253264427185059,93.33346411373606,0.37824219560225164,445.0169942782819,3544.672240397981,0.002332513722282818,18.275110144722113
978,160,Fagus',0,0,0,0,0,0,0,0.0,0.0,0.0,0.0,0.0,0.0,0.0,0.0
978,160,Fraxinus',0,750,444,22,0,0,0,34.13457107543945,16.336597442626953,333.33762495884594,7.449402072279523,8875.572759589702,55079.02407638227,0.024522075304258185,129.52416508647792
978,160,Gleditsia',0,17,0,0,0,0,0,2.684081792831421,2.9421205520629883,4.584255314703229,0.010094300368781013,17.96476062655449,401.70425960487376,0.00010591459365561604,2.3683223122322485
978,160,Gordonia',0,0,0,0,0,0,0,0.0,0.0,0.0,0.0,0.0,0.0,0.0,0.0
978,160,Gymnocladus',0,0,0,0,0,0,0,0.0,0.0,0.0,0.0,0.0,0.0,0.0,0.0
978,160,Halesia',0,0,0,0,0,0,0,0.0,0.0,0.0,0.0,0.0,0.0,0.0,0.0
978,160,Ilex',0,0,24,0,0,0,0,11.882615089416504,6.708332061767578,7.794268145561218,0.27590801461070075,252.66840091228485,5649.837202060346,0.0006740691894193451,15.0726452907983
978,160,Juglans',0,0,0,0,0,0,0,0.0,0.0,0.0,0.0,0.0,0.0,0.0,0.0
978,160,Juniperus',0,0,24,0,0,0,0,10.966769218444824,9.039983749389648,11.618402917385101,0.2335047699369696,230.53080045461655,5154.8254072396185,0.0006801120343506374,15.207767411236844
978,160,Larix',0,0,0,0,0,0,0,0.0,0.0,0.0,0.0,0.0,0.0,0.0,0.0
978,160,Liquidambar',0,0,0,0,0,0,0,0.0,0.0,0.0,0.0,0.0,0.0,0.0,0.0
978,160,Liriodendron',0,1497,634,13,0,0,0,31.117155075073242,13.203710556030273,776.3884634774507,13.966772890731976,11824.1990538463,42677.82750786266,0.03745254100143838,110.8907138655303
978,160,Lithocarpus',0,0,0,0,0,0,0,0.0,0.0,0.0,0.0,0.0,0.0,0.0,0.0
978,160,Maclura',0,22,64,0,0,0,0,17.460525512695312,8.603272438049316,32.425123387122454,1.0692674943594065,1570.0372687399388,20989.196240149315,0.003955749330725532,51.216101256459
978,160,Magnolia',0,0,0,0,0,0,0,0.0,0.0,0.0,0.0,0.0,0.0,0.0,0.0
978,160,Malus',0,25,0,0,0,0,0,3.5783438682556152,3.2006771564483643,10.447697884674312,0.025503704976177013,44.042417957782746,984.8184044705952,0.00024827245486527897,5.55154086019512
978,160,Morus',0,40,10,0,0,0,0,12.320903778076172,7.798299789428711,20.23725758624982,0.17734303018249828,204.37790513038635,3585.323196472885,0.0007454996835440356,12.66010178458151
978,160,Nyssa',0,0,0,0,0,0,0,0.0,0.0,0.0,0.0,0.0,0.0,0.0,0.0
978,160,Olneya',0,0,0,0,0,0,0,0.0,0.0,0.0,0.0,0.0,0.0,0.0,0.0
978,160,Ostrya',0,32,0,0,0,0,0,5.169308662414551,5.281483173370361,13.216955869258204,0.06833437197723387,101.46687991857529,2268.868409627434,0.0004157473761811789,9.296393946083
978,160,Oxydendron',0,0,0,0,0,0,0,0.0,0.0,0.0,0.0,0.0,0.0,0.0,0.0
978,160,Paulownia',0,251,28,0,0,0,0,9.145804405212402,4.865023136138916,104.54015990506997,0.5628366044417333,360.8194385641813,3257.20363165311,0.002306734639648814,19.102161976080488
978,160,Persea',0,0,0,0,0,0,0,0.0,0.0,0.0,0.0,0.0,0.0,0.0,0.0
978,160,Picea',0,0,0,0,0,0,0,0.0,0.0,0.0,0.0,0.0,0.0,0.0,0.0
978,160,Pinus',0,169,817,78,23,0,0,60.52301025390625,18.24232292175293,385.46289252549406,33.01857734854473,39255.26088561088,168002.6965410722,0.09280171002294585,384.7997866666927
978,160,Planera',0,0,0,0,0,0,0,0.0,0.0,0.0,0.0,0.0,0.0,0.0,0.0
978,160,Platanus',0,59,13,0,0,0,0,25.92682456970215,8.258213996887207,57.87428812890112,0.6951752851955972,680.8829037380218,10651.908230642843,0.002346205654034408,30.803884390589612
978,160,Populus',0,332,14,0,0,0,0,11.212292671203613,5.405202388763428,118.18115897476672,0.46246188892969625,446.60684358775615,3150.462315412517,0.0026937430808623205,17.635375583877142
978,160,Prosopis',0,0,0,0,0,0,0,0.0,0.0,0.0,0.0,0.0,0.0,0.0,0.0
978,160,Prunus',0,46,0,0,0,0,0,3.546219825744629,3.543513059616089,10.712526957917062,0.026163579444454743,30.750101977288725,597.1230747374514,0.00022254633588483558,4.453048384083622
978,160,Pseudotsuga',0,0,0,0,0,0,0,0.0,0.0,0.0,0.0,0.0,0.0,0.0,0.0
978,160,Quercus',0,136,234,8,0,0,0,43.03217697143555,17.95276641845703,122.44796141982077,6.504180262407854,8605.12648641348,76542.98768442281,0.020885209639793807,178.4325163412762
978,160,Robinia',0,0,0,0,0,0,0,0.0,0.0,0.0,0.0,0.0,0.0,0.0,0.0
978,160,Salix',0,706,82,0,0,0,0,9.5464506149292,6.7259063720703125,201.46820707906835,1.250484212923433,1041.8229320178925,5585.714401890546,0.005215408858523238,25.190626632330645
978,160,Sassafras',0,0,0,0,0,0,0,0.0,0.0,0.0,0.0,0.0,0.0,0.0,0.0
978,160,Sequoia',0,0,0,0,0,0,0,0.0,0.0,0.0,0.0,0.0,0.0,0.0,0.0
978,160,Sequoiadendron',0,0,0,0,0,0,0,0.0,0.0,0.0,0.0,0.0,0.0,0.0,0.0
978,160,Sorbus',0,0,0,0,0,0,0,0.0,0.0,0.0,0.0,0.0,0.0,0.0,0.0
978,160,Taxodium',0,0,0,0,0,0,0,0.0,0.0,0.0,0.0,0.0,0.0,0.0,0.0
978,160,Taxus',0,0,0,0,0,0,0,0.0,0.0,0.0,0.0,0.0,0.0,0.0,0.0
978,160,Thuja',0,0,0,0,0,0,0,0.0,0.0,0.0,0.0,0.0,0.0,0.0,0.0
978,160,Tilia',0,0,0,0,0,0,0,0.0,0.0,0.0,0.0,0.0,0.0,0.0,0.0
978,160,Torreya',0,0,0,0,0,0,0,0.0,0.0,0.0,0.0,0.0,0.0,0.0,0.0
978,160,Tsuga',0,0,0,0,0,0,0,0.0,0.0,0.0,0.0,0.0,0.0,0.0,0.0
978,160,Ulmus',0,82,61,0,0,0,0,11.340303421020508,7.618235111236572,53.47241594350035,0.5955771729918543,651.9907225340605,8399.482578585455,0.0022186334401704333,24.123325184829824
978,160,Umbellularia',0,0,0,0,0,0,0,0.0,0.0,0.0,0.0,0.0,0.0,0.0,0.0
978,170,Abies',0,0,0,0,0,0,0,0.0,0.0,0.0,0.0,0.0,0.0,0.0,0.0
978,170,Acer',0,1965,675,26,0,0,0,34.46027755737305,17.670129776000977,835.4439463489392,12.95036504969566,17085.97493868824,74058.67092173662,0.04999551224332851,177.3554162664846
978,170,Aesculus',0,0,0,0,0,0,0,0.0,0.0,0.0,0.0,0.0,0.0,0.0,0.0
978,170,Ailanthus',0,498,92,0,0,0,0,22.642322540283203,10.214251518249512,223.63706520369533,1.813923391904674,1847.849667813182,11323.995472703733,0.007325712370420367,38.3146691010822
978,170,Alnus',0,66,0,0,0,0,0,4.957322597503662,4.230385780334473,12.542493507454665,0.07964011237246493,75.89123714327812,1494.9492972732833,0.00034920335769466666,7.340050588818643
978,170,Amelanchier',0,0,0,0,0,0,0,0.0,0.0,0.0,0.0,0.0,0.0,0.0,0.0
978,170,Arbutus',0,0,0,0,0,0,0,0.0,0.0,0.0,0.0,0.0,0.0,0.0,0.0
978,170,Asimina',0,0,0,0,0,0,0,0.0,0.0,0.0,0.0,0.0,0.0,0.0,0.0
978,170,Betula',0,319,190,5,0,0,0,42.87602233886719,15.17172908782959,177.16591797061736,3.5622898880304845,4548.571583808362,37064.457479681674,0.012658338534970325,88.3763806720363
978,170,Calocedrus',0,0,0,0,0,0,0,0.0,0.0,0.0,0.0,0.0,0.0,0.0,0.0
978,170,Carpinus',0,0,0,0,0,0,0,0.0,0.0,0.0,0.0,0.0,0.0,0.0,0.0
978,170,Carya',0,28,83,0,0,0,0,19.564516067504883,12.003931999206543,24.441134914567197,1.8915228238523796,2779.921810386181,39262.63066416499,0.0065294476547641585,89.20228208311664
978,170,Castanea',0,0,0,0,0,0,0,0.0,0.0,0.0,0.0,0.0,0.0,0.0,0.0
978,170,Catalpa',0,29,0,0,0,0,0,4.594895839691162,3.3803491592407227,11.220412057223198,0.02486495791802174,31.26703555285931,524.9280150710671,0.00023100636601634336,3.896897257120855
978,170,Celtis',0,117,61,0,0,0,0,12.162059783935547,7.675095081329346,44.87831832157282,0.8142699061689536,760.1129538801313,9417.208028617575,0.0023351882582977467,25.902441491964954
978,170,Cercis',0,0,0,0,0,0,0,0.0,0.0,0.0,0.0,0.0,0.0,0.0,0.0
978,170,Cercocarpus',0,0,0,0,0,0,0,0.0,0.0,0.0,0.0,0.0,0.0,0.0,0.0
978,170,Chamaecyparis',0,0,0,0,0,0,0,0.0,0.0,0.0,0.0,0.0,0.0,0.0,0.0
978,170,Chilopsis',0,0,0,0,0,0,0,0.0,0.0,0.0,0.0,0.0,0.0,0.0,0.0
978,170,Chrysolepis',0,0,0,0,0,0,0,0.0,0.0,0.0,0.0,0.0,0.0,0.0,0.0
978,170,Cladrastis',0,0,0,0,0,0,0,0.0,0.0,0.0,0.0,0.0,0.0,0.0,0.0
978,170,Comus',0,0,0,0,0,0,0,0.0,0.0,0.0,0.0,0.0,0.0,0.0,0.0
978,170,Cornus',0,0,0,0,0,0,0,0.0,0.0,0.0,0.0,0.0,0.0,0.0,0.0
978,170,Crataegus',0,0,0,0,0,0,0,0.0,0.0,0.0,0.0,0.0,0.0,0.0,0.0
978,170,Cupressus',0,0,0,0,0,0,0,0.0,0.0,0.0,0.0,0.0,0.0,0.0,0.0
978,170,Diospyros',0,0,0,0,0,0,0,0.0,0.0,0.0,0.0,0.0,0.0,0.0,0.0
978,170,Elaeagnus',0,234,7,0,0,0,0,13.759550094604492,5.904735088348389,77.75702359555642,0.44687146585550674,465.3672946858406,4025.851215599777,0.0021535050726635293,18.09628462416764
978,170,Fagus',0,0,0,0,0,0,0,0.0,0.0,0.0,0.0,0.0,0.0,0.0,0.0
978,170,Fraxinus',0,964,279,12,0,0,0,35.35405349731445,16.72935676574707,412.20768387676975,6.88839037041319,8380.571580187232,54900.519155659094,0.024557451202895746,130.71495840196897
978,170,Gleditsia',0,17,0,0,0,0,0,4.448977470397949,3.9703404903411865,4.852719271107564,0.0277335295587499,33.827920652627945,756.4153011674495,0.00014503074923157797,3.242986141095327
978,170,Gordonia',0,0,0,0,0,0,0,0.0,0.0,0.0,0.0,0.0,0.0,0.0,0.0
978,170,Gymnocladus',0,0,0,0,0,0,0,0.0,0.0,0.0,0.0,0.0,0.0,0.0,0.0
978,170,Halesia',0,0,0,0,0,0,0,0.0,0.0,0.0,0.0,0.0,0.0,0.0,0.0
978,170,Ilex',0,0,0,0,0,0,0,0.0,0.0,0.0,0.0,0.0,0.0,0.0,0.0
978,170,Juglans',0,0,0,0,0,0,0,0.0,0.0,0.0,0.0,0.0,0.0,0.0,0.0
978,170,Juniperus',0,0,24,0,0,0,0,14.746465682983398,11.280200958251953,7.092746658325195,0.42219611900008375,442.6214476776123,9897.316453065103,0.0010860540307760346,24.284906400528776
978,170,Larix',0,0,0,0,0,0,0,0.0,0.0,0.0,0.0,0.0,0.0,0.0,0.0
978,170,Liquidambar',0,0,0,0,0,0,0,0.0,0.0,0.0,0.0,0.0,0.0,0.0,0.0
978,170,Liriodendron',0,1668,586,12,0,0,0,35.09314727783203,14.390390396118164,731.6024242032648,12.965611435421117,11014.674502479285,41865.19144296335,0.03500887771656895,110.04906640374294
978,170,Lithocarpus',0,0,0,0,0,0,0,0.0,0.0,0.0,0.0,0.0,0.0,0.0,0.0
978,170,Maclura',0,134,64,0,0,0,0,19.31810188293457,9.160911560058594,44.58754334127223,1.4748412476685921,2261.3323996582626,28214.835648815166,0.005667045555101726,66.8589986012661
978,170,Magnolia',0,0,0,0,0,0,0,0.0,0.0,0.0,0.0,0.0,0.0,0.0,0.0
978,170,Malus',0,0,0,0,0,0,0,0.0,0.0,0.0,0.0,0.0,0.0,0.0,0.0
978,170,Morus',0,35,0,0,0,0,0,1.9390933513641357,2.5027382373809814,4.880253541507298,0.010560508393011012,18.117067342400553,405.10994130548767,0.00011051411166787146,2.471170661623622
978,170,Nyssa',0,0,0,0,0,0,0,0.0,0.0,0.0,0.0,0.0,0.0,0.0,0.0
978,170,Olneya',0,0,0,0,0,0,0,0.0,0.0,0.0,0.0,0.0,0.0,0.0,0.0
978,170,Ostrya',0,32,0,0,0,0,0,7.478757858276367,6.663598537445068,10.029601575453068,0.14303200348396977,176.82797817707063,3953.9937952778546,0.0005373327456563786,12.015125458242533
978,170,Oxydendron',0,0,0,0,0,0,0,0.0,0.0,0.0,0.0,0.0,0.0,0.0,0.0
978,170,Paulownia',0,308,78,0,0,0,0,11.25982666015625,5.592633247375488,129.89647542751285,0.8165516094684896,507.6785497504473,4083.025793206894,0.0029981064822266483,20.783100222005313
978,170,Persea',0,0,0,0,0,0,0,0.0,0.0,0.0,0.0,0.0,0.0,0.0,0.0
978,170,Picea',0,0,0,0,0,0,0,0.0,0.0,0.0,0.0,0.0,0.0,0.0,0.0
978,170,Pinus',0,513,678,102,23,0,0,58.44327926635742,18.851276397705078,498.59029767692084,32.04759516245105,38956.87245263934,173343.69700599118,0.09377268683256597,398.36970734937063
978,170,Planera',0,0,0,0,0,0,0,0.0,0.0,0.0,0.0,0.0,0.0,0.0,0.0
978,170,Platanus',0,20,0,1,0,0,0,30.784223556518555,9.395081520080566,28.365941862516763,0.18615473279056036,213.47869353294374,3605.712665597819,0.0008827405789010266,13.943808461614784
978,170,Populus',0,176,33,0,0,0,0,13.423232078552246,6.154662132263184,96.70916636816307,0.6138229124540258,493.6067583554983,3816.6293418375103,0.0024890860710805344,17.14302081515445
978,170,Prosopis',0,0,0,0,0,0,0,0.0,0.0,0.0,0.0,0.0,0.0,0.0,0.0
978,170,Prunus',0,37,0,0,0,0,0,2.876070261001587,3.158984899520874,6.606338159947454,0.014169583861722417,17.418189359903337,298.2511285157032,0.00013380899606598435,2.2882420223981303
978,170,Pseudotsuga',0,0,0,0,0,0,0,0.0,0.0,0.0,0.0,0.0,0.0,0.0,0.0
978,170,Quercus',0,0,137,8,0,0,0,45.10676193237305,18.508806228637695,54.34744027502174,4.946607437553048,6939.62935624063,76982.21701649865,0.016203760227784574,176.79957801915936
978,170,Robinia',0,0,0,0,0,0,0,0.0,0.0,0.0,0.0,0.0,0.0,0.0,0.0
978,170,Salix',0,960,53,0,0,0,0,12.543890953063965,8.207989692687988,266.31265447911204,1.4479294320297014,1239.5262528046967,6695.032838950738,0.006588221396909794,27.76440788153455
978,170,Sassafras',0,0,0,0,0,0,0,0.0,0.0,0.0,0.0,0.0,0.0,0.0,0.0
978,170,Sequoia',0,0,0,0,0,0,0,0.0,0.0,0.0,0.0,0.0,0.0,0.0,0.0
978,170,Sequoiadendron',0,0,0,0,0,0,0,0.0,0.0,0.0,0.0,0.0,0.0,0.0,0.0
978,170,Sorbus',0,0,0,0,0,0,0,0.0,0.0,0.0,0.0,0.0,0.0,0.0,0.0
978,170,Taxodium',0,0,0,0,0,0,0,0.0,0.0,0.0,0.0,0.0,0.0,0.0,0.0
978,170,Taxus',0,0,0,0,0,0,0,0.0,0.0,0.0,0.0,0.0,0.0,0.0,0.0
978,170,Thuja',0,0,0,0,0,0,0,0.0,0.0,0.0,0.0,0.0,0.0,0.0,0.0
978,170,Tilia',0,0,0,0,0,0,0,0.0,0.0,0.0,0.0,0.0,0.0,0.0,0.0
978,170,Torreya',0,0,0,0,0,0,0,0.0,0.0,0.0,0.0,0.0,0.0,0.0,0.0
978,170,Tsuga',0,0,0,0,0,0,0,0.0,0.0,0.0,0.0,0.0,0.0,0.0,0.0
978,170,Ulmus',0,17,30,0,0,0,0,16.18316078186035,7.614259243011475,19.955533146858215,0.4450829706777062,439.2359435606003,6342.839874060444,0.0012633508310169006,16.996879506288906
978,170,Umbellularia',0,0,0,0,0,0,0,0.0,0.0,0.0,0.0,0.0,0.0,0.0,0.0
978,180,Abies',0,0,0,0,0,0,0,0.0,0.0,0.0,0.0,0.0,0.0,0.0,0.0
978,180,Acer',0,1706,738,26,0,0,0,41.620079040527344,18.489200592041016,804.0491637751412,14.129226176384595,18803.94490602903,83587.1940881362,0.05336127871892716,197.73499602224098
978,180,Aesculus',0,0,0,0,0,0,0,0.0,0.0,0.0,0.0,0.0,0.0,0.0,0.0
978,180,Ailanthus',0,597,170,3,0,0,0,30.62444496154785,12.436915397644043,224.48095667730024,2.396662993551211,2437.27309663862,13808.918356040373,0.00864769043246282,41.966273559291764
978,180,Alnus',0,90,37,0,0,0,0,8.608160018920898,6.1059370040893555,30.14138998935305,0.34017459908873665,281.9408973197639,4268.9747777369685,0.0010604373668231908,14.666207254974843
978,180,Amelanchier',0,0,0,0,0,0,0,0.0,0.0,0.0,0.0,0.0,0.0,0.0,0.0
978,180,Arbutus',0,0,0,0,0,0,0,0.0,0.0,0.0,0.0,0.0,0.0,0.0,0.0
978,180,Asimina',0,1,0,0,0,0,0,3.7693545818328857,3.6677987575531006,0.5032163518893568,0.0013837115087804983,1.5109634518623352,33.78616989881901,1.060177550464868e-05,0.23706290710587055
978,180,Betula',0,364,194,0,0,0,0,19.67363166809082,9.324939727783203,187.24797231534237,2.9584303931786753,3332.3921825793386,19191.693521883022,0.010100854609790271,53.44320576670461
978,180,Calocedrus',0,0,0,0,0,0,0,0.0,0.0,0.0,0.0,0.0,0.0,0.0,0.0
978,180,Carpinus',0,0,0,0,0,0,0,0.0,0.0,0.0,0.0,0.0,0.0,0.0,0.0
978,180,Carya',0,73,103,0,0,0,0,20.80729103088379,12.480219841003418,44.49735475963429,2.3736292046135543,3627.9668167099358,47651.42087277236,0.008702712609574788,109.26596138483279
978,180,Castanea',0,0,0,0,0,0,0,0.0,0.0,0.0,0.0,0.0,0.0,0.0,0.0
978,180,Catalpa',0,62,0,0,0,0,0,7.697027683258057,4.698890686035156,20.603040021525906,0.1379904751459858,110.23873596340418,1879.8478020490898,0.0005415671835145972,8.56926169328668
978,180,Celtis',0,91,72,0,0,0,0,12.8694486618042,8.00703239440918,55.0428136867247,0.9222516301280272,873.4180351367593,9511.554985328905,0.002733300869692109,27.102546803910773
978,180,Cercis',0,0,0,0,0,0,0,0.0,0.0,0.0,0.0,0.0,0.0,0.0,0.0
978,180,Cercocarpus',0,0,0,0,0,0,0,0.0,0.0,0.0,0.0,0.0,0.0,0.0,0.0
978,180,Chamaecyparis',0,0,0,0,0,0,0,0.0,0.0,0.0,0.0,0.0,0.0,0.0,0.0
978,180,Chilopsis',0,0,0,0,0,0,0,0.0,0.0,0.0,0.0,0.0,0.0,0.0,0.0
978,180,Chrysolepis',0,0,0,0,0,0,0,0.0,0.0,0.0,0.0,0.0,0.0,0.0,0.0
978,180,Cladrastis',0,0,0,0,0,0,0,0.0,0.0,0.0,0.0,0.0,0.0,0.0,0.0
978,180,Comus',0,0,0,0,0,0,0,0.0,0.0,0.0,0.0,0.0,0.0,0.0,0.0
978,180,Cornus',0,0,0,0,0,0,0,0.0,0.0,0.0,0.0,0.0,0.0,0.0,0.0
978,180,Crataegus',0,0,0,0,0,0,0,0.0,0.0,0.0,0.0,0.0,0.0,0.0,0.0
978,180,Cupressus',0,0,0,0,0,0,0,0.0,0.0,0.0,0.0,0.0,0.0,0.0,0.0
978,180,Diospyros',0,0,0,0,0,0,0,0.0,0.0,0.0,0.0,0.0,0.0,0.0,0.0
978,180,Elaeagnus',0,269,57,0,0,0,0,15.43319320678711,6.229516506195068,110.74404307369943,0.8220686111353479,815.3615721219778,6223.541288569637,0.003406136622515739,23.52715750324115
978,180,Fagus',0,0,0,0,0,0,0,0.0,0.0,0.0,0.0,0.0,0.0,0.0,0.0
978,180,Fraxinus',0,772,423,17,0,0,0,36.230491638183594,17.006664276123047,408.37933879911515,8.914540594948933,10745.336027204097,63098.20960583995,0.02975737172503443,148.79808394934528
978,180,Gleditsia',0,33,0,0,0,0,0,1.0378574132919312,1.946458339691162,0.0,0.0028628303935517483,7.295254479646683,163.12684929650004,1.6211676739621906e-05,0.36250411219047385
978,180,Gordonia',0,0,0,0,0,0,0,0.0,0.0,0.0,0.0,0.0,0.0,0.0,0.0
978,180,Gymnocladus',0,0,0,0,0,0,0,0.0,0.0,0.0,0.0,0.0,0.0,0.0,0.0
978,180,Halesia',0,27,0,0,0,0,0,4.046290397644043,4.105179309844971,13.004149083472505,0.03585062633873516,44.59257521510124,997.1202947273962,0.0002862965615671094,6.401785733885096
978,180,Ilex',0,0,0,0,0,0,0,0.0,0.0,0.0,0.0,0.0,0.0,0.0,0.0
978,180,Juglans',0,0,0,0,0,0,0,0.0,0.0,0.0,0.0,0.0,0.0,0.0,0.0
978,180,Juniperus',0,0,24,0,0,0,0,18.13604164123535,13.127741813659668,14.40622444152832,0.6385918276054865,752.9190534210205,16835.781850042,0.0018812433671951292,42.065880512689226
978,180,Larix',0,0,0,0,0,0,0,0.0,0.0,0.0,0.0,0.0,0.0,0.0,0.0
978,180,Liquidambar',0,0,0,0,0,0,0,0.0,0.0,0.0,0.0,0.0,0.0,0.0,0.0
978,180,Liriodendron',0,1490,557,8,0,0,0,34.59701919555664,14.245826721191406,679.4413356762379,10.550001654159136,8979.9359205357,37126.108034221805,0.02973634869065927,97.99232522665093
978,180,Lithocarpus',0,0,0,0,0,0,0,0.0,0.0,0.0,0.0,0.0,0.0,0.0,0.0
978,180,Maclura',0,31,65,0,0,0,0,21.16372299194336,9.682182312011719,40.778998112942595,1.9229121612655364,2984.809851965308,36628.08813201691,0.007219947238892323,86.29133039378759
978,180,Magnolia',0,0,0,0,0,0,0,0.0,0.0,0.0,0.0,0.0,0.0,0.0,0.0
978,180,Malus',0,0,0,0,0,0,0,0.0,0.0,0.0,0.0,0.0,0.0,0.0,0.0
978,180,Morus',0,74,0,0,0,0,0,7.650837421417236,5.635440826416016,18.085570983305757,0.04454154703248726,71.5598050159216,998.2762111746076,0.00041937363054696686,5.954084228918325
978,180,Nyssa',0,0,0,0,0,0,0,0.0,0.0,0.0,0.0,0.0,0.0,0.0,0.0
978,180,Olneya',0,0,0,0,0,0,0,0.0,0.0,0.0,0.0,0.0,0.0,0.0,0.0
978,180,Ostrya',0,0,0,0,0,0,0,0.0,0.0,0.0,0.0,0.0,0.0,0.0,0.0
978,180,Oxydendron',0,0,0,0,0,0,0,0.0,0.0,0.0,0.0,0.0,0.0,0.0,0.0
978,180,Paulownia',0,304,25,0,0,0,0,11.424331665039062,5.647857189178467,147.82838135391847,0.7011936573412727,476.1278704869747,3790.638216522303,0.003186133605531406,21.865788008627028
978,180,Persea',0,0,0,0,0,0,0,0.0,0.0,0.0,0.0,0.0,0.0,0.0,0.0
978,180,Picea',0,0,0,0,0,0,0,0.0,0.0,0.0,0.0,0.0,0.0,0.0,0.0
978,180,Pinus',0,617,584,87,18,0,0,61.0,19.67966651916504,495.523317631185,29.5407572788206,36511.2960933575,178457.0190146736,0.08829377226476784,407.41731176609153
978,180,Planera',0,0,0,0,0,0,0,0.0,0.0,0.0,0.0,0.0,0.0,0.0,0.0
978,180,Platanus',0,100,20,1,0,0,0,37.75511169433594,10.944378852844238,69.90186461542224,0.3945516454936041,481.25090641736983,6127.05593637329,0.0020757226499523982,22.17301914049383
978,180,Populus',0,403,41,0,0,0,0,13.122743606567383,8.370319366455078,152.50728571952519,0.7076284347695297,668.4356980738044,4101.629403580469,0.0036808397834072687,20.43269553701979
978,180,Prosopis',0,0,0,0,0,0,0,0.0,0.0,0.0,0.0,0.0,0.0,0.0,0.0
978,180,Prunus',0,63,0,0,0,0,0,4.225064277648926,3.915982246398926,28.42573064226138,0.07153334400222901,92.05043616890907,1474.8534906050913,0.0006137607042863937,9.740477566577596
978,180,Pseudotsuga',0,0,0,0,0,0,0,0.0,0.0,0.0,0.0,0.0,0.0,0.0,0.0
978,180,Quercus',0,0,137,8,0,0,0,46.939842224121094,18.985483169555664,53.75818110059333,5.677456603263637,8107.152547240854,87212.95943597004,0.018789773170903308,199.26896903523297
978,180,Robinia',0,0,0,0,0,0,0,0.0,0.0,0.0,0.0,0.0,0.0,0.0,0.0
978,180,Salix',0,1003,87,0,0,0,0,15.173462867736816,7.868150234222412,252.99814414350854,1.833916645046361,1458.0332618610562,7604.047732383983,0.0068821227666810226,29.65940385442185
978,180,Sassafras',0,35,0,0,0,0,0,1.8502449989318848,3.2466957569122314,4.162689687424822,0.009625679253693344,12.511515076458455,279.76598212474676,8.772759818704651e-05,1.961648730490223
978,180,Sequoia',0,0,0,0,0,0,0,0.0,0.0,0.0,0.0,0.0,0.0,0.0,0.0
978,180,Sequoiadendron',0,0,0,0,0,0,0,0.0,0.0,0.0,0.0,0.0,0.0,0.0,0.0
978,180,Sorbus',0,0,0,0,0,0,0,0.0,0.0,0.0,0.0,0.0,0.0,0.0,0.0
978,180,Taxodium',0,0,0,0,0,0,0,0.0,0.0,0.0,0.0,0.0,0.0,0.0,0.0
978,180,Taxus',0,0,0,0,0,0,0,0.0,0.0,0.0,0.0,0.0,0.0,0.0,0.0
978,180,Thuja',0,0,0,0,0,0,0,0.0,0.0,0.0,0.0,0.0,0.0,0.0,0.0
978,180,Tilia',0,0,0,0,0,0,0,0.0,0.0,0.0,0.0,0.0,0.0,0.0,0.0
978,180,Torreya',0,0,0,0,0,0,0,0.0,0.0,0.0,0.0,0.0,0.0,0.0,0.0
978,180,Tsuga',0,0,0,0,0,0,0,0.0,0.0,0.0,0.0,0.0,0.0,0.0,0.0
978,180,Ulmus',0,40,38,0,0,0,0,20.048845291137695,8.991013526916504,25.681832728883883,0.7862063171867153,800.5766991961002,10777.65434773022,0.0021487636028639885,27.06861867097539
978,180,Umbellularia',0,0,0,0,0,0,0,0.0,0.0,0.0,0.0,0.0,0.0,0.0,0.0
978,190,Abies',0,0,0,0,0,0,0,0.0,0.0,0.0,0.0,0.0,0.0,0.0,0.0
978,190,Acer',0,1578,707,18,0,0,0,48.87935256958008,20.184764862060547,821.3965133934787,13.284808460612508,17341.645886706636,72612.43947770432,0.05036144975692493,175.17219308587673
978,190,Aesculus',0,0,0,0,0,0,0,0.0,0.0,0.0,0.0,0.0,0.0,0.0,0.0
978,190,Ailanthus',0,725,108,3,0,0,0,37.92112350463867,14.153678894042969,243.18215931848255,2.681742998338049,2786.1637019702794,18131.705329335644,0.009692217272952677,50.93316929600614
978,190,Alnus',0,76,10,0,0,0,0,9.217900276184082,6.398067951202393,24.058976710974413,0.22471347227861743,202.88062249302865,2864.7354446070876,0.00079718815740012,11.33669354883322
978,190,Amelanchier',0,0,0,0,0,0,0,0.0,0.0,0.0,0.0,0.0,0.0,0.0,0.0
978,190,Arbutus',0,0,0,0,0,0,0,0.0,0.0,0.0,0.0,0.0,0.0,0.0,0.0
978,190,Asimina',0,0,0,0,0,0,0,0.0,0.0,0.0,0.0,0.0,0.0,0.0,0.0
978,190,Betula',0,263,218,0,0,0,0,23.803159713745117,10.562272071838379,198.43640756946576,3.44524698303252,3942.020621329546,22976.30831942781,0.011616648149466138,62.555856430645505
978,190,Calocedrus',0,0,0,0,0,0,0,0.0,0.0,0.0,0.0,0.0,0.0,0.0,0.0
978,190,Carpinus',0,0,0,0,0,0,0,0.0,0.0,0.0,0.0,0.0,0.0,0.0,0.0
978,190,Carya',0,33,51,0,0,0,0,13.597182273864746,10.49155330657959,28.808038528961468,0.7897888041398847,1142.0793350362778,15140.696101265003,0.0029526618899851967,37.09775159208444
978,190,Castanea',0,0,0,0,0,0,0,0.0,0.0,0.0,0.0,0.0,0.0,0.0,0.0
978,190,Catalpa',0,26,0,0,0,0,0,6.100490570068359,4.028660297393799,13.187727532054804,0.07646402255881928,62.31598277807236,1393.427735764763,0.0003283246233612271,7.341561765227137
978,190,Celtis',0,77,86,0,0,0,0,14.10042953491211,8.575268745422363,46.91576967605307,1.006298136910922,993.5413765460253,12207.421324510242,0.0028832483237283143,31.878723858470913
978,190,Cercis',0,0,0,0,0,0,0,0.0,0.0,0.0,0.0,0.0,0.0,0.0,0.0
978,190,Cercocarpus',0,0,0,0,0,0,0,0.0,0.0,0.0,0.0,0.0,0.0,0.0,0.0
978,190,Chamaecyparis',0,62,0,0,0,0,0,1.262831449508667,2.565667152404785,2.943456071615219,0.006244394130922864,8.403290379047395,148.91997660360587,6.119056632955758e-05,1.0878627302976742
978,190,Chilopsis',0,0,0,0,0,0,0,0.0,0.0,0.0,0.0,0.0,0.0,0.0,0.0
978,190,Chrysolepis',0,0,0,0,0,0,0,0.0,0.0,0.0,0.0,0.0,0.0,0.0,0.0
978,190,Cladrastis',0,0,0,0,0,0,0,0.0,0.0,0.0,0.0,0.0,0.0,0.0,0.0
978,190,Comus',0,0,0,0,0,0,0,0.0,0.0,0.0,0.0,0.0,0.0,0.0,0.0
978,190,Cornus',0,0,0,0,0,0,0,0.0,0.0,0.0,0.0,0.0,0.0,0.0,0.0
978,190,Crataegus',0,0,0,0,0,0,0,0.0,0.0,0.0,0.0,0.0,0.0,0.0,0.0
978,190,Cupressus',0,0,0,0,0,0,0,0.0,0.0,0.0,0.0,0.0,0.0,0.0,0.0
978,190,Diospyros',0,0,0,0,0,0,0,0.0,0.0,0.0,0.0,0.0,0.0,0.0,0.0
978,190,Elaeagnus',0,346,67,0,0,0,0,16.722393035888672,6.456265449523926,143.6732765475783,1.2617319385224934,1224.8115579777957,8769.66877485708,0.004790060071097678,28.4066256388158
978,190,Fagus',0,0,0,0,0,0,0,0.0,0.0,0.0,0.0,0.0,0.0,0.0,0.0
978,190,Fraxinus',0,890,389,0,0,0,0,27.475980758666992,14.042983055114746,401.2120645641808,6.943759471160912,8059.5118808804455,40482.18053010668,0.023685696955842026,102.33585930146427
978,190,Gleditsia',0,46,0,0,0,0,0,6.63529109954834,5.190059661865234,16.943457579310934,0.1340023012570017,158.27837419509888,2555.6145269288836,0.000595640203736721,9.433652177665394
978,190,Gordonia',0,0,0,0,0,0,0,0.0,0.0,0.0,0.0,0.0,0.0,0.0,0.0
978,190,Gymnocladus',0,0,0,0,0,0,0,0.0,0.0,0.0,0.0,0.0,0.0,0.0,0.0
978,190,Halesia',0,27,0,0,0,0,0,7.213798999786377,6.056975364685059,13.839482823504676,0.1139490543424478,99.13930564880371,2216.8222667285713,0.0004195366102233549,9.381123795092524
978,190,Ilex',0,34,0,0,0,0,0,2.5,2.6199164390563965,0.0,0.016925330421215256,22.31777177333832,499.0405479151056,4.9595044888556e-05,1.108978917179653
978,190,Juglans',0,0,0,0,0,0,0,0.0,0.0,0.0,0.0,0.0,0.0,0.0,0.0
978,190,Juniperus',0,0,24,0,0,0,0,20.993221282958984,14.575428009033203,10.374552941322326,0.8556507097016186,1066.1603552484512,23840.07029250866,0.002519099966883659,56.32878768069319
978,190,Larix',0,0,0,0,0,0,0,0.0,0.0,0.0,0.0,0.0,0.0,0.0,0.0
978,190,Liquidambar',0,0,0,0,0,0,0,0.0,0.0,0.0,0.0,0.0,0.0,0.0,0.0
978,190,Liriodendron',0,1714,372,0,0,0,0,22.656404495239258,10.452394485473633,684.694059362187,9.505331914111045,7909.863912440092,31547.801491122475,0.0274340267512475,87.35072845956631
978,190,Lithocarpus',0,0,0,0,0,0,0,0.0,0.0,0.0,0.0,0.0,0.0,0.0,0.0
978,190,Maclura',0,133,44,0,0,0,0,21.824031829833984,9.861115455627441,60.02114930814957,1.4045099553155989,2250.7824798175693,32181.139408914332,0.005865776791660999,76.1796393491412
978,190,Magnolia',0,0,0,0,0,0,0,0.0,0.0,0.0,0.0,0.0,0.0,0.0,0.0
978,190,Malus',0,0,0,0,0,0,0,0.0,0.0,0.0,0.0,0.0,0.0,0.0,0.0
978,190,Morus',0,140,0,0,0,0,0,6.042149543762207,4.811106204986572,34.03684213003025,0.3112962428746208,307.22529866576195,3505.3040382391364,0.0011727021398208971,13.319206345527235
978,190,Nyssa',0,0,0,0,0,0,0,0.0,0.0,0.0,0.0,0.0,0.0,0.0,0.0
978,190,Olneya',0,0,0,0,0,0,0,0.0,0.0,0.0,0.0,0.0,0.0,0.0,0.0
978,190,Ostrya',0,0,0,0,0,0,0,0.0,0.0,0.0,0.0,0.0,0.0,0.0,0.0
978,190,Oxydendron',0,0,0,0,0,0,0,0.0,0.0,0.0,0.0,0.0,0.0,0.0,0.0
978,190,Paulownia',0,255,4,0,0,0,0,8.637845993041992,4.6851325035095215,81.27910910575072,0.3806875520699759,264.8895370092988,2133.6389775696766,0.0017587013512940606,12.882434383733585
978,190,Persea',0,0,0,0,0,0,0,0.0,0.0,0.0,0.0,0.0,0.0,0.0,0.0
978,190,Picea',0,0,0,0,0,0,0,0.0,0.0,0.0,0.0,0.0,0.0,0.0,0.0
978,190,Pinus',0,497,876,105,18,0,0,58.92924118041992,18.095775604248047,552.5736590245366,30.792157266592216,36956.097069441974,178519.5445063453,0.09010627985835544,408.1350375925664
978,190,Planera',0,0,0,0,0,0,0,0.0,0.0,0.0,0.0,0.0,0.0,0.0,0.0
978,190,Platanus',0,65,0,1,0,0,0,42.53535079956055,11.95343017578125,55.198042392730706,0.37017669257717595,462.99579422950745,7290.01907530887,0.001823485998153674,23.978258679745196
978,190,Populus',0,232,95,0,0,0,0,21.924724578857422,8.866983413696289,124.33757392689584,1.089663672382864,891.8526775629819,6810.304618393476,0.0037718033075516645,25.41235171708266
978,190,Prosopis',0,0,0,0,0,0,0,0.0,0.0,0.0,0.0,0.0,0.0,0.0,0.0
978,190,Prunus',0,0,0,0,0,0,0,0.0,0.0,0.0,0.0,0.0,0.0,0.0,0.0
978,190,Pseudotsuga',0,0,0,0,0,0,0,0.0,0.0,0.0,0.0,0.0,0.0,0.0,0.0
978,190,Quercus',0,0,61,28,8,0,0,48.947105407714844,19.49217987060547,47.20950841620753,4.439112740654182,6594.5351762563,86496.40619577387,0.015334130043104292,198.2820539187732
978,190,Robinia',0,0,0,0,0,0,0,0.0,0.0,0.0,0.0,0.0,0.0,0.0,0.0
978,190,Salix',0,789,135,0,0,0,0,14.377062797546387,8.13594913482666,262.3111106357478,2.2165777074419406,1712.3821797708422,8782.989564170046,0.0075814079055756805,32.48529065840246
978,190,Sassafras',0,35,0,0,0,0,0,4.118271350860596,5.406703472137451,10.592091352313378,0.04768731004486101,50.766842105984686,1135.1810995198,0.0002652942450437658,5.932159659573497
978,190,Sequoia',0,0,0,0,0,0,0,0.0,0.0,0.0,0.0,0.0,0.0,0.0,0.0
978,190,Sequoiadendron',0,0,0,0,0,0,0,0.0,0.0,0.0,0.0,0.0,0.0,0.0,0.0
978,190,Sorbus',0,0,0,0,0,0,0,0.0,0.0,0.0,0.0,0.0,0.0,0.0,0.0
978,190,Taxodium',0,0,0,0,0,0,0,0.0,0.0,0.0,0.0,0.0,0.0,0.0,0.0
978,190,Taxus',0,0,0,0,0,0,0,0.0,0.0,0.0,0.0,0.0,0.0,0.0,0.0
978,190,Thuja',0,0,0,0,0,0,0,0.0,0.0,0.0,0.0,0.0,0.0,0.0,0.0
978,190,Tilia',0,0,0,0,0,0,0,0.0,0.0,0.0,0.0,0.0,0.0,0.0,0.0
978,190,Torreya',0,0,0,0,0,0,0,0.0,0.0,0.0,0.0,0.0,0.0,0.0,0.0
978,190,Tsuga',0,0,0,0,0,0,0,0.0,0.0,0.0,0.0,0.0,0.0,0.0,0.0
978,190,Ulmus',0,38,18,0,0,0,0,23.950082778930664,9.475347518920898,38.55631571215918,0.5893822435642009,608.8264564335346,9979.730503369914,0.0019079872487951068,25.622912158233785
978,190,Umbellularia',0,0,0,0,0,0,0,0.0,0.0,0.0,0.0,0.0,0.0,0.0,0.0
978,200,Abies',0,0,0,0,0,0,0,0.0,0.0,0.0,0.0,0.0,0.0,0.0,0.0
978,200,Acer',0,1746,736,20,0,0,0,34.0125732421875,18.628978729248047,935.8313877729674,14.906399663860354,19691.487301414014,82174.8864117798,0.05723067371822478,195.96964384412718
978,200,Aesculus',0,0,0,0,0,0,0,0.0,0.0,0.0,0.0,0.0,0.0,0.0,0.0
978,200,Ailanthus',0,425,11,3,0,0,0,44.216522216796875,15.42858600616455,108.20684261808667,1.2725731784960324,1532.1681128615141,18472.513078980144,0.004962515669537239,46.2314462556231
978,200,Alnus',0,0,13,0,0,0,0,14.515617370605469,8.706811904907227,15.778714597602432,0.19430314871176804,192.48542330622672,3924.055133675243,0.0006548887600377227,13.078405552433214
978,200,Amelanchier',0,0,0,0,0,0,0,0.0,0.0,0.0,0.0,0.0,0.0,0.0,0.0
978,200,Arbutus',0,0,0,0,0,0,0,0.0,0.0,0.0,0.0,0.0,0.0,0.0,0.0
978,200,Asimina',0,0,0,0,0,0,0,0.0,0.0,0.0,0.0,0.0,0.0,0.0,0.0
978,200,Betula',0,271,227,0,0,0,0,27.531373977661133,11.621674537658691,167.4063649641562,3.5988933933504206,4161.777085610628,25066.931475095458,0.011658301098980011,65.6183458584121
978,200,Calocedrus',0,0,0,0,0,0,0,0.0,0.0,0.0,0.0,0.0,0.0,0.0,0.0
978,200,Carpinus',0,0,0,0,0,0,0,0.0,0.0,0.0,0.0,0.0,0.0,0.0,0.0
978,200,Carya',0,0,84,0,0,0,0,18.65654754638672,13.156055450439453,30.709590045145795,1.0855489086532188,1656.6811458069087,20750.33606433432,0.004123595270648602,50.05055449692138
978,200,Castanea',0,0,0,0,0,0,0,0.0,0.0,0.0,0.0,0.0,0.0,0.0,0.0
978,200,Catalpa',0,8,0,0,0,0,0,0.9922171831130981,1.7625737190246582,0.5880352746270879,0.0006866198186914348,1.9643050959706307,43.923197231395946,1.2830216833390294e-05,0.28689237005522844
978,200,Celtis',0,112,17,0,0,0,0,21.080406188964844,11.5826416015625,46.415216609647,0.5065784182784079,550.7939100337029,6248.656116230609,0.001892159294404087,19.838249980883393
978,200,Cercis',0,0,0,0,0,0,0,0.0,0.0,0.0,0.0,0.0,0.0,0.0,0.0
978,200,Cercocarpus',0,0,0,0,0,0,0,0.0,0.0,0.0,0.0,0.0,0.0,0.0,0.0
978,200,Chamaecyparis',0,62,0,0,0,0,0,5.311895370483398,6.185637950897217,31.88547222614288,0.093670034215425,117.73729746341705,1882.0979099620004,0.0007222063670742048,11.477110685062122
978,200,Chilopsis',0,0,0,0,0,0,0,0.0,0.0,0.0,0.0,0.0,0.0,0.0,0.0
978,200,Chrysolepis',0,0,0,0,0,0,0,0.0,0.0,0.0,0.0,0.0,0.0,0.0,0.0
978,200,Cladrastis',0,0,0,0,0,0,0,0.0,0.0,0.0,0.0,0.0,0.0,0.0,0.0
978,200,Comus',0,0,0,0,0,0,0,0.0,0.0,0.0,0.0,0.0,0.0,0.0,0.0
978,200,Cornus',0,0,0,0,0,0,0,0.0,0.0,0.0,0.0,0.0,0.0,0.0,0.0
978,200,Crataegus',0,0,0,0,0,0,0,0.0,0.0,0.0,0.0,0.0,0.0,0.0,0.0
978,200,Cupressus',0,0,0,0,0,0,0,0.0,0.0,0.0,0.0,0.0,0.0,0.0,0.0
978,200,Diospyros',0,0,0,0,0,0,0,0.0,0.0,0.0,0.0,0.0,0.0,0.0,0.0
978,200,Elaeagnus',0,398,42,0,0,0,0,22.10626792907715,7.219242095947266,142.5805575419453,1.3153547288882044,1283.3141396075487,11161.131698958745,0.004904335561669888,33.92377599063856
978,200,Fagus',0,0,0,0,0,0,0,0.0,0.0,0.0,0.0,0.0,0.0,0.0,0.0
978,200,Fraxinus',0,710,391,7,0,0,0,30.230833053588867,15.023371696472168,389.5232650812102,7.524428595531487,8746.769081490338,46839.56650295154,0.02504466850120764,115.8189694921432
978,200,Gleditsia',0,43,33,0,0,0,0,9.302910804748535,6.601149559020996,23.512419505587104,0.2921571266604493,338.08044325709346,5703.980563735084,0.0010897641870602846,16.14080157559679
978,200,Gordonia',0,0,0,0,0,0,0,0.0,0.0,0.0,0.0,0.0,0.0,0.0,0.0
978,200,Gymnocladus',0,0,0,0,0,0,0,0.0,0.0,0.0,0.0,0.0,0.0,0.0,0.0
978,200,Halesia',0,0,0,0,0,0,0,0.0,0.0,0.0,0.0,0.0,0.0,0.0,0.0
978,200,Ilex',0,0,0,0,0,0,0,0.0,0.0,0.0,0.0,0.0,0.0,0.0,0.0
978,200,Juglans',0,0,0,0,0,0,0,0.0,0.0,0.0,0.0,0.0,0.0,0.0,0.0
978,200,Juniperus',0,27,24,0,0,0,0,23.41746711730957,15.730231285095215,24.397919530868528,1.1209548623300873,1468.5096617889405,31424.4144587409,0.0036157693233166773,74.06099879997177
978,200,Larix',0,0,0,0,0,0,0,0.0,0.0,0.0,0.0,0.0,0.0,0.0,0.0
978,200,Liquidambar',0,0,0,0,0,0,0,0.0,0.0,0.0,0.0,0.0,0.0,0.0,0.0
978,200,Liriodendron',0,1576,597,0,0,0,0,26.47500228881836,11.733757019042969,726.5096864299966,10.687285631397014,8855.198262277692,34489.57432531327,0.030136728978888375,93.74890871374554
978,200,Lithocarpus',0,0,0,0,0,0,0,0.0,0.0,0.0,0.0,0.0,0.0,0.0,0.0
978,200,Maclura',0,150,69,0,0,0,0,18.26396369934082,8.848654747009277,59.70380658354562,1.2075961942490328,1781.2012523779274,24107.446612631447,0.0048176943269148155,59.39407405032989
978,200,Magnolia',0,0,4,0,0,0,0,10.453248977661133,5.173229217529297,7.4557812153538565,0.0377611443517873,36.90124936103821,825.1370202595207,0.00018933288559317628,4.233612025625335
978,200,Malus',0,0,0,0,0,0,0,0.0,0.0,0.0,0.0,0.0,0.0,0.0,0.0
978,200,Morus',0,2,34,0,0,0,0,8.505393028259277,6.056128025054932,10.745856019703647,0.19715667545083898,188.01483386933805,4172.6763036046905,0.0005725032882718369,12.731572630133405
978,200,Nyssa',0,0,0,0,0,0,0,0.0,0.0,0.0,0.0,0.0,0.0,0.0,0.0
978,200,Olneya',0,0,0,0,0,0,0,0.0,0.0,0.0,0.0,0.0,0.0,0.0,0.0
978,200,Ostrya',0,29,0,0,0,0,0,2.896650552749634,3.6978771686553955,7.016512725172163,0.019348092016867668,34.503938949108125,771.5315298170777,0.00017768202184885494,3.973090792336458
978,200,Oxydendron',0,0,0,0,0,0,0,0.0,0.0,0.0,0.0,0.0,0.0,0.0,0.0
978,200,Paulownia',0,312,53,0,0,0,0,14.132695198059082,6.529118061065674,147.05134061789965,0.9083663649198294,568.9499995481968,4488.795384075471,0.0033812190624191523,22.714135712671766
978,200,Persea',0,0,0,0,0,0,0,0.0,0.0,0.0,0.0,0.0,0.0,0.0,0.0
978,200,Picea',0,0,0,0,0,0,0,0.0,0.0,0.0,0.0,0.0,0.0,0.0,0.0
978,200,Pinus',0,471,816,117,15,0,0,55.86048126220703,17.79131317138672,479.39450259089466,31.430231579341815,37031.43230733961,162777.46076783419,0.089216658697874,373.35642994623015
978,200,Planera',0,0,0,0,0,0,0,0.0,0.0,0.0,0.0,0.0,0.0,0.0,0.0
978,200,Platanus',0,93,0,0,0,0,0,5.6770710945129395,2.9614763259887695,72.09949823214284,0.1544768517334768,232.52912897646428,3207.6982043393264,0.0015546437347605895,21.476024532789502
978,200,Populus',0,326,38,5,0,0,0,28.82916831970215,10.884560585021973,153.44241547858036,1.1859826207564048,1067.2184566810727,9918.591543121312,0.004580485403816226,31.632440313440032
978,200,Prosopis',0,0,0,0,0,0,0,0.0,0.0,0.0,0.0,0.0,0.0,0.0,0.0
978,200,Prunus',0,97,0,0,0,0,0,7.618381500244141,5.545839309692383,16.995753759070283,0.14695640050226402,115.12814698457719,1624.153712130442,0.000500503640995361,7.0982430478806
978,200,Pseudotsuga',0,0,0,0,0,0,0,0.0,0.0,0.0,0.0,0.0,0.0,0.0,0.0
978,200,Quercus',0,24,61,28,0,0,0,29.795042037963867,14.13901138305664,35.72345133257817,3.2888382636365505,4070.9920351994037,60801.71561885003,0.00956090802164377,137.87179923599615
978,200,Robinia',0,0,0,0,0,0,0,0.0,0.0,0.0,0.0,0.0,0.0,0.0,0.0
978,200,Salix',0,831,88,0,0,0,0,16.11492919921875,9.659841537475586,219.78547045347997,1.9093402908671289,1496.1871021808684,9029.753912227308,0.006488794210809743,31.05932674940766
978,200,Sassafras',0,72,0,0,0,0,0,6.212706089019775,7.201179504394531,14.18410276781909,0.1299858772768005,118.01841043531896,2248.2989534462226,0.0004664511779071807,8.50910897025261
978,200,Sequoia',0,0,0,0,0,0,0,0.0,0.0,0.0,0.0,0.0,0.0,0.0,0.0
978,200,Sequoiadendron',0,0,0,0,0,0,0,0.0,0.0,0.0,0.0,0.0,0.0,0.0,0.0
978,200,Sorbus',0,0,0,0,0,0,0,0.0,0.0,0.0,0.0,0.0,0.0,0.0,0.0
978,200,Taxodium',0,0,0,0,0,0,0,0.0,0.0,0.0,0.0,0.0,0.0,0.0,0.0
978,200,Taxus',0,0,0,0,0,0,0,0.0,0.0,0.0,0.0,0.0,0.0,0.0,0.0
978,200,Thuja',0,0,0,0,0,0,0,0.0,0.0,0.0,0.0,0.0,0.0,0.0,0.0
978,200,Tilia',0,31,0,0,0,0,0,5.0293474197387695,4.096273899078369,10.397046546015556,0.06309481179714234,44.312901715040205,990.8666051509649,0.0002481443770751384,5.548676953743518
978,200,Torreya',0,0,0,0,0,0,0,0.0,0.0,0.0,0.0,0.0,0.0,0.0,0.0
978,200,Tsuga',0,0,0,0,0,0,0,0.0,0.0,0.0,0.0,0.0,0.0,0.0,0.0
978,200,Ulmus',0,93,18,0,0,0,0,26.59003448486328,10.247549057006836,26.686276507245584,0.8420162453662294,844.5602766945958,13200.676065164043,0.0022609644264332046,31.87554629164485
978,200,Umbellularia',0,0,0,0,0,0,0,0.0,0.0,0.0,0.0,0.0,0.0,0.0,0.0
978,210,Abies',0,0,0,0,0,0,0,0.0,0.0,0.0,0.0,0.0,0.0,0.0,0.0
978,210,Acer',0,1978,860,11,0,0,0,34.98020935058594,18.965072631835938,995.8783832791296,14.734503734395906,18669.01779335469,74749.97476338744,0.05582292820917574,179.0688995555306
978,210,Aesculus',0,0,0,0,0,0,0,0.0,0.0,0.0,0.0,0.0,0.0,0.0,0.0
978,210,Ailanthus',0,423,60,0,0,0,0,17.505552291870117,8.562801361083984,132.35663911492762,1.2752458779721194,1292.846249950528,9232.684988594989,0.004778339058793386,30.33456264909756
978,210,Alnus',0,30,10,0,0,0,0,19.35818099975586,10.496343612670898,18.52275233197061,0.34095924695520313,344.4427057605982,6902.316158527829,0.0010320735168233485,18.257992073016265
978,210,Amelanchier',0,0,0,0,0,0,0,0.0,0.0,0.0,0.0,0.0,0.0,0.0,0.0
978,210,Arbutus',0,0,0,0,0,0,0,0.0,0.0,0.0,0.0,0.0,0.0,0.0,0.0
978,210,Asimina',0,0,0,0,0,0,0,0.0,0.0,0.0,0.0,0.0,0.0,0.0,0.0
978,210,Betula',0,391,128,5,0,0,0,31.05636978149414,12.546401977539062,173.7214158890368,3.9133882558724644,4754.37562436223,30801.849537446484,0.013066095566833389,76.59130520426717
978,210,Calocedrus',0,0,0,0,0,0,0,0.0,0.0,0.0,0.0,0.0,0.0,0.0,0.0
978,210,Carpinus',0,18,0,0,0,0,0,2.7165019512176514,3.0648772716522217,4.200142395647266,0.01071055290811584,17.94897312641144,401.35124036972445,0.00010034999096766113,2.243894013451799
978,210,Carya',0,0,64,0,0,0,0,23.757549285888672,15.612346649169922,25.61163722714291,1.0150628084575455,1608.385764245987,22909.4394978478,0.003942884364813582,54.87458024609652
978,210,Castanea',0,13,0,0,0,0,0,4.013386249542236,3.801633358001709,6.7103399656995935,0.017508457578459147,23.79055553436279,531.9729939731894,0.00014946697245910847,3.3421831080965547
978,210,Catalpa',0,37,0,0,0,0,0,2.5,2.4512722492218018,0.0,0.018201602436736155,19.31964906692505,432.0004861508471,4.2932552369311445e-05,0.9600010554535005
978,210,Celtis',0,75,36,2,0,0,0,28.012775421142578,14.23762035369873,30.118433344118955,0.6080102500382722,622.0963591870666,7408.27696016608,0.00181600793040172,20.903986149510626
978,210,Cercis',0,0,0,0,0,0,0,0.0,0.0,0.0,0.0,0.0,0.0,0.0,0.0
978,210,Cercocarpus',0,0,0,0,0,0,0,0.0,0.0,0.0,0.0,0.0,0.0,0.0,0.0
978,210,Chamaecyparis',0,39,23,0,0,0,0,10.227046966552734,9.804361343383789,21.56427685022354,0.3695397621100554,269.9211518883705,4285.583361485002,0.0009113087830816649,14.445699073052648
978,210,Chilopsis',0,0,0,0,0,0,0,0.0,0.0,0.0,0.0,0.0,0.0,0.0,0.0
978,210,Chrysolepis',0,0,0,0,0,0,0,0.0,0.0,0.0,0.0,0.0,0.0,0.0,0.0
978,210,Cladrastis',0,0,0,0,0,0,0,0.0,0.0,0.0,0.0,0.0,0.0,0.0,0.0
978,210,Comus',0,0,0,0,0,0,0,0.0,0.0,0.0,0.0,0.0,0.0,0.0,0.0
978,210,Cornus',0,0,0,0,0,0,0,0.0,0.0,0.0,0.0,0.0,0.0,0.0,0.0
978,210,Crataegus',0,0,0,0,0,0,0,0.0,0.0,0.0,0.0,0.0,0.0,0.0,0.0
978,210,Cupressus',0,0,0,0,0,0,0,0.0,0.0,0.0,0.0,0.0,0.0,0.0,0.0
978,210,Diospyros',0,0,0,0,0,0,0,0.0,0.0,0.0,0.0,0.0,0.0,0.0,0.0
978,210,Elaeagnus',0,335,32,0,0,0,0,26.595178604125977,7.677238464355469,105.38727408369319,1.3086846860561454,1245.3363691313566,15025.770726976934,0.004284522432936112,41.110483301664374
978,210,Fagus',0,0,0,0,0,0,0,0.0,0.0,0.0,0.0,0.0,0.0,0.0,0.0
978,210,Fraxinus',0,783,424,7,0,0,0,32.87923049926758,15.923727989196777,403.2485426231464,7.615443619644149,9051.531931901276,49904.31656584686,0.025919501936969316,122.80418627137131
978,210,Gleditsia',0,0,43,0,0,0,0,9.880138397216797,6.8957624435424805,19.24052579870707,0.2670673312161213,308.06423288583755,4870.1231188289585,0.0009615652501583107,15.188613015119701
978,210,Gordonia',0,0,0,0,0,0,0,0.0,0.0,0.0,0.0,0.0,0.0,0.0,0.0
978,210,Gymnocladus',0,0,0,0,0,0,0,0.0,0.0,0.0,0.0,0.0,0.0,0.0,0.0
978,210,Halesia',0,0,0,0,0,0,0,0.0,0.0,0.0,0.0,0.0,0.0,0.0,0.0
978,210,Ilex',0,0,0,0,0,0,0,0.0,0.0,0.0,0.0,0.0,0.0,0.0,0.0
978,210,Juglans',0,0,0,0,0,0,0,0.0,0.0,0.0,0.0,0.0,0.0,0.0,0.0
978,210,Juniperus',0,0,52,0,0,0,0,25.597373962402344,16.714263916015625,25.716542894840238,1.4675883666032317,1942.8126726555824,39428.31124034245,0.004688822452545199,92.21905139944599
978,210,Larix',0,0,0,0,0,0,0,0.0,0.0,0.0,0.0,0.0,0.0,0.0,0.0
978,210,Liquidambar',0,0,0,0,0,0,0,0.0,0.0,0.0,0.0,0.0,0.0,0.0,0.0
978,210,Liriodendron',0,1829,550,9,0,0,0,30.109041213989258,12.8923978805542,830.8213548923405,10.833732136979735,9007.431584657728,34163.8883959295,0.03197664963805578,94.90602571147691
978,210,Lithocarpus',0,0,0,0,0,0,0,0.0,0.0,0.0,0.0,0.0,0.0,0.0,0.0
978,210,Maclura',0,92,118,0,0,0,0,19.702350616455078,9.272064208984375,58.96071952307903,2.0093452216374974,2887.7232478663327,31183.38469423597,0.007265935184635229,74.3175900986872
978,210,Magnolia',0,0,0,0,0,0,0,0.0,0.0,0.0,0.0,0.0,0.0,0.0,0.0
978,210,Malus',0,0,0,0,0,0,0,0.0,0.0,0.0,0.0,0.0,0.0,0.0,0.0
978,210,Morus',0,14,34,0,0,0,0,10.919472694396973,7.183350563049316,12.929057616127443,0.35257630959285063,346.7620298537612,6847.867496748227,0.000956703233715145,16.859640231479986
978,210,Nyssa',0,0,0,0,0,0,0,0.0,0.0,0.0,0.0,0.0,0.0,0.0,0.0
978,210,Olneya',0,0,0,0,0,0,0,0.0,0.0,0.0,0.0,0.0,0.0,0.0,0.0
978,210,Ostrya',0,0,0,0,0,0,0,0.0,0.0,0.0,0.0,0.0,0.0,0.0,0.0
978,210,Oxydendron',0,0,0,0,0,0,0,0.0,0.0,0.0,0.0,0.0,0.0,0.0,0.0
978,210,Paulownia',0,218,28,0,0,0,0,8.536059379577637,4.6488447189331055,78.8745613094372,0.489769519309864,300.5756540825963,2888.25068046491,0.0018033890136701525,15.990641689596487
978,210,Persea',0,0,0,0,0,0,0,0.0,0.0,0.0,0.0,0.0,0.0,0.0,0.0
978,210,Picea',0,0,0,0,0,0,0,0.0,0.0,0.0,0.0,0.0,0.0,0.0,0.0
978,210,Pinus',0,620,761,109,10,0,0,51.02360916137695,17.245336532592773,477.81736137300726,30.687210498150257,36375.36955130786,164106.16818180453,0.08773596139892498,375.4995465369177
978,210,Planera',0,0,0,0,0,0,0,0.0,0.0,0.0,0.0,0.0,0.0,0.0,0.0
978,210,Platanus',0,28,0,0,0,0,0,4.413299083709717,2.5987298488616943,20.541386909877193,0.04301618762821563,65.47733543157578,1464.1177301055927,0.00044120986524969337,9.865752510418368
978,210,Populus',0,250,73,0,0,0,0,17.395193099975586,10.409369468688965,118.42117605943089,1.3103074439044582,1067.1954528990389,11480.989418263127,0.004076284082221122,32.1351638892753
978,210,Prosopis',0,0,0,0,0,0,0,0.0,0.0,0.0,0.0,0.0,0.0,0.0,0.0
978,210,Prunus',0,64,17,0,0,0,0,12.892610549926758,7.4517035484313965,32.224242228873166,0.4354034153715109,337.1766598665714,4666.3244024541245,0.0012131673239357754,16.14789852298828
978,210,Pseudotsuga',0,0,0,0,0,0,0,0.0,0.0,0.0,0.0,0.0,0.0,0.0,0.0
978,210,Quercus',0,23,63,28,0,0,0,31.087556838989258,14.570959091186523,36.24465220053739,3.1877133015121126,4027.562408810258,66485.61304764655,0.009471900442498307,151.3771122791114
978,210,Robinia',0,0,0,0,0,0,0,0.0,0.0,0.0,0.0,0.0,0.0,0.0,0.0
978,210,Salix',0,808,82,0,0,0,0,21.76088523864746,12.199631690979004,258.7845931712632,2.0141757813591497,1652.9750250697882,9669.903072048852,0.0073986258169646615,33.7858387195857
978,210,Sassafras',0,37,35,0,0,0,0,8.44269847869873,8.921839714050293,20.020386263539518,0.27587384017040034,254.52549034833908,4393.406859783228,0.0008538167761061308,13.985692056769459
978,210,Sequoia',0,0,0,0,0,0,0,0.0,0.0,0.0,0.0,0.0,0.0,0.0,0.0
978,210,Sequoiadendron',0,0,0,0,0,0,0,0.0,0.0,0.0,0.0,0.0,0.0,0.0,0.0
978,210,Sorbus',0,0,0,0,0,0,0,0.0,0.0,0.0,0.0,0.0,0.0,0.0,0.0
978,210,Taxodium',0,0,0,0,0,0,0,0.0,0.0,0.0,0.0,0.0,0.0,0.0,0.0
978,210,Taxus',0,0,0,0,0,0,0,0.0,0.0,0.0,0.0,0.0,0.0,0.0,0.0
978,210,Thuja',0,0,0,0,0,0,0,0.0,0.0,0.0,0.0,0.0,0.0,0.0,0.0
978,210,Tilia',0,0,31,0,0,0,0,8.23168659210205,5.756596565246582,7.685277431826047,0.16902386533010397,97.27588878631592,2175.1549989791183,0.00032680249154567716,7.307525863124326
978,210,Torreya',0,0,0,0,0,0,0,0.0,0.0,0.0,0.0,0.0,0.0,0.0,0.0
978,210,Tsuga',0,0,0,0,0,0,0,0.0,0.0,0.0,0.0,0.0,0.0,0.0,0.0
978,210,Ulmus',0,99,23,0,0,0,0,9.899923324584961,4.951333045959473,56.34868347569357,0.30411966281528874,310.86211253404616,3953.746537494626,0.0015019752967618467,17.899960483025342
978,210,Umbellularia',0,0,0,0,0,0,0,0.0,0.0,0.0,0.0,0.0,0.0,0.0,0.0
978,220,Abies',0,0,0,0,0,0,0,0.0,0.0,0.0,0.0,0.0,0.0,0.0,0.0
978,220,Acer',0,1623,833,13,0,0,0,35.870277404785156,19.268329620361328,961.3860605756126,14.24298727268374,18288.65657601118,77772.82858617009,0.054481145541192856,186.7280810447909
978,220,Aesculus',0,0,0,0,0,0,0,0.0,0.0,0.0,0.0,0.0,0.0,0.0,0.0
978,220,Ailanthus',0,692,22,0,0,0,0,13.796186447143555,7.248560905456543,186.78726705663564,1.267161806499778,1328.4823352867365,7213.1616112220845,0.005641089434884725,28.585088538998576
978,220,Alnus',0,63,0,0,0,0,0,7.356754302978516,5.487944602966309,15.01459613300954,0.1265735804612848,112.43416612654924,2382.315041151032,0.00046599716260610664,9.591887537520526
978,220,Amelanchier',0,0,0,0,0,0,0,0.0,0.0,0.0,0.0,0.0,0.0,0.0,0.0
978,220,Arbutus',0,0,0,0,0,0,0,0.0,0.0,0.0,0.0,0.0,0.0,0.0,0.0
978,220,Asimina',0,0,0,0,0,0,0,0.0,0.0,0.0,0.0,0.0,0.0,0.0,0.0
978,220,Betula',0,430,142,6,0,0,0,41.24663162231445,16.791929244995117,207.64698553028737,4.317834205982914,5572.04319344461,36055.14777585529,0.015371512086758379,88.51674036647492
978,220,Calocedrus',0,0,0,0,0,0,0,0.0,0.0,0.0,0.0,0.0,0.0,0.0,0.0
978,220,Carpinus',0,0,0,0,0,0,0,0.0,0.0,0.0,0.0,0.0,0.0,0.0,0.0
978,220,Carya',0,119,61,3,0,0,0,28.476768493652344,17.64425277709961,54.57977581250516,1.362886680348666,2266.7857298398017,28472.455256541085,0.005823007940779391,67.14870690702008
978,220,Castanea',0,37,0,0,0,0,0,2.7126190662384033,2.1041955947875977,12.345175377175776,0.021429262596291868,37.87195512771606,846.8426610639495,0.00026187556070555367,5.855715553834892
978,220,Catalpa',0,0,0,0,0,0,0,0.0,0.0,0.0,0.0,0.0,0.0,0.0,0.0
978,220,Celtis',0,60,43,0,0,0,0,9.831225395202637,6.552802085876465,25.75571837681758,0.4947561477057735,454.13437952399255,6543.800643895328,0.0013799553726385437,18.164227029523317
978,220,Cercis',0,0,0,0,0,0,0,0.0,0.0,0.0,0.0,0.0,0.0,0.0,0.0
978,220,Cercocarpus',0,0,0,0,0,0,0,0.0,0.0,0.0,0.0,0.0,0.0,0.0,0.0
978,220,Chamaecyparis',0,40,39,0,0,0,0,11.141743659973145,10.396578788757324,27.957656641304492,0.4431753523835334,346.97742868214846,6626.007501834619,0.00117489373744156,20.664664019714955
978,220,Chilopsis',0,0,0,0,0,0,0,0.0,0.0,0.0,0.0,0.0,0.0,0.0,0.0
978,220,Chrysolepis',0,0,0,0,0,0,0,0.0,0.0,0.0,0.0,0.0,0.0,0.0,0.0
978,220,Cladrastis',0,0,0,0,0,0,0,0.0,0.0,0.0,0.0,0.0,0.0,0.0,0.0
978,220,Comus',0,0,0,0,0,0,0,0.0,0.0,0.0,0.0,0.0,0.0,0.0,0.0
978,220,Cornus',0,0,0,0,0,0,0,0.0,0.0,0.0,0.0,0.0,0.0,0.0,0.0
978,220,Crataegus',0,0,0,0,0,0,0,0.0,0.0,0.0,0.0,0.0,0.0,0.0,0.0
978,220,Cupressus',0,0,0,0,0,0,0,0.0,0.0,0.0,0.0,0.0,0.0,0.0,0.0
978,220,Diospyros',0,0,0,0,0,0,0,0.0,0.0,0.0,0.0,0.0,0.0,0.0,0.0
978,220,Elaeagnus',0,438,11,0,0,0,0,8.10871696472168,4.499675750732422,161.55541585451815,0.5502998321979056,684.3599974599481,4231.2370079671555,0.0038464799798144894,23.23877022622343
978,220,Fagus',0,0,0,0,0,0,0,0.0,0.0,0.0,0.0,0.0,0.0,0.0,0.0
978,220,Fraxinus',0,1000,301,8,0,0,0,35.25849914550781,16.69887351989746,408.93353551673357,6.126051007729674,7353.610426595509,40246.00152364143,0.022228181918998193,101.38188244801614
978,220,Gleditsia',0,34,27,0,0,0,0,11.820995330810547,7.859426021575928,7.72742393650586,0.31342276564463506,368.34931769609454,7763.1468998420305,0.0009297946168053783,19.734556929233356
978,220,Gordonia',0,0,0,0,0,0,0,0.0,0.0,0.0,0.0,0.0,0.0,0.0,0.0
978,220,Gymnocladus',0,0,0,0,0,0,0,0.0,0.0,0.0,0.0,0.0,0.0,0.0,0.0
978,220,Halesia',0,0,0,0,0,0,0,0.0,0.0,0.0,0.0,0.0,0.0,0.0,0.0
978,220,Ilex',0,0,0,0,0,0,0,0.0,0.0,0.0,0.0,0.0,0.0,0.0,0.0
978,220,Juglans',0,0,0,0,0,0,0,0.0,0.0,0.0,0.0,0.0,0.0,0.0,0.0
978,220,Juniperus',0,0,24,0,0,0,0,27.617835998535156,17.582653045654297,12.00272346496582,1.480872405098277,2117.589339065552,47350.7371057939,0.004879127006292294,109.10059656924622
978,220,Larix',0,0,0,0,0,0,0,0.0,0.0,0.0,0.0,0.0,0.0,0.0,0.0
978,220,Liquidambar',0,0,0,0,0,0,0,0.0,0.0,0.0,0.0,0.0,0.0,0.0,0.0
978,220,Liriodendron',0,1778,692,0,0,0,0,26.531906127929688,11.752347946166992,809.0503368654016,13.820035338025669,11119.967494728566,39131.22420994319,0.03635776791717135,105.54813772718461
978,220,Lithocarpus',0,0,0,0,0,0,0,0.0,0.0,0.0,0.0,0.0,0.0,0.0,0.0
978,220,Maclura',0,20,84,0,0,0,0,12.777995109558105,7.036445617675781,28.881551609197746,0.6907187191342204,936.866324468255,11781.735564466517,0.0024976912073753567,29.29351740403942
978,220,Magnolia',0,0,0,0,0,0,0,0.0,0.0,0.0,0.0,0.0,0.0,0.0,0.0
978,220,Malus',0,0,0,0,0,0,0,0.0,0.0,0.0,0.0,0.0,0.0,0.0,0.0
978,220,Morus',0,0,34,0,0,0,0,12.666868209838867,7.9458489418029785,10.926325660717637,0.4350099317425994,440.4917958879471,9849.695991364062,0.0011361611498743457,25.405335645133537
978,220,Nyssa',0,30,0,0,0,0,0,0.5,1.5579864978790283,0.0,0.0005890486225480909,3.6738111823797226,82.14891540299804,8.164025202859192e-06,0.18255315323614438
978,220,Olneya',0,0,0,0,0,0,0,0.0,0.0,0.0,0.0,0.0,0.0,0.0,0.0
978,220,Ostrya',0,0,0,0,0,0,0,0.0,0.0,0.0,0.0,0.0,0.0,0.0,0.0
978,220,Oxydendron',0,0,0,0,0,0,0,0.0,0.0,0.0,0.0,0.0,0.0,0.0,0.0
978,220,Paulownia',0,252,28,0,0,0,0,12.102798461914062,5.873534679412842,98.6964003241892,0.5771597058496064,371.06778011322024,4079.7756712153086,0.0022453846043278534,19.828184269723714
978,220,Persea',0,0,0,0,0,0,0,0.0,0.0,0.0,0.0,0.0,0.0,0.0,0.0
978,220,Picea',0,0,0,0,0,0,0,0.0,0.0,0.0,0.0,0.0,0.0,0.0,0.0
978,220,Pinus',0,336,779,77,5,0,0,58.56580352783203,19.539962768554688,435.7548011028766,23.81998614207984,27422.068645558058,120666.19315158302,0.06723216658133432,278.97903721925303
978,220,Planera',0,0,0,0,0,0,0,0.0,0.0,0.0,0.0,0.0,0.0,0.0,0.0
978,220,Platanus',0,28,0,0,0,0,0,5.34107780456543,2.8654260635375977,28.192871107330802,0.06300325779030083,90.59119578838349,2025.6807194581784,0.0006071658179312867,13.576640425086165
978,220,Populus',0,164,56,0,0,0,0,16.70170783996582,7.231836795806885,71.32234220169012,1.1074764904444845,802.5055686074495,7486.389507044922,0.00281007042215439,22.45500481844596
978,220,Prosopis',0,0,0,0,0,0,0,0.0,0.0,0.0,0.0,0.0,0.0,0.0,0.0
978,220,Prunus',0,0,24,0,0,0,0,9.574761390686035,5.767905235290527,8.66880419322207,0.17770144382882477,142.26894984841348,3181.2304294856276,0.00044094547057152043,9.859840465685526
978,220,Pseudotsuga',0,0,0,0,0,0,0,0.0,0.0,0.0,0.0,0.0,0.0,0.0,0.0
978,220,Quercus',0,23,24,28,0,0,0,32.088802337646484,14.899569511413574,36.93003410591354,2.599703013116192,3432.9511661720276,68236.13698880289,0.008160408844211185,156.47244251305722
978,220,Robinia',0,0,0,0,0,0,0,0.0,0.0,0.0,0.0,0.0,0.0,0.0,0.0
978,220,Salix',0,861,109,0,0,0,0,21.861143112182617,9.87105655670166,265.20818284323695,2.508287338296679,1919.3787444138527,11496.476001378149,0.008083105212507411,38.51172028199266
978,220,Sassafras',0,37,35,0,0,0,0,10.493700981140137,10.348361015319824,11.269785008287128,0.3202402313514814,307.5796601110697,6576.329388914691,0.0008457451630821594,16.89369295665008
978,220,Sequoia',0,0,0,0,0,0,0,0.0,0.0,0.0,0.0,0.0,0.0,0.0,0.0
978,220,Sequoiadendron',0,0,0,0,0,0,0,0.0,0.0,0.0,0.0,0.0,0.0,0.0,0.0
978,220,Sorbus',0,0,0,0,0,0,0,0.0,0.0,0.0,0.0,0.0,0.0,0.0,0.0
978,220,Taxodium',0,0,0,0,0,0,0,0.0,0.0,0.0,0.0,0.0,0.0,0.0,0.0
978,220,Taxus',0,0,0,0,0,0,0,0.0,0.0,0.0,0.0,0.0,0.0,0.0,0.0
978,220,Thuja',0,0,0,0,0,0,0,0.0,0.0,0.0,0.0,0.0,0.0,0.0,0.0
978,220,Tilia',0,0,31,0,0,0,0,10.805153846740723,7.027139663696289,2.7192594785290423,0.29122743479589774,167.1980321726203,3738.6616564217547,0.0004106964331045765,9.18345142538527
978,220,Torreya',0,0,0,0,0,0,0,0.0,0.0,0.0,0.0,0.0,0.0,0.0,0.0
978,220,Tsuga',0,0,0,0,0,0,0,0.0,0.0,0.0,0.0,0.0,0.0,0.0,0.0
978,220,Ulmus',0,34,0,0,0,0,0,3.4802491664886475,2.6307590007781982,15.068966376630565,0.03283835130736008,49.2439350605011,1101.127862748654,0.0003263571047969162,7.297566712659269
978,220,Umbellularia',0,0,0,0,0,0,0,0.0,0.0,0.0,0.0,0.0,0.0,0.0,0.0
978,230,Abies',0,0,0,0,0,0,0,0.0,0.0,0.0,0.0,0.0,0.0,0.0,0.0
978,230,Acer',0,1834,756,1,0,0,0,29.11941909790039,16.980815887451172,940.0626091814681,12.186560406999485,15133.869294136464,54540.702331654786,0.047163544139900274,138.97322436561072
978,230,Aesculus',0,0,0,0,0,0,0,0.0,0.0,0.0,0.0,0.0,0.0,0.0,0.0
978,230,Ailanthus',0,624,121,0,0,0,0,18.844440460205078,9.011411666870117,235.32217430068718,2.0197003385542356,2053.0030574506522,12892.945098958822,0.007949822386973993,41.6659700602036
978,230,Alnus',0,51,0,0,0,0,0,5.670625686645508,4.614525318145752,6.1200356087352645,0.0933078049666747,73.861631757617,1469.6821771535892,0.00025223827228881417,5.225950311313295
978,230,Amelanchier',0,0,0,0,0,0,0,0.0,0.0,0.0,0.0,0.0,0.0,0.0,0.0
978,230,Arbutus',0,0,0,0,0,0,0,0.0,0.0,0.0,0.0,0.0,0.0,0.0,0.0
978,230,Asimina',0,24,0,0,0,0,0,3.871124029159546,3.7238757610321045,10.253378054763697,0.028341350185935775,30.983597025871276,692.8142913730859,0.0002164555134475255,4.840092421732864
978,230,Betula',0,269,283,5,0,0,0,50.42048263549805,18.88585090637207,172.7496633947461,4.660012546606697,5861.06417655915,39583.929637336914,0.015511414510116917,94.83503089113114
978,230,Calocedrus',0,0,0,0,0,0,0,0.0,0.0,0.0,0.0,0.0,0.0,0.0,0.0
978,230,Carpinus',0,0,0,0,0,0,0,0.0,0.0,0.0,0.0,0.0,0.0,0.0,0.0
978,230,Carya',0,103,33,0,0,0,0,13.552343368530273,13.907316207885742,43.73519844646695,0.6857577354934263,1098.128027818203,18030.15592172108,0.0030698769835112746,44.362416190353656
978,230,Castanea',0,37,0,0,0,0,0,4.2394280433654785,2.5485079288482666,24.604228723652753,0.05234125642396213,71.95916667222977,1609.0558828334272,0.0005141007961984724,11.495643275865536
978,230,Catalpa',0,0,0,0,0,0,0,0.0,0.0,0.0,0.0,0.0,0.0,0.0,0.0
978,230,Celtis',0,36,42,0,0,0,0,16.528535842895508,9.661980628967285,35.567955995285054,0.4479654465346034,474.09042091965676,6586.069644455783,0.0015655547682214494,19.727495143825774
978,230,Cercis',0,0,0,0,0,0,0,0.0,0.0,0.0,0.0,0.0,0.0,0.0,0.0
978,230,Cercocarpus',0,0,0,0,0,0,0,0.0,0.0,0.0,0.0,0.0,0.0,0.0,0.0
978,230,Chamaecyparis',0,23,56,0,0,0,0,14.201216697692871,12.214759826660156,19.903809364885092,0.8398479950812294,650.2400290809572,11449.22799860384,0.0017324773590701211,29.183164517623304
978,230,Chilopsis',0,0,0,0,0,0,0,0.0,0.0,0.0,0.0,0.0,0.0,0.0,0.0
978,230,Chrysolepis',0,0,0,0,0,0,0,0.0,0.0,0.0,0.0,0.0,0.0,0.0,0.0
978,230,Cladrastis',0,0,0,0,0,0,0,0.0,0.0,0.0,0.0,0.0,0.0,0.0,0.0
978,230,Comus',0,0,0,0,0,0,0,0.0,0.0,0.0,0.0,0.0,0.0,0.0,0.0
978,230,Cornus',0,0,0,0,0,0,0,0.0,0.0,0.0,0.0,0.0,0.0,0.0,0.0
978,230,Crataegus',0,28,0,0,0,0,0,3.5443828105926514,3.185053586959839,3.4456722579802133,0.02813977663907571,34.987482061982156,782.3438825214656,0.00012735232507809995,2.8476845596728406
978,230,Cupressus',0,0,0,0,0,0,0,0.0,0.0,0.0,0.0,0.0,0.0,0.0,0.0
978,230,Diospyros',0,0,0,0,0,0,0,0.0,0.0,0.0,0.0,0.0,0.0,0.0,0.0
978,230,Elaeagnus',0,420,0,0,0,0,0,7.742062568664551,4.389048099517822,149.64303548011597,0.5909598641040885,679.4747918611765,4493.386949531452,0.0036641386187002004,23.51430047672443
978,230,Fagus',0,0,0,0,0,0,0,0.0,0.0,0.0,0.0,0.0,0.0,0.0,0.0
978,230,Fraxinus',0,1105,440,7,0,0,0,37.72332000732422,17.469629287719727,462.23530752466445,7.889960102843774,9251.617717001438,47776.58918966735,0.02721328435295932,117.14811452734112
978,230,Gleditsia',0,63,27,0,0,0,0,14.476594924926758,9.11318302154541,24.128930100911777,0.5840395057719918,713.2588129425048,12586.806250229398,0.0019323689115792512,30.200014529511463
978,230,Gordonia',0,0,0,0,0,0,0,0.0,0.0,0.0,0.0,0.0,0.0,0.0,0.0
978,230,Gymnocladus',0,0,0,0,0,0,0,0.0,0.0,0.0,0.0,0.0,0.0,0.0,0.0
978,230,Halesia',0,0,0,0,0,0,0,0.0,0.0,0.0,0.0,0.0,0.0,0.0,0.0
978,230,Ilex',0,4,0,0,0,0,0,1.4140279293060303,2.0598843097686768,0.38509968519210813,0.0006909689515811365,1.6540544152259826,36.985781109289995,9.238227346601599e-06,0.20657304338598828
978,230,Juglans',0,31,0,0,0,0,0,2.550751209259033,2.5402095317840576,7.719015231049513,0.015882069564389402,20.32562898695469,454.4948810027052,0.00015628757789265364,3.4946964820676385
978,230,Juniperus',0,0,0,24,0,0,0,29.52886390686035,18.367145538330078,10.484144217967987,1.6929020241995287,2499.1866277384756,55883.5118808171,0.005705185837864892,127.5718335773509
978,230,Larix',0,0,0,0,0,0,0,0.0,0.0,0.0,0.0,0.0,0.0,0.0,0.0
978,230,Liquidambar',0,0,0,0,0,0,0,0.0,0.0,0.0,0.0,0.0,0.0,0.0,0.0
978,230,Liriodendron',0,1867,580,10,0,0,0,28.443605422973633,12.368572235107422,833.2799017358617,12.668411442924496,10481.462986710072,38346.93966066431,0.035287667211373414,103.50102804551524
978,230,Lithocarpus',0,0,0,0,0,0,0,0.0,0.0,0.0,0.0,0.0,0.0,0.0,0.0
978,230,Maclura',0,31,80,0,0,0,0,11.597887992858887,6.601949214935303,44.88556864423842,0.827350595051462,1139.3407578247786,12668.338300024738,0.0031780210639610848,32.929854704473236
978,230,Magnolia',0,0,0,0,0,0,0,0.0,0.0,0.0,0.0,0.0,0.0,0.0,0.0
978,230,Malus',0,0,0,0,0,0,0,0.0,0.0,0.0,0.0,0.0,0.0,0.0,0.0
978,230,Morus',0,58,0,0,0,0,0,6.113884925842285,4.848790168762207,23.336181150442812,0.10939362596068412,134.80729427829385,2052.160407006133,0.0006355090550482323,9.63481002634624
978,230,Nyssa',0,0,0,0,0,0,0,0.0,0.0,0.0,0.0,0.0,0.0,0.0,0.0
978,230,Olneya',0,0,0,0,0,0,0,0.0,0.0,0.0,0.0,0.0,0.0,0.0,0.0
978,230,Ostrya',0,35,0,0,0,0,0,2.6861460208892822,3.53873610496521,7.340403202025195,0.019924984070294062,35.39891443669796,791.5437901015516,0.0001843334388909864,4.121820998865516
978,230,Oxydendron',0,0,0,0,0,0,0,0.0,0.0,0.0,0.0,0.0,0.0,0.0,0.0
978,230,Paulownia',0,179,0,0,0,0,0,6.557702541351318,3.927295446395874,46.96766630333812,0.22614173780811767,156.15776037424803,2050.545055334737,0.0010231429017609865,13.539508865094643
978,230,Persea',0,0,0,0,0,0,0,0.0,0.0,0.0,0.0,0.0,0.0,0.0,0.0
978,230,Picea',0,0,0,0,0,0,0,0.0,0.0,0.0,0.0,0.0,0.0,0.0,0.0
978,230,Pinus',0,291,673,103,4,0,0,56.222389221191406,21.64539337158203,390.60122404038907,24.915178889035186,29455.450559196175,140005.12700408342,0.07109857474551413,322.45477400748257
978,230,Planera',0,0,0,0,0,0,0,0.0,0.0,0.0,0.0,0.0,0.0,0.0,0.0
978,230,Platanus',0,32,0,0,0,0,0,2.2091872692108154,1.9563859701156616,8.35998784514922,0.012496043983737447,29.343597865104677,656.1427953079168,0.00018555466291960343,4.149128398302919
978,230,Populus',0,160,22,0,0,0,0,18.315021514892578,7.747326850891113,85.60562132610171,0.7196568590555844,581.5817271730303,6636.798913685996,0.0025247443462582393,22.74949289890733
978,230,Prosopis',0,0,0,0,0,0,0,0.0,0.0,0.0,0.0,0.0,0.0,0.0,0.0
978,230,Prunus',0,37,24,0,0,0,0,12.725650787353516,7.106841564178467,12.982032363173326,0.36819686820249065,296.62237153291704,5767.630145463677,0.0008460443554446186,14.700475444313465
978,230,Pseudotsuga',0,0,0,0,0,0,0,0.0,0.0,0.0,0.0,0.0,0.0,0.0,0.0
978,230,Quercus',0,60,24,28,0,0,0,33.223819732666016,15.265865325927734,44.43185988389238,3.017581373425065,4004.4228194493057,74498.61881182632,0.009538338364467033,168.23124342175277
978,230,Robinia',0,0,0,0,0,0,0,0.0,0.0,0.0,0.0,0.0,0.0,0.0,0.0
978,230,Salix',0,765,150,0,0,0,0,15.054627418518066,9.376531600952148,239.56471559532645,2.2071627164263727,1724.2718541787565,9984.285877569082,0.007280382423857948,34.42736724498602
978,230,Sassafras',0,34,35,0,0,0,0,12.825929641723633,11.807218551635742,13.496497362569162,0.4687845393189919,488.70786462932824,10742.364485653388,0.0012803070518393061,27.32505727365151
978,230,Sequoia',0,0,0,0,0,0,0,0.0,0.0,0.0,0.0,0.0,0.0,0.0,0.0
978,230,Sequoiadendron',0,0,0,0,0,0,0,0.0,0.0,0.0,0.0,0.0,0.0,0.0,0.0
978,230,Sorbus',0,0,0,0,0,0,0,0.0,0.0,0.0,0.0,0.0,0.0,0.0,0.0
978,230,Taxodium',0,0,0,0,0,0,0,0.0,0.0,0.0,0.0,0.0,0.0,0.0,0.0
978,230,Taxus',0,0,0,0,0,0,0,0.0,0.0,0.0,0.0,0.0,0.0,0.0,0.0
978,230,Thuja',0,0,0,0,0,0,0,0.0,0.0,0.0,0.0,0.0,0.0,0.0,0.0
978,230,Tilia',0,0,0,0,0,0,0,0.0,0.0,0.0,0.0,0.0,0.0,0.0,0.0
978,230,Torreya',0,0,0,0,0,0,0,0.0,0.0,0.0,0.0,0.0,0.0,0.0,0.0
978,230,Tsuga',0,0,0,0,0,0,0,0.0,0.0,0.0,0.0,0.0,0.0,0.0,0.0
978,230,Ulmus',0,20,0,0,0,0,0,4.279625415802002,2.9290452003479004,12.86979929933065,0.03003529430329941,42.5544770693779,951.5470347408506,0.0002798334143422519,6.257265368451401
978,230,Umbellularia',0,0,0,0,0,0,0,0.0,0.0,0.0,0.0,0.0,0.0,0.0,0.0
978,240,Abies',0,0,0,0,0,0,0,0.0,0.0,0.0,0.0,0.0,0.0,0.0,0.0
978,240,Acer',0,1670,621,1,0,0,0,36.39625549316406,19.615192413330078,849.0452717487475,10.792319441342016,13474.181104856878,49083.038696274976,0.04216510318343338,127.35380163925197
978,240,Aesculus',0,0,0,0,0,0,0,0.0,0.0,0.0,0.0,0.0,0.0,0.0,0.0
978,240,Ailanthus',0,495,118,0,0,0,0,23.049707412719727,10.337400436401367,201.38745608279785,2.4529976712384403,2453.906439972371,17465.927417888804,0.008352209754842105,48.67212250909701
978,240,Alnus',0,38,33,0,0,0,0,9.630210876464844,6.592354774475098,11.780024411368974,0.2569059803909042,206.06375056684018,4271.074772300041,0.0006274994375924561,11.869234119766576
978,240,Amelanchier',0,0,0,0,0,0,0,0.0,0.0,0.0,0.0,0.0,0.0,0.0,0.0
978,240,Arbutus',0,0,0,0,0,0,0,0.0,0.0,0.0,0.0,0.0,0.0,0.0,0.0
978,240,Asimina',0,0,0,0,0,0,0,0.0,0.0,0.0,0.0,0.0,0.0,0.0,0.0
978,240,Betula',0,255,224,5,0,0,0,57.84221267700195,20.334365844726562,190.5121864967897,4.810170414390633,6337.088523474038,45642.42728753467,0.01682494765836207,109.52845513944143
978,240,Calocedrus',0,0,0,0,0,0,0,0.0,0.0,0.0,0.0,0.0,0.0,0.0,0.0
978,240,Carpinus',0,0,0,0,0,0,0,0.0,0.0,0.0,0.0,0.0,0.0,0.0,0.0
978,240,Carya',0,84,52,0,0,0,0,14.8427152633667,14.83288860321045,45.03407217939443,1.0043218692600375,1577.855083822608,23139.09488588565,0.00415463517560062,55.74507757602252
978,240,Castanea',0,37,0,0,0,0,0,4.926911354064941,2.746638774871826,31.490997698488112,0.07069343811392491,92.31113687753678,2064.1397713846,0.0006584662632197066,14.723753254495398
978,240,Catalpa',0,3,0,0,0,0,0,7.303577423095703,4.535342693328857,5.99035501857347,0.015920061932080863,19.748210299015046,441.5834066255888,0.00013011940274387616,2.9095582972698013
978,240,Celtis',0,12,62,0,0,0,0,20.529029846191406,11.35779094696045,37.98651556425457,0.7175389633257703,726.5676418685913,9596.162780159837,0.0021614316994072913,26.366793332079318
978,240,Cercis',0,0,0,0,0,0,0,0.0,0.0,0.0,0.0,0.0,0.0,0.0,0.0
978,240,Cercocarpus',0,0,0,0,0,0,0,0.0,0.0,0.0,0.0,0.0,0.0,0.0,0.0
978,240,Chamaecyparis',0,0,56,0,0,0,0,16.937271118164062,13.648127555847168,26.46623395681381,1.2486487502371435,1074.4746430754662,18247.11660654361,0.0027700114538769228,46.03955088778609
978,240,Chilopsis',0,0,0,0,0,0,0,0.0,0.0,0.0,0.0,0.0,0.0,0.0,0.0
978,240,Chrysolepis',0,0,0,0,0,0,0,0.0,0.0,0.0,0.0,0.0,0.0,0.0,0.0
978,240,Cladrastis',0,0,0,0,0,0,0,0.0,0.0,0.0,0.0,0.0,0.0,0.0,0.0
978,240,Comus',0,0,0,0,0,0,0,0.0,0.0,0.0,0.0,0.0,0.0,0.0,0.0
978,240,Cornus',0,0,0,0,0,0,0,0.0,0.0,0.0,0.0,0.0,0.0,0.0,0.0
978,240,Crataegus',0,0,0,0,0,0,0,0.0,0.0,0.0,0.0,0.0,0.0,0.0,0.0
978,240,Cupressus',0,0,0,0,0,0,0,0.0,0.0,0.0,0.0,0.0,0.0,0.0,0.0
978,240,Diospyros',0,0,0,0,0,0,0,0.0,0.0,0.0,0.0,0.0,0.0,0.0,0.0
978,240,Elaeagnus',0,323,73,0,0,0,0,9.793028831481934,4.974733352661133,131.67026220408232,0.9486918559837589,929.1138347671927,6784.891588318469,0.003960163971866029,26.976149830005212
978,240,Fagus',0,0,0,0,0,0,0,0.0,0.0,0.0,0.0,0.0,0.0,0.0,0.0
978,240,Fraxinus',0,1273,451,7,0,0,0,39.857276916503906,18.111431121826172,533.0721860114909,8.782968578488347,10269.052429195046,50199.476011615174,0.03049398659020661,123.4382519902018
978,240,Gleditsia',0,26,27,0,0,0,0,16.8134765625,10.157605171203613,16.614290013720716,0.6380967467879851,845.7697252690792,17693.41472249291,0.0021186601940989297,40.89165482287804
978,240,Gordonia',0,0,0,0,0,0,0,0.0,0.0,0.0,0.0,0.0,0.0,0.0,0.0
978,240,Gymnocladus',0,0,0,0,0,0,0,0.0,0.0,0.0,0.0,0.0,0.0,0.0,0.0
978,240,Halesia',0,0,0,0,0,0,0,0.0,0.0,0.0,0.0,0.0,0.0,0.0,0.0
978,240,Ilex',0,49,4,0,0,0,0,12.439481735229492,6.913532733917236,27.76028444379568,0.11292788514655049,179.08228479295968,2830.97787573853,0.0007989425198204517,12.630101342598943
978,240,Juglans',0,31,0,0,0,0,0,5.47690486907959,3.8797202110290527,12.120893105298656,0.07322194932634471,56.04909432291985,1253.295849833473,0.0002990405297074508,6.686749524534114
978,240,Juniperus',0,36,0,24,0,0,0,31.262704849243164,19.04923439025879,20.915714794397353,1.9290755242947288,2924.4878183567525,64341.849244096265,0.006800977465448241,145.72508831412884
978,240,Larix',0,0,0,0,0,0,0,0.0,0.0,0.0,0.0,0.0,0.0,0.0,0.0
978,240,Liquidambar',0,0,0,0,0,0,0,0.0,0.0,0.0,0.0,0.0,0.0,0.0,0.0
978,240,Liriodendron',0,1270,812,7,0,0,0,33.87665939331055,14.034164428710938,839.4919419222617,14.786694209797902,12266.954927091003,44210.73728864009,0.039344852873772304,117.5231215107097
978,240,Lithocarpus',0,0,0,0,0,0,0,0.0,0.0,0.0,0.0,0.0,0.0,0.0,0.0
978,240,Maclura',0,95,97,0,0,0,0,14.27188491821289,7.562797546386719,74.91850250601013,1.3046670286856767,1899.4138278466464,19780.864980694758,0.005299413147278133,51.48678836985371
978,240,Magnolia',0,0,0,0,0,0,0,0.0,0.0,0.0,0.0,0.0,0.0,0.0,0.0
978,240,Malus',0,0,0,0,0,0,0,0.0,0.0,0.0,0.0,0.0,0.0,0.0,0.0
978,240,Morus',0,40,21,0,0,0,0,10.273622512817383,6.890388011932373,27.110202123847184,0.1992409550342462,233.44305613994598,3189.2676293577188,0.000909028773590926,12.357384683842717
978,240,Nyssa',0,0,0,0,0,0,0,0.0,0.0,0.0,0.0,0.0,0.0,0.0,0.0
978,240,Olneya',0,0,0,0,0,0,0,0.0,0.0,0.0,0.0,0.0,0.0,0.0,0.0
978,240,Ostrya',0,0,0,0,0,0,0,0.0,0.0,0.0,0.0,0.0,0.0,0.0,0.0
978,240,Oxydendron',0,0,0,0,0,0,0,0.0,0.0,0.0,0.0,0.0,0.0,0.0,0.0
978,240,Paulownia',0,60,18,0,0,0,0,8.560370445251465,4.6575188636779785,18.41496820974199,0.18930917516527931,102.05737291693687,1398.1464725479636,0.0004918878620560279,6.6151285427951025
978,240,Persea',0,0,0,0,0,0,0,0.0,0.0,0.0,0.0,0.0,0.0,0.0,0.0
978,240,Picea',0,0,0,0,0,0,0,0.0,0.0,0.0,0.0,0.0,0.0,0.0,0.0
978,240,Pinus',0,362,682,78,9,0,0,49.433738708496094,23.398515701293945,445.15561028711494,23.839775494181797,28362.96198200427,141796.77128861507,0.06945883013062958,325.8359533952282
978,240,Planera',0,0,0,0,0,0,0,0.0,0.0,0.0,0.0,0.0,0.0,0.0,0.0
978,240,Platanus',0,32,0,0,0,0,0,4.090917110443115,2.5055506229400635,21.05978898986985,0.04284980416161274,67.21238528490066,1502.9146242694435,0.00045252821733243086,10.118838556921144
978,240,Populus',0,116,22,0,0,0,0,19.631818771362305,8.161111831665039,53.31214748134341,0.4720313971551078,382.4680887717009,4674.2646390647305,0.0016173870662571856,16.219810657404604
978,240,Prosopis',0,0,0,0,0,0,0,0.0,0.0,0.0,0.0,0.0,0.0,0.0,0.0
978,240,Prunus',0,38,24,0,0,0,0,16.02883529663086,8.4459228515625,10.193754120057894,0.505179310190221,451.4899762883783,9873.586681573688,0.001150055819470891,24.035975633127048
978,240,Pseudotsuga',0,0,0,0,0,0,0,0.0,0.0,0.0,0.0,0.0,0.0,0.0,0.0
978,240,Quercus',0,68,5,28,0,0,0,34.29236602783203,15.60477066040039,41.68273372269129,2.9665041365610696,4104.263459457755,80615.33313311519,0.009720631081894863,182.84092575691722
978,240,Robinia',0,0,0,0,0,0,0,0.0,0.0,0.0,0.0,0.0,0.0,0.0,0.0
978,240,Salix',0,609,151,0,0,0,0,17.941585540771484,8.750974655151367,198.1778435890056,2.6013631326035616,1912.7351934814453,12452.616124050306,0.007103402827138519,37.501588906453904
978,240,Sassafras',0,0,35,0,0,0,0,14.822283744812012,12.931486129760742,12.652917550523068,0.6177363441359061,680.5934593826532,15218.532402213441,0.0016945756611972931,37.891863714537976
978,240,Sequoia',0,0,0,0,0,0,0,0.0,0.0,0.0,0.0,0.0,0.0,0.0,0.0
978,240,Sequoiadendron',0,0,0,0,0,0,0,0.0,0.0,0.0,0.0,0.0,0.0,0.0,0.0
978,240,Sorbus',0,0,0,0,0,0,0,0.0,0.0,0.0,0.0,0.0,0.0,0.0,0.0
978,240,Taxodium',0,0,0,0,0,0,0,0.0,0.0,0.0,0.0,0.0,0.0,0.0,0.0
978,240,Taxus',0,0,0,0,0,0,0,0.0,0.0,0.0,0.0,0.0,0.0,0.0,0.0
978,240,Thuja',0,0,0,0,0,0,0,0.0,0.0,0.0,0.0,0.0,0.0,0.0,0.0
978,240,Tilia',0,0,0,0,0,0,0,0.0,0.0,0.0,0.0,0.0,0.0,0.0,0.0
978,240,Torreya',0,0,0,0,0,0,0,0.0,0.0,0.0,0.0,0.0,0.0,0.0,0.0
978,240,Tsuga',0,0,0,0,0,0,0,0.0,0.0,0.0,0.0,0.0,0.0,0.0,0.0
978,240,Ulmus',0,23,0,0,0,0,0,7.457040786743164,4.088213920593262,18.110396069816396,0.048189137646197346,69.13773682117463,1173.7431963171882,0.0004143486342013357,7.142770309505203
978,240,Umbellularia',0,0,0,0,0,0,0,0.0,0.0,0.0,0.0,0.0,0.0,0.0,0.0
978,250,Abies',0,0,0,0,0,0,0,0.0,0.0,0.0,0.0,0.0,0.0,0.0,0.0
978,250,Acer',0,2007,636,0,0,0,0,27.909929275512695,15.158379554748535,887.2315517258888,11.258968454785016,14188.846659276933,54534.98208609808,0.04430296138154201,139.64078212115797
978,250,Aesculus',0,0,0,0,0,0,0,0.0,0.0,0.0,0.0,0.0,0.0,0.0,0.0
978,250,Ailanthus',0,352,87,0,0,0,0,21.035280227661133,9.71753215789795,181.1937246174563,1.3254767990964638,1512.7113835647704,10591.473104937126,0.005969965197568305,35.44077796280688
978,250,Alnus',0,24,0,0,0,0,0,6.5524678230285645,5.077286720275879,14.70521926502638,0.05872105153161186,67.81032416284084,1091.2803754876243,0.0003623794054870975,5.774473253878563
978,250,Amelanchier',0,0,0,0,0,0,0,0.0,0.0,0.0,0.0,0.0,0.0,0.0,0.0
978,250,Arbutus',0,0,0,0,0,0,0,0.0,0.0,0.0,0.0,0.0,0.0,0.0,0.0
978,250,Asimina',0,0,0,0,0,0,0,0.0,0.0,0.0,0.0,0.0,0.0,0.0,0.0
978,250,Betula',0,203,234,13,0,0,0,29.179433822631836,13.42531681060791,166.21012100501903,4.165690966198596,5015.349224830866,38129.55622980363,0.013537907755972361,92.27413508234133
978,250,Calocedrus',0,0,0,0,0,0,0,0.0,0.0,0.0,0.0,0.0,0.0,0.0,0.0
978,250,Carpinus',0,0,0,0,0,0,0,0.0,0.0,0.0,0.0,0.0,0.0,0.0,0.0
978,250,Carya',0,4,99,0,0,0,0,15.998261451721191,15.628114700317383,45.404530100618736,1.2761895024038692,2091.7846688848736,29046.743987044763,0.005302033631788534,69.63911711420606
978,250,Castanea',0,0,0,0,0,0,0,0.0,0.0,0.0,0.0,0.0,0.0,0.0,0.0
978,250,Catalpa',0,38,0,0,0,0,0,0.9259477257728577,1.7319124937057495,2.3643220550840414,0.002612730082338134,8.084025926887989,180.76431504392477,5.200023138430002e-05,1.162760522210135
978,250,Celtis',0,56,24,0,0,0,0,12.233105659484863,7.708612442016602,33.863061728734,0.35440239731474893,370.50869550824166,6059.310169140124,0.0013108302563577942,17.163509704138715
978,250,Cercis',0,0,0,0,0,0,0,0.0,0.0,0.0,0.0,0.0,0.0,0.0,0.0
978,250,Cercocarpus',0,0,0,0,0,0,0,0.0,0.0,0.0,0.0,0.0,0.0,0.0,0.0
978,250,Chamaecyparis',0,0,16,0,0,0,0,21.38860321044922,15.6448392868042,11.415361168980597,0.5966374171213685,564.9602327436208,12627.686100489816,0.0014203557648688277,31.723007359756362
978,250,Chilopsis',0,0,0,0,0,0,0,0.0,0.0,0.0,0.0,0.0,0.0,0.0,0.0
978,250,Chrysolepis',0,0,0,0,0,0,0,0.0,0.0,0.0,0.0,0.0,0.0,0.0,0.0
978,250,Cladrastis',0,0,0,0,0,0,0,0.0,0.0,0.0,0.0,0.0,0.0,0.0,0.0
978,250,Comus',0,0,0,0,0,0,0,0.0,0.0,0.0,0.0,0.0,0.0,0.0,0.0
978,250,Cornus',0,0,0,0,0,0,0,0.0,0.0,0.0,0.0,0.0,0.0,0.0,0.0
978,250,Crataegus',0,0,0,0,0,0,0,0.0,0.0,0.0,0.0,0.0,0.0,0.0,0.0
978,250,Cupressus',0,0,0,0,0,0,0,0.0,0.0,0.0,0.0,0.0,0.0,0.0,0.0
978,250,Diospyros',0,0,0,0,0,0,0,0.0,0.0,0.0,0.0,0.0,0.0,0.0,0.0
978,250,Elaeagnus',0,273,91,0,0,0,0,14.071104049682617,5.967952728271484,170.14067836105824,0.9963542725350261,1018.8651023525,6721.297729272755,0.004713414258208128,28.76717350553241
978,250,Fagus',0,0,0,0,0,0,0,0.0,0.0,0.0,0.0,0.0,0.0,0.0,0.0
978,250,Fraxinus',0,1207,399,12,0,0,0,42.11894989013672,18.766801834106445,523.8604396180826,9.037997934968034,10949.202443818749,57402.231252911006,0.03187282303389858,140.356695302738
978,250,Gleditsia',0,27,0,0,0,0,0,4.538471221923828,4.021425247192383,7.827421268330344,0.04413198066952387,54.10920205593109,1209.91854005332,0.000232922745347023,5.2083109210181355
978,250,Gordonia',0,0,0,0,0,0,0,0.0,0.0,0.0,0.0,0.0,0.0,0.0,0.0
978,250,Gymnocladus',0,0,0,0,0,0,0,0.0,0.0,0.0,0.0,0.0,0.0,0.0,0.0
978,250,Halesia',0,0,0,0,0,0,0,0.0,0.0,0.0,0.0,0.0,0.0,0.0,0.0
978,250,Ilex',0,0,24,0,0,0,0,21.766342163085938,9.845637321472168,25.57678310871124,0.344281529058639,393.63484615802764,6262.862572430817,0.0012441865522166118,19.835637595634545
978,250,Juglans',0,31,0,0,0,0,0,7.793268203735352,4.880532741546631,12.750606610427926,0.14825526887732668,99.43345177531242,2223.3995740704804,0.0004045152877494677,9.045236813456988
978,250,Juniperus',0,36,0,0,0,0,0,7.393834590911865,6.732544422149658,12.758550108671187,0.15646157977879216,144.1110498702526,3222.4210381874345,0.000504536946932473,11.281789105012155
978,250,Larix',0,0,0,0,0,0,0,0.0,0.0,0.0,0.0,0.0,0.0,0.0,0.0
978,250,Liquidambar',0,0,0,0,0,0,0,0.0,0.0,0.0,0.0,0.0,0.0,0.0,0.0
978,250,Liriodendron',0,1655,618,12,0,0,0,32.68523025512695,13.679465293884277,876.5279378423678,12.967112565774956,10901.424480081052,37188.98900086447,0.03684349439476729,103.07575292828244
978,250,Lithocarpus',0,0,0,0,0,0,0,0.0,0.0,0.0,0.0,0.0,0.0,0.0,0.0
978,250,Maclura',0,31,113,0,0,0,0,20.454574584960938,9.485631942749023,68.9160005106956,2.042967985226819,3036.226756824255,28922.21441721943,0.007739254700802271,70.46160034613793
978,250,Magnolia',0,32,0,0,0,0,0,5.769443988800049,4.977661609649658,23.257683259022382,0.06332324123774928,82.2140346044302,1369.6090748238507,0.0005175051273629058,8.462816673791046
978,250,Malus',0,0,0,0,0,0,0,0.0,0.0,0.0,0.0,0.0,0.0,0.0,0.0
978,250,Morus',0,28,0,0,0,0,0,4.456966876983643,3.9555647373199463,7.070153976165795,0.04449571764241511,47.189448529481886,1055.1881473264878,0.00020664424080960728,4.620705696091185
978,250,Nyssa',0,0,0,0,0,0,0,0.0,0.0,0.0,0.0,0.0,0.0,0.0,0.0
978,250,Olneya',0,0,0,0,0,0,0,0.0,0.0,0.0,0.0,0.0,0.0,0.0,0.0
978,250,Ostrya',0,0,0,0,0,0,0,0.0,0.0,0.0,0.0,0.0,0.0,0.0,0.0
978,250,Oxydendron',0,0,0,0,0,0,0,0.0,0.0,0.0,0.0,0.0,0.0,0.0,0.0
978,250,Paulownia',0,211,18,0,0,0,0,15.106359481811523,6.83341646194458,82.26165205711804,0.5190878455483968,336.82566029310226,4004.368537204825,0.0019327036733189622,16.831952655233728
978,250,Persea',0,0,0,0,0,0,0,0.0,0.0,0.0,0.0,0.0,0.0,0.0,0.0
978,250,Picea',0,0,0,0,0,0,0,0.0,0.0,0.0,0.0,0.0,0.0,0.0,0.0
978,250,Pinus',0,297,577,68,15,0,0,56.00729751586914,24.80017852783203,408.3227541220188,22.742667317284678,27571.4107505095,139392.80855352132,0.06716779700105988,321.9583194913867
978,250,Planera',0,0,0,0,0,0,0,0.0,0.0,0.0,0.0,0.0,0.0,0.0,0.0
978,250,Platanus',0,155,0,0,0,0,0,3.3700931072235107,2.2962536811828613,60.54191392056549,0.10682284332259745,199.89515714645387,2033.6684547276764,0.0013157459586607384,13.418647344849067
978,250,Populus',0,322,8,0,0,0,0,25.55640983581543,9.947969436645508,147.9752113358884,0.7609581288323279,739.5330594003201,8226.846581222266,0.00377359219923618,29.24739301835014
978,250,Prosopis',0,0,0,0,0,0,0,0.0,0.0,0.0,0.0,0.0,0.0,0.0,0.0
978,250,Prunus',0,0,24,0,0,0,0,18.32828140258789,9.340706825256348,5.6200473878202555,0.6511462219232719,607.7289913785457,13589.23336619796,0.001431412579029795,32.007358305589136
978,250,Pseudotsuga',0,0,0,0,0,0,0,0.0,0.0,0.0,0.0,0.0,0.0,0.0,0.0
978,250,Quercus',0,20,53,28,0,0,0,35.180511474609375,15.882147789001465,67.7058747731432,3.4807760187362855,4818.822507036924,86695.83755073673,0.011683158630669217,198.26253842792252
978,250,Robinia',0,0,0,0,0,0,0,0.0,0.0,0.0,0.0,0.0,0.0,0.0,0.0
978,250,Salix',0,656,183,0,0,0,0,16.388248443603516,9.97152328491211,245.2829907127196,2.646715726314664,2071.5587381976843,14487.175798503302,0.008134448952965652,43.30940349580908
978,250,Sassafras',0,0,35,0,0,0,0,16.72262954711914,13.905232429504395,5.771058175382734,0.7862887212802334,893.6597076773644,19982.838551191766,0.002068988025188446,46.26397868954396
978,250,Sequoia',0,0,0,0,0,0,0,0.0,0.0,0.0,0.0,0.0,0.0,0.0,0.0
978,250,Sequoiadendron',0,0,0,0,0,0,0,0.0,0.0,0.0,0.0,0.0,0.0,0.0,0.0
978,250,Sorbus',0,0,0,0,0,0,0,0.0,0.0,0.0,0.0,0.0,0.0,0.0,0.0
978,250,Taxodium',0,0,0,0,0,0,0,0.0,0.0,0.0,0.0,0.0,0.0,0.0,0.0
978,250,Taxus',0,0,0,0,0,0,0,0.0,0.0,0.0,0.0,0.0,0.0,0.0,0.0
978,250,Thuja',0,0,0,0,0,0,0,0.0,0.0,0.0,0.0,0.0,0.0,0.0,0.0
978,250,Tilia',0,0,0,0,0,0,0,0.0,0.0,0.0,0.0,0.0,0.0,0.0,0.0
978,250,Torreya',0,0,0,0,0,0,0,0.0,0.0,0.0,0.0,0.0,0.0,0.0,0.0
978,250,Tsuga',0,0,0,0,0,0,0,0.0,0.0,0.0,0.0,0.0,0.0,0.0,0.0
978,250,Ulmus',0,0,19,0,0,0,0,14.118019104003906,6.386310577392578,19.908814037902445,0.18923153988375904,175.01253540039062,2869.639498018517,0.0006755151898413896,10.718710176652808
978,250,Umbellularia',0,0,0,0,0,0,0,0.0,0.0,0.0,0.0,0.0,0.0,0.0,0.0
978,260,Abies',0,0,0,0,0,0,0,0.0,0.0,0.0,0.0,0.0,0.0,0.0,0.0
978,260,Acer',0,1844,552,0,0,0,0,26.699073791503906,16.011432647705078,803.3789684786166,10.010224682193968,12662.22647915885,56128.896880016546,0.03970336784185406,140.6968183692528
978,260,Aesculus',0,0,0,0,0,0,0,0.0,0.0,0.0,0.0,0.0,0.0,0.0,0.0
978,260,Ailanthus',0,573,60,0,0,0,0,26.683929443359375,11.388448715209961,224.67453553659627,2.415823478699145,2547.6292013666034,17893.153514579066,0.008895713144693054,50.13841036810131
978,260,Alnus',0,43,6,0,0,0,0,13.631157875061035,8.348459243774414,15.83218007761089,0.10116339123734684,114.33688657671213,2187.7663109322575,0.0004819949967954319,8.390947536842951
978,260,Amelanchier',0,0,0,0,0,0,0,0.0,0.0,0.0,0.0,0.0,0.0,0.0,0.0
978,260,Arbutus',0,0,0,0,0,0,0,0.0,0.0,0.0,0.0,0.0,0.0,0.0,0.0
978,260,Asimina',0,0,0,0,0,0,0,0.0,0.0,0.0,0.0,0.0,0.0,0.0,0.0
978,260,Betula',0,205,217,16,0,0,0,30.72679901123047,13.900918006896973,192.81785147241018,5.167044898094864,6427.682653141916,46177.26614200524,0.01705945917246211,111.52184609787136
978,260,Calocedrus',0,0,0,0,0,0,0,0.0,0.0,0.0,0.0,0.0,0.0,0.0,0.0
978,260,Carpinus',0,0,0,0,0,0,0,0.0,0.0,0.0,0.0,0.0,0.0,0.0,0.0
978,260,Carya',0,12,61,0,0,0,0,18.378694534301758,16.333900451660156,33.97044675448272,1.2976152507507839,2267.992872992754,33575.129782162716,0.005529007552146905,78.14101080467472
978,260,Castanea',0,0,0,0,0,0,0,0.0,0.0,0.0,0.0,0.0,0.0,0.0,0.0
978,260,Catalpa',0,0,0,0,0,0,0,0.0,0.0,0.0,0.0,0.0,0.0,0.0,0.0
978,260,Celtis',0,112,51,0,0,0,0,14.902009010314941,8.938971519470215,76.74246782366232,0.9095187116617184,964.5311973452568,10634.767173416794,0.0032481530767138954,30.20760399938885
978,260,Cercis',0,0,0,0,0,0,0,0.0,0.0,0.0,0.0,0.0,0.0,0.0,0.0
978,260,Cercocarpus',0,0,0,0,0,0,0,0.0,0.0,0.0,0.0,0.0,0.0,0.0,0.0
978,260,Chamaecyparis',0,21,16,0,0,0,0,25.852109909057617,17.294422149658203,11.7865786626935,0.8732096164583603,880.0815433898568,19621.119858443184,0.0021259874230716434,47.11670047999702
978,260,Chilopsis',0,0,0,0,0,0,0,0.0,0.0,0.0,0.0,0.0,0.0,0.0,0.0
978,260,Chrysolepis',0,0,0,0,0,0,0,0.0,0.0,0.0,0.0,0.0,0.0,0.0,0.0
978,260,Cladrastis',0,0,0,0,0,0,0,0.0,0.0,0.0,0.0,0.0,0.0,0.0,0.0
978,260,Comus',0,0,0,0,0,0,0,0.0,0.0,0.0,0.0,0.0,0.0,0.0,0.0
978,260,Cornus',0,0,0,0,0,0,0,0.0,0.0,0.0,0.0,0.0,0.0,0.0,0.0
978,260,Crataegus',0,11,0,0,0,0,0,3.729238510131836,3.26958966255188,5.447973276995405,0.013019864288824767,23.801164050102233,532.2102075965306,0.00013131807761639295,2.936361482248484
978,260,Cupressus',0,0,0,0,0,0,0,0.0,0.0,0.0,0.0,0.0,0.0,0.0,0.0
978,260,Diospyros',0,0,0,0,0,0,0,0.0,0.0,0.0,0.0,0.0,0.0,0.0,0.0
978,260,Elaeagnus',0,401,37,0,0,0,0,8.106672286987305,4.499066352844238,124.96572763199292,0.48738199908670754,585.4250988930464,4644.4597452114385,0.003099895770278293,21.45122068031236
978,260,Fagus',0,0,0,0,0,0,0,0.0,0.0,0.0,0.0,0.0,0.0,0.0,0.0
978,260,Fraxinus',0,1234,525,14,0,0,0,35.554805755615234,14.817859649658203,518.3174599888675,9.669811430588428,10882.757787973136,46544.80694331699,0.03164537411612528,117.86257023971933
978,260,Gleditsia',0,25,27,0,0,0,0,8.117026329040527,5.984042644500732,22.245721447316903,0.17574051296982124,213.6389666748047,3681.5353745370294,0.0007949927738718654,12.70200914854377
978,260,Gordonia',0,0,0,0,0,0,0,0.0,0.0,0.0,0.0,0.0,0.0,0.0,0.0
978,260,Gymnocladus',0,0,0,0,0,0,0,0.0,0.0,0.0,0.0,0.0,0.0,0.0,0.0
978,260,Halesia',0,0,0,0,0,0,0,0.0,0.0,0.0,0.0,0.0,0.0,0.0,0.0
978,260,Ilex',0,0,20,4,0,0,0,30.60065269470215,11.904183387756348,18.409809246063233,0.6508241288814857,732.3261843681336,11704.218195110136,0.0018933109286824851,30.402271043234922
978,260,Juglans',0,0,31,0,0,0,0,9.692357063293457,5.663806915283203,10.37894964595384,0.22931354147945043,146.34425453424453,3272.357012551036,0.0004746202082186937,10.612830490721263
978,260,Juniperus',0,16,36,0,0,0,0,11.131640434265137,9.141881942749023,16.964204363822937,0.3762986717353989,364.26356150627134,7436.525976141587,0.0010545131047926713,19.680452451885888
978,260,Larix',0,0,0,0,0,0,0,0.0,0.0,0.0,0.0,0.0,0.0,0.0,0.0
978,260,Liquidambar',0,0,0,0,0,0,0,0.0,0.0,0.0,0.0,0.0,0.0,0.0,0.0
978,260,Liriodendron',0,1458,621,18,0,0,0,36.323455810546875,14.744667053222656,724.6440735228264,13.781407177334762,11628.831444036663,44478.88447947018,0.03627350176493131,114.27288236422629
978,260,Lithocarpus',0,0,0,0,0,0,0,0.0,0.0,0.0,0.0,0.0,0.0,0.0,0.0
978,260,Maclura',0,35,95,0,0,0,0,26.069568634033203,10.923141479492188,64.53109079523931,2.2780920493879098,3581.86300511837,35006.82156851756,0.008888656444545865,84.89562033621874
978,260,Magnolia',0,15,1,0,0,0,0,11.949433326721191,6.400877475738525,15.835157361211655,0.08206106857467345,79.78763701438903,1433.8866665335927,0.00040526174163818166,7.263157147586154
978,260,Malus',0,0,0,0,0,0,0,0.0,0.0,0.0,0.0,0.0,0.0,0.0,0.0
978,260,Morus',0,67,0,0,0,0,0,7.700621128082275,5.6602702140808105,15.598708203038836,0.15729285808501509,158.1646694496274,2821.055854551706,0.0005760291037038038,9.299971603910821
978,260,Nyssa',0,0,0,0,0,0,0,0.0,0.0,0.0,0.0,0.0,0.0,0.0,0.0
978,260,Olneya',0,0,0,0,0,0,0,0.0,0.0,0.0,0.0,0.0,0.0,0.0,0.0
978,260,Ostrya',0,2,0,0,0,0,0,3.5700156688690186,4.192250728607178,0.4832277513003047,0.0029629330402802614,3.8277464735507967,85.5910131549466,1.5462435208260996e-05,0.3457505622335711
978,260,Oxydendron',0,0,0,0,0,0,0,0.0,0.0,0.0,0.0,0.0,0.0,0.0,0.0
978,260,Paulownia',0,240,58,0,0,0,0,11.70341682434082,5.741093635559082,89.43600380486701,0.6387048046310191,382.1006685593724,3185.615151374984,0.002136593540942767,16.417185722870762
978,260,Persea',0,0,0,0,0,0,0,0.0,0.0,0.0,0.0,0.0,0.0,0.0,0.0
978,260,Picea',0,0,0,0,0,0,0,0.0,0.0,0.0,0.0,0.0,0.0,0.0,0.0
978,260,Pinus',0,624,510,64,14,0,0,55.46000289916992,26.004377365112305,364.3885406735539,22.527825771007222,27704.312035558523,149767.22981249302,0.0668285279930301,343.0921485134312
978,260,Planera',0,0,0,0,0,0,0,0.0,0.0,0.0,0.0,0.0,0.0,0.0,0.0
978,260,Platanus',0,94,0,0,0,0,0,4.822475910186768,2.7166175842285156,75.5281145512303,0.16168091694044182,241.43313009262084,3026.2850532653415,0.0016237872240580508,20.371513803180797
978,260,Populus',0,295,0,0,0,0,0,7.214057445526123,5.384610652923584,121.29800466844173,0.4052577438750107,419.5176550737024,2881.44631047156,0.002678413618347148,18.875560621456344
978,260,Prosopis',0,0,0,0,0,0,0,0.0,0.0,0.0,0.0,0.0,0.0,0.0,0.0
978,260,Prunus',0,0,24,0,0,0,0,19.999290466308594,9.97236156463623,12.50928801449039,0.7752900545370561,762.1755660700799,17042.763765220687,0.0018738016389012126,41.899478409336936
978,260,Pseudotsuga',0,0,0,0,0,0,0,0.0,0.0,0.0,0.0,0.0,0.0,0.0,0.0
978,260,Quercus',0,108,10,33,0,0,0,36.16785430908203,16.18597984313965,66.80093465019253,3.785705391417317,5347.001580660642,93175.18571916831,0.012843862981177966,209.92691069359023
978,260,Robinia',0,0,0,0,0,0,0,0.0,0.0,0.0,0.0,0.0,0.0,0.0,0.0
978,260,Salix',0,576,193,0,0,0,0,16.884916305541992,8.42343807220459,247.20500465623937,2.3473814335097027,1761.3008789294959,9527.403830835816,0.007472655378512802,34.346809002739256
978,260,Sassafras',0,6,35,0,0,0,0,18.60899543762207,14.78707504272461,6.7216804604741585,0.9767061773437511,1159.927723401785,25849.05795333111,0.002674379519857494,59.21086497675304
978,260,Sequoia',0,0,0,0,0,0,0,0.0,0.0,0.0,0.0,0.0,0.0,0.0,0.0
978,260,Sequoiadendron',0,0,0,0,0,0,0,0.0,0.0,0.0,0.0,0.0,0.0,0.0,0.0
978,260,Sorbus',0,0,0,0,0,0,0,0.0,0.0,0.0,0.0,0.0,0.0,0.0,0.0
978,260,Taxodium',0,0,0,0,0,0,0,0.0,0.0,0.0,0.0,0.0,0.0,0.0,0.0
978,260,Taxus',0,0,0,0,0,0,0,0.0,0.0,0.0,0.0,0.0,0.0,0.0,0.0
978,260,Thuja',0,0,0,0,0,0,0,0.0,0.0,0.0,0.0,0.0,0.0,0.0,0.0
978,260,Tilia',0,0,0,0,0,0,0,0.0,0.0,0.0,0.0,0.0,0.0,0.0,0.0
978,260,Torreya',0,0,0,0,0,0,0,0.0,0.0,0.0,0.0,0.0,0.0,0.0,0.0
978,260,Tsuga',0,0,0,0,0,0,0,0.0,0.0,0.0,0.0,0.0,0.0,0.0,0.0
978,260,Ulmus',0,26,19,0,0,0,0,19.956600189208984,8.262219429016113,37.27133184671402,0.4691215377408062,447.28992150068285,6402.830949953261,0.001530519123777745,20.124945469076565
978,260,Umbellularia',0,0,0,0,0,0,0,0.0,0.0,0.0,0.0,0.0,0.0,0.0,0.0
978,270,Abies',0,0,0,0,0,0,0,0.0,0.0,0.0,0.0,0.0,0.0,0.0,0.0
978,270,Acer',0,1460,492,6,0,0,0,30.449932098388672,17.49306869506836,668.2069730037185,8.571065873247157,10628.793591882884,47906.21180698221,0.03323875177507054,122.91626667929489
978,270,Aesculus',0,0,0,0,0,0,0,0.0,0.0,0.0,0.0,0.0,0.0,0.0,0.0
978,270,Ailanthus',0,441,204,8,0,0,0,31.39833641052246,12.632349967956543,211.24590693536814,3.2149436144204446,3346.2827836689353,24942.24537560393,0.010477186196934173,64.33138519953464
978,270,Alnus',0,29,0,0,0,0,0,3.818431854248047,3.598297357559204,11.682110135502452,0.02968092307534793,38.95145233809948,851.5203168427742,0.00025472925009276007,5.5671233060156435
978,270,Amelanchier',0,0,0,0,0,0,0,0.0,0.0,0.0,0.0,0.0,0.0,0.0,0.0
978,270,Arbutus',0,0,0,0,0,0,0,0.0,0.0,0.0,0.0,0.0,0.0,0.0,0.0
978,270,Asimina',0,0,0,0,0,0,0,0.0,0.0,0.0,0.0,0.0,0.0,0.0,0.0
978,270,Betula',0,163,265,4,0,0,0,37.27000045776367,14.011445999145508,185.3448003436191,4.275128600050002,5196.1652508533,32500.46015471947,0.014215175405004991,81.69643660161856
978,270,Calocedrus',0,0,0,0,0,0,0,0.0,0.0,0.0,0.0,0.0,0.0,0.0,0.0
978,270,Carpinus',0,0,0,0,0,0,0,0.0,0.0,0.0,0.0,0.0,0.0,0.0,0.0
978,270,Carya',0,0,74,0,0,0,0,22.779769897460938,16.934547424316406,33.38704626582845,1.6335642834819861,2929.5309761703015,40353.39397123344,0.006990693908274145,93.23471812239562
978,270,Castanea',0,0,0,0,0,0,0,0.0,0.0,0.0,0.0,0.0,0.0,0.0,0.0
978,270,Catalpa',0,31,0,0,0,0,0,5.532427787780762,3.7859272956848145,12.093360371227504,0.07519485630333342,59.77114899158478,1336.5235223845164,0.0003069154147692067,6.862837307664892
978,270,Celtis',0,20,61,0,0,0,0,20.297996520996094,11.26294994354248,52.01563898143888,0.7367611373062064,803.4289535784721,8573.882900069222,0.0025341917552128487,25.890052425591318
978,270,Cercis',0,0,0,0,0,0,0,0.0,0.0,0.0,0.0,0.0,0.0,0.0,0.0
978,270,Cercocarpus',0,0,0,0,0,0,0,0.0,0.0,0.0,0.0,0.0,0.0,0.0,0.0
978,270,Chamaecyparis',0,0,0,16,0,0,0,29.73686981201172,18.491472244262695,13.996560442447661,1.1528915934077149,1223.4115262627602,27356.31337180304,0.002920864716966955,65.31252060218812
978,270,Chilopsis',0,0,0,0,0,0,0,0.0,0.0,0.0,0.0,0.0,0.0,0.0,0.0
978,270,Chrysolepis',0,0,0,0,0,0,0,0.0,0.0,0.0,0.0,0.0,0.0,0.0,0.0
978,270,Cladrastis',0,0,0,0,0,0,0,0.0,0.0,0.0,0.0,0.0,0.0,0.0,0.0
978,270,Comus',0,0,0,0,0,0,0,0.0,0.0,0.0,0.0,0.0,0.0,0.0,0.0
978,270,Cornus',0,0,0,0,0,0,0,0.0,0.0,0.0,0.0,0.0,0.0,0.0,0.0
978,270,Crataegus',0,14,11,0,0,0,0,8.300779342651367,5.0106587409973145,19.946509833577313,0.10074909656022163,142.90828370571137,2260.783808925742,0.0006047150500193231,9.6805550529995
978,270,Cupressus',0,0,0,0,0,0,0,0.0,0.0,0.0,0.0,0.0,0.0,0.0,0.0
978,270,Diospyros',0,0,0,0,0,0,0,0.0,0.0,0.0,0.0,0.0,0.0,0.0,0.0
978,270,Elaeagnus',0,293,47,0,0,0,0,10.098644256591797,5.055394172668457,132.3254091151153,0.6761254341657503,722.6183884036541,5185.346321290579,0.0035107164043146353,23.1548684774777
978,270,Fagus',0,33,0,0,0,0,0,1.153849720954895,2.0192666053771973,0.0,0.0035384962074379903,7.628657995462418,170.58197854951518,1.695257254410535e-05,0.3790710460211555
978,270,Fraxinus',0,1246,443,9,0,0,0,32.087913513183594,15.658926963806152,534.7011167089206,8.337164835600808,9735.615416679084,47608.5855506816,0.029332020858314805,119.31886192158348
978,270,Gleditsia',0,34,0,0,0,0,0,6.178802013397217,4.940202236175537,15.523762795366817,0.09032055881189195,115.27326872944832,1879.731034579468,0.0004796360170580414,7.5805603934930454
978,270,Gordonia',0,0,0,0,0,0,0,0.0,0.0,0.0,0.0,0.0,0.0,0.0,0.0
978,270,Gymnocladus',0,0,0,0,0,0,0,0.0,0.0,0.0,0.0,0.0,0.0,0.0,0.0
978,270,Halesia',0,0,0,0,0,0,0,0.0,0.0,0.0,0.0,0.0,0.0,0.0,0.0
978,270,Ilex',0,0,20,0,0,0,0,17.819671630859375,8.713764190673828,7.637191274166107,0.5047772616312743,510.9338560080528,11424.828340400889,0.0012457235643665034,27.855225710968373
978,270,Juglans',0,0,0,0,0,0,0,0.0,0.0,0.0,0.0,0.0,0.0,0.0,0.0
978,270,Juniperus',0,0,53,0,0,0,0,14.448314666748047,11.11058235168457,19.283382392525674,0.6960789863655109,720.3568960529566,13996.27840718587,0.0018793307309200515,34.59700098279229
978,270,Larix',0,0,0,0,0,0,0,0.0,0.0,0.0,0.0,0.0,0.0,0.0,0.0
978,270,Liquidambar',0,0,0,0,0,0,0,0.0,0.0,0.0,0.0,0.0,0.0,0.0,0.0
978,270,Liriodendron',0,1639,827,20,0,0,0,32.729496002197266,13.692748069763184,849.6335588838857,17.475346351146168,14776.31990732372,52810.62918162806,0.045067213704079165,133.47276526503856
978,270,Lithocarpus',0,0,0,0,0,0,0,0.0,0.0,0.0,0.0,0.0,0.0,0.0,0.0
978,270,Maclura',0,59,72,0,0,0,0,21.885759353637695,9.877644538879395,42.11708338388913,2.1663683639507534,3369.407613178492,38298.62574648048,0.008093871318399948,89.82246414170278
978,270,Magnolia',0,0,16,0,0,0,0,25.386768341064453,11.062281608581543,23.35475421027292,0.2622652240727857,255.96081592798234,4120.852748865431,0.000905006458312273,14.347143165957908
978,270,Malus',0,0,0,0,0,0,0,0.0,0.0,0.0,0.0,0.0,0.0,0.0,0.0
978,270,Morus',0,38,28,0,0,0,0,10.874238014221191,7.163031578063965,19.825721912180317,0.38008432705468415,370.63185038149356,6341.7602874084205,0.0011090286477170963,18.427711093782964
978,270,Nyssa',0,0,0,0,0,0,0,0.0,0.0,0.0,0.0,0.0,0.0,0.0,0.0
978,270,Olneya',0,0,0,0,0,0,0,0.0,0.0,0.0,0.0,0.0,0.0,0.0,0.0
978,270,Ostrya',0,2,0,0,0,0,0,6.395404815673828,6.041600704193115,1.9693156925937796,0.009508623939571435,15.633972218036652,349.5862463787261,6.309155264496797e-05,1.4107700052015386
978,270,Oxydendron',0,0,0,0,0,0,0,0.0,0.0,0.0,0.0,0.0,0.0,0.0,0.0
978,270,Paulownia',0,140,70,0,0,0,0,15.14155387878418,6.844295024871826,108.13703432962109,0.8779399721555928,509.78449094831944,4892.144946189321,0.002689547115131988,21.564161271271423
978,270,Persea',0,0,0,0,0,0,0,0.0,0.0,0.0,0.0,0.0,0.0,0.0,0.0
978,270,Picea',0,0,0,0,0,0,0,0.0,0.0,0.0,0.0,0.0,0.0,0.0,0.0
978,270,Pinus',0,573,678,67,22,0,0,61.0,26.964174270629883,414.22575772881504,26.21469717016767,32717.3007865423,171607.91170308887,0.07868837478209441,392.9110718351328
978,270,Planera',0,0,0,0,0,0,0,0.0,0.0,0.0,0.0,0.0,0.0,0.0,0.0
978,270,Platanus',0,134,0,0,0,0,0,7.812616348266602,3.565401077270508,126.56655021106138,0.2815966201449791,410.5302742433548,4276.8320353806075,0.0027342852960527105,28.547218047358545
978,270,Populus',0,494,22,0,0,0,0,8.505228042602539,4.461501598358154,209.071405892838,0.8607467410043216,800.0307424549759,4566.486020451275,0.004787545144706499,27.879136319716487
978,270,Prosopis',0,0,0,0,0,0,0,0.0,0.0,0.0,0.0,0.0,0.0,0.0,0.0
978,270,Prunus',0,10,24,0,0,0,0,21.910961151123047,10.67634391784668,17.050829820240597,0.9670135824572273,978.525663125515,21165.459055915195,0.0024199576680622773,50.15260109309909
978,270,Pseudotsuga',0,0,0,0,0,0,0,0.0,0.0,0.0,0.0,0.0,0.0,0.0,0.0
978,270,Quercus',0,3,10,33,0,0,0,37.1605224609375,16.486722946166992,30.99979060077214,4.01742725644729,5800.551697533727,100821.0506396631,0.013336374237064266,227.966134190807
978,270,Robinia',0,0,0,0,0,0,0,0.0,0.0,0.0,0.0,0.0,0.0,0.0,0.0
978,270,Salix',0,848,147,0,0,0,0,16.435009002685547,8.280482292175293,267.71011497495294,2.3992964601758744,1835.9685850128533,10320.24746711083,0.007933766053933177,35.910371484861486
978,270,Sassafras',0,0,35,0,0,0,0,20.412172317504883,15.5579195022583,12.14676381006271,1.1715244582087696,1455.2951438575983,32541.388689909436,0.0034088484439998862,76.22416845778092
978,270,Sequoia',0,0,0,0,0,0,0,0.0,0.0,0.0,0.0,0.0,0.0,0.0,0.0
978,270,Sequoiadendron',0,0,0,0,0,0,0,0.0,0.0,0.0,0.0,0.0,0.0,0.0,0.0
978,270,Sorbus',0,0,0,0,0,0,0,0.0,0.0,0.0,0.0,0.0,0.0,0.0,0.0
978,270,Taxodium',0,0,0,0,0,0,0,0.0,0.0,0.0,0.0,0.0,0.0,0.0,0.0
978,270,Taxus',0,0,0,0,0,0,0,0.0,0.0,0.0,0.0,0.0,0.0,0.0,0.0
978,270,Thuja',0,0,0,0,0,0,0,0.0,0.0,0.0,0.0,0.0,0.0,0.0,0.0
978,270,Tilia',0,0,0,0,0,0,0,0.0,0.0,0.0,0.0,0.0,0.0,0.0,0.0
978,270,Torreya',0,0,0,0,0,0,0,0.0,0.0,0.0,0.0,0.0,0.0,0.0,0.0
978,270,Tsuga',0,0,0,0,0,0,0,0.0,0.0,0.0,0.0,0.0,0.0,0.0,0.0
978,270,Ulmus',0,55,19,0,0,0,0,24.576906204223633,9.66080379486084,38.631259823524495,0.8496003810191088,811.8030389320851,10698.57255715337,0.0023601251792945022,28.433968914509897
978,270,Umbellularia',0,0,0,0,0,0,0,0.0,0.0,0.0,0.0,0.0,0.0,0.0,0.0
978,280,Abies',0,0,0,0,0,0,0,0.0,0.0,0.0,0.0,0.0,0.0,0.0,0.0
978,280,Acer',0,1668,578,19,0,0,0,33.83485794067383,18.73349380493164,793.7031658038591,10.205429680212792,12753.128604129703,56778.481669112545,0.0397660841117533,140.29657312326177
978,280,Aesculus',0,0,0,0,0,0,0,0.0,0.0,0.0,0.0,0.0,0.0,0.0,0.0
978,280,Ailanthus',0,576,74,0,0,0,0,19.194509506225586,9.126541137695312,164.0033611518484,1.6617478231697156,1734.738471069038,12891.453344638743,0.006215893886239266,38.269303487190236
978,280,Alnus',0,17,0,0,0,0,0,1.434286117553711,2.196885108947754,0.0,0.002753157530391954,3.8301825284957887,85.64548499948599,8.511517038568854e-06,0.19032330689887647
978,280,Amelanchier',0,0,0,0,0,0,0,0.0,0.0,0.0,0.0,0.0,0.0,0.0,0.0
978,280,Arbutus',0,0,0,0,0,0,0,0.0,0.0,0.0,0.0,0.0,0.0,0.0,0.0
978,280,Asimina',0,0,0,0,0,0,0,0.0,0.0,0.0,0.0,0.0,0.0,0.0,0.0
978,280,Betula',0,190,147,2,0,0,0,44.30595397949219,15.445453643798828,197.20206413842453,3.2126516678052375,4297.939093146324,32977.973638030555,0.012389809172948827,82.00964949765415
978,280,Calocedrus',0,0,0,0,0,0,0,0.0,0.0,0.0,0.0,0.0,0.0,0.0,0.0
978,280,Carpinus',0,0,0,0,0,0,0,0.0,0.0,0.0,0.0,0.0,0.0,0.0,0.0
978,280,Carya',0,0,74,0,0,0,0,26.57967185974121,17.470151901245117,29.24832268040391,1.994822707184925,3673.2658969652653,47904.2790924257,0.0085838589185774,109.6418683510207
978,280,Castanea',0,0,0,0,0,0,0,0.0,0.0,0.0,0.0,0.0,0.0,0.0,0.0
978,280,Catalpa',0,0,31,0,0,0,0,8.403668403625488,4.989991664886475,15.741849813280224,0.17349798715049045,124.15113046169282,2776.103671957898,0.0005025040700286626,11.236332595544047
978,280,Celtis',0,35,23,0,0,0,0,26.900972366333008,13.832518577575684,26.442762643476073,0.3149025581672637,402.4729732036591,6495.191997990023,0.0012750426319800298,19.077214780445498
978,280,Cercis',0,0,0,0,0,0,0,0.0,0.0,0.0,0.0,0.0,0.0,0.0,0.0
978,280,Cercocarpus',0,0,0,0,0,0,0,0.0,0.0,0.0,0.0,0.0,0.0,0.0,0.0
978,280,Chamaecyparis',0,0,0,0,0,0,0,0.0,0.0,0.0,0.0,0.0,0.0,0.0,0.0
978,280,Chilopsis',0,0,0,0,0,0,0,0.0,0.0,0.0,0.0,0.0,0.0,0.0,0.0
978,280,Chrysolepis',0,0,0,0,0,0,0,0.0,0.0,0.0,0.0,0.0,0.0,0.0,0.0
978,280,Cladrastis',0,0,0,0,0,0,0,0.0,0.0,0.0,0.0,0.0,0.0,0.0,0.0
978,280,Comus',0,0,0,0,0,0,0,0.0,0.0,0.0,0.0,0.0,0.0,0.0,0.0
978,280,Cornus',0,0,0,0,0,0,0,0.0,0.0,0.0,0.0,0.0,0.0,0.0,0.0
978,280,Crataegus',0,0,0,0,0,0,0,0.0,0.0,0.0,0.0,0.0,0.0,0.0,0.0
978,280,Cupressus',0,0,0,0,0,0,0,0.0,0.0,0.0,0.0,0.0,0.0,0.0,0.0
978,280,Diospyros',0,0,0,0,0,0,0,0.0,0.0,0.0,0.0,0.0,0.0,0.0,0.0
978,280,Elaeagnus',0,183,38,0,0,0,0,14.939213752746582,6.1373724937438965,70.2032915413191,0.9872411214542295,862.5154596099258,8400.695862658753,0.002927316362684592,25.055724947064782
978,280,Fagus',0,0,0,0,0,0,0,0.0,0.0,0.0,0.0,0.0,0.0,0.0,0.0
978,280,Fraxinus',0,980,628,0,0,0,0,23.097652435302734,12.384556770324707,539.856939697756,8.581167937848644,9404.420587548613,39318.40266420138,0.028670252839275333,103.72625886453707
978,280,Gleditsia',0,22,12,0,0,0,0,10.710029602050781,7.312844753265381,22.75714677157281,0.14272271470626685,197.1433100450039,3487.2097725695003,0.0007656980196945416,12.568453289495114
978,280,Gordonia',0,0,0,0,0,0,0,0.0,0.0,0.0,0.0,0.0,0.0,0.0,0.0
978,280,Gymnocladus',0,38,0,0,0,0,0,4.956048011779785,3.6475586891174316,11.335287435522561,0.07392415886789866,78.14934305787087,1747.4724347434917,0.0003368429557085005,7.532037467061487
978,280,Halesia',0,15,0,0,0,0,0,1.854403018951416,2.631603717803955,1.8917630471383466,0.0042565167409094,5.671601130366326,126.82085668763779,3.983653848152632e-05,0.8907720803297914
978,280,Ilex',0,0,20,0,0,0,0,20.482975006103516,9.493592262268066,6.264110679626465,0.6669395308016209,701.5969478988648,15688.184683082172,0.0016495858221451372,36.88586033036384
978,280,Juglans',0,0,0,0,0,0,0,0.0,0.0,0.0,0.0,0.0,0.0,0.0,0.0
978,280,Juniperus',0,0,36,0,0,0,0,17.2393798828125,12.653139114379883,5.78466909468174,0.8505728757647824,947.1255730253458,21178.371645130846,0.002188279847492754,48.93142492786599
978,280,Larix',0,0,0,0,0,0,0,0.0,0.0,0.0,0.0,0.0,0.0,0.0,0.0
978,280,Liquidambar',0,0,0,0,0,0,0,0.0,0.0,0.0,0.0,0.0,0.0,0.0,0.0
978,280,Liriodendron',0,1341,1020,35,0,0,0,35.026676177978516,14.371079444885254,853.27815694145,19.15733222796743,16320.103672066927,59539.85184628763,0.04855031077401338,147.84110049951119
978,280,Lithocarpus',0,0,0,0,0,0,0,0.0,0.0,0.0,0.0,0.0,0.0,0.0,0.0
978,280,Maclura',0,75,82,0,0,0,0,24.5233211517334,10.553422927856445,59.862903458408155,2.1670126804636753,3422.791211402416,38050.19924026052,0.00846796272415666,89.71521715901162
978,280,Magnolia',0,0,15,1,0,0,0,34.90789031982422,13.796378135681152,24.31327647800687,0.47714508859116944,437.0850768852234,7223.032985925166,0.001321303274035454,21.51967405809171
978,280,Malus',0,0,0,0,0,0,0,0.0,0.0,0.0,0.0,0.0,0.0,0.0,0.0
978,280,Morus',0,35,67,0,0,0,0,13.374604225158691,8.242571830749512,19.815153054940172,0.662451460607663,655.5821182762087,10149.039973751198,0.001742099291447537,24.865467011126473
978,280,Nyssa',0,0,0,0,0,0,0,0.0,0.0,0.0,0.0,0.0,0.0,0.0,0.0
978,280,Olneya',0,0,0,0,0,0,0,0.0,0.0,0.0,0.0,0.0,0.0,0.0,0.0
978,280,Ostrya',0,2,0,0,0,0,0,4.371856212615967,4.75282096862793,1.5037427106990087,0.004443378733840895,8.501852915287017,190.10721053286588,4.054021728038782e-05,0.906506816615599
978,280,Oxydendron',0,0,0,0,0,0,0,0.0,0.0,0.0,0.0,0.0,0.0,0.0,0.0
978,280,Paulownia',0,139,26,0,0,0,0,9.41254711151123,4.95869255065918,62.42518624738801,0.2986057158678786,205.1787254804373,2006.5128084889338,0.0013545979649566531,12.493732432439984
978,280,Persea',0,0,0,0,0,0,0,0.0,0.0,0.0,0.0,0.0,0.0,0.0,0.0
978,280,Picea',0,0,0,0,0,0,0,0.0,0.0,0.0,0.0,0.0,0.0,0.0,0.0
978,280,Pinus',0,392,780,50,27,0,0,61.0,27.78045082092285,419.22455985769625,27.093615357286833,33401.64673211381,175881.0722439331,0.08028134677521426,401.4593975343245
978,280,Planera',0,0,0,0,0,0,0,0.0,0.0,0.0,0.0,0.0,0.0,0.0,0.0
978,280,Platanus',0,100,0,0,0,0,0,7.8071465492248535,3.563868761062622,59.680373249929154,0.21223734795855687,252.47749665498733,3543.3067138414035,0.0014201932339742707,19.467607376771046
978,280,Populus',0,355,65,0,0,0,0,9.544912338256836,6.1307148933410645,158.84430992664602,0.787156284306069,704.8172034074366,5228.107131317825,0.0038529125361148886,25.599343275024033
978,280,Prosopis',0,0,0,0,0,0,0,0.0,0.0,0.0,0.0,0.0,0.0,0.0,0.0
978,280,Prunus',0,0,24,0,0,0,0,22.772546768188477,10.987261772155762,13.196834022108511,1.005213336880502,1046.5984294974803,23402.65233500906,0.002515750062257023,56.25388153606086
978,280,Pseudotsuga',0,0,0,0,0,0,0,0.0,0.0,0.0,0.0,0.0,0.0,0.0,0.0
978,280,Quercus',0,168,10,33,0,0,0,38.01262664794922,17.386432647705078,115.07493358435508,4.638771696361797,6853.092879252434,108204.71342410962,0.016885662898952228,246.20919327866855
978,280,Robinia',0,0,0,0,0,0,0,0.0,0.0,0.0,0.0,0.0,0.0,0.0,0.0
978,280,Salix',0,825,160,0,0,0,0,22.32965660095215,9.995524406433105,280.8775643523358,2.769396697408442,2086.4841855332256,12282.866951770446,0.008680020202557783,39.694437277600855
978,280,Sassafras',0,0,0,0,0,0,0,0.0,0.0,0.0,0.0,0.0,0.0,0.0,0.0
978,280,Sequoia',0,0,0,0,0,0,0,0.0,0.0,0.0,0.0,0.0,0.0,0.0,0.0
978,280,Sequoiadendron',0,0,0,0,0,0,0,0.0,0.0,0.0,0.0,0.0,0.0,0.0,0.0
978,280,Sorbus',0,0,0,0,0,0,0,0.0,0.0,0.0,0.0,0.0,0.0,0.0,0.0
978,280,Taxodium',0,0,0,0,0,0,0,0.0,0.0,0.0,0.0,0.0,0.0,0.0,0.0
978,280,Taxus',0,0,0,0,0,0,0,0.0,0.0,0.0,0.0,0.0,0.0,0.0,0.0
978,280,Thuja',0,0,0,0,0,0,0,0.0,0.0,0.0,0.0,0.0,0.0,0.0,0.0
978,280,Tilia',0,0,0,0,0,0,0,0.0,0.0,0.0,0.0,0.0,0.0,0.0,0.0
978,280,Torreya',0,0,0,0,0,0,0,0.0,0.0,0.0,0.0,0.0,0.0,0.0,0.0
978,280,Tsuga',0,0,0,0,0,0,0,0.0,0.0,0.0,0.0,0.0,0.0,0.0,0.0
978,280,Ulmus',0,49,67,8,0,0,0,28.693037033081055,10.846294403076172,42.91908534644524,1.3878333946736623,1356.3247937345504,16265.316248985564,0.0036318991943281313,41.25707512641856
978,280,Umbellularia',0,0,0,0,0,0,0,0.0,0.0,0.0,0.0,0.0,0.0,0.0,0.0
978,290,Abies',0,0,0,0,0,0,0,0.0,0.0,0.0,0.0,0.0,0.0,0.0,0.0
978,290,Acer',0,1593,513,19,0,0,0,37.09424591064453,19.847341537475586,778.6894839091956,9.95352307608453,13242.621242308616,65575.8009116238,0.04063771484854629,159.91195005400547
978,290,Aesculus',0,11,0,0,0,0,0,5.241912841796875,3.4298534393310547,9.819233598588387,0.024688545062615454,27.92724228858948,624.4721218139332,0.00020341386146098482,4.548472217924815
978,290,Ailanthus',0,314,131,0,0,0,0,25.233430862426758,10.979012489318848,187.2622479342773,2.94207840019577,2987.797838152349,21775.232692964295,0.009335294883600413,57.2208291529586
978,290,Alnus',0,17,0,0,0,0,0,2.0023159980773926,2.540691375732422,0.0,0.005365679232270493,6.232518889904022,139.36335908876922,1.3850041902624069e-05,0.30969635185487954
978,290,Amelanchier',0,16,0,0,0,0,0,2.105832576751709,2.6953811645507812,2.4961086249426945,0.005711910700400886,11.334965363144875,253.4575307459756,6.112168268300592e-05,1.3667223737837297
978,290,Arbutus',0,0,0,0,0,0,0,0.0,0.0,0.0,0.0,0.0,0.0,0.0,0.0
978,290,Asimina',0,0,0,0,0,0,0,0.0,0.0,0.0,0.0,0.0,0.0,0.0,0.0
978,290,Betula',0,199,156,13,2,0,0,50.879459381103516,16.59857940673828,185.9856294991472,3.6166454794010146,4954.058906779886,37306.05180058619,0.01368638649826334,90.89010871022245
978,290,Calocedrus',0,0,0,0,0,0,0,0.0,0.0,0.0,0.0,0.0,0.0,0.0,0.0
978,290,Carpinus',0,0,0,0,0,0,0,0.0,0.0,0.0,0.0,0.0,0.0,0.0,0.0
978,290,Carya',0,0,52,8,0,0,0,30.12311363220215,17.996244430541992,22.93394352061839,2.1824647979045158,4178.96523252964,56353.00835524896,0.009616736400544649,128.88556648713714
978,290,Castanea',0,0,0,0,0,0,0,0.0,0.0,0.0,0.0,0.0,0.0,0.0,0.0
978,290,Catalpa',0,0,31,0,0,0,0,10.725008010864258,5.9229021072387695,15.247307408459577,0.2825868030738754,196.27263327360154,4388.789501226602,0.0006556548662036591,14.66088850609912
978,290,Celtis',0,132,21,0,0,0,0,12.441089630126953,7.806502819061279,48.01271298923824,0.603264208167766,575.7796328490973,6457.843184765179,0.001970679987035682,19.983830538316965
978,290,Cercis',0,0,0,0,0,0,0,0.0,0.0,0.0,0.0,0.0,0.0,0.0,0.0
978,290,Cercocarpus',0,0,0,0,0,0,0,0.0,0.0,0.0,0.0,0.0,0.0,0.0,0.0
978,290,Chamaecyparis',0,21,0,0,0,0,0,6.751864433288574,7.326972961425781,17.89081144452095,0.07741013620202962,86.19972199559211,1913.7390045872573,0.00044997776374965906,9.975866787883843
978,290,Chilopsis',0,0,0,0,0,0,0,0.0,0.0,0.0,0.0,0.0,0.0,0.0,0.0
978,290,Chrysolepis',0,0,0,0,0,0,0,0.0,0.0,0.0,0.0,0.0,0.0,0.0,0.0
978,290,Cladrastis',0,0,0,0,0,0,0,0.0,0.0,0.0,0.0,0.0,0.0,0.0,0.0
978,290,Comus',0,0,0,0,0,0,0,0.0,0.0,0.0,0.0,0.0,0.0,0.0,0.0
978,290,Cornus',0,0,0,0,0,0,0,0.0,0.0,0.0,0.0,0.0,0.0,0.0,0.0
978,290,Crataegus',0,35,0,0,0,0,0,0.5,1.5990383625030518,0.0,0.0006990043654237293,4.874660390615463,109.00072000641954,1.0832578130066393e-05,0.2422238107040629
978,290,Cupressus',0,0,0,0,0,0,0,0.0,0.0,0.0,0.0,0.0,0.0,0.0,0.0
978,290,Diospyros',0,0,0,0,0,0,0,0.0,0.0,0.0,0.0,0.0,0.0,0.0,0.0
978,290,Elaeagnus',0,319,48,0,0,0,0,13.56289005279541,5.864153861999512,124.52883803203135,0.8410082627015272,845.8632782578469,6872.892934816508,0.003672357957740789,26.9787223636669
978,290,Fagus',0,0,0,0,0,0,0,0.0,0.0,0.0,0.0,0.0,0.0,0.0,0.0
978,290,Fraxinus',0,1320,671,3,0,0,0,29.360450744628906,13.226235389709473,621.5809074647818,10.654921261171316,12030.73018734634,47220.39730853347,0.035682958377926136,120.41004609033676
978,290,Gleditsia',0,10,12,0,0,0,0,15.81707763671875,9.718828201293945,13.07075619320326,0.26106639534016746,350.5514086890221,7418.8340486775005,0.0009671639466807189,19.31718624727256
978,290,Gordonia',0,0,0,0,0,0,0,0.0,0.0,0.0,0.0,0.0,0.0,0.0,0.0
978,290,Gymnocladus',0,70,0,0,0,0,0,7.059005260467529,4.568796157836914,15.309030509824993,0.15802862836171988,155.8231650185585,3129.164779945925,0.0005666556996330582,10.613180670094566
978,290,Halesia',0,0,0,0,0,0,0,0.0,0.0,0.0,0.0,0.0,0.0,0.0,0.0
978,290,Ilex',0,0,20,0,0,0,0,22.561357498168945,10.05637264251709,3.3101498460769654,0.8091533639779476,873.8191586351395,19539.190387498562,0.0019896336515347265,44.4895609515276
978,290,Juglans',0,0,0,0,0,0,0,0.0,0.0,0.0,0.0,0.0,0.0,0.0,0.0
978,290,Juniperus',0,0,0,0,0,0,0,0.0,0.0,0.0,0.0,0.0,0.0,0.0,0.0
978,290,Larix',0,0,0,0,0,0,0,0.0,0.0,0.0,0.0,0.0,0.0,0.0,0.0
978,290,Liquidambar',0,0,0,0,0,0,0,0.0,0.0,0.0,0.0,0.0,0.0,0.0,0.0
978,290,Liriodendron',0,1390,823,32,0,0,0,37.444419860839844,15.062291145324707,819.3704499620236,16.214231420369735,14323.668704101741,58484.60608914163,0.04362566791163801,144.3135084030671
978,290,Lithocarpus',0,0,0,0,0,0,0,0.0,0.0,0.0,0.0,0.0,0.0,0.0,0.0
978,290,Maclura',0,40,90,0,0,0,0,26.443668365478516,11.009798049926758,37.928149562470516,1.468017689266955,2313.265232895613,34171.7658143774,0.00568658611304686,78.41792337934831
978,290,Magnolia',0,0,15,1,0,0,0,44.13954162597656,16.069866180419922,22.802651747118066,0.7302665493979359,678.4909536385536,11207.628021754514,0.001836014561772354,30.022835506469114
978,290,Malus',0,0,0,0,0,0,0,0.0,0.0,0.0,0.0,0.0,0.0,0.0,0.0
978,290,Morus',0,51,38,0,0,0,0,10.880267143249512,7.165741443634033,20.51150694678101,0.44452799243804725,434.60471970558166,7791.439264888255,0.0012610628250111025,19.937715931247055
978,290,Nyssa',0,0,0,0,0,0,0,0.0,0.0,0.0,0.0,0.0,0.0,0.0,0.0
978,290,Olneya',0,0,0,0,0,0,0,0.0,0.0,0.0,0.0,0.0,0.0,0.0,0.0
978,290,Ostrya',0,0,2,0,0,0,0,13.763522148132324,9.508637428283691,13.555366691154768,0.044039336227664434,130.1782277107239,2910.8736635162263,0.0004844219872951501,10.83200493387496
978,290,Oxydendron',0,0,0,0,0,0,0,0.0,0.0,0.0,0.0,0.0,0.0,0.0,0.0
978,290,Paulownia',0,266,0,0,0,0,0,5.921424865722656,3.688530445098877,68.8530987397402,0.24066381392192585,197.06328964471817,1611.3395065538532,0.0014290970265385566,12.724547483838368
978,290,Persea',0,0,0,0,0,0,0,0.0,0.0,0.0,0.0,0.0,0.0,0.0,0.0
978,290,Picea',0,0,0,0,0,0,0,0.0,0.0,0.0,0.0,0.0,0.0,0.0,0.0
978,290,Pinus',0,304,832,46,25,0,0,56.33156967163086,28.445701599121094,429.0218279311061,28.668790382157646,34987.41587992162,168068.12198817328,0.08394679456513517,384.87250238978095
978,290,Planera',0,0,0,0,0,0,0,0.0,0.0,0.0,0.0,0.0,0.0,0.0,0.0
978,290,Platanus',0,32,0,0,0,0,0,4.436244487762451,2.6053519248962402,23.98699248138862,0.050327484415880155,76.46102191448212,1709.7204262988462,0.0005152194627523495,11.520657420451755
978,290,Populus',0,157,5,0,0,0,0,9.318079948425293,4.747928619384766,51.20567918012413,0.2085469252946309,196.58423567652702,1992.619901803794,0.0011739880570548159,12.754963275127091
978,290,Prosopis',0,0,0,0,0,0,0,0.0,0.0,0.0,0.0,0.0,0.0,0.0,0.0
978,290,Prunus',0,0,0,0,0,0,0,0.0,0.0,0.0,0.0,0.0,0.0,0.0,0.0
978,290,Pseudotsuga',0,0,0,0,0,0,0,0.0,0.0,0.0,0.0,0.0,0.0,0.0,0.0
978,290,Quercus',0,77,29,44,0,0,0,40.511009216308594,18.303449630737305,72.89655126254014,5.108302602764844,7552.516736354232,115123.01819756598,0.017832756922349476,262.3018750826577
978,290,Robinia',0,0,0,0,0,0,0,0.0,0.0,0.0,0.0,0.0,0.0,0.0,0.0
978,290,Salix',0,504,174,0,0,0,0,14.569619178771973,7.664640426635742,160.60722931370702,2.3837443268706333,1737.3580536931754,12388.376737936369,0.006172826009247457,37.423872990662794
978,290,Sassafras',0,33,0,0,0,0,0,2.5,3.8899528980255127,0.0,0.01619883712007259,16.97827649116516,379.64580375032006,3.772950230631977e-05,0.8436573191416543
978,290,Sequoia',0,0,0,0,0,0,0,0.0,0.0,0.0,0.0,0.0,0.0,0.0,0.0
978,290,Sequoiadendron',0,0,0,0,0,0,0,0.0,0.0,0.0,0.0,0.0,0.0,0.0,0.0
978,290,Sorbus',0,0,0,0,0,0,0,0.0,0.0,0.0,0.0,0.0,0.0,0.0,0.0
978,290,Taxodium',0,0,0,0,0,0,0,0.0,0.0,0.0,0.0,0.0,0.0,0.0,0.0
978,290,Taxus',0,0,0,0,0,0,0,0.0,0.0,0.0,0.0,0.0,0.0,0.0,0.0
978,290,Thuja',0,0,0,0,0,0,0,0.0,0.0,0.0,0.0,0.0,0.0,0.0,0.0
978,290,Tilia',0,0,0,0,0,0,0,0.0,0.0,0.0,0.0,0.0,0.0,0.0,0.0
978,290,Torreya',0,0,0,0,0,0,0,0.0,0.0,0.0,0.0,0.0,0.0,0.0,0.0
978,290,Tsuga',0,0,0,0,0,0,0,0.0,0.0,0.0,0.0,0.0,0.0,0.0,0.0
978,290,Ulmus',0,46,57,8,0,0,0,32.00135803222656,11.759666442871094,57.42176879008736,1.7885480166378405,1850.3746386906505,21697.145116118947,0.0049385617945678535,53.06763187690247
978,290,Umbellularia',0,0,0,0,0,0,0,0.0,0.0,0.0,0.0,0.0,0.0,0.0,0.0
978,300,Abies',0,0,0,0,0,0,0,0.0,0.0,0.0,0.0,0.0,0.0,0.0,0.0
978,300,Acer',0,1664,646,19,0,0,0,40.15210723876953,20.82517433166504,914.768808251011,11.826861404113231,15637.26759031348,71168.78697309339,0.04791808862688055,173.6565890010407
978,300,Aesculus',0,0,0,0,0,0,0,0.0,0.0,0.0,0.0,0.0,0.0,0.0,0.0
978,300,Ailanthus',0,457,113,0,0,0,0,18.066293716430664,8.75229549407959,202.81209668262468,2.0079069931510616,2069.917454022467,17024.843742561497,0.007519409388357075,48.28349018543257
978,300,Alnus',0,0,17,0,0,0,0,8.646479606628418,6.124466896057129,12.741726399222506,0.1000548429904288,94.16781045198441,2105.6562546295236,0.00039268603612482595,8.780726705900486
978,300,Amelanchier',0,33,0,0,0,0,0,4.901137828826904,4.27062463760376,10.893068745543685,0.0635412561040235,86.67077219605446,1938.0173829277587,0.0003494135033711791,7.813123457943071
978,300,Arbutus',0,0,0,0,0,0,0,0.0,0.0,0.0,0.0,0.0,0.0,0.0,0.0
978,300,Asimina',0,0,0,0,0,0,0,0.0,0.0,0.0,0.0,0.0,0.0,0.0,0.0
978,300,Betula',0,212,155,17,2,0,0,57.95587158203125,17.666810989379883,217.65135173839104,5.13709982767759,7141.240400331617,47626.74078583631,0.019002635358398783,115.80290275242093
978,300,Calocedrus',0,0,0,0,0,0,0,0.0,0.0,0.0,0.0,0.0,0.0,0.0,0.0
978,300,Carpinus',0,0,0,0,0,0,0,0.0,0.0,0.0,0.0,0.0,0.0,0.0,0.0
978,300,Carya',0,31,33,0,0,0,0,20.52374267578125,18.459447860717773,11.786435029080396,1.1160487611164855,2237.742526665628,49107.15294807787,0.005142433687016435,109.9869700903462
978,300,Castanea',0,34,0,0,0,0,0,3.1000421047210693,2.217501640319824,14.019824671971644,0.026055286521204306,42.057850190401076,940.4421201323992,0.0002952850488983053,6.6027744207596015
978,300,Catalpa',0,31,0,0,0,0,0,2.435133218765259,2.421992301940918,7.326835140208654,0.014474925653439392,20.190322410464287,451.46933397435237,0.000150341246953232,3.361732480095065
978,300,Celtis',0,36,80,0,0,0,0,15.4417724609375,9.181113243103027,25.282375067472454,0.975768998960638,907.4135195219517,10981.550944226117,0.0023804283557236324,28.346965249117886
978,300,Cercis',0,0,0,0,0,0,0,0.0,0.0,0.0,0.0,0.0,0.0,0.0,0.0
978,300,Cercocarpus',0,0,0,0,0,0,0,0.0,0.0,0.0,0.0,0.0,0.0,0.0,0.0
978,300,Chamaecyparis',0,0,21,0,0,0,0,12.04679012298584,10.959829330444336,12.925492601394653,0.24736644934594657,201.3032998752594,4408.427921131553,0.0006340422120243263,13.715638185602694
978,300,Chilopsis',0,0,0,0,0,0,0,0.0,0.0,0.0,0.0,0.0,0.0,0.0,0.0
978,300,Chrysolepis',0,0,0,0,0,0,0,0.0,0.0,0.0,0.0,0.0,0.0,0.0,0.0
978,300,Cladrastis',0,0,0,0,0,0,0,0.0,0.0,0.0,0.0,0.0,0.0,0.0,0.0
978,300,Comus',0,0,0,0,0,0,0,0.0,0.0,0.0,0.0,0.0,0.0,0.0,0.0
978,300,Cornus',0,0,0,0,0,0,0,0.0,0.0,0.0,0.0,0.0,0.0,0.0,0.0
978,300,Crataegus',0,0,0,0,0,0,0,0.0,0.0,0.0,0.0,0.0,0.0,0.0,0.0
978,300,Cupressus',0,0,0,0,0,0,0,0.0,0.0,0.0,0.0,0.0,0.0,0.0,0.0
978,300,Diospyros',0,0,0,0,0,0,0,0.0,0.0,0.0,0.0,0.0,0.0,0.0,0.0
978,300,Elaeagnus',0,288,8,0,0,0,0,23.451053619384766,7.370995998382568,114.58976939509185,0.5811914394448233,654.1764192962646,5821.374782924331,0.0031033087807469965,22.657513209780312
978,300,Fagus',0,0,0,0,0,0,0,0.0,0.0,0.0,0.0,0.0,0.0,0.0,0.0
978,300,Fraxinus',0,1314,719,3,0,0,0,35.36967849731445,13.989655494689941,713.2655279630724,12.674550665574168,14124.848601872922,50146.08430957704,0.04165640634735016,128.8661077424692
978,300,Gleditsia',0,0,10,0,0,0,0,8.087449073791504,5.968445301055908,12.950656119781202,0.055480038626634295,87.34505445957184,1953.094792700238,0.00038053200557827953,8.508954320873626
978,300,Gordonia',0,0,0,0,0,0,0,0.0,0.0,0.0,0.0,0.0,0.0,0.0,0.0
978,300,Gymnocladus',0,31,0,0,0,0,0,5.823824882507324,4.032881736755371,3.730216640743273,0.08449668585010535,74.67508024901151,1669.785556620408,0.0002196431559808568,4.911370275657872
978,300,Halesia',0,0,0,0,0,0,0,0.0,0.0,0.0,0.0,0.0,0.0,0.0,0.0
978,300,Ilex',0,0,20,0,0,0,0,24.77161407470703,10.614068031311035,8.288351838588714,0.9754589555444473,1098.5627747511865,24564.610418944107,0.0025609712428649343,57.26505787468096
978,300,Juglans',0,0,0,0,0,0,0,0.0,0.0,0.0,0.0,0.0,0.0,0.0,0.0
978,300,Juniperus',0,8,0,0,0,0,0,1.980475664138794,2.8482987880706787,1.2428836393356322,0.0026862435562806293,4.2179480028152465,94.31618459854234,2.7325981691169138e-05,0.6110275261336909
978,300,Larix',0,0,0,0,0,0,0,0.0,0.0,0.0,0.0,0.0,0.0,0.0,0.0
978,300,Liquidambar',0,0,0,0,0,0,0,0.0,0.0,0.0,0.0,0.0,0.0,0.0,0.0
978,300,Liriodendron',0,1745,568,57,0,0,0,40.373409271240234,15.869524002075195,856.7404603592673,18.18118958262077,16628.009772662073,69512.89440401783,0.04928438757557268,167.5784639908203
978,300,Lithocarpus',0,0,0,0,0,0,0,0.0,0.0,0.0,0.0,0.0,0.0,0.0,0.0
978,300,Maclura',0,54,49,15,0,0,0,28.572385787963867,11.483078956604004,36.01905117212216,1.846082504731831,2973.9436991733314,42568.30621744627,0.007127278013963201,97.79966592695709
978,300,Magnolia',0,29,15,0,1,0,0,53.24104690551758,17.998815536499023,28.37567761729035,0.9674131167088553,947.8944311285019,14776.538497604226,0.0025149157280698383,36.88941128568712
978,300,Malus',0,0,0,0,0,0,0,0.0,0.0,0.0,0.0,0.0,0.0,0.0,0.0
978,300,Morus',0,75,50,0,0,0,0,12.505483627319336,7.877226829528809,36.17801794570081,0.6364552835100502,664.1370547798276,11017.004554340367,0.0019966627602912676,29.452153563916607
978,300,Nyssa',0,0,0,0,0,0,0,0.0,0.0,0.0,0.0,0.0,0.0,0.0,0.0
978,300,Olneya',0,0,0,0,0,0,0,0.0,0.0,0.0,0.0,0.0,0.0,0.0,0.0
978,300,Ostrya',0,0,2,0,0,0,0,18.517478942871094,10.995564460754395,11.854813943935346,0.07971596565155017,167.76037107467653,3751.2359365357015,0.0005434574497938148,12.15207800617642
978,300,Oxydendron',0,0,0,0,0,0,0,0.0,0.0,0.0,0.0,0.0,0.0,0.0,0.0
978,300,Paulownia',0,200,26,0,0,0,0,8.50667667388916,4.638354301452637,56.0669196078766,0.27918011205054843,191.8493897049129,2014.1558790344834,0.0012334464214665347,11.84141357724683
978,300,Persea',0,0,0,0,0,0,0,0.0,0.0,0.0,0.0,0.0,0.0,0.0,0.0
978,300,Picea',0,0,0,0,0,0,0,0.0,0.0,0.0,0.0,0.0,0.0,0.0,0.0
978,300,Pinus',0,339,809,80,25,0,0,61.0,29.027103424072266,411.450095410347,33.42212672122731,40582.93515402913,181558.98580365666,0.09612746845241492,414.4546493372644
978,300,Planera',0,0,0,0,0,0,0,0.0,0.0,0.0,0.0,0.0,0.0,0.0,0.0
978,300,Platanus',0,27,0,0,0,0,0,0.9172272086143494,1.574065923690796,2.4922229113835317,0.0018025532599526065,11.842571023106576,264.8079383603561,6.219375896733254e-05,1.3906947282719235
978,300,Populus',0,380,15,0,0,0,0,20.50543785095215,8.432230949401855,129.44072725793603,0.8348414041639509,695.1914616110921,4731.994343983924,0.0034082410784820236,21.189652364815114
978,300,Prosopis',0,0,0,0,0,0,0,0.0,0.0,0.0,0.0,0.0,0.0,0.0,0.0
978,300,Prunus',0,10,0,0,0,0,0,5.652286529541016,4.646433353424072,5.157722023468983,0.02559401332374543,21.57850341796875,482.5100049528978,0.00012220050131902152,2.7324862783388175
978,300,Pseudotsuga',0,0,0,0,0,0,0,0.0,0.0,0.0,0.0,0.0,0.0,0.0,0.0
978,300,Quercus',0,96,21,33,0,0,0,43.46861267089844,19.146106719970703,54.970254317586175,4.633741807216661,7233.61373134166,121049.31361864619,0.01686602520500093,272.3448957148174
978,300,Robinia',0,0,0,0,0,0,0,0.0,0.0,0.0,0.0,0.0,0.0,0.0,0.0
978,300,Salix',0,688,83,0,0,0,0,19.180156707763672,11.162128448486328,243.53813845098392,1.628087605253995,1377.5089881137014,6750.950702079445,0.006566997851019498,29.632458659062237
978,300,Sassafras',0,0,0,0,0,0,0,0.0,0.0,0.0,0.0,0.0,0.0,0.0,0.0
978,300,Sequoia',0,0,0,0,0,0,0,0.0,0.0,0.0,0.0,0.0,0.0,0.0,0.0
978,300,Sequoiadendron',0,0,0,0,0,0,0,0.0,0.0,0.0,0.0,0.0,0.0,0.0,0.0
978,300,Sorbus',0,0,0,0,0,0,0,0.0,0.0,0.0,0.0,0.0,0.0,0.0,0.0
978,300,Taxodium',0,0,0,0,0,0,0,0.0,0.0,0.0,0.0,0.0,0.0,0.0,0.0
978,300,Taxus',0,0,0,0,0,0,0,0.0,0.0,0.0,0.0,0.0,0.0,0.0,0.0
978,300,Thuja',0,0,0,0,0,0,0,0.0,0.0,0.0,0.0,0.0,0.0,0.0,0.0
978,300,Tilia',0,0,0,0,0,0,0,0.0,0.0,0.0,0.0,0.0,0.0,0.0,0.0
978,300,Torreya',0,0,0,0,0,0,0,0.0,0.0,0.0,0.0,0.0,0.0,0.0,0.0
978,300,Tsuga',0,0,0,0,0,0,0,0.0,0.0,0.0,0.0,0.0,0.0,0.0,0.0
978,300,Ulmus',0,15,16,8,0,0,0,34.81343078613281,12.509437561035156,23.992300510783735,1.1131725424340222,1190.6501989853382,20738.637423241616,0.0029912717649396583,48.73526118724058
978,300,Umbellularia',0,0,0,0,0,0,0,0.0,0.0,0.0,0.0,0.0,0.0,0.0,0.0
978,310,Abies',0,0,0,0,0,0,0,0.0,0.0,0.0,0.0,0.0,0.0,0.0,0.0
978,310,Acer',0,1739,550,19,0,0,0,42.96021270751953,21.669431686401367,807.0397098777414,11.769516345095928,15916.675742970407,79228.18768893978,0.0469881755774577,189.1473454257813
978,310,Aesculus',0,0,0,0,0,0,0,0.0,0.0,0.0,0.0,0.0,0.0,0.0,0.0
978,310,Ailanthus',0,523,110,0,0,0,0,19.347190856933594,9.17647647857666,154.77359354354533,1.5951061629012309,1615.0899375000597,11843.592142457772,0.005817140592886585,36.90570641960766
978,310,Alnus',0,17,0,0,0,0,0,0.9724280834197998,1.9126261472702026,0.8582041219254082,0.0012655358638462746,2.9788821807503703,66.60983053120636,1.8974062875844395e-05,0.4242729439974323
978,310,Amelanchier',0,0,0,0,0,0,0,0.0,0.0,0.0,0.0,0.0,0.0,0.0,0.0
978,310,Arbutus',0,0,0,0,0,0,0,0.0,0.0,0.0,0.0,0.0,0.0,0.0,0.0
978,310,Asimina',0,0,0,0,0,0,0,0.0,0.0,0.0,0.0,0.0,0.0,0.0,0.0
978,310,Betula',0,248,161,17,1,0,0,61.452415466308594,18.136260986328125,177.52614181205817,5.139380452252681,7146.428496207893,52710.950920229014,0.018436540083759962,124.43733629574979
978,310,Calocedrus',0,0,0,0,0,0,0,0.0,0.0,0.0,0.0,0.0,0.0,0.0,0.0
978,310,Carpinus',0,0,0,0,0,0,0,0.0,0.0,0.0,0.0,0.0,0.0,0.0,0.0
978,310,Carya',0,63,33,0,0,0,0,21.221553802490234,18.858694076538086,22.475871291907527,1.2920186391014827,2557.1559376472237,53557.50659937934,0.006006121340937913,120.61755192828187
978,310,Castanea',0,34,0,0,0,0,0,4.574068546295166,2.645099401473999,25.92763535395453,0.05672388992565226,75.8256563794613,1695.5132210301679,0.0005417441766764893,12.113768054632793
978,310,Catalpa',0,2,0,0,0,0,0,1.336633563041687,1.9213920831680298,0.0,0.00031992593848192036,0.536665027141571,12.000194818353226,1.1925889598205684e-06,0.02666709983374552
978,310,Celtis',0,38,57,0,0,0,0,17.949918746948242,10.277702331542969,13.98278366821476,0.8212298946319209,831.7477424830198,13653.751612534435,0.0020496182689489786,32.42735517279796
978,310,Cercis',0,0,0,0,0,0,0,0.0,0.0,0.0,0.0,0.0,0.0,0.0,0.0
978,310,Cercocarpus',0,0,0,0,0,0,0,0.0,0.0,0.0,0.0,0.0,0.0,0.0,0.0
978,310,Chamaecyparis',0,0,21,0,0,0,0,16.92803955078125,13.643572807312012,12.400991921424865,0.4834343309707063,420.99505403995516,9413.735590245418,0.0011146700272262136,24.924779533593448
978,310,Chilopsis',0,0,0,0,0,0,0,0.0,0.0,0.0,0.0,0.0,0.0,0.0,0.0
978,310,Chrysolepis',0,0,0,0,0,0,0,0.0,0.0,0.0,0.0,0.0,0.0,0.0,0.0
978,310,Cladrastis',0,0,0,0,0,0,0,0.0,0.0,0.0,0.0,0.0,0.0,0.0,0.0
978,310,Comus',0,0,0,0,0,0,0,0.0,0.0,0.0,0.0,0.0,0.0,0.0,0.0
978,310,Cornus',0,0,0,0,0,0,0,0.0,0.0,0.0,0.0,0.0,0.0,0.0,0.0
978,310,Crataegus',0,0,0,0,0,0,0,0.0,0.0,0.0,0.0,0.0,0.0,0.0,0.0
978,310,Cupressus',0,0,0,0,0,0,0,0.0,0.0,0.0,0.0,0.0,0.0,0.0,0.0
978,310,Diospyros',0,0,0,0,0,0,0,0.0,0.0,0.0,0.0,0.0,0.0,0.0,0.0
978,310,Elaeagnus',0,161,33,0,0,0,0,8.073927879333496,4.489294052124023,61.66290396187878,0.3058121723296598,329.7249094045162,3623.66583512433,0.0016203937950669716,15.08700333722195
978,310,Fagus',0,0,0,0,0,0,0,0.0,0.0,0.0,0.0,0.0,0.0,0.0,0.0
978,310,Fraxinus',0,1320,741,4,0,0,0,28.838348388671875,14.533534049987793,659.3279461234902,12.323858928461824,13491.775025702269,47358.84984255693,0.0394731145017116,121.07659300638858
978,310,Gleditsia',0,0,0,0,0,0,0,0.0,0.0,0.0,0.0,0.0,0.0,0.0,0.0
978,310,Gordonia',0,0,0,0,0,0,0,0.0,0.0,0.0,0.0,0.0,0.0,0.0,0.0
978,310,Gymnocladus',0,0,31,0,0,0,0,8.899735450744629,5.340871334075928,6.745039351001569,0.19732279317480675,176.36131036162377,3943.5587856952607,0.0004890125962346792,10.934654070344095
978,310,Halesia',0,0,0,0,0,0,0,0.0,0.0,0.0,0.0,0.0,0.0,0.0,0.0
978,310,Ilex',0,0,20,0,0,0,0,26.219873428344727,10.958086013793945,12.73762068748474,1.0928525533572042,1264.3158347988128,28270.96151639515,0.002993578542073565,66.93845116061132
978,310,Juglans',0,0,0,0,0,0,0,0.0,0.0,0.0,0.0,0.0,0.0,0.0,0.0
978,310,Juniperus',0,8,0,0,0,0,0,2.6774017810821533,3.376330852508545,0.6902436023950577,0.004909457018618083,4.591201570630074,102.66238810332561,2.0172855696330568e-05,0.4510787663728904
978,310,Larix',0,0,0,0,0,0,0,0.0,0.0,0.0,0.0,0.0,0.0,0.0,0.0
978,310,Liquidambar',0,0,0,0,0,0,0,0.0,0.0,0.0,0.0,0.0,0.0,0.0,0.0
978,310,Liriodendron',0,1508,716,56,0,0,0,42.701900482177734,16.488510131835938,830.2936744501319,17.9721069378948,16328.282719466686,69217.47112784206,0.04823761162317502,167.66388637130248
978,310,Lithocarpus',0,0,0,0,0,0,0,0.0,0.0,0.0,0.0,0.0,0.0,0.0,0.0
978,310,Maclura',0,21,71,15,0,0,0,30.2159481048584,11.826457977294922,32.66277611255645,2.3580330992651524,3824.0112596273425,50868.47147296728,0.008968001890331463,117.19728068832318
978,310,Magnolia',0,29,0,0,1,0,0,61.198429107666016,19.465106964111328,14.619287547620035,0.38073845318723054,549.1641028648615,10943.163857707445,0.0014308174871802335,27.985879619062505
978,310,Malus',0,0,0,0,0,0,0,0.0,0.0,0.0,0.0,0.0,0.0,0.0,0.0
978,310,Morus',0,82,0,0,0,0,0,4.590963840484619,4.029601097106934,10.730588360677789,0.08581166095160331,96.6127354979515,1642.2722315287851,0.00036916774505748847,7.037064502374076
978,310,Nyssa',0,0,0,0,0,0,0,0.0,0.0,0.0,0.0,0.0,0.0,0.0,0.0
978,310,Olneya',0,0,0,0,0,0,0,0.0,0.0,0.0,0.0,0.0,0.0,0.0,0.0
978,310,Ostrya',0,0,2,0,0,0,0,23.18810272216797,12.063658714294434,11.327151648605925,0.1250005787071542,236.1087708282471,5279.552616558742,0.0006877467837333682,15.378485597346401
978,310,Oxydendron',0,0,0,0,0,0,0,0.0,0.0,0.0,0.0,0.0,0.0,0.0,0.0
978,310,Paulownia',0,202,32,0,0,0,0,8.071267127990723,4.482114315032959,92.40720675810228,0.4701162663823523,313.27949165821076,2631.3004675620778,0.002026429718649937,16.212181518124844
978,310,Persea',0,0,0,0,0,0,0,0.0,0.0,0.0,0.0,0.0,0.0,0.0,0.0
978,310,Picea',0,0,0,0,0,0,0,0.0,0.0,0.0,0.0,0.0,0.0,0.0,0.0
978,310,Pinus',0,196,719,83,27,0,0,59.54580307006836,29.532665252685547,386.0929687511921,35.43047194793618,44437.24065739036,204784.30896354403,0.10432632196319427,467.6898652303464
978,310,Planera',0,0,0,0,0,0,0,0.0,0.0,0.0,0.0,0.0,0.0,0.0,0.0
978,310,Platanus',0,36,0,0,0,0,0,3.0909883975982666,2.214858055114746,14.014944403986386,0.02462486126535073,46.238799395561216,809.0768511100447,0.0003045057998858417,5.322626021601828
978,310,Populus',0,280,57,0,0,0,0,10.120911598205566,7.017552375793457,124.02433144400202,0.7993579575256049,661.381946875304,5527.294832156559,0.0032551368236918943,22.167859749514605
978,310,Prosopis',0,0,0,0,0,0,0,0.0,0.0,0.0,0.0,0.0,0.0,0.0,0.0
978,310,Prunus',0,37,10,0,0,0,0,8.411478042602539,5.876713752746582,14.715074685555468,0.08362234766217921,68.2993501663208,1083.2192315776945,0.00036360801233350766,6.001471479548486
978,310,Pseudotsuga',0,0,0,0,0,0,0,0.0,0.0,0.0,0.0,0.0,0.0,0.0,0.0
978,310,Quercus',0,136,21,33,0,0,0,46.29268264770508,19.912275314331055,84.8204489504989,5.350114770455462,8331.56128648162,129310.69760257372,0.019735617257304477,291.88880321996436
978,310,Robinia',0,0,0,0,0,0,0,0.0,0.0,0.0,0.0,0.0,0.0,0.0,0.0
978,310,Salix',0,895,134,0,0,0,0,24.799440383911133,10.963811874389648,256.08361471350054,2.5827568170988355,2070.7649223408102,11397.160041244524,0.00828816584547819,38.611012830573536
978,310,Sassafras',0,0,0,0,0,0,0,0.0,0.0,0.0,0.0,0.0,0.0,0.0,0.0
978,310,Sequoia',0,0,0,0,0,0,0,0.0,0.0,0.0,0.0,0.0,0.0,0.0,0.0
978,310,Sequoiadendron',0,0,0,0,0,0,0,0.0,0.0,0.0,0.0,0.0,0.0,0.0,0.0
978,310,Sorbus',0,0,0,0,0,0,0,0.0,0.0,0.0,0.0,0.0,0.0,0.0,0.0
978,310,Taxodium',0,0,0,0,0,0,0,0.0,0.0,0.0,0.0,0.0,0.0,0.0,0.0
978,310,Taxus',0,0,0,0,0,0,0,0.0,0.0,0.0,0.0,0.0,0.0,0.0,0.0
978,310,Thuja',0,0,0,0,0,0,0,0.0,0.0,0.0,0.0,0.0,0.0,0.0,0.0
978,310,Tilia',0,0,0,0,0,0,0,0.0,0.0,0.0,0.0,0.0,0.0,0.0,0.0
978,310,Torreya',0,0,0,0,0,0,0,0.0,0.0,0.0,0.0,0.0,0.0,0.0,0.0
978,310,Tsuga',0,0,0,0,0,0,0,0.0,0.0,0.0,0.0,0.0,0.0,0.0,0.0
978,310,Ulmus',0,46,16,0,0,0,0,18.40659523010254,7.776303768157959,33.20430734961093,0.49480452630923855,466.89057932913306,8836.778521013252,0.0015155290434546759,24.538660804894374
978,310,Umbellularia',0,0,0,0,0,0,0,0.0,0.0,0.0,0.0,0.0,0.0,0.0,0.0
978,320,Abies',0,0,0,0,0,0,0,0.0,0.0,0.0,0.0,0.0,0.0,0.0,0.0
978,320,Acer',0,1731,675,6,0,0,0,45.6414794921875,22.43035888671875,836.3064323207717,12.21851332037654,15986.826758791656,76454.34369805305,0.04756537753644831,183.27505153007468
978,320,Aesculus',0,0,0,0,0,0,0,0.0,0.0,0.0,0.0,0.0,0.0,0.0,0.0
978,320,Ailanthus',0,416,119,0,0,0,0,10.783337593078613,6.099180698394775,137.71374738197537,1.579094076749721,1476.0466357308626,8886.865220580981,0.0052625695311953186,28.37261894180367
978,320,Alnus',0,77,0,0,0,0,0,7.4900054931640625,5.554950714111328,37.505910343761684,0.17078291315316657,179.3581406927109,2474.2678767674042,0.0009384920572079711,12.502401204597097
978,320,Amelanchier',0,0,0,0,0,0,0,0.0,0.0,0.0,0.0,0.0,0.0,0.0,0.0
978,320,Arbutus',0,0,0,0,0,0,0,0.0,0.0,0.0,0.0,0.0,0.0,0.0,0.0
978,320,Asimina',0,0,0,0,0,0,0,0.0,0.0,0.0,0.0,0.0,0.0,0.0,0.0
978,320,Betula',0,261,137,8,1,0,0,66.51155853271484,18.754594802856445,160.75700986894626,4.473387618884468,6195.499638366104,45527.169234616784,0.01608196345553733,109.35399701696437
978,320,Calocedrus',0,0,0,0,0,0,0,0.0,0.0,0.0,0.0,0.0,0.0,0.0,0.0
978,320,Carpinus',0,0,0,0,0,0,0,0.0,0.0,0.0,0.0,0.0,0.0,0.0,0.0
978,320,Carya',0,57,31,0,0,0,0,9.985297203063965,7.607022762298584,18.75300262029035,0.32690634564740495,416.8236020663381,7024.733909290531,0.0011962345936601013,18.596903217246368
978,320,Castanea',0,34,0,0,0,0,0,5.306520938873291,2.8555312156677246,33.19562481928475,0.07634497072338893,97.76699431419372,2186.136452423733,0.0006951294582970399,15.543567219147969
978,320,Catalpa',0,0,2,0,0,0,0,11.653275489807129,6.286144256591797,9.519630368751814,0.02687735015074145,38.59348952293396,862.9766606220676,0.00022280367985367774,4.982041737899253
978,320,Celtis',0,33,0,0,0,0,0,7.61848783493042,5.4456000328063965,14.434541152153587,0.09836810725298127,100.06488619178533,1563.3868738492858,0.000430159644434227,6.869664791455451
978,320,Cercis',0,0,0,0,0,0,0,0.0,0.0,0.0,0.0,0.0,0.0,0.0,0.0
978,320,Cercocarpus',0,0,0,0,0,0,0,0.0,0.0,0.0,0.0,0.0,0.0,0.0,0.0
978,320,Chamaecyparis',0,32,21,0,0,0,0,21.132970809936523,15.540326118469238,14.432886210232972,0.7546297407299525,710.4713230450451,15837.513391989343,0.00178730015063926,39.62277498363204
978,320,Chilopsis',0,0,0,0,0,0,0,0.0,0.0,0.0,0.0,0.0,0.0,0.0,0.0
978,320,Chrysolepis',0,0,0,0,0,0,0,0.0,0.0,0.0,0.0,0.0,0.0,0.0,0.0
978,320,Cladrastis',0,0,0,0,0,0,0,0.0,0.0,0.0,0.0,0.0,0.0,0.0,0.0
978,320,Comus',0,0,0,0,0,0,0,0.0,0.0,0.0,0.0,0.0,0.0,0.0,0.0
978,320,Cornus',0,0,0,0,0,0,0,0.0,0.0,0.0,0.0,0.0,0.0,0.0,0.0
978,320,Crataegus',0,0,0,0,0,0,0,0.0,0.0,0.0,0.0,0.0,0.0,0.0,0.0
978,320,Cupressus',0,0,0,0,0,0,0,0.0,0.0,0.0,0.0,0.0,0.0,0.0,0.0
978,320,Diospyros',0,0,0,0,0,0,0,0.0,0.0,0.0,0.0,0.0,0.0,0.0,0.0
978,320,Elaeagnus',0,313,37,0,0,0,0,11.403350830078125,5.381956100463867,103.20688186755663,0.643679342684648,655.1620203894377,5139.146185666865,0.0029416360360346575,21.0323128071518
978,320,Fagus',0,0,0,0,0,0,0,0.0,0.0,0.0,0.0,0.0,0.0,0.0,0.0
978,320,Fraxinus',0,1382,602,0,0,0,0,25.507461547851562,11.057369232177734,621.2047086443893,10.872867531319798,11872.113286280333,45206.97283883309,0.03532506091710927,114.94172018898203
978,320,Gleditsia',0,29,0,0,0,0,0,2.305436849594116,2.7162859439849854,5.811749672210669,0.012189312012163766,22.516524642705917,503.484797181396,0.00013370008599944565,2.989624808923304
978,320,Gordonia',0,0,0,0,0,0,0,0.0,0.0,0.0,0.0,0.0,0.0,0.0,0.0
978,320,Gymnocladus',0,0,31,0,0,0,0,10.533790588378906,6.000515937805176,3.868203360728825,0.2764346127406491,247.62153466314078,5536.985841996053,0.0006059549984410327,13.549565678199313
978,320,Halesia',0,0,0,0,0,0,0,0.0,0.0,0.0,0.0,0.0,0.0,0.0,0.0
978,320,Ilex',0,0,20,0,0,0,0,27.91257667541504,11.33991527557373,6.225588581562042,1.238512082288264,1448.4631758618355,32388.62124132267,0.003308732258041707,73.98550248327693
978,320,Juglans',0,0,0,0,0,0,0,0.0,0.0,0.0,0.0,0.0,0.0,0.0,0.0
978,320,Juniperus',0,0,0,0,0,0,0,0.0,0.0,0.0,0.0,0.0,0.0,0.0,0.0
978,320,Larix',0,0,0,0,0,0,0,0.0,0.0,0.0,0.0,0.0,0.0,0.0,0.0
978,320,Liquidambar',0,0,0,0,0,0,0,0.0,0.0,0.0,0.0,0.0,0.0,0.0,0.0
978,320,Liriodendron',0,1399,973,44,0,0,0,44.44154357910156,16.93822479248047,910.3937696821138,19.804824680161218,17910.96579854548,73492.46306243204,0.05290777008301718,177.23214216146903
978,320,Lithocarpus',0,0,0,0,0,0,0,0.0,0.0,0.0,0.0,0.0,0.0,0.0,0.0
978,320,Maclura',0,30,69,15,0,0,0,31.777097702026367,12.135849952697754,51.70440717305563,2.456475420052574,4106.263024604917,56144.853102753295,0.009869342874787811,128.32872532220617
978,320,Magnolia',0,0,0,0,0,1,0,68.93559265136719,20.71883773803711,9.549023984353752,0.37323031269686807,629.9202980995178,14085.446069574522,0.0015372863650321953,34.374768130955566
978,320,Malus',0,0,0,0,0,0,0,0.0,0.0,0.0,0.0,0.0,0.0,0.0,0.0
978,320,Morus',0,70,0,0,0,0,0,7.690583229064941,5.655267238616943,16.16824423776397,0.2836756647055274,261.7866105210781,4302.419351886343,0.0008144988707713741,13.112585834767636
978,320,Nyssa',0,0,0,0,0,0,0,0.0,0.0,0.0,0.0,0.0,0.0,0.0,0.0
978,320,Olneya',0,0,0,0,0,0,0,0.0,0.0,0.0,0.0,0.0,0.0,0.0,0.0
978,320,Ostrya',0,0,2,0,0,0,0,26.966157913208008,12.715349197387695,12.097579044631765,0.16905177661159754,313.86204202651976,7018.16861528196,0.0008716225998401652,19.490073839677024
978,320,Oxydendron',0,0,0,0,0,0,0,0.0,0.0,0.0,0.0,0.0,0.0,0.0,0.0
978,320,Paulownia',0,265,28,0,0,0,0,15.441113471984863,6.936552047729492,106.9100985091321,0.738659495310325,447.45579541146753,3674.9927153300227,0.002533376457081167,19.381829389367716
978,320,Persea',0,0,0,0,0,0,0,0.0,0.0,0.0,0.0,0.0,0.0,0.0,0.0
978,320,Picea',0,0,0,0,0,0,0,0.0,0.0,0.0,0.0,0.0,0.0,0.0,0.0
978,320,Pinus',0,347,603,73,48,0,0,62.27156448364258,29.993343353271484,385.91734796732663,34.720504316402575,44242.45252324611,215655.2645352038,0.10389092304629127,491.91024954372955
978,320,Planera',0,0,0,0,0,0,0,0.0,0.0,0.0,0.0,0.0,0.0,0.0,0.0
978,320,Platanus',0,38,0,0,0,0,0,6.7226409912109375,3.258571147918701,19.954795743091196,0.06900690041354984,84.3573104929924,1253.668057079525,0.00047472106071561623,7.669116908702192
978,320,Populus',0,178,58,0,0,0,0,12.081393241882324,5.702060699462891,67.58454304990133,0.7568888471656186,547.9980329662561,5139.473688581537,0.0021906904226956007,19.116146647048783
978,320,Prosopis',0,0,0,0,0,0,0,0.0,0.0,0.0,0.0,0.0,0.0,0.0,0.0
978,320,Prunus',0,37,37,0,0,0,0,8.175334930419922,5.780010223388672,21.00133615015428,0.2242094591223331,165.99637698054315,2980.110288907085,0.0006712067233976051,10.994466883993661
978,320,Pseudotsuga',0,0,0,0,0,0,0,0.0,0.0,0.0,0.0,0.0,0.0,0.0,0.0
978,320,Quercus',0,129,81,29,5,0,0,49.02339172363281,20.61907958984375,96.6779464407812,6.275548469690015,9664.14889752388,137671.99310001748,0.022867619113176876,311.44558365549926
978,320,Robinia',0,0,0,0,0,0,0,0.0,0.0,0.0,0.0,0.0,0.0,0.0,0.0
978,320,Salix',0,721,116,8,0,0,0,31.687076568603516,13.191973686218262,232.4686657823622,2.6765763003529472,2170.0996705047787,15476.886612545195,0.008168959306354837,44.89221103880071
978,320,Sassafras',0,0,0,0,0,0,0,0.0,0.0,0.0,0.0,0.0,0.0,0.0,0.0
978,320,Sequoia',0,0,0,0,0,0,0,0.0,0.0,0.0,0.0,0.0,0.0,0.0,0.0
978,320,Sequoiadendron',0,0,0,0,0,0,0,0.0,0.0,0.0,0.0,0.0,0.0,0.0,0.0
978,320,Sorbus',0,0,0,0,0,0,0,0.0,0.0,0.0,0.0,0.0,0.0,0.0,0.0
978,320,Taxodium',0,0,0,0,0,0,0,0.0,0.0,0.0,0.0,0.0,0.0,0.0,0.0
978,320,Taxus',0,0,0,0,0,0,0,0.0,0.0,0.0,0.0,0.0,0.0,0.0,0.0
978,320,Thuja',0,0,0,0,0,0,0,0.0,0.0,0.0,0.0,0.0,0.0,0.0,0.0
978,320,Tilia',0,0,0,0,0,0,0,0.0,0.0,0.0,0.0,0.0,0.0,0.0,0.0
978,320,Torreya',0,0,0,0,0,0,0,0.0,0.0,0.0,0.0,0.0,0.0,0.0,0.0
978,320,Tsuga',0,0,0,0,0,0,0,0.0,0.0,0.0,0.0,0.0,0.0,0.0,0.0
978,320,Ulmus',0,23,0,0,0,0,0,25.741636276245117,10.001913070678711,13.235182291533373,0.07892142317769274,93.39981792271138,1489.630331789962,0.0003980829527974113,6.371506696700289
978,320,Umbellularia',0,0,0,0,0,0,0,0.0,0.0,0.0,0.0,0.0,0.0,0.0,0.0
978,330,Abies',0,0,0,0,0,0,0,0.0,0.0,0.0,0.0,0.0,0.0,0.0,0.0
978,330,Acer',0,1635,635,0,6,0,0,48.137451171875,23.101177215576172,847.3839482906733,10.931007012212365,14348.45185437955,68046.33029534304,0.044084011250699,165.51142613260464
978,330,Aesculus',0,0,0,0,0,0,0,0.0,0.0,0.0,0.0,0.0,0.0,0.0,0.0
978,330,Ailanthus',0,388,163,0,0,0,0,22.396503448486328,10.139405250549316,220.95575769679454,1.9503585678339743,1941.399132002592,10451.728098012463,0.007495001213025791,36.613865314681235
978,330,Alnus',0,35,37,0,0,0,0,9.08350658416748,6.334175109863281,8.932610172542589,0.24884879004692456,195.2595663997531,4045.649241139662,0.0005625000472289915,10.700218865056385
978,330,Amelanchier',0,36,0,0,0,0,0,2.4824187755584717,2.9250080585479736,0.0,0.017849698647875167,29.36308798789978,656.5786077025127,6.525130625814199e-05,1.4590635641386205
978,330,Arbutus',0,0,0,0,0,0,0,0.0,0.0,0.0,0.0,0.0,0.0,0.0,0.0
978,330,Asimina',0,0,0,0,0,0,0,0.0,0.0,0.0,0.0,0.0,0.0,0.0,0.0
978,330,Betula',0,205,219,4,0,1,0,71.15692901611328,19.26476287841797,154.31769880171439,5.145463531415053,7238.679163092673,54924.6896326463,0.01830744244879295,130.48467598661884
978,330,Calocedrus',0,0,0,0,0,0,0,0.0,0.0,0.0,0.0,0.0,0.0,0.0,0.0
978,330,Carpinus',0,0,0,0,0,0,0,0.0,0.0,0.0,0.0,0.0,0.0,0.0,0.0
978,330,Carya',0,89,1,0,0,0,0,10.133905410766602,9.33476448059082,22.959745638308267,0.20780943415316294,294.7332349459827,4845.813351052162,0.0009854810558464423,14.460402456492368
978,330,Castanea',0,0,0,0,0,0,0,0.0,0.0,0.0,0.0,0.0,0.0,0.0,0.0
978,330,Catalpa',0,24,0,0,0,0,0,3.354140281677246,2.8339319229125977,9.663636233610442,0.021453640974139352,26.671298843622207,596.3883726255095,0.00019838296515494358,4.4359779566442645
978,330,Celtis',0,40,33,0,0,0,0,11.780344009399414,7.49431848526001,41.147655459898935,0.3237023958286529,358.43260166406634,4428.223391728079,0.0013888602505754742,15.683677237001096
978,330,Cercis',0,0,0,0,0,0,0,0.0,0.0,0.0,0.0,0.0,0.0,0.0,0.0
978,330,Cercocarpus',0,0,0,0,0,0,0,0.0,0.0,0.0,0.0,0.0,0.0,0.0,0.0
978,330,Chamaecyparis',0,69,21,0,0,0,0,24.847209930419922,16.950439453125,32.61713006258011,1.1300844975269158,1117.0227015089988,23036.806021553148,0.002953409018352657,55.31513999733043
978,330,Chilopsis',0,0,0,0,0,0,0,0.0,0.0,0.0,0.0,0.0,0.0,0.0,0.0
978,330,Chrysolepis',0,0,0,0,0,0,0,0.0,0.0,0.0,0.0,0.0,0.0,0.0,0.0
978,330,Cladrastis',0,0,0,0,0,0,0,0.0,0.0,0.0,0.0,0.0,0.0,0.0,0.0
978,330,Comus',0,0,0,0,0,0,0,0.0,0.0,0.0,0.0,0.0,0.0,0.0,0.0
978,330,Cornus',0,0,0,0,0,0,0,0.0,0.0,0.0,0.0,0.0,0.0,0.0,0.0
978,330,Crataegus',0,0,0,0,0,0,0,0.0,0.0,0.0,0.0,0.0,0.0,0.0,0.0
978,330,Cupressus',0,0,0,0,0,0,0,0.0,0.0,0.0,0.0,0.0,0.0,0.0,0.0
978,330,Diospyros',0,0,0,0,0,0,0,0.0,0.0,0.0,0.0,0.0,0.0,0.0,0.0
978,330,Elaeagnus',0,123,0,0,0,0,0,7.0895562171936035,4.185403347015381,49.12063361723211,0.2391685808153142,254.3380483222008,2618.847380424518,0.0012723144732806804,12.98825699350105
978,330,Fagus',0,0,0,0,0,0,0,0.0,0.0,0.0,0.0,0.0,0.0,0.0,0.0
978,330,Fraxinus',0,868,549,10,0,0,0,28.37394142150879,11.849282264709473,428.10421766005925,10.486083129265511,11744.343557098657,53416.938049286575,0.03226133943718336,130.96404083879645
978,330,Gleditsia',0,23,0,0,0,0,0,1.5910329818725586,2.2850492000579834,2.5925919837966744,0.004692024266212599,10.203481855988503,228.15679037175977,5.999620704911694e-05,1.3415559735397729
978,330,Gordonia',0,0,0,0,0,0,0,0.0,0.0,0.0,0.0,0.0,0.0,0.0,0.0
978,330,Gymnocladus',0,0,0,0,0,0,0,0.0,0.0,0.0,0.0,0.0,0.0,0.0,0.0
978,330,Halesia',0,0,0,0,0,0,0,0.0,0.0,0.0,0.0,0.0,0.0,0.0,0.0
978,330,Ilex',0,0,0,20,0,0,0,29.288799285888672,11.635042190551758,9.658305449485779,1.3636519103762885,1628.4206821584703,36412.59341272912,0.0037582217100461516,84.03639218178776
978,330,Juglans',0,0,0,0,0,0,0,0.0,0.0,0.0,0.0,0.0,0.0,0.0,0.0
978,330,Juniperus',0,0,0,0,0,0,0,0.0,0.0,0.0,0.0,0.0,0.0,0.0,0.0
978,330,Larix',0,0,0,0,0,0,0,0.0,0.0,0.0,0.0,0.0,0.0,0.0,0.0
978,330,Liquidambar',0,0,0,0,0,0,0,0.0,0.0,0.0,0.0,0.0,0.0,0.0,0.0
978,330,Liriodendron',0,1827,912,38,0,0,0,37.6137580871582,15.10984992980957,1019.8075240741989,19.535939496140813,16895.555428312422,62886.49982119378,0.05222637439476144,156.34906341988943
978,330,Lithocarpus',0,0,0,0,0,0,0,0.0,0.0,0.0,0.0,0.0,0.0,0.0,0.0
978,330,Maclura',0,80,34,15,0,0,0,33.42338562011719,12.445332527160645,48.82048420890976,2.0438823845079095,3626.5912699651717,59486.111747417395,0.008761890150453836,135.47232138622172
978,330,Magnolia',0,0,0,0,0,1,0,76.53199005126953,21.804494857788086,10.87531786930712,0.4600191319400091,806.6074538230896,18036.29097906452,0.0019490172505378712,43.581350615224466
978,330,Malus',0,0,0,0,0,0,0,0.0,0.0,0.0,0.0,0.0,0.0,0.0,0.0
978,330,Morus',0,128,0,0,0,0,0,6.566809177398682,5.0847039222717285,26.56884260381324,0.16471143772741112,187.02493387579918,2195.7378424980084,0.0007980842236429503,8.981185992490317
978,330,Nyssa',0,0,0,0,0,0,0,0.0,0.0,0.0,0.0,0.0,0.0,0.0,0.0
978,330,Olneya',0,0,0,0,0,0,0,0.0,0.0,0.0,0.0,0.0,0.0,0.0,0.0
978,330,Ostrya',0,0,0,0,0,0,0,0.0,0.0,0.0,0.0,0.0,0.0,0.0,0.0
978,330,Oxydendron',0,0,0,0,0,0,0,0.0,0.0,0.0,0.0,0.0,0.0,0.0,0.0
978,330,Paulownia',0,197,29,0,0,0,0,17.260522842407227,7.484108924865723,85.42732390657632,0.7421543622002884,449.5227106764913,5735.364288873906,0.0022287131434793068,20.362114474204162
978,330,Persea',0,0,0,0,0,0,0,0.0,0.0,0.0,0.0,0.0,0.0,0.0,0.0
978,330,Picea',0,0,0,0,0,0,0,0.0,0.0,0.0,0.0,0.0,0.0,0.0,0.0
978,330,Pinus',0,464,748,45,48,0,0,64.73564910888672,30.379396438598633,483.072400406003,32.38297650417827,40251.464624212385,205690.27698666172,0.09642541192997088,468.9769336490733
978,330,Planera',0,0,0,0,0,0,0,0.0,0.0,0.0,0.0,0.0,0.0,0.0,0.0
978,330,Platanus',0,13,11,0,0,0,0,13.595070838928223,5.145079612731934,25.503630234470847,0.16679814991505584,160.5804960989952,2639.4867772002526,0.0007239844751134492,10.925332978571225
978,330,Populus',0,305,38,0,0,0,0,14.869028091430664,6.6346516609191895,163.3860524508017,1.0440766402507893,868.6343358945846,7539.280795230379,0.004282331508677467,28.959276927150054
978,330,Prosopis',0,0,0,0,0,0,0,0.0,0.0,0.0,0.0,0.0,0.0,0.0,0.0
978,330,Prunus',0,84,0,0,0,0,0,7.02363395690918,5.150364398956299,23.740944868495944,0.16759721482832413,156.02092906206846,2923.511660294539,0.000688477268048804,11.36396768048417
978,330,Pseudotsuga',0,0,0,0,0,0,0,0.0,0.0,0.0,0.0,0.0,0.0,0.0,0.0
978,330,Quercus',0,182,80,29,5,0,0,51.57793045043945,21.251344680786133,131.2440520553272,6.633568828359629,10406.455185276865,145197.26083309558,0.02501478736833675,329.0924412153315
978,330,Robinia',0,0,0,0,0,0,0,0.0,0.0,0.0,0.0,0.0,0.0,0.0,0.0
978,330,Salix',0,983,32,0,0,0,0,12.399558067321777,8.138836860656738,299.1957951358319,2.097287085251671,1599.2621630556882,6886.601166970579,0.007861005587655585,31.175622563718484
978,330,Sassafras',0,0,0,0,0,0,0,0.0,0.0,0.0,0.0,0.0,0.0,0.0,0.0
978,330,Sequoia',0,0,0,0,0,0,0,0.0,0.0,0.0,0.0,0.0,0.0,0.0,0.0
978,330,Sequoiadendron',0,0,0,0,0,0,0,0.0,0.0,0.0,0.0,0.0,0.0,0.0,0.0
978,330,Sorbus',0,0,0,0,0,0,0,0.0,0.0,0.0,0.0,0.0,0.0,0.0,0.0
978,330,Taxodium',0,0,0,0,0,0,0,0.0,0.0,0.0,0.0,0.0,0.0,0.0,0.0
978,330,Taxus',0,0,0,0,0,0,0,0.0,0.0,0.0,0.0,0.0,0.0,0.0,0.0
978,330,Thuja',0,0,0,0,0,0,0,0.0,0.0,0.0,0.0,0.0,0.0,0.0,0.0
978,330,Tilia',0,0,0,0,0,0,0,0.0,0.0,0.0,0.0,0.0,0.0,0.0,0.0
978,330,Torreya',0,0,0,0,0,0,0,0.0,0.0,0.0,0.0,0.0,0.0,0.0,0.0
978,330,Tsuga',0,0,0,0,0,0,0,0.0,0.0,0.0,0.0,0.0,0.0,0.0,0.0
978,330,Ulmus',0,0,23,0,0,0,0,42.21456527709961,14.371786117553711,24.545673375265505,0.21040195104739767,261.5863274872303,4133.873035704181,0.0009346515636891174,14.774753993888378
978,330,Umbellularia',0,0,0,0,0,0,0,0.0,0.0,0.0,0.0,0.0,0.0,0.0,0.0
978,340,Abies',0,0,0,0,0,0,0,0.0,0.0,0.0,0.0,0.0,0.0,0.0,0.0
978,340,Acer',0,1836,715,0,6,0,0,50.44715118408203,23.69135093688965,928.5627668242475,12.252007224637996,15673.103675958813,75023.50808000295,0.048196296091283654,180.39274725234262
978,340,Aesculus',0,0,0,0,0,0,0,0.0,0.0,0.0,0.0,0.0,0.0,0.0,0.0
978,340,Ailanthus',0,418,137,1,0,0,0,34.385555267333984,13.356239318847656,217.61054865072796,2.3558591311395745,2384.8311343210935,13417.305564662114,0.008432249514881536,41.465829594519015
978,340,Alnus',0,66,2,0,0,0,0,8.376604080200195,5.993472099304199,27.610453200302544,0.19446828272515512,176.83760113179684,2452.942423746365,0.0007904402739424177,10.638480574894828
978,340,Amelanchier',0,36,0,0,0,0,0,3.5405120849609375,3.5403096675872803,13.819846480707577,0.036308888636993816,67.4592198419571,1508.4340127571768,0.0003488537482619345,7.800606953192832
978,340,Arbutus',0,0,0,0,0,0,0,0.0,0.0,0.0,0.0,0.0,0.0,0.0,0.0
978,340,Asimina',0,0,0,0,0,0,0,0.0,0.0,0.0,0.0,0.0,0.0,0.0,0.0
978,340,Betula',0,133,200,4,0,1,0,74.9554672241211,19.64483070373535,144.35208543191982,5.734071601310512,8286.972284855843,64435.31863926942,0.020493522492252256,150.77176383665125
978,340,Calocedrus',0,0,0,0,0,0,0,0.0,0.0,0.0,0.0,0.0,0.0,0.0,0.0
978,340,Carpinus',0,0,0,0,0,0,0,0.0,0.0,0.0,0.0,0.0,0.0,0.0,0.0
978,340,Carya',0,64,33,0,0,0,0,14.389114379882812,11.260723114013672,24.09579441941614,0.44446973732715106,614.9418439176678,9164.364937253229,0.0017134098401153516,24.132818181135058
978,340,Castanea',0,0,0,0,0,0,0,0.0,0.0,0.0,0.0,0.0,0.0,0.0,0.0
978,340,Catalpa',0,3,0,0,0,0,0,1.6278042793273926,2.0549607276916504,0.4610053959149348,0.0007491982492934438,1.3427348881959915,30.024464857667937,9.620284186676158e-06,0.21511609404274268
978,340,Celtis',0,52,33,0,0,0,0,17.265111923217773,9.982904434204102,51.944695208457446,0.6237570197343694,710.0586716502905,8808.871315282191,0.002325680939162151,26.015658580418787
978,340,Cercis',0,0,0,0,0,0,0,0.0,0.0,0.0,0.0,0.0,0.0,0.0,0.0
978,340,Cercocarpus',0,0,0,0,0,0,0,0.0,0.0,0.0,0.0,0.0,0.0,0.0,0.0
978,340,Chamaecyparis',0,0,32,21,0,0,0,28.210678100585938,18.045135498046875,27.39602641582489,1.5971435528464406,1583.232638926506,31368.563584580243,0.003914015169486412,74.6219878768318
978,340,Chilopsis',0,0,0,0,0,0,0,0.0,0.0,0.0,0.0,0.0,0.0,0.0,0.0
978,340,Chrysolepis',0,0,0,0,0,0,0,0.0,0.0,0.0,0.0,0.0,0.0,0.0,0.0
978,340,Cladrastis',0,0,0,0,0,0,0,0.0,0.0,0.0,0.0,0.0,0.0,0.0,0.0
978,340,Comus',0,0,0,0,0,0,0,0.0,0.0,0.0,0.0,0.0,0.0,0.0,0.0
978,340,Cornus',0,0,0,0,0,0,0,0.0,0.0,0.0,0.0,0.0,0.0,0.0,0.0
978,340,Crataegus',0,0,0,0,0,0,0,0.0,0.0,0.0,0.0,0.0,0.0,0.0,0.0
978,340,Cupressus',0,0,0,0,0,0,0,0.0,0.0,0.0,0.0,0.0,0.0,0.0,0.0
978,340,Diospyros',0,0,0,0,0,0,0,0.0,0.0,0.0,0.0,0.0,0.0,0.0,0.0
978,340,Elaeagnus',0,295,4,0,0,0,0,10.911201477050781,5.262075901031494,109.67919909501376,0.4674315282397574,537.842557964325,3859.0795783164363,0.0027740986816166004,20.181659185187613
978,340,Fagus',0,0,0,0,0,0,0,0.0,0.0,0.0,0.0,0.0,0.0,0.0,0.0
978,340,Fraxinus',0,908,605,0,0,0,0,23.381526947021484,12.498703002929688,453.2012843775645,10.019020858862858,11426.538458274677,56069.66486110352,0.03191639187683185,137.5874010004439
978,340,Gleditsia',0,23,0,0,0,0,0,7.209720134735107,5.500934600830078,10.998205538791945,0.09634711122608194,113.41879707574844,2536.121401876278,0.0004103670371323869,9.176085907531958
978,340,Gordonia',0,0,0,0,0,0,0,0.0,0.0,0.0,0.0,0.0,0.0,0.0,0.0
978,340,Gymnocladus',0,0,0,0,0,0,0,0.0,0.0,0.0,0.0,0.0,0.0,0.0,0.0
978,340,Halesia',0,0,0,0,0,0,0,0.0,0.0,0.0,0.0,0.0,0.0,0.0,0.0
978,340,Ilex',0,0,0,0,0,0,0,0.0,0.0,0.0,0.0,0.0,0.0,0.0,0.0
978,340,Juglans',0,0,0,0,0,0,0,0.0,0.0,0.0,0.0,0.0,0.0,0.0,0.0
978,340,Juniperus',0,0,0,0,0,0,0,0.0,0.0,0.0,0.0,0.0,0.0,0.0,0.0
978,340,Larix',0,0,0,0,0,0,0,0.0,0.0,0.0,0.0,0.0,0.0,0.0,0.0
978,340,Liquidambar',0,0,0,0,0,0,0,0.0,0.0,0.0,0.0,0.0,0.0,0.0,0.0
978,340,Liriodendron',0,1158,922,53,0,0,0,39.37738037109375,15.598649024963379,830.3280319980804,21.273951792894607,18728.489587653876,74005.82830688418,0.05357189896483533,178.74468389325403
978,340,Lithocarpus',0,0,0,0,0,0,0,0.0,0.0,0.0,0.0,0.0,0.0,0.0,0.0
978,340,Maclura',0,113,34,15,0,0,0,34.82455062866211,12.69583511352539,56.78105198129822,2.6701732934414366,4623.425542244911,67120.64759474606,0.011091673904446908,153.501824185683
978,340,Magnolia',0,33,0,0,0,1,0,83.3385238647461,22.668941497802734,19.197396696368347,0.5617945551711465,1005.8353708696366,21965.024662650372,0.002511546994464469,52.568547682793955
978,340,Malus',0,0,0,0,0,0,0,0.0,0.0,0.0,0.0,0.0,0.0,0.0,0.0
978,340,Morus',0,30,23,0,0,0,0,9.997719764709473,6.763350009918213,19.595151017361047,0.2607144434029912,261.94666649460794,4358.716678569188,0.0008641867810487685,13.697647487334423
978,340,Nyssa',0,0,0,0,0,0,0,0.0,0.0,0.0,0.0,0.0,0.0,0.0,0.0
978,340,Olneya',0,0,0,0,0,0,0,0.0,0.0,0.0,0.0,0.0,0.0,0.0,0.0
978,340,Ostrya',0,0,0,0,0,0,0,0.0,0.0,0.0,0.0,0.0,0.0,0.0,0.0
978,340,Oxydendron',0,0,0,0,0,0,0,0.0,0.0,0.0,0.0,0.0,0.0,0.0,0.0
978,340,Paulownia',0,58,10,0,0,0,0,8.878314018249512,4.770541191101074,41.0117541857158,0.19307644004488084,128.72730988144875,1800.373915697954,0.0008764476765953021,11.805853049284584
978,340,Persea',0,0,0,0,0,0,0,0.0,0.0,0.0,0.0,0.0,0.0,0.0,0.0
978,340,Picea',0,0,0,0,0,0,0,0.0,0.0,0.0,0.0,0.0,0.0,0.0,0.0
978,340,Pinus',0,480,866,89,49,0,0,67.2654800415039,30.74789047241211,531.3521512518823,38.52866541005725,48230.96921161458,231039.73979214163,0.11485501859376568,526.0921983129743
978,340,Planera',0,0,0,0,0,0,0,0.0,0.0,0.0,0.0,0.0,0.0,0.0,0.0
978,340,Platanus',0,0,8,0,0,0,0,19.937414169311523,6.788155555725098,9.170910172824618,0.27723018110556247,233.86985067844392,5229.488840047285,0.0006517311227917644,14.573150936146531
978,340,Populus',0,312,18,0,0,0,0,8.431021690368652,4.435220718383789,114.91070841733789,0.5561846580307148,487.2088418760896,3368.5067830977873,0.002736889791826245,17.83930162229317
978,340,Prosopis',0,0,0,0,0,0,0,0.0,0.0,0.0,0.0,0.0,0.0,0.0,0.0
978,340,Prunus',0,46,0,0,0,0,0,6.291601657867432,4.9518609046936035,17.462998951160454,0.12388399657796725,94.2780275347829,1484.4957469318451,0.00046089630464452567,7.321915440469189
978,340,Pseudotsuga',0,0,0,0,0,0,0,0.0,0.0,0.0,0.0,0.0,0.0,0.0,0.0
978,340,Quercus',0,98,139,28,1,0,0,55.00080490112305,18.051054000854492,129.3168686160558,6.123613146090823,8835.802954969406,140099.6676924823,0.02149670521821099,314.43501528448616
978,340,Robinia',0,0,0,0,0,0,0,0.0,0.0,0.0,0.0,0.0,0.0,0.0,0.0
978,340,Salix',0,660,157,0,0,0,0,20.340322494506836,11.63581657409668,234.19172484852086,2.104044201626185,1625.0571536153554,8806.606758021242,0.006982558031462382,31.949727683674
978,340,Sassafras',0,33,0,0,0,0,0,1.122403860092163,2.501668930053711,0.0,0.0032651423843884815,3.755541019141674,83.97645011089601,8.345646376255899e-06,0.1866143261348284
978,340,Sequoia',0,0,0,0,0,0,0,0.0,0.0,0.0,0.0,0.0,0.0,0.0,0.0
978,340,Sequoiadendron',0,0,0,0,0,0,0,0.0,0.0,0.0,0.0,0.0,0.0,0.0,0.0
978,340,Sorbus',0,0,0,0,0,0,0,0.0,0.0,0.0,0.0,0.0,0.0,0.0,0.0
978,340,Taxodium',0,0,0,0,0,0,0,0.0,0.0,0.0,0.0,0.0,0.0,0.0,0.0
978,340,Taxus',0,0,0,0,0,0,0,0.0,0.0,0.0,0.0,0.0,0.0,0.0,0.0
978,340,Thuja',0,0,0,0,0,0,0,0.0,0.0,0.0,0.0,0.0,0.0,0.0,0.0
978,340,Tilia',0,0,0,0,0,0,0,0.0,0.0,0.0,0.0,0.0,0.0,0.0,0.0
978,340,Torreya',0,0,0,0,0,0,0,0.0,0.0,0.0,0.0,0.0,0.0,0.0,0.0
978,340,Tsuga',0,0,0,0,0,0,0,0.0,0.0,0.0,0.0,0.0,0.0,0.0,0.0
978,340,Ulmus',0,0,23,0,0,0,0,56.56983184814453,17.565837860107422,20.770417219853098,0.35107358177995995,393.54802203774454,6217.017919626677,0.0011735528435558135,18.537226344769
978,340,Umbellularia',0,0,0,0,0,0,0,0.0,0.0,0.0,0.0,0.0,0.0,0.0,0.0
978,350,Abies',0,0,0,0,0,0,0,0.0,0.0,0.0,0.0,0.0,0.0,0.0,0.0
978,350,Acer',0,1603,777,0,0,0,0,20.473175048828125,13.145490646362305,954.4351804916616,12.08498448565025,14757.030754091442,52887.19804539575,0.046533026469455493,139.1321922672911
978,350,Aesculus',0,0,0,0,0,0,0,0.0,0.0,0.0,0.0,0.0,0.0,0.0,0.0
978,350,Ailanthus',0,389,144,1,0,0,0,46.049190521240234,15.767699241638184,139.8281768803732,1.7706539001532866,1822.175380321145,13411.85257367124,0.006062182942941106,38.924893337369376
978,350,Alnus',0,71,32,0,0,0,0,19.448463439941406,10.527106285095215,36.9393103249088,0.33470350730870757,331.42655588090423,4402.016067947464,0.0012682653363281894,14.56562282357236
978,350,Amelanchier',0,36,0,0,0,0,0,6.54133415222168,5.06769323348999,10.94351391814932,0.12394056266899209,149.84559236884118,3350.649306654505,0.0004905281577706417,10.968543056528986
978,350,Arbutus',0,0,0,0,0,0,0,0.0,0.0,0.0,0.0,0.0,0.0,0.0,0.0
978,350,Asimina',0,0,0,0,0,0,0,0.0,0.0,0.0,0.0,0.0,0.0,0.0,0.0
978,350,Betula',0,202,148,20,4,1,0,79.12165069580078,20.02669906616211,134.03415992101534,5.589099042494552,8418.816504033804,69862.23084843832,0.020637977418571228,163.33206964865587
978,350,Calocedrus',0,0,0,0,0,0,0,0.0,0.0,0.0,0.0,0.0,0.0,0.0,0.0
978,350,Carpinus',0,0,0,0,0,0,0,0.0,0.0,0.0,0.0,0.0,0.0,0.0,0.0
978,350,Carya',0,0,33,0,0,0,0,21.128253936767578,12.716201782226562,22.23793119569368,0.4163439280563764,711.7245580625535,13093.414144209744,0.0019017373774051457,33.618397486052416
978,350,Castanea',0,0,0,0,0,0,0,0.0,0.0,0.0,0.0,0.0,0.0,0.0,0.0
978,350,Catalpa',0,52,4,0,0,0,0,13.440061569213867,6.969980716705322,9.595185669162605,0.0714980539044932,74.25804094314576,1350.3765505944136,0.0003031458959821607,6.063973853200384
978,350,Celtis',0,87,53,0,0,0,0,24.797117233276367,13.04476261138916,70.9178888241324,1.2792885213348792,1428.9829401236773,14794.97686329742,0.004196420018080604,39.06285114408257
978,350,Cercis',0,0,0,0,0,0,0,0.0,0.0,0.0,0.0,0.0,0.0,0.0,0.0
978,350,Cercocarpus',0,0,0,0,0,0,0,0.0,0.0,0.0,0.0,0.0,0.0,0.0,0.0
978,350,Chamaecyparis',0,61,32,21,0,0,0,31.32575798034668,18.925739288330078,49.1172982263565,2.2357794565082147,2259.6267899131776,40658.84560066591,0.005730865015771273,95.80839735220606
978,350,Chilopsis',0,0,0,0,0,0,0,0.0,0.0,0.0,0.0,0.0,0.0,0.0,0.0
978,350,Chrysolepis',0,0,0,0,0,0,0,0.0,0.0,0.0,0.0,0.0,0.0,0.0,0.0
978,350,Cladrastis',0,0,0,0,0,0,0,0.0,0.0,0.0,0.0,0.0,0.0,0.0,0.0
978,350,Comus',0,0,0,0,0,0,0,0.0,0.0,0.0,0.0,0.0,0.0,0.0,0.0
978,350,Cornus',0,0,0,0,0,0,0,0.0,0.0,0.0,0.0,0.0,0.0,0.0,0.0
978,350,Crataegus',0,38,0,0,0,0,0,1.3554407358169556,2.0839743614196777,0.0,0.0055351519436437745,12.682273036241531,283.58424618249006,2.8182828770950433e-05,0.6301872093008158
978,350,Cupressus',0,0,0,0,0,0,0,0.0,0.0,0.0,0.0,0.0,0.0,0.0,0.0
978,350,Diospyros',0,0,0,0,0,0,0,0.0,0.0,0.0,0.0,0.0,0.0,0.0,0.0
978,350,Elaeagnus',0,323,12,0,0,0,0,19.63947868347168,6.903176307678223,128.21150401088443,0.5449647647325214,643.9305486132205,4582.399619573296,0.003276632589050335,21.98856455832166
978,350,Fagus',0,0,0,0,0,0,0,0.0,0.0,0.0,0.0,0.0,0.0,0.0,0.0
978,350,Fraxinus',0,994,735,0,0,0,0,25.051498413085938,13.141510009765625,658.8494197057584,13.992030922491624,16259.08136543423,69944.17838054751,0.04561579518950589,170.20527220033685
978,350,Gleditsia',0,0,23,0,0,0,0,11.601927757263184,7.752699851989746,5.908464772414557,0.2494952019433947,285.7629003465176,6389.852706223117,0.0007200843136012633,16.10157474743699
978,350,Gordonia',0,0,0,0,0,0,0,0.0,0.0,0.0,0.0,0.0,0.0,0.0,0.0
978,350,Gymnocladus',0,0,0,0,0,0,0,0.0,0.0,0.0,0.0,0.0,0.0,0.0,0.0
978,350,Halesia',0,0,0,0,0,0,0,0.0,0.0,0.0,0.0,0.0,0.0,0.0,0.0
978,350,Ilex',0,0,0,0,0,0,0,0.0,0.0,0.0,0.0,0.0,0.0,0.0,0.0
978,350,Juglans',0,0,0,0,0,0,0,0.0,0.0,0.0,0.0,0.0,0.0,0.0,0.0
978,350,Juniperus',0,0,0,0,0,0,0,0.0,0.0,0.0,0.0,0.0,0.0,0.0,0.0
978,350,Larix',0,0,0,0,0,0,0,0.0,0.0,0.0,0.0,0.0,0.0,0.0,0.0
978,350,Liquidambar',0,0,0,0,0,0,0,0.0,0.0,0.0,0.0,0.0,0.0,0.0,0.0
978,350,Liriodendron',0,1560,969,34,0,0,0,40.48265075683594,15.899007797241211,909.6229098772606,20.127138397994447,17278.438203502446,60783.820723340425,0.05149105678888846,153.97076879264085
978,350,Lithocarpus',0,0,0,0,0,0,0,0.0,0.0,0.0,0.0,0.0,0.0,0.0,0.0
978,350,Maclura',0,85,99,0,0,0,0,21.16503143310547,9.682540893554688,52.082606171128106,1.953257704617439,2927.121550861597,33690.22817394915,0.007254472653690772,79.95066120710551
978,350,Magnolia',0,0,0,0,0,1,0,87.99954223632812,23.207700729370117,10.134739211842982,0.6082060100806918,1107.6485633850098,24767.774829088707,0.002607336330413817,58.30181275010122
978,350,Malus',0,0,0,0,0,0,0,0.0,0.0,0.0,0.0,0.0,0.0,0.0,0.0
978,350,Morus',0,34,0,0,0,0,0,3.0866169929504395,3.179619789123535,10.27015896726258,0.02580017335932564,39.337072917222976,879.6036907877638,0.00023526036150008192,5.26058160725365
978,350,Nyssa',0,0,0,0,0,0,0,0.0,0.0,0.0,0.0,0.0,0.0,0.0,0.0
978,350,Olneya',0,0,0,0,0,0,0,0.0,0.0,0.0,0.0,0.0,0.0,0.0,0.0
978,350,Ostrya',0,0,0,0,0,0,0,0.0,0.0,0.0,0.0,0.0,0.0,0.0,0.0
978,350,Oxydendron',0,0,0,0,0,0,0,0.0,0.0,0.0,0.0,0.0,0.0,0.0,0.0
978,350,Paulownia',0,187,0,0,0,0,0,6.804036617279053,4.018846035003662,84.93237289541129,0.20661941996177308,191.6940322715044,1590.4431226034044,0.0016486354289001282,14.011571852707633
978,350,Persea',0,0,0,0,0,0,0,0.0,0.0,0.0,0.0,0.0,0.0,0.0,0.0
978,350,Picea',0,0,0,0,0,0,0,0.0,0.0,0.0,0.0,0.0,0.0,0.0,0.0
978,350,Pinus',0,374,829,38,19,8,0,69.59981536865234,31.064594268798828,434.28551092416046,33.059817164099506,40523.01968171477,216853.45508981618,0.09632416921963195,494.17582739585646
978,350,Planera',0,0,0,0,0,0,0,0.0,0.0,0.0,0.0,0.0,0.0,0.0,0.0
978,350,Platanus',0,23,8,0,0,0,0,24.978727340698242,8.030616760253906,16.738742285325557,0.4407008271084119,411.00084922850135,8827.752804918144,0.001154298752054577,23.6808531803203
978,350,Populus',0,271,79,0,0,0,0,12.743752479553223,5.926338195800781,167.92236426397213,1.0899517864155108,883.929457732439,6317.078336345909,0.004381623370613917,28.123249644035027
978,350,Prosopis',0,0,0,0,0,0,0,0.0,0.0,0.0,0.0,0.0,0.0,0.0,0.0
978,350,Prunus',0,31,5,0,0,0,0,8.92297649383545,6.081054210662842,26.234086857566346,0.06716048087738824,84.11852528572082,1335.838459443564,0.0005645843058917715,8.918085031006395
978,350,Pseudotsuga',0,0,0,0,0,0,0,0.0,0.0,0.0,0.0,0.0,0.0,0.0,0.0
978,350,Quercus',0,94,108,28,1,0,0,64.04488372802734,19.033489227294922,97.53634298715409,5.833306076178776,8697.55807711959,146834.66188162984,0.02073199627650886,329.7862806175618
978,350,Robinia',0,0,0,0,0,0,0,0.0,0.0,0.0,0.0,0.0,0.0,0.0,0.0
978,350,Salix',0,644,114,0,0,0,0,24.334653854370117,10.507009506225586,241.37769624402247,2.2957382380250397,1736.7796392923594,10615.30201492682,0.007334276215161651,36.20438028204116
978,350,Sassafras',0,0,0,0,0,0,0,0.0,0.0,0.0,0.0,0.0,0.0,0.0,0.0
978,350,Sequoia',0,0,0,0,0,0,0,0.0,0.0,0.0,0.0,0.0,0.0,0.0,0.0
978,350,Sequoiadendron',0,0,0,0,0,0,0,0.0,0.0,0.0,0.0,0.0,0.0,0.0,0.0
978,350,Sorbus',0,0,0,0,0,0,0,0.0,0.0,0.0,0.0,0.0,0.0,0.0,0.0
978,350,Taxodium',0,0,0,0,0,0,0,0.0,0.0,0.0,0.0,0.0,0.0,0.0,0.0
978,350,Taxus',0,0,0,0,0,0,0,0.0,0.0,0.0,0.0,0.0,0.0,0.0,0.0
978,350,Thuja',0,0,0,0,0,0,0,0.0,0.0,0.0,0.0,0.0,0.0,0.0,0.0
978,350,Tilia',0,0,0,0,0,0,0,0.0,0.0,0.0,0.0,0.0,0.0,0.0,0.0
978,350,Torreya',0,0,0,0,0,0,0,0.0,0.0,0.0,0.0,0.0,0.0,0.0,0.0
978,350,Tsuga',0,0,0,0,0,0,0,0.0,0.0,0.0,0.0,0.0,0.0,0.0,0.0
978,350,Ulmus',0,131,0,0,0,0,0,71.33722686767578,20.349809646606445,46.960502137206014,0.27068482079885037,464.5347446909547,7289.02269698453,0.0017083219691044658,22.35178618792839
978,350,Umbellularia',0,0,0,0,0,0,0,0.0,0.0,0.0,0.0,0.0,0.0,0.0,0.0
978,360,Abies',0,0,0,0,0,0,0,0.0,0.0,0.0,0.0,0.0,0.0,0.0,0.0
978,360,Acer',0,1667,699,0,0,0,0,22.704627990722656,14.158361434936523,820.3504733791385,11.587045595023582,14165.930716142542,55661.19239915357,0.04328924709505395,140.99158728632725
978,360,Aesculus',0,0,0,0,0,0,0,0.0,0.0,0.0,0.0,0.0,0.0,0.0,0.0
978,360,Ailanthus',0,571,108,0,1,0,0,56.522132873535156,17.4636173248291,232.70107754989513,2.4209753197106125,2656.401060846448,19288.80208941252,0.009252974788096714,53.24755806476789
978,360,Alnus',0,43,20,2,0,0,0,28.538326263427734,13.204978942871094,52.45429440012461,0.36520718010311437,427.436805665493,5666.801313360811,0.0017049682581834482,20.34272780815105
978,360,Amelanchier',0,0,0,0,0,0,0,0.0,0.0,0.0,0.0,0.0,0.0,0.0,0.0
978,360,Arbutus',0,0,0,0,0,0,0,0.0,0.0,0.0,0.0,0.0,0.0,0.0,0.0
978,360,Asimina',0,13,0,0,0,0,0,1.8126369714736938,2.512587070465088,1.5138225332845614,0.0033959980979104314,4.1988860476017,93.88994632212827,3.112317401077616e-05,0.6959353276365046
978,360,Betula',0,208,39,20,4,1,0,83.88408660888672,20.422380447387695,119.34682530740015,5.3156632143055935,8688.906111979783,79798.05580942254,0.021026743776144483,183.4213974654153
978,360,Calocedrus',0,0,0,0,0,0,0,0.0,0.0,0.0,0.0,0.0,0.0,0.0,0.0
978,360,Carpinus',0,0,0,0,0,0,0,0.0,0.0,0.0,0.0,0.0,0.0,0.0,0.0
978,360,Carya',0,35,31,1,0,0,0,29.475303649902344,15.31588077545166,27.85473385377775,0.6346072196953648,1091.2916528624296,18207.371886304805,0.002826076949793865,44.26471200066513
978,360,Castanea',0,0,0,0,0,0,0,0.0,0.0,0.0,0.0,0.0,0.0,0.0,0.0
978,360,Catalpa',0,38,0,0,0,0,0,5.404528617858887,3.730963945388794,14.057532575311539,0.08900968183394543,70.39925373792649,1574.1751692325963,0.0003588087792135761,8.023208212452804
978,360,Celtis',0,0,76,3,0,0,0,31.378658294677734,15.418551445007324,39.799490570078916,1.175872059137409,1390.6531868118047,17006.918124557404,0.0036632763118892883,43.61847817234612
978,360,Cercis',0,0,0,0,0,0,0,0.0,0.0,0.0,0.0,0.0,0.0,0.0,0.0
978,360,Cercocarpus',0,0,0,0,0,0,0,0.0,0.0,0.0,0.0,0.0,0.0,0.0,0.0
978,360,Chamaecyparis',0,62,61,21,0,0,0,34.20020294189453,19.63907241821289,44.048579403907056,2.366908092268384,2482.2980295149982,48765.629361361214,0.006152475123996263,113.06679980276938
978,360,Chilopsis',0,0,0,0,0,0,0,0.0,0.0,0.0,0.0,0.0,0.0,0.0,0.0
978,360,Chrysolepis',0,0,0,0,0,0,0,0.0,0.0,0.0,0.0,0.0,0.0,0.0,0.0
978,360,Cladrastis',0,0,0,0,0,0,0,0.0,0.0,0.0,0.0,0.0,0.0,0.0,0.0
978,360,Comus',0,0,0,0,0,0,0,0.0,0.0,0.0,0.0,0.0,0.0,0.0,0.0
978,360,Cornus',0,0,0,0,0,0,0,0.0,0.0,0.0,0.0,0.0,0.0,0.0,0.0
978,360,Crataegus',0,0,0,0,0,0,0,0.0,0.0,0.0,0.0,0.0,0.0,0.0,0.0
978,360,Cupressus',0,0,0,0,0,0,0,0.0,0.0,0.0,0.0,0.0,0.0,0.0,0.0
978,360,Diospyros',0,0,0,0,0,0,0,0.0,0.0,0.0,0.0,0.0,0.0,0.0,0.0
978,360,Elaeagnus',0,227,69,0,0,0,0,24.480737686157227,7.478390216827393,102.46891844074558,0.7980201300245912,770.3460387417674,5682.74273554797,0.003186977089203421,22.167109582954918
978,360,Fagus',0,0,0,0,0,0,0,0.0,0.0,0.0,0.0,0.0,0.0,0.0,0.0
978,360,Fraxinus',0,1093,757,0,0,0,0,25.252328872680664,11.849082946777344,628.9603153677492,13.356849118842334,15191.246612585484,65569.99727872109,0.042812559020659835,161.0772070000923
978,360,Gleditsia',0,23,0,0,0,0,0,4.601937294006348,4.057592391967773,7.026846131569221,0.03925394211283019,48.31033883690834,1080.2520165537517,0.00020851165931671855,4.662462443334599
978,360,Gordonia',0,0,0,0,0,0,0,0.0,0.0,0.0,0.0,0.0,0.0,0.0,0.0
978,360,Gymnocladus',0,0,0,0,0,0,0,0.0,0.0,0.0,0.0,0.0,0.0,0.0,0.0
978,360,Halesia',0,0,0,0,0,0,0,0.0,0.0,0.0,0.0,0.0,0.0,0.0,0.0
978,360,Ilex',0,54,0,0,0,0,0,2.013387680053711,2.3714473247528076,3.1441245985031125,0.007346651974393198,16.890413925945758,301.0282604359655,8.294938717122716e-05,1.6657676151133174
978,360,Juglans',0,0,0,0,0,0,0,0.0,0.0,0.0,0.0,0.0,0.0,0.0,0.0
978,360,Juniperus',0,0,0,0,0,0,0,0.0,0.0,0.0,0.0,0.0,0.0,0.0,0.0
978,360,Larix',0,0,0,0,0,0,0,0.0,0.0,0.0,0.0,0.0,0.0,0.0,0.0
978,360,Liquidambar',0,0,0,0,0,0,0,0.0,0.0,0.0,0.0,0.0,0.0,0.0,0.0
978,360,Liriodendron',0,1534,879,28,0,0,0,44.06037902832031,16.840606689453125,826.4313922096278,21.371739930557506,18547.951128914952,66730.48509344496,0.05311460835123525,164.1678918396988
978,360,Lithocarpus',0,0,0,0,0,0,0,0.0,0.0,0.0,0.0,0.0,0.0,0.0,0.0
978,360,Maclura',0,27,157,0,0,0,0,25.01541519165039,10.673134803771973,55.497339711159086,2.8562257630539647,4322.617169191837,44200.197143391844,0.010404731089085314,104.76294170884711
978,360,Magnolia',0,0,0,0,0,0,1,93.31548309326172,23.77400016784668,9.097310561168042,0.6839073936193251,1263.2695198059082,28247.56520189542,0.0029382264137268075,65.70073994378578
978,360,Malus',0,0,0,0,0,0,0,0.0,0.0,0.0,0.0,0.0,0.0,0.0,0.0
978,360,Morus',0,21,0,0,0,0,0,6.519564151763916,5.060257434844971,13.993944967094855,0.07184048813042462,87.245876557827,1950.8771073985795,0.00039533033451438017,8.839855015418877
978,360,Nyssa',0,0,0,0,0,0,0,0.0,0.0,0.0,0.0,0.0,0.0,0.0,0.0
978,360,Olneya',0,0,0,0,0,0,0,0.0,0.0,0.0,0.0,0.0,0.0,0.0,0.0
978,360,Ostrya',0,0,0,0,0,0,0,0.0,0.0,0.0,0.0,0.0,0.0,0.0,0.0
978,360,Oxydendron',0,0,0,0,0,0,0,0.0,0.0,0.0,0.0,0.0,0.0,0.0,0.0
978,360,Paulownia',0,166,23,0,0,0,0,12.687177658081055,6.0652546882629395,49.16648624535602,0.3278763036734123,220.6021099293232,2277.5705449827215,0.0011980057980462446,11.727490202203546
978,360,Persea',0,0,0,0,0,0,0,0.0,0.0,0.0,0.0,0.0,0.0,0.0,0.0
978,360,Picea',0,0,0,0,0,0,0,0.0,0.0,0.0,0.0,0.0,0.0,0.0,0.0
978,360,Pinus',0,238,951,35,22,0,0,60.52812194824219,20.045774459838867,404.32344784408804,31.645497023540234,37302.73749425441,184437.31403867525,0.08873520063410444,422.013534292355
978,360,Planera',0,0,0,0,0,0,0,0.0,0.0,0.0,0.0,0.0,0.0,0.0,0.0
978,360,Platanus',0,23,0,8,0,0,0,29.704395294189453,9.146512985229492,25.78448340862612,0.6631053444541203,647.6727686405183,13017.997289830626,0.0018104549089707378,31.782686240058734
978,360,Populus',0,299,35,0,0,0,0,15.70176887512207,6.907548427581787,101.64058657339478,0.793257274433757,652.7086515179277,6763.78253444576,0.002913636413963511,24.08347098025385
978,360,Prosopis',0,0,0,0,0,0,0,0.0,0.0,0.0,0.0,0.0,0.0,0.0,0.0
978,360,Prunus',0,14,37,0,0,0,0,17.42184066772461,8.632349967956543,20.858042192044135,0.3168249429978874,233.57607232421637,3677.6928655085176,0.0008193210390082131,12.911413019886766
978,360,Pseudotsuga',0,0,0,0,0,0,0,0.0,0.0,0.0,0.0,0.0,0.0,0.0,0.0
978,360,Quercus',0,127,79,28,0,1,0,72.0588150024414,20.47421646118164,123.98411699488192,6.343305398917455,9644.322375731468,154502.34125569498,0.0232166471266279,348.30833951463
978,360,Robinia',0,0,0,0,0,0,0,0.0,0.0,0.0,0.0,0.0,0.0,0.0,0.0
978,360,Salix',0,745,70,0,0,0,0,22.26160430908203,12.394210815429688,241.4425036103665,1.8778796907828175,1520.596832433939,7690.452547908416,0.00685480306261568,30.359305735528718
978,360,Sassafras',0,0,0,0,0,0,0,0.0,0.0,0.0,0.0,0.0,0.0,0.0,0.0
978,360,Sequoia',0,0,0,0,0,0,0,0.0,0.0,0.0,0.0,0.0,0.0,0.0,0.0
978,360,Sequoiadendron',0,0,0,0,0,0,0,0.0,0.0,0.0,0.0,0.0,0.0,0.0,0.0
978,360,Sorbus',0,0,0,0,0,0,0,0.0,0.0,0.0,0.0,0.0,0.0,0.0,0.0
978,360,Taxodium',0,0,0,0,0,0,0,0.0,0.0,0.0,0.0,0.0,0.0,0.0,0.0
978,360,Taxus',0,0,0,0,0,0,0,0.0,0.0,0.0,0.0,0.0,0.0,0.0,0.0
978,360,Thuja',0,0,0,0,0,0,0,0.0,0.0,0.0,0.0,0.0,0.0,0.0,0.0
978,360,Tilia',0,0,0,0,0,0,0,0.0,0.0,0.0,0.0,0.0,0.0,0.0,0.0
978,360,Torreya',0,0,0,0,0,0,0,0.0,0.0,0.0,0.0,0.0,0.0,0.0,0.0
978,360,Tsuga',0,0,0,0,0,0,0,0.0,0.0,0.0,0.0,0.0,0.0,0.0,0.0
978,360,Ulmus',0,121,25,0,0,0,0,85.8461685180664,22.665077209472656,57.3842167854309,0.6067488346251985,827.1037665319443,11198.762372192597,0.002664086051033813,31.149017392617097
978,360,Umbellularia',0,0,0,0,0,0,0,0.0,0.0,0.0,0.0,0.0,0.0,0.0,0.0
978,370,Abies',0,0,0,0,0,0,0,0.0,0.0,0.0,0.0,0.0,0.0,0.0,0.0
978,370,Acer',0,1683,702,0,0,0,0,25.575050354003906,13.629293441772461,828.9582516889593,11.099716419432843,13886.141963980199,57664.47279718323,0.04279140793251204,145.16806864611084
978,370,Aesculus',0,0,0,0,0,0,0,0.0,0.0,0.0,0.0,0.0,0.0,0.0,0.0
978,370,Ailanthus',0,480,153,0,0,0,0,16.356231689453125,8.167014122009277,214.12120493624028,2.7938269155968016,2682.7001764154434,18480.471883340128,0.009043949672194199,52.815956086895156
978,370,Alnus',0,33,50,2,0,0,0,37.44981002807617,15.164411544799805,42.68203340187857,0.7528644375839899,782.8424570286275,10294.362655914565,0.0023540815019346796,28.802577824017227
978,370,Amelanchier',0,0,0,0,0,0,0,0.0,0.0,0.0,0.0,0.0,0.0,0.0,0.0
978,370,Arbutus',0,0,0,0,0,0,0,0.0,0.0,0.0,0.0,0.0,0.0,0.0,0.0
978,370,Asimina',0,0,0,0,0,0,0,0.0,0.0,0.0,0.0,0.0,0.0,0.0,0.0
978,370,Betula',0,184,91,20,4,1,0,87.76506042480469,20.71550178527832,120.62395994775467,5.933259305907523,9652.891264685244,88754.12146237746,0.023187318791455146,203.53122815476286
978,370,Calocedrus',0,0,0,0,0,0,0,0.0,0.0,0.0,0.0,0.0,0.0,0.0,0.0
978,370,Carpinus',0,0,0,0,0,0,0,0.0,0.0,0.0,0.0,0.0,0.0,0.0,0.0
978,370,Carya',0,81,31,1,0,0,0,37.46038055419922,17.306148529052734,39.53819623476342,0.8626153641495071,1550.9468236041068,24120.16403129651,0.004015722824207943,57.677816699262856
978,370,Castanea',0,0,0,0,0,0,0,0.0,0.0,0.0,0.0,0.0,0.0,0.0,0.0
978,370,Catalpa',0,21,0,0,0,0,0,3.768444776535034,3.0176239013671875,10.514366023148161,0.024180956182656237,29.345508394241335,656.1855160381389,0.00021657238118350503,4.842705663753117
978,370,Celtis',0,0,76,3,0,0,0,37.25186538696289,17.32468032836914,30.88983525958242,1.667034439583028,2032.7185832357407,24110.637280216393,0.004961828730389479,58.26073261133903
978,370,Cercis',0,0,0,0,0,0,0,0.0,0.0,0.0,0.0,0.0,0.0,0.0,0.0
978,370,Cercocarpus',0,0,0,0,0,0,0,0.0,0.0,0.0,0.0,0.0,0.0,0.0,0.0
978,370,Chamaecyparis',0,39,61,21,0,0,0,36.80937957763672,20.21377182006836,45.999978359937664,3.231321666087422,3316.5997402465346,58364.05042041653,0.008034666098926821,133.90773930791082
978,370,Chilopsis',0,0,0,0,0,0,0,0.0,0.0,0.0,0.0,0.0,0.0,0.0,0.0
978,370,Chrysolepis',0,0,0,0,0,0,0,0.0,0.0,0.0,0.0,0.0,0.0,0.0,0.0
978,370,Cladrastis',0,0,0,0,0,0,0,0.0,0.0,0.0,0.0,0.0,0.0,0.0,0.0
978,370,Comus',0,0,0,0,0,0,0,0.0,0.0,0.0,0.0,0.0,0.0,0.0,0.0
978,370,Cornus',0,0,0,0,0,0,0,0.0,0.0,0.0,0.0,0.0,0.0,0.0,0.0
978,370,Crataegus',0,0,0,0,0,0,0,0.0,0.0,0.0,0.0,0.0,0.0,0.0,0.0
978,370,Cupressus',0,0,0,0,0,0,0,0.0,0.0,0.0,0.0,0.0,0.0,0.0,0.0
978,370,Diospyros',0,0,0,0,0,0,0,0.0,0.0,0.0,0.0,0.0,0.0,0.0,0.0
978,370,Elaeagnus',0,324,0,0,0,0,0,6.26560115814209,3.915351152420044,109.87462141657176,0.5372269142370425,581.300297344327,4675.980100420519,0.002873484661956092,22.967438520179293
978,370,Fagus',0,0,0,0,0,0,0,0.0,0.0,0.0,0.0,0.0,0.0,0.0,0.0
978,370,Fraxinus',0,949,630,0,0,0,0,27.645153045654297,12.24903392791748,494.5677162817667,10.98957790060589,12498.810445661396,61307.29903471784,0.03489471133953976,146.62159643112088
978,370,Gleditsia',0,0,0,0,0,0,0,0.0,0.0,0.0,0.0,0.0,0.0,0.0,0.0
978,370,Gordonia',0,0,0,0,0,0,0,0.0,0.0,0.0,0.0,0.0,0.0,0.0,0.0
978,370,Gymnocladus',0,0,0,0,0,0,0,0.0,0.0,0.0,0.0,0.0,0.0,0.0,0.0
978,370,Halesia',0,0,0,0,0,0,0,0.0,0.0,0.0,0.0,0.0,0.0,0.0,0.0
978,370,Ilex',0,0,21,0,0,0,0,8.005230903625488,5.170292377471924,9.45177757501602,0.10589692353459305,103.07216881036759,2304.7637604831484,0.000365574945941571,8.17450429996154
978,370,Juglans',0,0,0,0,0,0,0,0.0,0.0,0.0,0.0,0.0,0.0,0.0,0.0
978,370,Juniperus',0,0,0,0,0,0,0,0.0,0.0,0.0,0.0,0.0,0.0,0.0,0.0
978,370,Larix',0,0,0,0,0,0,0,0.0,0.0,0.0,0.0,0.0,0.0,0.0,0.0
978,370,Liquidambar',0,0,0,0,0,0,0,0.0,0.0,0.0,0.0,0.0,0.0,0.0,0.0
978,370,Liriodendron',0,1330,983,44,0,0,0,47.00935363769531,17.582719802856445,934.8727652246627,23.13370613798085,20632.552432879507,74502.00704041283,0.059308129454663426,180.66252215647424
978,370,Lithocarpus',0,0,0,0,0,0,0,0.0,0.0,0.0,0.0,0.0,0.0,0.0,0.0
978,370,Maclura',0,83,87,11,0,0,0,28.279644012451172,11.419944763183594,51.56330263878725,2.027600446107679,3127.7890966641903,35729.0545014842,0.007692924934736463,83.5241852610036
978,370,Magnolia',0,0,0,0,0,0,0,0.0,0.0,0.0,0.0,0.0,0.0,0.0,0.0
978,370,Malus',0,0,0,0,0,0,0,0.0,0.0,0.0,0.0,0.0,0.0,0.0,0.0
978,370,Morus',0,34,21,0,0,0,0,10.147846221923828,6.832616329193115,24.09758696544774,0.23767189891642912,252.39191801846027,4377.358478133545,0.0009077691034600124,15.07007354921145
978,370,Nyssa',0,0,0,0,0,0,0,0.0,0.0,0.0,0.0,0.0,0.0,0.0,0.0
978,370,Olneya',0,0,0,0,0,0,0,0.0,0.0,0.0,0.0,0.0,0.0,0.0,0.0
978,370,Ostrya',0,0,0,0,0,0,0,0.0,0.0,0.0,0.0,0.0,0.0,0.0,0.0
978,370,Oxydendron',0,0,0,0,0,0,0,0.0,0.0,0.0,0.0,0.0,0.0,0.0,0.0
978,370,Paulownia',0,138,29,0,0,0,0,12.086324691772461,5.868094444274902,81.57500567126877,0.38048001948922655,261.65447913110256,2466.5427744490717,0.0017557719153305537,15.077844382643725
978,370,Persea',0,0,0,0,0,0,0,0.0,0.0,0.0,0.0,0.0,0.0,0.0,0.0
978,370,Picea',0,0,0,0,0,0,0,0.0,0.0,0.0,0.0,0.0,0.0,0.0,0.0
978,370,Pinus',0,535,777,55,7,0,0,50.54604721069336,21.27083969116211,502.88592224806547,29.615785481455845,33905.24382648915,152407.7502636741,0.08260889513056059,353.5746754429644
978,370,Planera',0,0,0,0,0,0,0,0.0,0.0,0.0,0.0,0.0,0.0,0.0,0.0
978,370,Platanus',0,30,0,8,0,0,0,33.972206115722656,10.115364074707031,28.475037243547316,0.857821602144084,881.444897787571,17982.38350877219,0.0023686804103180753,41.98838275568521
978,370,Populus',0,422,83,0,0,0,0,18.2623233795166,7.730638027191162,232.9367274182695,1.8760190589252472,1508.1973585370183,10932.130147682876,0.006704803246459916,37.64560982962079
978,370,Prosopis',0,0,0,0,0,0,0,0.0,0.0,0.0,0.0,0.0,0.0,0.0,0.0
978,370,Prunus',0,20,0,0,0,0,0,4.222474575042725,3.914592742919922,4.873284532488147,0.02828624751204469,21.821310868859292,487.939344609248,0.00011864543927833545,2.652992674466792
978,370,Pseudotsuga',0,0,0,0,0,0,0,0.0,0.0,0.0,0.0,0.0,0.0,0.0,0.0
978,370,Quercus',0,92,120,30,0,1,0,79.4997787475586,21.69921875,109.7815075460114,7.331119332636673,11054.523746318817,162366.12451359342,0.026145973613317348,366.6449400576645
978,370,Robinia',0,0,0,0,0,0,0,0.0,0.0,0.0,0.0,0.0,0.0,0.0,0.0
978,370,Salix',0,763,53,0,0,0,0,21.619905471801758,9.806215286254883,188.1871699720998,1.3058700916978172,1064.547186577618,5933.82311680877,0.005074719236164817,25.845589293661547
978,370,Sassafras',0,0,0,0,0,0,0,0.0,0.0,0.0,0.0,0.0,0.0,0.0,0.0
978,370,Sequoia',0,0,0,0,0,0,0,0.0,0.0,0.0,0.0,0.0,0.0,0.0,0.0
978,370,Sequoiadendron',0,0,0,0,0,0,0,0.0,0.0,0.0,0.0,0.0,0.0,0.0,0.0
978,370,Sorbus',0,0,0,0,0,0,0,0.0,0.0,0.0,0.0,0.0,0.0,0.0,0.0
978,370,Taxodium',0,0,0,0,0,0,0,0.0,0.0,0.0,0.0,0.0,0.0,0.0,0.0
978,370,Taxus',0,0,0,0,0,0,0,0.0,0.0,0.0,0.0,0.0,0.0,0.0,0.0
978,370,Thuja',0,0,0,0,0,0,0,0.0,0.0,0.0,0.0,0.0,0.0,0.0,0.0
978,370,Tilia',0,0,0,0,0,0,0,0.0,0.0,0.0,0.0,0.0,0.0,0.0,0.0
978,370,Torreya',0,0,0,0,0,0,0,0.0,0.0,0.0,0.0,0.0,0.0,0.0,0.0
978,370,Tsuga',0,0,0,0,0,0,0,0.0,0.0,0.0,0.0,0.0,0.0,0.0,0.0
978,370,Ulmus',0,69,0,0,0,0,0,98.66963958740234,24.416099548339844,29.01123043951354,0.6227443657691623,923.6949796587229,14783.06897263611,0.00247028827868402,37.27672669365769
978,370,Umbellularia',0,0,0,0,0,0,0,0.0,0.0,0.0,0.0,0.0,0.0,0.0,0.0
978,380,Abies',0,0,0,0,0,0,0,0.0,0.0,0.0,0.0,0.0,0.0,0.0,0.0
978,380,Acer',0,2071,726,0,0,0,0,22.17120933532715,13.920482635498047,950.5090739298611,13.341114849186727,16514.696717629955,65705.71672946414,0.0503824320115844,162.16365984077822
978,380,Aesculus',0,0,0,0,0,0,0,0.0,0.0,0.0,0.0,0.0,0.0,0.0,0.0
978,380,Ailanthus',0,306,186,0,0,0,0,17.86431121826172,8.684308052062988,191.9824444724223,2.8557501922306976,2771.672701866925,20235.014556080863,0.008922966563776164,54.82305901586871
978,380,Alnus',0,50,0,0,0,0,0,4.166942119598389,3.794210910797119,18.056240933416763,0.04566471270906817,61.04951778829098,1225.2555623270682,0.0003955952205145682,7.897612173275298
978,380,Amelanchier',0,0,0,0,0,0,0,0.0,0.0,0.0,0.0,0.0,0.0,0.0,0.0
978,380,Arbutus',0,0,0,0,0,0,0,0.0,0.0,0.0,0.0,0.0,0.0,0.0,0.0
978,380,Asimina',0,0,0,0,0,0,0,0.0,0.0,0.0,0.0,0.0,0.0,0.0,0.0
978,380,Betula',0,190,117,22,4,0,0,57.768707275390625,20.320987701416016,125.02556040128573,4.568678038883023,7117.1413061618805,73340.85785747977,0.01761568170182966,166.8386858814274
978,380,Calocedrus',0,0,0,0,0,0,0,0.0,0.0,0.0,0.0,0.0,0.0,0.0,0.0
978,380,Carpinus',0,0,0,0,0,0,0,0.0,0.0,0.0,0.0,0.0,0.0,0.0,0.0
978,380,Carya',0,76,37,1,0,0,0,44.385250091552734,18.658828735351562,52.03553550605532,1.3586125097502404,2357.639333400726,31072.804647628418,0.005988278952950638,74.20705748127845
978,380,Castanea',0,0,0,0,0,0,0,0.0,0.0,0.0,0.0,0.0,0.0,0.0,0.0
978,380,Catalpa',0,0,0,0,0,0,0,0.0,0.0,0.0,0.0,0.0,0.0,0.0,0.0
978,380,Celtis',0,19,33,12,0,0,0,42.765567779541016,18.949607849121094,34.51145339521426,1.7389497967836813,2354.737563409209,30487.23025927144,0.005729561607405539,72.17005838812467
978,380,Cercis',0,0,0,0,0,0,0,0.0,0.0,0.0,0.0,0.0,0.0,0.0,0.0
978,380,Cercocarpus',0,0,0,0,0,0,0,0.0,0.0,0.0,0.0,0.0,0.0,0.0,0.0
978,380,Chamaecyparis',0,25,100,21,0,0,0,39.399627685546875,20.723346710205078,57.70622485935688,4.3475680368900225,4467.428271382451,70142.48813621936,0.01076115249049529,162.48016720585963
978,380,Chilopsis',0,0,0,0,0,0,0,0.0,0.0,0.0,0.0,0.0,0.0,0.0,0.0
978,380,Chrysolepis',0,0,0,0,0,0,0,0.0,0.0,0.0,0.0,0.0,0.0,0.0,0.0
978,380,Cladrastis',0,0,0,0,0,0,0,0.0,0.0,0.0,0.0,0.0,0.0,0.0,0.0
978,380,Comus',0,0,0,0,0,0,0,0.0,0.0,0.0,0.0,0.0,0.0,0.0,0.0
978,380,Cornus',0,0,0,0,0,0,0,0.0,0.0,0.0,0.0,0.0,0.0,0.0,0.0
978,380,Crataegus',0,0,0,0,0,0,0,0.0,0.0,0.0,0.0,0.0,0.0,0.0,0.0
978,380,Cupressus',0,0,0,0,0,0,0,0.0,0.0,0.0,0.0,0.0,0.0,0.0,0.0
978,380,Diospyros',0,0,0,0,0,0,0,0.0,0.0,0.0,0.0,0.0,0.0,0.0,0.0
978,380,Elaeagnus',0,540,76,0,0,0,0,11.105067253112793,5.309765815734863,179.74473804235458,1.3784470918270908,1325.642406374216,8599.321083118813,0.005533397435072338,32.18732025481845
978,380,Fagus',0,0,0,0,0,0,0,0.0,0.0,0.0,0.0,0.0,0.0,0.0,0.0
978,380,Fraxinus',0,1063,501,0,0,0,0,23.750864028930664,12.642437934875488,485.54485999425,10.37278830341215,11842.54004036963,64320.89652432157,0.03330644394326405,153.71476642455676
978,380,Gleditsia',0,33,0,0,0,0,0,3.283798933029175,3.295990228652954,12.021441946301277,0.02798227593268882,48.60492351770401,1086.8391302676473,0.0002810662736743688,6.284832941184476
978,380,Gordonia',0,0,0,0,0,0,0,0.0,0.0,0.0,0.0,0.0,0.0,0.0,0.0
978,380,Gymnocladus',0,27,0,0,0,0,0,5.026772975921631,3.679239511489868,8.446929049265535,0.05445685191282531,57.699189816713336,1290.19310676835,0.00024981865986436905,5.586115055046317
978,380,Halesia',0,0,0,0,0,0,0,0.0,0.0,0.0,0.0,0.0,0.0,0.0,0.0
978,380,Ilex',0,0,21,0,0,0,0,12.761334419250488,7.030427932739258,9.583694431781769,0.269108736040551,256.0003397107124,5724.341618561856,0.0007073207923869258,15.816173736761684
978,380,Juglans',0,0,0,0,0,0,0,0.0,0.0,0.0,0.0,0.0,0.0,0.0,0.0
978,380,Juniperus',0,38,0,0,0,0,0,2.180912971496582,3.0010430812835693,0.0,0.014329965704079567,15.597985339164735,348.7815553041762,3.466219023801386e-05,0.7750701362122827
978,380,Larix',0,0,0,0,0,0,0,0.0,0.0,0.0,0.0,0.0,0.0,0.0,0.0
978,380,Liquidambar',0,0,0,0,0,0,0,0.0,0.0,0.0,0.0,0.0,0.0,0.0,0.0
978,380,Liriodendron',0,1032,999,49,0,0,0,37.484188079833984,15.073470115661621,880.2749827556028,23.02924289626352,19960.679132112564,69637.62442739971,0.0570291120168909,172.3615578379307
978,380,Lithocarpus',0,0,0,0,0,0,0,0.0,0.0,0.0,0.0,0.0,0.0,0.0,0.0
978,380,Maclura',0,47,47,11,0,0,0,31.019182205200195,11.987630844116211,37.824537827621526,1.3422559943936496,2266.2849762022497,36941.028896347736,0.005580694021248234,86.26377196340817
978,380,Magnolia',0,10,0,0,0,0,0,3.4986472129821777,3.6382439136505127,3.681012033661709,0.009767510669509729,11.93704784154892,266.9205042437003,7.951698607578841e-05,1.7780538623136624
978,380,Malus',0,0,0,0,0,0,0,0.0,0.0,0.0,0.0,0.0,0.0,0.0,0.0
978,380,Morus',0,49,0,0,0,0,0,7.806192398071289,5.712791442871094,15.216440385844134,0.20672883250190352,199.5422213369608,3526.1382595994696,0.0006624762965031052,10.984760919568174
978,380,Nyssa',0,3,0,0,0,0,0,1.7503867149353027,2.1858413219451904,0.4447278672758536,0.0008662842111814437,1.5815695613622667,35.36497050350541,9.916703612543642e-06,0.22174423390365558
978,380,Olneya',0,0,0,0,0,0,0,0.0,0.0,0.0,0.0,0.0,0.0,0.0,0.0
978,380,Ostrya',0,0,0,0,0,0,0,0.0,0.0,0.0,0.0,0.0,0.0,0.0,0.0
978,380,Oxydendron',0,0,0,0,0,0,0,0.0,0.0,0.0,0.0,0.0,0.0,0.0,0.0
978,380,Paulownia',0,88,0,0,0,0,0,4.660581111907959,3.2054858207702637,16.347471004517015,0.08204148212720193,60.93171821147204,801.6333630345288,0.00037073474632576107,5.652078633142519
978,380,Persea',0,0,0,0,0,0,0,0.0,0.0,0.0,0.0,0.0,0.0,0.0,0.0
978,380,Picea',0,0,0,0,0,0,0,0.0,0.0,0.0,0.0,0.0,0.0,0.0,0.0
978,380,Pinus',0,312,607,80,1,0,0,56.19485092163086,23.865861892700195,382.78191814556715,22.309570323818427,25519.798155901284,122212.42356453516,0.062239734045886376,283.28750125241805
978,380,Planera',0,0,0,0,0,0,0,0.0,0.0,0.0,0.0,0.0,0.0,0.0,0.0
978,380,Platanus',0,161,0,0,0,0,0,7.815084457397461,3.5660927295684814,61.30664154509954,0.17005889098406662,244.0157895243168,2591.9636456500575,0.0014248004678422558,14.634560050916921
978,380,Populus',0,259,32,0,0,0,0,15.723071098327637,6.914495468139648,147.86879714342612,1.0611331863447024,844.5372191208601,6692.510318882874,0.004005402825818638,26.742083676602995
978,380,Prosopis',0,0,0,0,0,0,0,0.0,0.0,0.0,0.0,0.0,0.0,0.0,0.0
978,380,Prunus',0,29,0,0,0,0,0,5.09773588180542,4.37080192565918,11.671498177360883,0.06082201535425455,49.49657525122166,1106.7770691516473,0.0002780100885499234,6.216494564283676
978,380,Pseudotsuga',0,0,0,0,0,0,0,0.0,0.0,0.0,0.0,0.0,0.0,0.0,0.0
978,380,Quercus',0,8,149,28,0,1,0,86.63558959960938,22.780412673950195,92.80859670684306,8.13117170460855,12334.371208274364,170611.92982106743,0.028745745724022616,385.82186302927363
978,380,Robinia',0,0,0,0,0,0,0,0.0,0.0,0.0,0.0,0.0,0.0,0.0,0.0
978,380,Salix',0,932,76,0,0,0,0,14.622488021850586,9.17996597290039,257.0422382504219,1.6184498880810916,1329.055158623606,6870.118728716056,0.006653721742100081,29.36732466954966
978,380,Sassafras',0,0,0,0,0,0,0,0.0,0.0,0.0,0.0,0.0,0.0,0.0,0.0
978,380,Sequoia',0,0,0,0,0,0,0,0.0,0.0,0.0,0.0,0.0,0.0,0.0,0.0
978,380,Sequoiadendron',0,0,0,0,0,0,0,0.0,0.0,0.0,0.0,0.0,0.0,0.0,0.0
978,380,Sorbus',0,0,0,0,0,0,0,0.0,0.0,0.0,0.0,0.0,0.0,0.0,0.0
978,380,Taxodium',0,0,0,0,0,0,0,0.0,0.0,0.0,0.0,0.0,0.0,0.0,0.0
978,380,Taxus',0,0,0,0,0,0,0,0.0,0.0,0.0,0.0,0.0,0.0,0.0,0.0
978,380,Thuja',0,0,0,0,0,0,0,0.0,0.0,0.0,0.0,0.0,0.0,0.0,0.0
978,380,Tilia',0,0,0,0,0,0,0,0.0,0.0,0.0,0.0,0.0,0.0,0.0,0.0
978,380,Torreya',0,0,0,0,0,0,0,0.0,0.0,0.0,0.0,0.0,0.0,0.0,0.0
978,380,Tsuga',0,0,0,0,0,0,0,0.0,0.0,0.0,0.0,0.0,0.0,0.0,0.0
978,380,Ulmus',0,54,31,0,0,0,0,111.77745819091797,25.960376739501953,34.29835941783989,0.7774803183303607,1182.570732115507,19428.683453765057,0.003121679034302016,47.68426467745429
978,380,Umbellularia',0,0,0,0,0,0,0,0.0,0.0,0.0,0.0,0.0,0.0,0.0,0.0
978,390,Abies',0,0,0,0,0,0,0,0.0,0.0,0.0,0.0,0.0,0.0,0.0,0.0
978,390,Acer',0,2074,711,0,0,0,0,23.196252822875977,14.375285148620605,998.6516474938326,13.074728306987364,16585.35608907528,69615.34643869438,0.051232492553047924,170.56738812568258
978,390,Aesculus',0,0,0,0,0,0,0,0.0,0.0,0.0,0.0,0.0,0.0,0.0,0.0
978,390,Ailanthus',0,594,166,0,0,0,0,19.211793899536133,9.1322021484375,231.6334112917509,2.2936286612350223,2281.295930816233,14166.509820156933,0.008404038139690418,43.14646167114974
978,390,Alnus',0,5,20,0,0,0,0,8.237066268920898,5.925290107727051,14.444681296620185,0.11100683953136055,102.85043251991272,2207.0364731193945,0.0004364957294352341,9.13664773261754
978,390,Amelanchier',0,0,0,0,0,0,0,0.0,0.0,0.0,0.0,0.0,0.0,0.0,0.0
978,390,Arbutus',0,0,0,0,0,0,0,0.0,0.0,0.0,0.0,0.0,0.0,0.0,0.0
978,390,Asimina',0,0,0,0,0,0,0,0.0,0.0,0.0,0.0,0.0,0.0,0.0,0.0
978,390,Betula',0,144,144,12,4,0,0,60.27129364013672,20.76618003845215,172.2392037199645,4.376901097092921,6828.050319840312,73850.88808962863,0.017652924342930355,169.76967797369528
978,390,Calocedrus',0,0,0,0,0,0,0,0.0,0.0,0.0,0.0,0.0,0.0,0.0,0.0
978,390,Carpinus',0,0,0,0,0,0,0,0.0,0.0,0.0,0.0,0.0,0.0,0.0,0.0
978,390,Carya',0,5,108,0,0,0,0,20.196325302124023,16.735502243041992,39.929769453179986,1.6425828368964204,2631.4112675231695,35766.6113567788,0.006422391782566891,83.88518984286092
978,390,Castanea',0,0,0,0,0,0,0,0.0,0.0,0.0,0.0,0.0,0.0,0.0,0.0
978,390,Catalpa',0,35,0,0,0,0,0,1.014779806137085,1.7730053663253784,2.3933192851799947,0.0028436908483980053,7.9357290422916416,177.4482958958351,5.208811456407505e-05,1.164725649850699
978,390,Celtis',0,40,10,3,0,0,0,47.72389221191406,20.28679656982422,23.988665840058005,0.6191928264279649,1089.5797585253417,22588.076352716835,0.0027666184266801007,53.36244692715238
978,390,Cercis',0,0,0,0,0,0,0,0.0,0.0,0.0,0.0,0.0,0.0,0.0,0.0
978,390,Cercocarpus',0,0,0,0,0,0,0,0.0,0.0,0.0,0.0,0.0,0.0,0.0,0.0
978,390,Chamaecyparis',0,82,100,0,0,0,0,23.749340057373047,16.557058334350586,66.03482141792774,2.7738310340374883,2462.980419114232,30886.447725581966,0.006427126148237577,74.62389410854021
978,390,Chilopsis',0,0,0,0,0,0,0,0.0,0.0,0.0,0.0,0.0,0.0,0.0,0.0
978,390,Chrysolepis',0,0,0,0,0,0,0,0.0,0.0,0.0,0.0,0.0,0.0,0.0,0.0
978,390,Cladrastis',0,0,0,0,0,0,0,0.0,0.0,0.0,0.0,0.0,0.0,0.0,0.0
978,390,Comus',0,0,0,0,0,0,0,0.0,0.0,0.0,0.0,0.0,0.0,0.0,0.0
978,390,Cornus',0,0,0,0,0,0,0,0.0,0.0,0.0,0.0,0.0,0.0,0.0,0.0
978,390,Crataegus',0,0,0,0,0,0,0,0.0,0.0,0.0,0.0,0.0,0.0,0.0,0.0
978,390,Cupressus',0,0,0,0,0,0,0,0.0,0.0,0.0,0.0,0.0,0.0,0.0,0.0
978,390,Diospyros',0,0,0,0,0,0,0,0.0,0.0,0.0,0.0,0.0,0.0,0.0,0.0
978,390,Elaeagnus',0,389,3,0,0,0,0,15.844205856323242,6.303919792175293,116.2983611872113,0.5537088847197947,618.4771647766232,4333.228397501287,0.0030485732205710386,20.97128362371114
978,390,Fagus',0,0,0,0,0,0,0,0.0,0.0,0.0,0.0,0.0,0.0,0.0,0.0
978,390,Fraxinus',0,998,401,0,0,0,0,25.427223205566406,12.002985000610352,463.78124454589204,7.688094325132142,8797.141259121598,48678.64781194251,0.02622559141828099,122.02080650465348
978,390,Gleditsia',0,0,33,0,0,0,0,8.067280769348145,5.957803726196289,9.588759418907044,0.16888235030329765,182.82670808196067,4088.1294737377625,0.0005443170959949566,12.171300279600182
978,390,Gordonia',0,0,0,0,0,0,0,0.0,0.0,0.0,0.0,0.0,0.0,0.0,0.0
978,390,Gymnocladus',0,12,0,0,0,0,0,5.568234443664551,3.9201548099517822,11.971752854842173,0.030585426830685974,48.10405939102173,1075.639467920116,0.00027923794120550155,6.2439501843259
978,390,Halesia',0,0,0,0,0,0,0,0.0,0.0,0.0,0.0,0.0,0.0,0.0,0.0
978,390,Ilex',0,0,21,0,0,0,0,16.553739547729492,8.318414688110352,14.033628492355346,0.45282234822632506,463.33262568473816,10360.432472245473,0.0012323359907468316,27.555870464294703
978,390,Juglans',0,0,0,0,0,0,0,0.0,0.0,0.0,0.0,0.0,0.0,0.0,0.0
978,390,Juniperus',0,0,0,0,0,0,0,0.0,0.0,0.0,0.0,0.0,0.0,0.0,0.0
978,390,Larix',0,0,0,0,0,0,0,0.0,0.0,0.0,0.0,0.0,0.0,0.0,0.0
978,390,Liquidambar',0,0,0,0,0,0,0,0.0,0.0,0.0,0.0,0.0,0.0,0.0,0.0
978,390,Liriodendron',0,1141,811,40,0,0,0,40.65874099731445,15.946440696716309,754.6454619144713,17.97048791466622,15983.240818742812,64340.9608753903,0.046381853369482556,156.98137745163268
978,390,Lithocarpus',0,0,0,0,0,0,0,0.0,0.0,0.0,0.0,0.0,0.0,0.0,0.0
978,390,Maclura',0,37,17,0,0,0,0,16.114906311035156,8.177474021911621,23.360104983365986,0.47386539870507344,703.2786726951599,11860.470294428978,0.001899123236231507,28.755132835563913
978,390,Magnolia',0,0,0,0,0,0,0,0.0,0.0,0.0,0.0,0.0,0.0,0.0,0.0
978,390,Malus',0,0,0,0,0,0,0,0.0,0.0,0.0,0.0,0.0,0.0,0.0,0.0
978,390,Morus',0,25,49,0,0,0,0,10.705936431884766,7.087168216705322,39.47826000732145,0.5428238544412999,575.8475972272456,7513.864368968625,0.001847972785305238,21.513203995390402
978,390,Nyssa',0,5,0,0,0,0,0,1.8697776794433594,2.2445223331451416,0.7483830722638323,0.001504701597260658,2.635616236627102,58.934170677005106,1.6630314846988767e-05,0.37186514485091554
978,390,Olneya',0,0,0,0,0,0,0,0.0,0.0,0.0,0.0,0.0,0.0,0.0,0.0
978,390,Ostrya',0,0,0,0,0,0,0,0.0,0.0,0.0,0.0,0.0,0.0,0.0,0.0
978,390,Oxydendron',0,0,0,0,0,0,0,0.0,0.0,0.0,0.0,0.0,0.0,0.0,0.0
978,390,Paulownia',0,148,10,0,0,0,0,9.083137512207031,4.842937469482422,48.90649872631588,0.1409251931742825,126.10899353712797,1416.8732225169078,0.0009842784334868153,11.018140557207916
978,390,Persea',0,0,0,0,0,0,0,0.0,0.0,0.0,0.0,0.0,0.0,0.0,0.0
978,390,Picea',0,0,0,0,0,0,0,0.0,0.0,0.0,0.0,0.0,0.0,0.0,0.0
978,390,Pinus',0,407,678,117,1,0,0,54.93363952636719,22.82659912109375,389.4114521898329,27.156964977036026,31698.705537198337,144867.23212133438,0.07606639967520254,334.0383570719456
978,390,Planera',0,0,0,0,0,0,0,0.0,0.0,0.0,0.0,0.0,0.0,0.0,0.0
978,390,Platanus',0,179,18,0,0,0,0,11.662222862243652,4.625930309295654,139.58972723046432,0.458651939640914,564.1324763417244,5223.336538151138,0.00326309940323604,28.56619217119562
978,390,Populus',0,309,51,0,0,0,0,17.305213928222656,7.425779819488525,137.86604593118912,0.8876346287556783,754.2102438607812,6806.093698051004,0.0036606810740502393,25.76394941595985
978,390,Prosopis',0,0,0,0,0,0,0,0.0,0.0,0.0,0.0,0.0,0.0,0.0,0.0
978,390,Prunus',0,45,29,0,0,0,0,10.30134105682373,6.598391532897949,28.44455165576331,0.2982880537836077,231.29809111833572,3815.1174177874514,0.0009234708539657304,13.111626114527851
978,390,Pseudotsuga',0,0,0,0,0,0,0,0.0,0.0,0.0,0.0,0.0,0.0,0.0,0.0
978,390,Quercus',0,40,91,36,0,0,1,92.87924194335938,23.656997680664062,80.17555683851242,8.045081701226431,12498.301714441777,176533.16980606338,0.028928173717080723,399.7136683382408
978,390,Robinia',0,0,0,0,0,0,0,0.0,0.0,0.0,0.0,0.0,0.0,0.0,0.0
978,390,Salix',0,741,141,0,0,0,0,16.320865631103516,9.941876411437988,213.3158396217453,1.9794321413957128,1467.4050859597326,8067.517465516425,0.006331700167259106,30.433638066450236
978,390,Sassafras',0,0,0,0,0,0,0,0.0,0.0,0.0,0.0,0.0,0.0,0.0,0.0
978,390,Sequoia',0,0,0,0,0,0,0,0.0,0.0,0.0,0.0,0.0,0.0,0.0,0.0
978,390,Sequoiadendron',0,0,0,0,0,0,0,0.0,0.0,0.0,0.0,0.0,0.0,0.0,0.0
978,390,Sorbus',0,0,0,0,0,0,0,0.0,0.0,0.0,0.0,0.0,0.0,0.0,0.0
978,390,Taxodium',0,0,0,0,0,0,0,0.0,0.0,0.0,0.0,0.0,0.0,0.0,0.0
978,390,Taxus',0,0,0,0,0,0,0,0.0,0.0,0.0,0.0,0.0,0.0,0.0,0.0
978,390,Thuja',0,0,0,0,0,0,0,0.0,0.0,0.0,0.0,0.0,0.0,0.0,0.0
978,390,Tilia',0,0,0,0,0,0,0,0.0,0.0,0.0,0.0,0.0,0.0,0.0,0.0
978,390,Torreya',0,0,0,0,0,0,0,0.0,0.0,0.0,0.0,0.0,0.0,0.0,0.0
978,390,Tsuga',0,0,0,0,0,0,0,0.0,0.0,0.0,0.0,0.0,0.0,0.0,0.0
978,390,Ulmus',0,29,57,0,0,0,0,124.05571746826172,27.212141036987305,32.04416568284925,1.1831464491386923,1689.1546465811134,25246.668236903664,0.00421497072750703,60.37640393126833
978,390,Umbellularia',0,0,0,0,0,0,0,0.0,0.0,0.0,0.0,0.0,0.0,0.0,0.0
978,400,Abies',0,0,0,0,0,0,0,0.0,0.0,0.0,0.0,0.0,0.0,0.0,0.0
978,400,Acer',0,1654,931,0,0,0,0,25.857677459716797,15.662723541259766,914.095619000683,14.333742079256476,18048.650839217007,76840.9550223198,0.05326702755481871,187.46150445495414
978,400,Aesculus',0,0,0,0,0,0,0,0.0,0.0,0.0,0.0,0.0,0.0,0.0,0.0
978,400,Ailanthus',0,646,49,0,0,0,0,17.135292053222656,8.436388969421387,241.69989889982756,1.5667088887877547,1654.6620075967908,9778.874919235002,0.007156431017075887,34.880199330482164
978,400,Alnus',0,70,0,0,0,0,0,7.090814113616943,5.353344917297363,19.157945967361897,0.1398685830339153,123.52532773077488,1849.7208692068525,0.0005502900075577201,7.778773063160172
978,400,Amelanchier',0,0,0,0,0,0,0,0.0,0.0,0.0,0.0,0.0,0.0,0.0,0.0
978,400,Arbutus',0,0,0,0,0,0,0,0.0,0.0,0.0,0.0,0.0,0.0,0.0,0.0
978,400,Asimina',0,33,0,0,0,0,0,4.1341023445129395,3.8670411109924316,16.15545652335203,0.04520894911759913,49.63622304439545,1109.8996887360936,0.000342869483649736,7.666794728510569
978,400,Betula',0,227,83,0,1,0,0,48.12907791137695,18.39620018005371,124.82104108680652,1.5266188667707563,2002.804951863289,15879.689990734929,0.006247545983876106,45.192454234981874
978,400,Calocedrus',0,0,0,0,0,0,0,0.0,0.0,0.0,0.0,0.0,0.0,0.0,0.0
978,400,Carpinus',0,47,0,0,0,0,0,5.297307968139648,4.471166610717773,27.477693508697456,0.07841604794121672,133.4791055560112,2123.785436814881,0.0006921768981665449,11.042202657751385
978,400,Carya',0,36,81,0,0,0,0,26.018184661865234,14.279908180236816,43.47766882162305,1.489342459623981,2172.5894352144005,24716.30819681579,0.005453861689805974,59.55905768295578
978,400,Castanea',0,0,0,0,0,0,0,0.0,0.0,0.0,0.0,0.0,0.0,0.0,0.0
978,400,Catalpa',0,0,0,0,0,0,0,0.0,0.0,0.0,0.0,0.0,0.0,0.0,0.0
978,400,Celtis',0,139,6,0,3,0,0,52.068782806396484,21.369733810424805,49.58931520769867,0.8553296460002792,1463.7401715278627,28066.67869500978,0.003966621670064053,66.2870528794719
978,400,Cercis',0,0,0,0,0,0,0,0.0,0.0,0.0,0.0,0.0,0.0,0.0,0.0
978,400,Cercocarpus',0,0,0,0,0,0,0,0.0,0.0,0.0,0.0,0.0,0.0,0.0,0.0
978,400,Chamaecyparis',0,0,164,0,0,0,0,27.3859806060791,17.791343688964844,62.39692083239555,4.080729073091785,3721.882907694578,44039.84555663417,0.009172139991884426,105.04548011669974
978,400,Chilopsis',0,0,0,0,0,0,0,0.0,0.0,0.0,0.0,0.0,0.0,0.0,0.0
978,400,Chrysolepis',0,0,0,0,0,0,0,0.0,0.0,0.0,0.0,0.0,0.0,0.0,0.0
978,400,Cladrastis',0,0,0,0,0,0,0,0.0,0.0,0.0,0.0,0.0,0.0,0.0,0.0
978,400,Comus',0,0,0,0,0,0,0,0.0,0.0,0.0,0.0,0.0,0.0,0.0,0.0
978,400,Cornus',0,0,0,0,0,0,0,0.0,0.0,0.0,0.0,0.0,0.0,0.0,0.0
978,400,Crataegus',0,0,0,0,0,0,0,0.0,0.0,0.0,0.0,0.0,0.0,0.0,0.0
978,400,Cupressus',0,0,0,0,0,0,0,0.0,0.0,0.0,0.0,0.0,0.0,0.0,0.0
978,400,Diospyros',0,0,0,0,0,0,0,0.0,0.0,0.0,0.0,0.0,0.0,0.0,0.0
978,400,Elaeagnus',0,292,150,0,0,0,0,14.186837196350098,5.991105556488037,144.61219938118245,1.497348554859622,1374.5451192343235,9554.061147326443,0.005136317686975935,34.00195827044557
978,400,Fagus',0,0,0,0,0,0,0,0.0,0.0,0.0,0.0,0.0,0.0,0.0,0.0
978,400,Fraxinus',0,901,300,0,0,0,0,27.868743896484375,11.71331787109375,422.11953024320957,5.906228161676279,6765.9372333168985,40547.0243398649,0.02111206130842911,101.08027975792389
978,400,Gleditsia',0,0,0,0,0,0,0,0.0,0.0,0.0,0.0,0.0,0.0,0.0,0.0
978,400,Gordonia',0,0,0,0,0,0,0,0.0,0.0,0.0,0.0,0.0,0.0,0.0,0.0
978,400,Gymnocladus',0,0,12,0,0,0,0,10.692781448364258,6.063439846038818,6.604937205586252,0.11278748207477972,109.65052621603013,2451.860303876651,0.0003387495704889317,7.574670669621117
978,400,Halesia',0,35,0,0,0,0,0,1.175629734992981,2.1535065174102783,0.0,0.0038122863381486794,5.112096902132034,114.30996180733167,1.1360214711166918e-05,0.2540221233316196
978,400,Ilex',0,0,0,0,0,0,0,0.0,0.0,0.0,0.0,0.0,0.0,0.0,0.0
978,400,Juglans',0,0,0,0,0,0,0,0.0,0.0,0.0,0.0,0.0,0.0,0.0,0.0
978,400,Juniperus',0,0,0,0,0,0,0,0.0,0.0,0.0,0.0,0.0,0.0,0.0,0.0
978,400,Larix',0,0,0,0,0,0,0,0.0,0.0,0.0,0.0,0.0,0.0,0.0,0.0
978,400,Liquidambar',0,0,0,0,0,0,0,0.0,0.0,0.0,0.0,0.0,0.0,0.0,0.0
978,400,Liriodendron',0,1134,885,39,0,0,0,38.204620361328125,15.274930953979492,884.0987550653516,18.95261239954095,16642.74571659669,59550.415099776845,0.04971097199623412,149.93521027742008
978,400,Lithocarpus',0,0,0,0,0,0,0,0.0,0.0,0.0,0.0,0.0,0.0,0.0,0.0
978,400,Maclura',0,71,54,0,0,0,0,19.53998374938965,9.22526741027832,28.369363336764934,0.9071780854416431,1365.7926893673837,19833.404179944017,0.0034434875918431234,46.75158386494744
978,400,Magnolia',0,117,0,0,0,0,0,6.465244770050049,5.3321027755737305,43.869019981615146,0.20348132912397135,206.49272217333316,2267.8545878140703,0.0010903916289941424,12.144998195886425
978,400,Malus',0,0,0,0,0,0,0,0.0,0.0,0.0,0.0,0.0,0.0,0.0,0.0
978,400,Morus',0,40,0,0,0,0,0,6.598290920257568,5.100973129272461,16.43449709856812,0.04397954779400509,71.35139333307744,1595.4656578208865,0.00039514237172436306,8.835652039661777
978,400,Nyssa',0,5,0,0,0,0,0,3.1708436012268066,2.8700554370880127,1.7586999452566796,0.004327330668756202,6.106730878353119,136.55065364294512,3.8887975836172795e-05,0.8695615747705243
978,400,Olneya',0,0,0,0,0,0,0,0.0,0.0,0.0,0.0,0.0,0.0,0.0,0.0
978,400,Ostrya',0,0,0,0,0,0,0,0.0,0.0,0.0,0.0,0.0,0.0,0.0,0.0
978,400,Oxydendron',0,0,0,0,0,0,0,0.0,0.0,0.0,0.0,0.0,0.0,0.0,0.0
978,400,Paulownia',0,196,4,0,0,0,0,15.344290733337402,6.906798839569092,83.09429004222531,0.3401255027922156,254.9984971666336,2233.8224688256464,0.0017628517962382136,15.138261988922475
978,400,Persea',0,0,0,0,0,0,0,0.0,0.0,0.0,0.0,0.0,0.0,0.0,0.0
978,400,Picea',0,0,0,0,0,0,0,0.0,0.0,0.0,0.0,0.0,0.0,0.0,0.0
978,400,Pinus',0,449,632,139,1,0,0,61.0,23.51212501525879,469.5114144283533,30.985494912283993,37389.49333803714,168446.6509919643,0.0898695944759409,388.4042323902993
978,400,Planera',0,0,0,0,0,0,0,0.0,0.0,0.0,0.0,0.0,0.0,0.0,0.0
978,400,Platanus',0,194,38,0,0,0,0,14.845183372497559,5.476201057434082,208.79898232938365,0.8950586569975284,986.098731919527,8146.6153479957775,0.0051971078881472635,40.0137257549822
978,400,Populus',0,403,18,0,0,0,0,11.630176544189453,5.548305511474609,167.57946714475938,0.861674801756843,729.5839337056875,4798.161499365886,0.0040336971623361985,24.66759743705407
978,400,Prosopis',0,0,0,0,0,0,0,0.0,0.0,0.0,0.0,0.0,0.0,0.0,0.0
978,400,Prunus',0,22,0,0,0,0,0,6.699007987976074,4.4909563064575195,15.012897662346875,0.07881024395941696,78.6696683895588,1759.107262864201,0.00039094048552960095,8.741695008009634
978,400,Pseudotsuga',0,0,0,0,0,0,0,0.0,0.0,0.0,0.0,0.0,0.0,0.0,0.0
978,400,Quercus',0,23,131,36,0,0,1,98.91220092773438,24.446819305419922,97.81954713071447,9.178822108375815,14319.311300996542,185984.04409023415,0.03322885888070057,418.0783349451964
978,400,Robinia',0,0,0,0,0,0,0,0.0,0.0,0.0,0.0,0.0,0.0,0.0,0.0
978,400,Salix',0,790,115,0,0,0,0,23.683013916015625,10.344462394714355,208.19409707631868,2.043805950767932,1550.923857986927,10653.472612910244,0.006443567162215717,34.114978302838615
978,400,Sassafras',0,0,0,0,0,0,0,0.0,0.0,0.0,0.0,0.0,0.0,0.0,0.0
978,400,Sequoia',0,0,0,0,0,0,0,0.0,0.0,0.0,0.0,0.0,0.0,0.0,0.0
978,400,Sequoiadendron',0,0,0,0,0,0,0,0.0,0.0,0.0,0.0,0.0,0.0,0.0,0.0
978,400,Sorbus',0,0,0,0,0,0,0,0.0,0.0,0.0,0.0,0.0,0.0,0.0,0.0
978,400,Taxodium',0,0,0,0,0,0,0,0.0,0.0,0.0,0.0,0.0,0.0,0.0,0.0
978,400,Taxus',0,0,0,0,0,0,0,0.0,0.0,0.0,0.0,0.0,0.0,0.0,0.0
978,400,Thuja',0,0,0,0,0,0,0,0.0,0.0,0.0,0.0,0.0,0.0,0.0,0.0
978,400,Tilia',0,0,0,0,0,0,0,0.0,0.0,0.0,0.0,0.0,0.0,0.0,0.0
978,400,Torreya',0,0,0,0,0,0,0,0.0,0.0,0.0,0.0,0.0,0.0,0.0,0.0
978,400,Tsuga',0,0,0,0,0,0,0,0.0,0.0,0.0,0.0,0.0,0.0,0.0,0.0
978,400,Ulmus',0,47,25,0,0,0,0,130.6958770751953,27.819637298583984,28.945078050977063,0.9008211355576146,1607.2833723002673,27756.00810738775,0.003988421263867988,64.90035927855575
978,400,Umbellularia',0,0,0,0,0,0,0,0.0,0.0,0.0,0.0,0.0,0.0,0.0,0.0
978,410,Abies',0,0,0,0,0,0,0,0.0,0.0,0.0,0.0,0.0,0.0,0.0,0.0
978,410,Acer',0,1595,861,0,0,0,0,22.852861404418945,14.365835189819336,819.6779707227421,13.386393929862448,16073.990912052543,62978.374942999035,0.0475196993683818,156.63742539824352
978,410,Aesculus',0,0,0,0,0,0,0,0.0,0.0,0.0,0.0,0.0,0.0,0.0,0.0
978,410,Ailanthus',0,452,162,0,0,0,0,23.730379104614258,10.5407133102417,230.71959390010258,2.1537900143747675,2167.046165165901,13008.5011333433,0.008136994877773798,42.85215555172275
978,410,Alnus',0,28,0,0,0,0,0,7.088387489318848,5.352111339569092,2.3369676327403583,0.01968694732506202,23.836793849468233,383.122360719422,8.66125985002145e-05,1.4185621941380309
978,410,Amelanchier',0,0,0,0,0,0,0,0.0,0.0,0.0,0.0,0.0,0.0,0.0,0.0
978,410,Arbutus',0,0,0,0,0,0,0,0.0,0.0,0.0,0.0,0.0,0.0,0.0,0.0
978,410,Asimina',0,0,0,0,0,0,0,0.0,0.0,0.0,0.0,0.0,0.0,0.0,0.0
978,410,Betula',0,115,148,2,1,0,0,55.72477722167969,19.941511154174805,133.94831844169315,2.1994618982447998,2944.3266200830044,22985.36306931769,0.008471208606599369,61.75554929467382
978,410,Calocedrus',0,0,0,0,0,0,0,0.0,0.0,0.0,0.0,0.0,0.0,0.0,0.0
978,410,Carpinus',0,57,15,0,0,0,0,9.335773468017578,6.240980625152588,25.91139586665962,0.24172127577250718,287.60547049999235,4450.911584184213,0.0010121322021465777,15.77571384257961
978,410,Carya',0,31,79,5,0,0,0,31.19135093688965,16.053415298461914,41.42872936835017,1.5094626813020229,2403.5210900002717,29312.77065350732,0.005937547396943009,69.27187963916953
978,410,Castanea',0,30,0,0,0,0,0,0.5,1.6491755247116089,0.0,0.0005898340207114882,2.325587689578533,52.001721615342476,5.167972849449142e-06,0.1155593859724137
978,410,Catalpa',0,0,0,0,0,0,0,0.0,0.0,0.0,0.0,0.0,0.0,0.0,0.0
978,410,Celtis',0,128,57,0,3,0,0,56.004425048828125,22.28421974182129,66.40225781528632,1.439818443140712,2104.266644844115,33591.670567914945,0.005632045577926541,77.91230935825786
978,410,Cercis',0,0,0,0,0,0,0,0.0,0.0,0.0,0.0,0.0,0.0,0.0,0.0
978,410,Cercocarpus',0,0,0,0,0,0,0,0.0,0.0,0.0,0.0,0.0,0.0,0.0,0.0
978,410,Chamaecyparis',0,40,104,22,0,0,0,30.667068481445312,18.74934196472168,64.87689352750778,5.032983635592136,4858.290392007828,58043.90160069823,0.011733311871294443,136.59825951064758
978,410,Chilopsis',0,0,0,0,0,0,0,0.0,0.0,0.0,0.0,0.0,0.0,0.0,0.0
978,410,Chrysolepis',0,0,0,0,0,0,0,0.0,0.0,0.0,0.0,0.0,0.0,0.0,0.0
978,410,Cladrastis',0,0,0,0,0,0,0,0.0,0.0,0.0,0.0,0.0,0.0,0.0,0.0
978,410,Comus',0,0,0,0,0,0,0,0.0,0.0,0.0,0.0,0.0,0.0,0.0,0.0
978,410,Cornus',0,0,0,0,0,0,0,0.0,0.0,0.0,0.0,0.0,0.0,0.0,0.0
978,410,Crataegus',0,0,0,0,0,0,0,0.0,0.0,0.0,0.0,0.0,0.0,0.0,0.0
978,410,Cupressus',0,0,0,0,0,0,0,0.0,0.0,0.0,0.0,0.0,0.0,0.0,0.0
978,410,Diospyros',0,0,0,0,0,0,0,0.0,0.0,0.0,0.0,0.0,0.0,0.0,0.0
978,410,Elaeagnus',0,370,46,0,0,0,0,24.05187225341797,7.434548377990723,143.76219851778276,1.3511318962546004,1287.031633837819,9239.64087175803,0.00492960706828909,32.15229267213621
978,410,Fagus',0,0,0,0,0,0,0,0.0,0.0,0.0,0.0,0.0,0.0,0.0,0.0
978,410,Fraxinus',0,906,411,0,0,0,0,20.62843894958496,11.389662742614746,412.3150463883258,7.421634881440424,8205.885044751763,42421.02128510209,0.02417080416138226,107.51613187136213
978,410,Gleditsia',0,0,0,0,0,0,0,0.0,0.0,0.0,0.0,0.0,0.0,0.0,0.0
978,410,Gordonia',0,0,0,0,0,0,0,0.0,0.0,0.0,0.0,0.0,0.0,0.0,0.0
978,410,Gymnocladus',0,0,12,0,0,0,0,16.148326873779297,8.094342231750488,7.628916766070112,0.25723768017359944,269.731281914711,6031.374820194556,0.0007092253097295771,15.858760039186892
978,410,Halesia',0,0,0,0,0,0,0,0.0,0.0,0.0,0.0,0.0,0.0,0.0,0.0
978,410,Ilex',0,0,0,0,0,0,0,0.0,0.0,0.0,0.0,0.0,0.0,0.0,0.0
978,410,Juglans',0,0,0,0,0,0,0,0.0,0.0,0.0,0.0,0.0,0.0,0.0,0.0
978,410,Juniperus',0,0,0,0,0,0,0,0.0,0.0,0.0,0.0,0.0,0.0,0.0,0.0
978,410,Larix',0,0,0,0,0,0,0,0.0,0.0,0.0,0.0,0.0,0.0,0.0,0.0
978,410,Liquidambar',0,0,0,0,0,0,0,0.0,0.0,0.0,0.0,0.0,0.0,0.0,0.0
978,410,Liriodendron',0,1488,1038,34,0,0,0,43.91080856323242,16.802160263061523,1031.7797096307047,21.753079766747113,18888.036883121582,60258.52303615495,0.0568264575853794,154.5322631803835
978,410,Lithocarpus',0,0,0,0,0,0,0,0.0,0.0,0.0,0.0,0.0,0.0,0.0,0.0
978,410,Maclura',0,119,32,0,0,0,0,22.240537643432617,9.971996307373047,54.02568855051752,1.275845955920765,1971.0848869001866,26810.772387116285,0.005157918514795577,64.73733736272654
978,410,Magnolia',0,35,37,0,0,0,0,11.391134262084961,6.184123992919922,29.394039805931378,0.38504970959443957,311.6652027320862,4038.102188373002,0.0011157328688092536,14.475743635625706
978,410,Malus',0,0,0,0,0,0,0,0.0,0.0,0.0,0.0,0.0,0.0,0.0,0.0
978,410,Morus',0,31,0,0,0,0,0,4.114791393280029,3.765035629272461,15.394113901295238,0.04133010770434677,62.940456047058106,1407.3913825605748,0.00036147450621239836,8.082815680240884
978,410,Nyssa',0,0,0,0,0,0,0,0.0,0.0,0.0,0.0,0.0,0.0,0.0,0.0
978,410,Olneya',0,0,0,0,0,0,0,0.0,0.0,0.0,0.0,0.0,0.0,0.0,0.0
978,410,Ostrya',0,26,0,0,0,0,0,5.044675350189209,5.2006940841674805,10.037759616027902,0.05236699070051375,76.91545163989068,1719.8817838689172,0.0003154223461076584,7.0530580751918865
978,410,Oxydendron',0,0,0,0,0,0,0,0.0,0.0,0.0,0.0,0.0,0.0,0.0,0.0
978,410,Paulownia',0,90,27,0,0,0,0,11.610956192016602,5.710267543792725,28.746366420690013,0.3622345232001548,195.81925441682338,3271.8634637633722,0.0008489738295413508,12.731605070408545
978,410,Persea',0,0,0,0,0,0,0,0.0,0.0,0.0,0.0,0.0,0.0,0.0,0.0
978,410,Picea',0,0,0,0,0,0,0,0.0,0.0,0.0,0.0,0.0,0.0,0.0,0.0
978,410,Pinus',0,182,794,184,11,0,0,51.732730865478516,24.09693145751953,419.890742547214,35.68421627835504,42595.068290376366,181055.03141016,0.10072079467382525,413.4997818943759
978,410,Planera',0,0,0,0,0,0,0,0.0,0.0,0.0,0.0,0.0,0.0,0.0,0.0
978,410,Platanus',0,61,24,0,0,0,0,20.639663696289062,6.964535236358643,71.09430667343018,0.6251374815540046,577.3230850100517,6836.893136426792,0.002306382208198309,26.294032574797587
978,410,Populus',0,240,6,0,0,0,0,17.098905563354492,7.359630584716797,108.22555167482624,0.5419047217138754,483.00690379321577,3963.9347007824717,0.0026313155892822007,21.02142398358631
978,410,Prosopis',0,0,0,0,0,0,0,0.0,0.0,0.0,0.0,0.0,0.0,0.0,0.0
978,410,Prunus',0,58,22,0,0,0,0,11.008049011230469,6.3846049308776855,17.483487222107904,0.3184877666313871,244.05944542557,3954.79782433848,0.0007940388157116262,11.384437086490928
978,410,Pseudotsuga',0,0,0,0,0,0,0,0.0,0.0,0.0,0.0,0.0,0.0,0.0,0.0
978,410,Quercus',0,30,118,42,0,0,1,104.3293685913086,25.111244201660156,89.76559007092366,10.295560595283149,16189.434615948201,196667.80035627913,0.037268745507449075,442.05700367312363
978,410,Robinia',0,0,0,0,0,0,0,0.0,0.0,0.0,0.0,0.0,0.0,0.0,0.0
978,410,Salix',0,1061,86,0,0,0,0,15.12044906616211,7.85044527053833,292.1626195276179,2.226355955091344,1760.7955455560982,8805.762069826318,0.008118722215461291,34.73084139257021
978,410,Sassafras',0,0,0,0,0,0,0,0.0,0.0,0.0,0.0,0.0,0.0,0.0,0.0
978,410,Sequoia',0,0,0,0,0,0,0,0.0,0.0,0.0,0.0,0.0,0.0,0.0,0.0
978,410,Sequoiadendron',0,0,0,0,0,0,0,0.0,0.0,0.0,0.0,0.0,0.0,0.0,0.0
978,410,Sorbus',0,0,0,0,0,0,0,0.0,0.0,0.0,0.0,0.0,0.0,0.0,0.0
978,410,Taxodium',0,0,0,0,0,0,0,0.0,0.0,0.0,0.0,0.0,0.0,0.0,0.0
978,410,Taxus',0,0,0,0,0,0,0,0.0,0.0,0.0,0.0,0.0,0.0,0.0,0.0
978,410,Thuja',0,0,0,0,0,0,0,0.0,0.0,0.0,0.0,0.0,0.0,0.0,0.0
978,410,Tilia',0,0,0,0,0,0,0,0.0,0.0,0.0,0.0,0.0,0.0,0.0,0.0
978,410,Torreya',0,0,0,0,0,0,0,0.0,0.0,0.0,0.0,0.0,0.0,0.0,0.0
978,410,Tsuga',0,0,0,0,0,0,0,0.0,0.0,0.0,0.0,0.0,0.0,0.0,0.0
978,410,Ulmus',0,45,0,0,0,0,0,141.30160522460938,28.69952964782715,33.459175017815596,0.7069672251790887,1529.8045197439194,32162.83267923783,0.003881228927865627,75.5257663336975
978,410,Umbellularia',0,0,0,0,0,0,0,0.0,0.0,0.0,0.0,0.0,0.0,0.0,0.0
978,420,Abies',0,0,0,0,0,0,0,0.0,0.0,0.0,0.0,0.0,0.0,0.0,0.0
978,420,Acer',0,1201,848,0,0,0,0,22.4500789642334,14.045172691345215,752.071376238254,13.58893047674266,16584.962475940585,70183.34959794315,0.04768195736489175,171.96647530547924
978,420,Aesculus',0,20,0,0,0,0,0,0.8149998784065247,1.6473512649536133,0.0,0.0010537954976260523,3.347809201478958,74.85928950206234,7.439576141769066e-06,0.1663539797678122
978,420,Ailanthus',0,360,212,0,0,0,0,17.398435592651367,8.526335716247559,151.5378809750929,2.5606479804779876,2371.981916639954,15951.159053825611,0.007452542872574856,45.940790836841785
978,420,Alnus',0,32,0,0,0,0,0,7.792471885681152,5.705975532531738,15.05075740757622,0.1278680028107051,114.05893056929112,2512.6462703097063,0.00047012830005959224,10.257916007575947
978,420,Amelanchier',0,1,0,0,0,0,0,1.0369137525558472,2.0114524364471436,0.0,8.444523535931264e-05,0.21664422750473022,4.844312196335076,4.814316343981772e-07,0.01076513861033145
978,420,Arbutus',0,0,0,0,0,0,0,0.0,0.0,0.0,0.0,0.0,0.0,0.0,0.0
978,420,Asimina',0,0,0,0,0,0,0,0.0,0.0,0.0,0.0,0.0,0.0,0.0,0.0
978,420,Betula',0,198,149,2,0,0,0,39.02372741699219,16.22779083251953,141.18381851930405,2.303052594412039,2849.923874847293,23194.54624069109,0.008365583557645806,61.773521682827386
978,420,Calocedrus',0,0,0,0,0,0,0,0.0,0.0,0.0,0.0,0.0,0.0,0.0,0.0
978,420,Carpinus',0,26,47,0,0,0,0,13.399563789367676,7.602158546447754,31.23362706903415,0.5535929360549976,619.7983257848025,8500.12826197909,0.0018269549936130631,24.050881567912032
978,420,Carya',0,0,79,5,0,0,0,35.8385009765625,18.504722595214844,40.11683734723284,2.019151007860277,3350.6829716050624,40626.51581242521,0.008023466416448431,96.35567270356815
978,420,Castanea',0,0,0,0,0,0,0,0.0,0.0,0.0,0.0,0.0,0.0,0.0,0.0
978,420,Catalpa',0,5,0,0,0,0,0,3.5776584148406982,2.9331889152526855,2.237068384508543,0.005066618023488414,6.208224935531616,138.8201297545798,4.599989680945873e-05,1.0285889622392514
978,420,Celtis',0,23,129,0,3,0,0,59.768028259277344,23.10353660583496,52.268377478599916,2.2307355622559446,2981.9176260448994,40528.25820245601,0.0073789162967615035,93.48538928186068
978,420,Cercis',0,0,0,0,0,0,0,0.0,0.0,0.0,0.0,0.0,0.0,0.0,0.0
978,420,Cercocarpus',0,0,0,0,0,0,0,0.0,0.0,0.0,0.0,0.0,0.0,0.0,0.0
978,420,Chamaecyparis',0,31,116,22,0,0,0,33.60493850708008,19.49857521057129,45.814193120598794,5.601513636574144,5580.2477311283355,71052.99951456174,0.013062310907239938,163.34400621278806
978,420,Chilopsis',0,0,0,0,0,0,0,0.0,0.0,0.0,0.0,0.0,0.0,0.0,0.0
978,420,Chrysolepis',0,0,0,0,0,0,0,0.0,0.0,0.0,0.0,0.0,0.0,0.0,0.0
978,420,Cladrastis',0,0,0,0,0,0,0,0.0,0.0,0.0,0.0,0.0,0.0,0.0,0.0
978,420,Comus',0,0,0,0,0,0,0,0.0,0.0,0.0,0.0,0.0,0.0,0.0,0.0
978,420,Cornus',0,0,0,0,0,0,0,0.0,0.0,0.0,0.0,0.0,0.0,0.0,0.0
978,420,Crataegus',0,0,0,0,0,0,0,0.0,0.0,0.0,0.0,0.0,0.0,0.0,0.0
978,420,Cupressus',0,0,0,0,0,0,0,0.0,0.0,0.0,0.0,0.0,0.0,0.0,0.0
978,420,Diospyros',0,0,0,0,0,0,0,0.0,0.0,0.0,0.0,0.0,0.0,0.0,0.0
978,420,Elaeagnus',0,270,30,0,0,0,0,9.671627044677734,4.942235946655273,92.60851162096745,0.4822999859603653,526.3387036094069,4759.039173447066,0.0025027925420655077,20.880245926936738
978,420,Fagus',0,0,0,0,0,0,0,0.0,0.0,0.0,0.0,0.0,0.0,0.0,0.0
978,420,Fraxinus',0,771,468,0,0,0,0,24.25690269470215,12.837919235229492,355.24413868195455,7.19496958154657,8051.165236062258,39248.38807498447,0.023005414859333117,100.32034699346134
978,420,Gleditsia',0,0,0,0,0,0,0,0.0,0.0,0.0,0.0,0.0,0.0,0.0,0.0
978,420,Gordonia',0,0,0,0,0,0,0,0.0,0.0,0.0,0.0,0.0,0.0,0.0,0.0
978,420,Gymnocladus',0,0,12,0,0,0,0,20.59127426147461,9.577166557312012,4.724957948621315,0.41825964744452215,468.08885134100916,10466.784911082932,0.0011082158150374946,24.78045896164182
978,420,Halesia',0,0,0,0,0,0,0,0.0,0.0,0.0,0.0,0.0,0.0,0.0,0.0
978,420,Ilex',0,0,0,0,0,0,0,0.0,0.0,0.0,0.0,0.0,0.0,0.0,0.0
978,420,Juglans',0,0,0,0,0,0,0,0.0,0.0,0.0,0.0,0.0,0.0,0.0,0.0
978,420,Juniperus',0,0,0,0,0,0,0,0.0,0.0,0.0,0.0,0.0,0.0,0.0,0.0
978,420,Larix',0,0,0,0,0,0,0,0.0,0.0,0.0,0.0,0.0,0.0,0.0,0.0
978,420,Liquidambar',0,0,0,0,0,0,0,0.0,0.0,0.0,0.0,0.0,0.0,0.0,0.0
978,420,Liriodendron',0,1680,977,47,0,0,0,39.72798156738281,15.694418907165527,966.342554184832,22.471807110471666,19705.4174273029,67720.33518646861,0.0577008547501755,167.76002668321797
978,420,Lithocarpus',0,0,0,0,0,0,0,0.0,0.0,0.0,0.0,0.0,0.0,0.0,0.0
978,420,Maclura',0,57,67,0,0,0,0,10.121118545532227,6.033890247344971,33.70516785337955,0.5647162386293287,785.0374733448028,10355.534070852238,0.0022297323745992122,27.877573212889637
978,420,Magnolia',0,23,23,0,0,0,0,13.222761154174805,7.195868968963623,3.9332390876038916,0.3264187303649716,252.4575620393455,5539.447783693033,0.0006176379757626039,13.561101053777378
978,420,Malus',0,0,0,0,0,0,0,0.0,0.0,0.0,0.0,0.0,0.0,0.0,0.0
978,420,Morus',0,31,0,0,0,0,0,7.606251239776611,5.613169193267822,5.775783992832219,0.14122520838044972,127.40457525908947,2848.852909238085,0.00036626689924299774,8.189976846154204
978,420,Nyssa',0,0,0,0,0,0,0,0.0,0.0,0.0,0.0,0.0,0.0,0.0,0.0
978,420,Olneya',0,0,0,0,0,0,0,0.0,0.0,0.0,0.0,0.0,0.0,0.0,0.0
978,420,Ostrya',0,0,0,0,0,0,0,0.0,0.0,0.0,0.0,0.0,0.0,0.0,0.0
978,420,Oxydendron',0,0,0,0,0,0,0,0.0,0.0,0.0,0.0,0.0,0.0,0.0,0.0
978,420,Paulownia',0,281,0,0,0,0,0,7.242922306060791,4.180744647979736,95.43266706781672,0.3308731725982312,265.9830873426795,2216.7918098354307,0.0019648797917915547,17.282432529336745
978,420,Persea',0,0,0,0,0,0,0,0.0,0.0,0.0,0.0,0.0,0.0,0.0,0.0
978,420,Picea',0,0,0,0,0,0,0,0.0,0.0,0.0,0.0,0.0,0.0,0.0,0.0
978,420,Pinus',0,343,756,127,14,0,0,59.228858947753906,24.634103775024414,532.1370672285557,35.07109763774896,42670.247647978664,190114.2672219964,0.10250919710085382,437.5888748836079
978,420,Planera',0,0,0,0,0,0,0,0.0,0.0,0.0,0.0,0.0,0.0,0.0,0.0
978,420,Platanus',0,21,24,0,0,0,0,26.108503341674805,8.30161190032959,31.65932998249802,0.7436302654850122,656.3974417328835,9949.856537143456,0.0019144146196246074,26.20525310028899
978,420,Populus',0,270,24,0,0,0,0,25.14849853515625,9.828768730163574,113.85596250620068,0.6703085740626925,628.6277495896817,6340.046650682736,0.0030359703338556027,23.22847630198528
978,420,Prosopis',0,0,0,0,0,0,0,0.0,0.0,0.0,0.0,0.0,0.0,0.0,0.0
978,420,Prunus',0,37,22,0,0,0,0,15.217283248901367,8.122884750366211,21.753560313129725,0.4278724940580997,389.0999052411318,8163.525264529873,0.0011778210410941295,22.46048036872815
978,420,Pseudotsuga',0,0,0,0,0,0,0,0.0,0.0,0.0,0.0,0.0,0.0,0.0,0.0
978,420,Quercus',0,35,148,0,28,0,1,109.84796905517578,25.747264862060547,105.60325039008372,10.110590753191465,15724.399277190269,203708.56827795872,0.0364633282835108,459.0945020728951
978,420,Robinia',0,0,0,0,0,0,0,0.0,0.0,0.0,0.0,0.0,0.0,0.0,0.0
978,420,Salix',0,877,116,0,0,0,0,24.575355529785156,11.052228927612305,321.05941679234365,2.7649330303987423,2171.422629110515,10911.38436121927,0.009447212307797992,38.663552987303966
978,420,Sassafras',0,0,0,0,0,0,0,0.0,0.0,0.0,0.0,0.0,0.0,0.0,0.0
978,420,Sequoia',0,0,0,0,0,0,0,0.0,0.0,0.0,0.0,0.0,0.0,0.0,0.0
978,420,Sequoiadendron',0,0,0,0,0,0,0,0.0,0.0,0.0,0.0,0.0,0.0,0.0,0.0
978,420,Sorbus',0,0,0,0,0,0,0,0.0,0.0,0.0,0.0,0.0,0.0,0.0,0.0
978,420,Taxodium',0,0,0,0,0,0,0,0.0,0.0,0.0,0.0,0.0,0.0,0.0,0.0
978,420,Taxus',0,0,0,0,0,0,0,0.0,0.0,0.0,0.0,0.0,0.0,0.0,0.0
978,420,Thuja',0,0,0,0,0,0,0,0.0,0.0,0.0,0.0,0.0,0.0,0.0,0.0
978,420,Tilia',0,0,0,0,0,0,0,0.0,0.0,0.0,0.0,0.0,0.0,0.0,0.0
978,420,Torreya',0,0,0,0,0,0,0,0.0,0.0,0.0,0.0,0.0,0.0,0.0,0.0
978,420,Tsuga',0,0,0,0,0,0,0,0.0,0.0,0.0,0.0,0.0,0.0,0.0,0.0
978,420,Ulmus',0,67,12,0,0,0,0,151.68983459472656,29.464279174804688,40.76709117881859,1.030950574529791,1961.7484871566296,37910.109662245646,0.004946306012660268,88.50323171640007
978,420,Umbellularia',0,0,0,0,0,0,0,0.0,0.0,0.0,0.0,0.0,0.0,0.0,0.0
978,430,Abies',0,0,0,0,0,0,0,0.0,0.0,0.0,0.0,0.0,0.0,0.0,0.0
978,430,Acer',0,1491,854,0,0,0,0,22.999147415161133,14.288579940795898,806.7047050333568,13.110818103735701,16475.44014492944,71949.6203942371,0.04822505170240589,176.21486238080936
978,430,Aesculus',0,0,0,0,0,0,0,0.0,0.0,0.0,0.0,0.0,0.0,0.0,0.0
978,430,Ailanthus',0,388,131,0,0,0,0,12.966263771057129,6.9395246505737305,170.48864891823334,1.8494587767717654,1805.5605529630184,15090.583962857434,0.006466635645346241,45.63032491120998
978,430,Alnus',0,38,5,0,0,0,0,11.542494773864746,7.460192680358887,25.284304486799844,0.14571695236432622,149.39279291391372,2370.959572317446,0.0006959655810594587,11.165408849827243
978,430,Amelanchier',0,0,0,0,0,0,0,0.0,0.0,0.0,0.0,0.0,0.0,0.0,0.0
978,430,Arbutus',0,0,0,0,0,0,0,0.0,0.0,0.0,0.0,0.0,0.0,0.0,0.0
978,430,Asimina',0,0,0,0,0,0,0,0.0,0.0,0.0,0.0,0.0,0.0,0.0,0.0
978,430,Betula',0,188,221,5,0,0,0,45.51224136352539,17.810569763183594,148.57139899006373,3.81864369868044,4620.7787066411975,33445.94655929697,0.012407164886793082,83.87693137921377
978,430,Calocedrus',0,0,0,0,0,0,0,0.0,0.0,0.0,0.0,0.0,0.0,0.0,0.0
978,430,Carpinus',0,0,47,0,0,0,0,17.264461517333984,8.59699821472168,20.346979562051686,0.7913497242006093,901.0544384449721,14244.437693959952,0.0022952491814047173,36.254715461832916
978,430,Carya',0,0,37,0,0,0,0,18.414344787597656,11.545605659484863,7.07350488044793,0.9992295116701979,1513.8994653993846,33851.821157336366,0.0034660480120331325,77.5031896818408
978,430,Castanea',0,0,0,0,0,0,0,0.0,0.0,0.0,0.0,0.0,0.0,0.0,0.0
978,430,Catalpa',0,5,0,0,0,0,0,7.053618431091309,4.430891990661621,1.2782495704632768,0.01969447204282133,13.12178897023201,293.4121212384571,4.756064426153898e-05,1.0634883362248682
978,430,Celtis',0,64,158,0,0,0,0,15.068987846374512,9.014115333557129,52.391169980828515,2.284640996437469,2250.931132194102,20053.760859347505,0.005756269214571459,50.31413760407211
978,430,Cercis',0,0,0,0,0,0,0,0.0,0.0,0.0,0.0,0.0,0.0,0.0,0.0
978,430,Cercocarpus',0,0,0,0,0,0,0,0.0,0.0,0.0,0.0,0.0,0.0,0.0,0.0
978,430,Chamaecyparis',0,47,146,22,0,0,0,36.35124588012695,20.117521286010742,66.82132776558399,7.021791842824896,7096.994806268812,85883.35223437192,0.016736296572997637,195.6174716669439
978,430,Chilopsis',0,0,0,0,0,0,0,0.0,0.0,0.0,0.0,0.0,0.0,0.0,0.0
978,430,Chrysolepis',0,0,0,0,0,0,0,0.0,0.0,0.0,0.0,0.0,0.0,0.0,0.0
978,430,Cladrastis',0,0,0,0,0,0,0,0.0,0.0,0.0,0.0,0.0,0.0,0.0,0.0
978,430,Comus',0,0,0,0,0,0,0,0.0,0.0,0.0,0.0,0.0,0.0,0.0,0.0
978,430,Cornus',0,0,0,0,0,0,0,0.0,0.0,0.0,0.0,0.0,0.0,0.0,0.0
978,430,Crataegus',0,0,0,0,0,0,0,0.0,0.0,0.0,0.0,0.0,0.0,0.0,0.0
978,430,Cupressus',0,0,0,0,0,0,0,0.0,0.0,0.0,0.0,0.0,0.0,0.0,0.0
978,430,Diospyros',0,0,0,0,0,0,0,0.0,0.0,0.0,0.0,0.0,0.0,0.0,0.0
978,430,Elaeagnus',0,231,17,0,0,0,0,19.406051635742188,6.8705058097839355,64.94130407566134,0.7349465455095119,671.1833851805329,5905.541047751869,0.0024263847963628413,19.959360739203078
978,430,Fagus',0,0,0,0,0,0,0,0.0,0.0,0.0,0.0,0.0,0.0,0.0,0.0
978,430,Fraxinus',0,846,491,0,0,0,0,24.495317459106445,11.363151550292969,442.8068572806217,9.338422429900044,10701.054278285206,51348.580163181934,0.030154571316634227,126.62437854358232
978,430,Gleditsia',0,29,0,0,0,0,0,6.813927173614502,5.287156105041504,11.338361861962305,0.10706336959128412,122.35097252726555,2735.8509168417418,0.0004351130717992782,9.729424064419351
978,430,Gordonia',0,0,0,0,0,0,0,0.0,0.0,0.0,0.0,0.0,0.0,0.0,0.0
978,430,Gymnocladus',0,0,12,0,0,0,0,24.234699249267578,10.689396858215332,5.84078351153603,0.579368380886818,693.7402014732361,15512.502492185471,0.0016257261316776246,36.35234143228964
978,430,Halesia',0,0,0,0,0,0,0,0.0,0.0,0.0,0.0,0.0,0.0,0.0,0.0
978,430,Ilex',0,0,0,0,0,0,0,0.0,0.0,0.0,0.0,0.0,0.0,0.0,0.0
978,430,Juglans',0,0,0,0,0,0,0,0.0,0.0,0.0,0.0,0.0,0.0,0.0,0.0
978,430,Juniperus',0,0,0,0,0,0,0,0.0,0.0,0.0,0.0,0.0,0.0,0.0,0.0
978,430,Larix',0,0,0,0,0,0,0,0.0,0.0,0.0,0.0,0.0,0.0,0.0,0.0
978,430,Liquidambar',0,0,0,0,0,0,0,0.0,0.0,0.0,0.0,0.0,0.0,0.0,0.0
978,430,Liriodendron',0,1583,1252,67,0,0,0,43.53849792480469,16.706117630004883,1115.264651589567,26.033135141948627,22675.72934144497,73713.13745047197,0.06644536366089479,181.5908689201283
978,430,Lithocarpus',0,0,0,0,0,0,0,0.0,0.0,0.0,0.0,0.0,0.0,0.0,0.0
978,430,Maclura',0,122,48,0,0,0,0,12.562740325927734,6.958446025848389,70.38434797355646,0.6858389112403407,1022.4400973266363,13138.175972021354,0.0032853109140526383,36.42251997912951
978,430,Magnolia',0,22,23,0,0,0,0,17.281177520751953,8.547605514526367,11.820758514200582,0.6344163379962876,523.1634768348932,10435.722757543334,0.0013327518455013723,25.753932545010407
978,430,Malus',0,0,0,0,0,0,0,0.0,0.0,0.0,0.0,0.0,0.0,0.0,0.0
978,430,Morus',0,0,0,0,0,0,0,0.0,0.0,0.0,0.0,0.0,0.0,0.0,0.0
978,430,Nyssa',0,0,0,0,0,0,0,0.0,0.0,0.0,0.0,0.0,0.0,0.0,0.0
978,430,Olneya',0,0,0,0,0,0,0,0.0,0.0,0.0,0.0,0.0,0.0,0.0,0.0
978,430,Ostrya',0,0,0,0,0,0,0,0.0,0.0,0.0,0.0,0.0,0.0,0.0,0.0
978,430,Oxydendron',0,0,0,0,0,0,0,0.0,0.0,0.0,0.0,0.0,0.0,0.0,0.0
978,430,Paulownia',0,184,0,0,0,0,0,7.589987277984619,4.307677745819092,40.004261922609956,0.38840784524617517,214.28727116823197,2440.823478925201,0.0010520775154745164,11.373593922313958
978,430,Persea',0,0,0,0,0,0,0,0.0,0.0,0.0,0.0,0.0,0.0,0.0,0.0
978,430,Picea',0,0,0,0,0,0,0,0.0,0.0,0.0,0.0,0.0,0.0,0.0,0.0
978,430,Pinus',0,249,747,151,17,0,0,60.74332046508789,25.14014434814453,486.3225993096828,38.164668967499466,46963.60450410008,207175.56494246772,0.11138822514652733,473.46594983161543
978,430,Planera',0,0,0,0,0,0,0,0.0,0.0,0.0,0.0,0.0,0.0,0.0,0.0
978,430,Platanus',0,0,16,0,0,0,0,18.168546676635742,6.339044094085693,9.411486315576335,0.42932936268999383,345.23933483362197,7719.786211947778,0.0009026820893883773,20.18458513943965
978,430,Populus',0,351,12,0,0,0,0,8.673895835876465,4.521153450012207,119.11613089185725,0.5259534294211172,477.54539252519606,3319.677144376746,0.0027759548661890447,19.485888541685117
978,430,Prosopis',0,0,0,0,0,0,0,0.0,0.0,0.0,0.0,0.0,0.0,0.0,0.0
978,430,Prunus',0,21,0,0,0,0,0,6.513816833496094,5.055024147033691,15.433591745699506,0.03842203281991389,50.61957106947899,836.4359600884997,0.0003346630633156757,5.530133707460818
978,430,Pseudotsuga',0,0,0,0,0,0,0,0.0,0.0,0.0,0.0,0.0,0.0,0.0,0.0
978,430,Quercus',0,102,140,0,28,0,1,114.82318115234375,26.28739356994629,91.95601194342478,10.743367656336495,16580.749948961737,212772.72330704753,0.03816986856296386,478.88474655673434
978,430,Robinia',0,0,0,0,0,0,0,0.0,0.0,0.0,0.0,0.0,0.0,0.0,0.0
978,430,Salix',0,741,83,1,0,0,0,30.631759643554688,15.349233627319336,247.3576254562675,1.7010394658137307,1451.4682247313858,7918.761068156071,0.006786335376441474,32.22166532854778
978,430,Sassafras',0,24,0,0,0,0,0,1.491793155670166,2.883063554763794,1.9816902360018294,0.004313723032522904,5.791134624779224,129.4937068785903,4.139671991579234e-05,0.9256587977723116
978,430,Sequoia',0,0,0,0,0,0,0,0.0,0.0,0.0,0.0,0.0,0.0,0.0,0.0
978,430,Sequoiadendron',0,0,0,0,0,0,0,0.0,0.0,0.0,0.0,0.0,0.0,0.0,0.0
978,430,Sorbus',0,0,0,0,0,0,0,0.0,0.0,0.0,0.0,0.0,0.0,0.0,0.0
978,430,Taxodium',0,0,0,0,0,0,0,0.0,0.0,0.0,0.0,0.0,0.0,0.0,0.0
978,430,Taxus',0,0,0,0,0,0,0,0.0,0.0,0.0,0.0,0.0,0.0,0.0,0.0
978,430,Thuja',0,0,0,0,0,0,0,0.0,0.0,0.0,0.0,0.0,0.0,0.0,0.0
978,430,Tilia',0,0,0,0,0,0,0,0.0,0.0,0.0,0.0,0.0,0.0,0.0,0.0
978,430,Torreya',0,0,0,0,0,0,0,0.0,0.0,0.0,0.0,0.0,0.0,0.0,0.0
978,430,Tsuga',0,0,0,0,0,0,0,0.0,0.0,0.0,0.0,0.0,0.0,0.0,0.0
978,430,Ulmus',0,65,41,0,0,0,0,17.999530792236328,7.647264003753662,39.62783591090878,0.5227597343795177,478.420900093317,6918.010924268814,0.0016336222912762303,20.45888993456081
978,430,Umbellularia',0,0,0,0,0,0,0,0.0,0.0,0.0,0.0,0.0,0.0,0.0,0.0
978,440,Abies',0,0,0,0,0,0,0,0.0,0.0,0.0,0.0,0.0,0.0,0.0,0.0
978,440,Acer',0,1619,648,0,0,0,0,23.76084327697754,14.621692657470703,752.0943817371337,13.75908662234234,17597.378687941284,80582.45485860846,0.04993210278305392,192.34304753224757
978,440,Aesculus',0,0,0,0,0,0,0,0.0,0.0,0.0,0.0,0.0,0.0,0.0,0.0
978,440,Ailanthus',0,398,68,0,0,0,0,15.196871757507324,7.757486820220947,97.9969801150168,1.1829630708124765,1181.1832853215933,14639.194871865551,0.0040355727402963905,40.118335761112824
978,440,Alnus',0,0,44,0,0,0,0,18.889404296875,10.335156440734863,17.870188595939286,0.427061742962816,378.66156978070734,6001.435004903006,0.0010987214564829961,17.355117137177885
978,440,Amelanchier',0,0,0,0,0,0,0,0.0,0.0,0.0,0.0,0.0,0.0,0.0,0.0
978,440,Arbutus',0,0,0,0,0,0,0,0.0,0.0,0.0,0.0,0.0,0.0,0.0,0.0
978,440,Asimina',0,0,0,0,0,0,0,0.0,0.0,0.0,0.0,0.0,0.0,0.0,0.0
978,440,Betula',0,69,302,14,2,0,0,51.394775390625,19.08773422241211,144.6059129165509,4.324801466301956,5461.022099684775,41313.36460245078,0.014217287160519057,100.67318659877571
978,440,Calocedrus',0,0,0,0,0,0,0,0.0,0.0,0.0,0.0,0.0,0.0,0.0,0.0
978,440,Carpinus',0,0,0,0,0,0,0,0.0,0.0,0.0,0.0,0.0,0.0,0.0,0.0
978,440,Carya',0,8,37,0,0,0,0,19.607810974121094,12.020851135253906,5.378150675870195,1.1384887728047957,1766.5525897288323,39282.70776748291,0.004003093932997384,88.32192928232223
978,440,Castanea',0,0,0,0,0,0,0,0.0,0.0,0.0,0.0,0.0,0.0,0.0,0.0
978,440,Catalpa',0,19,0,0,0,0,0,4.860090255737305,3.4957051277160645,5.288932436629186,0.03665772346277479,28.48595759868622,636.9653759483912,0.0001394392513968039,3.117956448549346
978,440,Celtis',0,96,114,0,0,0,0,17.50181770324707,10.085188865661621,57.382393159632436,2.300953400516237,2336.4082408171894,24297.64943496709,0.006018069662403341,59.46280323307128
978,440,Cercis',0,0,0,0,0,0,0,0.0,0.0,0.0,0.0,0.0,0.0,0.0,0.0
978,440,Cercocarpus',0,0,0,0,0,0,0,0.0,0.0,0.0,0.0,0.0,0.0,0.0,0.0
978,440,Chamaecyparis',0,21,94,61,0,0,0,39.03617477416992,20.655258178710938,65.51502541780472,7.974652646595926,8287.395257833005,101282.85959909072,0.01936276162930947,231.53007942399424
978,440,Chilopsis',0,0,0,0,0,0,0,0.0,0.0,0.0,0.0,0.0,0.0,0.0,0.0
978,440,Chrysolepis',0,0,0,0,0,0,0,0.0,0.0,0.0,0.0,0.0,0.0,0.0,0.0
978,440,Cladrastis',0,0,0,0,0,0,0,0.0,0.0,0.0,0.0,0.0,0.0,0.0,0.0
978,440,Comus',0,0,0,0,0,0,0,0.0,0.0,0.0,0.0,0.0,0.0,0.0,0.0
978,440,Cornus',0,0,0,0,0,0,0,0.0,0.0,0.0,0.0,0.0,0.0,0.0,0.0
978,440,Crataegus',0,0,0,0,0,0,0,0.0,0.0,0.0,0.0,0.0,0.0,0.0,0.0
978,440,Cupressus',0,0,0,0,0,0,0,0.0,0.0,0.0,0.0,0.0,0.0,0.0,0.0
978,440,Diospyros',0,0,0,0,0,0,0,0.0,0.0,0.0,0.0,0.0,0.0,0.0,0.0
978,440,Elaeagnus',0,244,109,0,0,0,0,11.994734764099121,5.520934104919434,162.79420850774906,1.1070963258813054,1092.6673739463092,9248.078834188022,0.004771662812413382,36.07453446347132
978,440,Fagus',0,0,0,0,0,0,0,0.0,0.0,0.0,0.0,0.0,0.0,0.0,0.0
978,440,Fraxinus',0,947,538,0,0,0,0,27.522689819335938,12.303667068481445,456.4983999651349,11.091742563967088,13019.52825785026,62985.7855543957,0.03550383324170257,152.9653855069444
978,440,Gleditsia',0,120,29,0,0,0,0,11.131017684936523,7.521535873413086,35.25600589104468,0.3635630650933422,457.1911624571681,7354.807073831434,0.0015235101098604513,20.101943765495456
978,440,Gordonia',0,0,0,0,0,0,0,0.0,0.0,0.0,0.0,0.0,0.0,0.0,0.0
978,440,Gymnocladus',0,7,0,0,0,0,0,3.6295597553253174,3.044132709503174,0.8711443671697302,0.007863418234755778,8.253715705871581,184.55869385286502,3.08821965381502e-05,0.6905469075381226
978,440,Halesia',0,0,0,0,0,0,0,0.0,0.0,0.0,0.0,0.0,0.0,0.0,0.0
978,440,Ilex',0,21,0,0,0,0,0,4.356621265411377,3.5321755409240723,11.826474986076354,0.03207980815126259,51.12317452907563,1143.1489347259885,0.00028443391546359025,6.360135700830164
978,440,Juglans',0,0,0,0,0,0,0,0.0,0.0,0.0,0.0,0.0,0.0,0.0,0.0
978,440,Juniperus',0,0,0,0,0,0,0,0.0,0.0,0.0,0.0,0.0,0.0,0.0,0.0
978,440,Larix',0,0,0,0,0,0,0,0.0,0.0,0.0,0.0,0.0,0.0,0.0,0.0
978,440,Liquidambar',0,0,0,0,0,0,0,0.0,0.0,0.0,0.0,0.0,0.0,0.0,0.0
978,440,Liriodendron',0,1515,1460,44,0,0,0,47.24443435668945,17.640596389770508,1119.4124654649838,27.77660791729144,24054.549555760474,79282.58493460213,0.0695691189926823,194.01639491829582
978,440,Lithocarpus',0,0,0,0,0,0,0,0.0,0.0,0.0,0.0,0.0,0.0,0.0,0.0
978,440,Maclura',0,37,123,0,0,0,0,14.774764060974121,7.734233856201172,60.91548203573196,1.4589679163813283,2037.3378468459846,21648.243987863047,0.005404329644531026,55.4124668496749
978,440,Magnolia',0,0,45,0,0,0,0,20.026411056518555,9.36471939086914,17.248487922398347,0.9523150420530938,817.0384368306399,14998.147472287137,0.0020639425900131686,36.26533750383214
978,440,Malus',0,0,0,0,0,0,0,0.0,0.0,0.0,0.0,0.0,0.0,0.0,0.0
978,440,Morus',0,0,0,0,0,0,0,0.0,0.0,0.0,0.0,0.0,0.0,0.0,0.0
978,440,Nyssa',0,0,0,0,0,0,0,0.0,0.0,0.0,0.0,0.0,0.0,0.0,0.0
978,440,Olneya',0,0,0,0,0,0,0,0.0,0.0,0.0,0.0,0.0,0.0,0.0,0.0
978,440,Ostrya',0,0,0,0,0,0,0,0.0,0.0,0.0,0.0,0.0,0.0,0.0,0.0
978,440,Oxydendron',0,0,0,0,0,0,0,0.0,0.0,0.0,0.0,0.0,0.0,0.0,0.0
978,440,Paulownia',0,230,81,0,0,0,0,11.536768913269043,5.685488700866699,111.84277973314627,0.8858853998419899,517.485590749979,4979.4825576098965,0.002760006931870454,21.163733359818615
978,440,Persea',0,0,0,0,0,0,0,0.0,0.0,0.0,0.0,0.0,0.0,0.0,0.0
978,440,Picea',0,0,0,0,0,0,0,0.0,0.0,0.0,0.0,0.0,0.0,0.0,0.0
978,440,Pinus',0,458,630,82,23,0,0,61.0,25.5732364654541,418.15465661108493,33.279355191786244,41175.40000190765,197180.82771370973,0.09754090075441366,449.0250010608486
978,440,Planera',0,0,0,0,0,0,0,0.0,0.0,0.0,0.0,0.0,0.0,0.0,0.0
978,440,Platanus',0,0,0,0,0,0,0,0.0,0.0,0.0,0.0,0.0,0.0,0.0,0.0
978,440,Populus',0,421,0,0,0,0,0,7.228327751159668,4.006169319152832,171.5662348600505,0.5784617026424562,590.8016341853142,3633.307922827563,0.0037826837752058646,23.17595049648729
978,440,Prosopis',0,0,0,0,0,0,0,0.0,0.0,0.0,0.0,0.0,0.0,0.0,0.0
978,440,Prunus',0,13,17,0,0,0,0,8.684329986572266,5.378231525421143,12.206176541792816,0.10664523737808433,95.99371155425906,2064.9532333398765,0.00038903403505403494,8.176264415321722
978,440,Pseudotsuga',0,0,0,0,0,0,0,0.0,0.0,0.0,0.0,0.0,0.0,0.0,0.0
978,440,Quercus',0,84,133,0,28,0,1,119.44444274902344,26.762414932250977,92.79278078316887,11.487100943561417,17874.22102896154,222972.51571611565,0.04105629426523241,502.5789023056442
978,440,Robinia',0,0,0,0,0,0,0,0.0,0.0,0.0,0.0,0.0,0.0,0.0,0.0
978,440,Salix',0,659,113,0,0,0,0,17.177095413208008,9.061554908752441,233.04706196571826,2.2400362843647,1718.7934149935843,10617.670065431725,0.0071743828077863595,35.328481704329405
978,440,Sassafras',0,0,0,0,0,0,0,0.0,0.0,0.0,0.0,0.0,0.0,0.0,0.0
978,440,Sequoia',0,0,0,0,0,0,0,0.0,0.0,0.0,0.0,0.0,0.0,0.0,0.0
978,440,Sequoiadendron',0,0,0,0,0,0,0,0.0,0.0,0.0,0.0,0.0,0.0,0.0,0.0
978,440,Sorbus',0,0,0,0,0,0,0,0.0,0.0,0.0,0.0,0.0,0.0,0.0,0.0
978,440,Taxodium',0,0,0,0,0,0,0,0.0,0.0,0.0,0.0,0.0,0.0,0.0,0.0
978,440,Taxus',0,0,0,0,0,0,0,0.0,0.0,0.0,0.0,0.0,0.0,0.0,0.0
978,440,Thuja',0,0,0,0,0,0,0,0.0,0.0,0.0,0.0,0.0,0.0,0.0,0.0
978,440,Tilia',0,0,0,0,0,0,0,0.0,0.0,0.0,0.0,0.0,0.0,0.0,0.0
978,440,Torreya',0,0,0,0,0,0,0,0.0,0.0,0.0,0.0,0.0,0.0,0.0,0.0
978,440,Tsuga',0,0,0,0,0,0,0,0.0,0.0,0.0,0.0,0.0,0.0,0.0,0.0
978,440,Ulmus',0,70,12,0,0,0,0,21.903181076049805,8.860437393188477,34.81876650565786,0.5936235945642366,573.4390771651268,10156.674365009541,0.0017755445469953093,26.97427573753938
978,440,Umbellularia',0,0,0,0,0,0,0,0.0,0.0,0.0,0.0,0.0,0.0,0.0,0.0
978,450,Abies',0,0,0,0,0,0,0,0.0,0.0,0.0,0.0,0.0,0.0,0.0,0.0
978,450,Acer',0,1645,714,0,0,0,0,27.250804901123047,16.23676872253418,803.9390389472717,13.346829639637347,16879.640480166527,69859.4311702355,0.04908346128880816,171.04005317127204
978,450,Aesculus',0,0,0,0,0,0,0,0.0,0.0,0.0,0.0,0.0,0.0,0.0,0.0
978,450,Ailanthus',0,249,41,0,0,0,0,9.819351196289062,5.715025424957275,122.99678499091273,0.7213796764951739,766.4178546124697,6632.561437875275,0.0034737578434033754,25.9992766840195
978,450,Alnus',0,0,38,0,0,0,0,12.86130428314209,8.028048515319824,13.686473856243904,0.49783497946966293,422.0640321564674,9437.638667595282,0.001134944438934326,25.378129161425118
978,450,Amelanchier',0,0,0,0,0,0,0,0.0,0.0,0.0,0.0,0.0,0.0,0.0,0.0
978,450,Arbutus',0,0,0,0,0,0,0,0.0,0.0,0.0,0.0,0.0,0.0,0.0,0.0
978,450,Asimina',0,0,0,0,0,0,0,0.0,0.0,0.0,0.0,0.0,0.0,0.0,0.0
978,450,Betula',0,91,156,14,2,0,0,56.65188217163086,20.115447998046875,108.0477104274721,4.157892279159965,5814.569047341645,49525.06182573199,0.0144766714053368,116.77591932387969
978,450,Calocedrus',0,0,0,0,0,0,0,0.0,0.0,0.0,0.0,0.0,0.0,0.0,0.0
978,450,Carpinus',0,0,0,0,0,0,0,0.0,0.0,0.0,0.0,0.0,0.0,0.0,0.0
978,450,Carya',0,60,37,0,0,0,0,20.889667510986328,12.511113166809082,13.956591564265986,1.317752745659588,2110.9035572469234,45992.767667121145,0.004891809555829425,104.59157015386536
978,450,Castanea',0,0,0,0,0,0,0,0.0,0.0,0.0,0.0,0.0,0.0,0.0,0.0
978,450,Catalpa',0,0,19,0,0,0,0,11.24574089050293,6.127350807189941,11.898879661590236,0.19626956833830314,140.0511236691475,3131.638328494477,0.00048251569683850117,10.789378983415732
978,450,Celtis',0,45,197,0,0,0,0,19.55785369873047,10.956604957580566,72.5003078075338,3.2773417067752613,3404.683883086741,31833.316223531056,0.00860964640465936,76.13323042800774
978,450,Cercis',0,0,0,0,0,0,0,0.0,0.0,0.0,0.0,0.0,0.0,0.0,0.0
978,450,Cercocarpus',0,0,0,0,0,0,0,0.0,0.0,0.0,0.0,0.0,0.0,0.0,0.0
978,450,Chamaecyparis',0,51,25,100,0,0,0,41.685813903808594,21.127838134765625,59.633353636860846,8.965741590414856,9549.91294026673,117712.72036800634,0.022083399327820868,267.3524279668078
978,450,Chilopsis',0,0,0,0,0,0,0,0.0,0.0,0.0,0.0,0.0,0.0,0.0,0.0
978,450,Chrysolepis',0,0,0,0,0,0,0,0.0,0.0,0.0,0.0,0.0,0.0,0.0,0.0
978,450,Cladrastis',0,0,0,0,0,0,0,0.0,0.0,0.0,0.0,0.0,0.0,0.0,0.0
978,450,Comus',0,0,0,0,0,0,0,0.0,0.0,0.0,0.0,0.0,0.0,0.0,0.0
978,450,Cornus',0,0,0,0,0,0,0,0.0,0.0,0.0,0.0,0.0,0.0,0.0,0.0
978,450,Crataegus',0,0,0,0,0,0,0,0.0,0.0,0.0,0.0,0.0,0.0,0.0,0.0
978,450,Cupressus',0,0,0,0,0,0,0,0.0,0.0,0.0,0.0,0.0,0.0,0.0,0.0
978,450,Diospyros',0,0,0,0,0,0,0,0.0,0.0,0.0,0.0,0.0,0.0,0.0,0.0
978,450,Elaeagnus',0,219,70,0,0,0,0,12.839738845825195,5.710300922393799,124.62927521784093,0.9719686878306213,935.935738850832,8532.757242300042,0.0038739648542762454,30.814446433671417
978,450,Fagus',0,0,0,0,0,0,0,0.0,0.0,0.0,0.0,0.0,0.0,0.0,0.0
978,450,Fraxinus',0,1005,603,19,0,0,0,30.66105842590332,12.763298034667969,531.69352873311,12.861572319963432,14989.75103521347,66928.65011166535,0.04096458130549879,160.5864719182529
978,450,Gleditsia',0,151,52,0,0,0,0,14.33617877960205,9.048704147338867,55.0727511074724,1.0101709942283883,1192.3980135774614,14606.710037805226,0.003442576164311259,38.34106131009786
978,450,Gordonia',0,0,0,0,0,0,0,0.0,0.0,0.0,0.0,0.0,0.0,0.0,0.0
978,450,Gymnocladus',0,0,7,0,0,0,0,12.137056350708008,6.62506103515625,12.770199851144717,0.08792861050909742,108.01517014503479,2415.292630455037,0.0004238678270578399,9.477972747764507
978,450,Halesia',0,0,0,0,0,0,0,0.0,0.0,0.0,0.0,0.0,0.0,0.0,0.0
978,450,Ilex',0,0,21,0,0,0,0,9.657089233398438,5.84961462020874,17.590851588249205,0.15762483215959144,169.5577810239792,3791.427244836414,0.000630885151892895,14.107020856277938
978,450,Juglans',0,0,0,0,0,0,0,0.0,0.0,0.0,0.0,0.0,0.0,0.0,0.0
978,450,Juniperus',0,0,0,0,0,0,0,0.0,0.0,0.0,0.0,0.0,0.0,0.0,0.0
978,450,Larix',0,0,0,0,0,0,0,0.0,0.0,0.0,0.0,0.0,0.0,0.0,0.0
978,450,Liquidambar',0,0,0,0,0,0,0,0.0,0.0,0.0,0.0,0.0,0.0,0.0,0.0
978,450,Liriodendron',0,1262,1139,38,6,0,0,50.254356384277344,18.365367889404297,872.4853470530124,26.14631491745574,23352.95972157717,87689.93602138653,0.0644553775810868,209.6547340809601
978,450,Lithocarpus',0,0,0,0,0,0,0,0.0,0.0,0.0,0.0,0.0,0.0,0.0,0.0
978,450,Maclura',0,117,143,0,0,0,0,16.479171752929688,8.294609069824219,81.26168690574697,2.0844417427713124,3006.8557588365675,30048.33689872454,0.00785170884282139,73.34412542965934
978,450,Magnolia',0,0,0,0,0,0,0,0.0,0.0,0.0,0.0,0.0,0.0,0.0,0.0
978,450,Malus',0,0,0,0,0,0,0,0.0,0.0,0.0,0.0,0.0,0.0,0.0,0.0
978,450,Morus',0,0,0,0,0,0,0,0.0,0.0,0.0,0.0,0.0,0.0,0.0,0.0
978,450,Nyssa',0,0,0,0,0,0,0,0.0,0.0,0.0,0.0,0.0,0.0,0.0,0.0
978,450,Olneya',0,0,0,0,0,0,0,0.0,0.0,0.0,0.0,0.0,0.0,0.0,0.0
978,450,Ostrya',0,0,0,0,0,0,0,0.0,0.0,0.0,0.0,0.0,0.0,0.0,0.0
978,450,Oxydendron',0,0,0,0,0,0,0,0.0,0.0,0.0,0.0,0.0,0.0,0.0,0.0
978,450,Paulownia',0,152,41,0,0,0,0,13.876118659973145,6.447847843170166,82.46368141113956,0.6105249899282549,374.5810741913319,3759.8536450888796,0.002019512895535212,18.14810895684875
978,450,Persea',0,0,0,0,0,0,0,0.0,0.0,0.0,0.0,0.0,0.0,0.0,0.0
978,450,Picea',0,0,0,0,0,0,0,0.0,0.0,0.0,0.0,0.0,0.0,0.0,0.0
978,450,Pinus',0,524,695,131,12,0,0,58.25075912475586,26.016029357910156,510.7049771353602,32.63212564959381,40097.57377058417,201662.21318470035,0.09648256958519207,460.5868370456875
978,450,Planera',0,0,0,0,0,0,0,0.0,0.0,0.0,0.0,0.0,0.0,0.0,0.0
978,450,Platanus',0,7,0,0,0,0,0,6.994442939758301,3.3353583812713623,7.215590201601197,0.016038131508857186,23.315546214580536,404.29218474576516,0.00015568475376069523,2.7117789188086423
978,450,Populus',0,355,0,0,0,0,0,7.278873443603516,4.024319648742676,121.04747436186179,0.5297445993268861,487.9012526142597,3492.768608754463,0.002826770642992811,19.997954136093952
978,450,Prosopis',0,0,0,0,0,0,0,0.0,0.0,0.0,0.0,0.0,0.0,0.0,0.0
978,450,Prunus',0,37,33,0,0,0,0,13.069024085998535,7.249067783355713,29.326250363565695,0.3403336235074672,310.222468752265,4891.686431963496,0.0011115509352292818,15.368936954966818
978,450,Pseudotsuga',0,0,0,0,0,0,0,0.0,0.0,0.0,0.0,0.0,0.0,0.0,0.0
978,450,Quercus',0,112,160,0,0,0,1,124.17452239990234,27.223417282104492,146.9333911291029,7.249678689463041,10642.645666850209,111548.92562039514,0.025765511330990167,257.1556978307543
978,450,Robinia',0,0,0,0,0,0,0,0.0,0.0,0.0,0.0,0.0,0.0,0.0,0.0
978,450,Salix',0,676,79,0,0,0,0,14.819091796875,9.149266242980957,245.63164838129958,2.122383979185665,1673.4882077622415,11703.470951206216,0.007254866773171116,38.14975806571927
978,450,Sassafras',0,0,0,0,0,0,0,0.0,0.0,0.0,0.0,0.0,0.0,0.0,0.0
978,450,Sequoia',0,0,0,0,0,0,0,0.0,0.0,0.0,0.0,0.0,0.0,0.0,0.0
978,450,Sequoiadendron',0,0,0,0,0,0,0,0.0,0.0,0.0,0.0,0.0,0.0,0.0,0.0
978,450,Sorbus',0,0,0,0,0,0,0,0.0,0.0,0.0,0.0,0.0,0.0,0.0,0.0
978,450,Taxodium',0,0,0,0,0,0,0,0.0,0.0,0.0,0.0,0.0,0.0,0.0,0.0
978,450,Taxus',0,0,0,0,0,0,0,0.0,0.0,0.0,0.0,0.0,0.0,0.0,0.0
978,450,Thuja',0,0,0,0,0,0,0,0.0,0.0,0.0,0.0,0.0,0.0,0.0,0.0
978,450,Tilia',0,0,0,0,0,0,0,0.0,0.0,0.0,0.0,0.0,0.0,0.0,0.0
978,450,Torreya',0,0,0,0,0,0,0,0.0,0.0,0.0,0.0,0.0,0.0,0.0,0.0
978,450,Tsuga',0,0,0,0,0,0,0,0.0,0.0,0.0,0.0,0.0,0.0,0.0,0.0
978,450,Ulmus',0,96,12,0,0,0,0,24.91874885559082,9.76138687133789,33.25446978541491,0.7929630898921305,778.7945678338409,13732.4700700204,0.0022093711496032815,34.4580502673468
978,450,Umbellularia',0,0,0,0,0,0,0,0.0,0.0,0.0,0.0,0.0,0.0,0.0,0.0
978,460,Abies',0,0,0,0,0,0,0,0.0,0.0,0.0,0.0,0.0,0.0,0.0,0.0
978,460,Acer',0,1560,853,9,0,0,0,30.763357162475586,17.611669540405273,869.9419378887719,15.05678684312468,19512.3674742575,80430.90713331153,0.055884113640455195,195.2671826244993
978,460,Aesculus',0,0,0,0,0,0,0,0.0,0.0,0.0,0.0,0.0,0.0,0.0,0.0
978,460,Ailanthus',0,361,59,0,0,0,0,9.61351203918457,5.631935119628906,146.05971925007765,1.0882573685715808,1079.1471751913427,7880.696951981268,0.004500715653855375,28.985578007609117
978,460,Alnus',0,0,38,0,0,0,0,15.439424514770508,9.070274353027344,4.081899097448662,0.7174268045914749,626.4675393128396,14008.240036005183,0.0014509113490581511,32.44336405819982
978,460,Amelanchier',0,0,0,0,0,0,0,0.0,0.0,0.0,0.0,0.0,0.0,0.0,0.0
978,460,Arbutus',0,0,0,0,0,0,0,0.0,0.0,0.0,0.0,0.0,0.0,0.0,0.0
978,460,Asimina',0,0,0,0,0,0,0,0.0,0.0,0.0,0.0,0.0,0.0,0.0,0.0
978,460,Betula',0,150,32,17,2,0,0,61.80604934692383,21.029010772705078,112.27161650793461,3.5424630910767747,5713.808800287246,56351.253543505154,0.014313565109664604,131.55241397692654
978,460,Calocedrus',0,0,0,0,0,0,0,0.0,0.0,0.0,0.0,0.0,0.0,0.0,0.0
978,460,Carpinus',0,0,0,0,0,0,0,0.0,0.0,0.0,0.0,0.0,0.0,0.0,0.0
978,460,Carya',0,60,37,0,0,0,0,21.917373657226562,12.889641761779785,37.418922393382346,1.5912146795832458,2554.094764535427,52004.64529453609,0.006214432275190905,119.87051539992221
978,460,Castanea',0,0,0,0,0,0,0,0.0,0.0,0.0,0.0,0.0,0.0,0.0,0.0
978,460,Catalpa',0,10,0,0,0,0,0,3.897123336791992,3.0744235515594482,5.5689464754696125,0.012930266166823594,15.609473335742951,349.0384347169138,0.00011485579851269756,2.5682537308440976
978,460,Celtis',0,66,60,0,0,0,0,14.251129150390625,8.644022941589355,45.454792914605584,0.98889706877014,986.6811832216382,11600.013898782692,0.0028469718541488842,30.897916419440502
978,460,Cercis',0,0,0,0,0,0,0,0.0,0.0,0.0,0.0,0.0,0.0,0.0,0.0
978,460,Cercocarpus',0,0,0,0,0,0,0,0.0,0.0,0.0,0.0,0.0,0.0,0.0,0.0
978,460,Chamaecyparis',0,0,55,61,0,0,0,44.180564880371094,21.525705337524414,43.19511455714702,7.677682160291271,8370.142324144244,118775.99200160775,0.019224245688537766,269.18350512195974
978,460,Chilopsis',0,0,0,0,0,0,0,0.0,0.0,0.0,0.0,0.0,0.0,0.0,0.0
978,460,Chrysolepis',0,0,0,0,0,0,0,0.0,0.0,0.0,0.0,0.0,0.0,0.0,0.0
978,460,Cladrastis',0,0,0,0,0,0,0,0.0,0.0,0.0,0.0,0.0,0.0,0.0,0.0
978,460,Comus',0,0,0,0,0,0,0,0.0,0.0,0.0,0.0,0.0,0.0,0.0,0.0
978,460,Cornus',0,0,0,0,0,0,0,0.0,0.0,0.0,0.0,0.0,0.0,0.0,0.0
978,460,Crataegus',0,0,0,0,0,0,0,0.0,0.0,0.0,0.0,0.0,0.0,0.0,0.0
978,460,Cupressus',0,0,0,0,0,0,0,0.0,0.0,0.0,0.0,0.0,0.0,0.0,0.0
978,460,Diospyros',0,0,0,0,0,0,0,0.0,0.0,0.0,0.0,0.0,0.0,0.0,0.0
978,460,Elaeagnus',0,260,64,0,0,0,0,15.367326736450195,6.217403888702393,138.00615255496922,0.9649204762094932,967.6535681134462,8273.91362593235,0.004137016533101436,29.364624257098075
978,460,Fagus',0,0,0,0,0,0,0,0.0,0.0,0.0,0.0,0.0,0.0,0.0,0.0
978,460,Fraxinus',0,1401,618,11,0,0,0,32.047080993652344,12.956088066101074,604.8881015042432,12.89694339110929,15182.668007208855,72568.5215332073,0.04244696197206136,175.08846554798123
978,460,Gleditsia',0,37,118,0,0,0,0,16.86273956298828,10.17905044555664,25.65255952150195,1.5857469832057556,1896.5025491197407,22884.928322688702,0.004583732938546706,53.61450655431068
978,460,Gordonia',0,0,0,0,0,0,0,0.0,0.0,0.0,0.0,0.0,0.0,0.0,0.0
978,460,Gymnocladus',0,0,7,0,0,0,0,19.17431640625,9.11992359161377,10.937623849397971,0.21945387455730545,256.7523442029953,5741.156950203236,0.0007280139905214283,16.278887713768057
978,460,Halesia',0,0,0,0,0,0,0,0.0,0.0,0.0,0.0,0.0,0.0,0.0,0.0
978,460,Ilex',0,0,21,0,0,0,0,14.007575035095215,7.4715471267700195,15.113978552818297,0.3316332472903041,333.0456187200546,7447.126430665183,0.0009584143884976653,21.430797232946723
978,460,Juglans',0,0,0,0,0,0,0,0.0,0.0,0.0,0.0,0.0,0.0,0.0,0.0
978,460,Juniperus',0,0,0,0,0,0,0,0.0,0.0,0.0,0.0,0.0,0.0,0.0,0.0
978,460,Larix',0,0,0,0,0,0,0,0.0,0.0,0.0,0.0,0.0,0.0,0.0,0.0
978,460,Liquidambar',0,0,0,0,0,0,0,0.0,0.0,0.0,0.0,0.0,0.0,0.0,0.0
978,460,Liriodendron',0,1133,996,19,0,0,0,45.863494873046875,17.297924041748047,913.869878222482,21.81057353619703,19552.07794953048,81499.16733041515,0.05660472690854175,196.14897883748898
978,460,Lithocarpus',0,0,0,0,0,0,0,0.0,0.0,0.0,0.0,0.0,0.0,0.0,0.0
978,460,Maclura',0,77,128,0,0,0,0,18.936424255371094,9.049100875854492,70.37533950343538,2.6473320326482797,3880.562998467386,39133.89115150793,0.009636565561488305,94.63535814527407
978,460,Magnolia',0,0,0,0,0,0,0,0.0,0.0,0.0,0.0,0.0,0.0,0.0,0.0
978,460,Malus',0,0,0,0,0,0,0,0.0,0.0,0.0,0.0,0.0,0.0,0.0,0.0
978,460,Morus',0,35,0,0,0,0,0,1.5222890377044678,2.250566005706787,0.0,0.006392027408140024,10.342364583015442,231.26230255708575,2.298303212504834e-05,0.5139162216066953
978,460,Nyssa',0,0,0,0,0,0,0,0.0,0.0,0.0,0.0,0.0,0.0,0.0,0.0
978,460,Olneya',0,0,0,0,0,0,0,0.0,0.0,0.0,0.0,0.0,0.0,0.0,0.0
978,460,Ostrya',0,0,0,0,0,0,0,0.0,0.0,0.0,0.0,0.0,0.0,0.0,0.0
978,460,Oxydendron',0,0,0,0,0,0,0,0.0,0.0,0.0,0.0,0.0,0.0,0.0,0.0
978,460,Paulownia',0,300,0,0,0,0,0,6.182596683502197,3.7869372367858887,59.44431882681725,0.2452270908119023,189.70968205690383,1885.206940923316,0.0012773110727192828,12.825519690350042
978,460,Persea',0,0,0,0,0,0,0,0.0,0.0,0.0,0.0,0.0,0.0,0.0,0.0
978,460,Picea',0,0,0,0,0,0,0,0.0,0.0,0.0,0.0,0.0,0.0,0.0,0.0
978,460,Pinus',0,474,972,128,4,0,0,61.0,26.37685775756836,561.7656436237693,38.30208907744972,45958.169268809856,212841.6100080657,0.11024365794474462,487.2756373020379
978,460,Planera',0,0,0,0,0,0,0,0.0,0.0,0.0,0.0,0.0,0.0,0.0,0.0
978,460,Platanus',0,25,0,0,0,0,0,3.39346981048584,2.3030622005462646,12.178715957870965,0.022900320605508215,39.39484714508057,880.8955617961365,0.0002628634863048766,5.877806241802858
978,460,Populus',0,240,103,0,0,0,0,12.032675743103027,6.992267608642578,161.72275195582003,1.0606317916012142,857.0150562119484,6248.337007206246,0.0042325667539020026,28.502795280551698
978,460,Prosopis',0,0,0,0,0,0,0,0.0,0.0,0.0,0.0,0.0,0.0,0.0,0.0
978,460,Prunus',0,8,19,0,0,0,0,21.43901252746582,9.4203462600708,22.310825424103797,0.504353122189448,479.82114993572236,8877.726007506697,0.0013874459587838576,23.487515326429246
978,460,Pseudotsuga',0,0,0,0,0,0,0,0.0,0.0,0.0,0.0,0.0,0.0,0.0,0.0
978,460,Quercus',0,145,178,0,0,0,1,128.98965454101562,27.66789436340332,117.0425488696068,8.312007348617417,12231.102001571655,123995.77347395412,0.02886511915713065,284.56277711653837
978,460,Robinia',0,0,0,0,0,0,0,0.0,0.0,0.0,0.0,0.0,0.0,0.0,0.0
978,460,Salix',0,890,161,0,0,0,0,11.909797668457031,6.718436241149902,239.01876472738346,2.4979552785337944,1799.954128805697,9348.912344316846,0.007440705943694086,33.2769448027637
978,460,Sassafras',0,0,0,0,0,0,0,0.0,0.0,0.0,0.0,0.0,0.0,0.0,0.0
978,460,Sequoia',0,0,0,0,0,0,0,0.0,0.0,0.0,0.0,0.0,0.0,0.0,0.0
978,460,Sequoiadendron',0,0,0,0,0,0,0,0.0,0.0,0.0,0.0,0.0,0.0,0.0,0.0
978,460,Sorbus',0,0,0,0,0,0,0,0.0,0.0,0.0,0.0,0.0,0.0,0.0,0.0
978,460,Taxodium',0,0,0,0,0,0,0,0.0,0.0,0.0,0.0,0.0,0.0,0.0,0.0
978,460,Taxus',0,0,0,0,0,0,0,0.0,0.0,0.0,0.0,0.0,0.0,0.0,0.0
978,460,Thuja',0,0,0,0,0,0,0,0.0,0.0,0.0,0.0,0.0,0.0,0.0,0.0
978,460,Tilia',0,0,0,0,0,0,0,0.0,0.0,0.0,0.0,0.0,0.0,0.0,0.0
978,460,Torreya',0,0,0,0,0,0,0,0.0,0.0,0.0,0.0,0.0,0.0,0.0,0.0
978,460,Tsuga',0,0,0,0,0,0,0,0.0,0.0,0.0,0.0,0.0,0.0,0.0,0.0
978,460,Ulmus',0,127,55,0,0,0,0,9.816544532775879,5.713895320892334,92.77699756942971,0.6628126927514835,628.3609862405062,5827.6840437601195,0.002731934166828171,23.119337625812882
978,460,Umbellularia',0,0,0,0,0,0,0,0.0,0.0,0.0,0.0,0.0,0.0,0.0,0.0
978,470,Abies',0,0,0,0,0,0,0,0.0,0.0,0.0,0.0,0.0,0.0,0.0,0.0
978,470,Acer',0,1507,750,13,0,0,0,30.66429328918457,17.574268341064453,762.0185128547533,15.196549847473664,20253.151772272886,90654.11620643541,0.05597668308011525,215.90910440822284
978,470,Aesculus',0,0,0,0,0,0,0,0.0,0.0,0.0,0.0,0.0,0.0,0.0,0.0
978,470,Ailanthus',0,221,32,0,0,0,0,9.709657669067383,5.670792579650879,69.9174471065119,0.6771861712465251,650.5866415260732,6484.137055415166,0.0024522485855123853,23.129381926622223
978,470,Alnus',0,0,38,0,0,0,0,17.75042152404785,9.933138847351074,14.379298136204103,0.9482715551199745,887.9832813024522,19855.90979875619,0.0021802940478325224,48.75285701891699
978,470,Amelanchier',0,0,0,0,0,0,0,0.0,0.0,0.0,0.0,0.0,0.0,0.0,0.0
978,470,Arbutus',0,0,0,0,0,0,0,0.0,0.0,0.0,0.0,0.0,0.0,0.0,0.0
978,470,Asimina',0,0,0,0,0,0,0,0.0,0.0,0.0,0.0,0.0,0.0,0.0,0.0
978,470,Betula',0,154,121,16,5,0,0,66.47672271728516,21.783735275268555,137.27065749584307,4.825891505637998,7680.188340048939,68104.9295432466,0.019043172440671337,157.89039708555165
978,470,Calocedrus',0,0,0,0,0,0,0,0.0,0.0,0.0,0.0,0.0,0.0,0.0,0.0
978,470,Carpinus',0,0,0,0,0,0,0,0.0,0.0,0.0,0.0,0.0,0.0,0.0,0.0
978,470,Carya',0,28,33,0,0,0,0,10.306594848632812,7.77782678604126,15.075633613557754,0.40277781750834196,489.55989749729633,8213.795561275285,0.0013049330271035246,21.19854011119417
978,470,Castanea',0,19,0,0,0,0,0,4.450047016143799,2.6093344688415527,14.187923258618461,0.030733075335967846,41.48176160573959,927.5603877687315,0.0002964247287586357,6.628258437162473
978,470,Catalpa',0,23,10,0,0,0,0,11.000554084777832,6.031303405761719,24.291687768094143,0.12833117652354029,116.5290375816822,2035.7354824494812,0.0006086457632556534,9.91641527499035
978,470,Celtis',0,31,80,0,0,0,0,17.689159393310547,10.165852546691895,34.7929761304131,1.2197770169961073,1267.7844863438606,17124.758275512442,0.003318163030177362,41.86063785226964
978,470,Cercis',0,0,0,0,0,0,0,0.0,0.0,0.0,0.0,0.0,0.0,0.0,0.0
978,470,Cercocarpus',0,0,0,0,0,0,0,0.0,0.0,0.0,0.0,0.0,0.0,0.0,0.0
978,470,Chamaecyparis',0,62,30,0,0,0,0,15.858291625976562,13.103133201599121,14.325811791419982,0.5982015561233305,501.3325837379694,11047.06103394504,0.0013210008252859254,28.45594731340599
978,470,Chilopsis',0,0,0,0,0,0,0,0.0,0.0,0.0,0.0,0.0,0.0,0.0,0.0
978,470,Chrysolepis',0,0,0,0,0,0,0,0.0,0.0,0.0,0.0,0.0,0.0,0.0,0.0
978,470,Cladrastis',0,0,0,0,0,0,0,0.0,0.0,0.0,0.0,0.0,0.0,0.0,0.0
978,470,Comus',0,0,0,0,0,0,0,0.0,0.0,0.0,0.0,0.0,0.0,0.0,0.0
978,470,Cornus',0,0,0,0,0,0,0,0.0,0.0,0.0,0.0,0.0,0.0,0.0,0.0
978,470,Crataegus',0,0,0,0,0,0,0,0.0,0.0,0.0,0.0,0.0,0.0,0.0,0.0
978,470,Cupressus',0,0,0,0,0,0,0,0.0,0.0,0.0,0.0,0.0,0.0,0.0,0.0
978,470,Diospyros',0,0,0,0,0,0,0,0.0,0.0,0.0,0.0,0.0,0.0,0.0,0.0
978,470,Elaeagnus',0,323,71,0,0,0,0,23.264554977416992,7.3507490158081055,140.42055786363306,1.504845922126857,1403.6792540177703,11263.064110118867,0.0051407191339330775,36.49197851229877
978,470,Fagus',0,0,0,0,0,0,0,0.0,0.0,0.0,0.0,0.0,0.0,0.0,0.0
978,470,Fraxinus',0,1116,660,1,0,0,0,32.024471282958984,13.527843475341797,607.7892149529785,12.204491255165872,14339.70771187529,71010.9114380022,0.04061548015873447,169.75545954504216
978,470,Gleditsia',0,99,95,0,0,0,0,18.889427185058594,11.041522979736328,35.398058100497416,1.861175864110402,2383.775847798884,30972.15427934716,0.00580685454969299,71.98669107818452
978,470,Gordonia',0,0,0,0,0,0,0,0.0,0.0,0.0,0.0,0.0,0.0,0.0,0.0
978,470,Gymnocladus',0,0,7,0,0,0,0,24.808353424072266,10.856525421142578,10.271045565605164,0.36736633388471096,458.2641371011734,10247.097622085086,0.0011662221425771675,26.077519876679872
978,470,Halesia',0,0,0,0,0,0,0,0.0,0.0,0.0,0.0,0.0,0.0,0.0,0.0
978,470,Ilex',0,0,0,0,0,0,0,0.0,0.0,0.0,0.0,0.0,0.0,0.0,0.0
978,470,Juglans',0,0,0,0,0,0,0,0.0,0.0,0.0,0.0,0.0,0.0,0.0,0.0
978,470,Juniperus',0,0,0,0,0,0,0,0.0,0.0,0.0,0.0,0.0,0.0,0.0,0.0
978,470,Larix',0,0,0,0,0,0,0,0.0,0.0,0.0,0.0,0.0,0.0,0.0,0.0
978,470,Liquidambar',0,0,0,0,0,0,0,0.0,0.0,0.0,0.0,0.0,0.0,0.0,0.0
978,470,Liriodendron',0,1017,1160,19,0,0,0,47.77963638305664,17.77166748046875,878.0862332168447,20.85269602720171,18224.7806171003,76448.64552839418,0.053140051313372155,185.36639738432785
978,470,Lithocarpus',0,0,0,0,0,0,0,0.0,0.0,0.0,0.0,0.0,0.0,0.0,0.0
978,470,Maclura',0,34,136,0,0,0,0,21.846460342407227,9.867124557495117,66.51280625994445,2.2508599463635672,3379.6493622225526,36377.35004239198,0.008467820878793992,88.25673816571752
978,470,Magnolia',0,38,0,0,0,0,0,3.5861241817474365,3.6923067569732666,5.736962135268163,0.039189728591413175,32.08122397959232,717.357976197653,0.00015387836993671685,3.440824954453573
978,470,Malus',0,33,0,0,0,0,0,2.9586334228515625,2.9088611602783203,9.83028546635863,0.02285247352985674,40.45192468464375,904.5325341556502,0.00023140558903478306,5.17438627455156
978,470,Morus',0,83,0,0,0,0,0,5.974941253662109,4.775720119476318,19.770503535489492,0.1567354941799351,161.5736552721262,2328.1455014541602,0.0006436599334664711,8.709825720534287
978,470,Nyssa',0,0,0,0,0,0,0,0.0,0.0,0.0,0.0,0.0,0.0,0.0,0.0
978,470,Olneya',0,0,0,0,0,0,0,0.0,0.0,0.0,0.0,0.0,0.0,0.0,0.0
978,470,Ostrya',0,0,0,0,0,0,0,0.0,0.0,0.0,0.0,0.0,0.0,0.0,0.0
978,470,Oxydendron',0,0,0,0,0,0,0,0.0,0.0,0.0,0.0,0.0,0.0,0.0,0.0
978,470,Paulownia',0,220,38,0,0,0,0,9.305424690246582,4.921141147613525,125.9005629544771,0.6572402767526848,423.19113919377327,3372.5467989943254,0.0027528332854777175,20.978750565672346
978,470,Persea',0,0,0,0,0,0,0,0.0,0.0,0.0,0.0,0.0,0.0,0.0,0.0
978,470,Picea',0,0,0,0,0,0,0,0.0,0.0,0.0,0.0,0.0,0.0,0.0,0.0
978,470,Pinus',0,220,932,132,0,0,0,46.49226760864258,26.7390079498291,488.45976661443706,34.29541449508349,40135.70999018431,203823.1436699191,0.09624599529804326,462.8824007712887
978,470,Planera',0,0,0,0,0,0,0,0.0,0.0,0.0,0.0,0.0,0.0,0.0,0.0
978,470,Platanus',0,69,0,0,0,0,0,5.964303970336914,3.0433638095855713,29.449868053197857,0.08458878885124359,118.69865281105042,2009.0380419899834,0.0006877220016131175,13.108684293615614
978,470,Populus',0,209,45,0,0,0,0,12.315754890441895,5.781610012054443,133.95260192925414,0.7567618138840007,643.608808876276,5987.005098973637,0.0033585638958644145,26.342524285483776
978,470,Prosopis',0,0,0,0,0,0,0,0.0,0.0,0.0,0.0,0.0,0.0,0.0,0.0
978,470,Prunus',0,46,19,0,0,0,0,20.859148025512695,10.2914400100708,26.087266294922255,0.6611742269465166,667.4818067112565,13648.179631574541,0.001858833640024312,34.63341936089244
978,470,Pseudotsuga',0,0,0,0,0,0,0,0.0,0.0,0.0,0.0,0.0,0.0,0.0,0.0
978,470,Quercus',0,147,106,36,0,0,1,133.0604705810547,28.025115966796875,163.78335993878449,7.407258300083516,11329.534647367002,119509.47523677631,0.027534496314102874,274.54683259565826
978,470,Robinia',0,0,0,0,0,0,0,0.0,0.0,0.0,0.0,0.0,0.0,0.0,0.0
978,470,Salix',0,886,10,0,0,0,0,18.481536865234375,8.913994789123535,221.76048922906568,0.9557803022262924,917.6683541002869,4283.6313495007325,0.005231628449717872,24.488138154727114
978,470,Sassafras',0,0,0,0,0,0,0,0.0,0.0,0.0,0.0,0.0,0.0,0.0,0.0
978,470,Sequoia',0,0,0,0,0,0,0,0.0,0.0,0.0,0.0,0.0,0.0,0.0,0.0
978,470,Sequoiadendron',0,0,0,0,0,0,0,0.0,0.0,0.0,0.0,0.0,0.0,0.0,0.0
978,470,Sorbus',0,0,0,0,0,0,0,0.0,0.0,0.0,0.0,0.0,0.0,0.0,0.0
978,470,Taxodium',0,0,0,0,0,0,0,0.0,0.0,0.0,0.0,0.0,0.0,0.0,0.0
978,470,Taxus',0,0,0,0,0,0,0,0.0,0.0,0.0,0.0,0.0,0.0,0.0,0.0
978,470,Thuja',0,0,0,0,0,0,0,0.0,0.0,0.0,0.0,0.0,0.0,0.0,0.0
978,470,Tilia',0,37,0,0,0,0,0,1.8824694156646729,2.3746156692504883,0.0,0.010498262395253973,9.719389411211013,217.33215423259426,2.1598643048200753e-05,0.4829603407753017
978,470,Torreya',0,0,0,0,0,0,0,0.0,0.0,0.0,0.0,0.0,0.0,0.0,0.0
978,470,Tsuga',0,0,0,0,0,0,0,0.0,0.0,0.0,0.0,0.0,0.0,0.0,0.0
978,470,Ulmus',0,67,95,0,0,0,0,13.087081909179688,6.984865665435791,58.30241380235816,1.134833801597265,955.4428233265877,9218.836546223409,0.0029625018526688454,27.260842696891817
978,470,Umbellularia',0,0,0,0,0,0,0,0.0,0.0,0.0,0.0,0.0,0.0,0.0,0.0
978,480,Abies',0,0,0,0,0,0,0,0.0,0.0,0.0,0.0,0.0,0.0,0.0,0.0
978,480,Acer',0,1707,632,4,0,0,0,28.2080020904541,16.621557235717773,784.255512929934,12.287879288220395,15867.26722004816,79697.68914944175,0.046550387857377085,187.81357860304138
978,480,Aesculus',0,0,0,0,0,0,0,0.0,0.0,0.0,0.0,0.0,0.0,0.0,0.0
978,480,Ailanthus',0,419,151,0,0,0,0,13.655281066894531,7.1964898109436035,211.9346572956235,2.058278821099152,1978.174508445114,12887.113060222362,0.007446860507378362,42.2451896942491
978,480,Alnus',0,3,38,0,0,0,0,19.758380889892578,10.6320219039917,11.543873592833929,1.1765519238854325,1139.8372719806432,25438.85636867157,0.0026991522004911677,60.02268207223004
978,480,Amelanchier',0,0,0,0,0,0,0,0.0,0.0,0.0,0.0,0.0,0.0,0.0,0.0
978,480,Arbutus',0,0,0,0,0,0,0,0.0,0.0,0.0,0.0,0.0,0.0,0.0,0.0
978,480,Asimina',0,0,0,0,0,0,0,0.0,0.0,0.0,0.0,0.0,0.0,0.0,0.0
978,480,Betula',0,176,122,5,3,2,0,71.04029083251953,22.45978546142578,152.92197793250597,5.022393440383111,7829.162583472133,65249.4789218577,0.019599535871032647,152.25901894546766
978,480,Calocedrus',0,0,0,0,0,0,0,0.0,0.0,0.0,0.0,0.0,0.0,0.0,0.0
978,480,Carpinus',0,33,0,0,0,0,0,2.411738395690918,2.8823463916778564,6.1189784449112565,0.015093512373493257,25.799752970933916,576.9000144571029,0.00014541888076625555,3.2516650260528217
978,480,Carya',0,25,61,0,0,0,0,13.442018508911133,9.35400390625,21.171832150673563,0.7087193488279557,943.6715974077582,15323.169592503978,0.0024018283302977323,37.08166822438478
978,480,Castanea',0,19,0,0,0,0,0,5.564010143280029,2.929187297821045,20.58641844157931,0.04804549229483883,60.888683795928955,1361.5123602818846,0.00043166110979020987,9.652235847339082
978,480,Catalpa',0,0,23,0,0,0,0,9.852287292480469,5.576322555541992,7.542001460737819,0.17839384803132688,118.61379919946194,2652.2851807951047,0.0003721575016155839,8.321694719489367
978,480,Celtis',0,34,1,0,0,0,0,18.84075927734375,10.656115531921387,22.545477204684968,0.1839647844538926,207.7164495897293,3204.984681980555,0.0007861467717066405,11.890263466305985
978,480,Cercis',0,0,0,0,0,0,0,0.0,0.0,0.0,0.0,0.0,0.0,0.0,0.0
978,480,Cercocarpus',0,0,0,0,0,0,0,0.0,0.0,0.0,0.0,0.0,0.0,0.0,0.0
978,480,Chamaecyparis',0,101,0,0,0,0,0,7.058828830718994,7.561176776885986,29.701082669496536,0.24006497528057505,189.98314786076546,2933.049720024762,0.0008512004167356767,12.43378904382513
978,480,Chilopsis',0,0,0,0,0,0,0,0.0,0.0,0.0,0.0,0.0,0.0,0.0,0.0
978,480,Chrysolepis',0,0,0,0,0,0,0,0.0,0.0,0.0,0.0,0.0,0.0,0.0,0.0
978,480,Cladrastis',0,0,0,0,0,0,0,0.0,0.0,0.0,0.0,0.0,0.0,0.0,0.0
978,480,Comus',0,0,0,0,0,0,0,0.0,0.0,0.0,0.0,0.0,0.0,0.0,0.0
978,480,Cornus',0,0,0,0,0,0,0,0.0,0.0,0.0,0.0,0.0,0.0,0.0,0.0
978,480,Crataegus',0,0,0,0,0,0,0,0.0,0.0,0.0,0.0,0.0,0.0,0.0,0.0
978,480,Cupressus',0,0,0,0,0,0,0,0.0,0.0,0.0,0.0,0.0,0.0,0.0,0.0
978,480,Diospyros',0,0,0,0,0,0,0,0.0,0.0,0.0,0.0,0.0,0.0,0.0,0.0
978,480,Elaeagnus',0,302,156,0,0,0,0,26.036508560180664,7.627376079559326,159.07193026965177,2.4924886451811865,2218.394229280949,17420.8748661631,0.007219693790623409,49.45124438343032
978,480,Fagus',0,0,0,0,0,0,0,0.0,0.0,0.0,0.0,0.0,0.0,0.0,0.0
978,480,Fraxinus',0,1083,697,1,0,0,0,43.22895812988281,15.240093231201172,636.2644923096403,12.816129945066232,15140.662350741923,74362.17150163572,0.04280529742021577,179.2224140847695
978,480,Gleditsia',0,60,56,0,0,0,0,20.780853271484375,11.812545776367188,26.981001316652264,1.6421412008902598,2302.8601218208673,36917.87964544872,0.005505873437919583,85.40853031652402
978,480,Gordonia',0,0,0,0,0,0,0,0.0,0.0,0.0,0.0,0.0,0.0,0.0,0.0
978,480,Gymnocladus',0,0,0,0,0,0,0,0.0,0.0,0.0,0.0,0.0,0.0,0.0,0.0
978,480,Halesia',0,0,0,0,0,0,0,0.0,0.0,0.0,0.0,0.0,0.0,0.0,0.0
978,480,Ilex',0,0,0,0,0,0,0,0.0,0.0,0.0,0.0,0.0,0.0,0.0,0.0
978,480,Juglans',0,0,10,0,0,0,0,8.373062133789062,5.388648986816406,12.451895279220388,0.05616408411277592,70.74266567230225,1581.8540935280726,0.0003364578782021991,7.523426872254667
978,480,Juniperus',0,0,0,0,0,0,0,0.0,0.0,0.0,0.0,0.0,0.0,0.0,0.0
978,480,Larix',0,0,0,0,0,0,0,0.0,0.0,0.0,0.0,0.0,0.0,0.0,0.0
978,480,Liquidambar',0,0,0,0,0,0,0,0.0,0.0,0.0,0.0,0.0,0.0,0.0,0.0
978,480,Liriodendron',0,1228,923,25,0,0,0,43.360595703125,16.660053253173828,917.8146713733955,19.490562080590717,17018.245085665436,67490.84320699135,0.051030774327285124,167.0265198521261
978,480,Lithocarpus',0,0,0,0,0,0,0,0.0,0.0,0.0,0.0,0.0,0.0,0.0,0.0
978,480,Maclura',0,107,93,0,0,0,0,24.392623901367188,10.52130126953125,61.44618188278584,2.3801946917040016,3803.8016427612306,45090.14123571716,0.009337444749744659,104.87853992110176
978,480,Magnolia',0,0,0,0,0,0,0,0.0,0.0,0.0,0.0,0.0,0.0,0.0,0.0
978,480,Malus',0,0,0,0,0,0,0,0.0,0.0,0.0,0.0,0.0,0.0,0.0,0.0
978,480,Morus',0,37,35,0,0,0,0,9.484174728393555,6.523837566375732,13.662227017781401,0.4241045921746725,388.8265141695738,6239.07975050985,0.0010607342726141208,16.890681202727592
978,480,Nyssa',0,18,0,0,0,0,0,2.956608772277832,2.768789529800415,5.396653519401067,0.012989688473248908,18.647441382408143,416.9694653750706,0.0001191265845913447,2.6637514107362303
978,480,Olneya',0,0,0,0,0,0,0,0.0,0.0,0.0,0.0,0.0,0.0,0.0,0.0
978,480,Ostrya',0,30,0,0,0,0,0,2.216583490371704,3.1756269931793213,4.563331498375422,0.01183895650495695,21.147120559215548,472.86399098789735,0.00011268529359996159,2.519719765540353
978,480,Oxydendron',0,0,0,0,0,0,0,0.0,0.0,0.0,0.0,0.0,0.0,0.0,0.0
978,480,Paulownia',0,104,64,0,0,0,0,9.386600494384766,4.9496049880981445,77.32312403902222,0.565385293203671,326.327576521039,3608.173925111498,0.0018382817235239731,19.330004876986834
978,480,Persea',0,0,0,0,0,0,0,0.0,0.0,0.0,0.0,0.0,0.0,0.0,0.0
978,480,Picea',0,0,0,0,0,0,0,0.0,0.0,0.0,0.0,0.0,0.0,0.0,0.0
978,480,Pinus',0,211,726,173,0,0,0,47.76759719848633,27.06121063232422,448.9690386646986,33.82373755200136,40844.65928899944,218800.16484497942,0.097251016424849,498.5112087976814
978,480,Planera',0,0,0,0,0,0,0,0.0,0.0,0.0,0.0,0.0,0.0,0.0,0.0
978,480,Platanus',0,35,8,0,0,0,0,10.195908546447754,4.226184844970703,17.08942580355119,0.07320734113399527,87.20984654843808,1534.3821471550332,0.0004398114347392683,7.5710430672143865
978,480,Populus',0,253,34,0,0,0,0,17.531675338745117,7.498212814331055,119.10815697304808,0.6518441066388179,582.0241731834411,4412.521265277705,0.003008015150502331,20.666300216164863
978,480,Prosopis',0,0,0,0,0,0,0,0.0,0.0,0.0,0.0,0.0,0.0,0.0,0.0
978,480,Prunus',0,38,28,0,0,0,0,24.334060668945312,11.540892601013184,29.73699179631245,1.00695624526736,1044.418707422614,19720.589448920513,0.002749010860175143,46.505445560630186
978,480,Pseudotsuga',0,0,0,0,0,0,0,0.0,0.0,0.0,0.0,0.0,0.0,0.0,0.0
978,480,Quercus',0,133,106,36,0,0,1,137.63552856445312,28.40731430053711,113.46697915864141,7.736856140571933,12042.522761265636,131099.98207095618,0.028394582447438546,296.96146875094956
978,480,Robinia',0,0,0,0,0,0,0,0.0,0.0,0.0,0.0,0.0,0.0,0.0,0.0
978,480,Salix',0,767,47,0,0,0,0,10.254186630249023,7.084690570831299,275.3176894364289,1.3334379140292725,1175.3864819648861,5656.504185815056,0.006575321059214892,30.20981625298125
978,480,Sassafras',0,0,0,0,0,0,0,0.0,0.0,0.0,0.0,0.0,0.0,0.0,0.0
978,480,Sequoia',0,0,0,0,0,0,0,0.0,0.0,0.0,0.0,0.0,0.0,0.0,0.0
978,480,Sequoiadendron',0,0,0,0,0,0,0,0.0,0.0,0.0,0.0,0.0,0.0,0.0,0.0
978,480,Sorbus',0,0,0,0,0,0,0,0.0,0.0,0.0,0.0,0.0,0.0,0.0,0.0
978,480,Taxodium',0,0,0,0,0,0,0,0.0,0.0,0.0,0.0,0.0,0.0,0.0,0.0
978,480,Taxus',0,0,0,0,0,0,0,0.0,0.0,0.0,0.0,0.0,0.0,0.0,0.0
978,480,Thuja',0,0,0,0,0,0,0,0.0,0.0,0.0,0.0,0.0,0.0,0.0,0.0
978,480,Tilia',0,0,0,0,0,0,0,0.0,0.0,0.0,0.0,0.0,0.0,0.0,0.0
978,480,Torreya',0,0,0,0,0,0,0,0.0,0.0,0.0,0.0,0.0,0.0,0.0,0.0
978,480,Tsuga',0,0,0,0,0,0,0,0.0,0.0,0.0,0.0,0.0,0.0,0.0,0.0
978,480,Ulmus',0,0,95,0,0,0,0,17.542301177978516,7.923946380615234,50.510828303574,1.6920342908339445,1465.636316769719,15154.830178277422,0.003984101006284353,40.89799619283477
978,480,Umbellularia',0,0,0,0,0,0,0,0.0,0.0,0.0,0.0,0.0,0.0,0.0,0.0
978,490,Abies',0,0,0,0,0,0,0,0.0,0.0,0.0,0.0,0.0,0.0,0.0,0.0
978,490,Acer',0,2005,717,4,0,0,0,33.5612678527832,18.63648223876953,939.4086747512786,12.680786570833552,16121.182663701475,73768.67518325409,0.04934816049501758,178.5705571153643
978,490,Aesculus',0,0,0,0,0,0,0,0.0,0.0,0.0,0.0,0.0,0.0,0.0,0.0
978,490,Ailanthus',0,340,174,0,0,0,0,11.611364364624023,6.422705173492432,141.21339147769007,1.6055217529311636,1513.688207821697,11162.144074018763,0.005396596734007366,33.96660013267469
978,490,Alnus',0,33,3,0,0,0,0,8.881231307983398,6.237483024597168,12.394172599232649,0.11803728073804345,100.73087123692036,1803.5136173843032,0.00040226736603304355,6.908836901653541
978,490,Amelanchier',0,0,0,0,0,0,0,0.0,0.0,0.0,0.0,0.0,0.0,0.0,0.0
978,490,Arbutus',0,0,0,0,0,0,0,0.0,0.0,0.0,0.0,0.0,0.0,0.0,0.0
978,490,Asimina',0,0,0,0,0,0,0,0.0,0.0,0.0,0.0,0.0,0.0,0.0,0.0
978,490,Betula',0,151,174,7,3,2,0,75.1258773803711,23.017696380615234,151.8278334695327,4.639170137413368,7429.2856421542165,68255.96097696599,0.01869516962600918,159.05157908957358
978,490,Calocedrus',0,0,0,0,0,0,0,0.0,0.0,0.0,0.0,0.0,0.0,0.0,0.0
978,490,Carpinus',0,0,0,0,0,0,0,0.0,0.0,0.0,0.0,0.0,0.0,0.0,0.0
978,490,Carya',0,0,60,0,0,0,0,15.946697235107422,10.502335548400879,11.85546489550343,0.995251016725946,1377.6594893699885,23157.899482215365,0.0032321314101666516,53.9342284787482
978,490,Castanea',0,0,0,0,0,0,0,0.0,0.0,0.0,0.0,0.0,0.0,0.0,0.0
978,490,Catalpa',0,0,0,0,0,0,0,0.0,0.0,0.0,0.0,0.0,0.0,0.0,0.0
978,490,Celtis',0,53,31,1,0,0,0,28.324735641479492,14.349924087524414,44.00918408285213,0.47401768353953644,556.4448354434967,7617.498576263977,0.0018700807376951026,23.457836836181116
978,490,Cercis',0,0,0,0,0,0,0,0.0,0.0,0.0,0.0,0.0,0.0,0.0,0.0
978,490,Cercocarpus',0,0,0,0,0,0,0,0.0,0.0,0.0,0.0,0.0,0.0,0.0,0.0
978,490,Chamaecyparis',0,69,65,0,0,0,0,11.577702522277832,10.670661926269531,41.813322541117664,0.7502093711496293,584.498626024127,8239.38745883461,0.0019028559889194341,24.365376960576594
978,490,Chilopsis',0,0,0,0,0,0,0,0.0,0.0,0.0,0.0,0.0,0.0,0.0,0.0
978,490,Chrysolepis',0,0,0,0,0,0,0,0.0,0.0,0.0,0.0,0.0,0.0,0.0,0.0
978,490,Cladrastis',0,0,0,0,0,0,0,0.0,0.0,0.0,0.0,0.0,0.0,0.0,0.0
978,490,Comus',0,0,0,0,0,0,0,0.0,0.0,0.0,0.0,0.0,0.0,0.0,0.0
978,490,Cornus',0,0,0,0,0,0,0,0.0,0.0,0.0,0.0,0.0,0.0,0.0,0.0
978,490,Crataegus',0,0,0,0,0,0,0,0.0,0.0,0.0,0.0,0.0,0.0,0.0,0.0
978,490,Cupressus',0,0,0,0,0,0,0,0.0,0.0,0.0,0.0,0.0,0.0,0.0,0.0
978,490,Diospyros',0,0,0,0,0,0,0,0.0,0.0,0.0,0.0,0.0,0.0,0.0,0.0
978,490,Elaeagnus',0,269,52,0,0,0,0,11.337139129638672,5.366054534912109,93.4560938358684,0.6547932783826275,652.2374781680107,6238.55091346205,0.002794769011767113,24.85333700831478
978,490,Fagus',0,0,0,0,0,0,0,0.0,0.0,0.0,0.0,0.0,0.0,0.0,0.0
978,490,Fraxinus',0,1075,511,23,0,0,0,28.072940826416016,14.25932502746582,537.7110683409896,11.497835012618257,13871.042311674431,78311.83333251759,0.03856518819180396,183.85564981234012
978,490,Gleditsia',0,0,29,0,0,0,0,22.345230102539062,12.42650032043457,6.058733870711507,1.151371817922688,1717.3905132389068,38402.01931515419,0.0039036422688961537,87.28809473093386
978,490,Gordonia',0,0,0,0,0,0,0,0.0,0.0,0.0,0.0,0.0,0.0,0.0,0.0
978,490,Gymnocladus',0,0,0,0,0,0,0,0.0,0.0,0.0,0.0,0.0,0.0,0.0,0.0
978,490,Halesia',0,0,0,0,0,0,0,0.0,0.0,0.0,0.0,0.0,0.0,0.0,0.0
978,490,Ilex',0,0,0,0,0,0,0,0.0,0.0,0.0,0.0,0.0,0.0,0.0,0.0
978,490,Juglans',0,0,10,0,0,0,0,14.45022964477539,8.04708480834961,11.004523121857945,0.16727827878357465,181.2554285287857,4052.9945948121986,0.0005612060751020932,12.54894933314145
978,490,Juniperus',0,0,0,0,0,0,0,0.0,0.0,0.0,0.0,0.0,0.0,0.0,0.0
978,490,Larix',0,0,0,0,0,0,0,0.0,0.0,0.0,0.0,0.0,0.0,0.0,0.0
978,490,Liquidambar',0,0,0,0,0,0,0,0.0,0.0,0.0,0.0,0.0,0.0,0.0,0.0
978,490,Liriodendron',0,1266,932,51,0,0,0,40.19676208496094,15.82175350189209,919.7157547212664,21.76583765498022,18979.757477513253,65744.75842601554,0.05541705808774738,164.95076583857096
978,490,Lithocarpus',0,0,0,0,0,0,0,0.0,0.0,0.0,0.0,0.0,0.0,0.0,0.0
978,490,Maclura',0,144,70,0,0,0,0,13.015127182006836,7.121734619140625,82.21883759515572,1.0416289993753567,1479.1361012366415,14227.106893462651,0.004470554875802209,38.87740857634372
978,490,Magnolia',0,0,0,0,0,0,0,0.0,0.0,0.0,0.0,0.0,0.0,0.0,0.0
978,490,Malus',0,68,0,0,0,0,0,2.9976534843444824,2.9276609420776367,19.33614612663094,0.04465534217961288,79.43326379716396,1263.117558844733,0.00045487293370627266,7.231562675419733
978,490,Morus',0,0,10,0,0,0,0,8.544921875,6.075306415557861,12.549414400812944,0.05849331648141796,81.33186571598053,1818.6358047781764,0.0003613932649791257,8.080999071039166
978,490,Nyssa',0,0,0,0,0,0,0,0.0,0.0,0.0,0.0,0.0,0.0,0.0,0.0
978,490,Olneya',0,0,0,0,0,0,0,0.0,0.0,0.0,0.0,0.0,0.0,0.0,0.0
978,490,Ostrya',0,30,0,0,0,0,0,5.883237361907959,5.731593608856201,9.011505220698405,0.08340229046057586,105.42517454922199,2357.3785683183955,0.0003640037894546933,8.139372172882243
978,490,Oxydendron',0,0,0,0,0,0,0,0.0,0.0,0.0,0.0,0.0,0.0,0.0,0.0
978,490,Paulownia',0,233,0,0,0,0,0,6.453657627105713,3.8884787559509277,75.27444673725697,0.36015706397903696,245.47136016100646,2409.8389184520656,0.001629109395835314,15.951343750391063
978,490,Persea',0,0,0,0,0,0,0,0.0,0.0,0.0,0.0,0.0,0.0,0.0,0.0
978,490,Picea',0,0,0,0,0,0,0,0.0,0.0,0.0,0.0,0.0,0.0,0.0,0.0
978,490,Pinus',0,374,696,239,24,0,0,48.999752044677734,27.361318588256836,537.2416866087914,40.07854732498273,49007.59751801968,240495.73879048458,0.11666592839509808,545.239853584606
978,490,Planera',0,0,0,0,0,0,0,0.0,0.0,0.0,0.0,0.0,0.0,0.0,0.0
978,490,Platanus',0,0,1,0,0,0,0,10.549651145935059,4.323092460632324,4.127195817005784,0.010838963752249575,15.49884937286377,346.56480770753006,9.385516501963138e-05,2.098665290233566
978,490,Populus',0,109,55,0,0,0,0,18.74045753479004,7.881692886352539,86.88653991003578,1.22234715010219,881.9650427997112,8170.562616643565,0.0032107023214139,25.9028674862034
978,490,Prosopis',0,0,0,0,0,0,0,0.0,0.0,0.0,0.0,0.0,0.0,0.0,0.0
978,490,Prunus',0,0,26,0,0,0,0,27.310386657714844,12.561823844909668,14.73160877540896,1.340382963817123,1405.4000161808729,26622.499077745848,0.0033351808418482514,61.69958739429074
978,490,Pseudotsuga',0,0,0,0,0,0,0,0.0,0.0,0.0,0.0,0.0,0.0,0.0,0.0
978,490,Quercus',0,79,137,59,0,0,1,141.7506866455078,28.734493255615234,121.95792624467535,9.069937888576222,14005.618571910858,145199.79441024733,0.03287924878573491,330.2146521651551
978,490,Robinia',0,0,0,0,0,0,0,0.0,0.0,0.0,0.0,0.0,0.0,0.0,0.0
978,490,Salix',0,769,141,0,0,0,0,15.415212631225586,8.819695472717285,252.7383405894418,2.819911979404778,2116.4511057507993,12124.761102261002,0.008341533541433974,40.49102838935009
978,490,Sassafras',0,0,0,0,0,0,0,0.0,0.0,0.0,0.0,0.0,0.0,0.0,0.0
978,490,Sequoia',0,0,0,0,0,0,0,0.0,0.0,0.0,0.0,0.0,0.0,0.0,0.0
978,490,Sequoiadendron',0,0,0,0,0,0,0,0.0,0.0,0.0,0.0,0.0,0.0,0.0,0.0
978,490,Sorbus',0,0,0,0,0,0,0,0.0,0.0,0.0,0.0,0.0,0.0,0.0,0.0
978,490,Taxodium',0,0,0,0,0,0,0,0.0,0.0,0.0,0.0,0.0,0.0,0.0,0.0
978,490,Taxus',0,0,0,0,0,0,0,0.0,0.0,0.0,0.0,0.0,0.0,0.0,0.0
978,490,Thuja',0,0,0,0,0,0,0,0.0,0.0,0.0,0.0,0.0,0.0,0.0,0.0
978,490,Tilia',0,0,0,0,0,0,0,0.0,0.0,0.0,0.0,0.0,0.0,0.0,0.0
978,490,Torreya',0,0,0,0,0,0,0,0.0,0.0,0.0,0.0,0.0,0.0,0.0,0.0
978,490,Tsuga',0,0,0,0,0,0,0,0.0,0.0,0.0,0.0,0.0,0.0,0.0,0.0
978,490,Ulmus',0,48,27,0,0,0,0,21.118824005126953,8.620984077453613,38.74231502508061,1.0257585673685117,952.5815747278929,13344.03267957439,0.0026745650894809455,33.744483539703474
978,490,Umbellularia',0,0,0,0,0,0,0,0.0,0.0,0.0,0.0,0.0,0.0,0.0,0.0
978,500,Abies',0,0,0,0,0,0,0,0.0,0.0,0.0,0.0,0.0,0.0,0.0,0.0
978,500,Acer',0,1600,1053,6,0,0,0,28.106670379638672,16.424861907958984,907.2974136285483,15.907535409328688,19929.93295988515,84406.73170209001,0.057349790201686277,203.18767233682564
978,500,Aesculus',0,0,0,0,0,0,0,0.0,0.0,0.0,0.0,0.0,0.0,0.0,0.0
978,500,Ailanthus',0,395,211,0,0,0,0,17.643016815185547,8.609472274780273,230.14242667869863,3.138305299000798,2954.5230064566435,19206.281581959694,0.00987863482551461,55.23946481492175
978,500,Alnus',0,0,0,0,0,0,0,0.0,0.0,0.0,0.0,0.0,0.0,0.0,0.0
978,500,Amelanchier',0,0,0,0,0,0,0,0.0,0.0,0.0,0.0,0.0,0.0,0.0,0.0
978,500,Arbutus',0,0,0,0,0,0,0,0.0,0.0,0.0,0.0,0.0,0.0,0.0,0.0
978,500,Asimina',0,38,0,0,0,0,0,3.1308083534240723,3.3071703910827637,11.352860852132867,0.029993130517362687,32.8130169248581,733.7213639083403,0.00023634855316951868,5.2849143127076665
978,500,Betula',0,155,226,10,6,2,0,79.3733901977539,23.55399513244629,164.0316266234068,6.255235943767762,9731.648549362868,80583.34182039861,0.023987211674012694,186.86972319048175
978,500,Calocedrus',0,0,0,0,0,0,0,0.0,0.0,0.0,0.0,0.0,0.0,0.0,0.0
978,500,Carpinus',0,0,0,0,0,0,0,0.0,0.0,0.0,0.0,0.0,0.0,0.0,0.0
978,500,Carya',0,6,27,0,0,0,0,15.162920951843262,10.211134910583496,12.959800070222418,0.5017177257159526,719.1533322250843,15643.997052304005,0.001784681984525195,37.85144925022606
978,500,Castanea',0,0,0,0,0,0,0,0.0,0.0,0.0,0.0,0.0,0.0,0.0,0.0
978,500,Catalpa',0,35,0,0,0,0,0,6.006056308746338,3.988464832305908,16.28444417745252,0.08957673734708238,74.27395911216736,1567.4425388679156,0.0003994768667444587,8.24456977887057
978,500,Celtis',0,33,57,1,0,0,0,37.5513916015625,17.41690444946289,34.66374375869201,0.8599614243667256,971.8474067622424,12821.787085703081,0.0026586647311616627,33.14639530239877
978,500,Cercis',0,0,0,0,0,0,0,0.0,0.0,0.0,0.0,0.0,0.0,0.0,0.0
978,500,Cercocarpus',0,0,0,0,0,0,0,0.0,0.0,0.0,0.0,0.0,0.0,0.0,0.0
978,500,Chamaecyparis',0,36,59,0,0,0,0,16.733806610107422,13.547303199768066,30.51502903342247,0.8564251552151382,699.0172011363506,11732.413529982026,0.0019941442013463487,31.869604937088344
978,500,Chilopsis',0,0,0,0,0,0,0,0.0,0.0,0.0,0.0,0.0,0.0,0.0,0.0
978,500,Chrysolepis',0,0,0,0,0,0,0,0.0,0.0,0.0,0.0,0.0,0.0,0.0,0.0
978,500,Cladrastis',0,0,0,0,0,0,0,0.0,0.0,0.0,0.0,0.0,0.0,0.0,0.0
978,500,Comus',0,0,0,0,0,0,0,0.0,0.0,0.0,0.0,0.0,0.0,0.0,0.0
978,500,Cornus',0,0,0,0,0,0,0,0.0,0.0,0.0,0.0,0.0,0.0,0.0,0.0
978,500,Crataegus',0,0,0,0,0,0,0,0.0,0.0,0.0,0.0,0.0,0.0,0.0,0.0
978,500,Cupressus',0,0,0,0,0,0,0,0.0,0.0,0.0,0.0,0.0,0.0,0.0,0.0
978,500,Diospyros',0,0,0,0,0,0,0,0.0,0.0,0.0,0.0,0.0,0.0,0.0,0.0
978,500,Elaeagnus',0,49,124,0,0,0,0,11.586119651794434,5.425490379333496,75.22914106898669,0.9780970161877535,850.8541336572171,9783.90031551245,0.0029737521764589317,31.54558210901486
978,500,Fagus',0,0,0,0,0,0,0,0.0,0.0,0.0,0.0,0.0,0.0,0.0,0.0
978,500,Fraxinus',0,803,804,0,0,0,0,24.264257431030273,12.659547805786133,566.4993716036028,13.609082689578063,15687.956884618105,73022.20551498496,0.04301719986542109,176.4111393308984
978,500,Gleditsia',0,52,0,0,0,0,0,6.328534126281738,5.022433757781982,18.72250983137873,0.1367438799357038,162.32185171544552,3008.358959830207,0.000630236159775402,10.868575750456191
978,500,Gordonia',0,0,0,0,0,0,0,0.0,0.0,0.0,0.0,0.0,0.0,0.0,0.0
978,500,Gymnocladus',0,0,0,0,0,0,0,0.0,0.0,0.0,0.0,0.0,0.0,0.0,0.0
978,500,Halesia',0,0,0,0,0,0,0,0.0,0.0,0.0,0.0,0.0,0.0,0.0,0.0
978,500,Ilex',0,61,0,0,0,0,0,3.1831815242767334,2.962104320526123,16.596439098119735,0.04046688574045116,67.78319659590721,1074.9516184445386,0.00039035566606589986,6.192447026956631
978,500,Juglans',0,0,10,0,0,0,0,19.605236053466797,10.117637634277344,12.417686532569837,0.307917381255971,361.74685789346694,8088.905648967559,0.0009826413470506634,21.972528495072282
978,500,Juniperus',0,0,0,0,0,0,0,0.0,0.0,0.0,0.0,0.0,0.0,0.0,0.0
978,500,Larix',0,0,0,0,0,0,0,0.0,0.0,0.0,0.0,0.0,0.0,0.0,0.0
978,500,Liquidambar',0,0,0,0,0,0,0,0.0,0.0,0.0,0.0,0.0,0.0,0.0,0.0
978,500,Liriodendron',0,1055,837,48,0,0,0,46.02848815917969,17.339208602905273,764.7370320379356,20.013700687146162,17351.32024012357,66883.86145858833,0.04956730401525278,166.07736187278897
978,500,Lithocarpus',0,0,0,0,0,0,0,0.0,0.0,0.0,0.0,0.0,0.0,0.0,0.0
978,500,Maclura',0,160,57,0,0,0,0,21.28895378112793,9.71641731262207,68.29175899677638,0.7904919329735257,1211.241911122799,12462.88314991361,0.0036747464017928646,35.37083826190259
978,500,Magnolia',0,0,0,0,0,0,0,0.0,0.0,0.0,0.0,0.0,0.0,0.0,0.0
978,500,Malus',0,0,0,0,0,0,0,0.0,0.0,0.0,0.0,0.0,0.0,0.0,0.0
978,500,Morus',0,73,0,0,0,0,0,6.4445576667785645,5.021368503570557,13.543110465795932,0.04958284564351666,81.10349839955569,1367.035298026823,0.00037519058733713007,6.91477488726923
978,500,Nyssa',0,0,0,0,0,0,0,0.0,0.0,0.0,0.0,0.0,0.0,0.0,0.0
978,500,Olneya',0,0,0,0,0,0,0,0.0,0.0,0.0,0.0,0.0,0.0,0.0,0.0
978,500,Ostrya',0,0,30,0,0,0,0,8.730985641479492,7.328942775726318,7.78506192131133,0.1836841930339895,223.46006494939328,4996.718954833603,0.0006086482322961092,13.609788217991825
978,500,Oxydendron',0,0,0,0,0,0,0,0.0,0.0,0.0,0.0,0.0,0.0,0.0,0.0
978,500,Paulownia',0,202,0,0,0,0,0,7.516448020935059,4.280862331390381,71.14988434871162,0.3552658943086166,234.50642432302237,2400.741681239571,0.001545367487210783,13.891285626188047
978,500,Persea',0,0,0,0,0,0,0,0.0,0.0,0.0,0.0,0.0,0.0,0.0,0.0
978,500,Picea',0,0,0,0,0,0,0,0.0,0.0,0.0,0.0,0.0,0.0,0.0,0.0
978,500,Pinus',0,465,795,222,28,0,0,51.805049896240234,27.65472412109375,622.0077008289098,44.77236048921666,56102.2077237314,264951.9341549013,0.13365612818842573,599.6476201141704
978,500,Planera',0,0,0,0,0,0,0,0.0,0.0,0.0,0.0,0.0,0.0,0.0,0.0
978,500,Platanus',0,36,0,0,0,0,0,1.7312918901443481,1.8154698610305786,0.0,0.0085313676876403,21.12041174411774,472.2667637263164,4.693424980156123e-05,1.0494817302924686
978,500,Populus',0,175,97,0,0,0,0,21.483314514160156,8.732523918151855,112.25013957747929,1.4285059737721515,1080.0756964695454,9631.086670127395,0.004016071284908324,29.74257665763592
978,500,Prosopis',0,0,0,0,0,0,0,0.0,0.0,0.0,0.0,0.0,0.0,0.0,0.0
978,500,Prunus',0,56,0,17,0,0,0,29.48290252685547,13.279525756835938,22.541843964895115,1.3492221205989134,1517.3751176327467,31617.67290237231,0.0036964471975918845,72.06000537417322
978,500,Pseudotsuga',0,0,0,0,0,0,0,0.0,0.0,0.0,0.0,0.0,0.0,0.0,0.0
978,500,Quercus',0,144,130,59,0,0,1,145.9132080078125,29.050207138061523,132.2105915387031,10.017317971164402,15699.631624540985,158752.45058154568,0.03679131549293813,359.1357373531104
978,500,Robinia',0,0,0,0,0,0,0,0.0,0.0,0.0,0.0,0.0,0.0,0.0,0.0
978,500,Salix',0,943,176,0,0,0,0,16.285192489624023,8.232407569885254,357.16458145811964,3.248918681396925,2450.463869393766,13774.174725101144,0.010587057849534098,45.54299397011117
978,500,Sassafras',0,0,0,0,0,0,0,0.0,0.0,0.0,0.0,0.0,0.0,0.0,0.0
978,500,Sequoia',0,0,0,0,0,0,0,0.0,0.0,0.0,0.0,0.0,0.0,0.0,0.0
978,500,Sequoiadendron',0,0,0,0,0,0,0,0.0,0.0,0.0,0.0,0.0,0.0,0.0,0.0
978,500,Sorbus',0,0,0,0,0,0,0,0.0,0.0,0.0,0.0,0.0,0.0,0.0,0.0
978,500,Taxodium',0,0,0,0,0,0,0,0.0,0.0,0.0,0.0,0.0,0.0,0.0,0.0
978,500,Taxus',0,0,0,0,0,0,0,0.0,0.0,0.0,0.0,0.0,0.0,0.0,0.0
978,500,Thuja',0,0,0,0,0,0,0,0.0,0.0,0.0,0.0,0.0,0.0,0.0,0.0
978,500,Tilia',0,0,0,0,0,0,0,0.0,0.0,0.0,0.0,0.0,0.0,0.0,0.0
978,500,Torreya',0,0,0,0,0,0,0,0.0,0.0,0.0,0.0,0.0,0.0,0.0,0.0
978,500,Tsuga',0,0,0,0,0,0,0,0.0,0.0,0.0,0.0,0.0,0.0,0.0,0.0
978,500,Ulmus',0,11,75,0,0,0,0,23.972396850585938,9.481971740722656,37.640915922349,1.5386414034634068,1437.9951985526086,18863.318366319683,0.0037374067816026433,46.181819799212406
978,500,Umbellularia',0,0,0,0,0,0,0,0.0,0.0,0.0,0.0,0.0,0.0,0.0,0.0
978,510,Abies',0,0,0,0,0,0,0,0.0,0.0,0.0,0.0,0.0,0.0,0.0,0.0
978,510,Acer',0,1523,957,6,0,0,0,31.858306884765625,17.85607147216797,875.9132151082864,17.35675353861888,22560.132563338502,97691.91783864488,0.06274288499819658,231.88491182757005
978,510,Aesculus',0,0,0,0,0,0,0,0.0,0.0,0.0,0.0,0.0,0.0,0.0,0.0
978,510,Ailanthus',0,383,165,0,0,0,0,14.304676055908203,7.435133934020996,180.2294721624142,2.0802491633925655,2017.1816675531866,14235.716156851555,0.007077129352607063,43.221545746559144
978,510,Alnus',0,0,0,0,0,0,0,0.0,0.0,0.0,0.0,0.0,0.0,0.0,0.0
978,510,Amelanchier',0,0,0,0,0,0,0,0.0,0.0,0.0,0.0,0.0,0.0,0.0,0.0
978,510,Arbutus',0,0,0,0,0,0,0,0.0,0.0,0.0,0.0,0.0,0.0,0.0,0.0
978,510,Asimina',0,0,0,0,0,0,0,0.0,0.0,0.0,0.0,0.0,0.0,0.0,0.0
978,510,Betula',0,248,152,10,6,0,0,60.834617614746094,18.05592155456543,135.6257289591469,5.414050345410176,7927.506864088774,64002.97887983958,0.019569089219741497,150.10567304381246
978,510,Calocedrus',0,0,0,0,0,0,0,0.0,0.0,0.0,0.0,0.0,0.0,0.0,0.0
978,510,Carpinus',0,0,0,0,0,0,0,0.0,0.0,0.0,0.0,0.0,0.0,0.0,0.0
978,510,Carya',0,13,27,0,0,0,0,17.38380241394043,11.286567687988281,17.852570963434026,0.6739957664969775,1028.1067706525325,21870.458374614773,0.002541679426057237,52.10546650373566
978,510,Castanea',0,0,0,0,0,0,0,0.0,0.0,0.0,0.0,0.0,0.0,0.0,0.0
978,510,Catalpa',0,14,0,0,0,0,0,1.43220853805542,1.9653053283691406,1.500521451706373,0.002261879716322618,4.500401314795018,100.63203265911076,3.160173169104382e-05,0.7066362026788295
978,510,Celtis',0,103,26,0,0,0,0,12.435746192932129,7.80399227142334,25.55638690207955,0.5450139532162942,509.2842643454671,7441.694062964897,0.0014996412173248987,20.530086367103962
978,510,Cercis',0,0,0,0,0,0,0,0.0,0.0,0.0,0.0,0.0,0.0,0.0,0.0
978,510,Cercocarpus',0,0,0,0,0,0,0,0.0,0.0,0.0,0.0,0.0,0.0,0.0,0.0
978,510,Chamaecyparis',0,0,33,0,0,0,0,14.309831619262695,12.274969100952148,13.921418845653534,0.5313723683245015,430.07541519880294,9616.778638359685,0.0011568103040754795,25.867064769849787
978,510,Chilopsis',0,0,0,0,0,0,0,0.0,0.0,0.0,0.0,0.0,0.0,0.0,0.0
978,510,Chrysolepis',0,0,0,0,0,0,0,0.0,0.0,0.0,0.0,0.0,0.0,0.0,0.0
978,510,Cladrastis',0,0,0,0,0,0,0,0.0,0.0,0.0,0.0,0.0,0.0,0.0,0.0
978,510,Comus',0,0,0,0,0,0,0,0.0,0.0,0.0,0.0,0.0,0.0,0.0,0.0
978,510,Cornus',0,0,0,0,0,0,0,0.0,0.0,0.0,0.0,0.0,0.0,0.0,0.0
978,510,Crataegus',0,0,0,0,0,0,0,0.0,0.0,0.0,0.0,0.0,0.0,0.0,0.0
978,510,Cupressus',0,0,0,0,0,0,0,0.0,0.0,0.0,0.0,0.0,0.0,0.0,0.0
978,510,Diospyros',0,0,0,0,0,0,0,0.0,0.0,0.0,0.0,0.0,0.0,0.0,0.0
978,510,Elaeagnus',0,92,77,0,0,0,0,12.806278228759766,5.703002452850342,70.22516532129123,0.9387609786028593,831.1023045259715,10126.988860546024,0.0028578242933787468,31.10325333602431
978,510,Fagus',0,0,0,0,0,0,0,0.0,0.0,0.0,0.0,0.0,0.0,0.0,0.0
978,510,Fraxinus',0,1009,647,0,0,0,0,26.64603614807129,13.73854923248291,563.6085857019488,9.665602822387013,11061.633402225525,47081.47029598111,0.03269486605409141,121.40811230663529
978,510,Gleditsia',0,0,15,0,0,0,0,9.622888565063477,6.764925003051758,9.049061244424383,0.10967360930277663,131.77297429680826,2946.5332812499673,0.00042309509451687036,9.460693922864186
978,510,Gordonia',0,0,0,0,0,0,0,0.0,0.0,0.0,0.0,0.0,0.0,0.0,0.0
978,510,Gymnocladus',0,0,0,0,0,0,0,0.0,0.0,0.0,0.0,0.0,0.0,0.0,0.0
978,510,Halesia',0,0,0,0,0,0,0,0.0,0.0,0.0,0.0,0.0,0.0,0.0,0.0
978,510,Ilex',0,61,0,0,0,0,0,7.46502161026001,4.939992427825928,24.148933154344558,0.14584839056875892,169.4062933933735,2978.714294008335,0.0007252763628897591,13.011299916830026
978,510,Juglans',0,0,10,0,0,0,0,23.979015350341797,11.751717567443848,10.29136488332024,0.46063055702323447,576.866567838192,12899.12859633183,0.0014300755611062063,31.977461675946163
978,510,Juniperus',0,36,0,0,0,0,0,0.5,1.6976736783981323,0.0,0.0007233517084890491,2.3456931746006013,52.45129392764237,5.212651482434011e-06,0.11655843057737479
978,510,Larix',0,0,0,0,0,0,0,0.0,0.0,0.0,0.0,0.0,0.0,0.0,0.0
978,510,Liquidambar',0,0,0,0,0,0,0,0.0,0.0,0.0,0.0,0.0,0.0,0.0,0.0
978,510,Liriodendron',0,1237,766,48,0,0,0,33.44228744506836,13.905519485473633,695.0052730460898,15.93162568685861,13731.34726371348,57044.17831705513,0.04051909219439767,142.1365861416745
978,510,Lithocarpus',0,0,0,0,0,0,0,0.0,0.0,0.0,0.0,0.0,0.0,0.0,0.0
978,510,Maclura',0,110,159,2,0,0,0,29.45526123046875,11.669841766357422,126.84281910899318,2.010203091368057,2986.8545303702354,23653.262007016532,0.008463427378369488,63.16623530794497
978,510,Magnolia',0,0,0,0,0,0,0,0.0,0.0,0.0,0.0,0.0,0.0,0.0,0.0
978,510,Malus',0,0,0,0,0,0,0,0.0,0.0,0.0,0.0,0.0,0.0,0.0,0.0
978,510,Morus',0,56,10,0,0,0,0,11.755470275878906,7.553551197052002,11.141679634021806,0.1341735640200389,160.18955861568452,3064.657441754968,0.0005163674811669602,10.377588390397761
978,510,Nyssa',0,0,0,0,0,0,0,0.0,0.0,0.0,0.0,0.0,0.0,0.0,0.0
978,510,Olneya',0,0,0,0,0,0,0,0.0,0.0,0.0,0.0,0.0,0.0,0.0,0.0
978,510,Ostrya',0,0,0,0,0,0,0,0.0,0.0,0.0,0.0,0.0,0.0,0.0,0.0
978,510,Oxydendron',0,0,0,0,0,0,0,0.0,0.0,0.0,0.0,0.0,0.0,0.0,0.0
978,510,Paulownia',0,77,1,0,0,0,0,11.2720365524292,5.596738815307617,24.768979113690456,0.11442141835564072,82.53580927491188,1199.2912548588113,0.0005399761267863188,7.740391217475096
978,510,Persea',0,0,0,0,0,0,0,0.0,0.0,0.0,0.0,0.0,0.0,0.0,0.0
978,510,Picea',0,0,0,0,0,0,0,0.0,0.0,0.0,0.0,0.0,0.0,0.0,0.0
978,510,Pinus',0,222,1108,189,39,0,0,60.925018310546875,27.920156478881836,627.6768620938062,51.07371221164585,63406.47821184337,286968.4340575071,0.14996972937500663,650.6220706824015
978,510,Planera',0,0,0,0,0,0,0,0.0,0.0,0.0,0.0,0.0,0.0,0.0,0.0
978,510,Platanus',0,65,0,0,0,0,0,4.320456504821777,2.5719220638275146,37.75694937645634,0.07501470092764459,121.43712890625,2028.0366267816873,0.0008133925413675487,13.617664006219947
978,510,Populus',0,247,95,0,0,0,0,22.63861846923828,9.08302116394043,164.25256627930113,1.6222273673627474,1309.9030158239602,10608.747717311704,0.00527540248590475,34.040853559986665
978,510,Prosopis',0,0,0,0,0,0,0,0.0,0.0,0.0,0.0,0.0,0.0,0.0,0.0
978,510,Prunus',0,0,0,17,0,0,0,31.345718383789062,13.877050399780273,9.45332232532622,1.3612720173226527,1654.1533217310905,36987.99272597786,0.003811982127606899,85.23851166343258
978,510,Pseudotsuga',0,0,0,0,0,0,0,0.0,0.0,0.0,0.0,0.0,0.0,0.0,0.0
978,510,Quercus',0,153,106,93,0,0,1,149.2743377685547,29.29444122314453,160.92954289639673,10.776118815328767,16800.323334085642,170167.7573014138,0.039650722758775604,385.06136715264284
978,510,Robinia',0,0,0,0,0,0,0,0.0,0.0,0.0,0.0,0.0,0.0,0.0,0.0
978,510,Salix',0,758,204,0,0,0,0,12.424649238586426,7.369720458984375,315.4916379966219,2.8470673542314437,2116.4712462081015,10462.297762791244,0.009244946863806705,38.978193385411984
978,510,Sassafras',0,0,0,0,0,0,0,0.0,0.0,0.0,0.0,0.0,0.0,0.0,0.0
978,510,Sequoia',0,0,0,0,0,0,0,0.0,0.0,0.0,0.0,0.0,0.0,0.0,0.0
978,510,Sequoiadendron',0,0,0,0,0,0,0,0.0,0.0,0.0,0.0,0.0,0.0,0.0,0.0
978,510,Sorbus',0,0,0,0,0,0,0,0.0,0.0,0.0,0.0,0.0,0.0,0.0,0.0
978,510,Taxodium',0,0,0,0,0,0,0,0.0,0.0,0.0,0.0,0.0,0.0,0.0,0.0
978,510,Taxus',0,0,0,0,0,0,0,0.0,0.0,0.0,0.0,0.0,0.0,0.0,0.0
978,510,Thuja',0,0,0,0,0,0,0,0.0,0.0,0.0,0.0,0.0,0.0,0.0,0.0
978,510,Tilia',0,0,0,0,0,0,0,0.0,0.0,0.0,0.0,0.0,0.0,0.0,0.0
978,510,Torreya',0,0,0,0,0,0,0,0.0,0.0,0.0,0.0,0.0,0.0,0.0,0.0
978,510,Tsuga',0,0,0,0,0,0,0,0.0,0.0,0.0,0.0,0.0,0.0,0.0,0.0
978,510,Ulmus',0,45,36,0,0,0,0,26.74571418762207,10.292365074157715,21.908338968700996,1.0019990673088253,965.7663198292256,16571.48281912278,0.002461530126020773,39.436337759301985
978,510,Umbellularia',0,0,0,0,0,0,0,0.0,0.0,0.0,0.0,0.0,0.0,0.0,0.0
978,520,Abies',0,0,0,0,0,0,0,0.0,0.0,0.0,0.0,0.0,0.0,0.0,0.0
978,520,Acer',0,1855,888,6,0,0,0,35.081912994384766,19.000009536743164,1021.5650693171574,17.56366645571529,23498.342126819192,105267.60735392926,0.06692453478486281,246.80106032245868
978,520,Aesculus',0,0,0,0,0,0,0,0.0,0.0,0.0,0.0,0.0,0.0,0.0,0.0
978,520,Ailanthus',0,412,114,0,0,0,0,19.999927520751953,9.388076782226562,164.9342779527548,2.680902297026888,2658.853013509214,21131.46842999604,0.008282882671077726,57.264076507932316
978,520,Alnus',0,64,16,0,0,0,0,8.537542343139648,6.071728229522705,28.364285853090163,0.14289599299827307,151.41692762017252,2338.1835515505622,0.0007448017277782765,11.50561024127274
978,520,Amelanchier',0,0,0,0,0,0,0,0.0,0.0,0.0,0.0,0.0,0.0,0.0,0.0
978,520,Arbutus',0,0,0,0,0,0,0,0.0,0.0,0.0,0.0,0.0,0.0,0.0,0.0
978,520,Asimina',0,13,0,0,0,0,0,2.5913288593292236,2.990354299545288,2.8907596499105037,0.007278033181771142,8.13445279598236,181.8918941157992,5.969065192155565e-05,1.3347235531787494
978,520,Betula',0,182,187,10,6,0,0,64.35306549072266,18.499183654785156,165.83260277121127,6.499764681124709,9855.684933722616,76344.46184078553,0.024288774685814103,177.64742594978168
978,520,Calocedrus',0,0,0,0,0,0,0,0.0,0.0,0.0,0.0,0.0,0.0,0.0,0.0
978,520,Carpinus',0,0,0,0,0,0,0,0.0,0.0,0.0,0.0,0.0,0.0,0.0,0.0
978,520,Carya',0,27,40,0,0,0,0,19.387392044067383,12.213165283203125,31.020960632381556,0.9130643962582096,1490.8343004119397,28706.701910092706,0.0037595290022492405,67.72949506486381
978,520,Castanea',0,0,0,0,0,0,0,0.0,0.0,0.0,0.0,0.0,0.0,0.0,0.0
978,520,Catalpa',0,18,0,0,0,0,0,4.593470096588135,3.379727602005005,12.498986462626274,0.030293388860823296,36.01590161204338,805.3400427547356,0.0002599651911724338,5.812998392452884
978,520,Celtis',0,0,91,0,0,0,0,15.25533676147461,9.097726821899414,13.759737856025936,0.943886331439067,878.7796312689782,12417.743323964676,0.002150922717347729,29.74696392057894
978,520,Cercis',0,0,0,0,0,0,0,0.0,0.0,0.0,0.0,0.0,0.0,0.0,0.0
978,520,Cercocarpus',0,0,0,0,0,0,0,0.0,0.0,0.0,0.0,0.0,0.0,0.0,0.0
978,520,Chamaecyparis',0,0,33,0,0,0,0,18.07200813293457,14.194372177124023,15.301111071109771,0.8475059321173334,744.255563890934,16642.060334925634,0.0018749173571467584,41.92442662774363
978,520,Chilopsis',0,0,0,0,0,0,0,0.0,0.0,0.0,0.0,0.0,0.0,0.0,0.0
978,520,Chrysolepis',0,0,0,0,0,0,0,0.0,0.0,0.0,0.0,0.0,0.0,0.0,0.0
978,520,Cladrastis',0,0,0,0,0,0,0,0.0,0.0,0.0,0.0,0.0,0.0,0.0,0.0
978,520,Comus',0,0,0,0,0,0,0,0.0,0.0,0.0,0.0,0.0,0.0,0.0,0.0
978,520,Cornus',0,0,0,0,0,0,0,0.0,0.0,0.0,0.0,0.0,0.0,0.0,0.0
978,520,Crataegus',0,0,0,0,0,0,0,0.0,0.0,0.0,0.0,0.0,0.0,0.0,0.0
978,520,Cupressus',0,0,0,0,0,0,0,0.0,0.0,0.0,0.0,0.0,0.0,0.0,0.0
978,520,Diospyros',0,0,0,0,0,0,0,0.0,0.0,0.0,0.0,0.0,0.0,0.0,0.0
978,520,Elaeagnus',0,68,48,0,0,0,0,13.274471282958984,5.80367374420166,46.671254914018164,0.7016371180959496,621.2632038640976,10722.356038233045,0.002052443551677277,33.39132177771466
978,520,Fagus',0,0,0,0,0,0,0,0.0,0.0,0.0,0.0,0.0,0.0,0.0,0.0
978,520,Fraxinus',0,855,570,5,0,0,0,36.0826301574707,15.391142845153809,560.8690435545448,10.736696789058692,12784.698846939951,57085.19892200533,0.03648446331010274,142.05826968468966
978,520,Gleditsia',0,30,15,0,0,0,0,15.021200180053711,9.361392974853516,17.211505281208435,0.32117433158126774,409.24865058004855,7796.88837565599,0.0011572106496207475,20.432057659300476
978,520,Gordonia',0,0,0,0,0,0,0,0.0,0.0,0.0,0.0,0.0,0.0,0.0,0.0
978,520,Gymnocladus',0,0,0,0,0,0,0,0.0,0.0,0.0,0.0,0.0,0.0,0.0,0.0
978,520,Halesia',0,13,0,0,0,0,0,0.6247936487197876,1.7576706409454346,0.0,0.0004243255508762166,1.0494200390577317,23.465745442835487,2.332044465001672e-06,0.05214609950295917
978,520,Ilex',0,0,23,0,0,0,0,11.970443725585938,6.7409467697143555,7.713807270526885,0.2660466851999304,244.55868500947952,5468.498441691465,0.0006548853839039716,14.64368235880307
978,520,Juglans',0,0,10,0,0,0,0,27.49786949157715,12.989866256713867,5.641454345063317,0.6057426399427052,797.0371825933456,17822.29320873648,0.001852405586242681,41.421048127390286
978,520,Juniperus',0,0,0,0,0,0,0,0.0,0.0,0.0,0.0,0.0,0.0,0.0,0.0
978,520,Larix',0,0,0,0,0,0,0,0.0,0.0,0.0,0.0,0.0,0.0,0.0,0.0
978,520,Liquidambar',0,0,0,0,0,0,0,0.0,0.0,0.0,0.0,0.0,0.0,0.0,0.0
978,520,Liriodendron',0,969,918,34,0,0,0,40.16468048095703,15.813065528869629,809.702710834202,18.421395396026362,15873.00045595318,60428.324480806696,0.046929454577355416,153.32165961073665
978,520,Lithocarpus',0,0,0,0,0,0,0,0.0,0.0,0.0,0.0,0.0,0.0,0.0,0.0
978,520,Maclura',0,50,182,2,0,0,0,36.42876052856445,12.968796730041504,101.64774371759044,2.9210728747591834,4376.653081209063,33784.31647288123,0.011189171406312853,83.82185096441482
978,520,Magnolia',0,0,0,0,0,0,0,0.0,0.0,0.0,0.0,0.0,0.0,0.0,0.0
978,520,Malus',0,10,0,0,0,0,0,3.787479877471924,3.2959682941436768,4.555503778819795,0.011266539655928231,19.389930963516235,433.57203713450474,0.00010866774432361101,2.4298846326916195
978,520,Morus',0,56,0,0,0,0,0,7.393584251403809,5.506494045257568,19.374719429053833,0.2058410948148703,203.21560565531254,3210.1804302265286,0.0007305000666268115,11.539518962323099
978,520,Nyssa',0,40,0,0,0,0,0,1.1146783828735352,1.8696889877319336,0.0,0.00390345368201403,8.66395115852356,193.73183744196768,1.9253224600106475e-05,0.43051518991909293
978,520,Olneya',0,0,0,0,0,0,0,0.0,0.0,0.0,0.0,0.0,0.0,0.0,0.0
978,520,Ostrya',0,0,0,0,0,0,0,0.0,0.0,0.0,0.0,0.0,0.0,0.0,0.0
978,520,Oxydendron',0,0,0,0,0,0,0,0.0,0.0,0.0,0.0,0.0,0.0,0.0,0.0
978,520,Paulownia',0,276,1,0,0,0,0,26.381582260131836,9.924039840698242,96.28872258093537,0.3961172360779498,302.9613937950134,2468.427316225515,0.002059377197381803,16.27433861227696
978,520,Persea',0,0,0,0,0,0,0,0.0,0.0,0.0,0.0,0.0,0.0,0.0,0.0
978,520,Picea',0,0,0,0,0,0,0,0.0,0.0,0.0,0.0,0.0,0.0,0.0,0.0
978,520,Pinus',0,249,1102,169,49,0,0,53.726295471191406,28.164682388305664,557.5280715963244,54.01578587300546,67146.0284379515,307984.1139290056,0.15726657947411113,695.7052773539219
978,520,Planera',0,0,0,0,0,0,0,0.0,0.0,0.0,0.0,0.0,0.0,0.0,0.0
978,520,Platanus',0,69,0,0,0,0,0,5.1912055015563965,2.822490930557251,55.6564393995589,0.11980483945557428,178.66084354743361,2883.7521136404284,0.0011982294458337157,19.374881591482833
978,520,Populus',0,318,61,5,0,0,0,30.589693069458008,11.374133110046387,175.65458153904993,1.9257246775266779,1661.0882166534664,15962.73111521332,0.006219952477811376,45.501289710734845
978,520,Prosopis',0,0,0,0,0,0,0,0.0,0.0,0.0,0.0,0.0,0.0,0.0,0.0
978,520,Prunus',0,0,0,0,0,0,0,0.0,0.0,0.0,0.0,0.0,0.0,0.0,0.0
978,520,Pseudotsuga',0,0,0,0,0,0,0,0.0,0.0,0.0,0.0,0.0,0.0,0.0,0.0
978,520,Quercus',0,82,147,59,0,0,1,153.23681640625,29.570621490478516,162.32381868966016,9.659234574958734,15656.050884838105,172353.951525449,0.037127966493651195,390.0137909004115
978,520,Robinia',0,0,0,0,0,0,0,0.0,0.0,0.0,0.0,0.0,0.0,0.0,0.0
978,520,Salix',0,585,162,0,0,0,0,15.112190246582031,9.402573585510254,221.56035533952937,2.498289108304341,1839.8696640112996,10717.674589696942,0.007278083630856153,35.67262571821314
978,520,Sassafras',0,0,0,0,0,0,0,0.0,0.0,0.0,0.0,0.0,0.0,0.0,0.0
978,520,Sequoia',0,0,0,0,0,0,0,0.0,0.0,0.0,0.0,0.0,0.0,0.0,0.0
978,520,Sequoiadendron',0,0,0,0,0,0,0,0.0,0.0,0.0,0.0,0.0,0.0,0.0,0.0
978,520,Sorbus',0,0,0,0,0,0,0,0.0,0.0,0.0,0.0,0.0,0.0,0.0,0.0
978,520,Taxodium',0,0,0,0,0,0,0,0.0,0.0,0.0,0.0,0.0,0.0,0.0,0.0
978,520,Taxus',0,0,0,0,0,0,0,0.0,0.0,0.0,0.0,0.0,0.0,0.0,0.0
978,520,Thuja',0,0,0,0,0,0,0,0.0,0.0,0.0,0.0,0.0,0.0,0.0,0.0
978,520,Tilia',0,0,0,0,0,0,0,0.0,0.0,0.0,0.0,0.0,0.0,0.0,0.0
978,520,Torreya',0,0,0,0,0,0,0,0.0,0.0,0.0,0.0,0.0,0.0,0.0,0.0
978,520,Tsuga',0,0,0,0,0,0,0,0.0,0.0,0.0,0.0,0.0,0.0,0.0,0.0
978,520,Ulmus',0,128,0,0,0,0,0,5.854496479034424,4.0463666915893555,36.58450199173221,0.2191358118680402,227.19799831807615,2757.903664572933,0.0010315386626124333,12.686543453898372
978,520,Umbellularia',0,0,0,0,0,0,0,0.0,0.0,0.0,0.0,0.0,0.0,0.0,0.0
978,530,Abies',0,0,0,0,0,0,0,0.0,0.0,0.0,0.0,0.0,0.0,0.0,0.0
978,530,Acer',0,1647,802,9,0,0,0,28.858135223388672,15.58587646484375,939.1573585838644,16.192312773706227,20846.248172899785,91765.83984603302,0.05984468875391957,217.14422147621946
978,530,Aesculus',0,16,0,0,0,0,0,4.527405261993408,3.15368390083313,11.023274148944058,0.026723707644171396,30.543091756105422,682.9642940966602,0.00022655969388783075,5.066028764947329
978,530,Ailanthus',0,458,216,0,0,0,0,27.838058471679688,11.705010414123535,192.7192030201041,3.1228881241891755,3111.650318952501,23196.677043029977,0.009689078426070951,60.38200255465885
978,530,Alnus',0,36,34,0,0,0,0,8.651483535766602,6.126884937286377,26.115704942730407,0.2383791551791098,208.87373989224434,3775.1106066655684,0.000840113949330528,13.738113941271417
978,530,Amelanchier',0,0,0,0,0,0,0,0.0,0.0,0.0,0.0,0.0,0.0,0.0,0.0
978,530,Arbutus',0,0,0,0,0,0,0,0.0,0.0,0.0,0.0,0.0,0.0,0.0,0.0
978,530,Asimina',0,0,0,0,0,0,0,0.0,0.0,0.0,0.0,0.0,0.0,0.0,0.0
978,530,Betula',0,243,207,15,3,0,0,67.46402740478516,18.863492965698242,183.90911021187335,7.134362852073459,10475.097115461827,82448.97908002064,0.025925467422889543,191.462847604179
978,530,Calocedrus',0,0,0,0,0,0,0,0.0,0.0,0.0,0.0,0.0,0.0,0.0,0.0
978,530,Carpinus',0,0,0,0,0,0,0,0.0,0.0,0.0,0.0,0.0,0.0,0.0,0.0
978,530,Carya',0,66,7,0,0,0,0,14.795059204101562,9.985969543457031,24.187050303326373,0.2994135804195921,408.9990476894379,5680.804299391585,0.0012570727782472977,17.439090915645103
978,530,Castanea',0,0,0,0,0,0,0,0.0,0.0,0.0,0.0,0.0,0.0,0.0,0.0
978,530,Catalpa',0,0,0,0,0,0,0,0.0,0.0,0.0,0.0,0.0,0.0,0.0,0.0
978,530,Celtis',0,12,64,0,0,0,0,12.605594635009766,7.88368558883667,17.220795167303535,0.7729561834282622,725.3485112681985,11404.554736015656,0.001859788479626631,29.235117101628312
978,530,Cercis',0,0,0,0,0,0,0,0.0,0.0,0.0,0.0,0.0,0.0,0.0,0.0
978,530,Cercocarpus',0,0,0,0,0,0,0,0.0,0.0,0.0,0.0,0.0,0.0,0.0,0.0
978,530,Chamaecyparis',0,0,0,0,0,0,0,0.0,0.0,0.0,0.0,0.0,0.0,0.0,0.0
978,530,Chilopsis',0,0,0,0,0,0,0,0.0,0.0,0.0,0.0,0.0,0.0,0.0,0.0
978,530,Chrysolepis',0,0,0,0,0,0,0,0.0,0.0,0.0,0.0,0.0,0.0,0.0,0.0
978,530,Cladrastis',0,0,0,0,0,0,0,0.0,0.0,0.0,0.0,0.0,0.0,0.0,0.0
978,530,Comus',0,0,0,0,0,0,0,0.0,0.0,0.0,0.0,0.0,0.0,0.0,0.0
978,530,Cornus',0,0,0,0,0,0,0,0.0,0.0,0.0,0.0,0.0,0.0,0.0,0.0
978,530,Crataegus',0,0,0,0,0,0,0,0.0,0.0,0.0,0.0,0.0,0.0,0.0,0.0
978,530,Cupressus',0,0,0,0,0,0,0,0.0,0.0,0.0,0.0,0.0,0.0,0.0,0.0
978,530,Diospyros',0,0,0,0,0,0,0,0.0,0.0,0.0,0.0,0.0,0.0,0.0,0.0
978,530,Elaeagnus',0,192,11,0,0,0,0,15.638229370117188,6.266886234283447,54.14383280975154,0.38754111595433693,395.9657622271776,4821.243006190446,0.0016593544417184193,16.67697248121935
978,530,Fagus',0,0,0,0,0,0,0,0.0,0.0,0.0,0.0,0.0,0.0,0.0,0.0
978,530,Fraxinus',0,917,543,1,0,0,0,38.66943359375,14.314641952514648,507.08340642419694,9.683965662588086,11268.628411419913,51411.65898143186,0.032341143553671924,126.727154666059
978,530,Gleditsia',0,15,30,0,0,0,0,9.583745956420898,6.744952201843262,10.634393083709703,0.2284705366709113,254.11186012446882,5399.064015326984,0.0007177810290958816,14.429641137221035
978,530,Gordonia',0,0,0,0,0,0,0,0.0,0.0,0.0,0.0,0.0,0.0,0.0,0.0
978,530,Gymnocladus',0,0,0,0,0,0,0,0.0,0.0,0.0,0.0,0.0,0.0,0.0,0.0
978,530,Halesia',0,0,0,0,0,0,0,0.0,0.0,0.0,0.0,0.0,0.0,0.0,0.0
978,530,Ilex',0,0,23,0,0,0,0,16.081140518188477,8.166544914245605,13.567635340690613,0.48014349264633543,483.19020774364475,10804.46150577017,0.0012697329149842188,28.392091111736768
978,530,Juglans',0,0,0,10,0,0,0,30.90285301208496,14.126605033874512,6.763843409245526,0.7650453952676048,1069.6016838490964,23917.02073934838,0.00247426192447542,55.32617857266446
978,530,Juniperus',0,4,0,0,0,0,0,2.7810420989990234,3.4541234970092773,1.0853574109077453,0.0025755552125878833,3.8561590838432314,86.2263384352681,2.4246627553055706e-05,0.5421710743375215
978,530,Larix',0,0,0,0,0,0,0,0.0,0.0,0.0,0.0,0.0,0.0,0.0,0.0
978,530,Liquidambar',0,0,0,0,0,0,0,0.0,0.0,0.0,0.0,0.0,0.0,0.0,0.0
978,530,Liriodendron',0,1107,944,25,0,0,0,47.96034240722656,17.815704345703125,777.4752624974219,18.653577059488015,16144.223901088239,65762.31243380814,0.04706824156450857,162.55992605459397
978,530,Lithocarpus',0,0,0,0,0,0,0,0.0,0.0,0.0,0.0,0.0,0.0,0.0,0.0
978,530,Maclura',0,13,181,0,0,0,0,21.98133087158203,9.903169631958008,69.74450566959155,2.904155720153349,4273.158367404044,36176.69725649191,0.010499918502084963,87.43620783282672
978,530,Magnolia',0,38,0,0,0,0,0,5.336997985839844,3.991849660873413,11.490264174681673,0.026744821961091184,37.71132957458496,595.9800398187995,0.0002492116887103784,3.9368205310166933
978,530,Malus',0,0,0,0,0,0,0,0.0,0.0,0.0,0.0,0.0,0.0,0.0,0.0
978,530,Morus',0,27,56,0,0,0,0,11.39123249053955,7.393493175506592,18.872098056010053,0.5016623666455449,494.41398147672413,7770.971035605175,0.0013703720620543418,21.547918985534157
978,530,Nyssa',0,0,0,0,0,0,0,0.0,0.0,0.0,0.0,0.0,0.0,0.0,0.0
978,530,Olneya',0,0,0,0,0,0,0,0.0,0.0,0.0,0.0,0.0,0.0,0.0,0.0
978,530,Ostrya',0,0,0,0,0,0,0,0.0,0.0,0.0,0.0,0.0,0.0,0.0,0.0
978,530,Oxydendron',0,0,0,0,0,0,0,0.0,0.0,0.0,0.0,0.0,0.0,0.0,0.0
978,530,Paulownia',0,177,0,0,0,0,0,7.077773094177246,4.120005130767822,29.613231943000716,0.19420970005511007,126.61508287847042,1433.287539724481,0.0007076657709060176,8.495264921389055
978,530,Persea',0,0,0,0,0,0,0,0.0,0.0,0.0,0.0,0.0,0.0,0.0,0.0
978,530,Picea',0,0,0,0,0,0,0,0.0,0.0,0.0,0.0,0.0,0.0,0.0,0.0
978,530,Pinus',0,359,1094,90,49,0,0,57.92808151245117,28.412189483642578,547.058388685286,52.21350334378856,65007.36706047654,304140.48565918417,0.15236276967505058,686.8255618440379
978,530,Planera',0,0,0,0,0,0,0,0.0,0.0,0.0,0.0,0.0,0.0,0.0,0.0
978,530,Platanus',0,113,0,0,0,0,0,5.161009788513184,2.813833713531494,76.33186853007425,0.15891341358002356,246.26721932172777,2966.581181257771,0.0016461001458372999,19.895892946162437
978,530,Populus',0,213,32,2,0,0,0,36.80636978149414,13.026457786560059,136.87015742346452,1.139052773948504,946.6836985903979,7741.297069014291,0.004074063504752232,28.096839472831636
978,530,Prosopis',0,0,0,0,0,0,0,0.0,0.0,0.0,0.0,0.0,0.0,0.0,0.0
978,530,Prunus',0,27,0,0,0,0,0,4.119966983795166,3.8594093322753906,6.1563220403239685,0.03631486684524679,27.85490500509739,622.85461098197,0.00015052346628718243,3.365807028270378
978,530,Pseudotsuga',0,0,0,0,0,0,0,0.0,0.0,0.0,0.0,0.0,0.0,0.0,0.0
978,530,Quercus',0,82,131,0,0,0,1,156.87762451171875,29.813629150390625,121.0585844761963,4.902578691088653,9315.885235544443,134312.60655014665,0.02244467309228611,304.4942730593538
978,530,Robinia',0,0,0,0,0,0,0,0.0,0.0,0.0,0.0,0.0,0.0,0.0,0.0
978,530,Salix',0,574,127,0,0,0,0,26.03108024597168,13.792352676391602,176.32432829117096,1.754450384070833,1353.6572556105257,8774.185985969347,0.005546413892536877,30.246103986276207
978,530,Sassafras',0,0,0,0,0,0,0,0.0,0.0,0.0,0.0,0.0,0.0,0.0,0.0
978,530,Sequoia',0,0,0,0,0,0,0,0.0,0.0,0.0,0.0,0.0,0.0,0.0,0.0
978,530,Sequoiadendron',0,0,0,0,0,0,0,0.0,0.0,0.0,0.0,0.0,0.0,0.0,0.0
978,530,Sorbus',0,0,0,0,0,0,0,0.0,0.0,0.0,0.0,0.0,0.0,0.0,0.0
978,530,Taxodium',0,0,0,0,0,0,0,0.0,0.0,0.0,0.0,0.0,0.0,0.0,0.0
978,530,Taxus',0,0,0,0,0,0,0,0.0,0.0,0.0,0.0,0.0,0.0,0.0,0.0
978,530,Thuja',0,0,0,0,0,0,0,0.0,0.0,0.0,0.0,0.0,0.0,0.0,0.0
978,530,Tilia',0,0,0,0,0,0,0,0.0,0.0,0.0,0.0,0.0,0.0,0.0,0.0
978,530,Torreya',0,0,0,0,0,0,0,0.0,0.0,0.0,0.0,0.0,0.0,0.0,0.0
978,530,Tsuga',0,0,0,0,0,0,0,0.0,0.0,0.0,0.0,0.0,0.0,0.0,0.0
978,530,Ulmus',0,57,110,0,0,0,0,10.289257049560547,5.903305530548096,90.74891482821748,0.9395943710506264,854.6374817854166,7779.638964886894,0.0032055754698831437,26.815923467876498
978,530,Umbellularia',0,0,0,0,0,0,0,0.0,0.0,0.0,0.0,0.0,0.0,0.0,0.0
978,540,Abies',0,0,0,0,0,0,0,0.0,0.0,0.0,0.0,0.0,0.0,0.0,0.0
978,540,Acer',0,1796,741,0,0,0,0,27.443052291870117,16.314674377441406,915.9131811884572,16.075801480098917,21338.73325414032,101045.28216433423,0.060604485874932584,236.79770503806452
978,540,Aesculus',0,0,0,0,0,0,0,0.0,0.0,0.0,0.0,0.0,0.0,0.0,0.0
978,540,Ailanthus',0,484,122,0,0,0,0,14.45766544342041,7.490860462188721,197.48883641407457,1.8259814182349496,1839.508387053013,13313.266576093156,0.006930757996875784,41.355832168425934
978,540,Alnus',0,27,36,0,0,0,0,8.05707836151123,5.83688497543335,15.788966646488706,0.20301493652657365,165.47798207223417,3261.9704720960463,0.0005950197974340956,10.49311882965857
978,540,Amelanchier',0,0,0,0,0,0,0,0.0,0.0,0.0,0.0,0.0,0.0,0.0,0.0
978,540,Arbutus',0,0,0,0,0,0,0,0.0,0.0,0.0,0.0,0.0,0.0,0.0,0.0
978,540,Asimina',0,0,0,0,0,0,0,0.0,0.0,0.0,0.0,0.0,0.0,0.0,0.0
978,540,Betula',0,79,274,13,4,3,0,70.55069732666016,19.201108932495117,143.72667444469053,8.232785092540638,12398.469199589492,95354.50060839269,0.02962117912539843,218.643215421943
978,540,Calocedrus',0,0,0,0,0,0,0,0.0,0.0,0.0,0.0,0.0,0.0,0.0,0.0
978,540,Carpinus',0,0,0,0,0,0,0,0.0,0.0,0.0,0.0,0.0,0.0,0.0,0.0
978,540,Carya',0,0,7,0,0,0,0,21.027324676513672,12.562554359436035,7.621647719340987,0.24308376959847144,406.67262095212936,9093.476250369667,0.0010134347960352927,22.661090946985478
978,540,Castanea',0,0,0,0,0,0,0,0.0,0.0,0.0,0.0,0.0,0.0,0.0,0.0
978,540,Catalpa',0,0,0,0,0,0,0,0.0,0.0,0.0,0.0,0.0,0.0,0.0,0.0
978,540,Celtis',0,26,71,0,0,0,0,14.726046562194824,8.859553337097168,31.782460326352446,1.111674268398289,1121.1876115420462,16129.342079028629,0.0029490542203728146,40.101574563260414
978,540,Cercis',0,0,0,0,0,0,0,0.0,0.0,0.0,0.0,0.0,0.0,0.0,0.0
978,540,Cercocarpus',0,0,0,0,0,0,0,0.0,0.0,0.0,0.0,0.0,0.0,0.0,0.0
978,540,Chamaecyparis',0,0,0,0,0,0,0,0.0,0.0,0.0,0.0,0.0,0.0,0.0,0.0
978,540,Chilopsis',0,0,0,0,0,0,0,0.0,0.0,0.0,0.0,0.0,0.0,0.0,0.0
978,540,Chrysolepis',0,0,0,0,0,0,0,0.0,0.0,0.0,0.0,0.0,0.0,0.0,0.0
978,540,Cladrastis',0,0,0,0,0,0,0,0.0,0.0,0.0,0.0,0.0,0.0,0.0,0.0
978,540,Comus',0,0,0,0,0,0,0,0.0,0.0,0.0,0.0,0.0,0.0,0.0,0.0
978,540,Cornus',0,0,0,0,0,0,0,0.0,0.0,0.0,0.0,0.0,0.0,0.0,0.0
978,540,Crataegus',0,0,0,0,0,0,0,0.0,0.0,0.0,0.0,0.0,0.0,0.0,0.0
978,540,Cupressus',0,0,0,0,0,0,0,0.0,0.0,0.0,0.0,0.0,0.0,0.0,0.0
978,540,Diospyros',0,0,0,0,0,0,0,0.0,0.0,0.0,0.0,0.0,0.0,0.0,0.0
978,540,Elaeagnus',0,237,45,0,0,0,0,10.651329040527344,5.19718074798584,98.518513967342,0.6838256415147832,668.6257870036363,6049.104744826449,0.0029040638373316924,22.492238090609263
978,540,Fagus',0,0,0,0,0,0,0,0.0,0.0,0.0,0.0,0.0,0.0,0.0,0.0
978,540,Fraxinus',0,717,643,9,0,0,0,31.863384246826172,12.878838539123535,526.3787138485644,10.42888246833792,12030.433608413638,53755.115394157656,0.034311811020776926,133.7880037073973
978,540,Gleditsia',0,0,45,0,0,0,0,13.289383888244629,8.561701774597168,16.537574742791016,0.5427107749926314,650.8564748299121,11777.80395732154,0.0016844153189361213,29.137024125076767
978,540,Gordonia',0,0,0,0,0,0,0,0.0,0.0,0.0,0.0,0.0,0.0,0.0,0.0
978,540,Gymnocladus',0,0,0,0,0,0,0,0.0,0.0,0.0,0.0,0.0,0.0,0.0,0.0
978,540,Halesia',0,0,0,0,0,0,0,0.0,0.0,0.0,0.0,0.0,0.0,0.0,0.0
978,540,Ilex',0,22,0,0,0,0,0,2.5,2.6199164390563965,0.0,0.010975939333479375,14.472893760204315,323.62374278949517,3.216198386624455e-05,0.7191638221617407
978,540,Juglans',0,0,0,10,0,0,0,33.76552963256836,15.037867546081543,6.461417156307002,0.9133499002633497,1335.2368444025517,29856.803501464135,0.003060208859592677,68.42835035396362
978,540,Juniperus',0,4,0,0,0,0,0,6.329206466674805,6.006929397583008,3.1230729770660397,0.01333995191815954,17.155195188522338,383.6018260881338,8.323371089498185e-05,1.8611623558074633
978,540,Larix',0,0,0,0,0,0,0,0.0,0.0,0.0,0.0,0.0,0.0,0.0,0.0
978,540,Liquidambar',0,0,0,0,0,0,0,0.0,0.0,0.0,0.0,0.0,0.0,0.0,0.0
978,540,Liriodendron',0,1546,818,25,0,0,0,42.504905700683594,16.436904907226562,824.5508928479084,17.554205819661675,15216.606792357266,65588.68430313085,0.045684549986346606,161.26716416596668
978,540,Lithocarpus',0,0,0,0,0,0,0,0.0,0.0,0.0,0.0,0.0,0.0,0.0,0.0
978,540,Maclura',0,38,167,0,0,0,0,27.007177352905273,11.138330459594727,72.5035677576744,3.360119615906621,5086.917699816823,45267.19678806106,0.012347990752779365,108.83135003148968
978,540,Magnolia',0,0,6,0,0,0,0,11.751236915588379,6.659368991851807,10.06340760218946,0.07331684054370713,72.71346780776977,1625.9225689791526,0.0003064538267850866,6.852515886563943
978,540,Malus',0,0,0,0,0,0,0,0.0,0.0,0.0,0.0,0.0,0.0,0.0,0.0
978,540,Morus',0,0,33,0,0,0,0,12.726180076599121,7.970978736877441,11.023741372967068,0.43095250702799226,437.49143341124056,9782.605846813643,0.0011308960459679525,25.287604342700753
978,540,Nyssa',0,0,0,0,0,0,0,0.0,0.0,0.0,0.0,0.0,0.0,0.0,0.0
978,540,Olneya',0,0,0,0,0,0,0,0.0,0.0,0.0,0.0,0.0,0.0,0.0,0.0
978,540,Ostrya',0,0,0,0,0,0,0,0.0,0.0,0.0,0.0,0.0,0.0,0.0,0.0
978,540,Oxydendron',0,0,0,0,0,0,0,0.0,0.0,0.0,0.0,0.0,0.0,0.0,0.0
978,540,Paulownia',0,162,26,0,0,0,0,11.158345222473145,5.558466911315918,83.47533099919178,0.4920858596900249,310.668797108531,2593.1707286230494,0.001892048852906105,15.905926754117491
978,540,Persea',0,0,0,0,0,0,0,0.0,0.0,0.0,0.0,0.0,0.0,0.0,0.0
978,540,Picea',0,0,0,0,0,0,0,0.0,0.0,0.0,0.0,0.0,0.0,0.0,0.0
978,540,Pinus',0,433,1049,135,45,0,0,59.43109130859375,28.642099380493164,627.6339716416597,52.77067337232836,66631.54305004716,322841.7338073721,0.15713592053545997,728.0765649604216
978,540,Planera',0,0,0,0,0,0,0,0.0,0.0,0.0,0.0,0.0,0.0,0.0,0.0
978,540,Platanus',0,50,0,0,0,0,0,5.7843804359436035,2.992093324661255,58.40972611798515,0.1337161555622423,189.20515452146532,3024.0625880187786,0.001261296358190472,20.159349614321492
978,540,Populus',0,376,91,2,0,0,0,47.05424880981445,15.507433891296387,171.82291017255827,1.8602508666829314,1615.5702310028673,13628.056467668739,0.006063642382134238,40.84453900286334
978,540,Prosopis',0,0,0,0,0,0,0,0.0,0.0,0.0,0.0,0.0,0.0,0.0,0.0
978,540,Prunus',0,51,0,0,0,0,0,3.0233681201934814,2.7788143157958984,10.625950379084937,0.022437896018400034,30.807371770143508,500.19704362446157,0.0002214272830029948,3.548426677568435
978,540,Pseudotsuga',0,0,0,0,0,0,0,0.0,0.0,0.0,0.0,0.0,0.0,0.0,0.0
978,540,Quercus',0,47,153,0,0,0,1,160.94647216796875,30.073551177978516,110.37051314370164,5.793309330397765,10754.89380202502,144668.3135538647,0.025488608697410636,326.0686350078887
978,540,Robinia',0,0,0,0,0,0,0,0.0,0.0,0.0,0.0,0.0,0.0,0.0,0.0
978,540,Salix',0,566,171,0,0,0,0,38.623958587646484,17.706703186035156,235.32095601852936,2.739925898294597,2101.593323431611,13910.148682735153,0.008057783300743008,42.65450368606785
978,540,Sassafras',0,27,0,0,0,0,0,1.9310001134872437,3.327749729156494,3.4131526701812502,0.007977403937770834,10.339348990917205,231.1948718678471,7.211056026304056e-05,1.6124411464375552
978,540,Sequoia',0,0,0,0,0,0,0,0.0,0.0,0.0,0.0,0.0,0.0,0.0,0.0
978,540,Sequoiadendron',0,0,0,0,0,0,0,0.0,0.0,0.0,0.0,0.0,0.0,0.0,0.0
978,540,Sorbus',0,0,0,0,0,0,0,0.0,0.0,0.0,0.0,0.0,0.0,0.0,0.0
978,540,Taxodium',0,0,0,0,0,0,0,0.0,0.0,0.0,0.0,0.0,0.0,0.0,0.0
978,540,Taxus',0,0,0,0,0,0,0,0.0,0.0,0.0,0.0,0.0,0.0,0.0,0.0
978,540,Thuja',0,0,0,0,0,0,0,0.0,0.0,0.0,0.0,0.0,0.0,0.0,0.0
978,540,Tilia',0,0,0,0,0,0,0,0.0,0.0,0.0,0.0,0.0,0.0,0.0,0.0
978,540,Torreya',0,0,0,0,0,0,0,0.0,0.0,0.0,0.0,0.0,0.0,0.0,0.0
978,540,Tsuga',0,0,0,0,0,0,0,0.0,0.0,0.0,0.0,0.0,0.0,0.0,0.0
978,540,Ulmus',0,58,129,0,0,0,0,16.036245346069336,7.016432762145996,74.485249179828,1.5076176892493702,1270.8639987230301,11604.972252257114,0.003896398807134494,33.796674109252926
978,540,Umbellularia',0,0,0,0,0,0,0,0.0,0.0,0.0,0.0,0.0,0.0,0.0,0.0
978,550,Abies',0,0,0,0,0,0,0,0.0,0.0,0.0,0.0,0.0,0.0,0.0,0.0
978,550,Acer',0,1665,788,0,0,0,0,25.21514320373535,15.243279457092285,821.17075827515,15.160675703685415,19886.14797813013,93095.82951714574,0.05601264899758566,218.92329282922273
978,550,Aesculus',0,0,0,0,0,0,0,0.0,0.0,0.0,0.0,0.0,0.0,0.0,0.0
978,550,Ailanthus',0,273,167,0,0,0,0,17.680301666259766,8.622106552124023,186.45000972419598,1.9055350080136297,1844.677507340908,11921.939373566223,0.006783334876612746,39.08956569557061
978,550,Alnus',0,61,23,0,0,0,0,8.452286720275879,6.030323505401611,23.47180038077544,0.2021450107029356,177.20199776858092,2681.5471315792356,0.0007316718083610745,10.14430484596716
978,550,Amelanchier',0,0,0,0,0,0,0,0.0,0.0,0.0,0.0,0.0,0.0,0.0,0.0
978,550,Arbutus',0,0,0,0,0,0,0,0.0,0.0,0.0,0.0,0.0,0.0,0.0,0.0
978,550,Asimina',0,0,0,0,0,0,0,0.0,0.0,0.0,0.0,0.0,0.0,0.0,0.0
978,550,Betula',0,62,196,6,10,3,0,73.70614624023438,19.5233211517334,132.72150165295298,7.108933360344377,11344.978091824056,102198.6105464192,0.027121661815622762,233.36166067207952
978,550,Calocedrus',0,0,0,0,0,0,0,0.0,0.0,0.0,0.0,0.0,0.0,0.0,0.0
978,550,Carpinus',0,0,0,0,0,0,0,0.0,0.0,0.0,0.0,0.0,0.0,0.0,0.0
978,550,Carya',0,3,0,0,0,0,0,3.871013641357422,5.508515357971191,0.7753984686694566,0.003671925649924688,5.406694936752319,120.89737412182006,2.3177169341593975e-05,0.518257261738286
978,550,Castanea',0,0,0,0,0,0,0,0.0,0.0,0.0,0.0,0.0,0.0,0.0,0.0
978,550,Catalpa',0,29,0,0,0,0,0,3.1845362186431885,2.758373737335205,10.712932033252113,0.02338505080782839,29.474338814020157,659.0662518000914,0.00021971713937073647,4.913024594547607
978,550,Celtis',0,40,38,0,0,0,0,18.721559524536133,10.605812072753906,32.52876408964018,0.9217368249573269,998.3900011664629,16536.447920320195,0.0026869140708073985,40.77342298764825
978,550,Cercis',0,0,0,0,0,0,0,0.0,0.0,0.0,0.0,0.0,0.0,0.0,0.0
978,550,Cercocarpus',0,0,0,0,0,0,0,0.0,0.0,0.0,0.0,0.0,0.0,0.0,0.0
978,550,Chamaecyparis',0,0,0,0,0,0,0,0.0,0.0,0.0,0.0,0.0,0.0,0.0,0.0
978,550,Chilopsis',0,0,0,0,0,0,0,0.0,0.0,0.0,0.0,0.0,0.0,0.0,0.0
978,550,Chrysolepis',0,0,0,0,0,0,0,0.0,0.0,0.0,0.0,0.0,0.0,0.0,0.0
978,550,Cladrastis',0,0,0,0,0,0,0,0.0,0.0,0.0,0.0,0.0,0.0,0.0,0.0
978,550,Comus',0,0,0,0,0,0,0,0.0,0.0,0.0,0.0,0.0,0.0,0.0,0.0
978,550,Cornus',0,0,0,0,0,0,0,0.0,0.0,0.0,0.0,0.0,0.0,0.0,0.0
978,550,Crataegus',0,0,0,0,0,0,0,0.0,0.0,0.0,0.0,0.0,0.0,0.0,0.0
978,550,Cupressus',0,0,0,0,0,0,0,0.0,0.0,0.0,0.0,0.0,0.0,0.0,0.0
978,550,Diospyros',0,0,0,0,0,0,0,0.0,0.0,0.0,0.0,0.0,0.0,0.0,0.0
978,550,Elaeagnus',0,244,45,0,0,0,0,15.87636947631836,6.309657096862793,77.47659717981195,1.104755925469962,989.0590272441507,11103.264068097775,0.003313227580742441,34.279648690743656
978,550,Fagus',0,0,0,0,0,0,0,0.0,0.0,0.0,0.0,0.0,0.0,0.0,0.0
978,550,Fraxinus',0,910,750,6,0,0,0,42.042415618896484,15.008132934570312,558.8376013500781,12.89114941200841,14926.439780023098,61784.11230960872,0.04121464401551732,151.7405744917719
978,550,Gleditsia',0,0,45,0,0,0,0,16.091096878051758,9.8404541015625,17.528301835814606,0.9009445395570407,1166.0980339312553,19736.674718245216,0.002843658578097843,47.682598509092614
978,550,Gordonia',0,0,0,0,0,0,0,0.0,0.0,0.0,0.0,0.0,0.0,0.0,0.0
978,550,Gymnocladus',0,0,0,0,0,0,0,0.0,0.0,0.0,0.0,0.0,0.0,0.0,0.0
978,550,Halesia',0,0,0,0,0,0,0,0.0,0.0,0.0,0.0,0.0,0.0,0.0,0.0
978,550,Ilex',0,0,0,0,0,0,0,0.0,0.0,0.0,0.0,0.0,0.0,0.0,0.0
978,550,Juglans',0,0,0,10,0,0,0,36.22123336791992,15.788637161254883,5.14264452872397,1.0510334109246704,1590.7604021966458,35570.48395226616,0.003609054403156059,80.70090979951897
978,550,Juniperus',0,35,0,0,0,0,0,3.082737445831299,3.679507255554199,10.988707015514374,0.026690730925248186,39.93288803815842,892.9265219120988,0.00024746551594137983,5.533497157319797
978,550,Larix',0,0,0,0,0,0,0,0.0,0.0,0.0,0.0,0.0,0.0,0.0,0.0
978,550,Liquidambar',0,0,0,0,0,0,0,0.0,0.0,0.0,0.0,0.0,0.0,0.0,0.0
978,550,Liriodendron',0,1686,1042,7,0,0,0,45.54078674316406,17.21690559387207,999.8930922773064,20.073286328708072,16715.734677731394,59337.98655778183,0.05154009350498831,151.7576620785842
978,550,Lithocarpus',0,0,0,0,0,0,0,0.0,0.0,0.0,0.0,0.0,0.0,0.0,0.0
978,550,Maclura',0,62,109,8,0,0,0,31.5582332611084,12.093427658081055,77.90715051131157,3.6947588951254753,5954.9962732476,57518.13080330622,0.014354841932593005,136.26478893642616
978,550,Magnolia',0,0,6,0,0,0,0,19.258420944213867,9.14352035522461,9.303661852697783,0.19691460453576787,183.9584681391716,4113.436397959138,0.0005427279652953162,12.135766236904706
978,550,Malus',0,0,0,0,0,0,0,0.0,0.0,0.0,0.0,0.0,0.0,0.0,0.0
978,550,Morus',0,0,33,0,0,0,0,14.869430541992188,8.847306251525879,10.368557524266121,0.5884299454183465,623.4706098729372,13937.276980779614,0.0015347513541253282,34.2940693764348
978,550,Nyssa',0,0,0,0,0,0,0,0.0,0.0,0.0,0.0,0.0,0.0,0.0,0.0
978,550,Olneya',0,0,0,0,0,0,0,0.0,0.0,0.0,0.0,0.0,0.0,0.0,0.0
978,550,Ostrya',0,0,0,0,0,0,0,0.0,0.0,0.0,0.0,0.0,0.0,0.0,0.0
978,550,Oxydendron',0,0,0,0,0,0,0,0.0,0.0,0.0,0.0,0.0,0.0,0.0,0.0
978,550,Paulownia',0,275,12,0,0,0,0,10.113761901855469,5.2023468017578125,88.23903290012592,0.3210847018042075,257.91863425970075,2028.9520214156655,0.0018434024188795656,14.906459303259588
978,550,Persea',0,0,0,0,0,0,0,0.0,0.0,0.0,0.0,0.0,0.0,0.0,0.0
978,550,Picea',0,0,0,0,0,0,0,0.0,0.0,0.0,0.0,0.0,0.0,0.0,0.0
978,550,Pinus',0,475,1054,166,42,0,0,55.8459587097168,28.845722198486328,608.7778289198875,51.74814681228128,64555.713111691475,319506.01786731405,0.1522505978066599,720.7273445543655
978,550,Planera',0,0,0,0,0,0,0,0.0,0.0,0.0,0.0,0.0,0.0,0.0,0.0
978,550,Platanus',0,22,29,0,0,0,0,8.348870277404785,3.7152860164642334,31.75239126704916,0.17117463561724955,172.71289100050927,3401.1821490242564,0.0008408997547943254,15.933301942905445
978,550,Populus',0,358,27,0,0,0,0,24.205739974975586,9.5511474609375,133.3552688775183,0.7230889206755698,672.978040741086,5078.8888170810205,0.0034152299219092764,23.25188731033254
978,550,Prosopis',0,0,0,0,0,0,0,0.0,0.0,0.0,0.0,0.0,0.0,0.0,0.0
978,550,Prunus',0,67,18,0,0,0,0,8.160459518432617,5.1465959548950195,13.518326336258573,0.16658518880181036,128.95112008333206,2071.8012867929674,0.0004811618749545838,7.902747110471124
978,550,Pseudotsuga',0,0,0,0,0,0,0,0.0,0.0,0.0,0.0,0.0,0.0,0.0,0.0
978,550,Quercus',0,36,79,15,0,0,1,165.0649871826172,30.324665069580078,65.9796923382467,5.712959234148541,11129.663723232896,155520.88255281057,0.025682400173090352,351.07042646227677
978,550,Robinia',0,0,0,0,0,0,0,0.0,0.0,0.0,0.0,0.0,0.0,0.0,0.0
978,550,Salix',0,645,60,0,0,0,0,17.674585342407227,10.52915096282959,145.75544477900183,1.3901748525830453,1147.4258871765435,8747.947415529688,0.00464806591388491,27.99433055469065
978,550,Sassafras',0,0,0,0,0,0,0,0.0,0.0,0.0,0.0,0.0,0.0,0.0,0.0
978,550,Sequoia',0,0,0,0,0,0,0,0.0,0.0,0.0,0.0,0.0,0.0,0.0,0.0
978,550,Sequoiadendron',0,0,0,0,0,0,0,0.0,0.0,0.0,0.0,0.0,0.0,0.0,0.0
978,550,Sorbus',0,0,0,0,0,0,0,0.0,0.0,0.0,0.0,0.0,0.0,0.0,0.0
978,550,Taxodium',0,0,0,0,0,0,0,0.0,0.0,0.0,0.0,0.0,0.0,0.0,0.0
978,550,Taxus',0,0,0,0,0,0,0,0.0,0.0,0.0,0.0,0.0,0.0,0.0,0.0
978,550,Thuja',0,0,0,0,0,0,0,0.0,0.0,0.0,0.0,0.0,0.0,0.0,0.0
978,550,Tilia',0,0,0,0,0,0,0,0.0,0.0,0.0,0.0,0.0,0.0,0.0,0.0
978,550,Torreya',0,0,0,0,0,0,0,0.0,0.0,0.0,0.0,0.0,0.0,0.0,0.0
978,550,Tsuga',0,0,0,0,0,0,0,0.0,0.0,0.0,0.0,0.0,0.0,0.0,0.0
978,550,Ulmus',0,37,80,0,0,0,0,20.642549514770508,8.47453784942627,32.18643782306698,1.608586624191978,1384.8860844662786,15012.231095039173,0.0035408663322105734,37.137151641918116
978,550,Umbellularia',0,0,0,0,0,0,0,0.0,0.0,0.0,0.0,0.0,0.0,0.0,0.0
978,560,Abies',0,0,0,0,0,0,0,0.0,0.0,0.0,0.0,0.0,0.0,0.0,0.0
978,560,Acer',0,1484,905,9,0,0,0,28.38010025024414,16.532974243164062,913.3030443175259,15.608394221917802,20598.724426028057,95967.20882216339,0.05892244824611812,228.23141721910773
978,560,Aesculus',0,0,0,0,0,0,0,0.0,0.0,0.0,0.0,0.0,0.0,0.0,0.0
978,560,Ailanthus',0,498,213,0,0,0,0,17.287691116333008,8.488545417785645,236.4192762301315,2.860288561230498,2791.852120038271,18369.192002694894,0.009607502647047595,54.92349337377749
978,560,Alnus',0,3,48,0,0,0,0,13.527456283569336,8.305765151977539,18.855748364961222,0.5507300967415574,466.42529687926174,7629.764695130396,0.001307939614580715,21.27462835068641
978,560,Amelanchier',0,0,0,0,0,0,0,0.0,0.0,0.0,0.0,0.0,0.0,0.0,0.0
978,560,Arbutus',0,0,0,0,0,0,0,0.0,0.0,0.0,0.0,0.0,0.0,0.0,0.0
978,560,Asimina',0,0,0,0,0,0,0,0.0,0.0,0.0,0.0,0.0,0.0,0.0,0.0
978,560,Betula',0,51,105,6,10,3,0,76.41883850097656,20.026308059692383,126.83632246301143,5.965722056004916,10580.499816994667,109720.59080336586,0.025338100700646616,250.22517224380408
978,560,Calocedrus',0,0,0,0,0,0,0,0.0,0.0,0.0,0.0,0.0,0.0,0.0,0.0
978,560,Carpinus',0,0,0,0,0,0,0,0.0,0.0,0.0,0.0,0.0,0.0,0.0,0.0
978,560,Carya',0,50,0,0,0,0,0,7.890692234039307,9.332335472106934,16.268183517305154,0.06056164105180167,109.82394982099534,1458.446148981519,0.0004782427703216647,6.275438676815915
978,560,Castanea',0,0,0,0,0,0,0,0.0,0.0,0.0,0.0,0.0,0.0,0.0,0.0
978,560,Catalpa',0,32,0,0,0,0,0,1.003478765487671,1.7677809000015259,2.1726498052572145,0.0025592621162021305,7.230607210844755,161.68129242049065,4.7344517044490216e-05,1.0586555847337755
978,560,Celtis',0,28,26,0,0,0,0,9.496302604675293,6.387866973876953,14.646208821972712,0.21580804151009628,203.055456687212,3932.510018550268,0.0006620746411364584,12.782991397825796
978,560,Cercis',0,0,0,0,0,0,0,0.0,0.0,0.0,0.0,0.0,0.0,0.0,0.0
978,560,Cercocarpus',0,0,0,0,0,0,0,0.0,0.0,0.0,0.0,0.0,0.0,0.0,0.0
978,560,Chamaecyparis',0,20,0,0,0,0,0,2.506866931915283,3.7463886737823486,1.4868935614824295,0.009970198708828037,7.1126644104719166,159.04401122958723,3.728327346888105e-05,0.8336793390013209
978,560,Chilopsis',0,0,0,0,0,0,0,0.0,0.0,0.0,0.0,0.0,0.0,0.0,0.0
978,560,Chrysolepis',0,0,0,0,0,0,0,0.0,0.0,0.0,0.0,0.0,0.0,0.0,0.0
978,560,Cladrastis',0,0,0,0,0,0,0,0.0,0.0,0.0,0.0,0.0,0.0,0.0,0.0
978,560,Comus',0,0,0,0,0,0,0,0.0,0.0,0.0,0.0,0.0,0.0,0.0,0.0
978,560,Cornus',0,0,0,0,0,0,0,0.0,0.0,0.0,0.0,0.0,0.0,0.0,0.0
978,560,Crataegus',0,0,0,0,0,0,0,0.0,0.0,0.0,0.0,0.0,0.0,0.0,0.0
978,560,Cupressus',0,0,0,0,0,0,0,0.0,0.0,0.0,0.0,0.0,0.0,0.0,0.0
978,560,Diospyros',0,0,0,0,0,0,0,0.0,0.0,0.0,0.0,0.0,0.0,0.0,0.0
978,560,Elaeagnus',0,159,54,0,0,0,0,13.155294418334961,5.778343677520752,67.70170177462734,0.6474109215785782,616.5406815981866,6424.257946818284,0.0023446940288618105,22.917676857008598
978,560,Fagus',0,0,0,0,0,0,0,0.0,0.0,0.0,0.0,0.0,0.0,0.0,0.0
978,560,Fraxinus',0,805,615,6,2,0,0,51.67550277709961,16.727224349975586,571.0027916517249,12.760448060236877,15032.895185037554,67220.97087080045,0.04162633576498917,165.0178829287486
978,560,Gleditsia',0,1,0,0,0,0,0,1.5871500968933105,2.282686710357666,0.2057524280080312,0.0003719492870066122,0.8100091201066971,18.112354549533904,4.761940676253289e-06,0.10648023056923651
978,560,Gordonia',0,0,0,0,0,0,0,0.0,0.0,0.0,0.0,0.0,0.0,0.0,0.0
978,560,Gymnocladus',0,0,0,0,0,0,0,0.0,0.0,0.0,0.0,0.0,0.0,0.0,0.0
978,560,Halesia',0,0,0,0,0,0,0,0.0,0.0,0.0,0.0,0.0,0.0,0.0,0.0
978,560,Ilex',0,0,0,0,0,0,0,0.0,0.0,0.0,0.0,0.0,0.0,0.0,0.0
978,560,Juglans',0,0,0,0,0,0,0,0.0,0.0,0.0,0.0,0.0,0.0,0.0,0.0
978,560,Juniperus',0,35,0,0,0,0,0,7.300687313079834,6.66977596282959,11.924575538635253,0.1496976172460289,136.63913406372072,3055.343921531885,0.00047588640139251625,10.641143430814076
978,560,Larix',0,0,0,0,0,0,0,0.0,0.0,0.0,0.0,0.0,0.0,0.0,0.0
978,560,Liquidambar',0,0,0,0,0,0,0,0.0,0.0,0.0,0.0,0.0,0.0,0.0,0.0
978,560,Liriodendron',0,979,1335,15,7,0,0,48.73504638671875,18.003267288208008,891.1126030189325,24.556702785693474,20694.467934585213,73537.55862777971,0.05881576758027593,181.65574090377822
978,560,Lithocarpus',0,0,0,0,0,0,0,0.0,0.0,0.0,0.0,0.0,0.0,0.0,0.0
978,560,Maclura',0,141,70,8,0,0,0,35.59444808959961,12.828636169433594,66.93258869449926,2.9687662159391213,5062.3184966632725,57340.631508338636,0.0122131286394377,132.7439800016805
978,560,Magnolia',0,0,0,0,0,0,0,0.0,0.0,0.0,0.0,0.0,0.0,0.0,0.0
978,560,Malus',0,0,0,0,0,0,0,0.0,0.0,0.0,0.0,0.0,0.0,0.0,0.0
978,560,Morus',0,53,0,0,0,0,0,7.103982925415039,5.360037326812744,19.526529090502592,0.05170297146814581,79.7543652445078,1345.3322543662784,0.00045832715446594954,7.688356574272913
978,560,Nyssa',0,0,0,0,0,0,0,0.0,0.0,0.0,0.0,0.0,0.0,0.0,0.0
978,560,Olneya',0,0,0,0,0,0,0,0.0,0.0,0.0,0.0,0.0,0.0,0.0,0.0
978,560,Ostrya',0,0,0,0,0,0,0,0.0,0.0,0.0,0.0,0.0,0.0,0.0,0.0
978,560,Oxydendron',0,0,0,0,0,0,0,0.0,0.0,0.0,0.0,0.0,0.0,0.0,0.0
978,560,Paulownia',0,226,0,0,0,0,0,7.203027725219727,4.1660919189453125,86.09786897803407,0.28210326356277443,226.75463288962843,1853.3944015257987,0.001743325838323689,14.683980067586198
978,560,Persea',0,0,0,0,0,0,0,0.0,0.0,0.0,0.0,0.0,0.0,0.0,0.0
978,560,Picea',0,0,0,0,0,0,0,0.0,0.0,0.0,0.0,0.0,0.0,0.0,0.0
978,560,Pinus',0,508,817,208,34,0,0,56.825897216796875,29.034948348999023,572.9950978305935,54.55288532804723,69844.88987529605,343723.70136505656,0.16348746323873473,774.9777522317469
978,560,Planera',0,0,0,0,0,0,0,0.0,0.0,0.0,0.0,0.0,0.0,0.0,0.0
978,560,Platanus',0,25,29,0,0,0,0,9.354889869689941,3.994580030441284,40.821266487429405,0.2112638544535082,216.26169585227967,4354.8329393860395,0.0010682263486990835,20.897022361053118
978,560,Populus',0,195,54,0,0,0,0,13.068881034851074,6.035810947418213,91.86798837979005,0.7351078598899898,570.6598919221759,5165.653106226418,0.002590623835873541,19.828626315267027
978,560,Prosopis',0,0,0,0,0,0,0,0.0,0.0,0.0,0.0,0.0,0.0,0.0,0.0
978,560,Prunus',0,150,0,0,0,0,0,5.0152692794799805,4.328939914703369,15.988399521742439,0.1535290626710762,120.40517698734999,1582.5183924016367,0.0004977289639787071,7.324478756790491
978,560,Pseudotsuga',0,0,0,0,0,0,0,0.0,0.0,0.0,0.0,0.0,0.0,0.0,0.0
978,560,Quercus',0,138,39,24,0,0,1,169.7702178955078,30.597505569458008,106.0639804582807,5.994463902815843,12166.514778870345,167781.10552626813,0.028563548702653537,377.70227389165456
978,560,Robinia',0,0,0,0,0,0,0,0.0,0.0,0.0,0.0,0.0,0.0,0.0,0.0
978,560,Salix',0,763,94,0,0,0,0,16.08359718322754,8.167341232299805,220.44222992019655,1.680323520247171,1342.8701376280933,6830.95248598149,0.006157544230630737,28.993207226547014
978,560,Sassafras',0,0,0,0,0,0,0,0.0,0.0,0.0,0.0,0.0,0.0,0.0,0.0
978,560,Sequoia',0,0,0,0,0,0,0,0.0,0.0,0.0,0.0,0.0,0.0,0.0,0.0
978,560,Sequoiadendron',0,0,0,0,0,0,0,0.0,0.0,0.0,0.0,0.0,0.0,0.0,0.0
978,560,Sorbus',0,0,0,0,0,0,0,0.0,0.0,0.0,0.0,0.0,0.0,0.0,0.0
978,560,Taxodium',0,0,0,0,0,0,0,0.0,0.0,0.0,0.0,0.0,0.0,0.0,0.0
978,560,Taxus',0,0,0,0,0,0,0,0.0,0.0,0.0,0.0,0.0,0.0,0.0,0.0
978,560,Thuja',0,0,0,0,0,0,0,0.0,0.0,0.0,0.0,0.0,0.0,0.0,0.0
978,560,Tilia',0,0,0,0,0,0,0,0.0,0.0,0.0,0.0,0.0,0.0,0.0,0.0
978,560,Torreya',0,0,0,0,0,0,0,0.0,0.0,0.0,0.0,0.0,0.0,0.0,0.0
978,560,Tsuga',0,0,0,0,0,0,0,0.0,0.0,0.0,0.0,0.0,0.0,0.0,0.0
978,560,Ulmus',0,125,67,0,0,0,0,20.735010147094727,8.503029823303223,100.35916279859934,1.8328233704840549,1700.972944110036,18255.14013826254,0.005224665807412923,49.14702638208685
978,560,Umbellularia',0,0,0,0,0,0,0,0.0,0.0,0.0,0.0,0.0,0.0,0.0,0.0
978,570,Abies',0,0,0,0,0,0,0,0.0,0.0,0.0,0.0,0.0,0.0,0.0,0.0
978,570,Acer',0,1354,1038,10,0,0,0,32.014991760253906,17.9134578704834,903.3431233194526,17.842118838995237,23711.830437653214,102515.91259244597,0.0656970824212994,243.07132699968193
978,570,Aesculus',0,0,0,0,0,0,0,0.0,0.0,0.0,0.0,0.0,0.0,0.0,0.0
978,570,Ailanthus',0,415,228,0,0,0,0,15.164159774780273,7.745779514312744,260.7278622290756,3.4910192412723813,3332.783290543556,19976.240886128588,0.011159507535614979,57.58247629763896
978,570,Alnus',0,0,23,0,0,0,0,17.691692352294922,9.912003517150879,8.66186618427687,0.5811337668021607,543.2171157431602,12146.703973430802,0.0013318415818512584,29.780883122802422
978,570,Amelanchier',0,0,0,0,0,0,0,0.0,0.0,0.0,0.0,0.0,0.0,0.0,0.0
978,570,Arbutus',0,0,0,0,0,0,0,0.0,0.0,0.0,0.0,0.0,0.0,0.0,0.0
978,570,Asimina',0,0,0,0,0,0,0,0.0,0.0,0.0,0.0,0.0,0.0,0.0,0.0
978,570,Betula',0,38,136,6,10,3,0,78.86555480957031,20.545690536499023,117.0288202562664,6.860695796377001,12099.459454287291,121255.86181219082,0.028572382608294457,274.76794684390546
978,570,Calocedrus',0,0,0,0,0,0,0,0.0,0.0,0.0,0.0,0.0,0.0,0.0,0.0
978,570,Carpinus',0,0,0,0,0,0,0,0.0,0.0,0.0,0.0,0.0,0.0,0.0,0.0
978,570,Carya',0,67,9,0,0,0,0,9.784244537353516,8.141352653503418,25.57331074264985,0.1985532409687463,274.3732719063759,3696.2341923967483,0.000977860394703229,12.77763380010895
978,570,Castanea',0,0,0,0,0,0,0,0.0,0.0,0.0,0.0,0.0,0.0,0.0,0.0
978,570,Catalpa',0,51,0,0,0,0,0,7.091763019561768,4.446859359741211,18.563086193385,0.15146882742761736,113.83679721772671,2010.3165440394728,0.0005201965972296841,8.370164660024445
978,570,Celtis',0,0,0,0,0,0,0,0.0,0.0,0.0,0.0,0.0,0.0,0.0,0.0
978,570,Cercis',0,0,0,0,0,0,0,0.0,0.0,0.0,0.0,0.0,0.0,0.0,0.0
978,570,Cercocarpus',0,0,0,0,0,0,0,0.0,0.0,0.0,0.0,0.0,0.0,0.0,0.0
978,570,Chamaecyparis',0,0,20,0,0,0,0,10.052879333496094,9.688904762268066,14.764986479282378,0.16033273101645934,137.3465297341347,3071.16176959222,0.0005184865325937681,11.593711322978265
978,570,Chilopsis',0,0,0,0,0,0,0,0.0,0.0,0.0,0.0,0.0,0.0,0.0,0.0
978,570,Chrysolepis',0,0,0,0,0,0,0,0.0,0.0,0.0,0.0,0.0,0.0,0.0,0.0
978,570,Cladrastis',0,0,0,0,0,0,0,0.0,0.0,0.0,0.0,0.0,0.0,0.0,0.0
978,570,Comus',0,0,0,0,0,0,0,0.0,0.0,0.0,0.0,0.0,0.0,0.0,0.0
978,570,Cornus',0,0,0,0,0,0,0,0.0,0.0,0.0,0.0,0.0,0.0,0.0,0.0
978,570,Crataegus',0,18,0,0,0,0,0,6.9353861808776855,4.554938793182373,13.478034497061861,0.06996360210883718,96.54124524354935,2158.7278699705093,0.00040855990619212033,9.135677231265305
978,570,Cupressus',0,0,0,0,0,0,0,0.0,0.0,0.0,0.0,0.0,0.0,0.0,0.0
978,570,Diospyros',0,0,0,0,0,0,0,0.0,0.0,0.0,0.0,0.0,0.0,0.0,0.0
978,570,Elaeagnus',0,238,0,0,0,0,0,7.2434306144714355,4.234222888946533,65.24671979319257,0.5494939993430995,509.4956895004213,5267.536757129585,0.0020714754192698525,20.72113376109804
978,570,Fagus',0,0,0,0,0,0,0,0.0,0.0,0.0,0.0,0.0,0.0,0.0,0.0
978,570,Fraxinus',0,690,567,0,1,0,0,61.303504943847656,18.11699676513672,449.47483364869896,12.051922368437696,14568.134222854675,74827.82915931664,0.038844072047034155,178.26639679854077
978,570,Gleditsia',0,30,1,0,0,0,0,13.25943660736084,8.54760456085205,13.08845615745345,0.10452195923208872,138.7129869502783,2233.7020679839725,0.0004966666879951917,7.888111367444183
978,570,Gordonia',0,0,0,0,0,0,0,0.0,0.0,0.0,0.0,0.0,0.0,0.0,0.0
978,570,Gymnocladus',0,0,0,0,0,0,0,0.0,0.0,0.0,0.0,0.0,0.0,0.0,0.0
978,570,Halesia',0,0,0,0,0,0,0,0.0,0.0,0.0,0.0,0.0,0.0,0.0,0.0
978,570,Ilex',0,0,0,0,0,0,0,0.0,0.0,0.0,0.0,0.0,0.0,0.0,0.0
978,570,Juglans',0,0,0,0,0,0,0,0.0,0.0,0.0,0.0,0.0,0.0,0.0,0.0
978,570,Juniperus',0,0,35,0,0,0,0,11.747771263122559,9.519227981567383,11.7291588306427,0.3876130188317204,375.9042590045929,8405.474761659498,0.001004763972312212,22.46720543432804
978,570,Larix',0,0,0,0,0,0,0,0.0,0.0,0.0,0.0,0.0,0.0,0.0,0.0
978,570,Liquidambar',0,0,0,0,0,0,0,0.0,0.0,0.0,0.0,0.0,0.0,0.0,0.0
978,570,Liriodendron',0,1009,1317,29,7,0,0,51.67073059082031,18.696203231811523,896.6036936513419,26.729912990981063,23092.733693077265,84503.3115239968,0.06422429368642145,204.32436934362642
978,570,Lithocarpus',0,0,0,0,0,0,0,0.0,0.0,0.0,0.0,0.0,0.0,0.0,0.0
978,570,Maclura',0,67,154,0,0,0,0,27.636260986328125,11.279029846191406,72.92065360878085,3.1617701308481947,4978.852865524292,55945.5141199325,0.01211385078930116,130.5793447023944
978,570,Magnolia',0,0,0,0,0,0,0,0.0,0.0,0.0,0.0,0.0,0.0,0.0,0.0
978,570,Malus',0,0,0,0,0,0,0,0.0,0.0,0.0,0.0,0.0,0.0,0.0,0.0
978,570,Morus',0,29,0,0,0,0,0,4.567340850830078,4.01657247543335,1.98432843354118,0.04882395897227787,42.23908857479692,944.4947336088062,0.00012243015320971768,2.7376214507264285
978,570,Nyssa',0,0,0,0,0,0,0,0.0,0.0,0.0,0.0,0.0,0.0,0.0,0.0
978,570,Olneya',0,0,0,0,0,0,0,0.0,0.0,0.0,0.0,0.0,0.0,0.0,0.0
978,570,Ostrya',0,0,0,0,0,0,0,0.0,0.0,0.0,0.0,0.0,0.0,0.0,0.0
978,570,Oxydendron',0,0,0,0,0,0,0,0.0,0.0,0.0,0.0,0.0,0.0,0.0,0.0
978,570,Paulownia',0,155,24,0,0,0,0,9.141270637512207,4.863426208496094,67.19159934245333,0.3885654949622037,242.02772156357764,2590.451744431,0.0015050997822452286,15.32158779630489
978,570,Persea',0,0,0,0,0,0,0,0.0,0.0,0.0,0.0,0.0,0.0,0.0,0.0
978,570,Picea',0,0,0,0,0,0,0,0.0,0.0,0.0,0.0,0.0,0.0,0.0,0.0
978,570,Pinus',0,605,775,263,40,0,0,58.2196044921875,29.228931427001953,681.54354662776,52.994601025938096,68142.95423340083,332500.92684408504,0.1612733036504798,749.2196341382228
978,570,Planera',0,0,0,0,0,0,0,0.0,0.0,0.0,0.0,0.0,0.0,0.0,0.0
978,570,Platanus',0,19,29,0,0,0,0,11.753791809082031,4.650723934173584,30.253401614631276,0.374189436600939,311.7049447900057,5941.982752749182,0.0011281921965479846,21.199498548897783
978,570,Populus',0,409,61,0,0,0,0,32.88407897949219,11.997612953186035,252.82675905129574,1.4829779973376083,1286.4071356582642,7746.12753517435,0.006498264141878559,33.34571813805481
978,570,Prosopis',0,0,0,0,0,0,0,0.0,0.0,0.0,0.0,0.0,0.0,0.0,0.0
978,570,Prunus',0,105,73,0,0,0,0,9.971600532531738,6.4789018630981445,30.094208027813817,0.6114234893371685,401.3572595422715,5339.457839442179,0.0013251278893125578,16.354082446678532
978,570,Pseudotsuga',0,0,0,0,0,0,0,0.0,0.0,0.0,0.0,0.0,0.0,0.0,0.0
978,570,Quercus',0,99,70,24,0,0,1,172.96115112304688,30.77439308166504,76.9248044363494,5.298800526108976,11571.383337451518,171674.5619786163,0.026821560671027738,384.70779846105734
978,570,Robinia',0,0,0,0,0,0,0,0.0,0.0,0.0,0.0,0.0,0.0,0.0,0.0
978,570,Salix',0,665,189,0,0,0,0,16.368377685546875,9.962785720825195,272.8698692697135,2.783515938603618,2127.223206040859,11861.714875370215,0.00865527607418364,40.20704485402782
978,570,Sassafras',0,0,0,0,0,0,0,0.0,0.0,0.0,0.0,0.0,0.0,0.0,0.0
978,570,Sequoia',0,0,0,0,0,0,0,0.0,0.0,0.0,0.0,0.0,0.0,0.0,0.0
978,570,Sequoiadendron',0,0,0,0,0,0,0,0.0,0.0,0.0,0.0,0.0,0.0,0.0,0.0
978,570,Sorbus',0,0,0,0,0,0,0,0.0,0.0,0.0,0.0,0.0,0.0,0.0,0.0
978,570,Taxodium',0,0,0,0,0,0,0,0.0,0.0,0.0,0.0,0.0,0.0,0.0,0.0
978,570,Taxus',0,0,0,0,0,0,0,0.0,0.0,0.0,0.0,0.0,0.0,0.0,0.0
978,570,Thuja',0,0,0,0,0,0,0,0.0,0.0,0.0,0.0,0.0,0.0,0.0,0.0
978,570,Tilia',0,38,0,0,0,0,0,3.672243118286133,3.365036964416504,15.995329552436175,0.04118484209742827,42.29549167275429,741.0895199972229,0.0003242516348045315,5.681010405022145
978,570,Torreya',0,0,0,0,0,0,0,0.0,0.0,0.0,0.0,0.0,0.0,0.0,0.0
978,570,Tsuga',0,0,0,0,0,0,0,0.0,0.0,0.0,0.0,0.0,0.0,0.0,0.0
978,570,Ulmus',0,166,64,0,0,0,0,23.515771865844727,9.346071243286133,91.49525205640099,1.493241265246792,1382.4274130612612,15252.347368830695,0.004389185941847955,41.06375569091237
978,570,Umbellularia',0,0,0,0,0,0,0,0.0,0.0,0.0,0.0,0.0,0.0,0.0,0.0
978,580,Abies',0,0,0,0,0,0,0,0.0,0.0,0.0,0.0,0.0,0.0,0.0,0.0
978,580,Acer',0,1876,823,9,0,0,0,33.55892562866211,18.46907615661621,955.8560054605425,14.533028516683249,18909.909466026576,88784.69091491635,0.05578209957188487,211.52893479158084
978,580,Aesculus',0,4,0,0,0,0,0,1.855797290802002,2.0820465087890625,0.7025576180106475,0.001200974881641297,1.9949365863204003,44.608138178137466,1.4546899513341514e-05,0.32527856173690145
978,580,Ailanthus',0,407,113,0,0,0,0,17.20876693725586,8.461556434631348,153.460495221794,1.8869931170355971,1805.985738696307,13426.19101076669,0.006222450729636004,40.21620066004354
978,580,Alnus',0,69,0,0,0,0,0,6.756050109863281,5.182249546051025,16.761481275286854,0.14390928755584168,124.52626747369767,2444.074866022658,0.0005180158686186225,9.659061182462045
978,580,Amelanchier',0,0,0,0,0,0,0,0.0,0.0,0.0,0.0,0.0,0.0,0.0,0.0
978,580,Arbutus',0,0,0,0,0,0,0,0.0,0.0,0.0,0.0,0.0,0.0,0.0,0.0
978,580,Asimina',0,0,0,0,0,0,0,0.0,0.0,0.0,0.0,0.0,0.0,0.0,0.0
978,580,Betula',0,155,128,6,10,3,0,82.12347412109375,20.942832946777344,112.45507749764225,7.901216924015434,13844.20988291204,134287.77027352544,0.032383765413316404,304.072754495791
978,580,Calocedrus',0,0,0,0,0,0,0,0.0,0.0,0.0,0.0,0.0,0.0,0.0,0.0
978,580,Carpinus',0,0,0,0,0,0,0,0.0,0.0,0.0,0.0,0.0,0.0,0.0,0.0
978,580,Carya',0,59,47,0,0,0,0,12.284448623657227,9.702942848205566,27.679265994059886,0.41144685443790185,567.751977379322,7810.981061238001,0.0016601294670379777,22.508699736426443
978,580,Castanea',0,0,0,0,0,0,0,0.0,0.0,0.0,0.0,0.0,0.0,0.0,0.0
978,580,Catalpa',0,0,0,0,0,0,0,0.0,0.0,0.0,0.0,0.0,0.0,0.0,0.0
978,580,Celtis',0,8,0,0,0,0,0,5.0293684005737305,4.096285343170166,6.639294688460192,0.01772073101173127,26.20474525690079,585.955917274958,0.00015380910043045814,3.4392760412059746
978,580,Cercis',0,0,0,0,0,0,0,0.0,0.0,0.0,0.0,0.0,0.0,0.0,0.0
978,580,Cercocarpus',0,0,0,0,0,0,0,0.0,0.0,0.0,0.0,0.0,0.0,0.0,0.0
978,580,Chamaecyparis',0,0,20,0,0,0,0,16.31258773803711,13.335718154907227,16.143302977085114,0.4221696145231987,375.288105070591,8391.697140849194,0.0010671546516319047,23.862303435540397
978,580,Chilopsis',0,0,0,0,0,0,0,0.0,0.0,0.0,0.0,0.0,0.0,0.0,0.0
978,580,Chrysolepis',0,0,0,0,0,0,0,0.0,0.0,0.0,0.0,0.0,0.0,0.0,0.0
978,580,Cladrastis',0,0,0,0,0,0,0,0.0,0.0,0.0,0.0,0.0,0.0,0.0,0.0
978,580,Comus',0,0,0,0,0,0,0,0.0,0.0,0.0,0.0,0.0,0.0,0.0,0.0
978,580,Cornus',0,0,0,0,0,0,0,0.0,0.0,0.0,0.0,0.0,0.0,0.0,0.0
978,580,Crataegus',0,0,0,0,0,0,0,0.0,0.0,0.0,0.0,0.0,0.0,0.0,0.0
978,580,Cupressus',0,0,0,0,0,0,0,0.0,0.0,0.0,0.0,0.0,0.0,0.0,0.0
978,580,Diospyros',0,0,0,0,0,0,0,0.0,0.0,0.0,0.0,0.0,0.0,0.0,0.0
978,580,Elaeagnus',0,208,89,0,0,0,0,12.572607040405273,5.651577949523926,94.0913257658293,0.9523604311462129,881.264509459436,8417.606446384965,0.0033128624958647388,29.25172480279453
978,580,Fagus',0,31,0,0,0,0,0,1.8888635635375977,2.4695522785186768,4.025270239084581,0.008899621843106637,16.3614260494709,365.8526085545277,9.430472588259584e-05,2.108717776729683
978,580,Fraxinus',0,846,436,0,0,0,0,24.90185546875,12.767186164855957,465.5271039101519,10.878751355031763,13588.399164854884,79353.87278746684,0.036897963528188936,188.5342998414464
978,580,Gleditsia',0,29,32,0,0,0,0,23.961416244506836,13.039030075073242,31.980152126354504,0.3716977234500027,511.40380912542344,7746.869976495501,0.0015968249798286684,22.577817846648138
978,580,Gordonia',0,0,0,0,0,0,0,0.0,0.0,0.0,0.0,0.0,0.0,0.0,0.0
978,580,Gymnocladus',0,0,0,0,0,0,0,0.0,0.0,0.0,0.0,0.0,0.0,0.0,0.0
978,580,Halesia',0,0,0,0,0,0,0,0.0,0.0,0.0,0.0,0.0,0.0,0.0,0.0
978,580,Ilex',0,20,0,0,0,0,0,3.8675389289855957,3.297248125076294,9.100904610157013,0.024012653852151053,38.42560024976731,859.2225423471199,0.00021684773421473704,4.848862744709618
978,580,Juglans',0,0,0,0,0,0,0,0.0,0.0,0.0,0.0,0.0,0.0,0.0,0.0
978,580,Juniperus',0,0,35,0,0,0,0,15.523238182067871,11.716601371765137,14.835383305549621,0.6767870402402643,735.924289097786,16455.767367158427,0.0018496761382221854,41.36001581424122
978,580,Larix',0,0,0,0,0,0,0,0.0,0.0,0.0,0.0,0.0,0.0,0.0,0.0
978,580,Liquidambar',0,0,0,0,0,0,0,0.0,0.0,0.0,0.0,0.0,0.0,0.0,0.0
978,580,Liriodendron',0,1212,1266,20,7,0,0,53.99992752075195,19.22646713256836,1002.4013035983742,30.19171640547146,26443.015345331656,91906.8490870065,0.07319238000383498,221.7599142210024
978,580,Lithocarpus',0,0,0,0,0,0,0,0.0,0.0,0.0,0.0,0.0,0.0,0.0,0.0
978,580,Maclura',0,35,114,15,0,0,0,29.879186630249023,11.757606506347656,59.79327723383903,2.6575622058338513,4241.509689785242,51928.25206261051,0.0102863340564891,121.22454341635347
978,580,Magnolia',0,0,0,0,0,0,0,0.0,0.0,0.0,0.0,0.0,0.0,0.0,0.0
978,580,Malus',0,0,0,0,0,0,0,0.0,0.0,0.0,0.0,0.0,0.0,0.0,0.0
978,580,Morus',0,11,0,0,0,0,0,5.814159393310547,4.690752983093262,11.062439404710936,0.031541343585844435,50.953087441921234,1139.3456718362725,0.00027247904630005223,6.092816699712369
978,580,Nyssa',0,0,0,0,0,0,0,0.0,0.0,0.0,0.0,0.0,0.0,0.0,0.0
978,580,Olneya',0,0,0,0,0,0,0,0.0,0.0,0.0,0.0,0.0,0.0,0.0,0.0
978,580,Ostrya',0,0,0,0,0,0,0,0.0,0.0,0.0,0.0,0.0,0.0,0.0,0.0
978,580,Oxydendron',0,0,0,0,0,0,0,0.0,0.0,0.0,0.0,0.0,0.0,0.0,0.0
978,580,Paulownia',0,95,51,0,0,0,0,15.252995491027832,6.878686904907227,60.55058723103396,0.861220522088939,463.31037340223793,6331.26319735437,0.0019012379061458496,22.814648652260736
978,580,Persea',0,0,0,0,0,0,0,0.0,0.0,0.0,0.0,0.0,0.0,0.0,0.0
978,580,Picea',0,0,0,0,0,0,0,0.0,0.0,0.0,0.0,0.0,0.0,0.0,0.0
978,580,Pinus',0,441,950,232,60,0,0,61.0,29.406124114990234,633.6011412349343,53.095983087663015,68868.3673602143,344475.8992511066,0.16219283138158705,775.6874897294706
978,580,Planera',0,0,0,0,0,0,0,0.0,0.0,0.0,0.0,0.0,0.0,0.0,0.0
978,580,Platanus',0,15,0,0,0,0,0,3.351444959640503,2.2908215522766113,7.209485161908065,0.01347961283491981,23.3536146235466,522.2026981858339,0.00015568146293610226,3.481143339617387
978,580,Populus',0,283,23,0,0,0,0,17.49747085571289,7.4872846603393555,126.37858941207956,0.7761051961626244,653.6541945195198,5088.6542894586055,0.0032718548743296432,23.240410139767413
978,580,Prosopis',0,0,0,0,0,0,0,0.0,0.0,0.0,0.0,0.0,0.0,0.0,0.0
978,580,Prunus',0,116,0,0,0,0,0,4.815962791442871,4.226816177368164,35.86212133493604,0.11988682420041866,124.83825348258019,1552.480487613106,0.0007936735087819353,10.090452993328347
978,580,Pseudotsuga',0,0,0,0,0,0,0,0.0,0.0,0.0,0.0,0.0,0.0,0.0,0.0
978,580,Quercus',0,114,68,8,0,0,1,175.55845642089844,30.91370391845703,123.44221032967295,4.015940508878473,9783.647549875379,169066.04553558963,0.023518458634295483,379.34965174991885
978,580,Robinia',0,0,0,0,0,0,0,0.0,0.0,0.0,0.0,0.0,0.0,0.0,0.0
978,580,Salix',0,868,68,0,0,0,0,16.454126358032227,10.000465393066406,351.26182346310037,2.4547532574980497,2046.6683525890112,10727.201572115355,0.009604761050475301,40.774645114445946
978,580,Sassafras',0,0,0,0,0,0,0,0.0,0.0,0.0,0.0,0.0,0.0,0.0,0.0
978,580,Sequoia',0,0,0,0,0,0,0,0.0,0.0,0.0,0.0,0.0,0.0,0.0,0.0
978,580,Sequoiadendron',0,0,0,0,0,0,0,0.0,0.0,0.0,0.0,0.0,0.0,0.0,0.0
978,580,Sorbus',0,0,0,0,0,0,0,0.0,0.0,0.0,0.0,0.0,0.0,0.0,0.0
978,580,Taxodium',0,0,0,0,0,0,0,0.0,0.0,0.0,0.0,0.0,0.0,0.0,0.0
978,580,Taxus',0,0,0,0,0,0,0,0.0,0.0,0.0,0.0,0.0,0.0,0.0,0.0
978,580,Thuja',0,0,0,0,0,0,0,0.0,0.0,0.0,0.0,0.0,0.0,0.0,0.0
978,580,Tilia',0,28,0,0,0,0,0,7.819660663604736,5.547985076904297,14.594854386169697,0.13811936637540928,91.11984695315361,2037.5017188663087,0.0004125895884260535,9.225783665293086
978,580,Torreya',0,0,0,0,0,0,0,0.0,0.0,0.0,0.0,0.0,0.0,0.0,0.0
978,580,Tsuga',0,0,0,0,0,0,0,0.0,0.0,0.0,0.0,0.0,0.0,0.0,0.0
978,580,Ulmus',0,0,150,0,0,0,0,19.333139419555664,8.06779956817627,68.18343114155002,1.3858356168957382,1222.5498426049949,11518.987315134065,0.003698315724715597,33.39307388185518
978,580,Umbellularia',0,0,0,0,0,0,0,0.0,0.0,0.0,0.0,0.0,0.0,0.0,0.0
978,590,Abies',0,0,0,0,0,0,0,0.0,0.0,0.0,0.0,0.0,0.0,0.0,0.0
978,590,Acer',0,1606,935,45,0,0,0,35.86185836791992,19.265487670898438,955.6633251601287,17.483966730362948,22566.598935364633,102566.82362742191,0.06390530204885995,242.2777274028859
978,590,Aesculus',0,0,0,0,0,0,0,0.0,0.0,0.0,0.0,0.0,0.0,0.0,0.0
978,590,Ailanthus',0,502,154,0,0,0,0,15.356766700744629,7.814590930938721,221.14327963394453,2.4732150160655966,2408.8193834197523,16695.27600908786,0.00853641237213183,49.437868480873384
978,590,Alnus',0,29,8,0,0,0,0,9.84306526184082,6.691640853881836,20.17231371583818,0.12664105515162286,123.94239719867707,1966.2091817874864,0.0005658192039765371,8.938187499675312
978,590,Amelanchier',0,0,0,0,0,0,0,0.0,0.0,0.0,0.0,0.0,0.0,0.0,0.0
978,590,Arbutus',0,0,0,0,0,0,0,0.0,0.0,0.0,0.0,0.0,0.0,0.0,0.0
978,590,Asimina',0,0,0,0,0,0,0,0.0,0.0,0.0,0.0,0.0,0.0,0.0,0.0
978,590,Betula',0,225,156,6,5,3,0,85.07183837890625,20.51476287841797,141.6083059742858,8.251605211730144,13444.381462891102,130855.88393480703,0.031914933608111214,296.19676357979006
978,590,Calocedrus',0,0,0,0,0,0,0,0.0,0.0,0.0,0.0,0.0,0.0,0.0,0.0
978,590,Carpinus',0,0,0,0,0,0,0,0.0,0.0,0.0,0.0,0.0,0.0,0.0,0.0
978,590,Carya',0,62,77,0,0,0,0,14.131847381591797,11.61036491394043,44.36437245977075,0.7748318979965422,1093.6309409743549,13651.21999573506,0.0030689407887465776,37.05743207771114
978,590,Castanea',0,0,0,0,0,0,0,0.0,0.0,0.0,0.0,0.0,0.0,0.0,0.0
978,590,Catalpa',0,40,0,0,0,0,0,4.715713977813721,3.4329655170440674,9.798309471033797,0.0698626064906698,54.10305976867676,1209.7811943349523,0.0002612811271101276,5.842423614560099
978,590,Celtis',0,19,0,0,0,0,0,4.564644813537598,3.847771644592285,12.370284316660483,0.032401793576570886,47.32785218954086,1058.2829472487501,0.00028325011404231186,6.333665096331802
978,590,Cercis',0,0,0,0,0,0,0,0.0,0.0,0.0,0.0,0.0,0.0,0.0,0.0
978,590,Cercocarpus',0,0,0,0,0,0,0,0.0,0.0,0.0,0.0,0.0,0.0,0.0,0.0
978,590,Chamaecyparis',0,0,20,0,0,0,0,21.711044311523438,15.77502155303955,14.977250504493712,0.7478296468508239,714.4473287820816,15975.527934998907,0.0018039989265799354,40.338642311693754
978,590,Chilopsis',0,0,0,0,0,0,0,0.0,0.0,0.0,0.0,0.0,0.0,0.0,0.0
978,590,Chrysolepis',0,0,0,0,0,0,0,0.0,0.0,0.0,0.0,0.0,0.0,0.0,0.0
978,590,Cladrastis',0,0,0,0,0,0,0,0.0,0.0,0.0,0.0,0.0,0.0,0.0,0.0
978,590,Comus',0,0,0,0,0,0,0,0.0,0.0,0.0,0.0,0.0,0.0,0.0,0.0
978,590,Cornus',0,0,0,0,0,0,0,0.0,0.0,0.0,0.0,0.0,0.0,0.0,0.0
978,590,Crataegus',0,0,0,0,0,0,0,0.0,0.0,0.0,0.0,0.0,0.0,0.0,0.0
978,590,Cupressus',0,0,0,0,0,0,0,0.0,0.0,0.0,0.0,0.0,0.0,0.0,0.0
978,590,Diospyros',0,0,0,0,0,0,0,0.0,0.0,0.0,0.0,0.0,0.0,0.0,0.0
978,590,Elaeagnus',0,137,41,0,0,0,0,26.82668113708496,7.697366237640381,77.86874089107104,0.6218509490425277,596.3335329928994,5412.021535915128,0.002446149410545836,21.206950806960304
978,590,Fagus',0,0,0,0,0,0,0,0.0,0.0,0.0,0.0,0.0,0.0,0.0,0.0
978,590,Fraxinus',0,870,376,0,0,0,0,26.939870834350586,12.53386116027832,440.16460674072175,8.762946520375117,10729.298478953093,59721.596870696434,0.03017929948442918,143.51268410631667
978,590,Gleditsia',0,36,0,0,0,0,0,0.5,1.6132776737213135,0.0,0.0007115707360380879,4.351887726187706,97.31116786202669,9.67086213408038e-06,0.21624705132832253
978,590,Gordonia',0,0,0,0,0,0,0,0.0,0.0,0.0,0.0,0.0,0.0,0.0,0.0
978,590,Gymnocladus',0,0,0,0,0,0,0,0.0,0.0,0.0,0.0,0.0,0.0,0.0,0.0
978,590,Halesia',0,0,0,0,0,0,0,0.0,0.0,0.0,0.0,0.0,0.0,0.0,0.0
978,590,Ilex',0,30,20,0,0,0,0,10.458308219909668,6.16603946685791,17.50634446263313,0.2867671855000411,267.2610431969166,4348.302549956835,0.000846782869704071,13.67135505336359
978,590,Juglans',0,0,0,0,0,0,0,0.0,0.0,0.0,0.0,0.0,0.0,0.0,0.0
978,590,Juniperus',0,0,35,0,0,0,0,18.84644317626953,13.496763229370117,13.464064536094664,0.9975764549486653,1177.572490439415,26331.321370562564,0.002811308665037169,62.86277280757251
978,590,Larix',0,0,0,0,0,0,0,0.0,0.0,0.0,0.0,0.0,0.0,0.0,0.0
978,590,Liquidambar',0,0,0,0,0,0,0,0.0,0.0,0.0,0.0,0.0,0.0,0.0,0.0
978,590,Liriodendron',0,927,1350,43,7,0,0,56.17620086669922,19.706836700439453,926.1650385474195,29.247890726170372,26240.98340432778,99138.39393868198,0.07164595600559347,235.49557713612796
978,590,Lithocarpus',0,0,0,0,0,0,0,0.0,0.0,0.0,0.0,0.0,0.0,0.0,0.0
978,590,Maclura',0,13,151,0,0,0,0,20.451353073120117,9.484728813171387,54.33369847839768,2.3752966261593143,3509.4464348700644,37421.93523617804,0.008580933760267204,89.17042114092787
978,590,Magnolia',0,0,0,0,0,0,0,0.0,0.0,0.0,0.0,0.0,0.0,0.0,0.0
978,590,Malus',0,0,0,0,0,0,0,0.0,0.0,0.0,0.0,0.0,0.0,0.0,0.0
978,590,Morus',0,13,11,0,0,0,0,11.451167106628418,7.4199604988098145,18.398490761277042,0.1416828623747663,169.14719771027566,3169.1929987585577,0.0006407391599155931,11.031404402895165
978,590,Nyssa',0,0,0,0,0,0,0,0.0,0.0,0.0,0.0,0.0,0.0,0.0,0.0
978,590,Olneya',0,0,0,0,0,0,0,0.0,0.0,0.0,0.0,0.0,0.0,0.0,0.0
978,590,Ostrya',0,0,0,0,0,0,0,0.0,0.0,0.0,0.0,0.0,0.0,0.0,0.0
978,590,Oxydendron',0,0,0,0,0,0,0,0.0,0.0,0.0,0.0,0.0,0.0,0.0,0.0
978,590,Paulownia',0,140,13,0,0,0,0,10.087543487548828,5.19330358505249,60.779809872560854,0.2775746451469897,189.6859665477276,2064.972026321658,0.0012964834971944787,13.065000204806443
978,590,Persea',0,0,0,0,0,0,0,0.0,0.0,0.0,0.0,0.0,0.0,0.0,0.0
978,590,Picea',0,0,0,0,0,0,0,0.0,0.0,0.0,0.0,0.0,0.0,0.0,0.0
978,590,Pinus',0,684,1091,222,45,0,0,61.0,29.57920265197754,694.644368903935,57.43232780574862,73588.05479184419,362328.3850311701,0.17356276488979874,816.7844748877236
978,590,Planera',0,0,0,0,0,0,0,0.0,0.0,0.0,0.0,0.0,0.0,0.0,0.0
978,590,Platanus',0,34,0,0,0,0,0,4.6016926765441895,2.6530604362487793,19.706964787048626,0.03921858789769484,63.48135769367218,1006.5852525274784,0.0004247623888328686,6.739728730282191
978,590,Populus',0,272,4,0,0,0,0,27.352569580078125,10.46630859375,115.33191482383238,0.7531744858844175,659.7605156463385,6237.503739044085,0.0031264014506931265,22.871053665486116
978,590,Prosopis',0,0,0,0,0,0,0,0.0,0.0,0.0,0.0,0.0,0.0,0.0,0.0
978,590,Prunus',0,18,34,0,0,0,0,8.750075340270996,6.012755870819092,23.116176213267483,0.23698711487349888,171.51215623497964,3217.5490781500466,0.0007139083379842388,12.036004061738122
978,590,Pseudotsuga',0,0,0,0,0,0,0,0.0,0.0,0.0,0.0,0.0,0.0,0.0,0.0
978,590,Quercus',0,61,120,8,0,0,1,178.03085327148438,31.042543411254883,95.15440365889026,4.813001718850769,10877.610487242639,176110.44614769198,0.025542269193913728,395.3074762533154
978,590,Robinia',0,0,0,0,0,0,0,0.0,0.0,0.0,0.0,0.0,0.0,0.0,0.0
978,590,Salix',0,781,88,0,0,0,0,19.773887634277344,11.406051635742188,280.5819366794504,1.9391946934270905,1672.1144804565608,10959.194148666664,0.007754942851187192,36.49357846277633
978,590,Sassafras',0,0,0,0,0,0,0,0.0,0.0,0.0,0.0,0.0,0.0,0.0,0.0
978,590,Sequoia',0,0,0,0,0,0,0,0.0,0.0,0.0,0.0,0.0,0.0,0.0,0.0
978,590,Sequoiadendron',0,0,0,0,0,0,0,0.0,0.0,0.0,0.0,0.0,0.0,0.0,0.0
978,590,Sorbus',0,0,0,0,0,0,0,0.0,0.0,0.0,0.0,0.0,0.0,0.0,0.0
978,590,Taxodium',0,0,0,0,0,0,0,0.0,0.0,0.0,0.0,0.0,0.0,0.0,0.0
978,590,Taxus',0,0,0,0,0,0,0,0.0,0.0,0.0,0.0,0.0,0.0,0.0,0.0
978,590,Thuja',0,0,0,0,0,0,0,0.0,0.0,0.0,0.0,0.0,0.0,0.0,0.0
978,590,Tilia',0,0,28,0,0,0,0,12.11864185333252,7.6545915603637695,6.577492809936969,0.33173146348520655,202.44868604242802,4526.890239463766,0.000544572645358735,12.177014537090225
978,590,Torreya',0,0,0,0,0,0,0,0.0,0.0,0.0,0.0,0.0,0.0,0.0,0.0
978,590,Tsuga',0,0,0,0,0,0,0,0.0,0.0,0.0,0.0,0.0,0.0,0.0,0.0
978,590,Ulmus',0,30,105,0,0,0,0,23.16513442993164,9.241232872009277,66.63254855554314,1.8218255849776335,1722.0075557804107,17523.48141034609,0.004785896059159173,45.286317664823216
978,590,Umbellularia',0,0,0,0,0,0,0,0.0,0.0,0.0,0.0,0.0,0.0,0.0,0.0
978,600,Abies',0,0,0,0,0,0,0,0.0,0.0,0.0,0.0,0.0,0.0,0.0,0.0
978,600,Acer',0,1621,756,16,0,0,0,37.927886962890625,19.94832992553711,738.2432164784661,13.981156271659628,18169.876055859626,83023.39117349207,0.051004923366954794,198.55019090046278
978,600,Aesculus',0,0,0,0,0,0,0,0.0,0.0,0.0,0.0,0.0,0.0,0.0,0.0
978,600,Ailanthus',0,436,103,0,0,0,0,25.25153923034668,10.98420524597168,167.21191078613074,1.60030463110668,1615.0273744416238,11063.995203338456,0.005996058128397901,34.91791191080447
978,600,Alnus',0,30,0,0,0,0,0,3.647120237350464,3.5011789798736572,0.2308225593989408,0.015232705658284523,16.642481529712676,355.48056718954007,4.030610862933099e-05,0.7968319724120803
978,600,Amelanchier',0,0,0,0,0,0,0,0.0,0.0,0.0,0.0,0.0,0.0,0.0,0.0
978,600,Arbutus',0,0,0,0,0,0,0,0.0,0.0,0.0,0.0,0.0,0.0,0.0,0.0
978,600,Asimina',0,0,0,0,0,0,0,0.0,0.0,0.0,0.0,0.0,0.0,0.0,0.0
978,600,Betula',0,44,258,6,5,3,0,87.57109069824219,20.878511428833008,133.75958532425042,9.028737964919252,14887.040309717357,142377.00564031192,0.03500785531007171,322.44304365376826
978,600,Calocedrus',0,0,0,0,0,0,0,0.0,0.0,0.0,0.0,0.0,0.0,0.0,0.0
978,600,Carpinus',0,0,0,0,0,0,0,0.0,0.0,0.0,0.0,0.0,0.0,0.0,0.0
978,600,Carya',0,60,107,0,0,0,0,15.482179641723633,13.176499366760254,50.47630184813391,1.3442085851367167,1906.1132736968993,21502.951918137464,0.004962441625669574,53.561844314966606
978,600,Castanea',0,38,0,0,0,0,0,3.269700765609741,3.3869173526763916,13.009940213229083,0.03254540405525463,43.995557361245154,983.7705696773492,0.00028505322043598154,6.373983781000847
978,600,Catalpa',0,68,0,0,0,0,0,7.925316333770752,4.7933030128479,30.507742372117463,0.2969666353321441,215.93818201184274,3352.5408036791714,0.0009190385376978775,13.463749521187758
978,600,Celtis',0,38,19,0,0,0,0,9.715999603271484,6.496163845062256,21.44406481634212,0.277976845307493,257.4678830718994,4082.0968286975335,0.0008808500800505284,13.925468037052509
978,600,Cercis',0,0,0,0,0,0,0,0.0,0.0,0.0,0.0,0.0,0.0,0.0,0.0
978,600,Cercocarpus',0,0,0,0,0,0,0,0.0,0.0,0.0,0.0,0.0,0.0,0.0,0.0
978,600,Chamaecyparis',0,0,20,0,0,0,0,26.359113693237305,17.462352752685547,14.888704919815062,1.1023077414484523,1121.200101709366,25070.796438018293,0.0027066148900985972,60.52174883173621
978,600,Chilopsis',0,0,0,0,0,0,0,0.0,0.0,0.0,0.0,0.0,0.0,0.0,0.0
978,600,Chrysolepis',0,0,0,0,0,0,0,0.0,0.0,0.0,0.0,0.0,0.0,0.0,0.0
978,600,Cladrastis',0,0,0,0,0,0,0,0.0,0.0,0.0,0.0,0.0,0.0,0.0,0.0
978,600,Comus',0,0,0,0,0,0,0,0.0,0.0,0.0,0.0,0.0,0.0,0.0,0.0
978,600,Cornus',0,0,0,0,0,0,0,0.0,0.0,0.0,0.0,0.0,0.0,0.0,0.0
978,600,Crataegus',0,8,0,0,0,0,0,1.3088191747665405,2.0583837032318115,0.6837119456805005,0.0011139854439463721,3.055077423602343,68.31360795699777,1.663147431006661e-05,0.37189107123350246
978,600,Cupressus',0,0,0,0,0,0,0,0.0,0.0,0.0,0.0,0.0,0.0,0.0,0.0
978,600,Diospyros',0,0,0,0,0,0,0,0.0,0.0,0.0,0.0,0.0,0.0,0.0,0.0
978,600,Elaeagnus',0,180,65,0,0,0,0,9.640993118286133,4.933994770050049,96.10589474298153,0.6311772085044091,629.0162772539259,6218.828548975247,0.00278131170430641,24.4678028075247
978,600,Fagus',0,0,0,0,0,0,0,0.0,0.0,0.0,0.0,0.0,0.0,0.0,0.0
978,600,Fraxinus',0,886,405,0,0,0,0,27.131919860839844,13.273338317871094,531.652808654346,9.0949566172374,11157.26315391779,57564.025261725175,0.0324473554009495,140.01487100891327
978,600,Gleditsia',0,92,0,0,0,0,0,5.460916042327881,4.54217004776001,15.500171202458912,0.1282783471876718,145.353179525733,2187.5639404168223,0.0005461406382853156,7.721316072235669
978,600,Gordonia',0,0,0,0,0,0,0,0.0,0.0,0.0,0.0,0.0,0.0,0.0,0.0
978,600,Gymnocladus',0,0,0,0,0,0,0,0.0,0.0,0.0,0.0,0.0,0.0,0.0,0.0
978,600,Halesia',0,0,0,0,0,0,0,0.0,0.0,0.0,0.0,0.0,0.0,0.0,0.0
978,600,Ilex',0,0,30,0,0,0,0,11.575031280517578,6.5933661460876465,8.264456026554107,0.3224207537989611,291.41250007867814,6516.18159669088,0.0007669587774872668,17.149719624016637
978,600,Juglans',0,0,0,0,0,0,0,0.0,0.0,0.0,0.0,0.0,0.0,0.0,0.0
978,600,Juniperus',0,0,35,0,0,0,0,21.594133377075195,14.867798805236816,7.97237802028656,1.3096611672867837,1639.2836542654038,36655.496853416946,0.003758009083151883,84.03163769989217
978,600,Larix',0,0,0,0,0,0,0,0.0,0.0,0.0,0.0,0.0,0.0,0.0,0.0
978,600,Liquidambar',0,0,0,0,0,0,0,0.0,0.0,0.0,0.0,0.0,0.0,0.0,0.0
978,600,Liriodendron',0,1259,1023,55,7,0,0,57.637123107910156,20.021352767944336,915.1261745321362,26.934316917851934,24829.40191021167,103557.67634272124,0.06835019820206344,244.66066664205005
978,600,Lithocarpus',0,0,0,0,0,0,0,0.0,0.0,0.0,0.0,0.0,0.0,0.0,0.0
978,600,Maclura',0,0,114,0,0,0,0,21.75101089477539,9.84151840209961,56.71135983229437,2.3535324525190897,3589.9279052501915,44279.45231767625,0.00879400903509566,106.02931026188838
978,600,Magnolia',0,10,0,0,0,0,0,5.3041911125183105,3.6877644062042236,8.818655187570595,0.023510931510742822,31.079736208915712,694.9640288589687,0.00019601552136242387,4.383040304114402
978,600,Malus',0,0,0,0,0,0,0,0.0,0.0,0.0,0.0,0.0,0.0,0.0,0.0
978,600,Morus',0,0,25,0,0,0,0,16.445066452026367,9.453727722167969,36.87297131441816,0.3882913912300508,490.8692919826508,7416.097039989773,0.0016216275583505585,22.911092589016157
978,600,Nyssa',0,0,0,0,0,0,0,0.0,0.0,0.0,0.0,0.0,0.0,0.0,0.0
978,600,Olneya',0,0,0,0,0,0,0,0.0,0.0,0.0,0.0,0.0,0.0,0.0,0.0
978,600,Ostrya',0,0,0,0,0,0,0,0.0,0.0,0.0,0.0,0.0,0.0,0.0,0.0
978,600,Oxydendron',0,0,0,0,0,0,0,0.0,0.0,0.0,0.0,0.0,0.0,0.0,0.0
978,600,Paulownia',0,92,39,0,0,0,0,9.302884101867676,4.9202494621276855,57.35151679738413,0.33576544186910035,209.50571631014347,3290.892958701769,0.0012911752069550571,17.36675125249163
978,600,Persea',0,0,0,0,0,0,0,0.0,0.0,0.0,0.0,0.0,0.0,0.0,0.0
978,600,Picea',0,0,0,0,0,0,0,0.0,0.0,0.0,0.0,0.0,0.0,0.0,0.0
978,600,Pinus',0,584,1376,192,32,0,0,60.70795822143555,29.733572006225586,798.2510607635975,59.27794129846217,73788.23677924454,360541.0662092308,0.17550415454034154,812.1268799927441
978,600,Planera',0,0,0,0,0,0,0,0.0,0.0,0.0,0.0,0.0,0.0,0.0,0.0
978,600,Platanus',0,23,13,0,0,0,0,9.954894065856934,4.159987449645996,22.652554374329647,0.14369810366629227,138.50558218836784,2235.662189665378,0.0006338862917423222,10.145580385418517
978,600,Populus',0,203,101,4,0,0,0,36.15789794921875,12.859513282775879,137.33207518069804,1.4007115294111698,1198.0639264601468,12352.141390420606,0.004639335862013506,37.51613982447117
978,600,Prosopis',0,0,0,0,0,0,0,0.0,0.0,0.0,0.0,0.0,0.0,0.0,0.0
978,600,Prunus',0,5,0,0,0,0,0,2.5,2.935588836669922,0.0,0.002474004214701959,2.2172851610183715,49.5800034553872,4.927300522103905e-06,0.11017778912994484
978,600,Pseudotsuga',0,0,0,0,0,0,0,0.0,0.0,0.0,0.0,0.0,0.0,0.0,0.0
978,600,Quercus',0,59,96,8,0,0,0,39.161216735839844,17.90462875366211,78.74419806784465,2.555048107702068,3721.9503141206505,50030.24246328049,0.00940456718656416,116.37668659025287
978,600,Robinia',0,0,0,0,0,0,0,0.0,0.0,0.0,0.0,0.0,0.0,0.0,0.0
978,600,Salix',0,815,136,0,0,0,0,21.070751190185547,9.656675338745117,340.48047986966145,2.5070802114545945,2096.845716536045,10930.154722750736,0.009561062798009817,40.68716688029026
978,600,Sassafras',0,0,0,0,0,0,0,0.0,0.0,0.0,0.0,0.0,0.0,0.0,0.0
978,600,Sequoia',0,0,0,0,0,0,0,0.0,0.0,0.0,0.0,0.0,0.0,0.0,0.0
978,600,Sequoiadendron',0,0,0,0,0,0,0,0.0,0.0,0.0,0.0,0.0,0.0,0.0,0.0
978,600,Sorbus',0,0,0,0,0,0,0,0.0,0.0,0.0,0.0,0.0,0.0,0.0,0.0
978,600,Taxodium',0,0,0,0,0,0,0,0.0,0.0,0.0,0.0,0.0,0.0,0.0,0.0
978,600,Taxus',0,0,0,0,0,0,0,0.0,0.0,0.0,0.0,0.0,0.0,0.0,0.0
978,600,Thuja',0,0,0,0,0,0,0,0.0,0.0,0.0,0.0,0.0,0.0,0.0,0.0
978,600,Tilia',0,0,28,0,0,0,0,15.212424278259277,9.078495979309082,10.942756067725675,0.5227278294309164,350.7265344202519,7842.483724765962,0.0009369193144738754,20.950152765961143
978,600,Torreya',0,0,0,0,0,0,0,0.0,0.0,0.0,0.0,0.0,0.0,0.0,0.0
978,600,Tsuga',0,0,0,0,0,0,0,0.0,0.0,0.0,0.0,0.0,0.0,0.0,0.0
978,600,Ulmus',0,18,39,0,0,0,0,25.819379806518555,10.024520874023438,36.86152457153495,1.3469206837639214,1305.0091088706256,18059.145861170666,0.0034306623630002077,43.34065204151905
978,600,Umbellularia',0,0,0,0,0,0,0,0.0,0.0,0.0,0.0,0.0,0.0,0.0,0.0
978,610,Abies',0,0,0,0,0,0,0,0.0,0.0,0.0,0.0,0.0,0.0,0.0,0.0
978,610,Acer',0,1532,700,0,0,0,0,26.97462272644043,15.970682144165039,761.6880279647397,14.450317242452547,18776.98208860576,80980.00227847084,0.05269154900182984,195.2701407572837
978,610,Aesculus',0,0,0,0,0,0,0,0.0,0.0,0.0,0.0,0.0,0.0,0.0,0.0
978,610,Ailanthus',0,262,150,0,0,0,0,30.739849090576172,12.466270446777344,192.8107042516334,1.783488903839262,1792.0551697325707,11128.270701486595,0.006757962052434687,37.30713952981069
978,610,Alnus',0,41,0,0,0,0,0,7.778949737548828,5.699255466461182,11.962107848611813,0.05063110611639669,59.62854701191187,1216.4286605970622,0.0003047090728594917,6.079258674402098
978,610,Amelanchier',0,0,0,0,0,0,0,0.0,0.0,0.0,0.0,0.0,0.0,0.0,0.0
978,610,Arbutus',0,0,0,0,0,0,0,0.0,0.0,0.0,0.0,0.0,0.0,0.0,0.0
978,610,Asimina',0,11,0,0,0,0,0,4.394783973693848,4.006511688232422,6.048848112172718,0.0171109469667184,18.89490678548813,422.5029600087355,0.00012906521162018179,2.8859858671312337
978,610,Betula',0,62,248,0,11,0,3,89.79627227783203,21.221229553222656,146.0248173820444,9.984108816791137,16464.144538018107,153335.95457645785,0.038689095882711015,348.28934660001767
978,610,Calocedrus',0,0,0,0,0,0,0,0.0,0.0,0.0,0.0,0.0,0.0,0.0,0.0
978,610,Carpinus',0,0,0,0,0,0,0,0.0,0.0,0.0,0.0,0.0,0.0,0.0,0.0
978,610,Carya',0,28,61,0,0,0,0,13.99820613861084,9.626009941101074,36.70880123407026,0.7403047455169528,1007.9561665844917,15438.376597116461,0.0027683461779579354,40.48659432706941
978,610,Castanea',0,0,0,0,0,0,0,0.0,0.0,0.0,0.0,0.0,0.0,0.0,0.0
978,610,Catalpa',0,0,0,0,0,0,0,0.0,0.0,0.0,0.0,0.0,0.0,0.0,0.0
978,610,Celtis',0,27,58,0,0,0,0,13.917699813842773,8.49166488647461,27.93570544146284,0.6284832724323551,606.2180554199219,9155.964600632913,0.0017493012101240544,25.14982504169702
978,610,Cercis',0,0,0,0,0,0,0,0.0,0.0,0.0,0.0,0.0,0.0,0.0,0.0
978,610,Cercocarpus',0,0,0,0,0,0,0,0.0,0.0,0.0,0.0,0.0,0.0,0.0,0.0
978,610,Chamaecyparis',0,0,0,20,0,0,0,30.585039138793945,18.727018356323242,10.679015064239502,1.4840869013525462,1574.4575642585755,35205.9414137094,0.003653047114014659,81.6846167194617
978,610,Chilopsis',0,0,0,0,0,0,0,0.0,0.0,0.0,0.0,0.0,0.0,0.0,0.0
978,610,Chrysolepis',0,0,0,0,0,0,0,0.0,0.0,0.0,0.0,0.0,0.0,0.0,0.0
978,610,Cladrastis',0,0,0,0,0,0,0,0.0,0.0,0.0,0.0,0.0,0.0,0.0,0.0
978,610,Comus',0,0,0,0,0,0,0,0.0,0.0,0.0,0.0,0.0,0.0,0.0,0.0
978,610,Cornus',0,0,0,0,0,0,0,0.0,0.0,0.0,0.0,0.0,0.0,0.0,0.0
978,610,Crataegus',0,0,0,0,0,0,0,0.0,0.0,0.0,0.0,0.0,0.0,0.0,0.0
978,610,Cupressus',0,0,0,0,0,0,0,0.0,0.0,0.0,0.0,0.0,0.0,0.0,0.0
978,610,Diospyros',0,0,0,0,0,0,0,0.0,0.0,0.0,0.0,0.0,0.0,0.0,0.0
978,610,Elaeagnus',0,188,73,0,0,0,0,21.53074836730957,7.150051593780518,115.46835558984097,1.0680902108454147,1006.9328913348913,8253.86725039816,0.0038998597809448946,29.337616123738183
978,610,Fagus',0,0,0,0,0,0,0,0.0,0.0,0.0,0.0,0.0,0.0,0.0,0.0
978,610,Fraxinus',0,908,420,13,0,0,0,36.21761703491211,14.664389610290527,531.70120563641,9.150980155157523,11402.281805860699,61034.16306666884,0.03299253833082361,148.42496758921132
978,610,Gleditsia',0,0,34,0,0,0,0,10.140044212341309,7.027202606201172,11.149993629395205,0.2768282401367874,311.1306610631943,6957.093080217557,0.0008519118546843664,19.049328179121794
978,610,Gordonia',0,0,0,0,0,0,0,0.0,0.0,0.0,0.0,0.0,0.0,0.0,0.0
978,610,Gymnocladus',0,0,0,0,0,0,0,0.0,0.0,0.0,0.0,0.0,0.0,0.0,0.0
978,610,Halesia',0,0,0,0,0,0,0,0.0,0.0,0.0,0.0,0.0,0.0,0.0,0.0
978,610,Ilex',0,0,30,0,0,0,0,15.006103515625,7.812150955200195,11.888866410255432,0.5418942194751368,525.0401396036148,11740.254430696645,0.001338483916878681,29.929410249308912
978,610,Juglans',0,0,0,0,0,0,0,0.0,0.0,0.0,0.0,0.0,0.0,0.0,0.0
978,610,Juniperus',0,0,35,0,0,0,0,23.96974754333496,15.984293937683105,9.470698893070221,1.61366846294482,2133.9478754067422,47716.525098507496,0.004878905106186929,109.09563473204834
978,610,Larix',0,0,0,0,0,0,0,0.0,0.0,0.0,0.0,0.0,0.0,0.0,0.0
978,610,Liquidambar',0,0,0,0,0,0,0,0.0,0.0,0.0,0.0,0.0,0.0,0.0,0.0
978,610,Liriodendron',0,1351,997,57,7,0,0,59.54508590698242,20.422731399536133,953.7182539053072,26.190943890370146,24502.460672736317,108797.90941187195,0.06817921716270965,255.721842889469
978,610,Lithocarpus',0,0,0,0,0,0,0,0.0,0.0,0.0,0.0,0.0,0.0,0.0,0.0
978,610,Maclura',0,31,113,1,0,0,0,31.150146484375,12.013507843017578,64.51277043528948,3.062968924233307,4830.368486472965,54454.19795815669,0.011662849284686241,127.59305220890242
978,610,Magnolia',0,37,0,0,0,0,0,3.0586225986480713,2.6183884143829346,8.171243426166003,0.017817156828338367,25.11076853990555,405.94237411280716,0.00017343129576928833,2.796141222539009
978,610,Malus',0,0,0,0,0,0,0,0.0,0.0,0.0,0.0,0.0,0.0,0.0,0.0
978,610,Morus',0,0,15,0,0,0,0,21.03750228881836,11.054036140441895,25.165695891350126,0.5075685094921418,662.7290249180794,11958.077275208305,0.0018350054108500543,31.58000801149003
978,610,Nyssa',0,0,0,0,0,0,0,0.0,0.0,0.0,0.0,0.0,0.0,0.0,0.0
978,610,Olneya',0,0,0,0,0,0,0,0.0,0.0,0.0,0.0,0.0,0.0,0.0,0.0
978,610,Ostrya',0,0,0,0,0,0,0,0.0,0.0,0.0,0.0,0.0,0.0,0.0,0.0
978,610,Oxydendron',0,0,0,0,0,0,0,0.0,0.0,0.0,0.0,0.0,0.0,0.0,0.0
978,610,Paulownia',0,183,36,0,0,0,0,8.217379570007324,4.53471040725708,82.46209589363652,0.7097663862059264,391.2882692652941,3697.1122117815953,0.002056617166850493,18.87629685553453
978,610,Persea',0,0,0,0,0,0,0,0.0,0.0,0.0,0.0,0.0,0.0,0.0,0.0
978,610,Picea',0,0,0,0,0,0,0,0.0,0.0,0.0,0.0,0.0,0.0,0.0,0.0
978,610,Pinus',0,411,1518,184,11,0,0,59.07648468017578,23.57233428955078,785.3344546926021,59.04562612573285,70075.53472515047,260291.6287321535,0.16706712935810966,593.5464661254138
978,610,Planera',0,0,0,0,0,0,0,0.0,0.0,0.0,0.0,0.0,0.0,0.0,0.0
978,610,Platanus',0,23,13,0,0,0,0,16.327808380126953,5.864238262176514,30.75153413264057,0.397346006289485,339.03818232893946,5798.982095972982,0.0011961036299690602,19.494566412945286
978,610,Populus',0,336,22,0,0,0,0,12.713105201721191,5.9159979820251465,117.74892040304367,0.5727523256331424,524.1224202477932,3857.6009263441683,0.002859777615628446,19.61924010104221
978,610,Prosopis',0,0,0,0,0,0,0,0.0,0.0,0.0,0.0,0.0,0.0,0.0,0.0
978,610,Prunus',0,0,0,0,0,0,0,0.0,0.0,0.0,0.0,0.0,0.0,0.0,0.0
978,610,Pseudotsuga',0,0,0,0,0,0,0,0.0,0.0,0.0,0.0,0.0,0.0,0.0,0.0
978,610,Quercus',0,40,77,8,0,0,0,41.23477554321289,18.51357650756836,49.85074079678028,3.088680119826148,4508.095160294772,59663.55710164734,0.010735618137925855,136.5823973031019
978,610,Robinia',0,0,0,0,0,0,0,0.0,0.0,0.0,0.0,0.0,0.0,0.0,0.0
978,610,Salix',0,569,136,0,0,0,0,16.163591384887695,9.872509002685547,214.28575451874843,1.7065361962197847,1348.0327752672135,8652.994142679636,0.00608039088279903,31.124917413624512
978,610,Sassafras',0,0,0,0,0,0,0,0.0,0.0,0.0,0.0,0.0,0.0,0.0,0.0
978,610,Sequoia',0,0,0,0,0,0,0,0.0,0.0,0.0,0.0,0.0,0.0,0.0,0.0
978,610,Sequoiadendron',0,0,0,0,0,0,0,0.0,0.0,0.0,0.0,0.0,0.0,0.0,0.0
978,610,Sorbus',0,0,0,0,0,0,0,0.0,0.0,0.0,0.0,0.0,0.0,0.0,0.0
978,610,Taxodium',0,0,0,0,0,0,0,0.0,0.0,0.0,0.0,0.0,0.0,0.0,0.0
978,610,Taxus',0,0,0,0,0,0,0,0.0,0.0,0.0,0.0,0.0,0.0,0.0,0.0
978,610,Thuja',0,0,0,0,0,0,0,0.0,0.0,0.0,0.0,0.0,0.0,0.0,0.0
978,610,Tilia',0,0,28,0,0,0,0,17.768789291381836,10.200061798095703,3.7746803127700765,0.7131722527485123,498.2073879662156,11140.255863850727,0.001161466156579554,25.971172796772784
978,610,Torreya',0,0,0,0,0,0,0,0.0,0.0,0.0,0.0,0.0,0.0,0.0,0.0
978,610,Tsuga',0,0,0,0,0,0,0,0.0,0.0,0.0,0.0,0.0,0.0,0.0,0.0
978,610,Ulmus',0,45,45,13,0,0,0,28.370397567749023,11.378828048706055,86.21578391499911,1.7074061845305042,1817.4074434751274,21778.22221964187,0.005279807384349414,54.84751648097572
978,610,Umbellularia',0,0,0,0,0,0,0,0.0,0.0,0.0,0.0,0.0,0.0,0.0,0.0
978,620,Abies',0,0,0,0,0,0,0,0.0,0.0,0.0,0.0,0.0,0.0,0.0,0.0
978,620,Acer',0,1455,888,21,0,0,0,28.150476455688477,16.442224502563477,845.3714275746783,17.92717113108986,23706.241096693873,96544.70607184165,0.06485012686805222,231.15554880558443
978,620,Aesculus',0,0,0,0,0,0,0,0.0,0.0,0.0,0.0,0.0,0.0,0.0,0.0
978,620,Ailanthus',0,385,97,0,0,0,0,23.248992919921875,10.397241592407227,134.00614547672905,1.7544359003331536,1727.7201446884872,13736.3478859674,0.005768470967788467,40.58488812484195
978,620,Alnus',0,124,10,0,0,0,0,15.1541166305542,8.959184646606445,56.65254319015937,0.4247422194414506,417.7204510560632,5225.1264060165895,0.001743812510472843,20.208289758327123
978,620,Amelanchier',0,0,0,0,0,0,0,0.0,0.0,0.0,0.0,0.0,0.0,0.0,0.0
978,620,Arbutus',0,0,0,0,0,0,0,0.0,0.0,0.0,0.0,0.0,0.0,0.0,0.0
978,620,Asimina',0,0,0,0,0,0,0,0.0,0.0,0.0,0.0,0.0,0.0,0.0,0.0
978,620,Betula',0,137,139,0,11,0,0,64.98297882080078,21.54953956604004,126.2285761157923,6.739416458310725,10714.066335357427,109793.09435423595,0.02562616650540386,248.37833127081015
978,620,Calocedrus',0,0,0,0,0,0,0,0.0,0.0,0.0,0.0,0.0,0.0,0.0,0.0
978,620,Carpinus',0,0,0,0,0,0,0,0.0,0.0,0.0,0.0,0.0,0.0,0.0,0.0
978,620,Carya',0,32,89,0,0,0,0,16.34440803527832,10.789722442626953,32.51075372760054,1.1594458230056501,1628.8179659706354,23120.655502406462,0.0040876060062385675,55.60066707589954
978,620,Castanea',0,0,0,0,0,0,0,0.0,0.0,0.0,0.0,0.0,0.0,0.0,0.0
978,620,Catalpa',0,0,0,0,0,0,0,0.0,0.0,0.0,0.0,0.0,0.0,0.0,0.0
978,620,Celtis',0,0,38,0,0,0,0,17.31492042541504,10.004461288452148,13.402902659358856,0.4783689052972935,460.9972144520283,9809.659368523216,0.0012173804809749306,25.321775928488364
978,620,Cercis',0,0,0,0,0,0,0,0.0,0.0,0.0,0.0,0.0,0.0,0.0,0.0
978,620,Cercocarpus',0,0,0,0,0,0,0,0.0,0.0,0.0,0.0,0.0,0.0,0.0,0.0
978,620,Chamaecyparis',0,11,0,20,0,0,0,34.4555549621582,19.6982364654541,18.209986913204194,1.902057832612288,2101.5369998955725,46474.042146270156,0.0049331155239853,107.15734401371716
978,620,Chilopsis',0,0,0,0,0,0,0,0.0,0.0,0.0,0.0,0.0,0.0,0.0,0.0
978,620,Chrysolepis',0,0,0,0,0,0,0,0.0,0.0,0.0,0.0,0.0,0.0,0.0,0.0
978,620,Cladrastis',0,0,0,0,0,0,0,0.0,0.0,0.0,0.0,0.0,0.0,0.0,0.0
978,620,Comus',0,0,0,0,0,0,0,0.0,0.0,0.0,0.0,0.0,0.0,0.0,0.0
978,620,Cornus',0,0,0,0,0,0,0,0.0,0.0,0.0,0.0,0.0,0.0,0.0,0.0
978,620,Crataegus',0,0,0,0,0,0,0,0.0,0.0,0.0,0.0,0.0,0.0,0.0,0.0
978,620,Cupressus',0,0,0,0,0,0,0,0.0,0.0,0.0,0.0,0.0,0.0,0.0,0.0
978,620,Diospyros',0,0,0,0,0,0,0,0.0,0.0,0.0,0.0,0.0,0.0,0.0,0.0
978,620,Elaeagnus',0,265,119,0,0,0,0,17.876781463623047,6.6435089111328125,128.402475824556,1.7812717258948807,1596.1126029315592,13146.685878997987,0.00539534187466183,40.14538355118738
978,620,Fagus',0,0,0,0,0,0,0,0.0,0.0,0.0,0.0,0.0,0.0,0.0,0.0
978,620,Fraxinus',0,1024,423,32,0,0,0,34.27250289916992,16.381427764892578,576.8544673278361,8.727863474411471,10514.41469084978,51220.262899197434,0.031669506236321227,128.13830794403208
978,620,Gleditsia',0,33,34,0,0,0,0,13.531813621520996,8.675485610961914,17.904859321026862,0.597105873182426,707.5822454690933,13503.54112424453,0.0018301554391086112,33.27586648875573
978,620,Gordonia',0,0,0,0,0,0,0,0.0,0.0,0.0,0.0,0.0,0.0,0.0,0.0
978,620,Gymnocladus',0,0,0,0,0,0,0,0.0,0.0,0.0,0.0,0.0,0.0,0.0,0.0
978,620,Halesia',0,0,0,0,0,0,0,0.0,0.0,0.0,0.0,0.0,0.0,0.0,0.0
978,620,Ilex',0,0,0,0,0,0,0,0.0,0.0,0.0,0.0,0.0,0.0,0.0,0.0
978,620,Juglans',0,0,0,0,0,0,0,0.0,0.0,0.0,0.0,0.0,0.0,0.0,0.0
978,620,Juniperus',0,0,35,0,0,0,0,26.079282760620117,16.92512321472168,9.316981043815613,1.9101992832563293,2637.3981516981125,58974.01550929269,0.005995463586091941,134.06264135126253
978,620,Larix',0,0,0,0,0,0,0,0.0,0.0,0.0,0.0,0.0,0.0,0.0,0.0
978,620,Liquidambar',0,0,0,0,0,0,0,0.0,0.0,0.0,0.0,0.0,0.0,0.0,0.0
978,620,Liriodendron',0,1200,1279,38,0,0,0,40.11598205566406,15.799869537353516,998.3498070063657,24.63951651936966,21107.26363695711,77892.08855165745,0.061276830902072144,190.64723915213148
978,620,Lithocarpus',0,0,0,0,0,0,0,0.0,0.0,0.0,0.0,0.0,0.0,0.0,0.0
978,620,Maclura',0,19,105,1,0,0,0,42.769073486328125,13.91694164276123,77.53830079979534,3.0938301700634887,5148.137822362185,60337.97108312012,0.012556513358861229,141.94741813583246
978,620,Magnolia',0,0,37,0,0,0,0,9.90942096710205,5.2050042152404785,28.116219583191445,0.2180854049828004,187.20467096090317,3022.9714962769363,0.0008207589794397384,13.002661687233362
978,620,Malus',0,0,0,0,0,0,0,0.0,0.0,0.0,0.0,0.0,0.0,0.0,0.0
978,620,Morus',0,7,11,0,0,0,0,24.603960037231445,12.142167091369629,14.240230061585388,0.5871913711295358,762.0489197516441,16237.801314656743,0.001898438137739896,38.35916475540255
978,620,Nyssa',0,0,0,0,0,0,0,0.0,0.0,0.0,0.0,0.0,0.0,0.0,0.0
978,620,Olneya',0,0,0,0,0,0,0,0.0,0.0,0.0,0.0,0.0,0.0,0.0,0.0
978,620,Ostrya',0,0,0,0,0,0,0,0.0,0.0,0.0,0.0,0.0,0.0,0.0,0.0
978,620,Oxydendron',0,0,0,0,0,0,0,0.0,0.0,0.0,0.0,0.0,0.0,0.0,0.0
978,620,Paulownia',0,235,62,0,0,0,0,11.14427375793457,5.553723335266113,124.68114915905117,0.7879641105191885,485.1774050319195,4749.724615602127,0.0028730263931094745,22.707234359733075
978,620,Persea',0,0,0,0,0,0,0,0.0,0.0,0.0,0.0,0.0,0.0,0.0,0.0
978,620,Picea',0,0,0,0,0,0,0,0.0,0.0,0.0,0.0,0.0,0.0,0.0,0.0
978,620,Pinus',0,433,1382,176,8,0,0,56.733829498291016,24.02571678161621,727.7276718196273,51.603444234599735,60695.22888615489,233637.0817694328,0.145389908436363,533.688237701721
978,620,Planera',0,0,0,0,0,0,0,0.0,0.0,0.0,0.0,0.0,0.0,0.0,0.0
978,620,Platanus',0,72,37,0,0,0,0,20.840368270874023,7.014745712280273,58.289877680849415,0.7180300017671841,656.5332031768561,9853.986455892435,0.002298077830627567,30.07985143839752
978,620,Populus',0,305,27,0,0,0,0,9.413812637329102,6.658043384552002,134.6398555977812,0.5583233275318223,525.7112254887819,3799.8243890195176,0.0031064626819952454,20.743205635279473
978,620,Prosopis',0,0,0,0,0,0,0,0.0,0.0,0.0,0.0,0.0,0.0,0.0,0.0
978,620,Prunus',0,26,0,0,0,0,0,4.570649147033691,4.095803260803223,16.352425223287145,0.043644275480623475,62.325348085165025,1393.6371503976484,0.00037390301274135704,8.360725534816407
978,620,Pseudotsuga',0,0,0,0,0,0,0,0.0,0.0,0.0,0.0,0.0,0.0,0.0,0.0
978,620,Quercus',0,40,117,8,0,0,0,43.14905548095703,19.05708122253418,48.83460493451809,3.874030671133245,5605.82563174516,70024.80317127718,0.013160391839986664,159.81952822253044
978,620,Robinia',0,0,0,0,0,0,0,0.0,0.0,0.0,0.0,0.0,0.0,0.0,0.0
978,620,Salix',0,460,111,0,0,0,0,18.31912612915039,8.865264892578125,224.86487777880095,1.9863329471240239,1551.3437267938257,8667.880116771827,0.006684485333112666,33.24297408167463
978,620,Sassafras',0,0,0,0,0,0,0,0.0,0.0,0.0,0.0,0.0,0.0,0.0,0.0
978,620,Sequoia',0,0,0,0,0,0,0,0.0,0.0,0.0,0.0,0.0,0.0,0.0,0.0
978,620,Sequoiadendron',0,0,0,0,0,0,0,0.0,0.0,0.0,0.0,0.0,0.0,0.0,0.0
978,620,Sorbus',0,0,0,0,0,0,0,0.0,0.0,0.0,0.0,0.0,0.0,0.0,0.0
978,620,Taxodium',0,0,0,0,0,0,0,0.0,0.0,0.0,0.0,0.0,0.0,0.0,0.0
978,620,Taxus',0,0,0,0,0,0,0,0.0,0.0,0.0,0.0,0.0,0.0,0.0,0.0
978,620,Thuja',0,0,0,0,0,0,0,0.0,0.0,0.0,0.0,0.0,0.0,0.0,0.0
978,620,Tilia',0,0,28,0,0,0,0,19.440113067626953,10.907517433166504,9.85731037074252,0.8536431037085503,629.6531005650759,14079.471351070117,0.0015411305695325116,34.46072715677658
978,620,Torreya',0,0,0,0,0,0,0,0.0,0.0,0.0,0.0,0.0,0.0,0.0,0.0
978,620,Tsuga',0,0,0,0,0,0,0,0.0,0.0,0.0,0.0,0.0,0.0,0.0,0.0
978,620,Ulmus',0,66,84,5,0,0,0,33.245933532714844,13.085680961608887,105.01620708009864,2.0184480746575644,2100.1613437724113,18424.802031213483,0.006178791878966631,49.619869020738825
978,620,Umbellularia',0,0,0,0,0,0,0,0.0,0.0,0.0,0.0,0.0,0.0,0.0,0.0
978,630,Abies',0,0,0,0,0,0,0,0.0,0.0,0.0,0.0,0.0,0.0,0.0,0.0
978,630,Acer',0,1778,801,15,0,0,0,28.38775634765625,16.535991668701172,834.9271485327353,17.08737768335951,22299.7667799747,90954.5114257699,0.061574277477981956,217.23842178069646
978,630,Aesculus',0,0,0,0,0,0,0,0.0,0.0,0.0,0.0,0.0,0.0,0.0,0.0
978,630,Ailanthus',0,198,143,0,0,0,0,23.070667266845703,10.343707084655762,113.46114264070232,2.061562987150511,2018.015451619625,18436.855875114466,0.0061178150450195866,48.86818033444494
978,630,Alnus',0,44,40,0,0,0,0,9.048515319824219,6.317493915557861,13.05526609850835,0.3103332031518274,241.19212324976922,4422.224394609894,0.0007239202843774005,12.213172229823257
978,630,Amelanchier',0,0,0,0,0,0,0,0.0,0.0,0.0,0.0,0.0,0.0,0.0,0.0
978,630,Arbutus',0,0,0,0,0,0,0,0.0,0.0,0.0,0.0,0.0,0.0,0.0,0.0
978,630,Asimina',0,0,0,0,0,0,0,0.0,0.0,0.0,0.0,0.0,0.0,0.0,0.0
978,630,Betula',0,42,162,17,5,0,0,66.99108123779297,21.86286735534668,95.11047825783112,6.0772120327061305,9418.391070533991,106248.8454788142,0.022298926013345814,240.62000401130393
978,630,Calocedrus',0,0,0,0,0,0,0,0.0,0.0,0.0,0.0,0.0,0.0,0.0,0.0
978,630,Carpinus',0,0,0,0,0,0,0,0.0,0.0,0.0,0.0,0.0,0.0,0.0,0.0
978,630,Carya',0,97,89,0,0,0,0,18.671451568603516,11.886695861816406,52.497977047828556,1.768643885266816,2625.1328059078755,33350.32434105707,0.00658936597777996,78.91030524666081
978,630,Castanea',0,0,0,0,0,0,0,0.0,0.0,0.0,0.0,0.0,0.0,0.0,0.0
978,630,Catalpa',0,0,4,0,0,0,0,9.093979835510254,5.27113151550293,10.418212866481344,0.02857923053040446,37.558145141601564,839.8256564542462,0.00023343850672245022,5.219843695974456
978,630,Celtis',0,106,38,0,0,0,0,27.24786376953125,13.959733009338379,31.33256375883953,0.6941314477068937,739.6144214612245,13676.174714166253,0.0020946373140197207,34.44702899410861
978,630,Cercis',0,0,0,0,0,0,0,0.0,0.0,0.0,0.0,0.0,0.0,0.0,0.0
978,630,Cercocarpus',0,0,0,0,0,0,0,0.0,0.0,0.0,0.0,0.0,0.0,0.0,0.0
978,630,Chamaecyparis',0,31,11,20,0,0,0,38.075130462646484,20.46994972229004,29.49019377529621,2.4421684134081043,2756.6295298022033,58485.85752248191,0.006551812663503224,133.92414182103386
978,630,Chilopsis',0,0,0,0,0,0,0,0.0,0.0,0.0,0.0,0.0,0.0,0.0,0.0
978,630,Chrysolepis',0,0,0,0,0,0,0,0.0,0.0,0.0,0.0,0.0,0.0,0.0,0.0
978,630,Cladrastis',0,0,0,0,0,0,0,0.0,0.0,0.0,0.0,0.0,0.0,0.0,0.0
978,630,Comus',0,0,0,0,0,0,0,0.0,0.0,0.0,0.0,0.0,0.0,0.0,0.0
978,630,Cornus',0,0,0,0,0,0,0,0.0,0.0,0.0,0.0,0.0,0.0,0.0,0.0
978,630,Crataegus',0,0,0,0,0,0,0,0.0,0.0,0.0,0.0,0.0,0.0,0.0,0.0
978,630,Cupressus',0,0,0,0,0,0,0,0.0,0.0,0.0,0.0,0.0,0.0,0.0,0.0
978,630,Diospyros',0,0,0,0,0,0,0,0.0,0.0,0.0,0.0,0.0,0.0,0.0,0.0
978,630,Elaeagnus',0,166,10,0,0,0,0,25.90720558166504,7.615570068359375,45.7681524215997,0.7573137198774473,717.4559358221293,10990.42077631904,0.0022532045061504483,29.748066752592372
978,630,Fagus',0,0,0,0,0,0,0,0.0,0.0,0.0,0.0,0.0,0.0,0.0,0.0
978,630,Fraxinus',0,794,628,38,0,0,0,40.483802795410156,18.295501708984375,561.1867293559864,11.730259635643268,14322.301270315349,66320.19176041032,0.0399059305090792,162.12230711933032
978,630,Gleditsia',0,3,34,0,0,0,0,16.11602210998535,9.851481437683105,15.21655215964287,0.7117190266331901,929.4239055281878,20250.328091776337,0.0022844372214376922,48.44632682713823
978,630,Gordonia',0,0,0,0,0,0,0,0.0,0.0,0.0,0.0,0.0,0.0,0.0,0.0
978,630,Gymnocladus',0,0,0,0,0,0,0,0.0,0.0,0.0,0.0,0.0,0.0,0.0,0.0
978,630,Halesia',0,0,0,0,0,0,0,0.0,0.0,0.0,0.0,0.0,0.0,0.0,0.0
978,630,Ilex',0,0,0,0,0,0,0,0.0,0.0,0.0,0.0,0.0,0.0,0.0,0.0
978,630,Juglans',0,0,0,0,0,0,0,0.0,0.0,0.0,0.0,0.0,0.0,0.0,0.0
978,630,Juniperus',0,36,0,35,0,0,0,28.003673553466797,17.74387550354004,7.950509219169616,2.206835163565616,3157.2419384890795,70466.68275429336,0.0071309340403224375,159.16054326807765
978,630,Larix',0,0,0,0,0,0,0,0.0,0.0,0.0,0.0,0.0,0.0,0.0,0.0
978,630,Liquidambar',0,0,0,0,0,0,0,0.0,0.0,0.0,0.0,0.0,0.0,0.0,0.0
978,630,Liriodendron',0,1270,1121,50,0,0,0,43.065521240234375,16.583398818969727,894.8164544018763,26.076907196539626,22609.951049548985,84367.27597864464,0.06312571552875183,204.1495071937968
978,630,Lithocarpus',0,0,0,0,0,0,0,0.0,0.0,0.0,0.0,0.0,0.0,0.0,0.0
978,630,Maclura',0,30,76,0,0,0,0,26.25936508178711,10.967239379882812,54.28559710047667,2.065268462023826,3391.3770099788903,54201.34305923031,0.008317864756204236,126.88442943761348
978,630,Magnolia',0,30,0,0,0,0,0,6.097598075866699,3.7673823833465576,13.155928235265272,0.08760496588852057,72.17260032892227,1613.8284044839409,0.00034977044630795225,7.8211049446502345
978,630,Malus',0,0,0,0,0,0,0,0.0,0.0,0.0,0.0,0.0,0.0,0.0,0.0
978,630,Morus',0,31,7,0,0,0,0,13.125965118408203,8.139104843139648,10.863546713998046,0.10321350557649918,131.84091289877892,2824.0657301078327,0.0004493665921995423,9.77035968066586
978,630,Nyssa',0,0,0,0,0,0,0,0.0,0.0,0.0,0.0,0.0,0.0,0.0,0.0
978,630,Olneya',0,0,0,0,0,0,0,0.0,0.0,0.0,0.0,0.0,0.0,0.0,0.0
978,630,Ostrya',0,0,0,0,0,0,0,0.0,0.0,0.0,0.0,0.0,0.0,0.0,0.0
978,630,Oxydendron',0,0,0,0,0,0,0,0.0,0.0,0.0,0.0,0.0,0.0,0.0,0.0
978,630,Paulownia',0,167,39,0,0,0,0,14.139644622802734,6.531312942504883,58.06101140813736,0.7944689346519025,432.8553699886799,6957.307011068486,0.001797721357817283,23.061316598267485
978,630,Persea',0,0,0,0,0,0,0,0.0,0.0,0.0,0.0,0.0,0.0,0.0,0.0
978,630,Picea',0,0,0,0,0,0,0,0.0,0.0,0.0,0.0,0.0,0.0,0.0,0.0
978,630,Pinus',0,496,1323,114,37,0,0,61.0,24.459087371826172,729.3910817666351,53.37293772129092,63777.89427662507,244285.43571197614,0.15226430310522235,557.4358820003536
978,630,Planera',0,0,0,0,0,0,0,0.0,0.0,0.0,0.0,0.0,0.0,0.0,0.0
978,630,Platanus',0,37,13,0,0,0,0,24.944997787475586,8.02248477935791,29.46495151783846,0.7266277653442431,669.8464428985119,13333.679387770346,0.0019127120122238816,33.09993491439738
978,630,Populus',0,236,25,0,0,0,0,12.374469757080078,5.801506042480469,99.7939381394771,0.6479039249835309,522.4066193112731,5357.4794650541435,0.002597492784862417,22.152716721422472
978,630,Prosopis',0,0,0,0,0,0,0,0.0,0.0,0.0,0.0,0.0,0.0,0.0,0.0
978,630,Prunus',0,13,0,0,0,0,0,4.4575724601745605,4.040761947631836,7.865658204389524,0.02091180415234837,29.77227014899254,665.7281989763485,0.00017939112387597582,4.011307475467667
978,630,Pseudotsuga',0,0,0,0,0,0,0,0.0,0.0,0.0,0.0,0.0,0.0,0.0,0.0
978,630,Quercus',0,40,71,8,0,0,0,45.029693603515625,19.57415199279785,47.43015209708032,3.584346486124028,5564.815453827381,77851.55033247652,0.01304903997246181,175.80934854609436
978,630,Robinia',0,0,0,0,0,0,0,0.0,0.0,0.0,0.0,0.0,0.0,0.0,0.0
978,630,Salix',0,593,122,0,0,0,0,22.876609802246094,10.138421058654785,239.9573496771575,2.1647033725351714,1740.6125864306093,10498.152162760187,0.007322347322584129,36.38195353775898
978,630,Sassafras',0,0,0,0,0,0,0,0.0,0.0,0.0,0.0,0.0,0.0,0.0,0.0
978,630,Sequoia',0,0,0,0,0,0,0,0.0,0.0,0.0,0.0,0.0,0.0,0.0,0.0
978,630,Sequoiadendron',0,0,0,0,0,0,0,0.0,0.0,0.0,0.0,0.0,0.0,0.0,0.0
978,630,Sorbus',0,0,0,0,0,0,0,0.0,0.0,0.0,0.0,0.0,0.0,0.0,0.0
978,630,Taxodium',0,0,0,0,0,0,0,0.0,0.0,0.0,0.0,0.0,0.0,0.0,0.0
978,630,Taxus',0,0,0,0,0,0,0,0.0,0.0,0.0,0.0,0.0,0.0,0.0,0.0
978,630,Thuja',0,0,0,0,0,0,0,0.0,0.0,0.0,0.0,0.0,0.0,0.0,0.0
978,630,Tilia',0,0,0,0,0,0,0,0.0,0.0,0.0,0.0,0.0,0.0,0.0,0.0
978,630,Torreya',0,0,0,0,0,0,0,0.0,0.0,0.0,0.0,0.0,0.0,0.0,0.0
978,630,Tsuga',0,0,0,0,0,0,0,0.0,0.0,0.0,0.0,0.0,0.0,0.0,0.0
978,630,Ulmus',0,5,126,3,0,0,0,34.27637481689453,13.330612182617188,65.18218513342399,2.393407058668798,2395.8435226857664,20775.032314561817,0.00626243041497471,52.94261827621382
978,630,Umbellularia',0,0,0,0,0,0,0,0.0,0.0,0.0,0.0,0.0,0.0,0.0,0.0
978,640,Abies',0,0,0,0,0,0,0,0.0,0.0,0.0,0.0,0.0,0.0,0.0,0.0
978,640,Acer',0,1371,1133,0,0,0,0,27.862483978271484,15.923078536987305,903.1017916816982,17.827783271833095,22580.115556132645,86174.75395799238,0.06317868622397059,208.38654596467055
978,640,Aesculus',0,0,0,0,0,0,0,0.0,0.0,0.0,0.0,0.0,0.0,0.0,0.0
978,640,Ailanthus',0,448,31,10,0,0,0,28.64027214050293,11.920353889465332,185.94736267022694,1.5530654749328905,1801.9894465094806,19341.439062441845,0.006681236501198264,50.77311116675339
978,640,Alnus',0,0,0,0,0,0,0,0.0,0.0,0.0,0.0,0.0,0.0,0.0,0.0
978,640,Amelanchier',0,0,0,0,0,0,0,0.0,0.0,0.0,0.0,0.0,0.0,0.0,0.0
978,640,Arbutus',0,0,0,0,0,0,0,0.0,0.0,0.0,0.0,0.0,0.0,0.0,0.0
978,640,Asimina',0,0,0,0,0,0,0,0.0,0.0,0.0,0.0,0.0,0.0,0.0,0.0
978,640,Betula',0,174,96,17,0,5,0,68.70069122314453,22.12044906616211,114.9739555467533,5.462297247858128,8884.050688191652,108811.8686189427,0.021397448233980217,245.82679106453824
978,640,Calocedrus',0,0,0,0,0,0,0,0.0,0.0,0.0,0.0,0.0,0.0,0.0,0.0
978,640,Carpinus',0,0,0,0,0,0,0,0.0,0.0,0.0,0.0,0.0,0.0,0.0,0.0
978,640,Carya',0,51,129,0,0,0,0,20.764970779418945,12.827210426330566,48.04255784265225,2.1450775476518924,3267.138480601013,42993.86130272427,0.007951907200230276,99.78988580395972
978,640,Castanea',0,13,0,0,0,0,0,1.66004478931427,1.7944108247756958,2.363204490157622,0.0029954741981361457,8.25625038743019,184.61537105552924,5.236686506867421e-05,1.1709587006211477
978,640,Catalpa',0,0,0,0,0,0,0,0.0,0.0,0.0,0.0,0.0,0.0,0.0,0.0
978,640,Celtis',0,102,38,0,0,0,0,36.598812103271484,17.121980667114258,37.10674048601826,1.0140260589793497,1092.4538054561615,17126.052049436978,0.0029618473173766346,41.458726360704226
978,640,Cercis',0,0,0,0,0,0,0,0.0,0.0,0.0,0.0,0.0,0.0,0.0,0.0
978,640,Cercocarpus',0,0,0,0,0,0,0,0.0,0.0,0.0,0.0,0.0,0.0,0.0,0.0
978,640,Chamaecyparis',0,31,31,0,0,0,0,20.52414321899414,15.286685943603516,32.00349737018347,0.5110148272965773,488.95224484175446,8730.231402227297,0.0015488332403503925,25.678925482893064
978,640,Chilopsis',0,0,0,0,0,0,0,0.0,0.0,0.0,0.0,0.0,0.0,0.0,0.0
978,640,Chrysolepis',0,0,0,0,0,0,0,0.0,0.0,0.0,0.0,0.0,0.0,0.0,0.0
978,640,Cladrastis',0,0,0,0,0,0,0,0.0,0.0,0.0,0.0,0.0,0.0,0.0,0.0
978,640,Comus',0,0,0,0,0,0,0,0.0,0.0,0.0,0.0,0.0,0.0,0.0,0.0
978,640,Cornus',0,0,0,0,0,0,0,0.0,0.0,0.0,0.0,0.0,0.0,0.0,0.0
978,640,Crataegus',0,0,0,0,0,0,0,0.0,0.0,0.0,0.0,0.0,0.0,0.0,0.0
978,640,Cupressus',0,0,0,0,0,0,0,0.0,0.0,0.0,0.0,0.0,0.0,0.0,0.0
978,640,Diospyros',0,0,0,0,0,0,0,0.0,0.0,0.0,0.0,0.0,0.0,0.0,0.0
978,640,Elaeagnus',0,299,89,10,0,0,0,30.0,7.944296360015869,158.9502289231065,1.5892304590828445,1570.8813609635831,16531.517017907714,0.00577902427381602,49.34172408578093
978,640,Fagus',0,0,0,0,0,0,0,0.0,0.0,0.0,0.0,0.0,0.0,0.0,0.0
978,640,Fraxinus',0,921,713,34,0,0,0,47.607322692871094,18.401859283447266,613.4516180391552,13.68936571564677,16804.41566979736,78321.47681108736,0.046174123506233414,186.68775098928432
978,640,Gleditsia',0,5,3,0,0,0,0,17.497526168823242,10.453327178955078,17.26140842784809,0.10597906667335988,183.30837886571885,3365.90665585911,0.000655839513324201,11.259112152504716
978,640,Gordonia',0,0,0,0,0,0,0,0.0,0.0,0.0,0.0,0.0,0.0,0.0,0.0
978,640,Gymnocladus',0,0,0,0,0,0,0,0.0,0.0,0.0,0.0,0.0,0.0,0.0,0.0
978,640,Halesia',0,0,0,0,0,0,0,0.0,0.0,0.0,0.0,0.0,0.0,0.0,0.0
978,640,Ilex',0,0,0,0,0,0,0,0.0,0.0,0.0,0.0,0.0,0.0,0.0,0.0
978,640,Juglans',0,0,0,0,0,0,0,0.0,0.0,0.0,0.0,0.0,0.0,0.0,0.0
978,640,Juniperus',0,36,0,35,0,0,0,29.712024688720703,18.44051170349121,11.009489141106606,2.5113308194662456,3683.7494338542224,81676.72613128508,0.008345135569449463,183.33431455221358
978,640,Larix',0,0,0,0,0,0,0,0.0,0.0,0.0,0.0,0.0,0.0,0.0,0.0
978,640,Liquidambar',0,0,0,0,0,0,0,0.0,0.0,0.0,0.0,0.0,0.0,0.0,0.0
978,640,Liriodendron',0,1154,1227,23,0,0,0,42.51629638671875,16.439891815185547,991.0982827406045,25.9091333461528,22257.13106921837,81859.89867248581,0.06372770163451189,201.70492420007236
978,640,Lithocarpus',0,0,0,0,0,0,0,0.0,0.0,0.0,0.0,0.0,0.0,0.0,0.0
978,640,Maclura',0,30,82,0,0,0,0,21.559049606323242,9.789776802062988,76.83433119160465,1.417709086424184,2169.3567212098837,24571.354532842503,0.005926865503385699,62.68180242118415
978,640,Magnolia',0,0,0,0,0,0,0,0.0,0.0,0.0,0.0,0.0,0.0,0.0,0.0
978,640,Malus',0,0,0,0,0,0,0,0.0,0.0,0.0,0.0,0.0,0.0,0.0,0.0
978,640,Morus',0,32,7,0,0,0,0,19.42467498779297,10.519009590148926,17.709541564123537,0.31619897118231505,365.2904218065739,6437.793514673058,0.001066695158228278,18.008403602615203
978,640,Nyssa',0,0,0,0,0,0,0,0.0,0.0,0.0,0.0,0.0,0.0,0.0,0.0
978,640,Olneya',0,0,0,0,0,0,0,0.0,0.0,0.0,0.0,0.0,0.0,0.0,0.0
978,640,Ostrya',0,0,0,0,0,0,0,0.0,0.0,0.0,0.0,0.0,0.0,0.0,0.0
978,640,Oxydendron',0,0,0,0,0,0,0,0.0,0.0,0.0,0.0,0.0,0.0,0.0,0.0
978,640,Paulownia',0,115,0,0,0,0,0,7.489953517913818,4.271190643310547,30.364361535050442,0.2174231165262106,127.64462606787681,1943.9490041531642,0.0007207665734621586,10.7884609099661
978,640,Persea',0,0,0,0,0,0,0,0.0,0.0,0.0,0.0,0.0,0.0,0.0,0.0
978,640,Picea',0,0,0,0,0,0,0,0.0,0.0,0.0,0.0,0.0,0.0,0.0,0.0
978,640,Pinus',0,411,1349,151,28,0,0,60.12076187133789,24.847620010375977,738.4000596025586,59.688277719158094,72251.19001892359,273352.7276077914,0.17122397991661076,622.5450532422776
978,640,Planera',0,0,0,0,0,0,0,0.0,0.0,0.0,0.0,0.0,0.0,0.0,0.0
978,640,Platanus',0,97,0,0,0,0,0,5.139668941497803,2.807713747024536,50.13415748182731,0.10965820727116293,174.90571238517762,2769.307698967895,0.0011103884174050946,18.47230710710001
978,640,Populus',0,135,94,0,0,0,0,15.569552421569824,6.864392280578613,116.45515598451034,0.8990834306398042,685.9213139355182,5575.68809583148,0.0032007062374018107,24.232648030997865
978,640,Prosopis',0,0,0,0,0,0,0,0.0,0.0,0.0,0.0,0.0,0.0,0.0,0.0
978,640,Prunus',0,0,0,0,0,0,0,0.0,0.0,0.0,0.0,0.0,0.0,0.0,0.0
978,640,Pseudotsuga',0,0,0,0,0,0,0,0.0,0.0,0.0,0.0,0.0,0.0,0.0,0.0
978,640,Quercus',0,32,86,8,0,0,0,46.5311279296875,19.975303649902344,57.55038550948794,3.6651204537503137,5944.265668781996,86402.79868574126,0.014037949346695049,196.49480354483921
978,640,Robinia',0,0,0,0,0,0,0,0.0,0.0,0.0,0.0,0.0,0.0,0.0,0.0
978,640,Salix',0,548,168,7,0,0,0,31.773632049560547,12.135180473327637,209.39612218249542,2.657872512187643,2176.7016378775984,17661.08643685787,0.007851488350929437,48.294223274880714
978,640,Sassafras',0,0,0,0,0,0,0,0.0,0.0,0.0,0.0,0.0,0.0,0.0,0.0
978,640,Sequoia',0,0,0,0,0,0,0,0.0,0.0,0.0,0.0,0.0,0.0,0.0,0.0
978,640,Sequoiadendron',0,0,0,0,0,0,0,0.0,0.0,0.0,0.0,0.0,0.0,0.0,0.0
978,640,Sorbus',0,0,0,0,0,0,0,0.0,0.0,0.0,0.0,0.0,0.0,0.0,0.0
978,640,Taxodium',0,0,0,0,0,0,0,0.0,0.0,0.0,0.0,0.0,0.0,0.0,0.0
978,640,Taxus',0,0,0,0,0,0,0,0.0,0.0,0.0,0.0,0.0,0.0,0.0,0.0
978,640,Thuja',0,0,0,0,0,0,0,0.0,0.0,0.0,0.0,0.0,0.0,0.0,0.0
978,640,Tilia',0,0,0,0,0,0,0,0.0,0.0,0.0,0.0,0.0,0.0,0.0,0.0
978,640,Torreya',0,0,0,0,0,0,0,0.0,0.0,0.0,0.0,0.0,0.0,0.0,0.0
978,640,Tsuga',0,0,0,0,0,0,0,0.0,0.0,0.0,0.0,0.0,0.0,0.0,0.0
978,640,Ulmus',0,58,87,3,0,0,0,42.031551361083984,15.005980491638184,49.03171999639348,2.519111941995723,2835.6159988313916,28083.380637233073,0.007007207784268084,68.3970789550166
978,640,Umbellularia',0,0,0,0,0,0,0,0.0,0.0,0.0,0.0,0.0,0.0,0.0,0.0
978,650,Abies',0,0,0,0,0,0,0,0.0,0.0,0.0,0.0,0.0,0.0,0.0,0.0
978,650,Acer',0,1425,926,17,0,0,0,29.3409366607666,15.89136028289795,891.9382759748332,18.116288190259915,23483.707305480762,94563.74659627612,0.06502596277371711,225.5560312530057
978,650,Aesculus',0,0,0,0,0,0,0,0.0,0.0,0.0,0.0,0.0,0.0,0.0,0.0
978,650,Ailanthus',0,344,92,0,0,0,0,11.185807228088379,6.257169723510742,116.63050726952054,0.9774721854754959,970.4612951764465,7194.969724551806,0.0038355416063307704,25.339796566765976
978,650,Alnus',0,0,0,0,0,0,0,0.0,0.0,0.0,0.0,0.0,0.0,0.0,0.0
978,650,Amelanchier',0,8,0,0,0,0,0,0.5,1.6491755247116089,0.0,0.00016179202165987394,0.9356026393175125,20.9207110144214,2.079116995446384e-06,0.046490469349933033
978,650,Arbutus',0,0,0,0,0,0,0,0.0,0.0,0.0,0.0,0.0,0.0,0.0,0.0
978,650,Asimina',0,0,0,0,0,0,0,0.0,0.0,0.0,0.0,0.0,0.0,0.0,0.0
978,650,Betula',0,70,156,17,0,5,0,70.6583480834961,22.405405044555664,109.09588136533392,6.026504645514558,9903.943505689502,117640.5379127414,0.02357925908528267,264.4115112803038
978,650,Calocedrus',0,0,0,0,0,0,0,0.0,0.0,0.0,0.0,0.0,0.0,0.0,0.0
978,650,Carpinus',0,0,0,0,0,0,0,0.0,0.0,0.0,0.0,0.0,0.0,0.0,0.0
978,650,Carya',0,29,99,0,0,0,0,17.322511672973633,12.783528327941895,38.8018803024971,1.6784950656393514,2507.0863823491336,32066.084024534517,0.006129877725489368,75.72278882537917
978,650,Castanea',0,13,0,0,0,0,0,7.553281784057617,3.4926633834838867,8.664826754527756,0.06201508527462656,50.24947977781296,1123.6125261719042,0.00023640050642937272,5.286076022914569
978,650,Catalpa',0,0,0,0,0,0,0,0.0,0.0,0.0,0.0,0.0,0.0,0.0,0.0
978,650,Celtis',0,31,66,0,0,0,0,50.70087432861328,21.037343978881836,29.64762858386281,0.584495410214488,697.3565414464474,9244.086490654441,0.0019764753243820686,26.116973951365278
978,650,Cercis',0,0,0,0,0,0,0,0.0,0.0,0.0,0.0,0.0,0.0,0.0,0.0
978,650,Cercocarpus',0,0,0,0,0,0,0,0.0,0.0,0.0,0.0,0.0,0.0,0.0,0.0
978,650,Chamaecyparis',0,31,31,0,0,0,0,27.800277709960938,17.91997528076172,25.423058375418186,1.0938505863873162,1054.4722888866067,17652.8754614131,0.0027104937485742026,44.10470053552211
978,650,Chilopsis',0,0,0,0,0,0,0,0.0,0.0,0.0,0.0,0.0,0.0,0.0,0.0
978,650,Chrysolepis',0,0,0,0,0,0,0,0.0,0.0,0.0,0.0,0.0,0.0,0.0,0.0
978,650,Cladrastis',0,0,0,0,0,0,0,0.0,0.0,0.0,0.0,0.0,0.0,0.0,0.0
978,650,Comus',0,0,0,0,0,0,0,0.0,0.0,0.0,0.0,0.0,0.0,0.0,0.0
978,650,Cornus',0,0,0,0,0,0,0,0.0,0.0,0.0,0.0,0.0,0.0,0.0,0.0
978,650,Crataegus',0,0,0,0,0,0,0,0.0,0.0,0.0,0.0,0.0,0.0,0.0,0.0
978,650,Cupressus',0,0,0,0,0,0,0,0.0,0.0,0.0,0.0,0.0,0.0,0.0,0.0
978,650,Diospyros',0,0,0,0,0,0,0,0.0,0.0,0.0,0.0,0.0,0.0,0.0,0.0
978,650,Elaeagnus',0,185,24,0,0,0,0,17.002655029296875,6.503048896789551,118.07784895730923,0.8204538876040594,823.3915235936641,7839.53022920085,0.003529555203751195,27.243105084113274
978,650,Fagus',0,0,0,0,0,0,0,0.0,0.0,0.0,0.0,0.0,0.0,0.0,0.0
978,650,Fraxinus',0,1053,580,36,2,0,0,54.811466217041016,20.04129409790039,579.1258414457493,14.39186232857665,18404.388873577715,91327.5366147171,0.04923547996097637,214.8904187156954
978,650,Gleditsia',0,0,3,0,0,0,0,26.87661361694336,14.090400695800781,10.462111762807337,0.20424031793585073,363.590265083313,8130.125486834567,0.0009585863006114943,21.434641304673452
978,650,Gordonia',0,0,0,0,0,0,0,0.0,0.0,0.0,0.0,0.0,0.0,0.0,0.0
978,650,Gymnocladus',0,0,0,0,0,0,0,0.0,0.0,0.0,0.0,0.0,0.0,0.0,0.0
978,650,Halesia',0,0,0,0,0,0,0,0.0,0.0,0.0,0.0,0.0,0.0,0.0,0.0
978,650,Ilex',0,0,0,0,0,0,0,0.0,0.0,0.0,0.0,0.0,0.0,0.0,0.0
978,650,Juglans',0,0,0,0,0,0,0,0.0,0.0,0.0,0.0,0.0,0.0,0.0,0.0
978,650,Juniperus',0,36,0,35,0,0,0,31.221967697143555,19.033523559570312,24.34945260286331,2.895227269381726,4292.866679985524,92805.66862110174,0.009891417990140471,210.14436448369565
978,650,Larix',0,0,0,0,0,0,0,0.0,0.0,0.0,0.0,0.0,0.0,0.0,0.0
978,650,Liquidambar',0,0,0,0,0,0,0,0.0,0.0,0.0,0.0,0.0,0.0,0.0,0.0
978,650,Liriodendron',0,1244,1101,26,1,0,0,48.50223922729492,17.947113037109375,971.8480405661783,26.785471354527917,23190.446467914433,76543.43217102914,0.06552461818435974,190.48294363740985
978,650,Lithocarpus',0,0,0,0,0,0,0,0.0,0.0,0.0,0.0,0.0,0.0,0.0,0.0
978,650,Maclura',0,15,127,1,0,0,0,33.178619384765625,12.400374412536621,76.62381630532347,2.502665845980384,3890.464115228653,37350.72323907644,0.009748518220109897,89.73582521642251
978,650,Magnolia',0,0,0,0,0,0,0,0.0,0.0,0.0,0.0,0.0,0.0,0.0,0.0
978,650,Malus',0,0,0,0,0,0,0,0.0,0.0,0.0,0.0,0.0,0.0,0.0,0.0
978,650,Morus',0,0,1,0,0,0,0,13.247386932373047,8.189736366271973,4.070425169377387,0.017091178479687733,30.66302086830139,685.6459905701616,0.00012673607832193367,2.833904863295817
978,650,Nyssa',0,0,0,0,0,0,0,0.0,0.0,0.0,0.0,0.0,0.0,0.0,0.0
978,650,Olneya',0,0,0,0,0,0,0,0.0,0.0,0.0,0.0,0.0,0.0,0.0,0.0
978,650,Ostrya',0,79,0,0,0,0,0,10.707417488098145,8.272704124450684,10.741418675531314,0.05802749380558685,87.30601143985987,1608.7632074648695,0.0003486420447385123,6.536436585102527
978,650,Oxydendron',0,0,0,0,0,0,0,0.0,0.0,0.0,0.0,0.0,0.0,0.0,0.0
978,650,Paulownia',0,112,27,0,0,0,0,12.229823112487793,5.915416717529297,71.15160389791559,0.3269917999274317,225.7460372698307,2251.1149503026677,0.0015259247244421893,15.130327760650147
978,650,Persea',0,0,0,0,0,0,0,0.0,0.0,0.0,0.0,0.0,0.0,0.0,0.0
978,650,Picea',0,0,0,0,0,0,0,0.0,0.0,0.0,0.0,0.0,0.0,0.0,0.0
978,650,Pinus',0,578,1230,218,0,0,0,45.79615020751953,25.206096649169922,714.675521838367,56.23752798294714,66904.67366880446,258131.7189350117,0.15900014403777785,586.1174867391833
978,650,Planera',0,0,0,0,0,0,0,0.0,0.0,0.0,0.0,0.0,0.0,0.0,0.0
978,650,Platanus',0,64,0,0,0,0,0,5.737820148468018,2.9788124561309814,63.26088833846622,0.14104381827822815,203.74372618317605,3417.4938822670683,0.0013634394771531375,22.838003579910882
978,650,Populus',0,54,73,0,0,0,0,24.401437759399414,9.609021186828613,65.28171286458455,1.1744722936947896,849.0376595062017,9253.16918451292,0.0028265168903274514,29.141827092585046
978,650,Prosopis',0,0,0,0,0,0,0,0.0,0.0,0.0,0.0,0.0,0.0,0.0,0.0
978,650,Prunus',0,34,0,0,0,0,0,2.5585129261016846,2.9707143306732178,8.00802855363375,0.017726882637673653,20.891638699769974,467.1512429405146,0.00016170588290877384,3.6158534654563668
978,650,Pseudotsuga',0,0,0,0,0,0,0,0.0,0.0,0.0,0.0,0.0,0.0,0.0,0.0
978,650,Quercus',0,52,71,0,8,0,0,48.0849494934082,20.379854202270508,38.413740368206284,4.008745184709189,6575.812211848497,95574.65480740466,0.015165903462678166,214.7881247601607
978,650,Robinia',0,0,0,0,0,0,0,0.0,0.0,0.0,0.0,0.0,0.0,0.0,0.0
978,650,Salix',0,609,137,0,0,0,0,16.9661865234375,10.224008560180664,213.41074246040813,1.8608259505063869,1468.5114197970927,9400.71910521341,0.00633552487857731,32.78880582670223
978,650,Sassafras',0,0,0,0,0,0,0,0.0,0.0,0.0,0.0,0.0,0.0,0.0,0.0
978,650,Sequoia',0,0,0,0,0,0,0,0.0,0.0,0.0,0.0,0.0,0.0,0.0,0.0
978,650,Sequoiadendron',0,0,0,0,0,0,0,0.0,0.0,0.0,0.0,0.0,0.0,0.0,0.0
978,650,Sorbus',0,0,0,0,0,0,0,0.0,0.0,0.0,0.0,0.0,0.0,0.0,0.0
978,650,Taxodium',0,0,0,0,0,0,0,0.0,0.0,0.0,0.0,0.0,0.0,0.0,0.0
978,650,Taxus',0,0,0,0,0,0,0,0.0,0.0,0.0,0.0,0.0,0.0,0.0,0.0
978,650,Thuja',0,0,0,0,0,0,0,0.0,0.0,0.0,0.0,0.0,0.0,0.0,0.0
978,650,Tilia',0,0,0,0,0,0,0,0.0,0.0,0.0,0.0,0.0,0.0,0.0,0.0
978,650,Torreya',0,0,0,0,0,0,0,0.0,0.0,0.0,0.0,0.0,0.0,0.0,0.0
978,650,Tsuga',0,0,0,0,0,0,0,0.0,0.0,0.0,0.0,0.0,0.0,0.0,0.0
978,650,Ulmus',0,107,39,6,3,0,0,48.71605682373047,16.237348556518555,106.73253922711443,2.1514469333225397,2880.40466791749,33138.544769008615,0.007937373385688284,80.25768512302923
978,650,Umbellularia',0,0,0,0,0,0,0,0.0,0.0,0.0,0.0,0.0,0.0,0.0,0.0
978,660,Abies',0,0,0,0,0,0,0,0.0,0.0,0.0,0.0,0.0,0.0,0.0,0.0
978,660,Acer',0,1833,926,0,0,0,0,27.363800048828125,15.775217056274414,1017.8871471830937,15.660111042545509,19587.732898252012,75914.12611504234,0.058181346525048826,187.33209656314932
978,660,Aesculus',0,0,0,0,0,0,0,0.0,0.0,0.0,0.0,0.0,0.0,0.0,0.0
978,660,Ailanthus',0,299,100,0,0,0,0,18.215524673461914,8.802332878112793,70.77277508481771,1.6464058355050273,1595.9454515382647,15103.249803217856,0.004565358851277501,40.71590091020362
978,660,Alnus',0,33,0,0,0,0,0,1.7181527614593506,2.3694915771484375,3.838566221956965,0.007656097696297562,11.98286141216755,208.61874733096056,8.188687451463257e-05,1.4256064493227352
978,660,Amelanchier',0,0,0,0,0,0,0,0.0,0.0,0.0,0.0,0.0,0.0,0.0,0.0
978,660,Arbutus',0,0,0,0,0,0,0,0.0,0.0,0.0,0.0,0.0,0.0,0.0,0.0
978,660,Asimina',0,0,0,0,0,0,0,0.0,0.0,0.0,0.0,0.0,0.0,0.0,0.0
978,660,Betula',0,58,183,17,0,5,0,72.54833221435547,22.670726776123047,116.85416606502442,7.33216310211015,11854.773624506593,128641.05038081603,0.02802612169287169,290.1125903965325
978,660,Calocedrus',0,0,0,0,0,0,0,0.0,0.0,0.0,0.0,0.0,0.0,0.0,0.0
978,660,Carpinus',0,0,0,0,0,0,0,0.0,0.0,0.0,0.0,0.0,0.0,0.0,0.0
978,660,Carya',0,28,93,0,0,0,0,18.494272232055664,14.323083877563477,27.266479930309927,1.6141660375030529,2604.05742817387,36944.15301623683,0.0061793104130654225,85.37312105193442
978,660,Castanea',0,0,13,0,0,0,0,13.794689178466797,5.1981964111328125,5.87246083006074,0.2068472780626726,138.39075750350952,3094.5114123553635,0.00039207236838340796,8.767004678046371
978,660,Catalpa',0,48,0,0,0,0,0,2.7240848541259766,2.5521819591522217,3.1719996233152434,0.009963889939202967,15.924240888953209,252.6248055139507,8.104989975504608e-05,1.4964667366012518
978,660,Celtis',0,57,0,0,0,0,0,64.54291534423828,24.07061767578125,29.224676644500295,0.22704832116216817,490.3302108502388,9572.542798154745,0.0015103281175680467,25.51269738643512
978,660,Cercis',0,0,0,0,0,0,0,0.0,0.0,0.0,0.0,0.0,0.0,0.0,0.0
978,660,Cercocarpus',0,0,0,0,0,0,0,0.0,0.0,0.0,0.0,0.0,0.0,0.0,0.0
978,660,Chamaecyparis',0,31,20,11,0,0,0,34.6187858581543,19.735713958740234,27.99601606041193,1.8380403758860901,1898.4523839560152,30756.768836202336,0.004623170098337041,74.02494481517697
978,660,Chilopsis',0,0,0,0,0,0,0,0.0,0.0,0.0,0.0,0.0,0.0,0.0,0.0
978,660,Chrysolepis',0,0,0,0,0,0,0,0.0,0.0,0.0,0.0,0.0,0.0,0.0,0.0
978,660,Cladrastis',0,0,0,0,0,0,0,0.0,0.0,0.0,0.0,0.0,0.0,0.0,0.0
978,660,Comus',0,0,0,0,0,0,0,0.0,0.0,0.0,0.0,0.0,0.0,0.0,0.0
978,660,Cornus',0,0,0,0,0,0,0,0.0,0.0,0.0,0.0,0.0,0.0,0.0,0.0
978,660,Crataegus',0,0,0,0,0,0,0,0.0,0.0,0.0,0.0,0.0,0.0,0.0,0.0
978,660,Cupressus',0,0,0,0,0,0,0,0.0,0.0,0.0,0.0,0.0,0.0,0.0,0.0
978,660,Diospyros',0,0,0,0,0,0,0,0.0,0.0,0.0,0.0,0.0,0.0,0.0,0.0
978,660,Elaeagnus',0,281,72,0,0,0,0,20.083457946777344,6.9639387130737305,106.98505410618041,1.303968047997038,1205.7702362170817,9870.442608691528,0.004219598673374865,31.132525448318784
978,660,Fagus',0,0,0,0,0,0,0,0.0,0.0,0.0,0.0,0.0,0.0,0.0,0.0
978,660,Fraxinus',0,795,758,22,2,0,0,61.274478912353516,18.11323356628418,588.2143983221317,14.319388214678677,17548.66317906827,91833.77616501239,0.04746470276309223,216.28363710563139
978,660,Gleditsia',0,0,0,3,0,0,0,34.969825744628906,16.67999839782715,10.350240559517582,0.3457636376123295,668.8935065746308,14956.913504090804,0.001635427540540695,36.56927152924289
978,660,Gordonia',0,0,0,0,0,0,0,0.0,0.0,0.0,0.0,0.0,0.0,0.0,0.0
978,660,Gymnocladus',0,0,0,0,0,0,0,0.0,0.0,0.0,0.0,0.0,0.0,0.0,0.0
978,660,Halesia',0,0,0,0,0,0,0,0.0,0.0,0.0,0.0,0.0,0.0,0.0,0.0
978,660,Ilex',0,0,0,0,0,0,0,0.0,0.0,0.0,0.0,0.0,0.0,0.0,0.0
978,660,Juglans',0,0,0,0,0,0,0,0.0,0.0,0.0,0.0,0.0,0.0,0.0,0.0
978,660,Juniperus',0,0,0,35,0,0,0,32.73949432373047,19.60881233215332,7.4534234833717345,3.010449358872521,4662.8405621552465,104264.28465222515,0.010469528657317243,234.10577770143533
978,660,Larix',0,0,0,0,0,0,0,0.0,0.0,0.0,0.0,0.0,0.0,0.0,0.0
978,660,Liquidambar',0,0,0,0,0,0,0,0.0,0.0,0.0,0.0,0.0,0.0,0.0,0.0
978,660,Liriodendron',0,639,1181,50,0,0,0,42.03609848022461,16.31353187561035,779.9326324269551,27.52050850845375,23988.670219404998,81845.2253370698,0.06453572001254415,200.12916819268577
978,660,Lithocarpus',0,0,0,0,0,0,0,0.0,0.0,0.0,0.0,0.0,0.0,0.0,0.0
978,660,Maclura',0,19,49,0,0,0,0,20.70790672302246,9.556374549865723,32.77678190718723,1.33604806672459,2090.7000707519055,27927.791637345865,0.005117840073835082,66.23346443039947
978,660,Magnolia',0,0,0,0,0,0,0,0.0,0.0,0.0,0.0,0.0,0.0,0.0,0.0
978,660,Malus',0,0,0,0,0,0,0,0.0,0.0,0.0,0.0,0.0,0.0,0.0,0.0
978,660,Morus',0,0,0,0,0,0,0,0.0,0.0,0.0,0.0,0.0,0.0,0.0,0.0
978,660,Nyssa',0,0,0,0,0,0,0,0.0,0.0,0.0,0.0,0.0,0.0,0.0,0.0
978,660,Olneya',0,0,0,0,0,0,0,0.0,0.0,0.0,0.0,0.0,0.0,0.0,0.0
978,660,Ostrya',0,40,0,0,0,0,0,7.403622150421143,6.621889591217041,11.882527342325522,0.17220206888125708,211.73272252082825,4734.487606176732,0.0006415727287530781,14.34600234001918
978,660,Oxydendron',0,0,0,0,0,0,0,0.0,0.0,0.0,0.0,0.0,0.0,0.0,0.0
978,660,Paulownia',0,94,13,0,0,0,0,21.583715438842773,8.701196670532227,42.452728110778175,0.5341800494869818,315.40393571347,5030.092834360838,0.0013120282420099236,17.498113753906544
978,660,Persea',0,0,0,0,0,0,0,0.0,0.0,0.0,0.0,0.0,0.0,0.0,0.0
978,660,Picea',0,0,0,0,0,0,0,0.0,0.0,0.0,0.0,0.0,0.0,0.0,0.0
978,660,Pinus',0,401,1181,206,18,0,0,58.46546936035156,25.554244995117188,742.8300584644079,59.04695837955784,71960.26478265524,281878.3433518659,0.17064146639906883,640.1215169851185
978,660,Planera',0,0,0,0,0,0,0,0.0,0.0,0.0,0.0,0.0,0.0,0.0,0.0
978,660,Platanus',0,89,0,0,0,0,0,7.089332580566406,3.3621227741241455,44.625487576557106,0.16453500178171782,196.5024415254593,2701.2313916717726,0.0010790807709302756,14.263815742630754
978,660,Populus',0,100,45,6,0,0,0,31.39388656616211,11.594522476196289,94.29315110079094,1.057200054072026,898.643725091815,11247.70817375136,0.0033543883589904223,31.23962517684412
978,660,Prosopis',0,0,0,0,0,0,0,0.0,0.0,0.0,0.0,0.0,0.0,0.0,0.0
978,660,Prunus',0,65,0,0,0,0,0,7.9138312339782715,5.671138286590576,17.872722997459807,0.17324571232046895,124.0957981608808,2209.5488392764682,0.0005330562131991651,8.485822180012846
978,660,Pseudotsuga',0,0,0,0,0,0,0,0.0,0.0,0.0,0.0,0.0,0.0,0.0,0.0
978,660,Quercus',0,31,103,0,8,0,0,49.45288848876953,20.727304458618164,49.99939848774973,4.671804055370067,7585.526068685353,105594.88048657603,0.017576493263195186,238.9761510460518
978,660,Robinia',0,0,0,0,0,0,0,0.0,0.0,0.0,0.0,0.0,0.0,0.0,0.0
978,660,Salix',0,579,90,0,0,0,0,20.981407165527344,11.892437934875488,186.7770413082989,1.8456084748310202,1508.416171348095,10534.320902918545,0.006040795177548901,35.45374736261994
978,660,Sassafras',0,0,0,0,0,0,0,0.0,0.0,0.0,0.0,0.0,0.0,0.0,0.0
978,660,Sequoia',0,0,0,0,0,0,0,0.0,0.0,0.0,0.0,0.0,0.0,0.0,0.0
978,660,Sequoiadendron',0,0,0,0,0,0,0,0.0,0.0,0.0,0.0,0.0,0.0,0.0,0.0
978,660,Sorbus',0,0,0,0,0,0,0,0.0,0.0,0.0,0.0,0.0,0.0,0.0,0.0
978,660,Taxodium',0,0,0,0,0,0,0,0.0,0.0,0.0,0.0,0.0,0.0,0.0,0.0
978,660,Taxus',0,0,0,0,0,0,0,0.0,0.0,0.0,0.0,0.0,0.0,0.0,0.0
978,660,Thuja',0,0,0,0,0,0,0,0.0,0.0,0.0,0.0,0.0,0.0,0.0,0.0
978,660,Tilia',0,0,0,0,0,0,0,0.0,0.0,0.0,0.0,0.0,0.0,0.0,0.0
978,660,Torreya',0,0,0,0,0,0,0,0.0,0.0,0.0,0.0,0.0,0.0,0.0,0.0
978,660,Tsuga',0,0,0,0,0,0,0,0.0,0.0,0.0,0.0,0.0,0.0,0.0,0.0
978,660,Ulmus',0,83,55,6,3,0,0,54.89689254760742,17.225387573242188,80.189251897833,3.0278491745530944,3935.0722628605367,43633.86532724203,0.00989897386487156,102.58580465119506
978,660,Umbellularia',0,0,0,0,0,0,0,0.0,0.0,0.0,0.0,0.0,0.0,0.0,0.0
978,670,Abies',0,0,0,0,0,0,0,0.0,0.0,0.0,0.0,0.0,0.0,0.0,0.0
978,670,Acer',0,1743,1211,19,0,0,0,28.121070861816406,16.430570602416992,1050.0253079319962,20.801959016077856,26435.514615064414,97377.29004184576,0.07386128590629308,233.97201476323946
978,670,Aesculus',0,0,0,0,0,0,0,0.0,0.0,0.0,0.0,0.0,0.0,0.0,0.0
978,670,Ailanthus',0,312,107,0,0,0,0,23.802040100097656,10.561941146850586,146.2263232134754,1.6547821815978234,1628.9868763878942,11411.75653206831,0.005724979930394542,36.78902586282257
978,670,Alnus',0,17,8,0,0,0,0,9.898907661437988,6.7175750732421875,19.698662127875075,0.11927944147107872,120.80191217660904,1932.243981162784,0.0005520218832567341,8.743302124813791
978,670,Amelanchier',0,0,0,0,0,0,0,0.0,0.0,0.0,0.0,0.0,0.0,0.0,0.0
978,670,Arbutus',0,0,0,0,0,0,0,0.0,0.0,0.0,0.0,0.0,0.0,0.0,0.0
978,670,Asimina',0,0,0,0,0,0,0,0.0,0.0,0.0,0.0,0.0,0.0,0.0,0.0
978,670,Betula',0,126,95,25,0,5,0,74.2105941772461,22.89640998840332,105.24684361924852,7.229583224887154,12299.900941621661,137652.80359800893,0.02884820009792692,309.570322621849
978,670,Calocedrus',0,0,0,0,0,0,0,0.0,0.0,0.0,0.0,0.0,0.0,0.0,0.0
978,670,Carpinus',0,0,0,0,0,0,0,0.0,0.0,0.0,0.0,0.0,0.0,0.0,0.0
978,670,Carya',0,28,93,0,0,0,0,19.579486846923828,15.527213096618652,32.80233281322672,2.0486561179082123,3428.28425590992,45406.271677694014,0.008090617295511037,104.35208596425068
978,670,Castanea',0,0,13,0,0,0,0,20.121944427490234,6.83460807800293,14.616807669023922,0.4401146873867138,325.4907765483856,7278.1950241138575,0.0009337299104929007,20.87883552486923
978,670,Catalpa',0,61,0,0,0,0,0,7.833463668823242,4.7553582191467285,14.256330191900458,0.22690465599472412,151.59768546521664,2398.8476054480757,0.0005421115301772958,8.663325723886288
978,670,Celtis',0,28,17,0,0,0,0,75.68414306640625,26.045040130615234,22.19099328299112,0.3520565994591124,700.9566765892506,13485.742137010764,0.0018771331315548159,34.01600287321282
978,670,Cercis',0,0,0,0,0,0,0,0.0,0.0,0.0,0.0,0.0,0.0,0.0,0.0
978,670,Cercocarpus',0,0,0,0,0,0,0,0.0,0.0,0.0,0.0,0.0,0.0,0.0,0.0
978,670,Chamaecyparis',0,31,20,11,0,0,0,40.46174240112305,20.916269302368164,33.6746841609478,2.638525773863209,2866.2425808370112,45631.7362015996,0.006855839976323768,108.52160178950459
978,670,Chilopsis',0,0,0,0,0,0,0,0.0,0.0,0.0,0.0,0.0,0.0,0.0,0.0
978,670,Chrysolepis',0,0,0,0,0,0,0,0.0,0.0,0.0,0.0,0.0,0.0,0.0,0.0
978,670,Cladrastis',0,0,0,0,0,0,0,0.0,0.0,0.0,0.0,0.0,0.0,0.0,0.0
978,670,Comus',0,0,0,0,0,0,0,0.0,0.0,0.0,0.0,0.0,0.0,0.0,0.0
978,670,Cornus',0,0,0,0,0,0,0,0.0,0.0,0.0,0.0,0.0,0.0,0.0,0.0
978,670,Crataegus',0,0,0,0,0,0,0,0.0,0.0,0.0,0.0,0.0,0.0,0.0,0.0
978,670,Cupressus',0,0,0,0,0,0,0,0.0,0.0,0.0,0.0,0.0,0.0,0.0,0.0
978,670,Diospyros',0,0,0,0,0,0,0,0.0,0.0,0.0,0.0,0.0,0.0,0.0,0.0
978,670,Elaeagnus',0,351,22,8,0,0,0,28.8764705657959,7.862738609313965,111.41952002350287,1.8938081663726443,1789.571558650136,17996.140534806844,0.00558077151157987,47.6344095998752
978,670,Fagus',0,0,0,0,0,0,0,0.0,0.0,0.0,0.0,0.0,0.0,0.0,0.0
978,670,Fraxinus',0,611,811,7,2,0,0,67.0970687866211,18.821807861328125,521.9244487272409,13.910772095985562,16570.40550968647,75403.57122519035,0.04433651585128814,180.89166500931645
978,670,Gleditsia',0,18,0,0,0,0,0,3.6864683628082275,3.530989170074463,8.438553879909877,0.020194450286573327,35.01710795044899,783.0063375265231,0.00019929346488975022,4.456337349649436
978,670,Gordonia',0,0,0,0,0,0,0,0.0,0.0,0.0,0.0,0.0,0.0,0.0,0.0
978,670,Gymnocladus',0,0,0,0,0,0,0,0.0,0.0,0.0,0.0,0.0,0.0,0.0,0.0
978,670,Halesia',0,0,0,0,0,0,0,0.0,0.0,0.0,0.0,0.0,0.0,0.0,0.0
978,670,Ilex',0,0,0,0,0,0,0,0.0,0.0,0.0,0.0,0.0,0.0,0.0,0.0
978,670,Juglans',0,0,0,0,0,0,0,0.0,0.0,0.0,0.0,0.0,0.0,0.0,0.0
978,670,Juniperus',0,0,0,0,0,0,0,0.0,0.0,0.0,0.0,0.0,0.0,0.0,0.0
978,670,Larix',0,0,0,0,0,0,0,0.0,0.0,0.0,0.0,0.0,0.0,0.0,0.0
978,670,Liquidambar',0,0,0,0,0,0,0,0.0,0.0,0.0,0.0,0.0,0.0,0.0,0.0
978,670,Liriodendron',0,1423,947,94,0,0,0,45.47262954711914,17.199748992919922,943.7464389825074,27.034547096707396,24624.510110132545,87011.00519370174,0.0683068877866311,210.9422752788261
978,670,Lithocarpus',0,0,0,0,0,0,0,0.0,0.0,0.0,0.0,0.0,0.0,0.0,0.0
978,670,Maclura',0,46,68,0,0,0,0,23.379520416259766,10.267560005187988,40.54093619407732,2.102115413375183,3392.817988691926,40931.13700530201,0.008123204995799837,94.7767147790926
978,670,Magnolia',0,0,0,0,0,0,0,0.0,0.0,0.0,0.0,0.0,0.0,0.0,0.0
978,670,Malus',0,0,0,0,0,0,0,0.0,0.0,0.0,0.0,0.0,0.0,0.0,0.0
978,670,Morus',0,0,3,0,0,0,0,10.047472953796387,6.786343097686768,6.688820953610576,0.02981202096156137,45.38902132034302,1014.9293710447479,0.0001971537897884846,4.408492759887618
978,670,Nyssa',0,0,0,0,0,0,0,0.0,0.0,0.0,0.0,0.0,0.0,0.0,0.0
978,670,Olneya',0,0,0,0,0,0,0,0.0,0.0,0.0,0.0,0.0,0.0,0.0,0.0
978,670,Ostrya',0,0,40,0,0,0,0,9.706961631774902,7.810462474822998,6.485650245147414,0.2960168948894768,357.2437673807144,7988.213484014021,0.0008872395008802413,19.83927836291209
978,670,Oxydendron',0,0,0,0,0,0,0,0.0,0.0,0.0,0.0,0.0,0.0,0.0,0.0
978,670,Paulownia',0,269,0,0,0,0,0,6.4002251625061035,3.8685100078582764,70.65615521484537,0.2829218720804085,217.14619039714336,1816.1945982661964,0.0014996816907974437,12.558644866875493
978,670,Persea',0,0,0,0,0,0,0,0.0,0.0,0.0,0.0,0.0,0.0,0.0,0.0
978,670,Picea',0,0,0,0,0,0,0,0.0,0.0,0.0,0.0,0.0,0.0,0.0,0.0
978,670,Pinus',0,325,1239,213,37,0,0,55.396278381347656,26.17734146118164,735.4611482267081,63.658868848763696,78370.32155369446,301620.5372701352,0.1847795965603537,685.3271285674148
978,670,Planera',0,0,0,0,0,0,0,0.0,0.0,0.0,0.0,0.0,0.0,0.0,0.0
978,670,Platanus',0,64,23,0,0,0,0,8.00979995727539,3.620596408843994,66.13214582204817,0.21951247814808994,263.2431530356407,3482.271243424134,0.0015369937398321879,20.109897931202873
978,670,Populus',0,166,32,0,0,0,0,11.15813159942627,6.869076728820801,88.38113329007842,0.5801310979229665,478.42892738416793,4768.717158223225,0.002335470898997962,21.66509631455216
978,670,Prosopis',0,0,0,0,0,0,0,0.0,0.0,0.0,0.0,0.0,0.0,0.0,0.0
978,670,Prunus',0,51,0,0,0,0,0,3.5731396675109863,3.5883891582489014,20.57743432684035,0.051753118768646626,69.21323188483716,1260.773767270222,0.00045003078413103,7.982177955413894
978,670,Pseudotsuga',0,0,0,0,0,0,0,0.0,0.0,0.0,0.0,0.0,0.0,0.0,0.0
978,670,Quercus',0,28,146,0,0,0,0,27.865814208984375,14.18450927734375,82.8867795884232,3.9080939723931807,5345.946096807123,81692.32512453145,0.013073081700272896,185.338508863421
978,670,Robinia',0,0,0,0,0,0,0,0.0,0.0,0.0,0.0,0.0,0.0,0.0,0.0
978,670,Salix',0,550,141,2,0,0,0,33.965274810791016,12.543585777282715,238.9337687708343,2.1864508595295677,1793.4385840544105,10685.65973959019,0.007425003343423256,36.54644235686415
978,670,Sassafras',0,0,0,0,0,0,0,0.0,0.0,0.0,0.0,0.0,0.0,0.0,0.0
978,670,Sequoia',0,0,0,0,0,0,0,0.0,0.0,0.0,0.0,0.0,0.0,0.0,0.0
978,670,Sequoiadendron',0,0,0,0,0,0,0,0.0,0.0,0.0,0.0,0.0,0.0,0.0,0.0
978,670,Sorbus',0,0,0,0,0,0,0,0.0,0.0,0.0,0.0,0.0,0.0,0.0,0.0
978,670,Taxodium',0,0,0,0,0,0,0,0.0,0.0,0.0,0.0,0.0,0.0,0.0,0.0
978,670,Taxus',0,0,0,0,0,0,0,0.0,0.0,0.0,0.0,0.0,0.0,0.0,0.0
978,670,Thuja',0,0,0,0,0,0,0,0.0,0.0,0.0,0.0,0.0,0.0,0.0,0.0
978,670,Tilia',0,0,0,0,0,0,0,0.0,0.0,0.0,0.0,0.0,0.0,0.0,0.0
978,670,Torreya',0,0,0,0,0,0,0,0.0,0.0,0.0,0.0,0.0,0.0,0.0,0.0
978,670,Tsuga',0,0,0,0,0,0,0,0.0,0.0,0.0,0.0,0.0,0.0,0.0,0.0
978,670,Ulmus',0,62,75,0,3,0,0,60.380897521972656,17.996219635009766,86.92710523552532,2.4317566999475737,2928.5801662504673,38449.09194090943,0.007759319865493107,91.16246827965338
978,670,Umbellularia',0,0,0,0,0,0,0,0.0,0.0,0.0,0.0,0.0,0.0,0.0,0.0
978,680,Abies',0,0,0,0,0,0,0,0.0,0.0,0.0,0.0,0.0,0.0,0.0,0.0
978,680,Acer',0,1620,1041,0,0,0,0,20.89700698852539,13.34149169921875,968.9514450119407,18.256813276592535,23018.358364819513,89851.67216713625,0.0651005020948416,217.39980198656852
978,680,Aesculus',0,0,0,0,0,0,0,0.0,0.0,0.0,0.0,0.0,0.0,0.0,0.0
978,680,Ailanthus',0,482,88,0,0,0,0,16.27525520324707,8.138748168945312,166.0716854068863,1.8809459163137598,1859.499704219997,14180.327629672676,0.006522915767956051,43.2301242652982
978,680,Alnus',0,40,17,0,0,0,0,12.187185287475586,7.7408246994018555,27.580839572828022,0.24735717712700045,235.7870265841484,4245.293972167965,0.0009210126698464216,14.941364187246961
978,680,Amelanchier',0,0,0,0,0,0,0,0.0,0.0,0.0,0.0,0.0,0.0,0.0,0.0
978,680,Arbutus',0,0,0,0,0,0,0,0.0,0.0,0.0,0.0,0.0,0.0,0.0,0.0
978,680,Asimina',0,0,0,0,0,0,0,0.0,0.0,0.0,0.0,0.0,0.0,0.0,0.0
978,680,Betula',0,38,162,25,0,5,0,75.86703491210938,23.114389419555664,118.19889410670044,8.31721864408054,14083.924612819552,148194.86176742066,0.032999149218738096,333.04907391879647
978,680,Calocedrus',0,0,0,0,0,0,0,0.0,0.0,0.0,0.0,0.0,0.0,0.0,0.0
978,680,Carpinus',0,0,0,0,0,0,0,0.0,0.0,0.0,0.0,0.0,0.0,0.0,0.0
978,680,Carya',0,1,60,0,0,0,0,17.463071823120117,16.59246253967285,15.361357049285608,0.9692088211890055,1720.0736826366187,32841.20200980848,0.004043521328072944,75.66948855070216
978,680,Castanea',0,36,13,0,0,0,0,24.852231979370117,8.000106811523438,18.09953740880459,0.680015627334969,547.2583687019348,11829.222008364586,0.001476682509055359,32.11037209624384
978,680,Catalpa',0,0,37,0,0,0,0,9.785072326660156,5.549423694610596,11.718456513142284,0.2833536789381674,187.79235914826393,4199.164807105701,0.0005860100334137677,13.103582702101043
978,680,Celtis',0,171,17,0,0,0,0,13.267402648925781,8.19202995300293,58.93678981292096,0.5291511784493939,542.5419891071319,6182.578671016243,0.0020540767117701417,20.187769896006035
978,680,Cercis',0,0,0,0,0,0,0,0.0,0.0,0.0,0.0,0.0,0.0,0.0,0.0
978,680,Cercocarpus',0,0,0,0,0,0,0,0.0,0.0,0.0,0.0,0.0,0.0,0.0,0.0
978,680,Chamaecyparis',0,0,0,31,0,0,0,45.42287826538086,21.708311080932617,20.13672792434692,3.3378146728959734,3785.4920828437807,60681.86534644647,0.008703068079471597,139.3447546402538
978,680,Chilopsis',0,0,0,0,0,0,0,0.0,0.0,0.0,0.0,0.0,0.0,0.0,0.0
978,680,Chrysolepis',0,0,0,0,0,0,0,0.0,0.0,0.0,0.0,0.0,0.0,0.0,0.0
978,680,Cladrastis',0,0,0,0,0,0,0,0.0,0.0,0.0,0.0,0.0,0.0,0.0,0.0
978,680,Comus',0,0,0,0,0,0,0,0.0,0.0,0.0,0.0,0.0,0.0,0.0,0.0
978,680,Cornus',0,0,0,0,0,0,0,0.0,0.0,0.0,0.0,0.0,0.0,0.0,0.0
978,680,Crataegus',0,0,0,0,0,0,0,0.0,0.0,0.0,0.0,0.0,0.0,0.0,0.0
978,680,Cupressus',0,0,0,0,0,0,0,0.0,0.0,0.0,0.0,0.0,0.0,0.0,0.0
978,680,Diospyros',0,0,0,0,0,0,0,0.0,0.0,0.0,0.0,0.0,0.0,0.0,0.0
978,680,Elaeagnus',0,97,29,0,0,0,0,8.246928215026855,4.540684700012207,44.243713577714146,0.26372509358620094,269.28747383654115,3359.4719951331745,0.0012353294526177962,13.971015548714261
978,680,Fagus',0,0,0,0,0,0,0,0.0,0.0,0.0,0.0,0.0,0.0,0.0,0.0
978,680,Fraxinus',0,735,588,2,5,2,0,72.4967041015625,19.4024600982666,524.5464814897579,13.155911593091608,16170.994268801809,79576.20014393788,0.043486680703210934,189.55804019818956
978,680,Gleditsia',0,0,0,0,0,0,0,0.0,0.0,0.0,0.0,0.0,0.0,0.0,0.0
978,680,Gordonia',0,0,0,0,0,0,0,0.0,0.0,0.0,0.0,0.0,0.0,0.0,0.0
978,680,Gymnocladus',0,0,0,0,0,0,0,0.0,0.0,0.0,0.0,0.0,0.0,0.0,0.0
978,680,Halesia',0,0,0,0,0,0,0,0.0,0.0,0.0,0.0,0.0,0.0,0.0,0.0
978,680,Ilex',0,0,0,0,0,0,0,0.0,0.0,0.0,0.0,0.0,0.0,0.0,0.0
978,680,Juglans',0,0,0,0,0,0,0,0.0,0.0,0.0,0.0,0.0,0.0,0.0,0.0
978,680,Juniperus',0,0,0,0,0,0,0,0.0,0.0,0.0,0.0,0.0,0.0,0.0,0.0
978,680,Larix',0,0,0,0,0,0,0,0.0,0.0,0.0,0.0,0.0,0.0,0.0,0.0
978,680,Liquidambar',0,0,0,0,0,0,0,0.0,0.0,0.0,0.0,0.0,0.0,0.0,0.0
978,680,Liriodendron',0,1502,1129,102,9,0,0,51.49135971069336,18.654661178588867,1000.6637496135751,28.731269995342863,26129.180581910165,92800.29598634955,0.07246995668336333,223.0026050404618
978,680,Lithocarpus',0,0,0,0,0,0,0,0.0,0.0,0.0,0.0,0.0,0.0,0.0,0.0
978,680,Maclura',0,0,49,0,0,0,0,26.080677032470703,10.925729751586914,24.90076716942123,2.431313147582555,4171.182677307129,54437.28581359322,0.009627755337953549,125.73824189071698
978,680,Magnolia',0,0,0,0,0,0,0,0.0,0.0,0.0,0.0,0.0,0.0,0.0,0.0
978,680,Malus',0,0,0,0,0,0,0,0.0,0.0,0.0,0.0,0.0,0.0,0.0,0.0
978,680,Morus',0,0,0,0,0,0,0,0.0,0.0,0.0,0.0,0.0,0.0,0.0,0.0
978,680,Nyssa',0,24,0,0,0,0,0,3.0568084716796875,2.8162364959716797,7.324509820606134,0.017818659149255768,25.36131368637085,567.0962140142076,0.00016179886357672372,3.6179325763977657
978,680,Olneya',0,0,0,0,0,0,0,0.0,0.0,0.0,0.0,0.0,0.0,0.0,0.0
978,680,Ostrya',0,0,40,0,0,0,0,12.11648178100586,8.87377643585205,8.001258667511275,0.4612144866423751,592.1298545598984,13240.426063029981,0.0014310266822576522,31.99872939144108
978,680,Oxydendron',0,0,0,0,0,0,0,0.0,0.0,0.0,0.0,0.0,0.0,0.0,0.0
978,680,Paulownia',0,153,22,0,0,0,0,16.389644622802734,7.224727630615234,83.95606915784786,0.5125556349824348,338.0429608988762,3510.144646609857,0.0019598008440416376,18.10295590970151
978,680,Persea',0,0,0,0,0,0,0,0.0,0.0,0.0,0.0,0.0,0.0,0.0,0.0
978,680,Picea',0,0,0,0,0,0,0,0.0,0.0,0.0,0.0,0.0,0.0,0.0,0.0
978,680,Pinus',0,328,909,266,44,0,0,60.06332778930664,27.973501205444336,663.8920639601349,59.9866035854004,74743.63259916619,271134.4329236214,0.17568651330928717,618.6833808066159
978,680,Planera',0,0,0,0,0,0,0,0.0,0.0,0.0,0.0,0.0,0.0,0.0,0.0
978,680,Platanus',0,64,0,0,0,0,0,7.182285308837891,3.3883190155029297,53.150298893451684,0.1905952250690207,220.10987223386766,3509.3027254317444,0.0012542611144333974,20.911318064372153
978,680,Populus',0,132,9,0,0,0,0,15.0148286819458,6.682618618011475,71.9514507338216,0.3295390939919212,302.64345364928243,3348.1330729084125,0.0017083221127986953,16.83433848585932
978,680,Prosopis',0,0,0,0,0,0,0,0.0,0.0,0.0,0.0,0.0,0.0,0.0,0.0
978,680,Prunus',0,103,38,0,0,0,0,8.923369407653809,5.808560371398926,39.125270526620405,0.3027331470698809,281.3189480447769,4674.2573081769215,0.0011883832297828179,16.031052444526686
978,680,Pseudotsuga',0,0,0,0,0,0,0,0.0,0.0,0.0,0.0,0.0,0.0,0.0,0.0
978,680,Quercus',0,121,76,36,0,0,0,28.99165916442871,14.588031768798828,123.15334881219681,4.3841383422317355,6181.125255366564,91418.48438579447,0.015508694355658124,209.5740571430864
978,680,Robinia',0,0,0,0,0,0,0,0.0,0.0,0.0,0.0,0.0,0.0,0.0,0.0
978,680,Salix',0,465,171,10,0,0,0,46.899410247802734,14.436235427856445,227.8236393272122,3.4975088057148613,2843.418404480815,20874.109341350588,0.009598355375610762,57.67323262753937
978,680,Sassafras',0,0,0,0,0,0,0,0.0,0.0,0.0,0.0,0.0,0.0,0.0,0.0
978,680,Sequoia',0,0,0,0,0,0,0,0.0,0.0,0.0,0.0,0.0,0.0,0.0,0.0
978,680,Sequoiadendron',0,0,0,0,0,0,0,0.0,0.0,0.0,0.0,0.0,0.0,0.0,0.0
978,680,Sorbus',0,0,0,0,0,0,0,0.0,0.0,0.0,0.0,0.0,0.0,0.0,0.0
978,680,Taxodium',0,0,0,0,0,0,0,0.0,0.0,0.0,0.0,0.0,0.0,0.0,0.0
978,680,Taxus',0,0,0,0,0,0,0,0.0,0.0,0.0,0.0,0.0,0.0,0.0,0.0
978,680,Thuja',0,0,0,0,0,0,0,0.0,0.0,0.0,0.0,0.0,0.0,0.0,0.0
978,680,Tilia',0,0,0,0,0,0,0,0.0,0.0,0.0,0.0,0.0,0.0,0.0,0.0
978,680,Torreya',0,0,0,0,0,0,0,0.0,0.0,0.0,0.0,0.0,0.0,0.0,0.0
978,680,Tsuga',0,0,0,0,0,0,0,0.0,0.0,0.0,0.0,0.0,0.0,0.0,0.0
978,680,Ulmus',0,134,45,5,0,0,0,32.73810577392578,11.958429336547852,87.10964908422547,1.2939692501546738,1317.8901718622446,14601.801149999299,0.004182636643193673,39.88259156859434
978,680,Umbellularia',0,0,0,0,0,0,0,0.0,0.0,0.0,0.0,0.0,0.0,0.0,0.0
978,690,Abies',0,0,0,0,0,0,0,0.0,0.0,0.0,0.0,0.0,0.0,0.0,0.0
978,690,Acer',0,1536,1097,0,0,0,0,22.680171966552734,14.190935134887695,938.0208105174233,20.285451179880223,26604.76495718658,108581.86743893649,0.07262503122347597,256.61752376662764
978,690,Aesculus',0,0,0,0,0,0,0,0.0,0.0,0.0,0.0,0.0,0.0,0.0,0.0
978,690,Ailanthus',0,368,104,0,0,0,0,12.832232475280762,6.8890838623046875,166.6323357905391,1.7182762744750277,1644.1063989967108,10705.718080000288,0.00605233479409782,36.26492275839972
978,690,Alnus',0,79,0,0,0,0,0,2.1080026626586914,2.6039621829986572,6.454636024523385,0.014737761626000562,23.32598063647747,452.8555089984502,0.00014475358542404137,3.074730607573927
978,690,Amelanchier',0,0,0,0,0,0,0,0.0,0.0,0.0,0.0,0.0,0.0,0.0,0.0
978,690,Arbutus',0,0,0,0,0,0,0,0.0,0.0,0.0,0.0,0.0,0.0,0.0,0.0
978,690,Asimina',0,0,0,0,0,0,0,0.0,0.0,0.0,0.0,0.0,0.0,0.0,0.0
978,690,Betula',0,131,192,33,0,0,0,44.674747467041016,17.61697006225586,156.4587374503099,7.848224864971021,11399.805670490265,90155.51411207225,0.027585212035993116,206.7927781106761
978,690,Calocedrus',0,0,0,0,0,0,0,0.0,0.0,0.0,0.0,0.0,0.0,0.0,0.0
978,690,Carpinus',0,0,0,0,0,0,0,0.0,0.0,0.0,0.0,0.0,0.0,0.0,0.0
978,690,Carya',0,56,60,0,0,0,0,18.859460830688477,17.46828269958496,26.789328448380093,1.271773322220375,2334.289579348564,40840.64826806555,0.005572957652296871,93.85890060885808
978,690,Castanea',0,36,0,13,0,0,0,29.110286712646484,9.008748054504395,29.98858123263226,0.9754326438478089,818.774823563099,16735.071739457646,0.0022512019126377865,40.28004869495733
978,690,Catalpa',0,0,37,0,0,0,0,12.031575202941895,6.432600975036621,10.371035527956636,0.42839634354679074,288.4511854326725,6449.964588178562,0.0007902994561493421,17.671633065310253
978,690,Celtis',0,92,95,0,0,0,0,11.387635231018066,7.307113170623779,44.06137325341188,0.9939642454686984,891.786628317833,9426.438016122378,0.002616036016385984,25.802439624060224
978,690,Cercis',0,0,0,0,0,0,0,0.0,0.0,0.0,0.0,0.0,0.0,0.0,0.0
978,690,Cercocarpus',0,0,0,0,0,0,0,0.0,0.0,0.0,0.0,0.0,0.0,0.0,0.0
978,690,Chamaecyparis',0,0,0,20,0,0,0,34.66933059692383,19.747264862060547,12.4289648771286,1.906918637422127,2109.2257055997848,47163.72057611115,0.004866697965462978,108.82267476735191
978,690,Chilopsis',0,0,0,0,0,0,0,0.0,0.0,0.0,0.0,0.0,0.0,0.0,0.0
978,690,Chrysolepis',0,0,0,0,0,0,0,0.0,0.0,0.0,0.0,0.0,0.0,0.0,0.0
978,690,Cladrastis',0,0,0,0,0,0,0,0.0,0.0,0.0,0.0,0.0,0.0,0.0,0.0
978,690,Comus',0,0,0,0,0,0,0,0.0,0.0,0.0,0.0,0.0,0.0,0.0,0.0
978,690,Cornus',0,0,0,0,0,0,0,0.0,0.0,0.0,0.0,0.0,0.0,0.0,0.0
978,690,Crataegus',0,0,0,0,0,0,0,0.0,0.0,0.0,0.0,0.0,0.0,0.0,0.0
978,690,Cupressus',0,0,0,0,0,0,0,0.0,0.0,0.0,0.0,0.0,0.0,0.0,0.0
978,690,Diospyros',0,0,0,0,0,0,0,0.0,0.0,0.0,0.0,0.0,0.0,0.0,0.0
978,690,Elaeagnus',0,308,34,0,0,0,0,16.42784309387207,6.406152248382568,126.18132748157727,0.9446776102613839,928.5872990642488,8470.469696427328,0.0038799776916899676,30.22044893588498
978,690,Fagus',0,0,0,0,0,0,0,0.0,0.0,0.0,0.0,0.0,0.0,0.0,0.0
978,690,Fraxinus',0,523,792,0,7,2,0,77.76698303222656,19.906354904174805,533.5441270444683,16.191586846049187,20271.147885081322,96923.277839644,0.052727659370325516,228.97299601880118
978,690,Gleditsia',0,49,0,0,0,0,0,6.583784580230713,5.161993026733398,27.191300656222086,0.13229675884241118,178.86642202854156,2850.7061496652223,0.0007889148173145952,12.579641347130066
978,690,Gordonia',0,0,0,0,0,0,0,0.0,0.0,0.0,0.0,0.0,0.0,0.0,0.0
978,690,Gymnocladus',0,0,26,0,0,0,0,8.217615127563477,5.058407306671143,13.325213139192966,0.14235213571095492,140.10977691054345,3132.9498548430583,0.0005031789093911695,11.251422462428629
978,690,Halesia',0,0,0,0,0,0,0,0.0,0.0,0.0,0.0,0.0,0.0,0.0,0.0
978,690,Ilex',0,0,0,0,0,0,0,0.0,0.0,0.0,0.0,0.0,0.0,0.0,0.0
978,690,Juglans',0,0,0,0,0,0,0,0.0,0.0,0.0,0.0,0.0,0.0,0.0,0.0
978,690,Juniperus',0,33,0,0,0,0,0,4.939223766326904,5.031998634338379,13.542576026916503,0.0636129254929989,72.06178469657898,1611.3504916150519,0.00035575229290872254,7.95486310095321
978,690,Larix',0,0,0,0,0,0,0,0.0,0.0,0.0,0.0,0.0,0.0,0.0,0.0
978,690,Liquidambar',0,0,0,0,0,0,0,0.0,0.0,0.0,0.0,0.0,0.0,0.0,0.0
978,690,Liriodendron',0,876,1185,41,9,0,0,61.034637451171875,20.728864669799805,834.3993451491092,26.092055426653616,23353.072117050142,88811.28440877679,0.06390735819177087,214.42641631294563
978,690,Lithocarpus',0,0,0,0,0,0,0,0.0,0.0,0.0,0.0,0.0,0.0,0.0,0.0
978,690,Maclura',0,30,18,0,0,0,0,27.84369659423828,11.324789047241211,19.513070964360537,1.1864573247198604,2115.4572797751425,45754.78542327789,0.004981917607331647,103.86459244183735
978,690,Magnolia',0,0,0,0,0,0,0,0.0,0.0,0.0,0.0,0.0,0.0,0.0,0.0
978,690,Malus',0,0,0,0,0,0,0,0.0,0.0,0.0,0.0,0.0,0.0,0.0,0.0
978,690,Morus',0,48,0,0,0,0,0,2.343654155731201,2.7442588806152344,4.954769056809099,0.011900840996585954,20.632892671227456,414.71170599928405,0.00011717752627446392,2.5123112645962187
978,690,Nyssa',0,24,0,0,0,0,0,5.030302047729492,3.721190929412842,17.461408186185206,0.048253263415156324,65.85837711691856,1472.6380812124808,0.00039771862936391973,8.893258911757737
978,690,Olneya',0,0,0,0,0,0,0,0.0,0.0,0.0,0.0,0.0,0.0,0.0,0.0
978,690,Ostrya',0,28,40,0,0,0,0,14.209259033203125,9.668838500976562,21.977639713242084,0.678219144047721,933.0187637627125,19067.124841476987,0.0023897553694210657,45.347543890518416
978,690,Oxydendron',0,0,0,0,0,0,0,0.0,0.0,0.0,0.0,0.0,0.0,0.0,0.0
978,690,Paulownia',0,101,39,0,0,0,0,26.79607391357422,10.023795127868652,49.33455095968291,0.7028521776790011,422.11648513644934,6088.102270358082,0.0016482349029330087,20.052874020533345
978,690,Persea',0,0,0,0,0,0,0,0.0,0.0,0.0,0.0,0.0,0.0,0.0,0.0
978,690,Picea',0,0,0,0,0,0,0,0.0,0.0,0.0,0.0,0.0,0.0,0.0,0.0
978,690,Pinus',0,479,963,337,27,0,0,61.0,29.527502059936523,845.5919658115506,61.50527631998731,76707.73239750654,282466.05639439076,0.18267573281158742,645.7307095011857
978,690,Planera',0,0,0,0,0,0,0,0.0,0.0,0.0,0.0,0.0,0.0,0.0,0.0
978,690,Platanus',0,76,25,0,0,0,0,9.382147789001465,4.002113342285156,43.192525028805186,0.24342331454327124,251.90589894890786,3475.8177268398313,0.0011815712694916956,14.51936346716799
978,690,Populus',0,301,45,0,0,0,0,15.476161003112793,6.833869934082031,178.91993775775157,0.86409004901668,757.7945511049032,5239.870488470413,0.004259639803101553,28.440253399328586
978,690,Prosopis',0,0,0,0,0,0,0,0.0,0.0,0.0,0.0,0.0,0.0,0.0,0.0
978,690,Prunus',0,61,37,0,0,0,0,8.902070045471191,6.0728373527526855,32.4734100888047,0.4187955793065563,304.37383135318754,4355.983638208419,0.0011438590645305947,15.679331418200626
978,690,Pseudotsuga',0,0,0,0,0,0,0,0.0,0.0,0.0,0.0,0.0,0.0,0.0,0.0
978,690,Quercus',0,125,105,36,0,0,0,29.920082092285156,14.915057182312012,128.4741040224893,5.537827558810342,7695.282293583751,101847.61647515633,0.018950083644567055,234.07981682382808
978,690,Robinia',0,0,0,0,0,0,0,0.0,0.0,0.0,0.0,0.0,0.0,0.0,0.0
978,690,Salix',0,756,256,0,2,0,0,56.7890510559082,15.426901817321777,302.60960757579136,3.9636032557775507,3152.7206151323767,22129.9334768103,0.011362279312068953,61.36359008813794
978,690,Sassafras',0,0,0,0,0,0,0,0.0,0.0,0.0,0.0,0.0,0.0,0.0,0.0
978,690,Sequoia',0,0,0,0,0,0,0,0.0,0.0,0.0,0.0,0.0,0.0,0.0,0.0
978,690,Sequoiadendron',0,0,0,0,0,0,0,0.0,0.0,0.0,0.0,0.0,0.0,0.0,0.0
978,690,Sorbus',0,0,0,0,0,0,0,0.0,0.0,0.0,0.0,0.0,0.0,0.0,0.0
978,690,Taxodium',0,0,0,0,0,0,0,0.0,0.0,0.0,0.0,0.0,0.0,0.0,0.0
978,690,Taxus',0,0,0,0,0,0,0,0.0,0.0,0.0,0.0,0.0,0.0,0.0,0.0
978,690,Thuja',0,0,0,0,0,0,0,0.0,0.0,0.0,0.0,0.0,0.0,0.0,0.0
978,690,Tilia',0,0,0,0,0,0,0,0.0,0.0,0.0,0.0,0.0,0.0,0.0,0.0
978,690,Torreya',0,0,0,0,0,0,0,0.0,0.0,0.0,0.0,0.0,0.0,0.0,0.0
978,690,Tsuga',0,0,0,0,0,0,0,0.0,0.0,0.0,0.0,0.0,0.0,0.0,0.0
978,690,Ulmus',0,30,42,0,0,0,0,18.415128707885742,9.840669631958008,34.05884820166267,0.8336323149124775,785.0287124758959,9414.025949169352,0.0022348042912259626,26.400518333338958
978,690,Umbellularia',0,0,0,0,0,0,0,0.0,0.0,0.0,0.0,0.0,0.0,0.0,0.0
978,700,Abies',0,0,0,0,0,0,0,0.0,0.0,0.0,0.0,0.0,0.0,0.0,0.0
978,700,Acer',0,1258,1062,4,0,0,0,28.83334732055664,16.868793487548828,961.8163640259563,22.25018516441056,29947.27328725398,122500.15527193942,0.08039537737989451,289.36835960282485
978,700,Aesculus',0,0,0,0,0,0,0,0.0,0.0,0.0,0.0,0.0,0.0,0.0,0.0
978,700,Ailanthus',0,473,212,0,0,0,0,13.125099182128906,6.999107837677002,241.3222391179562,2.7704971365920454,2651.3221356077493,14846.670019616471,0.00936579464621702,47.16651510895055
978,700,Alnus',0,137,0,0,0,0,0,7.929061412811279,5.773691177368164,30.734703791669652,0.4135986374569885,335.6100281393528,4426.287397956968,0.0011882431988027044,15.366025102613888
978,700,Amelanchier',0,0,0,0,0,0,0,0.0,0.0,0.0,0.0,0.0,0.0,0.0,0.0
978,700,Arbutus',0,0,0,0,0,0,0,0.0,0.0,0.0,0.0,0.0,0.0,0.0,0.0
978,700,Asimina',0,0,0,0,0,0,0,0.0,0.0,0.0,0.0,0.0,0.0,0.0,0.0
978,700,Betula',0,139,202,31,0,0,0,46.877403259277344,18.119680404663086,163.23989595982093,8.561092223585357,12343.680465632677,96802.84385881055,0.02978033057772737,222.53504176842517
978,700,Calocedrus',0,0,0,0,0,0,0,0.0,0.0,0.0,0.0,0.0,0.0,0.0,0.0
978,700,Carpinus',0,0,0,0,0,0,0,0.0,0.0,0.0,0.0,0.0,0.0,0.0,0.0
978,700,Carya',0,27,62,0,0,0,0,20.067989349365234,18.193553924560547,27.292669299471225,1.5621784677635497,2949.7404553204774,49107.20017198622,0.006947871597319749,112.10754795358966
978,700,Castanea',0,36,0,0,0,0,0,5.46991491317749,2.902290105819702,36.842148779313774,0.08553668332347869,108.78985059261322,2432.6150118713053,0.0007721184315905106,17.265092997169024
978,700,Catalpa',0,0,37,0,0,0,0,13.49728012084961,6.991550445556641,20.59337592954877,0.5391297506332314,386.7482599711418,8647.953994752395,0.0011558936409652232,25.846567559579768
978,700,Celtis',0,51,79,0,0,0,0,12.906076431274414,8.0241117477417,56.93677819982359,0.8281367588185083,809.1518951559067,9633.716925752684,0.002617751910850417,28.498490784523387
978,700,Cercis',0,0,0,0,0,0,0,0.0,0.0,0.0,0.0,0.0,0.0,0.0,0.0
978,700,Cercocarpus',0,0,0,0,0,0,0,0.0,0.0,0.0,0.0,0.0,0.0,0.0,0.0
978,700,Chamaecyparis',0,0,0,0,0,0,0,0.0,0.0,0.0,0.0,0.0,0.0,0.0,0.0
978,700,Chilopsis',0,0,0,0,0,0,0,0.0,0.0,0.0,0.0,0.0,0.0,0.0,0.0
978,700,Chrysolepis',0,0,0,0,0,0,0,0.0,0.0,0.0,0.0,0.0,0.0,0.0,0.0
978,700,Cladrastis',0,0,0,0,0,0,0,0.0,0.0,0.0,0.0,0.0,0.0,0.0,0.0
978,700,Comus',0,0,0,0,0,0,0,0.0,0.0,0.0,0.0,0.0,0.0,0.0,0.0
978,700,Cornus',0,0,0,0,0,0,0,0.0,0.0,0.0,0.0,0.0,0.0,0.0,0.0
978,700,Crataegus',0,0,0,0,0,0,0,0.0,0.0,0.0,0.0,0.0,0.0,0.0,0.0
978,700,Cupressus',0,0,0,0,0,0,0,0.0,0.0,0.0,0.0,0.0,0.0,0.0,0.0
978,700,Diospyros',0,0,0,0,0,0,0,0.0,0.0,0.0,0.0,0.0,0.0,0.0,0.0
978,700,Elaeagnus',0,136,74,0,0,0,0,27.3115234375,7.738533020019531,95.7992486155863,1.47604458018267,1317.9374329525233,11809.839213272673,0.004307833346195519,35.81372819876668
978,700,Fagus',0,0,0,0,0,0,0,0.0,0.0,0.0,0.0,0.0,0.0,0.0,0.0
978,700,Fraxinus',0,674,538,12,7,2,0,83.0910415649414,20.359336853027344,483.14678546772154,14.965988477257095,20027.025536161214,110712.7968623321,0.051459667021560365,257.2083533590871
978,700,Gleditsia',0,0,0,0,0,0,0,0.0,0.0,0.0,0.0,0.0,0.0,0.0,0.0
978,700,Gordonia',0,0,0,0,0,0,0,0.0,0.0,0.0,0.0,0.0,0.0,0.0,0.0
978,700,Gymnocladus',0,0,26,0,0,0,0,12.490882873535156,6.759946823120117,10.646742918068847,0.3288960554557281,317.64907653093337,7102.849281131998,0.0008591526147872256,19.211236497109276
978,700,Halesia',0,0,0,0,0,0,0,0.0,0.0,0.0,0.0,0.0,0.0,0.0,0.0
978,700,Ilex',0,77,0,0,0,0,0,4.746258735656738,3.7166459560394287,28.86477120518684,0.07623577224946429,126.06768252253532,2057.076929855709,0.0006970859872658467,11.32639390173209
978,700,Juglans',0,0,0,0,0,0,0,0.0,0.0,0.0,0.0,0.0,0.0,0.0,0.0
978,700,Juniperus',0,33,0,0,0,0,0,7.7629804611206055,6.979959487915039,6.13704349398613,0.15713934958370407,132.12292472720145,2954.358410761115,0.00038225267646213053,8.547429691505604
978,700,Larix',0,0,0,0,0,0,0,0.0,0.0,0.0,0.0,0.0,0.0,0.0,0.0
978,700,Liquidambar',0,0,0,0,0,0,0,0.0,0.0,0.0,0.0,0.0,0.0,0.0,0.0
978,700,Liriodendron',0,1153,1157,57,11,1,0,72.56594848632812,22.898500442504883,967.1884919761951,27.910064370646968,25784.933885085135,96988.46860515463,0.07122306846700935,232.63703751568556
978,700,Lithocarpus',0,0,0,0,0,0,0,0.0,0.0,0.0,0.0,0.0,0.0,0.0,0.0
978,700,Maclura',0,2,17,0,0,0,0,11.050163269042969,6.394475936889648,11.281554740440995,0.1634616277486429,235.09591044902803,5247.405476785296,0.0006848395917064044,15.292365629538047
978,700,Magnolia',0,39,0,0,0,0,0,3.8873915672302246,2.9467642307281494,19.44457867854758,0.04700040970881032,59.037015688419345,1320.1078026802486,0.00041110887905583543,9.192673997225883
978,700,Malus',0,0,0,0,0,0,0,0.0,0.0,0.0,0.0,0.0,0.0,0.0,0.0
978,700,Morus',0,26,0,0,0,0,0,7.362107276916504,5.490642070770264,9.035348347093485,0.08682222834807723,88.79962250769138,1879.220824366081,0.00032740134903648597,6.8339141307197995
978,700,Nyssa',0,24,0,0,0,0,0,6.99835205078125,4.5699334144592285,16.39843120227886,0.0933963997550032,94.97508491754532,2123.7074604444315,0.00044712026371806357,9.997913037912202
978,700,Olneya',0,0,0,0,0,0,0,0.0,0.0,0.0,0.0,0.0,0.0,0.0,0.0
978,700,Ostrya',0,28,0,0,0,0,0,7.687843322753906,6.778575897216797,9.685421200304091,0.13238794788401212,166.1584402269125,3715.415673827114,0.000508667984500521,11.374161913209747
978,700,Oxydendron',0,0,0,0,0,0,0,0.0,0.0,0.0,0.0,0.0,0.0,0.0,0.0
978,700,Paulownia',0,144,27,0,0,0,0,11.574042320251465,5.697943210601807,58.38511589773093,0.500057931125956,284.46133274436,3643.5386466772234,0.0014726224825745338,16.80052948064452
978,700,Persea',0,0,0,0,0,0,0,0.0,0.0,0.0,0.0,0.0,0.0,0.0,0.0
978,700,Picea',0,0,0,0,0,0,0,0.0,0.0,0.0,0.0,0.0,0.0,0.0,0.0
978,700,Pinus',0,316,1088,316,19,2,0,68.05120086669922,30.856908798217773,798.9547686606645,61.74849491365581,76554.4894654566,278539.6921321931,0.18166154524549782,638.6336458482834
978,700,Planera',0,0,0,0,0,0,0,0.0,0.0,0.0,0.0,0.0,0.0,0.0,0.0
978,700,Platanus',0,71,5,0,0,0,0,8.07692813873291,3.6393651962280273,68.04420441766327,0.1674925046389676,230.01589131832122,3275.9272635264624,0.0014906805306039647,21.840386753505353
978,700,Populus',0,206,38,0,0,0,0,17.16443634033203,7.3806586265563965,85.47737571917756,1.1629129742506428,835.1988808363676,8262.956907045533,0.0030864918183060347,26.411433476799573
978,700,Prosopis',0,0,0,0,0,0,0,0.0,0.0,0.0,0.0,0.0,0.0,0.0,0.0
978,700,Prunus',0,0,77,0,0,0,0,13.764201164245605,7.707290172576904,30.928144393653806,0.8823953103602608,651.9384753412008,10478.765217950724,0.0018939800314158115,30.075602074010106
978,700,Pseudotsuga',0,0,0,0,0,0,0,0.0,0.0,0.0,0.0,0.0,0.0,0.0,0.0
978,700,Quercus',0,57,131,42,0,0,0,30.893917083740234,15.252598762512207,100.3549771539018,6.552321481288172,9129.045258551836,112522.30336898513,0.02173143256890043,254.63294514180362
978,700,Robinia',0,0,0,0,0,0,0,0.0,0.0,0.0,0.0,0.0,0.0,0.0,0.0
978,700,Salix',0,803,170,0,0,0,0,18.59947395324707,8.949217796325684,329.34890154513374,3.7360745315812625,2855.7270182392003,15908.566360707751,0.011087220386327496,51.08153474405113
978,700,Sassafras',0,0,0,0,0,0,0,0.0,0.0,0.0,0.0,0.0,0.0,0.0,0.0
978,700,Sequoia',0,0,0,0,0,0,0,0.0,0.0,0.0,0.0,0.0,0.0,0.0,0.0
978,700,Sequoiadendron',0,0,0,0,0,0,0,0.0,0.0,0.0,0.0,0.0,0.0,0.0,0.0
978,700,Sorbus',0,0,0,0,0,0,0,0.0,0.0,0.0,0.0,0.0,0.0,0.0,0.0
978,700,Taxodium',0,0,0,0,0,0,0,0.0,0.0,0.0,0.0,0.0,0.0,0.0,0.0
978,700,Taxus',0,0,0,0,0,0,0,0.0,0.0,0.0,0.0,0.0,0.0,0.0,0.0
978,700,Thuja',0,0,0,0,0,0,0,0.0,0.0,0.0,0.0,0.0,0.0,0.0,0.0
978,700,Tilia',0,0,0,0,0,0,0,0.0,0.0,0.0,0.0,0.0,0.0,0.0,0.0
978,700,Torreya',0,0,0,0,0,0,0,0.0,0.0,0.0,0.0,0.0,0.0,0.0,0.0
978,700,Tsuga',0,0,0,0,0,0,0,0.0,0.0,0.0,0.0,0.0,0.0,0.0,0.0
978,700,Ulmus',0,59,53,0,0,0,0,14.420180320739746,6.486483573913574,36.39797789197934,0.6216367720841914,533.1610736417771,8173.40845204564,0.001708771496179513,24.78961142907938
978,700,Umbellularia',0,0,0,0,0,0,0,0.0,0.0,0.0,0.0,0.0,0.0,0.0,0.0
978,710,Abies',0,0,0,0,0,0,0,0.0,0.0,0.0,0.0,0.0,0.0,0.0,0.0
978,710,Acer',0,1662,1038,0,0,0,0,26.042482376098633,15.588623046875,924.1578290658659,21.95882555236752,29889.457448821664,129378.31248471107,0.07972478159763571,301.2989979954785
978,710,Aesculus',0,0,0,0,0,0,0,0.0,0.0,0.0,0.0,0.0,0.0,0.0,0.0
978,710,Ailanthus',0,487,228,0,0,0,0,19.582157135009766,9.252997398376465,248.29324993953296,3.454107480460217,3388.1877137187125,21332.83706176737,0.01110362517241017,60.54859614043203
978,710,Alnus',0,76,57,0,0,0,0,13.696914672851562,8.375457763671875,40.94173081502129,0.8778191475573331,745.1833561217785,10069.493969965839,0.002245341982370231,27.9041333623406
978,710,Amelanchier',0,0,0,0,0,0,0,0.0,0.0,0.0,0.0,0.0,0.0,0.0,0.0
978,710,Arbutus',0,0,0,0,0,0,0,0.0,0.0,0.0,0.0,0.0,0.0,0.0,0.0
978,710,Asimina',0,0,0,0,0,0,0,0.0,0.0,0.0,0.0,0.0,0.0,0.0,0.0
978,710,Betula',0,95,159,31,0,0,0,37.727996826171875,15.887903213500977,112.52966128761254,5.617549604174121,7621.53969860673,62931.377896877355,0.01855668197247478,147.29922249722608
978,710,Calocedrus',0,0,0,0,0,0,0,0.0,0.0,0.0,0.0,0.0,0.0,0.0,0.0
978,710,Carpinus',0,0,0,0,0,0,0,0.0,0.0,0.0,0.0,0.0,0.0,0.0,0.0
978,710,Carya',0,27,60,0,0,0,0,21.156879425048828,18.822086334228516,20.943487613827365,1.8782332412285192,3591.1699648207427,57517.65038111413,0.0082818708701282,130.13350214121724
978,710,Castanea',0,36,0,0,0,0,0,7.490191459655762,3.474942922592163,22.23536042095739,0.16038993191563802,129.83580166101456,2903.2167842721,0.0006086143631488084,13.609030880834805
978,710,Catalpa',0,0,0,0,0,0,0,0.0,0.0,0.0,0.0,0.0,0.0,0.0,0.0
978,710,Celtis',0,32,90,0,0,0,0,16.0548038482666,9.453453063964844,43.137096710314474,1.514794469795239,1517.4706513145566,17368.462316860157,0.00399313946353736,43.45858193227844
978,710,Cercis',0,0,0,0,0,0,0,0.0,0.0,0.0,0.0,0.0,0.0,0.0,0.0
978,710,Cercocarpus',0,0,0,0,0,0,0,0.0,0.0,0.0,0.0,0.0,0.0,0.0,0.0
978,710,Chamaecyparis',0,27,0,0,0,0,0,2.1723103523254395,3.435107946395874,1.3412405109405516,0.010169924578370064,7.030790824890137,157.213262200361,3.499745374297078e-05,0.7825668560868738
978,710,Chilopsis',0,0,0,0,0,0,0,0.0,0.0,0.0,0.0,0.0,0.0,0.0,0.0
978,710,Chrysolepis',0,0,0,0,0,0,0,0.0,0.0,0.0,0.0,0.0,0.0,0.0,0.0
978,710,Cladrastis',0,0,0,0,0,0,0,0.0,0.0,0.0,0.0,0.0,0.0,0.0,0.0
978,710,Comus',0,0,0,0,0,0,0,0.0,0.0,0.0,0.0,0.0,0.0,0.0,0.0
978,710,Cornus',0,0,0,0,0,0,0,0.0,0.0,0.0,0.0,0.0,0.0,0.0,0.0
978,710,Crataegus',0,0,0,0,0,0,0,0.0,0.0,0.0,0.0,0.0,0.0,0.0,0.0
978,710,Cupressus',0,0,0,0,0,0,0,0.0,0.0,0.0,0.0,0.0,0.0,0.0,0.0
978,710,Diospyros',0,0,0,0,0,0,0,0.0,0.0,0.0,0.0,0.0,0.0,0.0,0.0
978,710,Elaeagnus',0,203,54,0,0,0,0,26.492616653442383,7.668222427368164,86.64871608767704,1.0442160298943264,947.5504275873303,8602.317791474536,0.003353023994910546,28.065649546496267
978,710,Fagus',0,0,0,0,0,0,0,0.0,0.0,0.0,0.0,0.0,0.0,0.0,0.0
978,710,Fraxinus',0,997,509,26,5,5,0,87.81808471679688,20.719335556030273,509.99642653532226,17.705705733274126,23832.05395185426,128132.06319032668,0.060301801660040504,295.4073290239112
978,710,Gleditsia',0,33,0,0,0,0,0,5.673548221588135,4.6607184410095215,19.260271025609367,0.07706553140378901,110.50348689556122,1875.2898458450352,0.0005228256085515049,8.62471105087496
978,710,Gordonia',0,0,0,0,0,0,0,0.0,0.0,0.0,0.0,0.0,0.0,0.0,0.0
978,710,Gymnocladus',0,0,26,0,0,0,0,15.214666366577148,7.763852119445801,11.321018402335008,0.4879746482519049,494.884527490139,11065.954444808149,0.0012627157135605678,28.23518171778584
978,710,Halesia',0,0,0,0,0,0,0,0.0,0.0,0.0,0.0,0.0,0.0,0.0,0.0
978,710,Ilex',0,36,9,0,0,0,0,14.161415100097656,7.524755477905273,27.557032001018523,0.31638409579605575,330.0602414393425,5217.774931611511,0.0011315132085482228,17.878090695532787
978,710,Juglans',0,0,0,0,0,0,0,0.0,0.0,0.0,0.0,0.0,0.0,0.0,0.0
978,710,Juniperus',0,6,33,0,0,0,0,9.204415321350098,7.925891399383545,6.18989776417613,0.22115427852684139,192.72506005570293,4292.682563760238,0.0005176875413629027,11.476439812913771
978,710,Larix',0,0,0,0,0,0,0,0.0,0.0,0.0,0.0,0.0,0.0,0.0,0.0
978,710,Liquidambar',0,0,0,0,0,0,0,0.0,0.0,0.0,0.0,0.0,0.0,0.0,0.0
978,710,Liriodendron',0,981,1121,9,9,1,0,79.39241790771484,24.030160903930664,796.7972928278524,23.715957806618956,20888.268902374657,75870.21657018599,0.05788871479413348,185.759741192923
978,710,Lithocarpus',0,0,0,0,0,0,0,0.0,0.0,0.0,0.0,0.0,0.0,0.0,0.0
978,710,Maclura',0,27,19,0,0,0,0,16.11551856994629,8.177672386169434,26.529546904413003,0.3906583597059702,611.3162594246865,11820.50004003435,0.0017403881771787975,30.54037806075062
978,710,Magnolia',0,118,0,0,0,0,0,3.8452038764953613,3.321200370788574,24.366748542465928,0.0900027713469696,99.86008943475782,1474.3889313337004,0.0005726841855889662,9.25101673805037
978,710,Malus',0,0,0,0,0,0,0,0.0,0.0,0.0,0.0,0.0,0.0,0.0,0.0
978,710,Morus',0,29,0,0,0,0,0,18.023578643798828,10.030912399291992,10.628079530559006,0.03143678335049908,57.4616268157959,910.2016572426772,0.00028068961349502413,4.480052854819215
978,710,Nyssa',0,0,0,0,0,0,0,0.0,0.0,0.0,0.0,0.0,0.0,0.0,0.0
978,710,Olneya',0,0,0,0,0,0,0,0.0,0.0,0.0,0.0,0.0,0.0,0.0,0.0
978,710,Ostrya',0,0,28,0,0,0,0,11.084199905395508,8.438980102539062,9.126751917072488,0.27519979246706944,353.82451437711717,7911.756662530859,0.000917661407738924,20.5195328803239
978,710,Oxydendron',0,0,0,0,0,0,0,0.0,0.0,0.0,0.0,0.0,0.0,0.0,0.0
978,710,Paulownia',0,125,83,0,0,0,0,16.56948471069336,7.278695583343506,59.37522465952589,1.0437018417854378,549.8762254023552,7322.944881768503,0.0020766865425403285,23.598697552868902
978,710,Persea',0,0,0,0,0,0,0,0.0,0.0,0.0,0.0,0.0,0.0,0.0,0.0
978,710,Picea',0,0,0,0,0,0,0,0.0,0.0,0.0,0.0,0.0,0.0,0.0,0.0
978,710,Pinus',0,548,1222,272,35,0,0,61.0,26.68638801574707,834.4491212701797,67.44960823029776,83263.11758496762,295085.18399993656,0.19708230362702892,673.8653031016938
978,710,Planera',0,0,0,0,0,0,0,0.0,0.0,0.0,0.0,0.0,0.0,0.0,0.0
978,710,Platanus',0,82,5,0,0,0,0,11.91982364654541,4.695628643035889,41.231127060666864,0.21685170147652363,228.62501885652543,2893.806929632346,0.0011016005872338953,14.190616882373359
978,710,Populus',0,181,29,0,0,0,0,10.63817310333252,5.207483291625977,78.99422885402093,0.5644858206242299,436.4837174743414,4492.059471703277,0.0021071296144444507,18.945966281712074
978,710,Prosopis',0,0,0,0,0,0,0,0.0,0.0,0.0,0.0,0.0,0.0,0.0,0.0
978,710,Prunus',0,0,37,0,0,0,0,17.619272232055664,8.676180839538574,15.235925541271135,0.9196815987078311,667.8529182660579,14933.645242145214,0.0017034471169114112,38.090235494899545
978,710,Pseudotsuga',0,0,0,0,0,0,0,0.0,0.0,0.0,0.0,0.0,0.0,0.0,0.0
978,710,Quercus',0,0,152,36,0,0,0,31.811351776123047,15.565539360046387,96.9820928139777,5.949574840482838,8455.583825007678,120882.64127671056,0.020186297980815282,275.2859330179009
978,710,Robinia',0,0,0,0,0,0,0,0.0,0.0,0.0,0.0,0.0,0.0,0.0,0.0
978,710,Salix',0,1021,84,0,0,0,0,26.951557159423828,11.125749588012695,306.40621276643077,3.0398785354637514,2432.241952302456,15596.22265547184,0.009815869823291216,48.176645834171296
978,710,Sassafras',0,0,0,0,0,0,0,0.0,0.0,0.0,0.0,0.0,0.0,0.0,0.0
978,710,Sequoia',0,0,0,0,0,0,0,0.0,0.0,0.0,0.0,0.0,0.0,0.0,0.0
978,710,Sequoiadendron',0,0,0,0,0,0,0,0.0,0.0,0.0,0.0,0.0,0.0,0.0,0.0
978,710,Sorbus',0,0,0,0,0,0,0,0.0,0.0,0.0,0.0,0.0,0.0,0.0,0.0
978,710,Taxodium',0,0,0,0,0,0,0,0.0,0.0,0.0,0.0,0.0,0.0,0.0,0.0
978,710,Taxus',0,0,0,0,0,0,0,0.0,0.0,0.0,0.0,0.0,0.0,0.0,0.0
978,710,Thuja',0,0,0,0,0,0,0,0.0,0.0,0.0,0.0,0.0,0.0,0.0,0.0
978,710,Tilia',0,0,0,0,0,0,0,0.0,0.0,0.0,0.0,0.0,0.0,0.0,0.0
978,710,Torreya',0,0,0,0,0,0,0,0.0,0.0,0.0,0.0,0.0,0.0,0.0,0.0
978,710,Tsuga',0,0,0,0,0,0,0,0.0,0.0,0.0,0.0,0.0,0.0,0.0,0.0
978,710,Ulmus',0,49,19,0,0,0,0,14.836129188537598,6.623816967010498,34.833175242890285,0.2972644232220343,279.655490706563,3409.9509439899293,0.0011228995616566382,13.026532977274972
978,710,Umbellularia',0,0,0,0,0,0,0,0.0,0.0,0.0,0.0,0.0,0.0,0.0,0.0
978,720,Abies',0,0,0,0,0,0,0,0.0,0.0,0.0,0.0,0.0,0.0,0.0,0.0
978,720,Acer',0,1491,1065,0,0,0,0,33.4759407043457,18.606111526489258,979.7251362459663,24.055450121085556,32945.84894290879,136976.79640437916,0.08731668582834992,320.0099913824811
978,720,Aesculus',0,0,0,0,0,0,0,0.0,0.0,0.0,0.0,0.0,0.0,0.0,0.0
978,720,Ailanthus',0,339,160,0,0,0,0,18.602737426757812,8.931401252746582,197.66697130531446,2.325623934589077,2311.8710560375453,17923.075005784816,0.007983017153132245,50.96584055761521
978,720,Alnus',0,0,0,0,0,0,0,0.0,0.0,0.0,0.0,0.0,0.0,0.0,0.0
978,720,Amelanchier',0,0,0,0,0,0,0,0.0,0.0,0.0,0.0,0.0,0.0,0.0,0.0
978,720,Arbutus',0,0,0,0,0,0,0,0.0,0.0,0.0,0.0,0.0,0.0,0.0,0.0
978,720,Asimina',0,0,0,0,0,0,0,0.0,0.0,0.0,0.0,0.0,0.0,0.0,0.0
978,720,Betula',0,82,167,14,0,0,0,40.571678161621094,16.623123168945312,122.69836209950189,5.8961314061728585,8067.578464793861,65265.53563048289,0.019694262989208546,153.02761192115597
978,720,Calocedrus',0,0,0,0,0,0,0,0.0,0.0,0.0,0.0,0.0,0.0,0.0,0.0
978,720,Carpinus',0,0,0,0,0,0,0,0.0,0.0,0.0,0.0,0.0,0.0,0.0,0.0
978,720,Carya',0,0,56,0,0,0,0,18.172348022460938,17.042497634887695,17.589054296288307,1.0021049587751538,1762.9815661287307,32486.785071316193,0.004170940980941021,75.55824959566884
978,720,Castanea',0,0,36,0,0,0,0,8.774609565734863,3.8337812423706055,34.84781116624421,0.22011359527122654,183.13410890102386,4095.003165015388,0.0009086182709038106,20.31732219339236
978,720,Catalpa',0,27,0,0,0,0,0,1.004220724105835,1.768123984336853,1.7015241199656375,0.0020510035711775107,5.933840537071228,126.72525936954388,3.7680697792210066e-05,0.8291076135723502
978,720,Celtis',0,10,123,0,0,0,0,18.48202896118164,10.504419326782227,55.9329687256979,2.4760054985321696,2653.641622387767,27658.589498962814,0.006702167538754186,67.20977789091677
978,720,Cercis',0,0,0,0,0,0,0,0.0,0.0,0.0,0.0,0.0,0.0,0.0,0.0
978,720,Cercocarpus',0,0,0,0,0,0,0,0.0,0.0,0.0,0.0,0.0,0.0,0.0,0.0
978,720,Chamaecyparis',0,27,0,0,0,0,0,4.485485076904297,5.497625350952148,8.860906660556793,0.043360354146747396,38.81279966592789,867.880584500967,0.0002142415407051651,4.790586486210381
978,720,Chilopsis',0,0,0,0,0,0,0,0.0,0.0,0.0,0.0,0.0,0.0,0.0,0.0
978,720,Chrysolepis',0,0,0,0,0,0,0,0.0,0.0,0.0,0.0,0.0,0.0,0.0,0.0
978,720,Cladrastis',0,0,0,0,0,0,0,0.0,0.0,0.0,0.0,0.0,0.0,0.0,0.0
978,720,Comus',0,0,0,0,0,0,0,0.0,0.0,0.0,0.0,0.0,0.0,0.0,0.0
978,720,Cornus',0,0,0,0,0,0,0,0.0,0.0,0.0,0.0,0.0,0.0,0.0,0.0
978,720,Crataegus',0,0,0,0,0,0,0,0.0,0.0,0.0,0.0,0.0,0.0,0.0,0.0
978,720,Cupressus',0,0,0,0,0,0,0,0.0,0.0,0.0,0.0,0.0,0.0,0.0,0.0
978,720,Diospyros',0,0,0,0,0,0,0,0.0,0.0,0.0,0.0,0.0,0.0,0.0,0.0
978,720,Elaeagnus',0,126,92,0,0,0,0,16.81993865966797,6.472647190093994,104.27193773981135,1.6328312718711266,1435.7850580865145,13802.250068162391,0.004691685942921806,39.327919282621735
978,720,Fagus',0,0,0,0,0,0,0,0.0,0.0,0.0,0.0,0.0,0.0,0.0,0.0
978,720,Fraxinus',0,904,689,26,0,0,2,91.0,20.94139289855957,594.8947798144779,17.79117075454771,22972.8534332338,123781.07622193443,0.059614625971295424,286.6025319883177
978,720,Gleditsia',0,0,23,0,0,0,0,11.058869361877441,7.485907554626465,11.490827166958699,0.22092210515938263,261.8080153763294,5854.205194357791,0.000747212433442473,16.70817794810418
978,720,Gordonia',0,0,0,0,0,0,0,0.0,0.0,0.0,0.0,0.0,0.0,0.0,0.0
978,720,Gymnocladus',0,0,26,0,0,0,0,17.221006393432617,8.465744972229004,8.130596823330166,0.6251575043826275,652.918718161583,14599.706375913256,0.0015679748684167862,35.06098392791222
978,720,Halesia',0,0,0,0,0,0,0,0.0,0.0,0.0,0.0,0.0,0.0,0.0,0.0
978,720,Ilex',0,0,45,0,0,0,0,22.58302879333496,10.062040328979492,24.608347306251524,0.7843571423050913,809.6861567544937,12839.816160316142,0.0021547565156817276,34.163983388113664
978,720,Juglans',0,0,0,0,0,0,0,0.0,0.0,0.0,0.0,0.0,0.0,0.0,0.0
978,720,Juniperus',0,33,0,0,0,0,0,0.8616538047790527,1.9824336767196655,1.302655167877674,0.0019359475421855984,4.740701742470264,106.00531357215203,2.9351022802681575e-05,0.6563088219594275
978,720,Larix',0,0,0,0,0,0,0,0.0,0.0,0.0,0.0,0.0,0.0,0.0,0.0
978,720,Liquidambar',0,0,0,0,0,0,0,0.0,0.0,0.0,0.0,0.0,0.0,0.0,0.0
978,720,Liriodendron',0,1257,1067,7,9,0,1,88.87205505371094,25.43581199645996,821.6849078761437,25.809984927962798,23525.479638049306,89471.95116951525,0.0641074541679997,217.04248237901453
978,720,Lithocarpus',0,0,0,0,0,0,0,0.0,0.0,0.0,0.0,0.0,0.0,0.0,0.0
978,720,Maclura',0,0,2,0,0,0,0,15.003496170043945,7.811275959014893,6.906788235978234,0.040309709828142956,81.50930555820466,1822.6034802694599,0.00028055884087085697,6.273486398757784
978,720,Magnolia',0,42,0,0,0,0,0,6.041264533996582,4.003458023071289,3.955572338515444,0.09947726374620743,73.64208834141493,1627.2194490160173,0.00022059174871724268,4.889251945607941
978,720,Malus',0,0,0,0,0,0,0,0.0,0.0,0.0,0.0,0.0,0.0,0.0,0.0
978,720,Morus',0,29,0,0,0,0,0,32.61112976074219,14.171051025390625,17.82550703498381,0.1365659237382178,209.32218118906022,3364.490666924664,0.0007217684776634016,11.586574403800899
978,720,Nyssa',0,0,0,0,0,0,0,0.0,0.0,0.0,0.0,0.0,0.0,0.0,0.0
978,720,Olneya',0,0,0,0,0,0,0,0.0,0.0,0.0,0.0,0.0,0.0,0.0,0.0
978,720,Ostrya',0,0,28,0,0,0,0,13.9552583694458,9.578130722045898,12.027554674239097,0.4362296347291854,597.5003913760186,13360.514916995064,0.0015009220248162947,33.56163676415855
978,720,Oxydendron',0,0,0,0,0,0,0,0.0,0.0,0.0,0.0,0.0,0.0,0.0,0.0
978,720,Paulownia',0,198,112,0,0,0,0,20.80667495727539,8.490819931030273,120.28750954738145,1.8462883494267532,1018.5060913604498,11972.700018961032,0.00399495235545979,35.507606287198584
978,720,Persea',0,0,0,0,0,0,0,0.0,0.0,0.0,0.0,0.0,0.0,0.0,0.0
978,720,Picea',0,0,0,0,0,0,0,0.0,0.0,0.0,0.0,0.0,0.0,0.0,0.0
978,720,Pinus',0,247,1322,199,56,0,0,60.169639587402344,28.274024963378906,749.1288828316331,63.923851175217244,79336.1126678896,297014.97752786026,0.18712322366923897,677.1154067872383
978,720,Planera',0,0,0,0,0,0,0,0.0,0.0,0.0,0.0,0.0,0.0,0.0,0.0
978,720,Platanus',0,44,38,0,0,0,0,14.280945777893066,5.327198028564453,54.779569370837145,0.30542644391159846,310.49784260988235,4424.693905200153,0.0014785775547474587,20.499499748864828
978,720,Populus',0,332,95,0,0,0,0,11.084747314453125,6.297032833099365,129.76551584003468,0.9343790053539287,748.9699539515376,5731.711907870959,0.0035324243571662937,24.572377183696084
978,720,Prosopis',0,0,0,0,0,0,0,0.0,0.0,0.0,0.0,0.0,0.0,0.0,0.0
978,720,Prunus',0,27,0,0,0,0,0,5.3646392822265625,4.504728317260742,12.203078417083884,0.062023324225905715,51.34051700353623,1148.0088601989087,0.0002897601296678218,6.479233471063981
978,720,Pseudotsuga',0,0,0,0,0,0,0,0.0,0.0,0.0,0.0,0.0,0.0,0.0,0.0
978,720,Quercus',0,53,92,0,0,0,0,26.34974479675293,11.013127326965332,65.47835184520558,2.721688224923234,3415.135063815713,56293.87820815768,0.008531785964291445,129.04760823333157
978,720,Robinia',0,0,0,0,0,0,0,0.0,0.0,0.0,0.0,0.0,0.0,0.0,0.0
978,720,Salix',0,705,94,0,0,0,0,10.546629905700684,6.216312885284424,219.4013976197265,1.6326696188818692,1271.7115571120382,7146.010735262148,0.0059844306872918985,29.862694035217853
978,720,Sassafras',0,0,0,0,0,0,0,0.0,0.0,0.0,0.0,0.0,0.0,0.0,0.0
978,720,Sequoia',0,0,0,0,0,0,0,0.0,0.0,0.0,0.0,0.0,0.0,0.0,0.0
978,720,Sequoiadendron',0,0,0,0,0,0,0,0.0,0.0,0.0,0.0,0.0,0.0,0.0,0.0
978,720,Sorbus',0,0,0,0,0,0,0,0.0,0.0,0.0,0.0,0.0,0.0,0.0,0.0
978,720,Taxodium',0,0,0,0,0,0,0,0.0,0.0,0.0,0.0,0.0,0.0,0.0,0.0
978,720,Taxus',0,0,0,0,0,0,0,0.0,0.0,0.0,0.0,0.0,0.0,0.0,0.0
978,720,Thuja',0,0,0,0,0,0,0,0.0,0.0,0.0,0.0,0.0,0.0,0.0,0.0
978,720,Tilia',0,0,0,0,0,0,0,0.0,0.0,0.0,0.0,0.0,0.0,0.0,0.0
978,720,Torreya',0,0,0,0,0,0,0,0.0,0.0,0.0,0.0,0.0,0.0,0.0,0.0
978,720,Tsuga',0,0,0,0,0,0,0,0.0,0.0,0.0,0.0,0.0,0.0,0.0,0.0
978,720,Ulmus',0,43,78,0,0,0,0,23.146320343017578,9.235596656799316,83.96956308072879,1.0826353464987486,1011.8299111515283,10002.973128451633,0.0034572994440235177,31.474112017076617
978,720,Umbellularia',0,0,0,0,0,0,0,0.0,0.0,0.0,0.0,0.0,0.0,0.0,0.0
978,730,Abies',0,0,0,0,0,0,0,0.0,0.0,0.0,0.0,0.0,0.0,0.0,0.0
978,730,Acer',0,1405,1109,0,0,0,0,26.82961082458496,15.91172981262207,989.0704667048316,23.065468449219402,31560.691978883075,129838.03629584753,0.08437308940944017,304.3757525703473
978,730,Aesculus',0,0,0,0,0,0,0,0.0,0.0,0.0,0.0,0.0,0.0,0.0,0.0
978,730,Ailanthus',0,307,115,0,0,0,0,22.41109848022461,10.143860816955566,164.84690004228787,1.9453499062261836,1972.4137037461996,15409.766275053307,0.0067562043273907925,44.122351339972724
978,730,Alnus',0,37,0,0,0,0,0,5.683307647705078,4.621274471282959,6.845512292996236,0.09518204747252297,72.68171290934086,1625.2125078641018,0.00026005987040698524,5.81511548449805
978,730,Amelanchier',0,0,0,0,0,0,0,0.0,0.0,0.0,0.0,0.0,0.0,0.0,0.0
978,730,Arbutus',0,0,0,0,0,0,0,0.0,0.0,0.0,0.0,0.0,0.0,0.0,0.0
978,730,Asimina',0,0,0,0,0,0,0,0.0,0.0,0.0,0.0,0.0,0.0,0.0,0.0
978,730,Betula',0,162,189,16,0,0,0,43.18159484863281,17.26414680480957,160.27874564115382,5.980793065552276,8394.415642733871,69543.70611529777,0.020961558243531648,161.664713889097
978,730,Calocedrus',0,0,0,0,0,0,0,0.0,0.0,0.0,0.0,0.0,0.0,0.0,0.0
978,730,Carpinus',0,0,0,0,0,0,0,0.0,0.0,0.0,0.0,0.0,0.0,0.0,0.0
978,730,Carya',0,0,56,0,0,0,0,19.679157257080078,17.963436126708984,22.526670689635637,1.2739326468899672,2322.9459020489453,40727.29252534931,0.005486386059507678,94.60134642916299
978,730,Castanea',0,0,36,0,0,0,0,9.888668060302734,4.141772747039795,13.549650630241706,0.2795547415541316,189.70581083893777,4241.950887625784,0.0006166232038289308,13.788114002651994
978,730,Catalpa',0,28,0,0,0,0,0,3.303431987762451,2.811363458633423,0.9000513542302045,0.0029010393012130617,6.029149142503739,96.71691029868568,2.6354848249349723e-05,0.44875063315038055
978,730,Celtis',0,47,61,0,0,0,0,20.182987213134766,11.215599060058594,42.51145339511995,1.5516585171026889,1688.700662970841,24584.920390874762,0.004364644168678658,58.17241152200112
978,730,Cercis',0,0,0,0,0,0,0,0.0,0.0,0.0,0.0,0.0,0.0,0.0,0.0
978,730,Cercocarpus',0,0,0,0,0,0,0,0.0,0.0,0.0,0.0,0.0,0.0,0.0,0.0
978,730,Chamaecyparis',0,0,27,0,0,0,0,10.955931663513184,10.278173446655273,17.30668092250824,0.25868581676014196,211.4812073659897,4728.863556340785,0.0007199436351458258,16.09842908154389
978,730,Chilopsis',0,0,0,0,0,0,0,0.0,0.0,0.0,0.0,0.0,0.0,0.0,0.0
978,730,Chrysolepis',0,0,0,0,0,0,0,0.0,0.0,0.0,0.0,0.0,0.0,0.0,0.0
978,730,Cladrastis',0,0,0,0,0,0,0,0.0,0.0,0.0,0.0,0.0,0.0,0.0,0.0
978,730,Comus',0,0,0,0,0,0,0,0.0,0.0,0.0,0.0,0.0,0.0,0.0,0.0
978,730,Cornus',0,0,0,0,0,0,0,0.0,0.0,0.0,0.0,0.0,0.0,0.0,0.0
978,730,Crataegus',0,0,0,0,0,0,0,5.278115272521973,3.931302309036255,0.47918224636512463,0.0012252808616670507,2.2654353618621825,50.65667467755674,1.1932395569980141e-05,0.2668164762889297
978,730,Cupressus',0,0,0,0,0,0,0,0.0,0.0,0.0,0.0,0.0,0.0,0.0,0.0
978,730,Diospyros',0,0,0,0,0,0,0,0.0,0.0,0.0,0.0,0.0,0.0,0.0,0.0
978,730,Elaeagnus',0,139,82,0,0,0,0,18.216251373291016,6.695901870727539,97.05411121815064,1.507475916691742,1365.7030972635746,17688.101259639592,0.004432043667769509,50.7162858757373
978,730,Fagus',0,0,0,0,0,0,0,0.0,0.0,0.0,0.0,0.0,0.0,0.0,0.0
978,730,Fraxinus',0,935,651,24,2,0,0,49.861812591552734,16.738096237182617,614.2676556195261,15.797134923322048,19838.125927004217,98246.87298997113,0.05292744802414266,231.39617285094454
978,730,Gleditsia',0,0,0,0,0,0,0,0.0,0.0,0.0,0.0,0.0,0.0,0.0,0.0
978,730,Gordonia',0,0,0,0,0,0,0,0.0,0.0,0.0,0.0,0.0,0.0,0.0,0.0
978,730,Gymnocladus',0,0,0,0,0,0,0,0.0,0.0,0.0,0.0,0.0,0.0,0.0,0.0
978,730,Halesia',0,1,0,0,0,0,0,4.476505279541016,4.382249355316162,0.9200697760038736,0.002581142201011348,3.2655595445632937,73.0201312621684,2.050171447172762e-05,0.4584322721407409
978,730,Ilex',0,0,36,9,0,0,0,29.349102020263672,11.64767074584961,25.067145206928252,1.271838578591336,1392.0273299908638,22178.765505047697,0.003455475153466081,54.932568017207984
978,730,Juglans',0,0,0,0,0,0,0,0.0,0.0,0.0,0.0,0.0,0.0,0.0,0.0
978,730,Juniperus',0,33,0,0,0,0,0,4.186947822570801,4.4910054206848145,8.971679377555846,0.04571124633185514,48.206636214256285,1077.9331554168105,0.00023671677747741582,5.293148058541877
978,730,Larix',0,0,0,0,0,0,0,0.0,0.0,0.0,0.0,0.0,0.0,0.0,0.0
978,730,Liquidambar',0,0,0,0,0,0,0,0.0,0.0,0.0,0.0,0.0,0.0,0.0,0.0
978,730,Liriodendron',0,1008,842,17,0,2,1,99.36196899414062,26.792343139648438,740.6837575771857,21.598060013046055,19784.188317925484,81975.89699521041,0.054627416996692484,197.81208505911437
978,730,Lithocarpus',0,0,0,0,0,0,0,0.0,0.0,0.0,0.0,0.0,0.0,0.0,0.0
978,730,Maclura',0,17,2,0,0,0,0,23.22972869873047,10.22931957244873,10.403735486766958,0.10330289916857806,213.22413072109222,4462.399909151555,0.0006235989663507782,13.259062273415363
978,730,Magnolia',0,0,0,0,0,0,0,0.0,0.0,0.0,0.0,0.0,0.0,0.0,0.0
978,730,Malus',0,0,0,0,0,0,0,0.0,0.0,0.0,0.0,0.0,0.0,0.0,0.0
978,730,Morus',0,2,29,0,0,0,0,45.09485626220703,16.447811126708984,23.482576543583143,0.3558695622736492,471.07509596765044,7444.000155290974,0.0013848782473318293,21.65707966659117
978,730,Nyssa',0,40,0,0,0,0,0,2.6736435890197754,2.63399600982666,9.652559138551542,0.022457266806281802,33.240824937820435,743.2874418913675,0.0002128224512562195,4.758854681470427
978,730,Olneya',0,0,0,0,0,0,0,0.0,0.0,0.0,0.0,0.0,0.0,0.0,0.0
978,730,Ostrya',0,0,28,0,0,0,0,16.37515640258789,10.383194923400879,11.746063858647888,0.6006345578904816,852.3571798849106,19059.285953326744,0.0020632181321382265,46.13495995871213
978,730,Oxydendron',0,0,0,0,0,0,0,0.0,0.0,0.0,0.0,0.0,0.0,0.0,0.0
978,730,Paulownia',0,54,22,0,0,0,0,16.76460838317871,7.337011337280273,14.156424046694475,0.649723282173644,321.8990313369036,5828.096893952889,0.0009191207437939014,15.971602503657127
978,730,Persea',0,0,0,0,0,0,0,0.0,0.0,0.0,0.0,0.0,0.0,0.0,0.0
978,730,Picea',0,0,0,0,0,0,0,0.0,0.0,0.0,0.0,0.0,0.0,0.0,0.0
978,730,Pinus',0,439,1336,183,27,0,0,61.0,29.502721786499023,746.5586751636862,62.913668980380415,75058.19188781589,259279.14596462436,0.17757960697908207,595.533239357703
978,730,Planera',0,0,0,0,0,0,0,0.0,0.0,0.0,0.0,0.0,0.0,0.0,0.0
978,730,Platanus',0,77,38,0,0,0,0,18.201627731323242,6.347507476806641,76.22479128498065,0.49155484181352765,484.92556165814403,5477.585751627697,0.0021749105641972253,23.051094500762773
978,730,Populus',0,553,42,0,0,0,0,9.264749526977539,4.729217529296875,250.00899990101024,0.9598796292559147,905.5971006104351,4988.190141095015,0.0056114564439053724,29.45225856775241
978,730,Prosopis',0,0,0,0,0,0,0,0.0,0.0,0.0,0.0,0.0,0.0,0.0,0.0
978,730,Prunus',0,42,0,0,0,0,0,3.4338560104370117,3.480226516723633,11.767524162048025,0.02568378122368794,34.78870323061943,558.8341832277173,0.00024670827639475436,3.933872575578448
978,730,Pseudotsuga',0,0,0,0,0,0,0,0.0,0.0,0.0,0.0,0.0,0.0,0.0,0.0
978,730,Quercus',0,70,71,0,0,0,0,27.957738876342773,11.485849380493164,80.11768114340455,3.15786712793625,4140.630965182781,66583.89182594641,0.010354740359570918,153.8606338740649
978,730,Robinia',0,0,0,0,0,0,0,0.0,0.0,0.0,0.0,0.0,0.0,0.0,0.0
978,730,Salix',0,534,317,0,0,0,0,12.129040718078613,7.230560779571533,228.1549549475312,2.7540643556828814,1957.926689748466,10101.092313181412,0.007635365577018463,36.936932367954746
978,730,Sassafras',0,36,0,0,0,0,0,2.2956173419952393,3.689793348312378,6.1626125315699385,0.014982953985076508,19.41208746135235,434.06747148755255,0.00013185220245272105,2.9483048766734807
978,730,Sequoia',0,0,0,0,0,0,0,0.0,0.0,0.0,0.0,0.0,0.0,0.0,0.0
978,730,Sequoiadendron',0,0,0,0,0,0,0,0.0,0.0,0.0,0.0,0.0,0.0,0.0,0.0
978,730,Sorbus',0,0,0,0,0,0,0,0.0,0.0,0.0,0.0,0.0,0.0,0.0,0.0
978,730,Taxodium',0,0,0,0,0,0,0,0.0,0.0,0.0,0.0,0.0,0.0,0.0,0.0
978,730,Taxus',0,0,0,0,0,0,0,0.0,0.0,0.0,0.0,0.0,0.0,0.0,0.0
978,730,Thuja',0,0,0,0,0,0,0,0.0,0.0,0.0,0.0,0.0,0.0,0.0,0.0
978,730,Tilia',0,0,16,0,0,0,0,8.96115779876709,6.122382640838623,12.878763479522512,0.10444278977212798,75.01639088630677,1677.4174944847632,0.00035210005465149795,7.873196570821385
978,730,Torreya',0,0,0,0,0,0,0,0.0,0.0,0.0,0.0,0.0,0.0,0.0,0.0
978,730,Tsuga',0,0,0,0,0,0,0,0.0,0.0,0.0,0.0,0.0,0.0,0.0,0.0
978,730,Ulmus',0,177,72,6,0,0,0,29.189712524414062,10.98562240600586,129.517740686483,2.1259239769692897,2041.0281885218621,17814.65575480489,0.006400098036915069,48.784273784290875
978,730,Umbellularia',0,0,0,0,0,0,0,0.0,0.0,0.0,0.0,0.0,0.0,0.0,0.0
978,740,Abies',0,0,0,0,0,0,0,0.0,0.0,0.0,0.0,0.0,0.0,0.0,0.0
978,740,Acer',0,1486,1154,24,0,0,0,30.98921775817871,16.869131088256836,1008.2303354292635,28.44726487978386,39334.64441067472,155155.62560903776,0.10192435665948872,360.2469369560162
978,740,Aesculus',0,0,0,0,0,0,0,0.0,0.0,0.0,0.0,0.0,0.0,0.0,0.0
978,740,Ailanthus',0,276,164,0,0,0,0,20.467899322509766,9.537919044494629,175.72951049036993,2.3992898008329693,2362.547412309945,21496.23127252648,0.007779829260416354,56.69598369258125
978,740,Alnus',0,59,0,0,0,0,0,7.214974880218506,5.416330814361572,17.878873634941968,0.19546635711541646,162.27455867767335,2844.9052338721194,0.0006179864456951619,9.851252262447781
978,740,Amelanchier',0,0,0,0,0,0,0,0.0,0.0,0.0,0.0,0.0,0.0,0.0,0.0
978,740,Arbutus',0,0,0,0,0,0,0,0.0,0.0,0.0,0.0,0.0,0.0,0.0,0.0
978,740,Asimina',0,0,0,0,0,0,0,0.0,0.0,0.0,0.0,0.0,0.0,0.0,0.0
978,740,Betula',0,193,247,10,0,0,0,45.78790283203125,17.873628616333008,184.1652979447117,5.532716330825609,7493.727522267103,65786.75539439786,0.019303889520364888,153.32953321114852
978,740,Calocedrus',0,0,0,0,0,0,0,0.0,0.0,0.0,0.0,0.0,0.0,0.0,0.0
978,740,Carpinus',0,0,0,0,0,0,0,0.0,0.0,0.0,0.0,0.0,0.0,0.0,0.0
978,740,Carya',0,9,56,0,0,0,0,21.08347511291504,18.780441284179688,16.056952740572672,1.557925592744776,2911.7313716530803,49568.27747936906,0.006701663309294554,113.48273596652832
978,740,Castanea',0,0,36,0,0,0,0,11.859600067138672,4.679348468780518,29.983389717114118,0.40209748132312917,288.95717747211455,6461.278914141162,0.0010737546074390243,24.009882933872596
978,740,Catalpa',0,31,0,0,0,0,0,2.238238573074341,2.332926034927368,0.0,0.012307486772045368,13.832538199424745,309.3049571527627,3.0738973533734675e-05,0.6873443437999762
978,740,Celtis',0,47,74,0,0,0,0,21.689720153808594,11.828690528869629,50.94982786457749,1.5385362524027257,1734.8388356506825,27673.36987088958,0.004588648436190556,66.0001059077196
978,740,Cercis',0,0,0,0,0,0,0,0.0,0.0,0.0,0.0,0.0,0.0,0.0,0.0
978,740,Cercocarpus',0,0,0,0,0,0,0,0.0,0.0,0.0,0.0,0.0,0.0,0.0,0.0
978,740,Chamaecyparis',0,22,27,0,0,0,0,16.581392288208008,13.471189498901367,14.185144290924072,0.6026250774979068,516.5634291887284,11379.537902188347,0.0013528152454526459,29.86904355531133
978,740,Chilopsis',0,0,0,0,0,0,0,0.0,0.0,0.0,0.0,0.0,0.0,0.0,0.0
978,740,Chrysolepis',0,0,0,0,0,0,0,0.0,0.0,0.0,0.0,0.0,0.0,0.0,0.0
978,740,Cladrastis',0,0,0,0,0,0,0,0.0,0.0,0.0,0.0,0.0,0.0,0.0,0.0
978,740,Comus',0,0,0,0,0,0,0,0.0,0.0,0.0,0.0,0.0,0.0,0.0,0.0
978,740,Cornus',0,0,0,0,0,0,0,0.0,0.0,0.0,0.0,0.0,0.0,0.0,0.0
978,740,Crataegus',0,0,0,0,0,0,0,19.268327713012695,7.326748847961426,4.0047679369962665,0.01632923941603115,32.2783088684082,721.7649282849515,0.00012938043451309205,2.893034465297348
978,740,Cupressus',0,0,0,0,0,0,0,0.0,0.0,0.0,0.0,0.0,0.0,0.0,0.0
978,740,Diospyros',0,0,0,0,0,0,0,0.0,0.0,0.0,0.0,0.0,0.0,0.0,0.0
978,740,Elaeagnus',0,168,22,0,0,0,0,8.453974723815918,4.601419925689697,63.67936129858599,0.4293942340209882,431.192358892262,3831.826930267601,0.0018749050390673718,16.565939158415045
978,740,Fagus',0,0,0,0,0,0,0,0.0,0.0,0.0,0.0,0.0,0.0,0.0,0.0
978,740,Fraxinus',0,756,757,50,2,0,0,58.33745193481445,17.719818115234375,687.4271781154306,17.673902317053095,22381.172112114804,110134.96320914666,0.05963183465164979,259.29536560891046
978,740,Gleditsia',0,38,0,0,0,0,0,5.817913055419922,4.740890979766846,8.465566943529286,0.10304053459261438,109.73339795529843,2453.713372300842,0.000365718536786735,8.177715088868977
978,740,Gordonia',0,0,0,0,0,0,0,0.0,0.0,0.0,0.0,0.0,0.0,0.0,0.0
978,740,Gymnocladus',0,34,0,0,0,0,0,5.440129280090332,3.863415479660034,13.141606308614149,0.0797729406195479,85.82793769955636,1919.1710306482328,0.0003799094776287677,8.495034172743585
978,740,Halesia',0,0,0,0,0,0,0,0.0,0.0,0.0,0.0,0.0,0.0,0.0,0.0
978,740,Ilex',0,0,36,9,0,0,0,35.15225601196289,12.75277328491211,25.459557943344116,1.7624352407472446,2030.071314382553,32584.63128855855,0.004879018713017263,78.32578551520587
978,740,Juglans',0,0,0,0,0,0,0,0.0,0.0,0.0,0.0,0.0,0.0,0.0,0.0
978,740,Juniperus',0,0,0,0,0,0,0,0.0,0.0,0.0,0.0,0.0,0.0,0.0,0.0
978,740,Larix',0,0,0,0,0,0,0,0.0,0.0,0.0,0.0,0.0,0.0,0.0,0.0
978,740,Liquidambar',0,0,0,0,0,0,0,0.0,0.0,0.0,0.0,0.0,0.0,0.0,0.0
978,740,Liriodendron',0,1219,1131,2,0,0,0,34.10017395019531,14.10006332397461,882.9329966204358,24.306949326571203,20702.924180326314,74924.97940221234,0.05871680910950547,186.61934744677293
978,740,Lithocarpus',0,0,0,0,0,0,0,0.0,0.0,0.0,0.0,0.0,0.0,0.0,0.0
978,740,Maclura',0,35,0,2,0,0,0,34.841156005859375,12.698735237121582,23.454230219314365,0.28904826511772524,563.0684804695845,10462.063805724438,0.0015888999399840907,27.897126868064603
978,740,Magnolia',0,15,0,0,0,0,0,4.001596450805664,2.9911043643951416,7.803483643109284,0.019015521959418767,23.764563274383544,531.3917893711657,0.0001651456227488827,3.692768386530385
978,740,Malus',0,0,0,0,0,0,0,0.0,0.0,0.0,0.0,0.0,0.0,0.0,0.0
978,740,Morus',0,26,0,0,0,0,0,6.619239807128906,5.111789703369141,8.102099999219556,0.09002100387712828,87.32628569483757,1952.675110362237,0.0003106926466673649,6.947298780575547
978,740,Nyssa',0,40,0,0,0,0,0,4.344596862792969,3.413041830062866,7.489736227295066,0.05929920093431266,53.96800369024277,1206.7612486134217,0.0002277478203177452,5.09259607957886
978,740,Olneya',0,0,0,0,0,0,0,0.0,0.0,0.0,0.0,0.0,0.0,0.0,0.0
978,740,Ostrya',0,0,28,0,0,0,0,18.662311553955078,11.033903121948242,9.662027738139598,0.7801359175360779,1137.9877002060414,25446.178552193564,0.00266795179137591,59.65721566208877
978,740,Oxydendron',0,0,0,0,0,0,0,0.0,0.0,0.0,0.0,0.0,0.0,0.0,0.0
978,740,Paulownia',0,144,10,0,0,0,0,9.023675918579102,4.821953773498535,77.82612978091723,0.285804391679787,212.57357277989388,1979.1878892418092,0.0015927360911052709,14.624148545020603
978,740,Persea',0,0,0,0,0,0,0,0.0,0.0,0.0,0.0,0.0,0.0,0.0,0.0
978,740,Picea',0,0,0,0,0,0,0,0.0,0.0,0.0,0.0,0.0,0.0,0.0,0.0
978,740,Pinus',0,357,1396,120,12,0,0,65.2957763671875,30.463346481323242,666.2800605994463,59.38386851861033,70444.0727832824,253190.5594345138,0.16616642754218375,580.1510452281481
978,740,Planera',0,0,0,0,0,0,0,0.0,0.0,0.0,0.0,0.0,0.0,0.0,0.0
978,740,Platanus',0,69,57,0,0,0,0,26.301746368408203,8.347696304321289,112.20401568314696,0.9829763267660815,924.5901055085659,10240.62236275839,0.0036698838434219643,38.184389805773414
978,740,Populus',0,443,123,0,0,0,0,14.787217140197754,6.607701301574707,220.65246840915344,1.6324566407177423,1264.924840553999,7812.951862398869,0.0059873589361899,35.131274419605006
978,740,Prosopis',0,0,0,0,0,0,0,0.0,0.0,0.0,0.0,0.0,0.0,0.0,0.0
978,740,Prunus',0,55,0,0,0,0,0,7.214915752410889,4.724002838134766,17.4656178160936,0.13633946135489067,116.75802809298038,2177.121284865097,0.0005108895558230624,8.54725140941209
978,740,Pseudotsuga',0,0,0,0,0,0,0,0.0,0.0,0.0,0.0,0.0,0.0,0.0,0.0
978,740,Quercus',0,85,70,0,0,0,0,11.971132278442383,6.211638450622559,84.44375021925455,0.7229939501352896,803.3594739282131,8771.489636005823,0.0030008579167593386,33.16965033122598
978,740,Robinia',0,0,0,0,0,0,0,0.0,0.0,0.0,0.0,0.0,0.0,0.0,0.0
978,740,Salix',0,611,159,0,0,0,0,15.847590446472168,8.090617179870605,262.8893359533593,2.52328901549537,1941.95032358706,13795.15998318495,0.008099883234164915,46.345617637349754
978,740,Sassafras',0,0,0,0,0,0,0,0.0,0.0,0.0,0.0,0.0,0.0,0.0,0.0
978,740,Sequoia',0,0,0,0,0,0,0,0.0,0.0,0.0,0.0,0.0,0.0,0.0,0.0
978,740,Sequoiadendron',0,0,0,0,0,0,0,0.0,0.0,0.0,0.0,0.0,0.0,0.0,0.0
978,740,Sorbus',0,0,0,0,0,0,0,0.0,0.0,0.0,0.0,0.0,0.0,0.0,0.0
978,740,Taxodium',0,0,0,0,0,0,0,0.0,0.0,0.0,0.0,0.0,0.0,0.0,0.0
978,740,Taxus',0,0,0,0,0,0,0,0.0,0.0,0.0,0.0,0.0,0.0,0.0,0.0
978,740,Thuja',0,0,0,0,0,0,0,0.0,0.0,0.0,0.0,0.0,0.0,0.0,0.0
978,740,Tilia',0,0,16,0,0,0,0,14.820423126220703,8.902177810668945,12.239916905572143,0.285674463112798,199.82893322467805,4468.310785616481,0.0006202647010982036,13.869540356991623
978,740,Torreya',0,0,0,0,0,0,0,0.0,0.0,0.0,0.0,0.0,0.0,0.0,0.0
978,740,Tsuga',0,0,0,0,0,0,0,0.0,0.0,0.0,0.0,0.0,0.0,0.0,0.0
978,740,Ulmus',0,73,168,6,0,0,0,34.80412673950195,12.506996154785156,127.2286546484956,3.78230538772014,3613.24629280746,28570.850247636707,0.00986096331821386,73.33514344398976
978,740,Umbellularia',0,0,0,0,0,0,0,0.0,0.0,0.0,0.0,0.0,0.0,0.0,0.0
978,750,Abies',0,0,0,0,0,0,0,0.0,0.0,0.0,0.0,0.0,0.0,0.0,0.0
978,750,Acer',0,1580,899,31,0,0,0,30.92160415649414,17.671253204345703,841.1800725399693,18.647033461860588,25437.51330481321,120657.83037199388,0.06863706208500826,282.39170259201916
978,750,Aesculus',0,0,0,0,0,0,0,0.0,0.0,0.0,0.0,0.0,0.0,0.0,0.0
978,750,Ailanthus',0,397,132,0,0,0,0,23.177274703979492,10.375737190246582,208.4651445776601,2.998064682394901,3108.351496422291,28671.85919862581,0.009908419457226498,72.541100014187
978,750,Alnus',0,35,40,0,0,0,0,11.697349548339844,7.528138160705566,14.869293903908396,0.4458465198907759,368.54814169734715,7755.719942882368,0.0010330475895651769,19.88238840596133
978,750,Amelanchier',0,0,0,0,0,0,0,0.0,0.0,0.0,0.0,0.0,0.0,0.0,0.0
978,750,Arbutus',0,0,0,0,0,0,0,0.0,0.0,0.0,0.0,0.0,0.0,0.0,0.0
978,750,Asimina',0,0,0,0,0,0,0,0.0,0.0,0.0,0.0,0.0,0.0,0.0,0.0
978,750,Betula',0,135,155,22,8,0,0,48.17530822753906,18.40629005432129,137.7132393914876,6.071129215216493,8644.558424436153,76798.22727300273,0.021192588111460228,176.50755629609228
978,750,Calocedrus',0,0,0,0,0,0,0,0.0,0.0,0.0,0.0,0.0,0.0,0.0,0.0
978,750,Carpinus',0,0,0,0,0,0,0,0.0,0.0,0.0,0.0,0.0,0.0,0.0,0.0
978,750,Carya',0,9,56,0,0,0,0,22.274818420410156,19.443723678588867,17.35394762380968,1.843795762314695,3546.177361274362,58723.54493199626,0.008130213924183465,133.70886190063678
978,750,Castanea',0,0,36,0,0,0,0,12.6834135055542,4.901309490203857,38.760491715201844,0.45990016795957245,340.1289629936218,7605.514823702435,0.0013138209560513714,29.377929679946554
978,750,Catalpa',0,0,0,0,0,0,0,0.0,0.0,0.0,0.0,0.0,0.0,0.0,0.0
978,750,Celtis',0,47,69,0,0,0,0,19.40317726135254,10.892098426818848,58.96772275242623,1.110309250047387,1170.8294657564163,13741.945634687456,0.003450716428913193,35.798973129715556
978,750,Cercis',0,0,0,0,0,0,0,0.0,0.0,0.0,0.0,0.0,0.0,0.0,0.0
978,750,Cercocarpus',0,0,0,0,0,0,0,0.0,0.0,0.0,0.0,0.0,0.0,0.0,0.0
978,750,Chamaecyparis',0,26,27,0,0,0,0,21.165441513061523,15.553666114807129,11.775518080294132,0.9819985987046443,901.6166029825807,19889.36365851624,0.0021736834709490814,47.15538800585524
978,750,Chilopsis',0,0,0,0,0,0,0,0.0,0.0,0.0,0.0,0.0,0.0,0.0,0.0
978,750,Chrysolepis',0,0,0,0,0,0,0,0.0,0.0,0.0,0.0,0.0,0.0,0.0,0.0
978,750,Cladrastis',0,0,0,0,0,0,0,0.0,0.0,0.0,0.0,0.0,0.0,0.0,0.0
978,750,Comus',0,0,0,0,0,0,0,0.0,0.0,0.0,0.0,0.0,0.0,0.0,0.0
978,750,Cornus',0,0,0,0,0,0,0,0.0,0.0,0.0,0.0,0.0,0.0,0.0,0.0
978,750,Crataegus',0,0,0,0,0,0,0,0.0,0.0,0.0,0.0,0.0,0.0,0.0,0.0
978,750,Cupressus',0,0,0,0,0,0,0,0.0,0.0,0.0,0.0,0.0,0.0,0.0,0.0
978,750,Diospyros',0,0,0,0,0,0,0,0.0,0.0,0.0,0.0,0.0,0.0,0.0,0.0
978,750,Elaeagnus',0,260,31,0,0,0,0,17.37434959411621,6.563770294189453,92.76200009580654,0.9267625781038114,871.0541604942083,8429.497453307304,0.0032710364344352705,25.236186574600097
978,750,Fagus',0,0,0,0,0,0,0,0.0,0.0,0.0,0.0,0.0,0.0,0.0,0.0
978,750,Fraxinus',0,791,823,18,0,0,0,39.69872283935547,18.064538955688477,704.1143278900204,16.098788065487156,19329.817190392612,84977.91829636032,0.0530912660260454,204.03389901529823
978,750,Gleditsia',0,0,0,0,0,0,0,0.0,0.0,0.0,0.0,0.0,0.0,0.0,0.0
978,750,Gordonia',0,0,0,0,0,0,0,0.0,0.0,0.0,0.0,0.0,0.0,0.0,0.0
978,750,Gymnocladus',0,0,34,0,0,0,0,9.565455436706543,5.612482070922852,10.731621080938773,0.246631455584889,227.04512458205224,5076.883325253782,0.000659032383397232,14.736412086499048
978,750,Halesia',0,0,0,0,0,0,0,0.0,0.0,0.0,0.0,0.0,0.0,0.0,0.0
978,750,Ilex',0,0,36,9,0,0,0,40.05535125732422,13.53521728515625,33.103702459335324,2.1930289210529383,2638.717305212021,42678.781291596206,0.0063419809346994364,102.05984302792812
978,750,Juglans',0,0,0,0,0,0,0,0.0,0.0,0.0,0.0,0.0,0.0,0.0,0.0
978,750,Juniperus',0,0,0,0,0,0,0,0.0,0.0,0.0,0.0,0.0,0.0,0.0,0.0
978,750,Larix',0,0,0,0,0,0,0,0.0,0.0,0.0,0.0,0.0,0.0,0.0,0.0
978,750,Liquidambar',0,0,0,0,0,0,0,0.0,0.0,0.0,0.0,0.0,0.0,0.0,0.0
978,750,Liriodendron',0,1536,1044,35,0,0,0,35.9140739440918,14.627446174621582,1013.8886338392201,25.64759784653444,22040.799671699107,76490.9263563957,0.06357504519360226,188.14241955415693
978,750,Lithocarpus',0,0,0,0,0,0,0,0.0,0.0,0.0,0.0,0.0,0.0,0.0,0.0
978,750,Maclura',0,2,0,0,0,0,0,2.5,2.6199164390563965,0.0,0.0012370021073509817,2.4792919421195982,55.43865318646894,5.509537607431411e-06,0.12319700614808182
978,750,Magnolia',0,0,0,0,0,0,0,0.0,0.0,0.0,0.0,0.0,0.0,0.0,0.0
978,750,Malus',0,0,0,0,0,0,0,0.0,0.0,0.0,0.0,0.0,0.0,0.0,0.0
978,750,Morus',0,0,0,0,0,0,0,0.0,0.0,0.0,0.0,0.0,0.0,0.0,0.0
978,750,Nyssa',0,0,0,0,0,0,0,0.0,0.0,0.0,0.0,0.0,0.0,0.0,0.0
978,750,Olneya',0,0,0,0,0,0,0,0.0,0.0,0.0,0.0,0.0,0.0,0.0,0.0
978,750,Ostrya',0,0,28,0,0,0,0,20.791744232177734,11.557016372680664,6.310468624475635,0.9683252368110407,1444.9516857141257,32310.101934596998,0.0033018463268131015,73.83152838012074
978,750,Oxydendron',0,0,0,0,0,0,0,0.0,0.0,0.0,0.0,0.0,0.0,0.0,0.0
978,750,Paulownia',0,245,54,0,0,0,0,11.358587265014648,5.625810623168945,121.44607171086191,0.882722569224114,519.0808044591546,4556.601562448795,0.0029017965660216244,22.707839275660533
978,750,Persea',0,0,0,0,0,0,0,0.0,0.0,0.0,0.0,0.0,0.0,0.0,0.0
978,750,Picea',0,0,0,0,0,0,0,0.0,0.0,0.0,0.0,0.0,0.0,0.0,0.0
978,750,Pinus',0,373,1322,147,9,5,0,70.73477172851562,31.21095085144043,718.9436009001731,59.16704970309243,70766.65929389716,264625.8378659849,0.1676439828824956,608.4874763798615
978,750,Planera',0,0,0,0,0,0,0,0.0,0.0,0.0,0.0,0.0,0.0,0.0,0.0
978,750,Platanus',0,99,51,5,0,0,0,33.22893142700195,9.949224472045898,96.6959579260666,1.3888152440345152,1290.6331236666442,14981.699780213065,0.004260065664573591,45.81986865977668
978,750,Populus',0,309,12,0,0,0,0,22.543493270874023,9.054335594177246,172.4132864132429,1.178544076681509,988.3695894892514,8966.870045869744,0.004678361881599752,32.63439809420578
978,750,Prosopis',0,0,0,0,0,0,0,0.0,0.0,0.0,0.0,0.0,0.0,0.0,0.0
978,750,Prunus',0,71,28,0,0,0,0,12.356565475463867,6.953167915344238,15.318144916120584,0.35973808686548087,307.1795854263008,6486.4671580198055,0.0009031344920669329,18.565389252534406
978,750,Pseudotsuga',0,0,0,0,0,0,0,0.0,0.0,0.0,0.0,0.0,0.0,0.0,0.0
978,750,Quercus',0,59,95,0,0,0,0,16.6530818939209,7.895392417907715,91.1962641530399,1.512841305075798,1613.049200975895,15789.347052085785,0.004897374697193497,47.013376948707155
978,750,Robinia',0,0,0,0,0,0,0,0.0,0.0,0.0,0.0,0.0,0.0,0.0,0.0
978,750,Salix',0,685,143,0,0,0,0,17.649385452270508,10.452288627624512,330.76484686518205,2.2991625745702766,1934.6620566470922,10457.430535223819,0.009060792761989397,40.34061658347689
978,750,Sassafras',0,0,0,0,0,0,0,0.0,0.0,0.0,0.0,0.0,0.0,0.0,0.0
978,750,Sequoia',0,0,0,0,0,0,0,0.0,0.0,0.0,0.0,0.0,0.0,0.0,0.0
978,750,Sequoiadendron',0,0,0,0,0,0,0,0.0,0.0,0.0,0.0,0.0,0.0,0.0,0.0
978,750,Sorbus',0,0,0,0,0,0,0,0.0,0.0,0.0,0.0,0.0,0.0,0.0,0.0
978,750,Taxodium',0,0,0,0,0,0,0,0.0,0.0,0.0,0.0,0.0,0.0,0.0,0.0
978,750,Taxus',0,0,0,0,0,0,0,0.0,0.0,0.0,0.0,0.0,0.0,0.0,0.0
978,750,Thuja',0,0,0,0,0,0,0,0.0,0.0,0.0,0.0,0.0,0.0,0.0,0.0
978,750,Tilia',0,0,0,0,0,0,0,0.0,0.0,0.0,0.0,0.0,0.0,0.0,0.0
978,750,Torreya',0,0,0,0,0,0,0,0.0,0.0,0.0,0.0,0.0,0.0,0.0,0.0
978,750,Tsuga',0,0,0,0,0,0,0,0.0,0.0,0.0,0.0,0.0,0.0,0.0,0.0
978,750,Ulmus',0,111,33,6,0,0,0,39.57253646850586,13.724907875061035,65.95389394443245,1.9733573276667253,2126.2419109988214,27231.952687609002,0.0056744250427130756,64.5457422259407
978,750,Umbellularia',0,0,0,0,0,0,0,0.0,0.0,0.0,0.0,0.0,0.0,0.0,0.0
978,760,Abies',0,0,0,0,0,0,0,0.0,0.0,0.0,0.0,0.0,0.0,0.0,0.0
978,760,Acer',0,1444,978,31,0,0,0,36.148162841796875,19.53185272216797,959.1354113753554,20.5160805928339,28011.37799659714,123200.03286900831,0.07605479340588533,289.2564644077011
978,760,Aesculus',0,0,0,0,0,0,0,0.0,0.0,0.0,0.0,0.0,0.0,0.0,0.0
978,760,Ailanthus',0,484,140,0,0,0,0,24.94275665283203,10.895378112792969,169.74717772082434,2.3117992636795015,2282.9913912671805,16499.08932669711,0.007516919198379132,46.54265452388891
978,760,Alnus',0,0,55,0,0,0,0,14.990412712097168,8.894977569580078,23.179012791642656,0.832418645651316,733.4822378146648,14139.669725423315,0.001963635266646713,36.26241280538556
978,760,Amelanchier',0,0,0,0,0,0,0,0.0,0.0,0.0,0.0,0.0,0.0,0.0,0.0
978,760,Arbutus',0,0,0,0,0,0,0,0.0,0.0,0.0,0.0,0.0,0.0,0.0,0.0
978,760,Asimina',0,0,0,0,0,0,0,0.0,0.0,0.0,0.0,0.0,0.0,0.0,0.0
978,760,Betula',0,105,221,19,10,0,0,53.62896728515625,19.53694725036621,113.39978739383477,7.7494203518499205,11093.257101258934,90840.7472189174,0.0262841355113852,207.78763894023677
978,760,Calocedrus',0,0,0,0,0,0,0,0.0,0.0,0.0,0.0,0.0,0.0,0.0,0.0
978,760,Carpinus',0,0,0,0,0,0,0,0.0,0.0,0.0,0.0,0.0,0.0,0.0,0.0
978,760,Carya',0,0,28,0,0,0,0,23.409534454345703,20.051076889038086,4.444396711791618,1.2275097672481161,2641.3257617980244,59061.83954101799,0.005933592446878547,132.67916061999657
978,760,Castanea',0,0,0,0,0,0,0,0.0,0.0,0.0,0.0,0.0,0.0,0.0,0.0
978,760,Catalpa',0,0,0,0,0,0,0,0.0,0.0,0.0,0.0,0.0,0.0,0.0,0.0
978,760,Celtis',0,60,82,0,0,0,0,23.955320358276367,12.721620559692383,58.313619993579906,1.81510527359838,2031.3968435390293,22243.574896816608,0.005353672031602799,54.94052127172765
978,760,Cercis',0,0,0,0,0,0,0,0.0,0.0,0.0,0.0,0.0,0.0,0.0,0.0
978,760,Cercocarpus',0,0,0,0,0,0,0,0.0,0.0,0.0,0.0,0.0,0.0,0.0,0.0
978,760,Chamaecyparis',0,0,26,0,0,0,0,8.401226043701172,8.549457550048828,17.269811434745787,0.14878451474399013,127.96201764583589,2861.3176999411644,0.0005338128459403892,11.936418107853338
978,760,Chilopsis',0,0,0,0,0,0,0,0.0,0.0,0.0,0.0,0.0,0.0,0.0,0.0
978,760,Chrysolepis',0,0,0,0,0,0,0,0.0,0.0,0.0,0.0,0.0,0.0,0.0,0.0
978,760,Cladrastis',0,0,0,0,0,0,0,0.0,0.0,0.0,0.0,0.0,0.0,0.0,0.0
978,760,Comus',0,0,0,0,0,0,0,0.0,0.0,0.0,0.0,0.0,0.0,0.0,0.0
978,760,Cornus',0,0,0,0,0,0,0,0.0,0.0,0.0,0.0,0.0,0.0,0.0,0.0
978,760,Crataegus',0,0,0,0,0,0,0,0.0,0.0,0.0,0.0,0.0,0.0,0.0,0.0
978,760,Cupressus',0,0,0,0,0,0,0,0.0,0.0,0.0,0.0,0.0,0.0,0.0,0.0
978,760,Diospyros',0,0,0,0,0,0,0,0.0,0.0,0.0,0.0,0.0,0.0,0.0,0.0
978,760,Elaeagnus',0,106,79,0,0,0,0,27.938772201538086,7.789866924285889,95.11784739603723,1.243531530094192,1172.0417715162039,13322.562490715387,0.003973811540076029,39.03595276986172
978,760,Fagus',0,0,0,0,0,0,0,0.0,0.0,0.0,0.0,0.0,0.0,0.0,0.0
978,760,Fraxinus',0,612,854,30,0,0,0,44.85719680786133,18.667213439941406,643.5823506294878,19.188275954498632,23962.16304922752,103406.11659737471,0.0625139763943911,244.30865255659765
978,760,Gleditsia',0,0,0,0,0,0,0,0.0,0.0,0.0,0.0,0.0,0.0,0.0,0.0
978,760,Gordonia',0,0,0,0,0,0,0,0.0,0.0,0.0,0.0,0.0,0.0,0.0,0.0
978,760,Gymnocladus',0,0,34,0,0,0,0,12.120195388793945,6.618607044219971,11.414204909454416,0.3959646381843401,376.6569046390057,8422.304429674703,0.0010013291335702094,22.390400105139555
978,760,Halesia',0,0,0,0,0,0,0,0.0,0.0,0.0,0.0,0.0,0.0,0.0,0.0
978,760,Ilex',0,29,36,9,0,0,0,44.663143157958984,14.163859367370605,40.25243885993957,2.7193172338387686,3365.7721108818055,53543.60552619706,0.008060917636819242,124.33693909760291
978,760,Juglans',0,0,0,0,0,0,0,0.0,0.0,0.0,0.0,0.0,0.0,0.0,0.0
978,760,Juniperus',0,0,0,0,0,0,0,0.0,0.0,0.0,0.0,0.0,0.0,0.0,0.0
978,760,Larix',0,0,0,0,0,0,0,0.0,0.0,0.0,0.0,0.0,0.0,0.0,0.0
978,760,Liquidambar',0,0,0,0,0,0,0,0.0,0.0,0.0,0.0,0.0,0.0,0.0,0.0
978,760,Liriodendron',0,1090,1306,88,0,0,0,33.58274459838867,13.9472017288208,1017.561855812946,28.994244724123522,25251.29327145085,90511.03657388219,0.07076235408629843,220.93981258462452
978,760,Lithocarpus',0,0,0,0,0,0,0,0.0,0.0,0.0,0.0,0.0,0.0,0.0,0.0
978,760,Maclura',0,0,7,0,0,0,0,12.950464248657227,7.098543167114258,16.25292026543919,0.06957040347684079,145.1505811882019,2293.8585158283686,0.0005565266561955211,8.791561655745332
978,760,Magnolia',0,24,0,0,0,0,0,2.5,3.006387233734131,0.0,0.0122129414408304,12.079676928520202,270.1097875840696,2.6843725889921187e-05,0.6002439585923522
978,760,Malus',0,0,0,0,0,0,0,0.0,0.0,0.0,0.0,0.0,0.0,0.0,0.0
978,760,Morus',0,0,0,0,0,0,0,0.0,0.0,0.0,0.0,0.0,0.0,0.0,0.0
978,760,Nyssa',0,25,0,0,0,0,0,3.270472288131714,2.916918992996216,8.564424156388148,0.02127034478953821,29.822308001518252,666.8470793732969,0.00018956143618561325,4.23872257223524
978,760,Olneya',0,0,0,0,0,0,0,0.0,0.0,0.0,0.0,0.0,0.0,0.0,0.0
978,760,Ostrya',0,0,28,0,0,0,0,22.79254913330078,11.98548698425293,11.39403693660905,1.1636575774771962,1788.574239809513,39993.735830190824,0.004138633094847158,92.54264934008569
978,760,Oxydendron',0,34,0,0,0,0,0,1.826631784439087,3.510895013809204,1.266557582288603,0.008993716243827506,8.918619120419025,199.42638618686385,3.805195328593201e-05,0.8508675422399072
978,760,Paulownia',0,184,0,0,0,0,0,7.710214614868164,4.3514251708984375,62.00938460193102,0.3374515020001274,224.4849783062935,2098.1312144624653,0.0013915150453718405,13.765673892038253
978,760,Persea',0,0,0,0,0,0,0,0.0,0.0,0.0,0.0,0.0,0.0,0.0,0.0
978,760,Picea',0,0,0,0,0,0,0,0.0,0.0,0.0,0.0,0.0,0.0,0.0,0.0
978,760,Pinus',0,435,1148,256,26,5,0,75.94960021972656,31.824460983276367,804.9970715779066,64.83949775137337,79648.2573029995,296694.26913357445,0.18862386268016346,679.4340513059279
978,760,Planera',0,0,0,0,0,0,0,0.0,0.0,0.0,0.0,0.0,0.0,0.0,0.0
978,760,Platanus',0,87,81,5,0,0,0,40.266868591308594,11.47984504699707,143.85470917613443,2.1139344607469512,2036.4520569700003,22647.417519754876,0.006596317434798931,63.66249569932329
978,760,Populus',0,174,12,0,0,0,0,14.5126371383667,6.51706600189209,109.69541626074644,0.685588675813905,551.9040267288685,4853.871152457771,0.002805579873533911,23.037159685567232
978,760,Prosopis',0,0,0,0,0,0,0,0.0,0.0,0.0,0.0,0.0,0.0,0.0,0.0
978,760,Prunus',0,69,65,0,0,0,0,16.343961715698242,8.570331573486328,29.049811432538903,0.8227928218006928,700.7309927967191,12423.46539011346,0.001975368235270045,31.402256608206454
978,760,Pseudotsuga',0,0,0,0,0,0,0,0.0,0.0,0.0,0.0,0.0,0.0,0.0,0.0
978,760,Quercus',0,101,119,0,0,0,0,20.977693557739258,9.344562530517578,66.08506521375118,2.057534506759598,2294.339617434144,22896.942419476687,0.006049863782169726,57.99002872513063
978,760,Robinia',0,0,0,0,0,0,0,0.0,0.0,0.0,0.0,0.0,0.0,0.0,0.0
978,760,Salix',0,696,202,0,0,0,0,22.050296783447266,9.921539306640625,291.6019066996118,2.5772575644679887,1992.271601061672,10968.983250468933,0.008625041716958402,40.374785409715024
978,760,Sassafras',0,0,0,0,0,0,0,0.0,0.0,0.0,0.0,0.0,0.0,0.0,0.0
978,760,Sequoia',0,0,0,0,0,0,0,0.0,0.0,0.0,0.0,0.0,0.0,0.0,0.0
978,760,Sequoiadendron',0,0,0,0,0,0,0,0.0,0.0,0.0,0.0,0.0,0.0,0.0,0.0
978,760,Sorbus',0,0,0,0,0,0,0,0.0,0.0,0.0,0.0,0.0,0.0,0.0,0.0
978,760,Taxodium',0,0,0,0,0,0,0,0.0,0.0,0.0,0.0,0.0,0.0,0.0,0.0
978,760,Taxus',0,0,0,0,0,0,0,0.0,0.0,0.0,0.0,0.0,0.0,0.0,0.0
978,760,Thuja',0,0,0,0,0,0,0,0.0,0.0,0.0,0.0,0.0,0.0,0.0,0.0
978,760,Tilia',0,0,0,0,0,0,0,0.0,0.0,0.0,0.0,0.0,0.0,0.0,0.0
978,760,Torreya',0,0,0,0,0,0,0,0.0,0.0,0.0,0.0,0.0,0.0,0.0,0.0
978,760,Tsuga',0,0,0,0,0,0,0,0.0,0.0,0.0,0.0,0.0,0.0,0.0,0.0
978,760,Ulmus',0,76,52,16,0,0,0,43.322471618652344,14.637310028076172,72.62167056998874,2.4171858553916716,2688.5973514562847,34505.12792308743,0.0070200899038575714,80.92357736612917
978,760,Umbellularia',0,0,0,0,0,0,0,0.0,0.0,0.0,0.0,0.0,0.0,0.0,0.0
978,770,Abies',0,0,0,0,0,0,0,0.0,0.0,0.0,0.0,0.0,0.0,0.0,0.0
978,770,Acer',0,1028,893,16,0,0,0,32.4959602355957,18.088455200195312,735.95296914088,18.125269559541554,24740.574153710157,117779.61436438665,0.06557350506225734,275.4173938323783
978,770,Aesculus',0,0,0,0,0,0,0,0.0,0.0,0.0,0.0,0.0,0.0,0.0,0.0
978,770,Ailanthus',0,470,154,0,0,0,0,31.934345245361328,12.76577091217041,206.95390643882033,2.098282494634892,2111.1902026952803,13257.318397835152,0.007670750231693956,42.50882086614641
978,770,Alnus',0,0,1,0,0,0,0,13.364545822143555,8.238402366638184,8.77089673959756,0.026372793811578733,49.77691866874695,1113.0457385379648,0.00023687730744481085,5.29673761773714
978,770,Amelanchier',0,0,0,0,0,0,0,0.0,0.0,0.0,0.0,0.0,0.0,0.0,0.0
978,770,Arbutus',0,0,0,0,0,0,0,0.0,0.0,0.0,0.0,0.0,0.0,0.0,0.0
978,770,Asimina',0,0,0,0,0,0,0,0.0,0.0,0.0,0.0,0.0,0.0,0.0,0.0
978,770,Betula',0,183,171,19,10,0,0,59.934715270996094,20.70751953125,128.9537118686528,8.132860192088717,12337.352837359309,103070.41399283253,0.029272700094558315,234.8080565292293
978,770,Calocedrus',0,0,0,0,0,0,0,0.0,0.0,0.0,0.0,0.0,0.0,0.0,0.0
978,770,Carpinus',0,19,0,0,0,0,0,0.887800931930542,1.9121313095092773,0.7544574895991554,0.0011860870911213446,3.559433237314224,79.5913468000676,1.877068682014926e-05,0.4197253171421276
978,770,Carya',0,16,28,0,0,0,0,24.411264419555664,20.568195343017578,17.097725906892663,1.3618989677388629,2991.981776033044,65721.11282593553,0.006894979943655459,148.4456711537198
978,770,Castanea',0,0,0,0,0,0,0,0.0,0.0,0.0,0.0,0.0,0.0,0.0,0.0
978,770,Catalpa',0,0,0,0,0,0,0,0.0,0.0,0.0,0.0,0.0,0.0,0.0,0.0
978,770,Celtis',0,62,67,0,0,0,0,27.449312210083008,14.0332670211792,62.49401737428918,1.8506050071035607,2253.126590408087,26042.439806522165,0.005906584048766642,63.35663995565077
978,770,Cercis',0,0,0,0,0,0,0,0.0,0.0,0.0,0.0,0.0,0.0,0.0,0.0
978,770,Cercocarpus',0,0,0,0,0,0,0,0.0,0.0,0.0,0.0,0.0,0.0,0.0,0.0
978,770,Chamaecyparis',0,0,26,0,0,0,0,14.560195922851562,12.412677764892578,12.403492681980133,0.44689637374975927,366.1292578339577,8186.899090682768,0.0009927820888211397,22.199282374483023
978,770,Chilopsis',0,0,0,0,0,0,0,0.0,0.0,0.0,0.0,0.0,0.0,0.0,0.0
978,770,Chrysolepis',0,0,0,0,0,0,0,0.0,0.0,0.0,0.0,0.0,0.0,0.0,0.0
978,770,Cladrastis',0,0,0,0,0,0,0,0.0,0.0,0.0,0.0,0.0,0.0,0.0,0.0
978,770,Comus',0,0,0,0,0,0,0,0.0,0.0,0.0,0.0,0.0,0.0,0.0,0.0
978,770,Cornus',0,0,0,0,0,0,0,0.0,0.0,0.0,0.0,0.0,0.0,0.0,0.0
978,770,Crataegus',0,0,0,0,0,0,0,0.0,0.0,0.0,0.0,0.0,0.0,0.0,0.0
978,770,Cupressus',0,0,0,0,0,0,0,0.0,0.0,0.0,0.0,0.0,0.0,0.0,0.0
978,770,Diospyros',0,0,0,0,0,0,0,0.0,0.0,0.0,0.0,0.0,0.0,0.0,0.0
978,770,Elaeagnus',0,313,57,0,0,0,0,10.078546524047852,5.050139427185059,117.75772061481882,0.6287387788194018,669.8250347289443,5407.368338267051,0.0031836878587389273,24.026544480766894
978,770,Fagus',0,0,0,0,0,0,0,0.0,0.0,0.0,0.0,0.0,0.0,0.0,0.0
978,770,Fraxinus',0,629,781,13,1,0,0,58.5955696105957,19.980998992919922,530.541417648945,15.292861688871463,18801.170052651913,81384.92558286089,0.04941781635598905,197.32986776971785
978,770,Gleditsia',0,50,0,0,0,0,0,2.5,2.8325634002685547,3.173394021165522,0.015350170641557127,27.229262241721155,431.42866444684813,0.0001061922422433281,1.798133455573994
978,770,Gordonia',0,0,0,0,0,0,0,0.0,0.0,0.0,0.0,0.0,0.0,0.0,0.0
978,770,Gymnocladus',0,0,0,0,0,0,0,0.0,0.0,0.0,0.0,0.0,0.0,0.0,0.0
978,770,Halesia',0,0,0,0,0,0,0,0.0,0.0,0.0,0.0,0.0,0.0,0.0,0.0
978,770,Ilex',0,27,29,0,0,0,0,10.064009666442871,6.0113630294799805,16.795837907791135,0.24257702773438364,235.01471950531007,4837.238971254391,0.0007648614725364968,14.79211752488486
978,770,Juglans',0,0,0,0,0,0,0,0.0,0.0,0.0,0.0,0.0,0.0,0.0,0.0
978,770,Juniperus',0,0,0,0,0,0,0,0.0,0.0,0.0,0.0,0.0,0.0,0.0,0.0
978,770,Larix',0,0,0,0,0,0,0,0.0,0.0,0.0,0.0,0.0,0.0,0.0,0.0
978,770,Liquidambar',0,0,0,0,0,0,0,0.0,0.0,0.0,0.0,0.0,0.0,0.0,0.0
978,770,Liriodendron',0,840,1469,99,0,0,0,41.07004928588867,16.05678939819336,993.5582649080624,36.31232654741704,31800.797943913938,105721.48295639816,0.0849712630070826,255.27764276708012
978,770,Lithocarpus',0,0,0,0,0,0,0,0.0,0.0,0.0,0.0,0.0,0.0,0.0,0.0
978,770,Maclura',0,0,2,0,0,0,0,21.12025260925293,9.670266151428223,8.624159610724147,0.08828534911205768,170.57856762886047,3814.252727226771,0.0005032130527496337,11.252185931133683
978,770,Magnolia',0,0,0,0,0,0,0,0.0,0.0,0.0,0.0,0.0,0.0,0.0,0.0
978,770,Malus',0,0,0,0,0,0,0,0.0,0.0,0.0,0.0,0.0,0.0,0.0,0.0
978,770,Morus',0,0,0,0,0,0,0,0.0,0.0,0.0,0.0,0.0,0.0,0.0,0.0
978,770,Nyssa',0,0,0,0,0,0,0,0.0,0.0,0.0,0.0,0.0,0.0,0.0,0.0
978,770,Olneya',0,0,0,0,0,0,0,0.0,0.0,0.0,0.0,0.0,0.0,0.0,0.0
978,770,Ostrya',0,0,28,0,0,0,0,24.4829158782959,12.305645942687988,5.330893873602529,1.3426588638675914,2086.1048344618084,46646.722180475444,0.0047125296036154025,105.37536539664185
978,770,Oxydendron',0,0,0,0,0,0,0,0.0,0.0,0.0,0.0,0.0,0.0,0.0,0.0
978,770,Paulownia',0,187,54,0,0,0,0,14.878820419311523,6.762881755828857,87.96057655464243,0.8720299270780864,490.7165195918083,5414.6198692536855,0.0023567225443744053,21.965074506358842
978,770,Persea',0,0,0,0,0,0,0,0.0,0.0,0.0,0.0,0.0,0.0,0.0,0.0
978,770,Picea',0,0,0,0,0,0,0,0.0,0.0,0.0,0.0,0.0,0.0,0.0,0.0
978,770,Pinus',0,389,1263,223,25,5,0,80.87933349609375,32.32455825805664,691.422904291898,65.7764555942355,80638.81073346273,295491.1174535967,0.18918457533453728,672.4121533495135
978,770,Planera',0,0,0,0,0,0,0,0.0,0.0,0.0,0.0,0.0,0.0,0.0,0.0
978,770,Platanus',0,66,32,0,0,0,0,22.05687141418457,7.317198753356934,57.19781179028221,0.9615903084723724,856.9229590165615,14034.762550604388,0.0027276675290856534,37.067686348056945
978,770,Populus',0,243,23,0,0,0,0,22.270524978637695,8.971848487854004,109.8189755691852,0.8619090898751396,747.6785512371362,8944.709758330971,0.0032424130625738805,29.43183333306388
978,770,Prosopis',0,0,0,0,0,0,0,0.0,0.0,0.0,0.0,0.0,0.0,0.0,0.0
978,770,Prunus',0,40,28,0,0,0,0,19.446247100830078,9.765009880065918,19.072137800858744,1.0362246418375405,972.841505587995,18709.91479834151,0.0024364240227332567,45.64464799813876
978,770,Pseudotsuga',0,0,0,0,0,0,0,0.0,0.0,0.0,0.0,0.0,0.0,0.0,0.0
978,770,Quercus',0,59,148,0,0,0,0,20.427366256713867,10.496893882751465,100.55711241839806,2.6739499779904343,3089.035330760479,30435.386601831648,0.008312098503902552,78.0362699687229
978,770,Robinia',0,0,0,0,0,0,0,0.0,0.0,0.0,0.0,0.0,0.0,0.0,0.0
978,770,Salix',0,744,96,0,0,0,0,10.680811882019043,7.2982892990112305,257.58930987265853,1.5959828012644586,1288.2896602077783,7314.529440092108,0.0065710071511044825,33.075202394117845
978,770,Sassafras',0,0,0,0,0,0,0,0.0,0.0,0.0,0.0,0.0,0.0,0.0,0.0
978,770,Sequoia',0,0,0,0,0,0,0,0.0,0.0,0.0,0.0,0.0,0.0,0.0,0.0
978,770,Sequoiadendron',0,0,0,0,0,0,0,0.0,0.0,0.0,0.0,0.0,0.0,0.0,0.0
978,770,Sorbus',0,0,0,0,0,0,0,0.0,0.0,0.0,0.0,0.0,0.0,0.0,0.0
978,770,Taxodium',0,0,0,0,0,0,0,0.0,0.0,0.0,0.0,0.0,0.0,0.0,0.0
978,770,Taxus',0,0,0,0,0,0,0,0.0,0.0,0.0,0.0,0.0,0.0,0.0,0.0
978,770,Thuja',0,0,0,0,0,0,0,0.0,0.0,0.0,0.0,0.0,0.0,0.0,0.0
978,770,Tilia',0,30,0,0,0,0,0,4.114107131958008,3.6049699783325195,15.320186335829238,0.040518749839874,41.53162374973297,928.6753392034639,0.0003128350933268666,6.995205344263709
978,770,Torreya',0,0,0,0,0,0,0,0.0,0.0,0.0,0.0,0.0,0.0,0.0,0.0
978,770,Tsuga',0,0,0,0,0,0,0,0.0,0.0,0.0,0.0,0.0,0.0,0.0,0.0
978,770,Ulmus',0,128,73,16,0,0,0,46.5798225402832,15.39885425567627,96.48257556406757,3.1449155676775735,3574.2547037637232,42733.244739562644,0.009331708398416627,98.78266970529842
978,770,Umbellularia',0,0,0,0,0,0,0,0.0,0.0,0.0,0.0,0.0,0.0,0.0,0.0
978,780,Abies',0,0,0,0,0,0,0,0.0,0.0,0.0,0.0,0.0,0.0,0.0,0.0
978,780,Acer',0,2008,942,19,0,0,0,33.97549819946289,18.615966796875,1097.1148321355538,20.544780691664,27620.739515399786,116882.32090957262,0.0771729991101168,275.30900876634115
978,780,Aesculus',0,0,0,0,0,0,0,0.0,0.0,0.0,0.0,0.0,0.0,0.0,0.0
978,780,Ailanthus',0,399,142,0,0,0,0,16.16386604309082,8.099784851074219,195.17275427008352,2.102868012044768,2055.8972034695744,14701.681454383954,0.007378280665999532,43.70693664046768
978,780,Alnus',0,46,0,0,0,0,0,5.430346488952637,4.486119270324707,19.485498421554322,0.049695137859537046,65.51022186040879,1092.6908309921935,0.00042608284375072065,7.222376819551956
978,780,Amelanchier',0,0,0,0,0,0,0,0.0,0.0,0.0,0.0,0.0,0.0,0.0,0.0
978,780,Arbutus',0,0,0,0,0,0,0,0.0,0.0,0.0,0.0,0.0,0.0,0.0,0.0
978,780,Asimina',0,0,0,0,0,0,0,0.0,0.0,0.0,0.0,0.0,0.0,0.0,0.0
978,780,Betula',0,107,216,15,2,0,0,65.94078826904297,21.70046615600586,113.35544614144894,6.1563643968699235,8824.806369340718,77792.64575834377,0.021242495226423713,178.66806706902742
978,780,Calocedrus',0,0,0,0,0,0,0,0.0,0.0,0.0,0.0,0.0,0.0,0.0,0.0
978,780,Carpinus',0,28,0,0,0,0,0,3.79430890083313,3.681584119796753,11.794602603097504,0.032474291606260024,53.880069420337676,1204.7949785628266,0.00028952335027605634,6.473938922907461
978,780,Carya',0,16,28,0,0,0,0,25.414234161376953,21.068674087524414,16.400495095154906,1.528720396750028,3366.052341179252,72545.22201970499,0.007716210582688504,162.93034757202696
978,780,Castanea',0,0,0,0,0,0,0,0.0,0.0,0.0,0.0,0.0,0.0,0.0,0.0
978,780,Catalpa',0,37,0,0,0,0,0,3.8307645320892334,3.045147180557251,18.49570362816883,0.04273665455283851,51.72624456524849,1156.6339906867563,0.000381203133853159,8.523961205316057
978,780,Celtis',0,34,46,0,0,0,0,27.085086822509766,13.900131225585938,25.031096470789816,0.8277177231931262,1020.3790255734325,18805.81518824232,0.002627845423975019,45.761692082736054
978,780,Cercis',0,0,0,0,0,0,0,0.0,0.0,0.0,0.0,0.0,0.0,0.0,0.0
978,780,Cercocarpus',0,0,0,0,0,0,0,0.0,0.0,0.0,0.0,0.0,0.0,0.0,0.0
978,780,Chamaecyparis',0,0,26,0,0,0,0,19.764404296875,14.960616111755371,11.37254807114601,0.8234549625542783,744.055126119852,16637.578410111695,0.0018177259826263018,40.6455886162001
978,780,Chilopsis',0,0,0,0,0,0,0,0.0,0.0,0.0,0.0,0.0,0.0,0.0,0.0
978,780,Chrysolepis',0,0,0,0,0,0,0,0.0,0.0,0.0,0.0,0.0,0.0,0.0,0.0
978,780,Cladrastis',0,0,0,0,0,0,0,0.0,0.0,0.0,0.0,0.0,0.0,0.0,0.0
978,780,Comus',0,0,0,0,0,0,0,0.0,0.0,0.0,0.0,0.0,0.0,0.0,0.0
978,780,Cornus',0,0,0,0,0,0,0,0.0,0.0,0.0,0.0,0.0,0.0,0.0,0.0
978,780,Crataegus',0,0,0,0,0,0,0,0.0,0.0,0.0,0.0,0.0,0.0,0.0,0.0
978,780,Cupressus',0,0,0,0,0,0,0,0.0,0.0,0.0,0.0,0.0,0.0,0.0,0.0
978,780,Diospyros',0,0,0,0,0,0,0,0.0,0.0,0.0,0.0,0.0,0.0,0.0,0.0
978,780,Elaeagnus',0,161,79,0,0,0,0,19.3608455657959,6.8641204833984375,130.85318965578003,1.637882416128194,1500.9000083085896,12536.575987342221,0.005219037774324431,38.19364937935531
978,780,Fagus',0,0,0,0,0,0,0,0.0,0.0,0.0,0.0,0.0,0.0,0.0,0.0
978,780,Fraxinus',0,717,397,13,4,0,0,50.802154541015625,21.062217712402344,384.912494531585,10.579948834930942,13064.711068587154,76911.03589578053,0.03457372068369937,182.78364141278303
978,780,Gleditsia',0,61,0,0,0,0,0,7.586208343505859,5.702569484710693,6.611274584561963,0.14272644120644115,154.398254185915,3241.846487503147,0.0004382801980813986,9.328534303902359
978,780,Gordonia',0,0,0,0,0,0,0,0.0,0.0,0.0,0.0,0.0,0.0,0.0,0.0
978,780,Gymnocladus',0,0,0,0,0,0,0,0.0,0.0,0.0,0.0,0.0,0.0,0.0,0.0
978,780,Halesia',0,0,0,0,0,0,0,0.0,0.0,0.0,0.0,0.0,0.0,0.0,0.0
978,780,Ilex',0,34,57,0,0,0,0,14.583552360534668,7.669382095336914,41.2599250292778,0.824283792515757,801.6559336447716,11691.573885538714,0.002377434335832779,32.51365830373307
978,780,Juglans',0,0,0,0,0,0,0,0.0,0.0,0.0,0.0,0.0,0.0,0.0,0.0
978,780,Juniperus',0,0,0,0,0,0,0,0.0,0.0,0.0,0.0,0.0,0.0,0.0,0.0
978,780,Larix',0,0,0,0,0,0,0,0.0,0.0,0.0,0.0,0.0,0.0,0.0,0.0
978,780,Liquidambar',0,0,0,0,0,0,0,0.0,0.0,0.0,0.0,0.0,0.0,0.0,0.0
978,780,Liriodendron',0,1120,888,86,3,0,0,48.44095230102539,17.93229866027832,771.2764693596222,26.451201276436574,23964.69964217797,95120.30794287262,0.06435784158264243,227.10736033202537
978,780,Lithocarpus',0,0,0,0,0,0,0,0.0,0.0,0.0,0.0,0.0,0.0,0.0,0.0
978,780,Maclura',0,0,1,2,0,0,0,30.387361526489258,11.861211776733398,15.321008744119087,0.20465067495126088,416.85293306827543,8064.5165444326585,0.0011468943622112264,20.862224482338032
978,780,Magnolia',0,0,0,0,0,0,0,0.0,0.0,0.0,0.0,0.0,0.0,0.0,0.0
978,780,Malus',0,0,0,0,0,0,0,0.0,0.0,0.0,0.0,0.0,0.0,0.0,0.0
978,780,Morus',0,38,0,0,0,0,0,5.5916218757629395,4.572415828704834,17.008622899840148,0.09370738917301066,106.74465339660645,2386.8830122946524,0.0004820589119419373,10.779164962617493
978,780,Nyssa',0,0,0,0,0,0,0,0.0,0.0,0.0,0.0,0.0,0.0,0.0,0.0
978,780,Olneya',0,0,0,0,0,0,0,0.0,0.0,0.0,0.0,0.0,0.0,0.0,0.0
978,780,Ostrya',0,0,28,0,0,0,0,26.596614837646484,12.658576011657715,9.562132295362556,1.5844995880993744,2517.705224702954,56297.60029742186,0.005732552494481205,128.18377062245975
978,780,Oxydendron',0,0,0,0,0,0,0,0.0,0.0,0.0,0.0,0.0,0.0,0.0,0.0
978,780,Paulownia',0,409,78,0,0,0,0,16.2914981842041,7.195185661315918,149.52145241672477,1.3492918127879834,780.152226626873,6093.615331897189,0.0038861159803969814,24.730181992379336
978,780,Persea',0,0,0,0,0,0,0,0.0,0.0,0.0,0.0,0.0,0.0,0.0,0.0
978,780,Picea',0,0,0,0,0,0,0,0.0,0.0,0.0,0.0,0.0,0.0,0.0,0.0
978,780,Pinus',0,388,1245,217,15,5,0,85.43531036376953,32.7269287109375,800.3902106446027,66.43194285460908,82439.54534090341,310883.8157287109,0.19476018315409413,709.1006563795825
978,780,Planera',0,0,0,0,0,0,0,0.0,0.0,0.0,0.0,0.0,0.0,0.0,0.0
978,780,Platanus',0,34,67,0,0,0,0,24.528709411621094,7.9219231605529785,110.02124063953568,1.47858947484426,1359.7046421647071,19194.60133263499,0.004605382804468292,55.67723546467605
978,780,Populus',0,354,11,0,0,0,0,22.647127151489258,9.085585594177246,128.82341008963462,0.9115807080987001,792.8301415526867,8770.396318720708,0.003616329334834145,29.833891567672474
978,780,Prosopis',0,0,0,0,0,0,0,0.0,0.0,0.0,0.0,0.0,0.0,0.0,0.0
978,780,Prunus',0,6,65,0,0,0,0,21.924179077148438,10.681142807006836,28.456356740450552,1.5913755656031605,1545.0121565771103,26533.25595670596,0.0038430054490183976,64.42074586337847
978,780,Pseudotsuga',0,0,0,0,0,0,0,0.0,0.0,0.0,0.0,0.0,0.0,0.0,0.0
978,780,Quercus',0,32,147,0,0,0,0,23.031591415405273,11.347031593322754,67.07844643323104,3.6871270849864155,4383.194928052723,42314.00189799954,0.01070606459951399,101.26949632112837
978,780,Robinia',0,0,0,0,0,0,0,0.0,0.0,0.0,0.0,0.0,0.0,0.0,0.0
978,780,Salix',0,709,81,0,0,0,0,14.69576644897461,7.70749044418335,265.2965387895326,1.945544987073409,1566.2565911564232,9070.430521520731,0.007299661279952837,35.77713439843074
978,780,Sassafras',0,0,0,0,0,0,0,0.0,0.0,0.0,0.0,0.0,0.0,0.0,0.0
978,780,Sequoia',0,0,0,0,0,0,0,0.0,0.0,0.0,0.0,0.0,0.0,0.0,0.0
978,780,Sequoiadendron',0,0,0,0,0,0,0,0.0,0.0,0.0,0.0,0.0,0.0,0.0,0.0
978,780,Sorbus',0,0,0,0,0,0,0,0.0,0.0,0.0,0.0,0.0,0.0,0.0,0.0
978,780,Taxodium',0,0,0,0,0,0,0,0.0,0.0,0.0,0.0,0.0,0.0,0.0,0.0
978,780,Taxus',0,0,0,0,0,0,0,0.0,0.0,0.0,0.0,0.0,0.0,0.0,0.0
978,780,Thuja',0,0,0,0,0,0,0,0.0,0.0,0.0,0.0,0.0,0.0,0.0,0.0
978,780,Tilia',0,0,30,0,0,0,0,9.342246055603027,6.311686038970947,13.045627369156366,0.20893319574916988,129.56195905208588,2897.0934773851054,0.00047571451306343074,10.637299890930434
978,780,Torreya',0,0,0,0,0,0,0,0.0,0.0,0.0,0.0,0.0,0.0,0.0,0.0
978,780,Tsuga',0,0,0,0,0,0,0,0.0,0.0,0.0,0.0,0.0,0.0,0.0,0.0
978,780,Ulmus',0,71,86,10,6,0,0,49.14356231689453,15.978689193725586,103.40626935604251,4.0898984856346035,4632.146126424074,50781.67979020777,0.011782248793736077,118.9239090356428
978,780,Umbellularia',0,0,0,0,0,0,0,0.0,0.0,0.0,0.0,0.0,0.0,0.0,0.0
978,790,Abies',0,0,0,0,0,0,0,0.0,0.0,0.0,0.0,0.0,0.0,0.0,0.0
978,790,Acer',0,2043,1015,13,0,0,0,34.561031341552734,18.988300323486328,1121.1764298775527,21.43828257832401,28217.453899937867,111186.9445087301,0.07884541098941172,264.02396866670654
978,790,Aesculus',0,0,0,0,0,0,0,0.0,0.0,0.0,0.0,0.0,0.0,0.0,0.0
978,790,Ailanthus',0,392,84,0,0,0,0,20.193796157836914,9.450339317321777,171.52356111173387,1.9876529576604027,2010.7632707858086,16506.257020388297,0.006937539680605988,45.829995503578644
978,790,Alnus',0,86,40,0,0,0,0,8.542192459106445,6.073983192443848,29.5026666208913,0.3388161830669347,290.2021762955189,4509.344194213465,0.0010696009876597844,16.329030693681915
978,790,Amelanchier',0,0,0,0,0,0,0,0.0,0.0,0.0,0.0,0.0,0.0,0.0,0.0
978,790,Arbutus',0,0,0,0,0,0,0,0.0,0.0,0.0,0.0,0.0,0.0,0.0,0.0
978,790,Asimina',0,0,0,0,0,0,0,0.0,0.0,0.0,0.0,0.0,0.0,0.0,0.0
978,790,Betula',0,156,181,21,0,2,0,71.45687866210938,22.518657684326172,133.31439337445588,7.241428087236924,10680.800337734521,91641.6605245829,0.025654246203420706,209.97242868525365
978,790,Calocedrus',0,0,0,0,0,0,0,0.0,0.0,0.0,0.0,0.0,0.0,0.0,0.0
978,790,Carpinus',0,0,0,0,0,0,0,0.0,0.0,0.0,0.0,0.0,0.0,0.0,0.0
978,790,Carya',0,0,16,0,0,0,0,11.463160514831543,8.724390983581543,12.945455501351173,0.1692553779316088,254.7807531118393,5697.070833166639,0.0007525364524126053,16.82722663141123
978,790,Castanea',0,0,0,0,0,0,0,0.0,0.0,0.0,0.0,0.0,0.0,0.0,0.0
978,790,Catalpa',0,0,0,0,0,0,0,0.0,0.0,0.0,0.0,0.0,0.0,0.0,0.0
978,790,Celtis',0,32,36,0,0,0,0,12.18470573425293,7.6857829093933105,23.818995783789248,0.48751055041642277,467.91269738018514,8879.398261705448,0.0013826937000490577,23.25115901975016
978,790,Cercis',0,0,0,0,0,0,0,0.0,0.0,0.0,0.0,0.0,0.0,0.0,0.0
978,790,Cercocarpus',0,0,0,0,0,0,0,0.0,0.0,0.0,0.0,0.0,0.0,0.0,0.0
978,790,Chamaecyparis',0,0,26,0,0,0,0,24.330442428588867,16.76761245727539,11.741547325849533,1.2478787965634015,1218.2402152335644,27240.679341862262,0.002876800677438603,64.32721872470161
978,790,Chilopsis',0,0,0,0,0,0,0,0.0,0.0,0.0,0.0,0.0,0.0,0.0,0.0
978,790,Chrysolepis',0,0,0,0,0,0,0,0.0,0.0,0.0,0.0,0.0,0.0,0.0,0.0
978,790,Cladrastis',0,0,0,0,0,0,0,0.0,0.0,0.0,0.0,0.0,0.0,0.0,0.0
978,790,Comus',0,0,0,0,0,0,0,0.0,0.0,0.0,0.0,0.0,0.0,0.0,0.0
978,790,Cornus',0,0,0,0,0,0,0,0.0,0.0,0.0,0.0,0.0,0.0,0.0,0.0
978,790,Crataegus',0,0,0,0,0,0,0,0.0,0.0,0.0,0.0,0.0,0.0,0.0,0.0
978,790,Cupressus',0,0,0,0,0,0,0,0.0,0.0,0.0,0.0,0.0,0.0,0.0,0.0
978,790,Diospyros',0,0,0,0,0,0,0,0.0,0.0,0.0,0.0,0.0,0.0,0.0,0.0
978,790,Elaeagnus',0,251,60,0,0,0,0,26.672344207763672,7.683981895446777,114.23819549758976,1.6113372899364329,1497.114022898078,17655.202459068787,0.004971442358141304,48.770743875117816
978,790,Fagus',0,0,0,0,0,0,0,0.0,0.0,0.0,0.0,0.0,0.0,0.0,0.0
978,790,Fraxinus',0,848,567,18,3,0,0,57.19073486328125,17.559171676635742,428.94089726188884,13.326104120248676,16417.265591001807,92124.93286373641,0.04265765511129775,215.95004849488632
978,790,Gleditsia',0,63,30,0,0,0,0,12.554462432861328,8.213046073913574,18.21247355375863,0.508721470531879,595.0890326112509,10311.084801292664,0.0015845987116648065,25.864179804537407
978,790,Gordonia',0,0,0,0,0,0,0,0.0,0.0,0.0,0.0,0.0,0.0,0.0,0.0
978,790,Gymnocladus',0,0,0,0,0,0,0,0.0,0.0,0.0,0.0,0.0,0.0,0.0,0.0
978,790,Halesia',0,0,0,0,0,0,0,0.0,0.0,0.0,0.0,0.0,0.0,0.0,0.0
978,790,Ilex',0,36,92,0,0,0,0,18.071863174438477,8.790573120117188,40.88822714567184,1.5826462891838606,1553.6506630349159,20707.682758495394,0.004043164795685589,51.742132613614004
978,790,Juglans',0,0,0,0,0,0,0,0.0,0.0,0.0,0.0,0.0,0.0,0.0,0.0
978,790,Juniperus',0,0,0,0,0,0,0,0.0,0.0,0.0,0.0,0.0,0.0,0.0,0.0
978,790,Larix',0,0,0,0,0,0,0,0.0,0.0,0.0,0.0,0.0,0.0,0.0,0.0
978,790,Liquidambar',0,0,0,0,0,0,0,0.0,0.0,0.0,0.0,0.0,0.0,0.0,0.0
978,790,Liriodendron',0,1047,898,44,3,0,0,54.37544250488281,19.310382843017578,796.3825387710444,24.585423077161007,22155.007922266126,91165.11211305048,0.060697720039876474,220.71044213913785
978,790,Lithocarpus',0,0,0,0,0,0,0,0.0,0.0,0.0,0.0,0.0,0.0,0.0,0.0
978,790,Maclura',0,37,1,2,0,0,0,41.11460494995117,13.688288688659668,24.613672796683975,0.4356695175099971,927.9279606556893,16331.295246102489,0.002416389659787527,40.275640891916645
978,790,Magnolia',0,0,0,0,0,0,0,0.0,0.0,0.0,0.0,0.0,0.0,0.0,0.0
978,790,Malus',0,0,0,0,0,0,0,0.0,0.0,0.0,0.0,0.0,0.0,0.0,0.0
978,790,Morus',0,4,0,0,0,0,0,4.759798049926758,4.1224284172058105,2.86234557251387,0.007900415001228058,12.24434849023819,273.79195564369695,6.841471879184233e-05,1.5297996188009355
978,790,Nyssa',0,0,0,0,0,0,0,0.0,0.0,0.0,0.0,0.0,0.0,0.0,0.0
978,790,Olneya',0,0,0,0,0,0,0,0.0,0.0,0.0,0.0,0.0,0.0,0.0,0.0
978,790,Ostrya',0,0,0,0,0,0,0,0.0,0.0,0.0,0.0,0.0,0.0,0.0,0.0
978,790,Oxydendron',0,0,0,0,0,0,0,0.0,0.0,0.0,0.0,0.0,0.0,0.0,0.0
978,790,Paulownia',0,186,49,0,0,0,0,15.839008331298828,7.058164119720459,108.37630867062113,0.993636456510588,574.9081999960542,6165.565705456969,0.002837710952161333,24.711079401858814
978,790,Persea',0,0,0,0,0,0,0,0.0,0.0,0.0,0.0,0.0,0.0,0.0,0.0
978,790,Picea',0,0,0,0,0,0,0,0.0,0.0,0.0,0.0,0.0,0.0,0.0,0.0
978,790,Pinus',0,373,1329,275,11,0,5,90.00222778320312,33.079978942871094,840.1393509873748,73.33133287843346,91863.77564607472,338684.7075259348,0.21627707201361254,770.7463690698613
978,790,Planera',0,0,0,0,0,0,0,0.0,0.0,0.0,0.0,0.0,0.0,0.0,0.0
978,790,Platanus',0,78,43,0,0,0,0,21.408796310424805,7.156472206115723,72.60772445392382,0.9889484090635168,868.0743164029718,11220.447100554764,0.0029742825613198595,34.48123685537859
978,790,Populus',0,319,18,0,0,0,0,10.92031478881836,5.304810523986816,113.57423918533927,0.4957319074990882,456.0197137713432,3286.124826657662,0.0026483414213433767,18.562659732495472
978,790,Prosopis',0,0,0,0,0,0,0,0.0,0.0,0.0,0.0,0.0,0.0,0.0,0.0
978,790,Prunus',0,0,65,0,0,0,0,23.747665405273438,11.334465980529785,23.959255976767476,2.1424417689775783,2108.562669394016,34488.45595252519,0.005030601776599843,81.39139797669276
978,790,Pseudotsuga',0,0,0,0,0,0,0,0.0,0.0,0.0,0.0,0.0,0.0,0.0,0.0
978,790,Quercus',0,39,122,0,0,0,0,22.035900115966797,11.967355728149414,71.00281545067133,3.0318708104049907,3930.956265016794,43294.8720660204,0.009757583492886334,104.0505847661307
978,790,Robinia',0,0,0,0,0,0,0,0.0,0.0,0.0,0.0,0.0,0.0,0.0,0.0
978,790,Salix',0,663,161,0,0,0,0,20.86370849609375,9.599589347839355,274.76069929431884,2.5751996122299423,1963.7604002520443,11266.171923921955,0.00831924490353534,39.40034458480041
978,790,Sassafras',0,0,0,0,0,0,0,0.0,0.0,0.0,0.0,0.0,0.0,0.0,0.0
978,790,Sequoia',0,0,0,0,0,0,0,0.0,0.0,0.0,0.0,0.0,0.0,0.0,0.0
978,790,Sequoiadendron',0,0,0,0,0,0,0,0.0,0.0,0.0,0.0,0.0,0.0,0.0,0.0
978,790,Sorbus',0,0,0,0,0,0,0,0.0,0.0,0.0,0.0,0.0,0.0,0.0,0.0
978,790,Taxodium',0,0,0,0,0,0,0,0.0,0.0,0.0,0.0,0.0,0.0,0.0,0.0
978,790,Taxus',0,0,0,0,0,0,0,0.0,0.0,0.0,0.0,0.0,0.0,0.0,0.0
978,790,Thuja',0,0,0,0,0,0,0,0.0,0.0,0.0,0.0,0.0,0.0,0.0,0.0
978,790,Tilia',0,0,30,0,0,0,0,13.359909057617188,8.234855651855469,13.018879181222069,0.4272792943749557,277.4171111011505,6203.235185437789,0.0008038964706659316,17.975671552811786
978,790,Torreya',0,0,0,0,0,0,0,0.0,0.0,0.0,0.0,0.0,0.0,0.0,0.0
978,790,Tsuga',0,0,0,0,0,0,0,0.0,0.0,0.0,0.0,0.0,0.0,0.0,0.0
978,790,Ulmus',0,40,131,10,6,0,0,51.76079177856445,16.55341911315918,121.83841902621184,5.518878762720346,6298.817754399776,60711.630217386846,0.01575130444476376,140.22558267530195
978,790,Umbellularia',0,0,0,0,0,0,0,0.0,0.0,0.0,0.0,0.0,0.0,0.0,0.0
978,800,Abies',0,0,0,0,0,0,0,0.0,0.0,0.0,0.0,0.0,0.0,0.0,0.0
978,800,Acer',0,1662,1179,6,0,0,0,40.91019058227539,21.05802345275879,960.7423350724238,19.32814447958416,24446.51232313961,86705.20309432127,0.06815600309938676,212.4594265741015
978,800,Aesculus',0,0,0,0,0,0,0,0.0,0.0,0.0,0.0,0.0,0.0,0.0,0.0
978,800,Ailanthus',0,278,101,0,0,0,0,18.02652359008789,8.738933563232422,130.57769771618177,1.5117203238817896,1489.145514525175,13684.2081503958,0.005188950732413695,40.27446659371848
978,800,Alnus',0,34,0,0,0,0,0,3.96417498588562,3.6804962158203125,16.488438482525982,0.0425561932214577,55.52317087173462,1241.5358439553388,0.0003607450609616924,8.066504788576463
978,800,Amelanchier',0,0,0,0,0,0,0,0.0,0.0,0.0,0.0,0.0,0.0,0.0,0.0
978,800,Arbutus',0,0,0,0,0,0,0,0.0,0.0,0.0,0.0,0.0,0.0,0.0,0.0
978,800,Asimina',0,0,0,0,0,0,0,0.0,0.0,0.0,0.0,0.0,0.0,0.0,0.0
978,800,Betula',0,126,181,6,0,2,0,76.60485076904297,23.20931625366211,165.13417436918124,4.406605919565724,6649.060337408781,68452.23716427138,0.0171528879519885,160.17258447684338
978,800,Calocedrus',0,0,0,0,0,0,0,0.0,0.0,0.0,0.0,0.0,0.0,0.0,0.0
978,800,Carpinus',0,0,0,0,0,0,0,0.0,0.0,0.0,0.0,0.0,0.0,0.0,0.0
978,800,Carya',0,0,16,0,0,0,0,14.880849838256836,10.609100341796875,13.02815924716901,0.2852260568186228,452.2306830883026,10112.185488966084,0.0011925046545267185,26.66521471006647
978,800,Castanea',0,0,0,0,0,0,0,0.0,0.0,0.0,0.0,0.0,0.0,0.0,0.0
978,800,Catalpa',0,0,0,0,0,0,0,0.0,0.0,0.0,0.0,0.0,0.0,0.0,0.0
978,800,Celtis',0,94,57,0,0,0,0,14.564168930053711,8.786283493041992,42.82246087265165,0.9921668285008923,970.4547897446156,14267.140926242686,0.002773019215790571,36.73314012491421
978,800,Cercis',0,0,0,0,0,0,0,0.0,0.0,0.0,0.0,0.0,0.0,0.0,0.0
978,800,Cercocarpus',0,0,0,0,0,0,0,0.0,0.0,0.0,0.0,0.0,0.0,0.0,0.0
978,800,Chamaecyparis',0,0,0,26,0,0,0,28.187725067138672,18.03819465637207,16.228400206565855,1.6749137452967293,1733.1598888540268,38754.63327353583,0.0040858765168985045,91.36297639455131
978,800,Chilopsis',0,0,0,0,0,0,0,0.0,0.0,0.0,0.0,0.0,0.0,0.0,0.0
978,800,Chrysolepis',0,0,0,0,0,0,0,0.0,0.0,0.0,0.0,0.0,0.0,0.0,0.0
978,800,Cladrastis',0,0,0,0,0,0,0,0.0,0.0,0.0,0.0,0.0,0.0,0.0,0.0
978,800,Comus',0,0,0,0,0,0,0,0.0,0.0,0.0,0.0,0.0,0.0,0.0,0.0
978,800,Cornus',0,0,0,0,0,0,0,0.0,0.0,0.0,0.0,0.0,0.0,0.0,0.0
978,800,Crataegus',0,0,0,0,0,0,0,0.0,0.0,0.0,0.0,0.0,0.0,0.0,0.0
978,800,Cupressus',0,0,0,0,0,0,0,0.0,0.0,0.0,0.0,0.0,0.0,0.0,0.0
978,800,Diospyros',0,0,0,0,0,0,0,0.0,0.0,0.0,0.0,0.0,0.0,0.0,0.0
978,800,Elaeagnus',0,233,81,13,0,0,0,29.911495208740234,7.938089847564697,146.64288696043099,2.113344726405439,1964.3693784320355,22423.20828907253,0.0064762710754014486,62.58994552165427
978,800,Fagus',0,0,0,0,0,0,0,0.0,0.0,0.0,0.0,0.0,0.0,0.0,0.0
978,800,Fraxinus',0,717,427,0,3,0,0,63.24577331542969,18.363370895385742,423.02678304453246,9.438616172144672,11592.000180281251,73599.38349813451,0.03184970613980724,175.22727915147885
978,800,Gleditsia',0,107,0,0,0,0,0,7.422299385070801,5.614989757537842,12.484255884832972,0.23565787608246555,250.78131148517133,3847.3593877292437,0.0007370096112149657,11.329522989611016
978,800,Gordonia',0,0,0,0,0,0,0,0.0,0.0,0.0,0.0,0.0,0.0,0.0,0.0
978,800,Gymnocladus',0,27,0,0,0,0,0,1.875563621520996,2.218675136566162,4.179604560891283,0.0075369884280161266,15.354439421892167,343.33570303753277,9.42887064460677e-05,2.1083595712392986
978,800,Halesia',0,0,0,0,0,0,0,0.0,0.0,0.0,0.0,0.0,0.0,0.0,0.0
978,800,Ilex',0,29,62,0,0,0,0,17.775253295898438,8.700169563293457,32.133749800920484,1.3733339608534638,1366.820175024271,20797.237225263256,0.0035015322887369826,51.9401520150432
978,800,Juglans',0,0,0,0,0,0,0,0.0,0.0,0.0,0.0,0.0,0.0,0.0,0.0
978,800,Juniperus',0,0,0,0,0,0,0,0.0,0.0,0.0,0.0,0.0,0.0,0.0,0.0
978,800,Larix',0,0,0,0,0,0,0,0.0,0.0,0.0,0.0,0.0,0.0,0.0,0.0
978,800,Liquidambar',0,0,0,0,0,0,0,0.0,0.0,0.0,0.0,0.0,0.0,0.0,0.0
978,800,Liriodendron',0,1203,963,36,3,0,0,59.696189880371094,20.454071044921875,879.6011300394429,22.981733982922737,20682.270655749144,83905.4468815982,0.05862294818460718,202.56769973031464
978,800,Lithocarpus',0,0,0,0,0,0,0,0.0,0.0,0.0,0.0,0.0,0.0,0.0,0.0
978,800,Maclura',0,37,0,0,0,0,0,7.023514747619629,4.748703956604004,11.705645946196363,0.146140491209248,195.06115192711354,4361.6999547843425,0.0006019785186499457,13.460648886958936
978,800,Magnolia',0,24,0,0,0,0,0,7.59703254699707,5.964363098144531,12.963148932668226,0.10915266357469842,93.69568337678909,2095.099172287974,0.0003948243601620197,8.828541084951356
978,800,Malus',0,0,0,0,0,0,0,0.0,0.0,0.0,0.0,0.0,0.0,0.0,0.0
978,800,Morus',0,0,0,0,0,0,0,0.0,0.0,0.0,0.0,0.0,0.0,0.0,0.0
978,800,Nyssa',0,0,0,0,0,0,0,0.0,0.0,0.0,0.0,0.0,0.0,0.0,0.0
978,800,Olneya',0,0,0,0,0,0,0,0.0,0.0,0.0,0.0,0.0,0.0,0.0,0.0
978,800,Ostrya',0,0,0,0,0,0,0,0.0,0.0,0.0,0.0,0.0,0.0,0.0,0.0
978,800,Oxydendron',0,0,0,0,0,0,0,0.0,0.0,0.0,0.0,0.0,0.0,0.0,0.0
978,800,Paulownia',0,246,49,0,0,0,0,16.918106079101562,7.382711887359619,102.51678454088446,1.151979090673679,653.8534828795492,8445.409468839482,0.002928793814838385,26.963157830677062
978,800,Persea',0,0,0,0,0,0,0,0.0,0.0,0.0,0.0,0.0,0.0,0.0,0.0
978,800,Picea',0,0,0,0,0,0,0,0.0,0.0,0.0,0.0,0.0,0.0,0.0,0.0
978,800,Pinus',0,328,1203,447,7,0,5,94.031982421875,33.3547248840332,760.7855048681795,79.09251521244663,99733.74656110302,360390.79835744,0.23261967290709745,818.1242554615117
978,800,Planera',0,0,0,0,0,0,0,0.0,0.0,0.0,0.0,0.0,0.0,0.0,0.0
978,800,Platanus',0,26,31,0,0,0,0,9.14997673034668,3.9378907680511475,50.22508325078819,0.2366619293656143,246.26845513105394,4527.6444176693085,0.0012702812287621308,22.192088568477576
978,800,Populus',0,132,85,0,0,0,0,11.120013236999512,6.079366207122803,75.75096696850996,0.620138171454238,477.69315458208325,4536.30679929114,0.002152017576186452,18.995459822929853
978,800,Prosopis',0,0,0,0,0,0,0,0.0,0.0,0.0,0.0,0.0,0.0,0.0,0.0
978,800,Prunus',0,33,65,0,0,0,0,25.21365737915039,11.84723949432373,52.22213806419432,2.5754045527159057,2592.0852410280704,41165.302508042354,0.00651195603478332,99.89965626028894
978,800,Pseudotsuga',0,0,0,0,0,0,0,0.0,0.0,0.0,0.0,0.0,0.0,0.0,0.0
978,800,Quercus',0,185,98,0,0,0,0,23.537261962890625,12.559419631958008,131.36817581621528,3.2024600969296215,4251.174805980623,45477.35439730878,0.011338172997140746,107.82850066063263
978,800,Robinia',0,0,0,0,0,0,0,0.0,0.0,0.0,0.0,0.0,0.0,0.0,0.0
978,800,Salix',0,699,122,0,0,0,0,25.015953063964844,10.673264503479004,222.21389355963163,2.421727256489334,1955.2819774311781,13167.583163047902,0.007543963534123848,41.83494434846038
978,800,Sassafras',0,0,0,0,0,0,0,0.0,0.0,0.0,0.0,0.0,0.0,0.0,0.0
978,800,Sequoia',0,0,0,0,0,0,0,0.0,0.0,0.0,0.0,0.0,0.0,0.0,0.0
978,800,Sequoiadendron',0,0,0,0,0,0,0,0.0,0.0,0.0,0.0,0.0,0.0,0.0,0.0
978,800,Sorbus',0,0,0,0,0,0,0,0.0,0.0,0.0,0.0,0.0,0.0,0.0,0.0
978,800,Taxodium',0,0,0,0,0,0,0,0.0,0.0,0.0,0.0,0.0,0.0,0.0,0.0
978,800,Taxus',0,0,0,0,0,0,0,0.0,0.0,0.0,0.0,0.0,0.0,0.0,0.0
978,800,Thuja',0,0,0,0,0,0,0,0.0,0.0,0.0,0.0,0.0,0.0,0.0,0.0
978,800,Tilia',0,0,30,0,0,0,0,16.646055221557617,9.713452339172363,8.049555982969983,0.6633267417924863,455.0128215479851,10174.395996152663,0.0011270173727274085,25.200874572416744
978,800,Torreya',0,0,0,0,0,0,0,0.0,0.0,0.0,0.0,0.0,0.0,0.0,0.0
978,800,Tsuga',0,0,0,0,0,0,0,0.0,0.0,0.0,0.0,0.0,0.0,0.0,0.0
978,800,Ulmus',0,94,74,16,0,0,0,31.170143127441406,11.533408164978027,105.33018465142082,3.915848854599952,3946.164902073443,34480.512381966415,0.010285541748953927,85.05082998037653
978,800,Umbellularia',0,0,0,0,0,0,0,0.0,0.0,0.0,0.0,0.0,0.0,0.0,0.0
978,810,Abies',0,0,0,0,0,0,0,0.0,0.0,0.0,0.0,0.0,0.0,0.0,0.0
978,810,Acer',0,1485,1149,6,0,0,0,47.07953643798828,22.821142196655273,1105.7839841756356,20.95427340236354,27729.670691590756,97889.50538014749,0.0775398646534894,236.69091537660333
978,810,Aesculus',0,0,0,0,0,0,0,0.0,0.0,0.0,0.0,0.0,0.0,0.0,0.0
978,810,Ailanthus',0,270,56,0,0,0,0,12.716896057128906,6.845559120178223,125.34554339473759,1.0935758403295297,1061.26257006526,7557.039916011063,0.00416277996929361,26.905506104526484
978,810,Alnus',0,31,34,0,0,0,0,9.390348434448242,6.479644775390625,5.8744412660598755,0.24267583088133207,188.18203956604003,4077.043071873382,0.0005027481473658642,10.950216029222196
978,810,Amelanchier',0,0,0,0,0,0,0,0.0,0.0,0.0,0.0,0.0,0.0,0.0,0.0
978,810,Arbutus',0,0,0,0,0,0,0,0.0,0.0,0.0,0.0,0.0,0.0,0.0,0.0
978,810,Asimina',0,0,0,0,0,0,0,0.0,0.0,0.0,0.0,0.0,0.0,0.0,0.0
978,810,Betula',0,90,229,6,0,2,0,81.74650573730469,23.83548355102539,171.92758701741695,5.5327380560850585,8265.302977531552,79167.3644026082,0.020842332570398234,184.19370988927915
978,810,Calocedrus',0,0,0,0,0,0,0,0.0,0.0,0.0,0.0,0.0,0.0,0.0,0.0
978,810,Carpinus',0,0,0,0,0,0,0,0.0,0.0,0.0,0.0,0.0,0.0,0.0,0.0
978,810,Carya',0,13,16,0,0,0,0,18.076801300048828,12.251564025878906,11.61766496451595,0.4234336356813068,712.494640570879,15823.818907479656,0.0017505642774421851,38.791328312257434
978,810,Castanea',0,0,0,0,0,0,0,0.0,0.0,0.0,0.0,0.0,0.0,0.0,0.0
978,810,Catalpa',0,51,15,0,0,0,0,9.762923240661621,5.540553569793701,33.58578708635854,0.22263720379709917,180.23267209708692,2703.4315853678127,0.0008840031271548901,12.954127072638572
978,810,Celtis',0,99,69,0,0,0,0,10.656222343444824,6.9551100730896,40.45508709889424,0.6920889643834165,664.4845623755455,8344.76619489508,0.0020590058399541345,23.877911339137007
978,810,Cercis',0,0,0,0,0,0,0,0.0,0.0,0.0,0.0,0.0,0.0,0.0,0.0
978,810,Cercocarpus',0,0,0,0,0,0,0,0.0,0.0,0.0,0.0,0.0,0.0,0.0,0.0
978,810,Chamaecyparis',0,20,0,26,0,0,0,31.561187744140625,18.987573623657227,9.73973904967308,2.1120931617675742,2247.3766013967993,50051.15354524643,0.005134855375156149,113.73750415790357
978,810,Chilopsis',0,0,0,0,0,0,0,0.0,0.0,0.0,0.0,0.0,0.0,0.0,0.0
978,810,Chrysolepis',0,0,0,0,0,0,0,0.0,0.0,0.0,0.0,0.0,0.0,0.0,0.0
978,810,Cladrastis',0,0,0,0,0,0,0,0.0,0.0,0.0,0.0,0.0,0.0,0.0,0.0
978,810,Comus',0,0,0,0,0,0,0,0.0,0.0,0.0,0.0,0.0,0.0,0.0,0.0
978,810,Cornus',0,0,0,0,0,0,0,0.0,0.0,0.0,0.0,0.0,0.0,0.0,0.0
978,810,Crataegus',0,0,0,0,0,0,0,0.0,0.0,0.0,0.0,0.0,0.0,0.0,0.0
978,810,Cupressus',0,0,0,0,0,0,0,0.0,0.0,0.0,0.0,0.0,0.0,0.0,0.0
978,810,Diospyros',0,0,0,0,0,0,0,0.0,0.0,0.0,0.0,0.0,0.0,0.0,0.0
978,810,Elaeagnus',0,156,209,0,0,0,0,18.293123245239258,6.707603454589844,153.27324666318637,2.559781598590612,2249.0849692234397,19741.655808605385,0.007204420095674751,58.43507364807959
978,810,Fagus',0,0,0,0,0,0,0,0.0,0.0,0.0,0.0,0.0,0.0,0.0,0.0
978,810,Fraxinus',0,788,686,5,0,3,0,69.13172149658203,19.048751831054688,537.521655146457,13.171892190783614,16036.193674057127,84470.11880154797,0.043373908449378655,199.67551386992972
978,810,Gleditsia',0,56,0,0,0,0,0,7.135632514953613,5.461059093475342,5.854732717234122,0.15018325350146944,156.15365258663894,3390.9352948467654,0.0004312902606180796,9.419334251579366
978,810,Gordonia',0,0,0,0,0,0,0,0.0,0.0,0.0,0.0,0.0,0.0,0.0,0.0
978,810,Gymnocladus',0,27,0,0,0,0,0,4.389867305755615,3.392155408859253,5.6786904267117935,0.04128925369472279,43.096849143505096,963.6748430093047,0.00017751867724955306,3.9694382960584695
978,810,Halesia',0,0,0,0,0,0,0,0.0,0.0,0.0,0.0,0.0,0.0,0.0,0.0
978,810,Ilex',0,92,0,0,0,0,0,7.507168292999268,4.958107948303223,39.87061930894851,0.25119061872419174,280.63188408613206,3713.0736598793,0.0011995353513894011,15.72029448967102
978,810,Juglans',0,0,0,0,0,0,0,0.0,0.0,0.0,0.0,0.0,0.0,0.0,0.0
978,810,Juniperus',0,0,0,0,0,0,0,0.0,0.0,0.0,0.0,0.0,0.0,0.0,0.0
978,810,Larix',0,0,0,0,0,0,0,0.0,0.0,0.0,0.0,0.0,0.0,0.0,0.0
978,810,Liquidambar',0,0,0,0,0,0,0,0.0,0.0,0.0,0.0,0.0,0.0,0.0,0.0
978,810,Liriodendron',0,866,1239,24,0,0,0,45.784324645996094,17.278079986572266,797.3946682061952,24.950746957759414,21576.99936015129,84601.13850919988,0.05942782645587372,204.49942051452007
978,810,Lithocarpus',0,0,0,0,0,0,0,0.0,0.0,0.0,0.0,0.0,0.0,0.0,0.0
978,810,Maclura',0,8,2,0,0,0,0,10.526670455932617,6.192653179168701,10.5168020706388,0.03994921260491584,82.66444005846978,1349.1996150179075,0.00033509395886212643,5.520451630648474
978,810,Magnolia',0,69,0,0,0,0,0,3.2973411083221436,2.8086514472961426,22.94210968138296,0.05288833754644805,74.4322986459732,1201.7074637227593,0.0004956695275865448,7.999912440376762
978,810,Malus',0,0,0,0,0,0,0,0.0,0.0,0.0,0.0,0.0,0.0,0.0,0.0
978,810,Morus',0,0,0,0,0,0,0,0.0,0.0,0.0,0.0,0.0,0.0,0.0,0.0
978,810,Nyssa',0,0,0,0,0,0,0,0.0,0.0,0.0,0.0,0.0,0.0,0.0,0.0
978,810,Olneya',0,0,0,0,0,0,0,0.0,0.0,0.0,0.0,0.0,0.0,0.0,0.0
978,810,Ostrya',0,0,0,0,0,0,0,0.0,0.0,0.0,0.0,0.0,0.0,0.0,0.0
978,810,Oxydendron',0,0,0,0,0,0,0,0.0,0.0,0.0,0.0,0.0,0.0,0.0,0.0
978,810,Paulownia',0,86,51,0,0,0,0,18.661497116088867,7.891164779663086,56.30608449253854,0.9839494718385033,530.7844529676438,6534.55145881562,0.001990078388766389,20.983731899047648
978,810,Persea',0,0,0,0,0,0,0,0.0,0.0,0.0,0.0,0.0,0.0,0.0,0.0
978,810,Picea',0,0,0,0,0,0,0,0.0,0.0,0.0,0.0,0.0,0.0,0.0,0.0
978,810,Pinus',0,495,1112,407,17,0,5,97.74858856201172,33.58100891113281,740.0281973525881,73.95125776776574,93478.84075141638,348507.63024534937,0.21842005279184387,790.8927587115652
978,810,Planera',0,0,0,0,0,0,0,0.0,0.0,0.0,0.0,0.0,0.0,0.0,0.0
978,810,Platanus',0,26,31,0,0,0,0,11.659911155700684,4.625304222106934,36.74796056898334,0.4275638509560494,357.99659857273105,6380.7975686581485,0.0013245553479269243,22.98350577349582
978,810,Populus',0,189,136,0,0,0,0,21.88865089416504,8.8560209274292,139.7852092123107,1.8457903127757451,1416.7643594956398,11389.730267829553,0.0051606509650175,35.28318363520176
978,810,Prosopis',0,0,0,0,0,0,0,0.0,0.0,0.0,0.0,0.0,0.0,0.0,0.0
978,810,Prunus',0,40,0,0,0,0,0,3.7185959815979004,3.1097397804260254,18.60452792312525,0.04344180521735908,59.76209759712219,1336.3211270514262,0.0004006271753460244,8.958295977074423
978,810,Pseudotsuga',0,0,0,0,0,0,0,0.0,0.0,0.0,0.0,0.0,0.0,0.0,0.0
978,810,Quercus',0,103,126,0,0,0,0,18.06976890563965,8.380985260009766,133.40762102811397,1.7752507698359452,2039.1918167442084,22601.488670856084,0.00645201409949363,60.22859645390809
978,810,Robinia',0,0,0,0,0,0,0,0.0,0.0,0.0,0.0,0.0,0.0,0.0,0.0
978,810,Salix',0,833,126,0,0,0,0,15.937670707702637,9.772444725036621,285.36748405781725,2.2261085512207326,1762.8636254507303,8765.570123964551,0.008025498168043077,35.794754600447334
978,810,Sassafras',0,0,0,0,0,0,0,0.0,0.0,0.0,0.0,0.0,0.0,0.0,0.0
978,810,Sequoia',0,0,0,0,0,0,0,0.0,0.0,0.0,0.0,0.0,0.0,0.0,0.0
978,810,Sequoiadendron',0,0,0,0,0,0,0,0.0,0.0,0.0,0.0,0.0,0.0,0.0,0.0
978,810,Sorbus',0,0,0,0,0,0,0,0.0,0.0,0.0,0.0,0.0,0.0,0.0,0.0
978,810,Taxodium',0,0,0,0,0,0,0,0.0,0.0,0.0,0.0,0.0,0.0,0.0,0.0
978,810,Taxus',0,0,0,0,0,0,0,0.0,0.0,0.0,0.0,0.0,0.0,0.0,0.0
978,810,Thuja',0,0,0,0,0,0,0,0.0,0.0,0.0,0.0,0.0,0.0,0.0,0.0
978,810,Tilia',0,0,0,0,0,0,0,0.0,0.0,0.0,0.0,0.0,0.0,0.0,0.0
978,810,Torreya',0,0,0,0,0,0,0,0.0,0.0,0.0,0.0,0.0,0.0,0.0,0.0
978,810,Tsuga',0,0,0,0,0,0,0,0.0,0.0,0.0,0.0,0.0,0.0,0.0,0.0
978,810,Ulmus',0,26,99,26,0,0,0,41.13738250732422,14.110393524169922,77.29765397791242,3.962393779574213,4038.690133499801,37365.244088081905,0.010087609568141412,89.60879724276035
978,810,Umbellularia',0,0,0,0,0,0,0,0.0,0.0,0.0,0.0,0.0,0.0,0.0,0.0
978,820,Abies',0,0,0,0,0,0,0,0.0,0.0,0.0,0.0,0.0,0.0,0.0,0.0
978,820,Acer',0,1583,974,9,3,0,0,49.67461395263672,20.35462188720703,1035.5844291215878,21.30781632334329,28952.914115159587,112024.99234178785,0.07924762215268785,266.7845599146051
978,820,Aesculus',0,0,0,0,0,0,0,0.0,0.0,0.0,0.0,0.0,0.0,0.0,0.0
978,820,Ailanthus',0,393,57,0,0,0,0,16.370140075683594,8.171863555908203,168.80860043760342,1.3718772862274053,1435.2192118364574,10147.06938861868,0.005619469549220746,34.08707329004771
978,820,Alnus',0,141,0,0,0,0,0,7.630701065063477,5.6253862380981445,74.70356362152702,0.43964981950411014,426.4968062520027,4529.686624849739,0.002023169982083122,20.52577821750457
978,820,Amelanchier',0,0,0,0,0,0,0,0.0,0.0,0.0,0.0,0.0,0.0,0.0,0.0
978,820,Arbutus',0,0,0,0,0,0,0,0.0,0.0,0.0,0.0,0.0,0.0,0.0,0.0
978,820,Asimina',0,0,0,0,0,0,0,0.0,0.0,0.0,0.0,0.0,0.0,0.0,0.0
978,820,Betula',0,241,189,0,0,2,0,86.4205551147461,24.354459762573242,202.4863289188169,5.264640220931767,7971.593799689114,81843.88537051911,0.02062955626537002,189.1512602359079
978,820,Calocedrus',0,0,0,0,0,0,0,0.0,0.0,0.0,0.0,0.0,0.0,0.0,0.0
978,820,Carpinus',0,30,0,0,0,0,0,3.5202927589416504,3.528952121734619,10.99787090963955,0.02982196162060263,49.32227209448814,1102.8795320801626,0.00026792551660537395,5.990996680363613
978,820,Carya',0,4,16,0,0,0,0,20.828357696533203,13.578743934631348,16.924662831463387,0.5658212418079056,1024.190824508667,22585.02968087669,0.0025196196801588115,54.846238423547334
978,820,Castanea',0,0,0,0,0,0,0,0.0,0.0,0.0,0.0,0.0,0.0,0.0,0.0
978,820,Catalpa',0,31,0,0,0,0,0,3.319467067718506,2.818502187728882,12.421934404705143,0.02748571910895783,34.259390089511875,766.0632510783046,0.00025495262452773456,5.700913994859995
978,820,Celtis',0,61,92,0,0,0,0,14.39835262298584,8.71102237701416,45.26119766639003,1.0020523413094895,958.9916980606317,11526.276366877275,0.0027826527233859415,30.999139513315427
978,820,Cercis',0,0,0,0,0,0,0,0.0,0.0,0.0,0.0,0.0,0.0,0.0,0.0
978,820,Cercocarpus',0,0,0,0,0,0,0,0.0,0.0,0.0,0.0,0.0,0.0,0.0,0.0
978,820,Chamaecyparis',0,0,0,26,0,0,0,34.71238327026367,19.757083892822266,16.656817212104798,2.540044103837874,2810.871966443062,62853.00793015188,0.00648698055450126,145.05329488584098
978,820,Chilopsis',0,0,0,0,0,0,0,0.0,0.0,0.0,0.0,0.0,0.0,0.0,0.0
978,820,Chrysolepis',0,0,0,0,0,0,0,0.0,0.0,0.0,0.0,0.0,0.0,0.0,0.0
978,820,Cladrastis',0,0,0,0,0,0,0,0.0,0.0,0.0,0.0,0.0,0.0,0.0,0.0
978,820,Comus',0,0,0,0,0,0,0,0.0,0.0,0.0,0.0,0.0,0.0,0.0,0.0
978,820,Cornus',0,0,0,0,0,0,0,0.0,0.0,0.0,0.0,0.0,0.0,0.0,0.0
978,820,Crataegus',0,0,0,0,0,0,0,0.0,0.0,0.0,0.0,0.0,0.0,0.0,0.0
978,820,Cupressus',0,0,0,0,0,0,0,0.0,0.0,0.0,0.0,0.0,0.0,0.0,0.0
978,820,Diospyros',0,0,0,0,0,0,0,0.0,0.0,0.0,0.0,0.0,0.0,0.0,0.0
978,820,Elaeagnus',0,139,147,0,0,0,0,21.700681686401367,7.1707563400268555,117.00067867041575,2.2505652432390986,1969.3836223573983,20480.926591858675,0.006060697919604828,55.22036927945475
978,820,Fagus',0,34,0,0,0,0,0,1.2946698665618896,2.106008291244507,2.4343284188852277,0.0045128279285996005,10.388250840753317,232.288350472437,5.812851184513419e-05,1.2997930391662096
978,820,Fraxinus',0,685,623,7,0,3,0,74.52825164794922,19.603654861450195,451.52124979214955,12.837797756995238,16425.48319460541,96547.25449643037,0.04300097307743741,226.0491549255772
978,820,Gleditsia',0,39,0,0,0,0,0,5.566330909729004,4.601010799407959,14.334876715099508,0.0655766223748257,88.72689185291529,1819.190224262883,0.0004035293833632022,8.062070400859438
978,820,Gordonia',0,0,0,0,0,0,0,0.0,0.0,0.0,0.0,0.0,0.0,0.0,0.0
978,820,Gymnocladus',0,0,0,0,0,0,0,0.0,0.0,0.0,0.0,0.0,0.0,0.0,0.0
978,820,Halesia',0,0,0,0,0,0,0,0.0,0.0,0.0,0.0,0.0,0.0,0.0,0.0
978,820,Ilex',0,0,92,0,0,0,0,10.806333541870117,6.300904750823975,40.45757629036903,0.7541291782499521,707.5788917505741,9224.41603017996,0.00215678475467862,28.19517481400016
978,820,Juglans',0,0,0,0,0,0,0,0.0,0.0,0.0,0.0,0.0,0.0,0.0,0.0
978,820,Juniperus',0,0,0,0,0,0,0,0.0,0.0,0.0,0.0,0.0,0.0,0.0,0.0
978,820,Larix',0,0,0,0,0,0,0,0.0,0.0,0.0,0.0,0.0,0.0,0.0,0.0
978,820,Liquidambar',0,0,0,0,0,0,0,0.0,0.0,0.0,0.0,0.0,0.0,0.0,0.0
978,820,Liriodendron',0,940,896,48,8,0,0,49.34186553955078,18.1487979888916,679.2326789437734,23.722969876720093,21238.680617983267,90659.2851835591,0.05697499967010923,216.0235503097511
978,820,Lithocarpus',0,0,0,0,0,0,0,0.0,0.0,0.0,0.0,0.0,0.0,0.0,0.0
978,820,Maclura',0,38,8,0,0,0,0,11.118386268615723,6.420522689819336,20.269635994034477,0.11744811381895534,192.72048916518688,3145.798323169563,0.0007200604209117579,11.375064114148952
978,820,Magnolia',0,31,0,0,0,0,0,6.332414627075195,4.1271138191223145,4.6232814134299,0.10002511558474862,74.17920675337315,1658.6974881755204,0.0002313973871618509,5.174202875097274
978,820,Malus',0,0,0,0,0,0,0,0.0,0.0,0.0,0.0,0.0,0.0,0.0,0.0
978,820,Morus',0,20,0,0,0,0,0,2.097214937210083,2.5975139141082764,3.236715903010549,0.0072128393647999086,11.999475224018097,268.31642295228795,7.32598224766559e-05,1.6381394307736927
978,820,Nyssa',0,0,0,0,0,0,0,0.0,0.0,0.0,0.0,0.0,0.0,0.0,0.0
978,820,Olneya',0,0,0,0,0,0,0,0.0,0.0,0.0,0.0,0.0,0.0,0.0,0.0
978,820,Ostrya',0,0,0,0,0,0,0,0.0,0.0,0.0,0.0,0.0,0.0,0.0,0.0
978,820,Oxydendron',0,0,0,0,0,0,0,0.0,0.0,0.0,0.0,0.0,0.0,0.0,0.0
978,820,Paulownia',0,155,22,0,0,0,0,9.746662139892578,5.075254440307617,77.48954396742053,0.36714613182562683,248.66735420882702,2523.121430248952,0.0016680991616514428,15.969065267300726
978,820,Persea',0,0,0,0,0,0,0,0.0,0.0,0.0,0.0,0.0,0.0,0.0,0.0
978,820,Picea',0,0,0,0,0,0,0,0.0,0.0,0.0,0.0,0.0,0.0,0.0,0.0
978,820,Pinus',0,281,1204,358,20,0,5,101.61250305175781,33.791629791259766,764.5079193666577,76.46585765428755,97433.40142554522,371271.0280800405,0.22756156165100186,841.7280695026051
978,820,Planera',0,0,0,0,0,0,0,0.0,0.0,0.0,0.0,0.0,0.0,0.0,0.0
978,820,Platanus',0,28,26,0,0,0,0,9.29161262512207,3.9770853519439697,43.68480927204783,0.2045134402328705,215.2231893515587,3982.007418424706,0.001107140823885812,19.5143499701306
978,820,Populus',0,257,56,7,0,0,0,30.196378707885742,11.265608787536621,127.60685947594007,1.6958728212832759,1372.1847569197416,13181.825445609118,0.004886271068093348,38.58124080577781
978,820,Prosopis',0,0,0,0,0,0,0,0.0,0.0,0.0,0.0,0.0,0.0,0.0,0.0
978,820,Prunus',0,18,0,0,0,0,0,0.759059727191925,1.825585126876831,0.6626829935261342,0.0008272141845578175,1.9869880882650615,44.430404358430195,1.3955218929331748e-05,0.31204818166877724
978,820,Pseudotsuga',0,0,0,0,0,0,0,0.0,0.0,0.0,0.0,0.0,0.0,0.0,0.0
978,820,Quercus',0,104,125,0,0,0,0,20.46288299560547,9.17715835571289,104.38629369098173,2.2845474646038295,2600.817284089923,30706.08069449866,0.007282292598847757,76.04543814997132
978,820,Robinia',0,0,0,0,0,0,0,0.0,0.0,0.0,0.0,0.0,0.0,0.0,0.0
978,820,Salix',0,764,192,0,0,0,0,25.593055725097656,10.811203956604004,289.3732917976059,3.3976473149059934,2631.852932252735,16248.1148046321,0.01001425136486855,49.982015730577594
978,820,Sassafras',0,5,0,0,0,0,0,1.8330451250076294,3.229391098022461,0.6543566640230674,0.0015094968908929988,1.9635832211375237,43.90705561941532,1.378334596892815e-05,0.3082049854392077
978,820,Sequoia',0,0,0,0,0,0,0,0.0,0.0,0.0,0.0,0.0,0.0,0.0,0.0
978,820,Sequoiadendron',0,0,0,0,0,0,0,0.0,0.0,0.0,0.0,0.0,0.0,0.0,0.0
978,820,Sorbus',0,0,0,0,0,0,0,0.0,0.0,0.0,0.0,0.0,0.0,0.0,0.0
978,820,Taxodium',0,0,0,0,0,0,0,0.0,0.0,0.0,0.0,0.0,0.0,0.0,0.0
978,820,Taxus',0,0,0,0,0,0,0,0.0,0.0,0.0,0.0,0.0,0.0,0.0,0.0
978,820,Thuja',0,0,0,0,0,0,0,0.0,0.0,0.0,0.0,0.0,0.0,0.0,0.0
978,820,Tilia',0,0,0,0,0,0,0,0.0,0.0,0.0,0.0,0.0,0.0,0.0,0.0
978,820,Torreya',0,0,0,0,0,0,0,0.0,0.0,0.0,0.0,0.0,0.0,0.0,0.0
978,820,Tsuga',0,0,0,0,0,0,0,0.0,0.0,0.0,0.0,0.0,0.0,0.0,0.0
978,820,Ulmus',0,95,96,10,2,0,0,49.107601165771484,15.970672607421875,77.62196867809264,3.3847955705694996,3535.1089911860226,33533.05216369877,0.008973208992470037,79.89947763079026
978,820,Umbellularia',0,0,0,0,0,0,0,0.0,0.0,0.0,0.0,0.0,0.0,0.0,0.0
978,830,Abies',0,0,0,0,0,0,0,0.0,0.0,0.0,0.0,0.0,0.0,0.0,0.0
978,830,Acer',0,1473,931,8,0,0,0,33.8391227722168,18.568017959594727,1022.9980836502169,19.471118108516293,26539.23942354113,113339.27447896435,0.07370271327741187,267.7083436422332
978,830,Aesculus',0,0,0,0,0,0,0,0.0,0.0,0.0,0.0,0.0,0.0,0.0,0.0
978,830,Ailanthus',0,392,138,1,0,0,0,32.971378326416016,13.019476890563965,201.8879235182193,2.404379874840538,2523.092477525771,19603.2937737218,0.008513161085651026,54.943390361071344
978,830,Alnus',0,95,38,0,0,0,0,10.059181213378906,6.791748523712158,51.51368310179891,0.5144307831378521,450.38715110063555,5945.235593898487,0.0017424283981500178,19.81260972433555
978,830,Amelanchier',0,33,0,0,0,0,0,0.8339006304740906,1.8759868144989014,0.0,0.0018503840975731762,5.824943474531174,130.2496957414555,1.2944318380905314e-05,0.2894437582210422
978,830,Arbutus',0,0,0,0,0,0,0,0.0,0.0,0.0,0.0,0.0,0.0,0.0,0.0
978,830,Asimina',0,0,0,0,0,0,0,0.0,0.0,0.0,0.0,0.0,0.0,0.0,0.0
978,830,Betula',0,102,292,0,0,0,0,55.83086013793945,17.363330841064453,171.64495066421318,5.074547839454437,6147.214153206646,43567.060670906256,0.016131400312198316,106.5745438366825
978,830,Calocedrus',0,0,0,0,0,0,0,0.0,0.0,0.0,0.0,0.0,0.0,0.0,0.0
978,830,Carpinus',0,30,0,0,0,0,0,2.9987707138061523,3.2306745052337646,8.275841002977346,0.021640394022234236,35.916273572444915,803.1122920646714,0.0001989492649361485,4.448640804708365
978,830,Carya',0,28,16,0,0,0,0,23.58740997314453,14.833650588989258,16.44394617857812,0.7345757525245135,1385.9465813434124,30265.195929801972,0.003316600928328925,70.40580322044174
978,830,Castanea',0,0,0,0,0,0,0,0.0,0.0,0.0,0.0,0.0,0.0,0.0,0.0
978,830,Catalpa',0,18,31,0,0,0,0,8.670191764831543,5.09891414642334,18.76162781462639,0.22154821327352686,158.67937528431415,2792.8533223981235,0.0006227048951666748,9.85912186361896
978,830,Celtis',0,98,82,0,0,0,0,17.19096565246582,9.950779914855957,58.652234559855124,1.5483372301962197,1562.0000353810192,18665.48290249268,0.0043154427464343345,47.242524726371116
978,830,Cercis',0,0,0,0,0,0,0,0.0,0.0,0.0,0.0,0.0,0.0,0.0,0.0
978,830,Cercocarpus',0,0,0,0,0,0,0,0.0,0.0,0.0,0.0,0.0,0.0,0.0,0.0
978,830,Chamaecyparis',0,0,0,26,0,0,0,37.776729583740234,20.410818099975586,14.05446818590164,3.0082997498669224,3407.4708973240854,76193.36557768866,0.007775166570067473,173.8580098705475
978,830,Chilopsis',0,0,0,0,0,0,0,0.0,0.0,0.0,0.0,0.0,0.0,0.0,0.0
978,830,Chrysolepis',0,0,0,0,0,0,0,0.0,0.0,0.0,0.0,0.0,0.0,0.0,0.0
978,830,Cladrastis',0,0,0,0,0,0,0,0.0,0.0,0.0,0.0,0.0,0.0,0.0,0.0
978,830,Comus',0,0,0,0,0,0,0,0.0,0.0,0.0,0.0,0.0,0.0,0.0,0.0
978,830,Cornus',0,0,0,0,0,0,0,0.0,0.0,0.0,0.0,0.0,0.0,0.0,0.0
978,830,Crataegus',0,0,0,0,0,0,0,0.0,0.0,0.0,0.0,0.0,0.0,0.0,0.0
978,830,Cupressus',0,0,0,0,0,0,0,0.0,0.0,0.0,0.0,0.0,0.0,0.0,0.0
978,830,Diospyros',0,0,0,0,0,0,0,0.0,0.0,0.0,0.0,0.0,0.0,0.0,0.0
978,830,Elaeagnus',0,147,118,0,0,0,0,16.928491592407227,6.490753173828125,107.17471808760979,2.016047735235141,1756.0947433364393,18054.26591056659,0.005445272396989145,49.58900082663328
978,830,Fagus',0,34,0,0,0,0,0,4.059468746185303,3.764329195022583,15.99351117128058,0.04436792303529491,71.62191221237183,1601.5146438538495,0.0003893952810987821,8.707143186545256
978,830,Fraxinus',0,791,505,18,0,0,0,41.58930206298828,18.615568161010742,513.1926626914852,10.643420509169262,12766.493409467043,60061.46259177427,0.035757678450425566,148.57596954583747
978,830,Gleditsia',0,27,0,0,0,0,0,7.321547031402588,5.560999393463135,17.149583265373977,0.08524633671404003,117.10431463122369,1885.954986670592,0.0005071095873936983,8.010193003448
978,830,Gordonia',0,0,0,0,0,0,0,0.0,0.0,0.0,0.0,0.0,0.0,0.0,0.0
978,830,Gymnocladus',0,0,0,0,0,0,0,0.0,0.0,0.0,0.0,0.0,0.0,0.0,0.0
978,830,Halesia',0,0,0,0,0,0,0,0.0,0.0,0.0,0.0,0.0,0.0,0.0,0.0
978,830,Ilex',0,0,92,0,0,0,0,15.265364646911621,7.898770332336426,27.86846324622631,1.3526914032372637,1277.6989104431868,17159.64271186587,0.0032418754768073835,43.46541399767692
978,830,Juglans',0,0,0,0,0,0,0,0.0,0.0,0.0,0.0,0.0,0.0,0.0,0.0
978,830,Juniperus',0,0,0,0,0,0,0,0.0,0.0,0.0,0.0,0.0,0.0,0.0,0.0
978,830,Larix',0,0,0,0,0,0,0,0.0,0.0,0.0,0.0,0.0,0.0,0.0,0.0
978,830,Liquidambar',0,0,0,0,0,0,0,0.0,0.0,0.0,0.0,0.0,0.0,0.0,0.0
978,830,Liriodendron',0,1191,1004,30,8,0,0,52.508541107177734,18.888893127441406,829.1388039729451,24.288532829472732,21793.82263070822,89256.87092913089,0.06036663091900221,214.12722233595042
978,830,Lithocarpus',0,0,0,0,0,0,0,0.0,0.0,0.0,0.0,0.0,0.0,0.0,0.0
978,830,Maclura',0,59,46,0,0,0,0,17.011606216430664,8.463312149047852,27.622433028455017,0.538515188883861,755.3186016052962,9519.493898287423,0.002076126090090723,25.240000525219507
978,830,Magnolia',0,16,31,0,0,0,0,10.473029136657715,5.823342800140381,28.886726921117756,0.31667983858827525,272.66589995861057,4979.909824670616,0.0010217647091559966,16.86830987190308
978,830,Malus',0,0,0,0,0,0,0,0.0,0.0,0.0,0.0,0.0,0.0,0.0,0.0
978,830,Morus',0,68,0,0,0,0,0,5.526569843292236,4.537661552429199,17.13974764452705,0.09557052988575615,110.73348570168018,2409.8102253469997,0.0004928106071741785,10.871270266962485
978,830,Nyssa',0,0,0,0,0,0,0,0.0,0.0,0.0,0.0,0.0,0.0,0.0,0.0
978,830,Olneya',0,0,0,0,0,0,0,0.0,0.0,0.0,0.0,0.0,0.0,0.0,0.0
978,830,Ostrya',0,0,0,0,0,0,0,0.0,0.0,0.0,0.0,0.0,0.0,0.0,0.0
978,830,Oxydendron',0,0,0,0,0,0,0,0.0,0.0,0.0,0.0,0.0,0.0,0.0,0.0
978,830,Paulownia',0,191,40,0,0,0,0,9.860678672790527,5.114836692810059,95.23675898490826,0.5889336268795202,360.01489910542966,3263.1957008047466,0.002171019177304591,18.594265463363683
978,830,Persea',0,0,0,0,0,0,0,0.0,0.0,0.0,0.0,0.0,0.0,0.0,0.0
978,830,Picea',0,0,0,0,0,0,0,0.0,0.0,0.0,0.0,0.0,0.0,0.0,0.0
978,830,Pinus',0,320,1070,416,15,0,5,105.4844741821289,33.98015594482422,727.3430986082553,75.5942880806462,97111.79168823361,383149.9321484572,0.22631005060853548,865.6126905416002
978,830,Planera',0,0,0,0,0,0,0,0.0,0.0,0.0,0.0,0.0,0.0,0.0,0.0
978,830,Platanus',0,61,26,0,0,0,0,12.464268684387207,4.842421531677246,67.18489570236657,0.4082099274175956,402.3054821175337,6498.03357415367,0.001861176098483627,27.01549979615646
978,830,Populus',0,105,142,0,0,0,0,12.946121215820312,5.9945244789123535,110.47074233806585,1.5084916738899241,1038.3104718410968,8442.128878167443,0.0038976442809677873,30.193156871576427
978,830,Prosopis',0,0,0,0,0,0,0,0.0,0.0,0.0,0.0,0.0,0.0,0.0,0.0
978,830,Prunus',0,9,0,0,0,0,0,5.008189678192139,4.3253350257873535,7.232716490950764,0.018438571330312792,21.736030225753783,486.03241145776167,0.00015242126170545816,3.4082430238968957
978,830,Pseudotsuga',0,0,0,0,0,0,0,0.0,0.0,0.0,0.0,0.0,0.0,0.0,0.0
978,830,Quercus',0,24,156,0,0,0,0,22.75577735900879,9.912469863891602,112.01113936173009,3.2191669652830646,3862.8385827928782,42638.45303279024,0.010196548270557996,106.1435965575189
978,830,Robinia',0,0,0,0,0,0,0,0.0,0.0,0.0,0.0,0.0,0.0,0.0,0.0
978,830,Salix',0,444,168,0,0,0,0,21.190336227416992,9.689470291137695,180.19697869809556,2.2672019261947067,1688.8185369385778,11000.158888564249,0.00634696575265833,38.14916376010515
978,830,Sassafras',0,0,0,0,0,0,0,0.0,0.0,0.0,0.0,0.0,0.0,0.0,0.0
978,830,Sequoia',0,0,0,0,0,0,0,0.0,0.0,0.0,0.0,0.0,0.0,0.0,0.0
978,830,Sequoiadendron',0,0,0,0,0,0,0,0.0,0.0,0.0,0.0,0.0,0.0,0.0,0.0
978,830,Sorbus',0,0,0,0,0,0,0,0.0,0.0,0.0,0.0,0.0,0.0,0.0,0.0
978,830,Taxodium',0,0,0,0,0,0,0,0.0,0.0,0.0,0.0,0.0,0.0,0.0,0.0
978,830,Taxus',0,0,0,0,0,0,0,0.0,0.0,0.0,0.0,0.0,0.0,0.0,0.0
978,830,Thuja',0,0,0,0,0,0,0,0.0,0.0,0.0,0.0,0.0,0.0,0.0,0.0
978,830,Tilia',0,0,0,0,0,0,0,0.0,0.0,0.0,0.0,0.0,0.0,0.0,0.0
978,830,Torreya',0,0,0,0,0,0,0,0.0,0.0,0.0,0.0,0.0,0.0,0.0,0.0
978,830,Tsuga',0,0,0,0,0,0,0,0.0,0.0,0.0,0.0,0.0,0.0,0.0,0.0
978,830,Ulmus',0,80,69,10,2,0,0,56.55813217163086,17.563440322875977,89.34348784481422,3.147130271822118,3596.5068618619443,40237.85937387055,0.009278386728517702,95.82677719175135
978,830,Umbellularia',0,0,0,0,0,0,0,0.0,0.0,0.0,0.0,0.0,0.0,0.0,0.0
978,840,Abies',0,0,0,0,0,0,0,0.0,0.0,0.0,0.0,0.0,0.0,0.0,0.0
978,840,Acer',0,1687,796,14,0,0,0,37.04038619995117,19.658580780029297,912.385041255657,16.288836880649033,21580.96274540562,89315.3520315359,0.06109198477688998,214.02807840888028
978,840,Aesculus',0,0,0,0,0,0,0,0.0,0.0,0.0,0.0,0.0,0.0,0.0,0.0
978,840,Ailanthus',0,300,130,15,0,0,0,47.876426696777344,16.092449188232422,125.47509692043442,3.2683935342515973,3566.465933698416,32414.239843444717,0.009731763737163064,79.20943932507615
978,840,Alnus',0,28,85,0,0,0,0,14.199790000915527,8.58003044128418,43.7149392143835,1.210492661931328,1055.3145008432866,13994.77004938547,0.002974444130208311,36.6878008299269
978,840,Amelanchier',0,0,0,0,0,0,0,0.0,0.0,0.0,0.0,0.0,0.0,0.0,0.0
978,840,Arbutus',0,0,0,0,0,0,0,0.0,0.0,0.0,0.0,0.0,0.0,0.0,0.0
978,840,Asimina',0,0,0,0,0,0,0,0.0,0.0,0.0,0.0,0.0,0.0,0.0,0.0
978,840,Betula',0,116,244,2,0,0,0,69.35616302490234,19.07316780090332,188.35558071260965,5.3056980999969,6626.9650978070495,45466.29020411467,0.01743807252978903,110.90326084777375
978,840,Calocedrus',0,0,0,0,0,0,0,0.0,0.0,0.0,0.0,0.0,0.0,0.0,0.0
978,840,Carpinus',0,30,0,0,0,0,0,6.561387062072754,5.076911449432373,8.88858679163305,0.10360243387968092,110.72098527073861,2475.796496011218,0.0003740027719289065,8.362956218063943
978,840,Carya',0,91,16,0,0,0,0,26.05202293395996,15.89391803741455,32.155315300709084,0.9891218368312589,1917.3288430774212,38923.29780724132,0.0047236242879890155,90.28863066113674
978,840,Castanea',0,0,0,0,0,0,0,0.0,0.0,0.0,0.0,0.0,0.0,0.0,0.0
978,840,Catalpa',0,0,0,0,0,0,0,0.0,0.0,0.0,0.0,0.0,0.0,0.0,0.0
978,840,Celtis',0,83,141,0,0,0,0,19.40648651123047,10.89348030090332,76.10481569897146,2.706374109032474,2819.563698873818,28401.431925997727,0.007361268222130388,69.0984771755815
978,840,Cercis',0,0,0,0,0,0,0,0.0,0.0,0.0,0.0,0.0,0.0,0.0,0.0
978,840,Cercocarpus',0,0,0,0,0,0,0,0.0,0.0,0.0,0.0,0.0,0.0,0.0,0.0
978,840,Chamaecyparis',0,23,0,26,0,0,0,40.680625915527344,20.954931259155273,10.454839637205005,3.4890341006319887,4027.7507322309166,90038.2839731578,0.009101571611278846,203.35103495362665
978,840,Chilopsis',0,0,0,0,0,0,0,0.0,0.0,0.0,0.0,0.0,0.0,0.0,0.0
978,840,Chrysolepis',0,0,0,0,0,0,0,0.0,0.0,0.0,0.0,0.0,0.0,0.0,0.0
978,840,Cladrastis',0,0,0,0,0,0,0,0.0,0.0,0.0,0.0,0.0,0.0,0.0,0.0
978,840,Comus',0,0,0,0,0,0,0,0.0,0.0,0.0,0.0,0.0,0.0,0.0,0.0
978,840,Cornus',0,0,0,0,0,0,0,0.0,0.0,0.0,0.0,0.0,0.0,0.0,0.0
978,840,Crataegus',0,0,0,0,0,0,0,0.0,0.0,0.0,0.0,0.0,0.0,0.0,0.0
978,840,Cupressus',0,0,0,0,0,0,0,0.0,0.0,0.0,0.0,0.0,0.0,0.0,0.0
978,840,Diospyros',0,0,0,0,0,0,0,0.0,0.0,0.0,0.0,0.0,0.0,0.0,0.0
978,840,Elaeagnus',0,263,136,0,0,0,0,19.44159507751465,6.875513076782227,150.5951000523718,2.6247084697682768,2349.084741588831,23333.028354857892,0.0073880884176194764,64.35767640073051
978,840,Fagus',0,34,0,0,0,0,0,6.328446865081787,5.063652515411377,20.334701879492286,0.10782636648548982,139.63561839699744,3122.347348159098,0.0006030306914895856,13.484176186894068
978,840,Fraxinus',0,579,540,15,2,0,0,49.80939865112305,19.82137107849121,445.2206233608289,12.765976165832917,16038.820344068557,79763.87690240398,0.04205102162710253,189.67931592297526
978,840,Gleditsia',0,96,37,0,0,0,0,12.863663673400879,8.360420227050781,42.9114341179404,0.46374120089173976,616.5665265136957,7457.624252930399,0.001987881778046482,23.04676490947378
978,840,Gordonia',0,0,0,0,0,0,0,0.0,0.0,0.0,0.0,0.0,0.0,0.0,0.0
978,840,Gymnocladus',0,0,0,0,0,0,0,0.0,0.0,0.0,0.0,0.0,0.0,0.0,0.0
978,840,Halesia',0,0,0,0,0,0,0,0.0,0.0,0.0,0.0,0.0,0.0,0.0,0.0
978,840,Ilex',0,30,27,0,0,0,0,18.651588439941406,8.964738845825195,22.543380888700483,0.7832146798698497,824.7096553075314,17695.74367038186,0.0021583146630858017,44.09113129409459
978,840,Juglans',0,0,0,0,0,0,0,0.0,0.0,0.0,0.0,0.0,0.0,0.0,0.0
978,840,Juniperus',0,0,0,0,0,0,0,0.0,0.0,0.0,0.0,0.0,0.0,0.0,0.0
978,840,Larix',0,0,0,0,0,0,0,0.0,0.0,0.0,0.0,0.0,0.0,0.0,0.0
978,840,Liquidambar',0,0,0,0,0,0,0,0.0,0.0,0.0,0.0,0.0,0.0,0.0,0.0
978,840,Liriodendron',0,1355,1171,50,8,0,0,55.14844512939453,19.481767654418945,1015.6636147465131,27.981189132138656,25543.97548269391,100492.92637064827,0.0713854316287359,239.1238450382495
978,840,Lithocarpus',0,0,0,0,0,0,0,0.0,0.0,0.0,0.0,0.0,0.0,0.0,0.0
978,840,Maclura',0,61,68,0,0,0,0,23.244558334350586,10.233113288879395,32.693939083550546,0.9146760573761568,1376.5292259305716,17696.02332654906,0.0035296013257913247,44.118445355963125
978,840,Magnolia',0,0,16,0,0,0,0,12.088512420654297,6.454565525054932,12.50175911980339,0.18776684232834115,160.34014107584954,3585.3145496750567,0.0005362811810523271,11.991611758868775
978,840,Malus',0,0,0,0,0,0,0,0.0,0.0,0.0,0.0,0.0,0.0,0.0,0.0
978,840,Morus',0,0,39,0,0,0,0,9.168854713439941,6.374783039093018,5.598099039325231,0.26146601598341124,237.82171536684038,5317.855220858614,0.0006090804306417801,13.619452466798661
978,840,Nyssa',0,0,0,0,0,0,0,0.0,0.0,0.0,0.0,0.0,0.0,0.0,0.0
978,840,Olneya',0,0,0,0,0,0,0,0.0,0.0,0.0,0.0,0.0,0.0,0.0,0.0
978,840,Ostrya',0,0,0,0,0,0,0,0.0,0.0,0.0,0.0,0.0,0.0,0.0,0.0
978,840,Oxydendron',0,0,0,0,0,0,0,0.0,0.0,0.0,0.0,0.0,0.0,0.0,0.0
978,840,Paulownia',0,196,48,0,0,0,0,18.02326774597168,7.707268714904785,105.8400644380835,0.9882927760622581,582.4610576605797,6804.446628296074,0.0028179844093266823,24.483598405464555
978,840,Persea',0,0,0,0,0,0,0,0.0,0.0,0.0,0.0,0.0,0.0,0.0,0.0
978,840,Picea',0,0,0,0,0,0,0,0.0,0.0,0.0,0.0,0.0,0.0,0.0,0.0
978,840,Pinus',0,376,1064,342,40,0,5,109.08499908447266,34.13733673095703,781.208687197268,81.62036447084819,106838.27478009075,416941.88879555254,0.2487025125498643,941.9973804373126
978,840,Planera',0,0,0,0,0,0,0,0.0,0.0,0.0,0.0,0.0,0.0,0.0,0.0
978,840,Platanus',0,1,55,0,0,0,0,15.125059127807617,5.549837112426758,45.69401065571398,0.6410271364575719,534.0596662378312,9176.335658069878,0.0018445899095809917,29.86229362490278
978,840,Populus',0,125,73,0,0,0,0,17.411556243896484,7.4598164558410645,74.33702390310884,1.35352965749499,938.7824431604147,9751.995693123483,0.0031563058805591446,29.907056098220522
978,840,Prosopis',0,0,0,0,0,0,0,0.0,0.0,0.0,0.0,0.0,0.0,0.0,0.0
978,840,Prunus',0,0,9,0,0,0,0,10.102702140808105,6.5267229080200195,5.648107196711286,0.07503101607704366,53.838136196136475,1203.8573231645255,0.0002009479482024899,4.493332721198757
978,840,Pseudotsuga',0,0,0,0,0,0,0,0.0,0.0,0.0,0.0,0.0,0.0,0.0,0.0
978,840,Quercus',0,0,92,0,0,0,0,24.921367645263672,11.09829044342041,44.121010773166816,3.201890524017966,4123.134177447558,53381.52767516705,0.009797667065590609,125.29131412730553
978,840,Robinia',0,0,0,0,0,0,0,0.0,0.0,0.0,0.0,0.0,0.0,0.0,0.0
978,840,Salix',0,503,130,0,0,0,0,15.88451099395752,9.74882698059082,183.40159725857592,2.1977194057194707,1716.2315285616369,13485.946177677224,0.006454015776599789,39.94926825871646
978,840,Sassafras',0,0,0,0,0,0,0,0.0,0.0,0.0,0.0,0.0,0.0,0.0,0.0
978,840,Sequoia',0,0,0,0,0,0,0,0.0,0.0,0.0,0.0,0.0,0.0,0.0,0.0
978,840,Sequoiadendron',0,0,0,0,0,0,0,0.0,0.0,0.0,0.0,0.0,0.0,0.0,0.0
978,840,Sorbus',0,0,0,0,0,0,0,0.0,0.0,0.0,0.0,0.0,0.0,0.0,0.0
978,840,Taxodium',0,0,0,0,0,0,0,0.0,0.0,0.0,0.0,0.0,0.0,0.0,0.0
978,840,Taxus',0,0,0,0,0,0,0,0.0,0.0,0.0,0.0,0.0,0.0,0.0,0.0
978,840,Thuja',0,0,0,0,0,0,0,0.0,0.0,0.0,0.0,0.0,0.0,0.0,0.0
978,840,Tilia',0,0,0,0,0,0,0,0.0,0.0,0.0,0.0,0.0,0.0,0.0,0.0
978,840,Torreya',0,0,0,0,0,0,0,0.0,0.0,0.0,0.0,0.0,0.0,0.0,0.0
978,840,Tsuga',0,0,0,0,0,0,0,0.0,0.0,0.0,0.0,0.0,0.0,0.0,0.0
978,840,Ulmus',0,40,71,10,2,0,0,62.617408752441406,18.762781143188477,75.99447156432308,3.377126602437002,4009.5285273337363,47156.09879844465,0.010004045791886755,109.91614594278198
978,840,Umbellularia',0,0,0,0,0,0,0,0.0,0.0,0.0,0.0,0.0,0.0,0.0,0.0
978,850,Abies',0,0,0,0,0,0,0,0.0,0.0,0.0,0.0,0.0,0.0,0.0,0.0
978,850,Acer',0,1479,738,6,0,0,0,36.11294174194336,17.01007652282715,958.1689222942141,14.59498201443345,18751.21118141964,79155.57580272407,0.05546273175431803,192.79340426582937
978,850,Aesculus',0,0,0,0,0,0,0,0.0,0.0,0.0,0.0,0.0,0.0,0.0,0.0
978,850,Ailanthus',0,252,109,0,0,0,0,15.359435081481934,7.815542221069336,129.88387437419422,1.3507935405164466,1307.6013601484894,10368.010035959922,0.004775531335692151,33.41728202324696
978,850,Alnus',0,9,17,0,0,0,0,18.764257431030273,10.291707992553711,17.907105220269553,0.5115786426372013,502.9969309067726,10570.006355432062,0.00137555365717411,26.76553283674606
978,850,Amelanchier',0,0,0,0,0,0,0,0.0,0.0,0.0,0.0,0.0,0.0,0.0,0.0
978,850,Arbutus',0,0,0,0,0,0,0,0.0,0.0,0.0,0.0,0.0,0.0,0.0,0.0
978,850,Asimina',0,0,0,0,0,0,0,0.0,0.0,0.0,0.0,0.0,0.0,0.0,0.0
978,850,Betula',0,263,235,2,0,0,0,80.98172760009766,20.186199188232422,212.4889427178268,6.033206183328183,7797.512560050488,51663.6761355765,0.020386701773514003,126.14789638513676
978,850,Calocedrus',0,0,0,0,0,0,0,0.0,0.0,0.0,0.0,0.0,0.0,0.0,0.0
978,850,Carpinus',0,0,30,0,0,0,0,10.507965087890625,6.671945095062256,7.28582260540769,0.2657148856257158,277.24157340407373,6199.310043205022,0.0007209758671820267,16.121510491558602
978,850,Carya',0,24,28,16,0,0,0,28.406415939331055,16.856063842773438,25.27127280124003,1.2235997991239616,2418.628070527613,48539.88671512948,0.005738522889709994,111.80142401238712
978,850,Castanea',0,0,0,0,0,0,0,0.0,0.0,0.0,0.0,0.0,0.0,0.0,0.0
978,850,Catalpa',0,0,0,0,0,0,0,0.0,0.0,0.0,0.0,0.0,0.0,0.0,0.0
978,850,Celtis',0,117,119,0,0,0,0,18.540132522583008,10.529052734375,90.48524136926177,2.1304469579011225,2252.9691701623797,22000.67530989903,0.006309183354933292,55.74265341562602
978,850,Cercis',0,0,0,0,0,0,0,0.0,0.0,0.0,0.0,0.0,0.0,0.0,0.0
978,850,Cercocarpus',0,0,0,0,0,0,0,0.0,0.0,0.0,0.0,0.0,0.0,0.0,0.0
978,850,Chamaecyparis',0,23,0,26,0,0,0,43.405921936035156,21.406749725341797,32.941007671356196,4.04329550112413,4752.614885854721,104567.67862292135,0.011037181231339626,237.8989654220328
978,850,Chilopsis',0,0,0,0,0,0,0,0.0,0.0,0.0,0.0,0.0,0.0,0.0,0.0
978,850,Chrysolepis',0,0,0,0,0,0,0,0.0,0.0,0.0,0.0,0.0,0.0,0.0,0.0
978,850,Cladrastis',0,0,0,0,0,0,0,0.0,0.0,0.0,0.0,0.0,0.0,0.0,0.0
978,850,Comus',0,0,0,0,0,0,0,0.0,0.0,0.0,0.0,0.0,0.0,0.0,0.0
978,850,Cornus',0,0,0,0,0,0,0,0.0,0.0,0.0,0.0,0.0,0.0,0.0,0.0
978,850,Crataegus',0,0,0,0,0,0,0,0.0,0.0,0.0,0.0,0.0,0.0,0.0,0.0
978,850,Cupressus',0,0,0,0,0,0,0,0.0,0.0,0.0,0.0,0.0,0.0,0.0,0.0
978,850,Diospyros',0,0,0,0,0,0,0,0.0,0.0,0.0,0.0,0.0,0.0,0.0,0.0
978,850,Elaeagnus',0,228,90,0,0,0,0,14.190062522888184,5.991748332977295,142.52743233042423,1.2573100942114153,1169.5278156876564,9780.333897003844,0.004650712249971471,34.75856876239716
978,850,Fagus',0,0,34,0,0,0,0,8.88152027130127,6.462277889251709,13.729491409244416,0.2123759415922743,228.318612228632,5105.359374716357,0.0007050183294564372,15.764689100479218
978,850,Fraxinus',0,840,560,10,5,0,0,49.801971435546875,20.81468963623047,550.1091609411884,14.27465606579406,18277.065001008363,93069.6080806009,0.04853482688751626,221.3070035226187
978,850,Gleditsia',0,24,9,0,0,0,0,16.07053565979004,9.831353187561035,11.649557044611699,0.26197356942977323,333.39911316514014,6210.228418425317,0.0009085887789279213,16.396337440887564
978,850,Gordonia',0,0,0,0,0,0,0,0.0,0.0,0.0,0.0,0.0,0.0,0.0,0.0
978,850,Gymnocladus',0,0,0,0,0,0,0,0.0,0.0,0.0,0.0,0.0,0.0,0.0,0.0
978,850,Halesia',0,0,0,0,0,0,0,0.0,0.0,0.0,0.0,0.0,0.0,0.0,0.0
978,850,Ilex',0,60,27,0,0,0,0,21.471952438354492,9.766192436218262,21.90792447000742,1.0642079215676226,1150.308433033526,24357.55099873413,0.0028726886842234006,58.288491056469
978,850,Juglans',0,0,0,0,0,0,0,0.0,0.0,0.0,0.0,0.0,0.0,0.0,0.0
978,850,Juniperus',0,0,0,0,0,0,0,0.0,0.0,0.0,0.0,0.0,0.0,0.0,0.0
978,850,Larix',0,0,0,0,0,0,0,0.0,0.0,0.0,0.0,0.0,0.0,0.0,0.0
978,850,Liquidambar',0,0,0,0,0,0,0,0.0,0.0,0.0,0.0,0.0,0.0,0.0,0.0
978,850,Liriodendron',0,1085,1210,42,8,0,0,57.22577667236328,19.93343162536621,938.5132787088992,28.873835371393948,26453.75626421124,107917.14634723337,0.07229654498553018,255.27224546707077
978,850,Lithocarpus',0,0,0,0,0,0,0,0.0,0.0,0.0,0.0,0.0,0.0,0.0,0.0
978,850,Maclura',0,39,100,8,0,0,0,28.954830169677734,11.564647674560547,53.436665779239014,1.3598707446905882,2126.8045154827832,27617.651203676483,0.005495482643633129,67.66610445081261
978,850,Magnolia',0,0,16,0,0,0,0,16.968952178955078,8.263163566589355,11.468019692958155,0.36998424609134517,328.60935338735584,7347.928522163764,0.0008953315259218149,20.02022154359791
978,850,Malus',0,0,0,0,0,0,0,0.0,0.0,0.0,0.0,0.0,0.0,0.0,0.0
978,850,Morus',0,0,39,0,0,0,0,12.513160705566406,7.880499362945557,11.647951848144771,0.48698895530184744,489.90221296548845,10954.546505184113,0.0012563502967357634,28.092846670531998
978,850,Nyssa',0,0,0,0,0,0,0,0.0,0.0,0.0,0.0,0.0,0.0,0.0,0.0
978,850,Olneya',0,0,0,0,0,0,0,0.0,0.0,0.0,0.0,0.0,0.0,0.0,0.0
978,850,Ostrya',0,0,0,0,0,0,0,0.0,0.0,0.0,0.0,0.0,0.0,0.0,0.0
978,850,Oxydendron',0,0,0,0,0,0,0,0.0,0.0,0.0,0.0,0.0,0.0,0.0,0.0
978,850,Paulownia',0,160,46,0,0,0,0,15.286897659301758,6.889132499694824,86.23119632843174,0.8958841741770266,506.8888723993301,6350.061787059626,0.002367765687057745,24.67506720724066
978,850,Persea',0,0,0,0,0,0,0,0.0,0.0,0.0,0.0,0.0,0.0,0.0,0.0
978,850,Picea',0,0,0,0,0,0,0,0.0,0.0,0.0,0.0,0.0,0.0,0.0,0.0
978,850,Pinus',0,416,1090,428,19,0,5,112.90705871582031,34.28706741333008,773.2042483365535,84.652740451745,110288.24465421558,430103.23808489484,0.2562534934546054,970.4174102003526
978,850,Planera',0,0,0,0,0,0,0,0.0,0.0,0.0,0.0,0.0,0.0,0.0,0.0
978,850,Platanus',0,0,55,0,0,0,0,16.668563842773438,5.952712059020996,49.57943630369403,0.8524676598477783,702.8391482591629,11895.829551839206,0.002275588354393858,38.13982996051074
978,850,Populus',0,438,37,0,0,0,0,30.506189346313477,11.351133346557617,164.4136726648747,0.95531785983701,841.1560393944383,6642.935835566157,0.0042360617716638545,27.52775186785968
978,850,Prosopis',0,0,0,0,0,0,0,0.0,0.0,0.0,0.0,0.0,0.0,0.0,0.0
978,850,Prunus',0,8,0,0,0,0,0,6.984036445617676,5.268372058868408,11.62690926956225,0.03095381881793529,39.120316796302795,874.7568765786019,0.0002543098540157072,5.686541209271735
978,850,Pseudotsuga',0,0,0,0,0,0,0,0.0,0.0,0.0,0.0,0.0,0.0,0.0,0.0
978,850,Quercus',0,29,92,0,0,0,0,26.400146484375,12.44852352142334,31.441761208344484,3.9659843677164326,5336.255372865349,65752.41912345654,0.012310966774651794,150.54466120540584
978,850,Robinia',0,0,0,0,0,0,0,0.0,0.0,0.0,0.0,0.0,0.0,0.0,0.0
978,850,Salix',0,506,91,0,0,0,0,17.235822677612305,8.533474922180176,161.28795100729673,1.5688377902762718,1218.3718350055815,9890.188490989138,0.005029322615958501,31.795077191006136
978,850,Sassafras',0,0,0,0,0,0,0,0.0,0.0,0.0,0.0,0.0,0.0,0.0,0.0
978,850,Sequoia',0,0,0,0,0,0,0,0.0,0.0,0.0,0.0,0.0,0.0,0.0,0.0
978,850,Sequoiadendron',0,0,0,0,0,0,0,0.0,0.0,0.0,0.0,0.0,0.0,0.0,0.0
978,850,Sorbus',0,0,0,0,0,0,0,0.0,0.0,0.0,0.0,0.0,0.0,0.0,0.0
978,850,Taxodium',0,0,0,0,0,0,0,0.0,0.0,0.0,0.0,0.0,0.0,0.0,0.0
978,850,Taxus',0,0,0,0,0,0,0,0.0,0.0,0.0,0.0,0.0,0.0,0.0,0.0
978,850,Thuja',0,0,0,0,0,0,0,0.0,0.0,0.0,0.0,0.0,0.0,0.0,0.0
978,850,Tilia',0,0,0,0,0,0,0,0.0,0.0,0.0,0.0,0.0,0.0,0.0,0.0
978,850,Torreya',0,0,0,0,0,0,0,0.0,0.0,0.0,0.0,0.0,0.0,0.0,0.0
978,850,Tsuga',0,0,0,0,0,0,0,0.0,0.0,0.0,0.0,0.0,0.0,0.0,0.0
978,850,Ulmus',0,0,111,0,2,0,0,67.93194580078125,19.74871826171875,56.19358313800413,3.202053173101237,3674.698598140478,43997.589858008156,0.008974934546127886,102.70748857539377
978,850,Umbellularia',0,0,0,0,0,0,0,0.0,0.0,0.0,0.0,0.0,0.0,0.0,0.0
978,860,Abies',0,0,0,0,0,0,0,0.0,0.0,0.0,0.0,0.0,0.0,0.0,0.0
978,860,Acer',0,1968,824,6,0,0,0,39.88020706176758,18.041074752807617,1094.3969732393286,15.950978630951061,21184.062319961937,91596.38799706248,0.06283014653171382,221.80771719538944
978,860,Aesculus',0,24,0,0,0,0,0,6.319649696350098,3.838353395462036,11.954953438496286,0.07540677303742989,57.24471252083779,1280.0306854902715,0.00029930867039785076,6.692745332646713
978,860,Ailanthus',0,287,88,0,0,0,0,15.500272750854492,7.865671157836914,128.31030394080318,1.198480069149306,1232.8155365306138,12044.205434527434,0.004586688157479759,35.82947732899429
978,860,Alnus',0,44,0,0,0,0,0,3.106304883956909,3.191014289855957,13.573145980510528,0.033044101765160414,43.362982855439185,749.764503674623,0.0002917551652444523,5.045137497346536
978,860,Amelanchier',0,0,0,0,0,0,0,0.0,0.0,0.0,0.0,0.0,0.0,0.0,0.0
978,860,Arbutus',0,0,0,0,0,0,0,0.0,0.0,0.0,0.0,0.0,0.0,0.0,0.0
978,860,Asimina',0,0,0,0,0,0,0,0.0,0.0,0.0,0.0,0.0,0.0,0.0,0.0
978,860,Betula',0,264,239,2,2,0,0,88.32806396484375,20.7559814453125,238.0318730201902,6.088388062092531,8355.973038406371,56354.45715096904,0.021995430264419958,137.04845806404236
978,860,Calocedrus',0,0,0,0,0,0,0,0.0,0.0,0.0,0.0,0.0,0.0,0.0,0.0
978,860,Carpinus',0,0,30,0,0,0,0,14.485325813293457,7.90786075592041,11.932585629858547,0.504934654991588,566.9691262042522,12677.815073363548,0.0014317075807750428,32.01395474514775
978,860,Carya',0,24,0,16,0,0,0,30.56222152709961,17.69570541381836,21.75862508861324,1.2755703538724956,2702.289384710789,57896.158529035536,0.006318314878240267,132.04476150436594
978,860,Castanea',0,0,0,0,0,0,0,0.0,0.0,0.0,0.0,0.0,0.0,0.0,0.0
978,860,Catalpa',0,0,0,0,0,0,0,0.0,0.0,0.0,0.0,0.0,0.0,0.0,0.0
978,860,Celtis',0,15,136,0,0,0,0,25.367874145507812,13.261255264282227,75.01535958692996,1.952338949486997,2152.3620194423197,19326.026645828304,0.0058629145405143775,49.96348932275516
978,860,Cercis',0,0,0,0,0,0,0,0.0,0.0,0.0,0.0,0.0,0.0,0.0,0.0
978,860,Cercocarpus',0,0,0,0,0,0,0,0.0,0.0,0.0,0.0,0.0,0.0,0.0,0.0
978,860,Chamaecyparis',0,0,0,26,0,0,0,46.0,21.789846420288086,9.963420618772506,4.460546346902281,5313.545946253538,118814.49937391357,0.011951796098371279,267.25028529174926
978,860,Chilopsis',0,0,0,0,0,0,0,0.0,0.0,0.0,0.0,0.0,0.0,0.0,0.0
978,860,Chrysolepis',0,0,0,0,0,0,0,0.0,0.0,0.0,0.0,0.0,0.0,0.0,0.0
978,860,Cladrastis',0,0,0,0,0,0,0,0.0,0.0,0.0,0.0,0.0,0.0,0.0,0.0
978,860,Comus',0,0,0,0,0,0,0,0.0,0.0,0.0,0.0,0.0,0.0,0.0,0.0
978,860,Cornus',0,0,0,0,0,0,0,0.0,0.0,0.0,0.0,0.0,0.0,0.0,0.0
978,860,Crataegus',0,0,0,0,0,0,0,0.0,0.0,0.0,0.0,0.0,0.0,0.0,0.0
978,860,Cupressus',0,0,0,0,0,0,0,0.0,0.0,0.0,0.0,0.0,0.0,0.0,0.0
978,860,Diospyros',0,0,0,0,0,0,0,0.0,0.0,0.0,0.0,0.0,0.0,0.0,0.0
978,860,Elaeagnus',0,171,86,0,0,0,0,13.07050895690918,5.7602009773254395,65.72044287772871,1.0306745363497698,906.2350431710482,10210.344258346497,0.00295993800356472,30.882761994594993
978,860,Fagus',0,0,34,0,0,0,0,11.322943687438965,7.739691734313965,17.76802127308483,0.3451829925237615,392.84340407013894,8784.245560132415,0.0011287658513486547,25.239971742960016
978,860,Fraxinus',0,842,520,21,5,0,0,52.315589904785156,21.428890228271484,478.71491116412636,14.254417464452123,18666.8920218198,99769.67724295604,0.04837334964462176,233.0189499942925
978,860,Gleditsia',0,0,9,0,0,0,0,21.525468826293945,12.107406616210938,9.66625411676455,0.3624553029846204,548.5193791508675,12265.2661875731,0.0013580830138921736,30.367659381506954
978,860,Gordonia',0,0,0,0,0,0,0,0.0,0.0,0.0,0.0,0.0,0.0,0.0,0.0
978,860,Gymnocladus',0,0,0,0,0,0,0,0.0,0.0,0.0,0.0,0.0,0.0,0.0,0.0
978,860,Halesia',0,0,0,0,0,0,0,0.0,0.0,0.0,0.0,0.0,0.0,0.0,0.0
978,860,Ilex',0,30,0,0,0,0,0,3.033243179321289,2.887662172317505,8.790817881822585,0.02170722306397249,35.964474405050275,804.190095447435,0.00020689953397152547,4.626414224733606
978,860,Juglans',0,0,0,0,0,0,0,0.0,0.0,0.0,0.0,0.0,0.0,0.0,0.0
978,860,Juniperus',0,0,0,0,0,0,0,0.0,0.0,0.0,0.0,0.0,0.0,0.0,0.0
978,860,Larix',0,0,0,0,0,0,0,0.0,0.0,0.0,0.0,0.0,0.0,0.0,0.0
978,860,Liquidambar',0,0,0,0,0,0,0,0.0,0.0,0.0,0.0,0.0,0.0,0.0,0.0
978,860,Liriodendron',0,1073,1263,57,8,0,0,59.420166015625,20.396770477294922,924.3791149650947,36.889352629192125,34349.9714071697,128536.93238129458,0.0896402205858012,300.3965636155643
978,860,Lithocarpus',0,0,0,0,0,0,0,0.0,0.0,0.0,0.0,0.0,0.0,0.0,0.0
978,860,Maclura',0,105,61,8,0,0,0,33.686344146728516,12.493229866027832,52.36351163044005,1.7684557751386492,2855.525620544553,37180.052180812316,0.007099414630018178,86.85639513800014
978,860,Magnolia',0,0,16,0,0,0,0,20.82286262512207,9.592641830444336,6.007120863923543,0.5571267979111065,518.7102818953991,11598.714509461915,0.001239165295690306,27.708578365221538
978,860,Malus',0,0,0,0,0,0,0,0.0,0.0,0.0,0.0,0.0,0.0,0.0,0.0
978,860,Morus',0,37,0,0,0,0,0,2.042325973510742,2.564669609069824,0.0,0.012278338005339428,17.113319242000582,382.6654514576845,3.8029600642621514e-05,0.8503677219407101
978,860,Nyssa',0,0,0,0,0,0,0,0.0,0.0,0.0,0.0,0.0,0.0,0.0,0.0
978,860,Olneya',0,0,0,0,0,0,0,0.0,0.0,0.0,0.0,0.0,0.0,0.0,0.0
978,860,Ostrya',0,0,0,0,0,0,0,0.0,0.0,0.0,0.0,0.0,0.0,0.0,0.0
978,860,Oxydendron',0,0,0,0,0,0,0,0.0,0.0,0.0,0.0,0.0,0.0,0.0,0.0
978,860,Paulownia',0,202,46,0,0,0,0,18.545427322387695,7.857911109924316,85.3473233799391,1.0361293808945067,589.6591377496719,7047.170005107857,0.0025389757908633845,24.42042018943146
978,860,Persea',0,0,0,0,0,0,0,0.0,0.0,0.0,0.0,0.0,0.0,0.0,0.0
978,860,Picea',0,0,0,0,0,0,0,0.0,0.0,0.0,0.0,0.0,0.0,0.0,0.0
978,860,Pinus',0,371,1145,506,15,0,5,116.564697265625,34.41552734375,810.165273618698,95.48745403861348,125420.99453137397,472605.7440086476,0.29041570976506326,1067.6966877162367
978,860,Planera',0,0,0,0,0,0,0,0.0,0.0,0.0,0.0,0.0,0.0,0.0,0.0
978,860,Platanus',0,0,55,0,0,0,0,19.240751266479492,6.612104415893555,54.73997088172767,1.1438610047687057,953.779704413414,15935.033722361579,0.0029075226964503484,46.83498647884981
978,860,Populus',0,538,45,0,0,0,0,12.486459732055664,7.6847147941589355,231.7416193081608,1.3790059661536707,1139.176756000519,6099.896599593462,0.005867553262575529,30.89303009406804
978,860,Prosopis',0,0,0,0,0,0,0,0.0,0.0,0.0,0.0,0.0,0.0,0.0,0.0
978,860,Prunus',0,65,8,0,0,0,0,16.51436424255371,8.423335075378418,29.828994565560844,0.21118497949704185,185.51502757132053,3233.865625529474,0.0008416605620225889,12.46616471085214
978,860,Pseudotsuga',0,0,0,0,0,0,0,0.0,0.0,0.0,0.0,0.0,0.0,0.0,0.0
978,860,Quercus',0,92,50,9,0,0,0,29.47495460510254,13.844666481018066,67.6634508861771,2.9553826495897755,4312.991675269604,54982.714611063464,0.010558478893552013,127.7493863692022
978,860,Robinia',0,0,0,0,0,0,0,0.0,0.0,0.0,0.0,0.0,0.0,0.0,0.0
978,860,Salix',0,316,137,0,0,0,0,15.167997360229492,7.866326332092285,191.16737298243027,1.8899732328963363,1424.9189952388406,11899.55601623753,0.005918447166088525,39.526776846144315
978,860,Sassafras',0,0,0,0,0,0,0,0.0,0.0,0.0,0.0,0.0,0.0,0.0,0.0
978,860,Sequoia',0,0,0,0,0,0,0,0.0,0.0,0.0,0.0,0.0,0.0,0.0,0.0
978,860,Sequoiadendron',0,0,0,0,0,0,0,0.0,0.0,0.0,0.0,0.0,0.0,0.0,0.0
978,860,Sorbus',0,0,0,0,0,0,0,0.0,0.0,0.0,0.0,0.0,0.0,0.0,0.0
978,860,Taxodium',0,0,0,0,0,0,0,0.0,0.0,0.0,0.0,0.0,0.0,0.0,0.0
978,860,Taxus',0,0,0,0,0,0,0,0.0,0.0,0.0,0.0,0.0,0.0,0.0,0.0
978,860,Thuja',0,0,0,0,0,0,0,0.0,0.0,0.0,0.0,0.0,0.0,0.0,0.0
978,860,Tilia',0,0,0,0,0,0,0,0.0,0.0,0.0,0.0,0.0,0.0,0.0,0.0
978,860,Torreya',0,0,0,0,0,0,0,0.0,0.0,0.0,0.0,0.0,0.0,0.0,0.0
978,860,Tsuga',0,0,0,0,0,0,0,0.0,0.0,0.0,0.0,0.0,0.0,0.0,0.0
978,860,Ulmus',0,11,64,10,0,2,0,72.84544372558594,20.608678817749023,66.20673297138153,3.560864570875205,4385.131205099821,53789.61098806485,0.010697818875409661,124.68228491064409
978,860,Umbellularia',0,0,0,0,0,0,0,0.0,0.0,0.0,0.0,0.0,0.0,0.0,0.0
978,870,Abies',0,0,0,0,0,0,0,0.0,0.0,0.0,0.0,0.0,0.0,0.0,0.0
978,870,Acer',0,1564,748,0,0,0,0,24.54554557800293,14.313338279724121,1010.7358281469985,14.214422976970521,18339.805710100234,74415.74111231422,0.05530522773049586,185.52377356962882
978,870,Aesculus',0,0,0,0,0,0,0,0.0,0.0,0.0,0.0,0.0,0.0,0.0,0.0
978,870,Ailanthus',0,358,109,0,0,0,0,20.73019027709961,9.621230125427246,154.8172660412479,1.3824616843691466,1395.5533519873022,9619.961146460006,0.005329910264448763,33.90412114218958
978,870,Alnus',0,0,0,0,0,0,0,0.0,0.0,0.0,0.0,0.0,0.0,0.0,0.0
978,870,Amelanchier',0,0,0,0,0,0,0,0.0,0.0,0.0,0.0,0.0,0.0,0.0,0.0
978,870,Arbutus',0,0,0,0,0,0,0,0.0,0.0,0.0,0.0,0.0,0.0,0.0,0.0
978,870,Asimina',0,0,0,0,0,0,0,0.0,0.0,0.0,0.0,0.0,0.0,0.0,0.0
978,870,Betula',0,156,326,27,2,0,0,56.69873809814453,17.48899269104004,236.8402101042904,7.786461259965262,10496.625246665479,67820.72689916112,0.02673528007979411,161.01616138829186
978,870,Calocedrus',0,0,0,0,0,0,0,0.0,0.0,0.0,0.0,0.0,0.0,0.0,0.0
978,870,Carpinus',0,30,0,0,0,0,0,4.747847557067871,4.191603183746338,8.845838110280942,0.05424655648834963,64.95704532504082,1452.4836896432835,0.00027168974381684897,6.075167359639781
978,870,Carya',0,0,24,16,0,0,0,32.459110260009766,18.40326499938965,22.6329505858542,1.5401519148849672,3295.6827058005333,67450.7061770967,0.007649553304970275,152.99928876915868
978,870,Castanea',0,12,0,0,0,0,0,4.362659454345703,2.584110736846924,8.42524676383296,0.018117368945278538,24.633439450263978,550.8204513041547,0.00017602708451449868,3.93608526855519
978,870,Catalpa',0,36,0,0,0,0,0,3.0451502799987793,2.696120262145996,12.26221254637724,0.026364279811568476,33.67583446204662,753.0145505616645,0.00025135654819664015,5.6205032835739
978,870,Celtis',0,0,139,13,0,0,0,31.302230834960938,15.392477035522461,80.03389572559654,3.473314759711643,4082.9194893822073,33581.140982206525,0.010225286697573959,81.6471814185617
978,870,Cercis',0,0,0,0,0,0,0,0.0,0.0,0.0,0.0,0.0,0.0,0.0,0.0
978,870,Cercocarpus',0,0,0,0,0,0,0,0.0,0.0,0.0,0.0,0.0,0.0,0.0,0.0
978,870,Chamaecyparis',0,0,0,0,0,0,0,0.0,0.0,0.0,0.0,0.0,0.0,0.0,0.0
978,870,Chilopsis',0,0,0,0,0,0,0,0.0,0.0,0.0,0.0,0.0,0.0,0.0,0.0
978,870,Chrysolepis',0,0,0,0,0,0,0,0.0,0.0,0.0,0.0,0.0,0.0,0.0,0.0
978,870,Cladrastis',0,0,0,0,0,0,0,0.0,0.0,0.0,0.0,0.0,0.0,0.0,0.0
978,870,Comus',0,0,0,0,0,0,0,0.0,0.0,0.0,0.0,0.0,0.0,0.0,0.0
978,870,Cornus',0,0,0,0,0,0,0,0.0,0.0,0.0,0.0,0.0,0.0,0.0,0.0
978,870,Crataegus',0,0,0,0,0,0,0,0.0,0.0,0.0,0.0,0.0,0.0,0.0,0.0
978,870,Cupressus',0,0,0,0,0,0,0,0.0,0.0,0.0,0.0,0.0,0.0,0.0,0.0
978,870,Diospyros',0,0,0,0,0,0,0,0.0,0.0,0.0,0.0,0.0,0.0,0.0,0.0
978,870,Elaeagnus',0,238,19,0,0,0,0,11.9886474609375,5.519530773162842,80.04415219673248,0.6345248918971627,606.5563246652484,5301.93149348577,0.0025001830089586012,19.905959186068042
978,870,Fagus',0,0,34,0,0,0,0,13.561629295349121,8.861672401428223,8.50628066289274,0.49517012238132446,565.0774177432061,12635.515186238545,0.0013781802637576836,30.817047550107596
978,870,Fraxinus',0,542,542,25,5,0,0,53.37668991088867,21.680423736572266,480.31702253684585,13.191701781217406,17330.698110477628,98611.25156230466,0.04542709244869991,229.82570656684143
978,870,Gleditsia',0,6,0,0,0,0,0,3.7302117347717285,3.5563931465148926,2.8966100117828266,0.006950466668612762,12.05570983171463,269.57386700726494,6.848877663351577e-05,1.5314556024833994
978,870,Gordonia',0,0,0,0,0,0,0,0.0,0.0,0.0,0.0,0.0,0.0,0.0,0.0
978,870,Gymnocladus',0,0,0,0,0,0,0,0.0,0.0,0.0,0.0,0.0,0.0,0.0,0.0
978,870,Halesia',0,40,0,0,0,0,0,2.9142260551452637,3.3572592735290527,10.369697326346287,0.026680646342174444,32.617021799087524,729.3387796635324,0.00022175982408225125,4.9587004132630526
978,870,Ilex',0,57,0,0,0,0,0,7.103764533996582,4.783680438995361,38.61732769727707,0.2157062262305026,254.32003612279894,4020.091417421212,0.0011229614636438616,17.751719142198933
978,870,Juglans',0,0,0,0,0,0,0,0.0,0.0,0.0,0.0,0.0,0.0,0.0,0.0
978,870,Juniperus',0,0,0,0,0,0,0,0.0,0.0,0.0,0.0,0.0,0.0,0.0,0.0
978,870,Larix',0,0,0,0,0,0,0,0.0,0.0,0.0,0.0,0.0,0.0,0.0,0.0
978,870,Liquidambar',0,0,0,0,0,0,0,0.0,0.0,0.0,0.0,0.0,0.0,0.0,0.0
978,870,Liriodendron',0,915,1196,105,9,0,0,51.74818420410156,18.714109420776367,862.9317992661571,33.73640017492004,31222.58817155421,115735.12430032942,0.08180591231584768,273.7172095034254
978,870,Lithocarpus',0,0,0,0,0,0,0,0.0,0.0,0.0,0.0,0.0,0.0,0.0,0.0
978,870,Maclura',0,127,112,0,0,0,0,14.37981128692627,7.599830150604248,67.83440191440188,1.4546698124566462,2040.363018758893,24003.340968000368,0.005510654069912675,60.20210411152174
978,870,Magnolia',0,29,16,0,0,0,0,23.666584014892578,10.521215438842773,10.949661755297756,0.8211711095847323,782.8446043545008,15894.820892375727,0.0018972810615673669,37.358759317149975
978,870,Malus',0,0,0,0,0,0,0,0.0,0.0,0.0,0.0,0.0,0.0,0.0,0.0
978,870,Morus',0,76,0,0,0,0,0,7.004666328430176,5.309493064880371,28.983375115579438,0.116314097055785,159.12824420839547,2389.4192109603937,0.0007708500998108637,11.441109998021847
978,870,Nyssa',0,0,0,0,0,0,0,0.0,0.0,0.0,0.0,0.0,0.0,0.0,0.0
978,870,Olneya',0,0,0,0,0,0,0,0.0,0.0,0.0,0.0,0.0,0.0,0.0,0.0
978,870,Ostrya',0,0,0,0,0,0,0,0.0,0.0,0.0,0.0,0.0,0.0,0.0,0.0
978,870,Oxydendron',0,0,0,0,0,0,0,0.0,0.0,0.0,0.0,0.0,0.0,0.0,0.0
978,870,Paulownia',0,69,89,0,0,0,0,14.625469207763672,6.683932304382324,71.69463371268556,0.8771621081270917,470.0929248255491,5355.2061613265905,0.002076735009426728,20.512409305812888
978,870,Persea',0,0,0,0,0,0,0,0.0,0.0,0.0,0.0,0.0,0.0,0.0,0.0
978,870,Picea',0,0,0,0,0,0,0,0.0,0.0,0.0,0.0,0.0,0.0,0.0,0.0
978,870,Pinus',0,480,1334,397,53,0,5,120.01581573486328,34.52478790283203,936.0943600544333,95.72063323801292,125086.68149096191,484454.825263456,0.29149176301273527,1094.01854610868
978,870,Planera',0,0,0,0,0,0,0,0.0,0.0,0.0,0.0,0.0,0.0,0.0,0.0
978,870,Platanus',0,71,28,0,0,0,0,15.368209838867188,5.613664627075195,50.76560870425987,0.5846422002938597,520.3559409788251,9688.076174489455,0.001887145699959253,30.37194041813079
978,870,Populus',0,108,98,0,0,0,0,16.218887329101562,7.075715065002441,118.61203409920009,1.4756636510495784,1046.0365004473924,8499.635940804144,0.004032011674236493,29.42620041988334
978,870,Prosopis',0,0,0,0,0,0,0,0.0,0.0,0.0,0.0,0.0,0.0,0.0,0.0
978,870,Prunus',0,10,27,0,0,0,0,9.855506896972656,6.436206340789795,29.687784382059604,0.25030616978326786,212.00120357513427,3606.78803259648,0.000898485933147366,14.531837986517628
978,870,Pseudotsuga',0,0,0,0,0,0,0,0.0,0.0,0.0,0.0,0.0,0.0,0.0,0.0
978,870,Quercus',0,72,76,9,0,0,0,33.567955017089844,15.176916122436523,84.04902224582207,2.319884745094702,3414.6955680722,45289.08285307626,0.008798144932422772,106.64763604038073
978,870,Robinia',0,0,0,0,0,0,0,0.0,0.0,0.0,0.0,0.0,0.0,0.0,0.0
978,870,Salix',0,584,24,0,0,0,0,18.0406436920166,10.684980392456055,176.1351670357811,1.2616229066097018,1022.097916828692,6891.913462704541,0.004806892276026308,28.08646925489217
978,870,Sassafras',0,30,0,0,0,0,0,4.449565410614014,5.702815055847168,10.66914254823063,0.04671162767862586,51.71798788368702,1156.4493656743286,0.0002685170976147021,6.004224833874271
978,870,Sequoia',0,0,0,0,0,0,0,0.0,0.0,0.0,0.0,0.0,0.0,0.0,0.0
978,870,Sequoiadendron',0,0,0,0,0,0,0,0.0,0.0,0.0,0.0,0.0,0.0,0.0,0.0
978,870,Sorbus',0,0,0,0,0,0,0,0.0,0.0,0.0,0.0,0.0,0.0,0.0,0.0
978,870,Taxodium',0,0,0,0,0,0,0,0.0,0.0,0.0,0.0,0.0,0.0,0.0,0.0
978,870,Taxus',0,0,0,0,0,0,0,0.0,0.0,0.0,0.0,0.0,0.0,0.0,0.0
978,870,Thuja',0,0,0,0,0,0,0,0.0,0.0,0.0,0.0,0.0,0.0,0.0,0.0
978,870,Tilia',0,0,6,0,0,0,0,11.407297134399414,7.3165154457092285,14.968365325203424,0.06499987256486725,68.589502658844,1533.7079048807745,0.00036789905105531225,8.22647287017351
978,870,Torreya',0,0,0,0,0,0,0,0.0,0.0,0.0,0.0,0.0,0.0,0.0,0.0
978,870,Tsuga',0,0,0,0,0,0,0,0.0,0.0,0.0,0.0,0.0,0.0,0.0,0.0
978,870,Ulmus',0,72,66,24,0,0,0,34.99729919433594,12.55763053894043,74.1056564374815,3.313336000115717,3381.982101614475,36821.82981700634,0.008582307730602822,87.9230511310589
978,870,Umbellularia',0,0,0,0,0,0,0,0.0,0.0,0.0,0.0,0.0,0.0,0.0,0.0
978,880,Abies',0,0,0,0,0,0,0,0.0,0.0,0.0,0.0,0.0,0.0,0.0,0.0
978,880,Acer',0,1230,1147,0,0,0,0,26.15383529663086,15.634652137756348,1000.7068919126367,18.60370309947779,23766.720206485392,93063.83167304636,0.0672206652056522,226.22552059788714
978,880,Aesculus',0,0,0,0,0,0,0,0.0,0.0,0.0,0.0,0.0,0.0,0.0,0.0
978,880,Ailanthus',0,360,174,0,0,0,0,21.94663429260254,10.001378059387207,205.58696185156137,2.5660489541053506,2548.367095487416,16672.402772403944,0.008622576531771587,50.199136782751694
978,880,Alnus',0,0,0,0,0,0,0,0.0,0.0,0.0,0.0,0.0,0.0,0.0,0.0
978,880,Amelanchier',0,0,0,0,0,0,0,0.0,0.0,0.0,0.0,0.0,0.0,0.0,0.0
978,880,Arbutus',0,0,0,0,0,0,0,0.0,0.0,0.0,0.0,0.0,0.0,0.0,0.0
978,880,Asimina',0,0,0,0,0,0,0,0.0,0.0,0.0,0.0,0.0,0.0,0.0,0.0
978,880,Betula',0,75,355,17,4,0,0,63.487606048583984,18.3933162689209,209.2818295960373,9.376139894668434,12588.635171699822,71954.77974119253,0.03098747316475954,171.64005640514256
978,880,Calocedrus',0,0,0,0,0,0,0,0.0,0.0,0.0,0.0,0.0,0.0,0.0,0.0
978,880,Carpinus',0,0,30,0,0,0,0,8.3015718460083,5.831894397735596,18.421027645280088,0.16584382436422013,196.6746252155304,4397.778314312143,0.0007022356641441551,15.702466812510592
978,880,Carya',0,0,24,16,0,0,0,34.027061462402344,18.966917037963867,25.98909573087209,1.8158639972883663,3939.7335586667064,76813.92017728342,0.009129090978741681,175.46005320899081
978,880,Castanea',0,0,0,0,0,0,0,0.0,0.0,0.0,0.0,0.0,0.0,0.0,0.0
978,880,Catalpa',0,13,0,0,0,0,0,3.8638668060302734,3.059755325317383,5.350802983098391,0.011963348614089628,14.992825556397438,287.4349925141146,0.00011034517313167457,2.116402664964876
978,880,Celtis',0,44,61,14,0,0,0,36.967987060546875,17.23684310913086,66.76921505622471,3.5758123646475113,4695.910912393928,44553.48049657102,0.011396537944033744,104.12907545141898
978,880,Cercis',0,0,0,0,0,0,0,0.0,0.0,0.0,0.0,0.0,0.0,0.0,0.0
978,880,Cercocarpus',0,0,0,0,0,0,0,0.0,0.0,0.0,0.0,0.0,0.0,0.0,0.0
978,880,Chamaecyparis',0,0,0,0,0,0,0,0.0,0.0,0.0,0.0,0.0,0.0,0.0,0.0
978,880,Chilopsis',0,0,0,0,0,0,0,0.0,0.0,0.0,0.0,0.0,0.0,0.0,0.0
978,880,Chrysolepis',0,0,0,0,0,0,0,0.0,0.0,0.0,0.0,0.0,0.0,0.0,0.0
978,880,Cladrastis',0,0,0,0,0,0,0,0.0,0.0,0.0,0.0,0.0,0.0,0.0,0.0
978,880,Comus',0,0,0,0,0,0,0,0.0,0.0,0.0,0.0,0.0,0.0,0.0,0.0
978,880,Cornus',0,0,0,0,0,0,0,0.0,0.0,0.0,0.0,0.0,0.0,0.0,0.0
978,880,Crataegus',0,0,0,0,0,0,0,0.0,0.0,0.0,0.0,0.0,0.0,0.0,0.0
978,880,Cupressus',0,0,0,0,0,0,0,0.0,0.0,0.0,0.0,0.0,0.0,0.0,0.0
978,880,Diospyros',0,0,0,0,0,0,0,0.0,0.0,0.0,0.0,0.0,0.0,0.0,0.0
978,880,Elaeagnus',0,186,35,0,0,0,0,8.927138328552246,4.737131118774414,93.3135385009684,0.49067051508982656,512.987222955823,5336.049472825127,0.002483271807163019,23.04027549894824
978,880,Fagus',0,0,34,0,0,0,0,16.033504486083984,10.048025131225586,10.761655420064926,0.6921298979856702,849.6951143181324,18999.76035764809,0.002043131370782826,45.68580632032699
978,880,Fraxinus',0,907,485,31,0,0,0,35.501407623291016,16.578449249267578,539.428861612289,13.761069774865003,17246.24217976898,89481.9691018494,0.04609036082175885,211.61289353022457
978,880,Gleditsia',0,39,6,0,0,0,0,11.613800048828125,7.7584967613220215,26.504528665844393,0.14494540207658357,206.6874292230606,3268.919933916857,0.0008408528081998198,13.284740120701962
978,880,Gordonia',0,0,0,0,0,0,0,0.0,0.0,0.0,0.0,0.0,0.0,0.0,0.0
978,880,Gymnocladus',0,0,0,0,0,0,0,0.0,0.0,0.0,0.0,0.0,0.0,0.0,0.0
978,880,Halesia',0,40,0,0,0,0,0,7.221770763397217,6.061637878417969,9.004485003555876,0.16384653830370005,121.30987405776978,2712.5712473511608,0.0003992020487785264,8.926429178259625
978,880,Ilex',0,0,30,0,0,0,0,11.998371124267578,6.751297473907471,9.928259592056275,0.339652168622735,312.5946326541901,6989.828480163456,0.0008380629159311519,18.73965649443745
978,880,Juglans',0,0,0,0,0,0,0,0.0,0.0,0.0,0.0,0.0,0.0,0.0,0.0
978,880,Juniperus',0,0,0,0,0,0,0,0.0,0.0,0.0,0.0,0.0,0.0,0.0,0.0
978,880,Larix',0,0,0,0,0,0,0,0.0,0.0,0.0,0.0,0.0,0.0,0.0,0.0
978,880,Liquidambar',0,0,0,0,0,0,0,0.0,0.0,0.0,0.0,0.0,0.0,0.0,0.0
978,880,Liriodendron',0,941,1086,74,9,0,0,57.17359161376953,19.922243118286133,830.5905232710551,31.877992192954252,30322.00996774882,121229.4764395398,0.0793390562935124,283.9207138456454
978,880,Lithocarpus',0,0,0,0,0,0,0,0.0,0.0,0.0,0.0,0.0,0.0,0.0,0.0
978,880,Maclura',0,27,144,0,0,0,0,16.270116806030273,8.227556228637695,50.24995795109226,2.1643593256934457,3066.713999082744,34789.33251339658,0.007538296348638783,82.30636445671301
978,880,Magnolia',0,38,29,0,0,0,0,10.726012229919434,5.923297882080078,23.450635443382623,0.2900274195938397,244.036046820879,4841.367070813686,0.0008798872707868075,15.739468431079857
978,880,Malus',0,0,0,0,0,0,0,0.0,0.0,0.0,0.0,0.0,0.0,0.0,0.0
978,880,Morus',0,0,0,0,0,0,0,0.0,0.0,0.0,0.0,0.0,0.0,0.0,0.0
978,880,Nyssa',0,0,0,0,0,0,0,0.0,0.0,0.0,0.0,0.0,0.0,0.0,0.0
978,880,Olneya',0,0,0,0,0,0,0,0.0,0.0,0.0,0.0,0.0,0.0,0.0,0.0
978,880,Ostrya',0,0,0,0,0,0,0,0.0,0.0,0.0,0.0,0.0,0.0,0.0,0.0
978,880,Oxydendron',0,0,0,0,0,0,0,0.0,0.0,0.0,0.0,0.0,0.0,0.0,0.0
978,880,Paulownia',0,115,65,0,0,0,0,17.63629722595215,7.594515323638916,75.1316451866038,1.3661909826785001,734.1891144549846,8442.27601184111,0.002713093154331204,26.087599223324283
978,880,Persea',0,0,0,0,0,0,0,0.0,0.0,0.0,0.0,0.0,0.0,0.0,0.0
978,880,Picea',0,0,0,0,0,0,0,0.0,0.0,0.0,0.0,0.0,0.0,0.0,0.0
978,880,Pinus',0,446,1132,446,45,0,5,123.29724884033203,34.61894607543945,794.5062632194162,84.50611639539169,110500.9898553583,443059.7272559939,0.25703395543626856,998.0487141899002
978,880,Planera',0,0,0,0,0,0,0,0.0,0.0,0.0,0.0,0.0,0.0,0.0,0.0
978,880,Platanus',0,45,42,0,0,0,0,16.631479263305664,5.943096160888672,76.49715393593038,0.8455133660358256,746.6497591412068,12058.773924054458,0.0027604407689422236,40.47180724885806
978,880,Populus',0,205,92,0,0,0,0,22.101730346679688,8.9207124710083,103.76274190748792,2.211087311802549,1634.2483390903474,14763.87563178239,0.005125385300463052,41.84696808339006
978,880,Prosopis',0,0,0,0,0,0,0,0.0,0.0,0.0,0.0,0.0,0.0,0.0,0.0
978,880,Prunus',0,0,38,0,0,0,0,17.11809539794922,8.563786506652832,19.1995782980436,0.7031884722952001,512.0990123486519,10229.242359588428,0.0014143864612504958,26.2675459246277
978,880,Pseudotsuga',0,0,0,0,0,0,0,0.0,0.0,0.0,0.0,0.0,0.0,0.0,0.0
978,880,Quercus',0,70,84,9,0,0,0,37.451717376708984,16.36539077758789,95.7337370052745,2.812313367871399,4281.631049576402,56802.39328661164,0.010892876208683422,132.05991536330384
978,880,Robinia',0,0,0,0,0,0,0,0.0,0.0,0.0,0.0,0.0,0.0,0.0,0.0
978,880,Salix',0,542,148,0,0,0,0,12.901623725891113,7.770481586456299,236.13121521340895,1.9874090972822622,1533.517861149907,9562.148247222647,0.006807057505316328,35.54183242339966
978,880,Sassafras',0,0,0,0,0,0,0,0.0,0.0,0.0,0.0,0.0,0.0,0.0,0.0
978,880,Sequoia',0,0,0,0,0,0,0,0.0,0.0,0.0,0.0,0.0,0.0,0.0,0.0
978,880,Sequoiadendron',0,0,0,0,0,0,0,0.0,0.0,0.0,0.0,0.0,0.0,0.0,0.0
978,880,Sorbus',0,0,0,0,0,0,0,0.0,0.0,0.0,0.0,0.0,0.0,0.0,0.0
978,880,Taxodium',0,0,0,0,0,0,0,0.0,0.0,0.0,0.0,0.0,0.0,0.0,0.0
978,880,Taxus',0,0,0,0,0,0,0,0.0,0.0,0.0,0.0,0.0,0.0,0.0,0.0
978,880,Thuja',0,0,0,0,0,0,0,0.0,0.0,0.0,0.0,0.0,0.0,0.0,0.0
978,880,Tilia',0,0,0,0,0,0,0,0.0,0.0,0.0,0.0,0.0,0.0,0.0,0.0
978,880,Torreya',0,0,0,0,0,0,0,0.0,0.0,0.0,0.0,0.0,0.0,0.0,0.0
978,880,Tsuga',0,0,0,0,0,0,0,0.0,0.0,0.0,0.0,0.0,0.0,0.0,0.0
978,880,Ulmus',0,30,26,24,0,0,0,37.319435119628906,13.157672882080078,59.23405793837353,2.8878383153627953,3199.1733810675146,40583.52729317384,0.007961981439661222,93.6283243345735
978,880,Umbellularia',0,0,0,0,0,0,0,0.0,0.0,0.0,0.0,0.0,0.0,0.0,0.0
978,890,Abies',0,0,0,0,0,0,0,0.0,0.0,0.0,0.0,0.0,0.0,0.0,0.0
978,890,Acer',0,1120,1030,18,0,0,0,30.04545021057129,17.178373336791992,981.5588916027092,19.261894267384797,25671.7471358943,101969.95808255946,0.07117841273162266,244.90099718100953
978,890,Aesculus',0,0,0,0,0,0,0,0.0,0.0,0.0,0.0,0.0,0.0,0.0,0.0
978,890,Ailanthus',0,304,136,0,0,0,0,12.260456085205078,6.672223091125488,132.0821569864697,1.5183177001826837,1464.738941756785,10996.714241758093,0.005156371410686763,35.78744455456298
978,890,Alnus',0,6,0,0,0,0,0,3.520549774169922,3.429076910018921,2.6948916591420953,0.006775168468106473,8.823084772825242,197.2901732328052,5.8401316601783214e-05,1.3058931389707418
978,890,Amelanchier',0,0,0,0,0,0,0,0.0,0.0,0.0,0.0,0.0,0.0,0.0,0.0
978,890,Arbutus',0,0,0,0,0,0,0,0.0,0.0,0.0,0.0,0.0,0.0,0.0,0.0
978,890,Asimina',0,0,0,0,0,0,0,0.0,0.0,0.0,0.0,0.0,0.0,0.0,0.0
978,890,Betula',0,126,275,36,0,0,0,42.0732307434082,15.232361793518066,172.73132832367207,9.920993141942859,13112.260646615028,79608.73382972831,0.03162492003580741,188.18103725100843
978,890,Calocedrus',0,0,0,0,0,0,0,0.0,0.0,0.0,0.0,0.0,0.0,0.0,0.0
978,890,Carpinus',0,0,30,0,0,0,0,12.205085754394531,7.239400863647461,14.469179567656937,0.35847618798293746,398.1323737359047,8902.510517168332,0.001093030476719141,24.440904474229743
978,890,Carya',0,11,24,0,0,0,0,15.71610164642334,15.436799049377441,8.610424233388297,0.48470795461429356,863.8045451045036,19133.22633029379,0.0020435175145873618,45.28981015026508
978,890,Castanea',0,0,0,0,0,0,0,0.0,0.0,0.0,0.0,0.0,0.0,0.0,0.0
978,890,Catalpa',0,28,0,0,0,0,0,1.7645320892333984,2.117462158203125,0.0,0.00702317416353853,9.243438756465912,206.68957405313915,2.054097456857562e-05,0.45931015459429564
978,890,Celtis',0,70,106,14,0,0,0,43.68717956542969,19.20672035217285,85.85006503553329,5.188215951212472,6985.240918203593,60389.02390637992,0.016758616989016498,140.47670195018557
978,890,Cercis',0,0,0,0,0,0,0,0.0,0.0,0.0,0.0,0.0,0.0,0.0,0.0
978,890,Cercocarpus',0,0,0,0,0,0,0,0.0,0.0,0.0,0.0,0.0,0.0,0.0,0.0
978,890,Chamaecyparis',0,0,0,0,0,0,0,0.0,0.0,0.0,0.0,0.0,0.0,0.0,0.0
978,890,Chilopsis',0,0,0,0,0,0,0,0.0,0.0,0.0,0.0,0.0,0.0,0.0,0.0
978,890,Chrysolepis',0,0,0,0,0,0,0,0.0,0.0,0.0,0.0,0.0,0.0,0.0,0.0
978,890,Cladrastis',0,0,0,0,0,0,0,0.0,0.0,0.0,0.0,0.0,0.0,0.0,0.0
978,890,Comus',0,0,0,0,0,0,0,0.0,0.0,0.0,0.0,0.0,0.0,0.0,0.0
978,890,Cornus',0,0,0,0,0,0,0,0.0,0.0,0.0,0.0,0.0,0.0,0.0,0.0
978,890,Crataegus',0,0,0,0,0,0,0,0.0,0.0,0.0,0.0,0.0,0.0,0.0,0.0
978,890,Cupressus',0,0,0,0,0,0,0,0.0,0.0,0.0,0.0,0.0,0.0,0.0,0.0
978,890,Diospyros',0,0,0,0,0,0,0,0.0,0.0,0.0,0.0,0.0,0.0,0.0,0.0
978,890,Elaeagnus',0,161,62,0,0,0,0,16.586585998535156,6.433281421661377,123.36480221982242,0.9572245246511241,932.3121227490902,8602.336797256994,0.0038477095759809022,30.022996584808954
978,890,Fagus',0,0,34,0,0,0,0,18.06350326538086,10.982767105102539,10.446719735672202,0.8784856232072363,1135.4028531485797,25388.379614874557,0.0026735037494450805,59.7813612185982
978,890,Fraxinus',0,823,599,37,0,0,0,38.465641021728516,17.16545867919922,482.7098725957772,17.528731020439437,22204.209708132446,110420.58210690886,0.056291564778462595,257.65365285872326
978,890,Gleditsia',0,27,6,0,0,0,0,19.58844757080078,11.330207824707031,18.106655684075776,0.23064035132562608,344.5162362492085,6734.10837760463,0.0010262470009475952,19.020396921593004
978,890,Gordonia',0,0,0,0,0,0,0,0.0,0.0,0.0,0.0,0.0,0.0,0.0,0.0
978,890,Gymnocladus',0,0,0,0,0,0,0,0.0,0.0,0.0,0.0,0.0,0.0,0.0,0.0
978,890,Halesia',0,40,0,0,0,0,0,4.335018157958984,4.291556358337402,10.165594801118102,0.05903801058501796,51.45459175109863,1150.5596490995797,0.00026068291999400056,5.829047296797255
978,890,Ilex',0,20,30,0,0,0,0,15.921257019042969,8.114629745483398,11.750512375831603,0.6165763276953291,603.6935786104202,12843.774161207188,0.0015112708333656021,30.19632578179597
978,890,Juglans',0,0,0,0,0,0,0,0.0,0.0,0.0,0.0,0.0,0.0,0.0,0.0
978,890,Juniperus',0,0,0,0,0,0,0,0.0,0.0,0.0,0.0,0.0,0.0,0.0,0.0
978,890,Larix',0,0,0,0,0,0,0,0.0,0.0,0.0,0.0,0.0,0.0,0.0,0.0
978,890,Liquidambar',0,0,0,0,0,0,0,0.0,0.0,0.0,0.0,0.0,0.0,0.0,0.0
978,890,Liriodendron',0,978,1137,82,9,0,0,64.25153350830078,21.36903953552246,923.3363251355064,32.53384010279817,30862.326948127746,120365.96177731769,0.08187488806219531,284.6792074401838
978,890,Lithocarpus',0,0,0,0,0,0,0,0.0,0.0,0.0,0.0,0.0,0.0,0.0,0.0
978,890,Maclura',0,31,115,0,0,0,0,17.948455810546875,8.753067016601562,54.60822367498391,2.402018961292572,3606.918004812598,45650.304242989594,0.008801488941719776,109.42271484586455
978,890,Magnolia',0,0,0,0,0,0,0,0.0,0.0,0.0,0.0,0.0,0.0,0.0,0.0
978,890,Malus',0,0,0,0,0,0,0,0.0,0.0,0.0,0.0,0.0,0.0,0.0,0.0
978,890,Morus',0,29,0,0,0,0,0,2.613063097000122,2.9033427238464355,6.666844003374063,0.01598107312631859,24.978641173243524,558.5393964894707,0.00015148101300001144,3.387218423685559
978,890,Nyssa',0,0,0,0,0,0,0,0.0,0.0,0.0,0.0,0.0,0.0,0.0,0.0
978,890,Olneya',0,0,0,0,0,0,0,0.0,0.0,0.0,0.0,0.0,0.0,0.0,0.0
978,890,Ostrya',0,0,0,0,0,0,0,0.0,0.0,0.0,0.0,0.0,0.0,0.0,0.0
978,890,Oxydendron',0,0,0,0,0,0,0,0.0,0.0,0.0,0.0,0.0,0.0,0.0,0.0
978,890,Paulownia',0,161,57,0,0,0,0,22.47709083557129,8.938700675964355,115.55367960016937,1.663914955917658,961.0055825912953,12483.420874925963,0.003799027408142558,37.549313623226325
978,890,Persea',0,0,0,0,0,0,0,0.0,0.0,0.0,0.0,0.0,0.0,0.0,0.0
978,890,Picea',0,0,0,0,0,0,0,0.0,0.0,0.0,0.0,0.0,0.0,0.0,0.0
978,890,Pinus',0,470,1116,352,57,0,0,59.902259826660156,20.20615577697754,840.0168730834126,77.12156588806069,97108.830176225,333758.0728962993,0.22793097603373183,760.977662287197
978,890,Planera',0,0,0,0,0,0,0,0.0,0.0,0.0,0.0,0.0,0.0,0.0,0.0
978,890,Platanus',0,21,56,0,0,0,0,18.89490509033203,6.5243072509765625,71.05504183263717,1.3397712590238546,1137.1341949665546,16377.788006346256,0.003549841605000223,46.726627997332805
978,890,Populus',0,260,49,8,0,0,0,30.42203712463379,11.327932357788086,113.60155204523211,2.0745758769064873,1686.9520264548064,17303.59767004277,0.005384139757939612,46.16446858583284
978,890,Prosopis',0,0,0,0,0,0,0,0.0,0.0,0.0,0.0,0.0,0.0,0.0,0.0
978,890,Prunus',0,0,0,0,0,0,0,0.0,0.0,0.0,0.0,0.0,0.0,0.0,0.0
978,890,Pseudotsuga',0,0,0,0,0,0,0,0.0,0.0,0.0,0.0,0.0,0.0,0.0,0.0
978,890,Quercus',0,102,55,10,0,0,0,40.80628967285156,17.335987091064453,95.32813632695733,3.367064302890544,5240.640777325034,67723.91822108519,0.013018169938107914,155.53728292608957
978,890,Robinia',0,0,0,0,0,0,0,0.0,0.0,0.0,0.0,0.0,0.0,0.0,0.0
978,890,Salix',0,734,190,0,0,0,0,20.89313507080078,9.985162734985352,237.9140556377323,3.446117944247024,2608.746789138317,18079.71915181787,0.009222120003837014,52.444073295620186
978,890,Sassafras',0,0,0,0,0,0,0,0.0,0.0,0.0,0.0,0.0,0.0,0.0,0.0
978,890,Sequoia',0,0,0,0,0,0,0,0.0,0.0,0.0,0.0,0.0,0.0,0.0,0.0
978,890,Sequoiadendron',0,0,0,0,0,0,0,0.0,0.0,0.0,0.0,0.0,0.0,0.0,0.0
978,890,Sorbus',0,0,0,0,0,0,0,0.0,0.0,0.0,0.0,0.0,0.0,0.0,0.0
978,890,Taxodium',0,0,0,0,0,0,0,0.0,0.0,0.0,0.0,0.0,0.0,0.0,0.0
978,890,Taxus',0,0,0,0,0,0,0,0.0,0.0,0.0,0.0,0.0,0.0,0.0,0.0
978,890,Thuja',0,0,0,0,0,0,0,0.0,0.0,0.0,0.0,0.0,0.0,0.0,0.0
978,890,Tilia',0,0,0,0,0,0,0,0.0,0.0,0.0,0.0,0.0,0.0,0.0,0.0
978,890,Torreya',0,0,0,0,0,0,0,0.0,0.0,0.0,0.0,0.0,0.0,0.0,0.0
978,890,Tsuga',0,0,0,0,0,0,0,0.0,0.0,0.0,0.0,0.0,0.0,0.0,0.0
978,890,Ulmus',0,45,41,0,0,0,0,26.667404174804688,10.269831657409668,33.88025084251089,0.989494737733117,958.6900078463555,15574.969622020835,0.0026181472879722705,37.52624151791275
978,890,Umbellularia',0,0,0,0,0,0,0,0.0,0.0,0.0,0.0,0.0,0.0,0.0,0.0
978,900,Abies',0,0,0,0,0,0,0,0.0,0.0,0.0,0.0,0.0,0.0,0.0,0.0
978,900,Acer',0,1528,834,18,0,0,0,34.640663146972656,18.847904205322266,939.7096930618715,19.783502624071907,27596.129616438448,116802.40091392335,0.07485237587060943,276.2160417077638
978,900,Aesculus',0,0,0,0,0,0,0,0.0,0.0,0.0,0.0,0.0,0.0,0.0,0.0
978,900,Ailanthus',0,185,118,0,0,0,0,16.41411590576172,8.187187194824219,116.21029020864752,1.857131414495026,1789.2269713926316,17556.09141012253,0.005648971608676031,47.08142596544861
978,900,Alnus',0,31,6,0,0,0,0,10.759042739868164,7.111151218414307,27.547947373948517,0.18825371374057176,189.51986543297767,3017.31535423856,0.0008177232568711031,12.92539285107166
978,900,Amelanchier',0,0,0,0,0,0,0,0.0,0.0,0.0,0.0,0.0,0.0,0.0,0.0
978,900,Arbutus',0,0,0,0,0,0,0,0.0,0.0,0.0,0.0,0.0,0.0,0.0,0.0
978,900,Asimina',0,36,0,0,0,0,0,2.286285161972046,2.8061299324035645,6.129211208111123,0.014877805127249026,17.066245976686478,381.6128612460329,0.00012615839309245512,2.8209874288686985
978,900,Betula',0,295,99,34,0,0,0,45.67922592163086,17.17521858215332,140.08609570374216,6.8939179887177815,9642.116567599178,74044.31531633191,0.02344354249780913,171.26196514756398
978,900,Calocedrus',0,0,0,0,0,0,0,0.0,0.0,0.0,0.0,0.0,0.0,0.0,0.0
978,900,Carpinus',0,0,30,0,0,0,0,15.512199401855469,8.177404403686523,4.779820408247693,0.5790624451114103,645.280218141079,14428.904322993563,0.0015027642607688902,33.60283041236474
978,900,Carya',0,39,11,0,0,0,0,10.292037010192871,7.7701263427734375,9.952302284633056,0.0960121334410302,143.42739013433456,3054.4838709484725,0.00046199644187279167,9.988479005737288
978,900,Castanea',0,0,0,0,0,0,0,0.0,0.0,0.0,0.0,0.0,0.0,0.0,0.0
978,900,Catalpa',0,0,28,0,0,0,0,8.68085765838623,5.1032633781433105,16.226311665547044,0.16998068970659125,123.5763731956482,2763.251708783534,0.0005082009409516997,11.363718501973597
978,900,Celtis',0,0,177,5,0,0,0,45.988529205322266,19.83150863647461,64.81625490833686,5.5286392580494885,7032.413669282794,64077.96951003969,0.016560652248233595,148.18262186780646
978,900,Cercis',0,0,0,0,0,0,0,0.0,0.0,0.0,0.0,0.0,0.0,0.0,0.0
978,900,Cercocarpus',0,0,0,0,0,0,0,0.0,0.0,0.0,0.0,0.0,0.0,0.0,0.0
978,900,Chamaecyparis',0,24,0,0,0,0,0,0.7243381142616272,2.034447431564331,0.5865886272490024,0.0009988612678599282,1.7572155095636846,39.292533305013265,1.2377870095428016e-05,0.27677758950038495
978,900,Chilopsis',0,0,0,0,0,0,0,0.0,0.0,0.0,0.0,0.0,0.0,0.0,0.0
978,900,Chrysolepis',0,0,0,0,0,0,0,0.0,0.0,0.0,0.0,0.0,0.0,0.0,0.0
978,900,Cladrastis',0,0,0,0,0,0,0,0.0,0.0,0.0,0.0,0.0,0.0,0.0,0.0
978,900,Comus',0,0,0,0,0,0,0,0.0,0.0,0.0,0.0,0.0,0.0,0.0,0.0
978,900,Cornus',0,0,0,0,0,0,0,0.0,0.0,0.0,0.0,0.0,0.0,0.0,0.0
978,900,Crataegus',0,0,0,0,0,0,0,0.0,0.0,0.0,0.0,0.0,0.0,0.0,0.0
978,900,Cupressus',0,0,0,0,0,0,0,0.0,0.0,0.0,0.0,0.0,0.0,0.0,0.0
978,900,Diospyros',0,0,0,0,0,0,0,0.0,0.0,0.0,0.0,0.0,0.0,0.0,0.0
978,900,Elaeagnus',0,141,76,0,0,0,0,20.172607421875,6.975925445556641,106.50997087453739,1.3505964810223252,1239.1281756716967,11838.044907759131,0.0042868883590502765,36.44966366883021
978,900,Fagus',0,0,0,0,0,0,0,0.0,0.0,0.0,0.0,0.0,0.0,0.0,0.0
978,900,Fraxinus',0,769,649,12,0,0,0,40.353965759277344,18.257516860961914,480.9446252957929,14.656978480883252,18213.63083955884,92705.44556586356,0.04739819988237495,217.8464161269474
978,900,Gleditsia',0,44,15,0,0,0,0,8.606104850769043,6.240495681762695,18.315217511940606,0.10935309858867165,151.7494914638996,2611.469521836986,0.0006008788187243078,9.946820971993123
978,900,Gordonia',0,0,0,0,0,0,0,0.0,0.0,0.0,0.0,0.0,0.0,0.0,0.0
978,900,Gymnocladus',0,0,0,0,0,0,0,0.0,0.0,0.0,0.0,0.0,0.0,0.0,0.0
978,900,Halesia',0,0,0,0,0,0,0,0.0,0.0,0.0,0.0,0.0,0.0,0.0,0.0
978,900,Ilex',0,0,30,0,0,0,0,19.027502059936523,9.075908660888672,4.59815708220005,0.8541878013123146,868.6834978109598,19424.353520376022,0.0019968256133496547,44.65037810662507
978,900,Juglans',0,0,0,0,0,0,0,0.0,0.0,0.0,0.0,0.0,0.0,0.0,0.0
978,900,Juniperus',0,0,0,0,0,0,0,0.0,0.0,0.0,0.0,0.0,0.0,0.0,0.0
978,900,Larix',0,0,0,0,0,0,0,0.0,0.0,0.0,0.0,0.0,0.0,0.0,0.0
978,900,Liquidambar',0,0,0,0,0,0,0,0.0,0.0,0.0,0.0,0.0,0.0,0.0,0.0
978,900,Liriodendron',0,1040,1172,67,16,0,0,61.64398956298828,20.85230827331543,874.1299235085143,31.66890627493023,29549.86309173584,118127.28018180466,0.07824994825400282,276.75202309640946
978,900,Lithocarpus',0,0,0,0,0,0,0,0.0,0.0,0.0,0.0,0.0,0.0,0.0,0.0
978,900,Maclura',0,37,77,0,0,0,0,23.785619735717773,10.370288848876953,44.192973112192334,2.006254649580037,3085.7886251026393,42603.55836108171,0.007493490417625749,101.26106057330517
978,900,Magnolia',0,40,0,0,0,0,0,6.715877056121826,4.289078712463379,22.52650472936751,0.10375478408586902,106.16257531642914,1871.7231262510718,0.000560198390621689,9.437861810869554
978,900,Malus',0,0,0,0,0,0,0,0.0,0.0,0.0,0.0,0.0,0.0,0.0,0.0
978,900,Morus',0,61,0,0,0,0,0,7.934326171875,5.7762956619262695,35.1371400265754,0.2377776682439673,267.2912482595444,4183.349297943423,0.001099799210933974,16.748809394081704
978,900,Nyssa',0,0,0,0,0,0,0,0.0,0.0,0.0,0.0,0.0,0.0,0.0,0.0
978,900,Olneya',0,0,0,0,0,0,0,0.0,0.0,0.0,0.0,0.0,0.0,0.0,0.0
978,900,Ostrya',0,0,0,0,0,0,0,0.0,0.0,0.0,0.0,0.0,0.0,0.0,0.0
978,900,Oxydendron',0,0,0,0,0,0,0,0.0,0.0,0.0,0.0,0.0,0.0,0.0,0.0
978,900,Paulownia',0,265,72,0,0,0,0,18.716716766357422,7.906955242156982,136.63905892096741,1.2251802889763206,726.5004506444931,5949.623800496264,0.0035814406213313258,22.913265310355378
978,900,Persea',0,0,0,0,0,0,0,0.0,0.0,0.0,0.0,0.0,0.0,0.0,0.0
978,900,Picea',0,0,0,0,0,0,0,0.0,0.0,0.0,0.0,0.0,0.0,0.0,0.0
978,900,Pinus',0,566,1158,386,29,0,0,51.51365280151367,21.279096603393555,758.2159545540809,71.80429214059316,88086.46331581504,315967.690255374,0.2066997026349138,720.1364546044149
978,900,Planera',0,0,0,0,0,0,0,0.0,0.0,0.0,0.0,0.0,0.0,0.0,0.0
978,900,Platanus',0,98,77,0,0,0,0,23.581390380859375,7.69171142578125,107.80106458011306,2.111346139425383,1875.329358959794,22500.58456134413,0.005719254764532658,63.27241778080915
978,900,Populus',0,175,36,0,0,0,0,12.523818016052246,5.852055072784424,122.88921658185463,0.5163671837876371,467.9698135864735,4477.199026844766,0.0028089914734875836,24.19662881168529
978,900,Prosopis',0,0,0,0,0,0,0,0.0,0.0,0.0,0.0,0.0,0.0,0.0,0.0
978,900,Prunus',0,38,0,0,0,0,0,7.624493598937988,5.54845666885376,17.043011719478834,0.0661020271077904,65.78100522339344,1112.012801627656,0.0003915236383690492,6.5056487926411
978,900,Pseudotsuga',0,0,0,0,0,0,0,0.0,0.0,0.0,0.0,0.0,0.0,0.0,0.0
978,900,Quercus',0,119,70,9,0,0,0,57.02975845336914,18.145078659057617,96.19054155683591,2.7924209728525913,4340.896954689324,64427.40370426947,0.01103115387465435,148.06005624815572
978,900,Robinia',0,0,0,0,0,0,0,0.0,0.0,0.0,0.0,0.0,0.0,0.0,0.0
978,900,Salix',0,675,43,4,0,0,0,33.49748992919922,12.45887279510498,220.10937825151825,1.4804516885008998,1341.03417620793,10547.97207753283,0.006148672665788113,35.924744566700795
978,900,Sassafras',0,0,0,0,0,0,0,0.0,0.0,0.0,0.0,0.0,0.0,0.0,0.0
978,900,Sequoia',0,0,0,0,0,0,0,0.0,0.0,0.0,0.0,0.0,0.0,0.0,0.0
978,900,Sequoiadendron',0,0,0,0,0,0,0,0.0,0.0,0.0,0.0,0.0,0.0,0.0,0.0
978,900,Sorbus',0,0,0,0,0,0,0,0.0,0.0,0.0,0.0,0.0,0.0,0.0,0.0
978,900,Taxodium',0,0,0,0,0,0,0,0.0,0.0,0.0,0.0,0.0,0.0,0.0,0.0
978,900,Taxus',0,0,0,0,0,0,0,0.0,0.0,0.0,0.0,0.0,0.0,0.0,0.0
978,900,Thuja',0,0,0,0,0,0,0,0.0,0.0,0.0,0.0,0.0,0.0,0.0,0.0
978,900,Tilia',0,0,0,0,0,0,0,0.0,0.0,0.0,0.0,0.0,0.0,0.0,0.0
978,900,Torreya',0,0,0,0,0,0,0,0.0,0.0,0.0,0.0,0.0,0.0,0.0,0.0
978,900,Tsuga',0,0,0,0,0,0,0,0.0,0.0,0.0,0.0,0.0,0.0,0.0,0.0
978,900,Ulmus',0,4,75,0,0,0,0,15.2223482131958,6.992349624633789,41.443033530553684,0.7738773888932637,680.0433153790235,9473.1963725893,0.0021078027675487197,28.218533983075773
978,900,Umbellularia',0,0,0,0,0,0,0,0.0,0.0,0.0,0.0,0.0,0.0,0.0,0.0
978,910,Abies',0,0,0,0,0,0,0,0.0,0.0,0.0,0.0,0.0,0.0,0.0,0.0
978,910,Acer',0,1644,837,20,0,0,0,38.877471923828125,20.25250244140625,970.0520877997519,18.987546906139965,26737.779976339043,122179.42033917077,0.07338172707582605,285.28215577016704
978,910,Aesculus',0,0,0,0,0,0,0,0.0,0.0,0.0,0.0,0.0,0.0,0.0,0.0
978,910,Ailanthus',0,225,172,0,0,0,0,19.994495391845703,9.386327743530273,143.50558285707535,2.1773426059435215,2063.525446561873,15423.903105085974,0.006651454725577474,44.66610383388054
978,910,Alnus',0,32,0,0,0,0,0,4.11492919921875,3.76511287689209,16.372449405585662,0.04257488139634787,55.670294661521915,1233.4748958179396,0.00035940227087773256,7.961961465125674
978,910,Amelanchier',0,0,0,0,0,0,0,0.0,0.0,0.0,0.0,0.0,0.0,0.0,0.0
978,910,Arbutus',0,0,0,0,0,0,0,0.0,0.0,0.0,0.0,0.0,0.0,0.0,0.0
978,910,Asimina',0,0,0,0,0,0,0,0.0,0.0,0.0,0.0,0.0,0.0,0.0,0.0
978,910,Betula',0,108,196,12,3,0,0,49.72394943237305,18.739234924316406,136.6345927482353,6.2726667695352845,8529.445169703067,70292.54049935023,0.020921253569699854,161.43357084584306
978,910,Calocedrus',0,0,0,0,0,0,0,0.0,0.0,0.0,0.0,0.0,0.0,0.0,0.0
978,910,Carpinus',0,0,0,0,0,0,0,0.0,0.0,0.0,0.0,0.0,0.0,0.0,0.0
978,910,Carya',0,127,11,0,0,0,0,16.887996673583984,10.910228729248047,38.81411576620008,0.33639630184133634,548.60279466182,9130.604987429047,0.0017778681285995945,25.716245833505194
978,910,Castanea',0,0,0,0,0,0,0,0.0,0.0,0.0,0.0,0.0,0.0,0.0,0.0
978,910,Catalpa',0,1,0,0,0,0,0,3.7814648151397705,3.02337646484375,0.9171625443651705,0.0021113870732074286,2.5608619713783263,57.26261448996061,1.8893868891522273e-05,0.42247975199412435
978,910,Celtis',0,81,74,20,5,0,0,49.64530563354492,20.775535583496094,73.71426152937774,5.319598273043214,7317.046265596748,74893.51708070577,0.017321260378439035,171.63470500171218
978,910,Cercis',0,0,0,0,0,0,0,0.0,0.0,0.0,0.0,0.0,0.0,0.0,0.0
978,910,Cercocarpus',0,0,0,0,0,0,0,0.0,0.0,0.0,0.0,0.0,0.0,0.0,0.0
978,910,Chamaecyparis',0,95,0,0,0,0,0,5.067903995513916,5.985071659088135,22.806341651678085,0.09046469515059972,91.70246625661851,1192.2861012550848,0.00053320818736901,7.041057445318164
978,910,Chilopsis',0,0,0,0,0,0,0,0.0,0.0,0.0,0.0,0.0,0.0,0.0,0.0
978,910,Chrysolepis',0,0,0,0,0,0,0,0.0,0.0,0.0,0.0,0.0,0.0,0.0,0.0
978,910,Cladrastis',0,0,0,0,0,0,0,0.0,0.0,0.0,0.0,0.0,0.0,0.0,0.0
978,910,Comus',0,0,0,0,0,0,0,0.0,0.0,0.0,0.0,0.0,0.0,0.0,0.0
978,910,Cornus',0,0,0,0,0,0,0,0.0,0.0,0.0,0.0,0.0,0.0,0.0,0.0
978,910,Crataegus',0,0,0,0,0,0,0,0.0,0.0,0.0,0.0,0.0,0.0,0.0,0.0
978,910,Cupressus',0,0,0,0,0,0,0,0.0,0.0,0.0,0.0,0.0,0.0,0.0,0.0
978,910,Diospyros',0,0,0,0,0,0,0,0.0,0.0,0.0,0.0,0.0,0.0,0.0,0.0
978,910,Elaeagnus',0,201,98,0,0,0,0,26.773799896240234,7.692795753479004,132.6772606127624,2.1416699517524296,1947.8551410639286,20816.275833903375,0.006238529865090729,57.84278521475123
978,910,Fagus',0,0,0,0,0,0,0,0.0,0.0,0.0,0.0,0.0,0.0,0.0,0.0
978,910,Fraxinus',0,670,741,6,0,0,0,44.20328140258789,19.348960876464844,485.46966119610425,15.987873923188078,19956.62683231801,103970.83214473467,0.05133666525501575,244.48946708336874
978,910,Gleditsia',0,31,0,0,0,0,0,2.2636899948120117,2.6912717819213867,6.0014742985367775,0.012508487363664658,23.236151215732097,519.5761365384155,0.00013803044915478493,3.0864546727492774
978,910,Gordonia',0,0,0,0,0,0,0,0.0,0.0,0.0,0.0,0.0,0.0,0.0,0.0
978,910,Gymnocladus',0,0,0,0,0,0,0,0.0,0.0,0.0,0.0,0.0,0.0,0.0,0.0
978,910,Halesia',0,0,0,0,0,0,0,0.0,0.0,0.0,0.0,0.0,0.0,0.0,0.0
978,910,Ilex',0,0,30,0,0,0,0,21.61553955078125,9.805037498474121,14.067241839170455,1.102356255127466,1190.5053727900981,26620.509411373972,0.002848760953505853,63.700231436862644
978,910,Juglans',0,0,0,0,0,0,0,0.0,0.0,0.0,0.0,0.0,0.0,0.0,0.0
978,910,Juniperus',0,0,0,0,0,0,0,0.0,0.0,0.0,0.0,0.0,0.0,0.0,0.0
978,910,Larix',0,0,0,0,0,0,0,0.0,0.0,0.0,0.0,0.0,0.0,0.0,0.0
978,910,Liquidambar',0,0,0,0,0,0,0,0.0,0.0,0.0,0.0,0.0,0.0,0.0,0.0
978,910,Liriodendron',0,1038,1216,32,15,1,0,68.03641510009766,22.086946487426758,952.3431345952462,31.500890007674283,29968.670337772073,122184.9951368167,0.08030655446449678,286.81381078837177
978,910,Lithocarpus',0,0,0,0,0,0,0,0.0,0.0,0.0,0.0,0.0,0.0,0.0,0.0
978,910,Maclura',0,33,0,4,0,0,0,32.66773986816406,12.3053617477417,21.985069602916507,0.39510678892775997,773.312848481536,16065.678683537568,0.002034960229286931,39.483495887207674
978,910,Magnolia',0,2,40,0,0,0,0,12.162558555603027,6.483099460601807,13.854596791199489,0.424226134557477,332.3869660609961,5456.631967184348,0.0009380823274273485,15.116896541768568
978,910,Malus',0,0,0,0,0,0,0,0.0,0.0,0.0,0.0,0.0,0.0,0.0,0.0
978,910,Morus',0,32,0,0,0,0,0,7.79931116104126,5.709373474121094,6.016235588283478,0.034597296713018894,39.655577389597894,627.6592483587083,0.00017473055735416554,2.8787672571704426
978,910,Nyssa',0,28,0,0,0,0,0,0.9913395047187805,1.8076215982437134,0.0,0.002167363778202446,5.459566605091095,122.0796205667144,1.2132370197214185e-05,0.2712880448916345
978,910,Olneya',0,0,0,0,0,0,0,0.0,0.0,0.0,0.0,0.0,0.0,0.0,0.0
978,910,Ostrya',0,0,0,0,0,0,0,0.0,0.0,0.0,0.0,0.0,0.0,0.0,0.0
978,910,Oxydendron',0,0,0,0,0,0,0,0.0,0.0,0.0,0.0,0.0,0.0,0.0,0.0
978,910,Paulownia',0,152,74,0,0,0,0,14.861296653747559,6.757435321807861,101.24456589263451,1.0894818814443685,609.8890498578548,5834.747769385231,0.0028127807942985054,22.96188066086076
978,910,Persea',0,0,0,0,0,0,0,0.0,0.0,0.0,0.0,0.0,0.0,0.0,0.0
978,910,Picea',0,0,0,0,0,0,0,0.0,0.0,0.0,0.0,0.0,0.0,0.0,0.0
978,910,Pinus',0,540,1073,382,21,0,0,57.33469772338867,22.165878295898438,763.4306883531808,72.5440179551793,89291.10567709863,328008.90437987633,0.2094520109069696,745.5657396651468
978,910,Planera',0,0,0,0,0,0,0,0.0,0.0,0.0,0.0,0.0,0.0,0.0,0.0
978,910,Platanus',0,101,50,13,0,0,0,28.4503231048584,8.854869842529297,133.95775810921492,2.3096061995044783,2129.7106986767053,26543.735690263085,0.00666108663859966,70.37017117119768
978,910,Populus',0,164,13,0,0,0,0,8.671429634094238,4.52028226852417,69.06309059031211,0.29970302302557894,276.0271298210323,2650.487513242647,0.0016075951816544322,15.970549175246965
978,910,Prosopis',0,0,0,0,0,0,0,0.0,0.0,0.0,0.0,0.0,0.0,0.0,0.0
978,910,Prunus',0,8,23,0,0,0,0,17.222698211669922,8.587554931640625,25.63914789051949,0.3566586794732645,281.4462810906768,4724.098017181079,0.000994525979267435,15.87882701066457
978,910,Pseudotsuga',0,0,0,0,0,0,0,0.0,0.0,0.0,0.0,0.0,0.0,0.0,0.0
978,910,Quercus',0,34,118,9,0,0,0,76.0873031616211,21.150291442871094,105.111170352637,3.1180205936221688,5101.264317442179,74424.68278764613,0.012849276660904303,170.73047610667936
978,910,Robinia',0,0,0,0,0,0,0,0.0,0.0,0.0,0.0,0.0,0.0,0.0,0.0
978,910,Salix',0,768,122,0,0,0,0,14.547765731811523,8.183192253112793,248.10959424210498,1.9829927956429647,1560.1979705703259,8692.661855370057,0.0070387820261309545,33.1485844559143
978,910,Sassafras',0,0,0,0,0,0,0,0.0,0.0,0.0,0.0,0.0,0.0,0.0,0.0
978,910,Sequoia',0,0,0,0,0,0,0,0.0,0.0,0.0,0.0,0.0,0.0,0.0,0.0
978,910,Sequoiadendron',0,0,0,0,0,0,0,0.0,0.0,0.0,0.0,0.0,0.0,0.0,0.0
978,910,Sorbus',0,0,0,0,0,0,0,0.0,0.0,0.0,0.0,0.0,0.0,0.0,0.0
978,910,Taxodium',0,0,0,0,0,0,0,0.0,0.0,0.0,0.0,0.0,0.0,0.0,0.0
978,910,Taxus',0,0,0,0,0,0,0,0.0,0.0,0.0,0.0,0.0,0.0,0.0,0.0
978,910,Thuja',0,0,0,0,0,0,0,0.0,0.0,0.0,0.0,0.0,0.0,0.0,0.0
978,910,Tilia',0,0,0,0,0,0,0,0.0,0.0,0.0,0.0,0.0,0.0,0.0,0.0
978,910,Torreya',0,0,0,0,0,0,0,0.0,0.0,0.0,0.0,0.0,0.0,0.0,0.0
978,910,Tsuga',0,0,0,0,0,0,0,0.0,0.0,0.0,0.0,0.0,0.0,0.0,0.0
978,910,Ulmus',0,43,40,0,0,0,0,23.202354431152344,9.252381324768066,47.55469109910198,1.0681784274768258,1030.197735696435,14529.531304323005,0.0029739044740013923,38.92341158097342
978,910,Umbellularia',0,0,0,0,0,0,0,0.0,0.0,0.0,0.0,0.0,0.0,0.0,0.0
978,920,Abies',0,0,0,0,0,0,0,0.0,0.0,0.0,0.0,0.0,0.0,0.0,0.0
978,920,Acer',0,1419,997,29,0,0,0,42.937870025634766,21.487674713134766,997.0199967193404,18.74097500355987,26036.009666590617,123246.53374361586,0.07221045650824039,288.428217930903
978,920,Aesculus',0,0,0,0,0,0,0,0.0,0.0,0.0,0.0,0.0,0.0,0.0,0.0
978,920,Ailanthus',0,196,143,0,0,0,0,24.43814468383789,10.748909950256348,126.50659444258558,2.52007296829637,2485.361926341355,19967.72604593083,0.007344159106322557,52.31288313978322
978,920,Alnus',0,41,31,0,0,0,0,9.801797866821289,6.672445297241211,11.826867555044117,0.24900358541819645,201.57774217098952,4181.581678150822,0.0006182048709937353,11.715705800151508
978,920,Amelanchier',0,0,0,0,0,0,0,0.0,0.0,0.0,0.0,0.0,0.0,0.0,0.0
978,920,Arbutus',0,0,0,0,0,0,0,0.0,0.0,0.0,0.0,0.0,0.0,0.0,0.0
978,920,Asimina',0,0,0,0,0,0,0,0.0,0.0,0.0,0.0,0.0,0.0,0.0,0.0
978,920,Betula',0,165,248,12,3,0,0,56.35992431640625,20.060998916625977,206.822546519622,6.734008101576479,9373.532596852183,76687.50672301934,0.023807398427911047,178.19056202258759
978,920,Calocedrus',0,0,0,0,0,0,0,0.0,0.0,0.0,0.0,0.0,0.0,0.0,0.0
978,920,Carpinus',0,0,0,0,0,0,0,0.0,0.0,0.0,0.0,0.0,0.0,0.0,0.0
978,920,Carya',0,57,41,0,0,0,0,22.601423263549805,13.13465404510498,46.43782896213704,0.7829777114011572,1237.7172717086971,18174.235507736237,0.003418981247641148,45.68880087134387
978,920,Castanea',0,29,0,0,0,0,0,1.700094223022461,2.441471815109253,0.0,0.006628552739340259,8.366302323341369,187.07620715305518,1.8591781565919516e-05,0.415724874042234
978,920,Catalpa',0,108,0,0,0,0,0,7.180222511291504,4.48384952545166,32.01131535387491,0.22984158731214405,179.55717424333096,2604.4063892477416,0.0008598366079293089,11.868950706718714
978,920,Celtis',0,29,86,0,0,0,0,17.261184692382812,9.98120403289795,41.51812008287333,1.2874145529050016,1303.2509844756128,19541.31853148171,0.0034937896486483314,48.83001938226046
978,920,Cercis',0,0,0,0,0,0,0,0.0,0.0,0.0,0.0,0.0,0.0,0.0,0.0
978,920,Cercocarpus',0,0,0,0,0,0,0,0.0,0.0,0.0,0.0,0.0,0.0,0.0,0.0
978,920,Chamaecyparis',0,60,29,0,0,0,0,11.414039611816406,10.568376541137695,43.32139211177826,0.41023246826639875,354.23283920764925,5457.891004936875,0.0014129375214396685,18.597337752235184
978,920,Chilopsis',0,0,0,0,0,0,0,0.0,0.0,0.0,0.0,0.0,0.0,0.0,0.0
978,920,Chrysolepis',0,0,0,0,0,0,0,0.0,0.0,0.0,0.0,0.0,0.0,0.0,0.0
978,920,Cladrastis',0,0,0,0,0,0,0,0.0,0.0,0.0,0.0,0.0,0.0,0.0,0.0
978,920,Comus',0,0,0,0,0,0,0,0.0,0.0,0.0,0.0,0.0,0.0,0.0,0.0
978,920,Cornus',0,0,0,0,0,0,0,0.0,0.0,0.0,0.0,0.0,0.0,0.0,0.0
978,920,Crataegus',0,0,0,0,0,0,0,0.0,0.0,0.0,0.0,0.0,0.0,0.0,0.0
978,920,Cupressus',0,0,0,0,0,0,0,0.0,0.0,0.0,0.0,0.0,0.0,0.0,0.0
978,920,Diospyros',0,0,0,0,0,0,0,0.0,0.0,0.0,0.0,0.0,0.0,0.0,0.0
978,920,Elaeagnus',0,191,96,0,0,0,0,18.740291595458984,6.774503231048584,102.85797568603971,1.410934641362872,1287.6609247146548,14773.671522132143,0.004342166432982331,44.99912846026814
978,920,Fagus',0,0,0,0,0,0,0,0.0,0.0,0.0,0.0,0.0,0.0,0.0,0.0
978,920,Fraxinus',0,606,661,28,0,0,0,47.85441970825195,20.320505142211914,495.1981091508759,14.510107653824031,18512.474232459368,104985.65353770662,0.0482674838813001,245.31362502779893
978,920,Gleditsia',0,52,0,0,0,0,0,7.577862739562988,5.698118209838867,13.609648192230658,0.12057173270849944,149.56729545116426,3052.023141267482,0.0005282902077194358,11.149609146791503
978,920,Gordonia',0,0,0,0,0,0,0,0.0,0.0,0.0,0.0,0.0,0.0,0.0,0.0
978,920,Gymnocladus',0,23,0,0,0,0,0,5.078432083129883,3.702348470687866,7.488409187408942,0.047884686789684536,50.823106296658516,1136.4392050702643,0.0002207400503642833,4.935897579712684
978,920,Halesia',0,0,0,0,0,0,0,0.0,0.0,0.0,0.0,0.0,0.0,0.0,0.0
978,920,Ilex',0,0,30,0,0,0,0,23.616323471069336,10.327630043029785,8.030565172433853,1.3158742459229673,1449.943231188059,32421.716284522114,0.003338093158602714,74.64203217862641
978,920,Juglans',0,0,0,0,0,0,0,0.0,0.0,0.0,0.0,0.0,0.0,0.0,0.0
978,920,Juniperus',0,0,0,0,0,0,0,0.0,0.0,0.0,0.0,0.0,0.0,0.0,0.0
978,920,Larix',0,0,0,0,0,0,0,0.0,0.0,0.0,0.0,0.0,0.0,0.0,0.0
978,920,Liquidambar',0,0,0,0,0,0,0,0.0,0.0,0.0,0.0,0.0,0.0,0.0,0.0
978,920,Liriodendron',0,914,1337,32,6,1,0,80.30864715576172,24.17413902282715,1019.6249587447204,31.836140393144312,29491.432713523507,118672.88703589584,0.08021458445753989,281.20027453961376
978,920,Lithocarpus',0,0,0,0,0,0,0,0.0,0.0,0.0,0.0,0.0,0.0,0.0,0.0
978,920,Maclura',0,32,0,0,0,0,0,7.4223504066467285,4.92162561416626,12.384380664252026,0.14105561806113584,192.15604292154313,4296.73974259934,0.0006052934890985409,13.534773879623723
978,920,Magnolia',0,2,17,0,0,0,0,16.232542037963867,7.99943733215332,9.355085276633123,0.3590496410041504,308.9154224225879,6813.429874769108,0.0008211504062935709,18.104455655145657
978,920,Malus',0,0,0,0,0,0,0,0.0,0.0,0.0,0.0,0.0,0.0,0.0,0.0
978,920,Morus',0,34,0,0,0,0,0,1.6231175661087036,2.311882257461548,3.549931052176258,0.007134394074988775,13.3487181609869,298.4864122045266,8.076704666484146e-05,1.8060060668448497
978,920,Nyssa',0,0,0,0,0,0,0,0.0,0.0,0.0,0.0,0.0,0.0,0.0,0.0
978,920,Olneya',0,0,0,0,0,0,0,0.0,0.0,0.0,0.0,0.0,0.0,0.0,0.0
978,920,Ostrya',0,0,0,0,0,0,0,0.0,0.0,0.0,0.0,0.0,0.0,0.0,0.0
978,920,Oxydendron',0,0,0,0,0,0,0,0.0,0.0,0.0,0.0,0.0,0.0,0.0,0.0
978,920,Paulownia',0,177,61,0,0,0,0,10.189155578613281,5.228322982788086,110.30208344512346,0.6693042885321191,423.501929423213,3325.9355105721947,0.00252897515587952,18.331408743295
978,920,Persea',0,0,0,0,0,0,0,0.0,0.0,0.0,0.0,0.0,0.0,0.0,0.0
978,920,Picea',0,0,0,0,0,0,0,0.0,0.0,0.0,0.0,0.0,0.0,0.0,0.0
978,920,Pinus',0,515,1217,261,28,0,0,55.803585052490234,22.958555221557617,790.2948363411426,67.9267176483722,84092.64717892528,328082.28375848196,0.19828791878067245,744.9146034569718
978,920,Planera',0,0,0,0,0,0,0,0.0,0.0,0.0,0.0,0.0,0.0,0.0,0.0
978,920,Platanus',0,49,81,13,0,0,0,32.891456604003906,9.873433113098145,111.251391662827,3.016101238884937,2791.669129769802,35610.67463015783,0.007805234623471314,91.49952705839038
978,920,Populus',0,228,25,0,0,0,0,18.778759002685547,7.8937578201293945,91.87426918103725,0.5626440272536932,477.03812689423563,4017.348417640208,0.002382665899532843,19.6579047509671
978,920,Prosopis',0,0,0,0,0,0,0,0.0,0.0,0.0,0.0,0.0,0.0,0.0,0.0
978,920,Prunus',0,84,0,0,0,0,0,7.1064934730529785,5.322849273681641,30.049425119274776,0.1462748267185738,122.41522413551807,1404.5658630384683,0.000704611993973144,8.12190031758046
978,920,Pseudotsuga',0,0,0,0,0,0,0,0.0,0.0,0.0,0.0,0.0,0.0,0.0,0.0
978,920,Quercus',0,74,118,0,9,0,0,94.2743148803711,23.8444881439209,107.91353614859376,3.9995502687089384,6722.551698852927,88505.07637806427,0.016492478509715774,203.49736096104368
978,920,Robinia',0,0,0,0,0,0,0,0.0,0.0,0.0,0.0,0.0,0.0,0.0,0.0
978,920,Salix',0,627,166,0,0,0,0,19.334674835205078,11.225915908813477,205.51600107121502,2.2895452488191674,1679.966761354655,9738.059458681204,0.006691776456665354,34.34070083734517
978,920,Sassafras',0,0,0,0,0,0,0,0.0,0.0,0.0,0.0,0.0,0.0,0.0,0.0
978,920,Sequoia',0,0,0,0,0,0,0,0.0,0.0,0.0,0.0,0.0,0.0,0.0,0.0
978,920,Sequoiadendron',0,0,0,0,0,0,0,0.0,0.0,0.0,0.0,0.0,0.0,0.0,0.0
978,920,Sorbus',0,0,0,0,0,0,0,0.0,0.0,0.0,0.0,0.0,0.0,0.0,0.0
978,920,Taxodium',0,0,0,0,0,0,0,0.0,0.0,0.0,0.0,0.0,0.0,0.0,0.0
978,920,Taxus',0,0,0,0,0,0,0,0.0,0.0,0.0,0.0,0.0,0.0,0.0,0.0
978,920,Thuja',0,0,0,0,0,0,0,0.0,0.0,0.0,0.0,0.0,0.0,0.0,0.0
978,920,Tilia',0,0,0,0,0,0,0,0.0,0.0,0.0,0.0,0.0,0.0,0.0,0.0
978,920,Torreya',0,0,0,0,0,0,0,0.0,0.0,0.0,0.0,0.0,0.0,0.0,0.0
978,920,Tsuga',0,0,0,0,0,0,0,0.0,0.0,0.0,0.0,0.0,0.0,0.0,0.0
978,920,Ulmus',0,0,21,10,0,0,0,29.710845947265625,11.130967140197754,28.998819404765015,0.8388382219732687,890.4794306445121,14423.710429557357,0.0023962972434014066,36.15925475889281
978,920,Umbellularia',0,0,0,0,0,0,0,0.0,0.0,0.0,0.0,0.0,0.0,0.0,0.0
978,930,Abies',0,0,0,0,0,0,0,0.0,0.0,0.0,0.0,0.0,0.0,0.0,0.0
978,930,Acer',0,1305,1128,32,0,0,0,46.51729202270508,22.49358367919922,970.7309458081762,20.03333720175726,26034.421274453252,99621.650666937,0.07182848161167069,239.559357864007
978,930,Aesculus',0,0,0,0,0,0,0,0.0,0.0,0.0,0.0,0.0,0.0,0.0,0.0
978,930,Ailanthus',0,319,150,8,0,0,0,31.38855743408203,12.629900932312012,152.26184812999225,2.5918105626482215,2740.8259144431354,24187.76204711579,0.008282618218477561,62.71357139509846
978,930,Alnus',0,24,1,0,0,0,0,9.556111335754395,6.557629585266113,4.03463967168067,0.009791070958092774,16.930742185860872,286.1191533043117,9.570475234254226e-05,1.5696916119293178
978,930,Amelanchier',0,1,0,0,0,0,0,5.159355640411377,4.401932239532471,1.250575290450567,0.0035122877885506573,6.828004574775696,152.67882379877992,3.3176069945096985e-05,0.741839476235246
978,930,Arbutus',0,0,0,0,0,0,0,0.0,0.0,0.0,0.0,0.0,0.0,0.0,0.0
978,930,Asimina',0,0,0,0,0,0,0,0.0,0.0,0.0,0.0,0.0,0.0,0.0,0.0
978,930,Betula',0,48,393,0,3,0,0,61.98869323730469,21.05978775024414,196.06205127190185,8.080026396665327,10543.480716111064,70774.67297774363,0.026252379147035924,166.9086256904722
978,930,Calocedrus',0,0,0,0,0,0,0,0.0,0.0,0.0,0.0,0.0,0.0,0.0,0.0
978,930,Carpinus',0,0,0,0,0,0,0,0.0,0.0,0.0,0.0,0.0,0.0,0.0,0.0
978,930,Carya',0,65,41,0,0,0,0,27.394336700439453,14.706328392028809,48.428968354305134,1.4153040015672367,2303.4711090403794,30229.608632115014,0.005815986465644092,72.44003877188842
978,930,Castanea',0,29,0,0,0,0,0,7.878650188446045,5.656346797943115,16.052635334715056,0.14235619434051586,130.53233065605164,2918.791646084126,0.0005211584597081012,11.653457429563831
978,930,Catalpa',0,0,37,0,0,0,0,10.794227600097656,5.950179100036621,18.915309690976443,0.3448132275393374,240.34624658346178,5374.305454975469,0.0008063991627842187,18.031633449844474
978,930,Celtis',0,73,130,0,0,0,0,19.10777473449707,10.768431663513184,71.07681726353077,2.2918944740596032,2408.1301314890384,28078.20167778582,0.006374590608349597,68.56838667192139
978,930,Cercis',0,0,0,0,0,0,0,0.0,0.0,0.0,0.0,0.0,0.0,0.0,0.0
978,930,Cercocarpus',0,0,0,0,0,0,0,0.0,0.0,0.0,0.0,0.0,0.0,0.0,0.0
978,930,Chamaecyparis',0,16,73,0,0,0,0,17.31930923461914,13.835050582885742,41.85437872171402,1.2788262810631605,1069.20467867136,14994.711004498644,0.0029805735945676996,39.40660621923043
978,930,Chilopsis',0,0,0,0,0,0,0,0.0,0.0,0.0,0.0,0.0,0.0,0.0,0.0
978,930,Chrysolepis',0,0,0,0,0,0,0,0.0,0.0,0.0,0.0,0.0,0.0,0.0,0.0
978,930,Cladrastis',0,0,0,0,0,0,0,0.0,0.0,0.0,0.0,0.0,0.0,0.0,0.0
978,930,Comus',0,0,0,0,0,0,0,0.0,0.0,0.0,0.0,0.0,0.0,0.0,0.0
978,930,Cornus',0,0,0,0,0,0,0,0.0,0.0,0.0,0.0,0.0,0.0,0.0,0.0
978,930,Crataegus',0,15,0,0,0,0,0,2.9131250381469727,2.886861562728882,4.478130952655515,0.010051004671224783,18.936919661164286,423.4423964681598,0.00010654722516983714,2.3824683829373208
978,930,Cupressus',0,0,0,0,0,0,0,0.0,0.0,0.0,0.0,0.0,0.0,0.0,0.0
978,930,Diospyros',0,0,0,0,0,0,0,0.0,0.0,0.0,0.0,0.0,0.0,0.0,0.0
978,930,Elaeagnus',0,285,31,0,0,0,0,18.756439208984375,6.776882171630859,94.99460599797811,1.0509522694969968,967.1817214873433,8596.941942331223,0.0035167928775567564,26.903971314439474
978,930,Fagus',0,0,0,0,0,0,0,0.0,0.0,0.0,0.0,0.0,0.0,0.0,0.0
978,930,Fraxinus',0,797,633,8,6,0,0,51.08092498779297,21.13046646118164,489.9707335632152,12.924920768749711,16105.960538892896,89934.52597057613,0.04284442388480483,211.42532546884019
978,930,Gleditsia',0,33,24,0,0,0,0,13.137372970581055,8.490046501159668,17.026600475552716,0.36618586886922,449.5225360012055,8996.758348792617,0.001244046340387307,22.28569322853046
978,930,Gordonia',0,0,0,0,0,0,0,0.0,0.0,0.0,0.0,0.0,0.0,0.0,0.0
978,930,Gymnocladus',0,16,0,0,0,0,0,5.3670244216918945,3.8309645652770996,6.037491519428507,0.03701180996527336,39.70387896835804,887.8057234367345,0.0001751438861265765,3.916336352225059
978,930,Halesia',0,32,0,0,0,0,0,1.6761531829833984,2.507075071334839,0.0,0.007184585042512352,7.8545903456211095,175.63397948222547,1.7454644883982836e-05,0.39029772483704545
978,930,Ilex',0,25,30,0,0,0,0,25.31659698486328,10.745451927185059,19.29169359445572,1.5225907103391143,1739.4003329277039,38471.813804517915,0.0041439919501769,90.24140181324512
978,930,Juglans',0,0,0,0,0,0,0,0.0,0.0,0.0,0.0,0.0,0.0,0.0,0.0
978,930,Juniperus',0,0,0,0,0,0,0,0.0,0.0,0.0,0.0,0.0,0.0,0.0,0.0
978,930,Larix',0,0,0,0,0,0,0,0.0,0.0,0.0,0.0,0.0,0.0,0.0,0.0
978,930,Liquidambar',0,0,0,0,0,0,0,0.0,0.0,0.0,0.0,0.0,0.0,0.0,0.0
978,930,Liriodendron',0,1108,1251,63,0,0,1,91.68880462646484,25.819446563720703,851.7035758028491,33.2315665341182,29440.4584691453,99215.14545364071,0.07768398712660299,237.57033207729154
978,930,Lithocarpus',0,0,0,0,0,0,0,0.0,0.0,0.0,0.0,0.0,0.0,0.0,0.0
978,930,Maclura',0,39,32,0,0,0,0,11.786717414855957,6.672613143920898,23.457628568705122,0.3842792789866928,547.4488965159654,10932.765664987004,0.001554238670673237,28.46806590670318
978,930,Magnolia',0,0,17,0,0,0,0,20.19317054748535,9.381111145019531,4.650555219076856,0.5457182758043201,499.49962605714796,11169.151185994975,0.0011769465063214384,26.31732394015613
978,930,Malus',0,0,0,0,0,0,0,0.0,0.0,0.0,0.0,0.0,0.0,0.0,0.0
978,930,Morus',0,120,11,0,0,0,0,8.535884857177734,6.070924282073975,61.756943943379795,0.4161947534765344,468.18888966798784,5150.3995497825135,0.0019294452487248921,20.376403013427474
978,930,Nyssa',0,0,0,0,0,0,0,0.0,0.0,0.0,0.0,0.0,0.0,0.0,0.0
978,930,Olneya',0,0,0,0,0,0,0,0.0,0.0,0.0,0.0,0.0,0.0,0.0,0.0
978,930,Ostrya',0,0,0,0,0,0,0,0.0,0.0,0.0,0.0,0.0,0.0,0.0,0.0
978,930,Oxydendron',0,0,0,0,0,0,0,0.0,0.0,0.0,0.0,0.0,0.0,0.0,0.0
978,930,Paulownia',0,229,67,0,0,0,0,18.23495101928711,7.768546104431152,70.93027933488916,1.132680730608865,626.4136884653568,7998.956239029423,0.002413111218042654,26.47109418844042
978,930,Persea',0,0,0,0,0,0,0,0.0,0.0,0.0,0.0,0.0,0.0,0.0,0.0
978,930,Picea',0,0,0,0,0,0,0,0.0,0.0,0.0,0.0,0.0,0.0,0.0,0.0
978,930,Pinus',0,317,1095,321,49,0,0,61.0,23.622699737548828,726.3091410765052,67.49713349798276,84851.82344031542,346409.98119111435,0.19905074090418512,786.8530662841273
978,930,Planera',0,0,0,0,0,0,0,0.0,0.0,0.0,0.0,0.0,0.0,0.0,0.0
978,930,Platanus',0,68,81,13,0,0,0,36.571815490722656,10.688008308410645,118.18936410772648,3.8110160585632804,3570.6591305696966,43889.40587694181,0.00963619969864559,110.41204192365248
978,930,Populus',0,331,27,3,0,0,0,32.63877487182617,11.93172836303711,173.20198143820596,1.207826569908511,1047.451206099093,8370.55922577724,0.0048210081541622055,33.4667014494607
978,930,Prosopis',0,0,0,0,0,0,0,0.0,0.0,0.0,0.0,0.0,0.0,0.0,0.0
978,930,Prunus',0,60,55,0,0,0,0,12.066903114318848,7.195549488067627,39.85291529399684,0.6097567710384252,433.64240187704564,6032.254291784558,0.0015373546044528596,19.629868283017316
978,930,Pseudotsuga',0,0,0,0,0,0,0,0.0,0.0,0.0,0.0,0.0,0.0,0.0,0.0
978,930,Quercus',0,58,169,8,9,0,0,110.88711547851562,25.862619400024414,140.66863561638544,5.749954098408943,9443.12501816213,104584.2072982045,0.02300972542072088,239.6685441375217
978,930,Robinia',0,0,0,0,0,0,0,0.0,0.0,0.0,0.0,0.0,0.0,0.0,0.0
978,930,Salix',0,671,58,1,0,0,0,33.844017028808594,16.346721649169922,247.98395268548325,2.014827380467477,1700.361196717769,10748.530819726495,0.007348447181195505,37.74425977663814
978,930,Sassafras',0,0,0,0,0,0,0,0.0,0.0,0.0,0.0,0.0,0.0,0.0,0.0
978,930,Sequoia',0,0,0,0,0,0,0,0.0,0.0,0.0,0.0,0.0,0.0,0.0,0.0
978,930,Sequoiadendron',0,0,0,0,0,0,0,0.0,0.0,0.0,0.0,0.0,0.0,0.0,0.0
978,930,Sorbus',0,0,0,0,0,0,0,0.0,0.0,0.0,0.0,0.0,0.0,0.0,0.0
978,930,Taxodium',0,0,0,0,0,0,0,0.0,0.0,0.0,0.0,0.0,0.0,0.0,0.0
978,930,Taxus',0,0,0,0,0,0,0,0.0,0.0,0.0,0.0,0.0,0.0,0.0,0.0
978,930,Thuja',0,0,0,0,0,0,0,0.0,0.0,0.0,0.0,0.0,0.0,0.0,0.0
978,930,Tilia',0,0,0,0,0,0,0,0.0,0.0,0.0,0.0,0.0,0.0,0.0,0.0
978,930,Torreya',0,0,0,0,0,0,0,0.0,0.0,0.0,0.0,0.0,0.0,0.0,0.0
978,930,Tsuga',0,0,0,0,0,0,0,0.0,0.0,0.0,0.0,0.0,0.0,0.0,0.0
978,930,Ulmus',0,39,0,10,0,0,0,42.61251449584961,14.467544555664062,24.067519559890407,1.0478203274651687,1263.3204938673973,21030.30460159242,0.003153844195373353,49.23040327218345
978,930,Umbellularia',0,0,0,0,0,0,0,0.0,0.0,0.0,0.0,0.0,0.0,0.0,0.0
978,940,Abies',0,0,0,0,0,0,0,0.0,0.0,0.0,0.0,0.0,0.0,0.0,0.0
978,940,Acer',0,1549,962,17,5,0,0,49.66304016113281,23.31806182861328,831.0448849148152,20.05347165737284,26888.906154824122,114952.96197454943,0.0717164782251026,271.86922536522843
978,940,Aesculus',0,0,0,0,0,0,0,0.0,0.0,0.0,0.0,0.0,0.0,0.0,0.0
978,940,Ailanthus',0,171,105,0,0,0,0,10.845087051391602,6.12351131439209,112.58693912455551,1.0748081675294794,1067.0594402951003,8215.159855254904,0.0039919947900641595,29.296987502247976
978,940,Alnus',0,24,24,0,0,0,0,8.49283218383789,6.0500288009643555,27.756489449286757,0.164374953977281,162.99774246811867,2966.7018870364377,0.0007617872813567467,12.953541060049504
978,940,Amelanchier',0,0,0,0,0,0,0,0.0,0.0,0.0,0.0,0.0,0.0,0.0,0.0
978,940,Arbutus',0,0,0,0,0,0,0,0.0,0.0,0.0,0.0,0.0,0.0,0.0,0.0
978,940,Asimina',0,0,0,0,0,0,0,0.0,0.0,0.0,0.0,0.0,0.0,0.0,0.0
978,940,Betula',0,176,224,6,3,0,0,74.1550521850586,21.87590217590332,174.3062681285075,6.208408956229998,8943.949080337585,68514.90551450031,0.02238467789632178,161.36631349986231
978,940,Calocedrus',0,0,0,0,0,0,0,0.0,0.0,0.0,0.0,0.0,0.0,0.0,0.0
978,940,Carpinus',0,0,0,0,0,0,0,0.0,0.0,0.0,0.0,0.0,0.0,0.0,0.0
978,940,Carya',0,76,52,11,0,0,0,31.4935302734375,15.868840217590332,70.05975716193264,1.7588156132459551,3124.2769189292194,42492.95792992778,0.007951386889047923,100.32194955017773
978,940,Castanea',0,0,0,0,0,0,0,0.0,0.0,0.0,0.0,0.0,0.0,0.0,0.0
978,940,Catalpa',0,0,0,0,0,0,0,0.0,0.0,0.0,0.0,0.0,0.0,0.0,0.0
978,940,Celtis',0,25,144,0,0,0,0,19.731464385986328,11.028807640075684,65.47030825780917,2.558501416725027,2670.4465026450157,26722.682970939466,0.006876806977860615,66.25433998374288
978,940,Cercis',0,0,0,0,0,0,0,0.0,0.0,0.0,0.0,0.0,0.0,0.0,0.0
978,940,Cercocarpus',0,0,0,0,0,0,0,0.0,0.0,0.0,0.0,0.0,0.0,0.0,0.0
978,940,Chamaecyparis',0,0,89,0,0,0,0,22.246530532836914,15.987227439880371,45.62427955985069,2.4913336715630625,2288.266061023474,30256.11431836842,0.0057440532097667455,74.8642922619632
978,940,Chilopsis',0,0,0,0,0,0,0,0.0,0.0,0.0,0.0,0.0,0.0,0.0,0.0
978,940,Chrysolepis',0,0,0,0,0,0,0,0.0,0.0,0.0,0.0,0.0,0.0,0.0,0.0
978,940,Cladrastis',0,0,0,0,0,0,0,0.0,0.0,0.0,0.0,0.0,0.0,0.0,0.0
978,940,Comus',0,0,0,0,0,0,0,0.0,0.0,0.0,0.0,0.0,0.0,0.0,0.0
978,940,Cornus',0,0,0,0,0,0,0,0.0,0.0,0.0,0.0,0.0,0.0,0.0,0.0
978,940,Crataegus',0,0,0,0,0,0,0,0.0,0.0,0.0,0.0,0.0,0.0,0.0,0.0
978,940,Cupressus',0,0,0,0,0,0,0,0.0,0.0,0.0,0.0,0.0,0.0,0.0,0.0
978,940,Diospyros',0,0,0,0,0,0,0,0.0,0.0,0.0,0.0,0.0,0.0,0.0,0.0
978,940,Elaeagnus',0,121,63,0,0,0,0,15.949118614196777,6.32258939743042,62.21446315133118,1.078002875510514,940.5612188321352,10183.114609392756,0.002985747813378933,30.80424772253668
978,940,Fagus',0,0,0,0,0,0,0,0.0,0.0,0.0,0.0,0.0,0.0,0.0,0.0
978,940,Fraxinus',0,554,688,0,0,0,0,24.46769142150879,11.578414916992188,410.9530793559513,12.000119442953629,13648.97523117155,70823.98431417934,0.03624695396055793,171.06495707449324
978,940,Gleditsia',0,0,58,0,0,0,0,17.61893653869629,10.505352020263672,10.512637670941743,0.817755963949595,1033.670044270456,18792.008098307222,0.0024483798394501497,43.84017080554352
978,940,Gordonia',0,0,0,0,0,0,0,0.0,0.0,0.0,0.0,0.0,0.0,0.0,0.0
978,940,Gymnocladus',0,0,16,0,0,0,0,10.523143768310547,5.996294021606445,8.020953571871866,0.1422866611003687,137.1662073791027,3067.129639155047,0.00042027989412844296,9.397744128476205
978,940,Halesia',0,7,0,0,0,0,0,1.4933503866195679,2.3786118030548096,0.0,0.0013031255332196178,1.5050456821918488,33.6538445462353,3.3445458160713313e-06,0.07478631798597979
978,940,Ilex',0,0,0,0,0,0,0,0.0,0.0,0.0,0.0,0.0,0.0,0.0,0.0
978,940,Juglans',0,29,0,0,0,0,0,3.3145298957824707,2.9809136390686035,11.345192582546908,0.02516061672326355,38.97089012861252,871.415594712536,0.0002499223302863538,5.588433196154502
978,940,Juniperus',0,0,0,0,0,0,0,0.0,0.0,0.0,0.0,0.0,0.0,0.0,0.0
978,940,Larix',0,0,0,0,0,0,0,0.0,0.0,0.0,0.0,0.0,0.0,0.0,0.0
978,940,Liquidambar',0,0,0,0,0,0,0,0.0,0.0,0.0,0.0,0.0,0.0,0.0,0.0
978,940,Liriodendron',0,1288,1183,63,0,0,1,102.36286926269531,27.145828247070312,963.7280675120462,34.65912050501937,32490.8688235043,117277.14188202597,0.08607533114389737,278.476798669044
978,940,Lithocarpus',0,0,0,0,0,0,0,0.0,0.0,0.0,0.0,0.0,0.0,0.0,0.0
978,940,Maclura',0,0,32,0,0,0,0,14.834110260009766,7.754278659820557,12.967375581023058,0.5634177006662021,815.0295877575875,18224.615618996217,0.001997849427014618,44.67327127613612
978,940,Magnolia',0,0,0,0,0,0,0,0.0,0.0,0.0,0.0,0.0,0.0,0.0,0.0
978,940,Malus',0,0,0,0,0,0,0,0.0,0.0,0.0,0.0,0.0,0.0,0.0,0.0
978,940,Morus',0,29,0,0,0,0,0,2.1056790351867676,2.6025736331939697,4.581363729283779,0.0102242221919305,16.98453345298767,379.7857136699971,0.00010369468435086451,2.318683631139188
978,940,Nyssa',0,0,0,0,0,0,0,0.0,0.0,0.0,0.0,0.0,0.0,0.0,0.0
978,940,Olneya',0,0,0,0,0,0,0,0.0,0.0,0.0,0.0,0.0,0.0,0.0,0.0
978,940,Ostrya',0,0,0,0,0,0,0,0.0,0.0,0.0,0.0,0.0,0.0,0.0,0.0
978,940,Oxydendron',0,0,0,0,0,0,0,0.0,0.0,0.0,0.0,0.0,0.0,0.0,0.0
978,940,Paulownia',0,218,106,0,0,0,0,15.324111938476562,6.900589942932129,88.54290318498505,1.2441512611362326,674.508794784844,6943.646489063525,0.0027735327121636336,24.592878890762975
978,940,Persea',0,0,0,0,0,0,0,0.0,0.0,0.0,0.0,0.0,0.0,0.0,0.0
978,940,Picea',0,0,0,0,0,0,0,0.0,0.0,0.0,0.0,0.0,0.0,0.0,0.0
978,940,Pinus',0,245,1180,295,37,0,0,60.337703704833984,25.36876106262207,733.3676408755779,70.94415075939585,88661.58163018942,349130.51205398527,0.2076188247642059,793.5188999916716
978,940,Planera',0,0,0,0,0,0,0,0.0,0.0,0.0,0.0,0.0,0.0,0.0,0.0
978,940,Platanus',0,58,49,13,0,0,0,39.354190826416016,11.286638259887695,71.71408774543411,2.794379280456188,2777.0692130362986,42501.034661597405,0.007203628924526273,100.32040339253112
978,940,Populus',0,171,92,0,0,0,0,13.586142539978027,6.209142684936523,93.05427244946925,0.8957975868541576,652.960672263503,5844.098193963669,0.00279059169072123,23.270015522009686
978,940,Prosopis',0,0,0,0,0,0,0,0.0,0.0,0.0,0.0,0.0,0.0,0.0,0.0
978,940,Prunus',0,38,28,0,0,0,0,17.670639038085938,8.687490463256836,28.035775917240333,0.774174020689821,570.8720776438713,11314.025659971718,0.0016721951931863873,29.92160974378086
978,940,Pseudotsuga',0,0,0,0,0,0,0,0.0,0.0,0.0,0.0,0.0,0.0,0.0,0.0
978,940,Quercus',0,0,202,8,9,0,0,123.21582794189453,27.131977081298828,121.41523231999783,7.1178848930538345,11873.839602416754,121662.53251855022,0.028134149126559416,276.58878491387605
978,940,Robinia',0,0,0,0,0,0,0,0.0,0.0,0.0,0.0,0.0,0.0,0.0,0.0
978,940,Salix',0,800,125,0,0,0,0,15.360549926757812,9.514561653137207,269.17317000088053,2.284875672671612,1767.879626685381,9047.978211889178,0.0078035187597288455,35.79854022617121
978,940,Sassafras',0,0,0,0,0,0,0,0.0,0.0,0.0,0.0,0.0,0.0,0.0,0.0
978,940,Sequoia',0,0,0,0,0,0,0,0.0,0.0,0.0,0.0,0.0,0.0,0.0,0.0
978,940,Sequoiadendron',0,0,0,0,0,0,0,0.0,0.0,0.0,0.0,0.0,0.0,0.0,0.0
978,940,Sorbus',0,0,0,0,0,0,0,0.0,0.0,0.0,0.0,0.0,0.0,0.0,0.0
978,940,Taxodium',0,0,0,0,0,0,0,0.0,0.0,0.0,0.0,0.0,0.0,0.0,0.0
978,940,Taxus',0,0,0,0,0,0,0,0.0,0.0,0.0,0.0,0.0,0.0,0.0,0.0
978,940,Thuja',0,0,0,0,0,0,0,0.0,0.0,0.0,0.0,0.0,0.0,0.0,0.0
978,940,Tilia',0,0,0,0,0,0,0,0.0,0.0,0.0,0.0,0.0,0.0,0.0,0.0
978,940,Torreya',0,0,0,0,0,0,0,0.0,0.0,0.0,0.0,0.0,0.0,0.0,0.0
978,940,Tsuga',0,0,0,0,0,0,0,0.0,0.0,0.0,0.0,0.0,0.0,0.0,0.0
978,940,Ulmus',0,46,0,8,1,0,0,53.969017028808594,17.025190353393555,37.83432100958462,1.511539376589313,1930.8591126334668,29920.447507694313,0.0048354442011751195,70.4594364452004
978,940,Umbellularia',0,0,0,0,0,0,0,0.0,0.0,0.0,0.0,0.0,0.0,0.0,0.0
978,950,Abies',0,0,0,0,0,0,0,0.0,0.0,0.0,0.0,0.0,0.0,0.0,0.0
978,950,Acer',0,1535,874,23,5,0,0,52.79255676269531,24.086639404296875,1041.899390565467,19.729529792580433,28293.637159536556,129927.21313580155,0.07787346996248615,304.6104238398315
978,950,Aesculus',0,0,0,0,0,0,0,0.0,0.0,0.0,0.0,0.0,0.0,0.0,0.0
978,950,Ailanthus',0,291,162,0,0,0,0,22.881546020507812,10.286700248718262,148.28771023386264,2.6598280893439648,2591.3738579294086,18724.80122893116,0.007893292529308269,52.429705349422136
978,950,Alnus',0,38,24,0,0,0,0,14.324199676513672,8.630126953125,36.57308612443224,0.5441385624278814,494.65973885059356,8223.953742016056,0.0016257338147535796,24.523830204872624
978,950,Amelanchier',0,0,0,0,0,0,0,0.0,0.0,0.0,0.0,0.0,0.0,0.0,0.0
978,950,Arbutus',0,0,0,0,0,0,0,0.0,0.0,0.0,0.0,0.0,0.0,0.0,0.0
978,950,Asimina',0,0,0,0,0,0,0,0.0,0.0,0.0,0.0,0.0,0.0,0.0,0.0
978,950,Betula',0,291,236,6,0,3,0,85.55135345458984,22.593212127685547,246.23553157041343,7.6924901601371936,11444.771742937564,84574.07818947465,0.028977523195018933,197.89781790237453
978,950,Calocedrus',0,0,0,0,0,0,0,0.0,0.0,0.0,0.0,0.0,0.0,0.0,0.0
978,950,Carpinus',0,0,0,0,0,0,0,0.0,0.0,0.0,0.0,0.0,0.0,0.0,0.0
978,950,Carya',0,42,64,11,0,0,0,35.10896682739258,16.772859573364258,54.32840767351886,2.222198196282942,3988.39057392478,55250.21078343736,0.009645178234145107,128.05396402041237
978,950,Castanea',0,0,0,0,0,0,0,0.0,0.0,0.0,0.0,0.0,0.0,0.0,0.0
978,950,Catalpa',0,64,0,0,0,0,0,7.65933084487915,4.683266639709473,27.613540608671645,0.20597766659324027,158.75069366931916,2798.342835624523,0.0007502915739007305,12.11922909756504
978,950,Celtis',0,56,122,0,0,0,0,22.658924102783203,12.214874267578125,35.36950188182011,3.11019886527158,3449.5392876662313,36865.89646294412,0.008174806232659591,85.29573552838127
978,950,Cercis',0,0,0,0,0,0,0,0.0,0.0,0.0,0.0,0.0,0.0,0.0,0.0
978,950,Cercocarpus',0,0,0,0,0,0,0,0.0,0.0,0.0,0.0,0.0,0.0,0.0,0.0
978,950,Chamaecyparis',0,0,89,0,0,0,0,26.398351669311523,17.475194931030273,41.56539233922958,3.921819127773504,3867.9801482748985,49333.28569162877,0.009195900182873083,116.01080552689788
978,950,Chilopsis',0,0,0,0,0,0,0,0.0,0.0,0.0,0.0,0.0,0.0,0.0,0.0
978,950,Chrysolepis',0,0,0,0,0,0,0,0.0,0.0,0.0,0.0,0.0,0.0,0.0,0.0
978,950,Cladrastis',0,0,0,0,0,0,0,0.0,0.0,0.0,0.0,0.0,0.0,0.0,0.0
978,950,Comus',0,0,0,0,0,0,0,0.0,0.0,0.0,0.0,0.0,0.0,0.0,0.0
978,950,Cornus',0,0,0,0,0,0,0,0.0,0.0,0.0,0.0,0.0,0.0,0.0,0.0
978,950,Crataegus',0,0,0,0,0,0,0,0.0,0.0,0.0,0.0,0.0,0.0,0.0,0.0
978,950,Cupressus',0,0,0,0,0,0,0,0.0,0.0,0.0,0.0,0.0,0.0,0.0,0.0
978,950,Diospyros',0,0,0,0,0,0,0,0.0,0.0,0.0,0.0,0.0,0.0,0.0,0.0
978,950,Elaeagnus',0,186,16,0,0,0,0,12.146769523620605,5.555791854858398,80.67052843402834,0.3215139271795989,378.85321373313667,3147.07369020339,0.0020031931181317218,16.63067026154488
978,950,Fagus',0,0,0,0,0,0,0,0.0,0.0,0.0,0.0,0.0,0.0,0.0,0.0
978,950,Fraxinus',0,529,642,0,0,0,0,21.125999450683594,11.601140975952148,415.43049225607245,12.751018522009721,14640.812634955644,77759.50027711272,0.038515491901509415,186.54877371178623
978,950,Gleditsia',0,24,33,0,0,0,0,13.799262046813965,8.800311088562012,9.19626318767101,0.4988916708084932,609.7335160923004,13524.454596177962,0.0014873486376218265,33.01447927873995
978,950,Gordonia',0,0,0,0,0,0,0,0.0,0.0,0.0,0.0,0.0,0.0,0.0,0.0
978,950,Gymnocladus',0,0,16,0,0,0,0,16.573060989379883,8.242451667785645,11.500114958874786,0.3529219237420654,375.78864318013194,8402.88951323198,0.0010006363706588817,22.374909455519052
978,950,Halesia',0,0,0,0,0,0,0,0.0,0.0,0.0,0.0,0.0,0.0,0.0,0.0
978,950,Ilex',0,0,0,0,0,0,0,0.0,0.0,0.0,0.0,0.0,0.0,0.0,0.0
978,950,Juglans',0,0,0,0,0,0,0,0.0,0.0,0.0,0.0,0.0,0.0,0.0,0.0
978,950,Juniperus',0,0,0,0,0,0,0,0.0,0.0,0.0,0.0,0.0,0.0,0.0,0.0
978,950,Larix',0,0,0,0,0,0,0,0.0,0.0,0.0,0.0,0.0,0.0,0.0,0.0
978,950,Liquidambar',0,0,0,0,0,0,0,0.0,0.0,0.0,0.0,0.0,0.0,0.0,0.0
978,950,Liriodendron',0,1248,1223,115,9,0,1,112.92739868164062,28.280588150024414,1059.8371493936622,37.679920187833176,36305.71920034632,131035.85095988512,0.09593632111040655,308.6012320802855
978,950,Lithocarpus',0,0,0,0,0,0,0,0.0,0.0,0.0,0.0,0.0,0.0,0.0,0.0
978,950,Maclura',0,70,32,0,0,0,0,17.282636642456055,8.548059463500977,23.94287995616846,0.858545684403554,1287.500110886693,25812.600154554493,0.0032057825683578615,61.14203377320186
978,950,Magnolia',0,0,0,0,0,0,0,0.0,0.0,0.0,0.0,0.0,0.0,0.0,0.0
978,950,Malus',0,0,0,0,0,0,0,0.0,0.0,0.0,0.0,0.0,0.0,0.0,0.0
978,950,Morus',0,17,29,0,0,0,0,8.048112869262695,5.832468032836914,26.29410467193096,0.17404766221578485,197.93124591112138,3679.3878927607716,0.0008183654569014969,14.307678351935175
978,950,Nyssa',0,0,0,0,0,0,0,0.0,0.0,0.0,0.0,0.0,0.0,0.0,0.0
978,950,Olneya',0,0,0,0,0,0,0,0.0,0.0,0.0,0.0,0.0,0.0,0.0,0.0
978,950,Ostrya',0,0,0,0,0,0,0,0.0,0.0,0.0,0.0,0.0,0.0,0.0,0.0
978,950,Oxydendron',0,0,0,0,0,0,0,0.0,0.0,0.0,0.0,0.0,0.0,0.0,0.0
978,950,Paulownia',0,190,54,1,0,0,0,29.402202606201172,10.63075065612793,127.09078625221794,0.9265681463126645,565.6925090992451,4490.8744874799695,0.0030866369198225487,22.207362558022346
978,950,Persea',0,0,0,0,0,0,0,0.0,0.0,0.0,0.0,0.0,0.0,0.0,0.0
978,950,Picea',0,0,0,0,0,0,0,0.0,0.0,0.0,0.0,0.0,0.0,0.0,0.0
978,950,Pinus',0,412,1210,282,31,0,0,61.0,27.380685806274414,789.2379290759563,71.02460583510864,88008.89903613865,329432.1772222243,0.20697543383871364,749.0661259832835
978,950,Planera',0,0,0,0,0,0,0,0.0,0.0,0.0,0.0,0.0,0.0,0.0,0.0
978,950,Platanus',0,58,21,0,0,0,0,24.539705276489258,7.92458438873291,44.92398799974706,1.1898061741976542,1070.7738367700576,20733.289679277455,0.003026203188724829,55.283656308963856
978,950,Populus',0,234,77,0,0,0,0,12.704400062561035,5.913060665130615,136.6289326433045,1.167792266560905,889.3462216763198,8505.077844107913,0.0039431743376033964,32.24430548384306
978,950,Prosopis',0,0,0,0,0,0,0,0.0,0.0,0.0,0.0,0.0,0.0,0.0,0.0
978,950,Prunus',0,0,0,0,0,0,0,0.0,0.0,0.0,0.0,0.0,0.0,0.0,0.0
978,950,Pseudotsuga',0,0,0,0,0,0,0,0.0,0.0,0.0,0.0,0.0,0.0,0.0,0.0
978,950,Quercus',0,43,177,16,9,0,0,135.67300415039062,28.24580192565918,132.43165768777266,8.938660825140781,15132.024291973114,142774.71791427207,0.035533148918761824,325.50567285886245
978,950,Robinia',0,0,0,0,0,0,0,0.0,0.0,0.0,0.0,0.0,0.0,0.0,0.0
978,950,Salix',0,588,228,0,0,0,0,15.497246742248535,8.870183944702148,242.21251622738336,3.0375906652746503,2165.872489275336,13183.561029795801,0.008299833719485943,44.92310289912687
978,950,Sassafras',0,0,0,0,0,0,0,0.0,0.0,0.0,0.0,0.0,0.0,0.0,0.0
978,950,Sequoia',0,0,0,0,0,0,0,0.0,0.0,0.0,0.0,0.0,0.0,0.0,0.0
978,950,Sequoiadendron',0,0,0,0,0,0,0,0.0,0.0,0.0,0.0,0.0,0.0,0.0,0.0
978,950,Sorbus',0,0,0,0,0,0,0,0.0,0.0,0.0,0.0,0.0,0.0,0.0,0.0
978,950,Taxodium',0,0,0,0,0,0,0,0.0,0.0,0.0,0.0,0.0,0.0,0.0,0.0
978,950,Taxus',0,0,0,0,0,0,0,0.0,0.0,0.0,0.0,0.0,0.0,0.0,0.0
978,950,Thuja',0,0,0,0,0,0,0,0.0,0.0,0.0,0.0,0.0,0.0,0.0,0.0
978,950,Tilia',0,0,0,0,0,0,0,0.0,0.0,0.0,0.0,0.0,0.0,0.0,0.0
978,950,Torreya',0,0,0,0,0,0,0,0.0,0.0,0.0,0.0,0.0,0.0,0.0,0.0
978,950,Tsuga',0,0,0,0,0,0,0,0.0,0.0,0.0,0.0,0.0,0.0,0.0,0.0
978,950,Ulmus',0,0,17,8,1,0,0,64.16822814941406,19.05667495727539,23.49848053500622,1.8630102239470656,2507.7014085412025,38727.38201873887,0.005910943580627426,88.94765997202373
978,950,Umbellularia',0,0,0,0,0,0,0,0.0,0.0,0.0,0.0,0.0,0.0,0.0,0.0
978,960,Abies',0,0,0,0,0,0,0,0.0,0.0,0.0,0.0,0.0,0.0,0.0,0.0
978,960,Acer',0,1242,1048,36,5,0,0,55.76380157470703,24.771629333496094,1003.7991856352154,23.801563371298684,33964.31548483566,145200.3673692958,0.08992650399088375,338.5686156976996
978,960,Aesculus',0,0,0,0,0,0,0,0.0,0.0,0.0,0.0,0.0,0.0,0.0,0.0
978,960,Ailanthus',0,267,86,0,0,0,0,16.705459594726562,8.288337707519531,180.7005062642731,1.8050425859542583,1783.5086642920971,13021.1445783729,0.0065646367461830455,41.59143405176244
978,960,Alnus',0,0,49,0,0,0,0,19.243499755859375,10.457137107849121,15.924276633164549,1.0482466452971446,970.1547236579656,16459.240698426318,0.0023851381396502256,39.593059253384276
978,960,Amelanchier',0,0,0,0,0,0,0,0.0,0.0,0.0,0.0,0.0,0.0,0.0,0.0
978,960,Arbutus',0,0,0,0,0,0,0,0.0,0.0,0.0,0.0,0.0,0.0,0.0,0.0
978,960,Asimina',0,36,0,0,0,0,0,2.2351083755493164,2.774855852127075,5.899224171910104,0.014219202602758375,16.40486801147461,366.82400035568406,0.00012137787163350928,2.714091719367694
978,960,Betula',0,53,308,9,0,3,0,91.0,23.19089698791504,195.1646096622453,9.657417996281586,14514.909036734998,101682.28659205219,0.035064856311466636,235.6797360483792
978,960,Calocedrus',0,0,0,0,0,0,0,0.0,0.0,0.0,0.0,0.0,0.0,0.0,0.0
978,960,Carpinus',0,0,0,0,0,0,0,0.0,0.0,0.0,0.0,0.0,0.0,0.0,0.0
978,960,Carya',0,0,106,11,0,0,0,38.50739669799805,17.530765533447266,63.31070009854775,3.133493018169497,5738.388552647829,70846.61406659274,0.013663367238715321,163.20191304864807
978,960,Castanea',0,0,0,0,0,0,0,0.0,0.0,0.0,0.0,0.0,0.0,0.0,0.0
978,960,Catalpa',0,0,0,0,0,0,0,0.0,0.0,0.0,0.0,0.0,0.0,0.0,0.0
978,960,Celtis',0,33,118,0,0,0,0,25.226640701293945,13.207879066467285,49.9884738490174,3.222548917491099,3775.0432500356437,41948.202582052756,0.009108596749385814,97.43705360254853
978,960,Cercis',0,0,0,0,0,0,0,0.0,0.0,0.0,0.0,0.0,0.0,0.0,0.0
978,960,Cercocarpus',0,0,0,0,0,0,0,0.0,0.0,0.0,0.0,0.0,0.0,0.0,0.0
978,960,Chamaecyparis',0,0,0,73,0,0,0,30.780155181884766,18.779985427856445,34.202072885036465,5.186490051999939,5463.3055103850365,71139.42022958821,0.012634709171096445,164.49638262579452
978,960,Chilopsis',0,0,0,0,0,0,0,0.0,0.0,0.0,0.0,0.0,0.0,0.0,0.0
978,960,Chrysolepis',0,0,0,0,0,0,0,0.0,0.0,0.0,0.0,0.0,0.0,0.0,0.0
978,960,Cladrastis',0,0,0,0,0,0,0,0.0,0.0,0.0,0.0,0.0,0.0,0.0,0.0
978,960,Comus',0,0,0,0,0,0,0,0.0,0.0,0.0,0.0,0.0,0.0,0.0,0.0
978,960,Cornus',0,0,0,0,0,0,0,0.0,0.0,0.0,0.0,0.0,0.0,0.0,0.0
978,960,Crataegus',0,0,0,0,0,0,0,0.0,0.0,0.0,0.0,0.0,0.0,0.0,0.0
978,960,Cupressus',0,0,0,0,0,0,0,0.0,0.0,0.0,0.0,0.0,0.0,0.0,0.0
978,960,Diospyros',0,0,0,0,0,0,0,0.0,0.0,0.0,0.0,0.0,0.0,0.0,0.0
978,960,Elaeagnus',0,315,111,0,0,0,0,19.92267608642578,6.942140102386475,174.404652263922,1.5794522763602568,1508.969964363575,10625.986810276609,0.005863918457387939,36.36603661965415
978,960,Fagus',0,0,0,0,0,0,0,0.0,0.0,0.0,0.0,0.0,0.0,0.0,0.0
978,960,Fraxinus',0,519,481,0,0,0,0,22.575162887573242,12.181748390197754,335.95361330794,12.273923363106597,14740.750313668847,86947.67439838711,0.037593461292062,205.66048798825858
978,960,Gleditsia',0,95,0,0,0,0,0,6.03059196472168,4.858540058135986,28.160347925334037,0.16660636273639656,207.92782737851144,2830.2081157348744,0.0008674456856809586,11.606908039455208
978,960,Gordonia',0,0,0,0,0,0,0,0.0,0.0,0.0,0.0,0.0,0.0,0.0,0.0
978,960,Gymnocladus',0,0,0,0,0,0,0,0.0,0.0,0.0,0.0,0.0,0.0,0.0,0.0
978,960,Halesia',0,0,0,0,0,0,0,0.0,0.0,0.0,0.0,0.0,0.0,0.0,0.0
978,960,Ilex',0,0,0,0,0,0,0,0.0,0.0,0.0,0.0,0.0,0.0,0.0,0.0
978,960,Juglans',0,28,0,0,0,0,0,1.1999720335006714,1.9183366298675537,0.0,0.003180148840515987,7.194738807678223,160.87925054324145,1.5988309159874916e-05,0.3575094612676245
978,960,Juniperus',0,36,0,0,0,0,0,2.5,3.2427351474761963,0.0,0.01778926840095248,19.131533789634705,427.7941006745691,4.251451821997761e-05,0.9506535277052474
978,960,Larix',0,0,0,0,0,0,0,0.0,0.0,0.0,0.0,0.0,0.0,0.0,0.0
978,960,Liquidambar',0,0,0,0,0,0,0,0.0,0.0,0.0,0.0,0.0,0.0,0.0,0.0
978,960,Liriodendron',0,1022,1332,122,9,0,1,117.99858856201172,28.769561767578125,1085.971794392489,39.79567228677316,37817.52230916977,128505.22894271968,0.09967210451296725,303.37964112250256
978,960,Lithocarpus',0,0,0,0,0,0,0,0.0,0.0,0.0,0.0,0.0,0.0,0.0,0.0
978,960,Maclura',0,60,65,0,0,0,0,19.145748138427734,9.110594749450684,39.1116965552674,1.2756791892505215,1931.5996657931805,33346.98756937793,0.0048554784145615594,77.4000806697764
978,960,Magnolia',0,57,0,0,0,0,0,6.883266925811768,5.588231086730957,31.487888624019256,0.17183113842477105,164.0305109012127,2656.346771066964,0.0008177978992536675,12.918535609675494
978,960,Malus',0,0,0,0,0,0,0,0.0,0.0,0.0,0.0,0.0,0.0,0.0,0.0
978,960,Morus',0,0,17,0,0,0,0,10.648550033569336,7.061205863952637,13.044237187014348,0.15709755061962893,170.60247577786447,3814.7873296906714,0.0005668956581801134,12.676172278402237
978,960,Nyssa',0,0,0,0,0,0,0,0.0,0.0,0.0,0.0,0.0,0.0,0.0,0.0
978,960,Olneya',0,0,0,0,0,0,0,0.0,0.0,0.0,0.0,0.0,0.0,0.0,0.0
978,960,Ostrya',0,0,0,0,0,0,0,0.0,0.0,0.0,0.0,0.0,0.0,0.0,0.0
978,960,Oxydendron',0,0,0,0,0,0,0,0.0,0.0,0.0,0.0,0.0,0.0,0.0,0.0
978,960,Paulownia',0,154,90,0,0,0,0,19.66375160217285,8.174827575683594,152.95956261644633,1.8658027060845706,1078.606905502677,10329.798280183317,0.004598842135961183,35.62246909303644
978,960,Persea',0,0,0,0,0,0,0,0.0,0.0,0.0,0.0,0.0,0.0,0.0,0.0
978,960,Picea',0,0,0,0,0,0,0,0.0,0.0,0.0,0.0,0.0,0.0,0.0,0.0
978,960,Pinus',0,619,1304,283,28,0,0,61.0,29.05465316772461,874.3639251081645,73.71283183872974,91266.5248863174,339800.1677955867,0.2154442005795735,773.8294734420103
978,960,Planera',0,0,0,0,0,0,0,0.0,0.0,0.0,0.0,0.0,0.0,0.0,0.0
978,960,Platanus',0,0,58,0,0,0,0,11.657061576843262,4.624532222747803,50.220874661131745,0.4394604768138941,383.7639744615555,6062.606280841228,0.001575766241729268,25.18325270629612
978,960,Populus',0,52,16,0,0,0,0,8.197687149047852,4.3524394035339355,23.45679138280168,0.10195772479979351,96.6268044769764,1643.7852042112481,0.0005523997793137125,9.217449581930083
978,960,Prosopis',0,0,0,0,0,0,0,0.0,0.0,0.0,0.0,0.0,0.0,0.0,0.0
978,960,Prunus',0,48,0,0,0,0,0,4.173928260803223,3.888505458831787,8.479008463364613,0.050393152070862986,40.369092784523964,854.3862190065687,0.0002117691306984017,4.626089726197527
978,960,Pseudotsuga',0,0,0,0,0,0,0,0.0,0.0,0.0,0.0,0.0,0.0,0.0,0.0
978,960,Quercus',0,129,146,16,9,0,0,58.6488037109375,21.73111915588379,116.52091809796003,8.473592671073803,14403.316845495403,152932.148442567,0.03368475411831477,345.45268033640093
978,960,Robinia',0,0,0,0,0,0,0,0.0,0.0,0.0,0.0,0.0,0.0,0.0,0.0
978,960,Salix',0,710,316,0,0,0,0,20.744054794311523,9.566420555114746,349.196680884431,4.878333676754166,3681.3256464622914,22608.139300446972,0.013207603748870818,64.45514739699841
978,960,Sassafras',0,0,0,0,0,0,0,0.0,0.0,0.0,0.0,0.0,0.0,0.0,0.0
978,960,Sequoia',0,0,0,0,0,0,0,0.0,0.0,0.0,0.0,0.0,0.0,0.0,0.0
978,960,Sequoiadendron',0,0,0,0,0,0,0,0.0,0.0,0.0,0.0,0.0,0.0,0.0,0.0
978,960,Sorbus',0,0,0,0,0,0,0,0.0,0.0,0.0,0.0,0.0,0.0,0.0,0.0
978,960,Taxodium',0,0,0,0,0,0,0,0.0,0.0,0.0,0.0,0.0,0.0,0.0,0.0
978,960,Taxus',0,0,0,0,0,0,0,0.0,0.0,0.0,0.0,0.0,0.0,0.0,0.0
978,960,Thuja',0,0,0,0,0,0,0,0.0,0.0,0.0,0.0,0.0,0.0,0.0,0.0
978,960,Tilia',0,0,0,0,0,0,0,0.0,0.0,0.0,0.0,0.0,0.0,0.0,0.0
978,960,Torreya',0,0,0,0,0,0,0,0.0,0.0,0.0,0.0,0.0,0.0,0.0,0.0
978,960,Tsuga',0,0,0,0,0,0,0,0.0,0.0,0.0,0.0,0.0,0.0,0.0,0.0
978,960,Ulmus',0,42,17,8,0,1,0,73.14863586425781,20.660184860229492,53.81163074811802,2.579162319677881,3475.914152840376,48671.58538374862,0.008498902002833786,112.93139635923204
978,960,Umbellularia',0,0,0,0,0,0,0,0.0,0.0,0.0,0.0,0.0,0.0,0.0,0.0
978,970,Abies',0,0,0,0,0,0,0,0.0,0.0,0.0,0.0,0.0,0.0,0.0,0.0
978,970,Acer',0,1187,928,36,5,0,0,58.37541198730469,25.33984375,922.5563254443149,24.525984050206723,36367.202004731895,161997.13172365515,0.09409671595964705,374.8629023061844
978,970,Aesculus',0,0,0,0,0,0,0,0.0,0.0,0.0,0.0,0.0,0.0,0.0,0.0
978,970,Ailanthus',0,294,137,0,0,0,0,20.782777786254883,9.6378755569458,142.59441588969923,2.3761351685969725,2393.3505362880232,18509.55093504061,0.007371282661893189,51.04213694370705
978,970,Alnus',0,28,24,0,0,0,0,23.489633560180664,11.815625190734863,29.90765958930118,1.1073104427628022,1167.4578693455458,24472.964933597206,0.0030248883014843105,57.935513478678295
978,970,Amelanchier',0,0,0,0,0,0,0,0.0,0.0,0.0,0.0,0.0,0.0,0.0,0.0
978,970,Arbutus',0,0,0,0,0,0,0,0.0,0.0,0.0,0.0,0.0,0.0,0.0,0.0
978,970,Asimina',0,0,0,0,0,0,0,0.0,0.0,0.0,0.0,0.0,0.0,0.0,0.0
978,970,Betula',0,43,229,17,0,3,0,83.43836212158203,24.028627395629883,146.86926636043225,7.225104634499745,11001.126246834398,94753.33878700506,0.026561211679193224,218.47924657477546
978,970,Calocedrus',0,0,0,0,0,0,0,0.0,0.0,0.0,0.0,0.0,0.0,0.0,0.0
978,970,Carpinus',0,0,0,0,0,0,0,0.0,0.0,0.0,0.0,0.0,0.0,0.0,0.0
978,970,Carya',0,27,106,11,0,0,0,41.659385681152344,18.16248321533203,56.42588096116728,4.100534957057194,7693.756086263507,87859.56330672694,0.01790951818474667,200.23753930338898
978,970,Castanea',0,0,0,0,0,0,0,0.0,0.0,0.0,0.0,0.0,0.0,0.0,0.0
978,970,Catalpa',0,0,0,0,0,0,0,0.0,0.0,0.0,0.0,0.0,0.0,0.0,0.0
978,970,Celtis',0,52,131,0,0,0,0,27.96063804626465,14.218792915344238,81.22419523098799,3.367025747278523,3917.9785829532148,41709.780304333806,0.009875886346731328,98.70666796348135
978,970,Cercis',0,0,0,0,0,0,0,0.0,0.0,0.0,0.0,0.0,0.0,0.0,0.0
978,970,Cercocarpus',0,0,0,0,0,0,0,0.0,0.0,0.0,0.0,0.0,0.0,0.0,0.0
978,970,Chamaecyparis',0,55,0,53,0,0,0,33.63801574707031,19.50647735595703,25.32469498157501,4.710710190834399,5133.363554283381,81163.41213647602,0.011773275485682317,186.14722864294873
978,970,Chilopsis',0,0,0,0,0,0,0,0.0,0.0,0.0,0.0,0.0,0.0,0.0,0.0
978,970,Chrysolepis',0,0,0,0,0,0,0,0.0,0.0,0.0,0.0,0.0,0.0,0.0,0.0
978,970,Cladrastis',0,0,0,0,0,0,0,0.0,0.0,0.0,0.0,0.0,0.0,0.0,0.0
978,970,Comus',0,0,0,0,0,0,0,0.0,0.0,0.0,0.0,0.0,0.0,0.0,0.0
978,970,Cornus',0,0,0,0,0,0,0,0.0,0.0,0.0,0.0,0.0,0.0,0.0,0.0
978,970,Crataegus',0,0,0,0,0,0,0,0.0,0.0,0.0,0.0,0.0,0.0,0.0,0.0
978,970,Cupressus',0,0,0,0,0,0,0,0.0,0.0,0.0,0.0,0.0,0.0,0.0,0.0
978,970,Diospyros',0,0,0,0,0,0,0,0.0,0.0,0.0,0.0,0.0,0.0,0.0,0.0
978,970,Elaeagnus',0,231,120,0,0,0,0,17.33242416381836,6.556995391845703,103.16803373490707,1.6208135428602295,1439.6649372959137,14806.745169663374,0.00468441660697291,42.96314459938725
978,970,Fagus',0,15,0,0,0,0,0,1.0462135076522827,1.952813982963562,0.8247323206897023,0.0013513973683622969,3.7053867718577385,82.8549670480254,2.0106672881170986e-05,0.44959887363650075
978,970,Fraxinus',0,733,539,0,0,0,0,25.952587127685547,13.480881690979004,388.00199165987436,13.330643769327992,16729.773516615332,100541.4713392767,0.04276277881004603,234.1719450812637
978,970,Gleditsia',0,0,0,0,0,0,0,0.0,0.0,0.0,0.0,0.0,0.0,0.0,0.0
978,970,Gordonia',0,0,0,0,0,0,0,0.0,0.0,0.0,0.0,0.0,0.0,0.0,0.0
978,970,Gymnocladus',0,0,0,0,0,0,0,0.0,0.0,0.0,0.0,0.0,0.0,0.0,0.0
978,970,Halesia',0,0,0,0,0,0,0,0.0,0.0,0.0,0.0,0.0,0.0,0.0,0.0
978,970,Ilex',0,25,0,0,0,0,0,2.3248062133789062,2.530919075012207,4.8004518210887905,0.010832883353171108,19.480278891324996,435.5922782165689,0.00011262936788921498,2.51846922863117
978,970,Juglans',0,28,0,0,0,0,0,7.287811756134033,4.887559413909912,10.431313618451732,0.11730039925310938,109.08752247691154,2439.271157554074,0.00039258126143366093,8.77838387258286
978,970,Juniperus',0,38,0,0,0,0,0,3.232497215270996,3.7907981872558594,11.894563879668713,0.03139809860286835,45.09242614716292,934.7267303287571,0.0002720157589071104,5.740976561792921
978,970,Larix',0,0,0,0,0,0,0,0.0,0.0,0.0,0.0,0.0,0.0,0.0,0.0
978,970,Liquidambar',0,0,0,0,0,0,0,0.0,0.0,0.0,0.0,0.0,0.0,0.0,0.0
978,970,Liriodendron',0,825,1374,97,9,0,1,123.6972427368164,29.279932022094727,1010.3689201506254,44.36559558876266,43160.733024945854,146617.0078033748,0.11045756217841758,342.82169459565773
978,970,Lithocarpus',0,0,0,0,0,0,0,0.0,0.0,0.0,0.0,0.0,0.0,0.0,0.0
978,970,Maclura',0,0,125,0,0,0,0,21.01639747619629,9.64172649383545,45.448761947358705,2.0551560608378208,3087.043168942332,44214.44440770302,0.007514356301054426,104.34310071795204
978,970,Magnolia',0,38,24,0,0,0,0,11.050355911254883,6.050843238830566,25.2347777236866,0.3570922879194263,286.5047103357315,4729.964755445821,0.0009999457886517029,16.085841410786603
978,970,Malus',0,0,0,0,0,0,0,0.0,0.0,0.0,0.0,0.0,0.0,0.0,0.0
978,970,Morus',0,24,0,0,0,0,0,7.637127876281738,5.62859582901001,12.347423287132118,0.11397258075305673,118.77577542066574,2655.907079208576,0.00044169417190551247,9.876581936462046
978,970,Nyssa',0,0,0,0,0,0,0,0.0,0.0,0.0,0.0,0.0,0.0,0.0,0.0
978,970,Olneya',0,0,0,0,0,0,0,0.0,0.0,0.0,0.0,0.0,0.0,0.0,0.0
978,970,Ostrya',0,0,0,0,0,0,0,0.0,0.0,0.0,0.0,0.0,0.0,0.0,0.0
978,970,Oxydendron',0,0,0,0,0,0,0,0.0,0.0,0.0,0.0,0.0,0.0,0.0,0.0
978,970,Paulownia',0,175,39,13,0,0,0,31.138456344604492,11.016369819641113,76.70143593574248,1.8752047990784828,1157.4233839598298,13969.92809464238,0.003676211676510059,37.30388939340225
978,970,Persea',0,0,0,0,0,0,0,0.0,0.0,0.0,0.0,0.0,0.0,0.0,0.0
978,970,Picea',0,0,0,0,0,0,0,0.0,0.0,0.0,0.0,0.0,0.0,0.0,0.0
978,970,Pinus',0,335,1403,320,4,0,0,64.89311981201172,30.403135299682617,769.6308322149515,69.82535828411744,83545.1173468703,289371.57899852534,0.19677270645569087,661.2089086969132
978,970,Planera',0,0,0,0,0,0,0,0.0,0.0,0.0,0.0,0.0,0.0,0.0,0.0
978,970,Platanus',0,31,58,0,0,0,0,15.765753746032715,5.717728137969971,69.30159274818776,0.6853365029566991,610.4348626059294,9439.219913913714,0.0023541568257063744,35.25439344245741
978,970,Populus',0,204,15,0,0,0,0,11.476144790649414,5.495636940002441,133.22097389381142,0.4548122272067981,456.02001604914665,3526.478667375358,0.0029311677425657434,22.361581772562783
978,970,Prosopis',0,0,0,0,0,0,0,0.0,0.0,0.0,0.0,0.0,0.0,0.0,0.0
978,970,Prunus',0,42,0,0,0,0,0,4.813567638397217,3.6241798400878906,10.972348645659563,0.02550131266184564,35.493106567114594,671.1989420026996,0.00023682662528613687,4.379724222725814
978,970,Pseudotsuga',0,0,0,0,0,0,0,0.0,0.0,0.0,0.0,0.0,0.0,0.0,0.0
978,970,Quercus',0,112,238,16,9,0,0,60.70307540893555,22.163599014282227,147.02219550273838,10.699763604663008,17905.44699581325,173828.79015697376,0.0419063484215811,393.12721564771243
978,970,Robinia',0,0,0,0,0,0,0,0.0,0.0,0.0,0.0,0.0,0.0,0.0,0.0
978,970,Salix',0,525,137,0,0,0,0,26.279909133911133,10.971996307373047,213.65574301515196,2.997082941551714,2368.468803161979,18589.183793917084,0.008338956992946822,52.22128843185604
978,970,Sassafras',0,0,0,0,0,0,0,0.0,0.0,0.0,0.0,0.0,0.0,0.0,0.0
978,970,Sequoia',0,0,0,0,0,0,0,0.0,0.0,0.0,0.0,0.0,0.0,0.0,0.0
978,970,Sequoiadendron',0,0,0,0,0,0,0,0.0,0.0,0.0,0.0,0.0,0.0,0.0,0.0
978,970,Sorbus',0,0,0,0,0,0,0,0.0,0.0,0.0,0.0,0.0,0.0,0.0,0.0
978,970,Taxodium',0,0,0,0,0,0,0,0.0,0.0,0.0,0.0,0.0,0.0,0.0,0.0
978,970,Taxus',0,0,0,0,0,0,0,0.0,0.0,0.0,0.0,0.0,0.0,0.0,0.0
978,970,Thuja',0,0,0,0,0,0,0,0.0,0.0,0.0,0.0,0.0,0.0,0.0,0.0
978,970,Tilia',0,0,0,0,0,0,0,0.0,0.0,0.0,0.0,0.0,0.0,0.0,0.0
978,970,Torreya',0,0,0,0,0,0,0,0.0,0.0,0.0,0.0,0.0,0.0,0.0,0.0
978,970,Tsuga',0,0,0,0,0,0,0,0.0,0.0,0.0,0.0,0.0,0.0,0.0,0.0
978,970,Ulmus',0,0,75,8,0,1,0,80.8668212890625,21.913206100463867,71.96359684572944,3.484091818603459,4626.277620232106,59168.47785061838,0.011316572775386266,136.48698388134446
978,970,Umbellularia',0,0,0,0,0,0,0,0.0,0.0,0.0,0.0,0.0,0.0,0.0,0.0
978,980,Abies',0,0,0,0,0,0,0,0.0,0.0,0.0,0.0,0.0,0.0,0.0,0.0
978,980,Acer',0,1594,824,46,5,0,0,60.90579605102539,25.8618106842041,898.4580549328953,27.699281676021993,41829.475109014515,185511.75536115223,0.1058881909883284,425.5937988314644
978,980,Aesculus',0,0,0,0,0,0,0,0.0,0.0,0.0,0.0,0.0,0.0,0.0,0.0
978,980,Ailanthus',0,304,83,1,0,0,0,36.05631637573242,13.740819931030273,158.33400860240184,2.244496367233331,2261.3950612020494,16717.82207331227,0.007304628316510259,47.476852478470164
978,980,Alnus',0,15,28,0,0,0,0,15.087506294250488,8.933100700378418,35.79912206040153,0.32842765394143303,327.19459984302523,4678.4513146235095,0.0012424473619982554,16.30936399541151
978,980,Amelanchier',0,0,0,0,0,0,0,0.0,0.0,0.0,0.0,0.0,0.0,0.0,0.0
978,980,Arbutus',0,0,0,0,0,0,0,0.0,0.0,0.0,0.0,0.0,0.0,0.0,0.0
978,980,Asimina',0,53,0,0,0,0,0,2.284688949584961,2.8051559925079346,6.627413120262229,0.015236790221469981,18.508933561444284,302.45174893869483,0.0001365362564744424,2.232617518698092
978,980,Betula',0,147,215,17,0,3,0,92.48255157470703,24.963016510009766,191.4804100235806,9.048249948198306,14010.000222349167,111936.7587014325,0.033889800586886676,257.83169315715236
978,980,Calocedrus',0,0,0,0,0,0,0,0.0,0.0,0.0,0.0,0.0,0.0,0.0,0.0
978,980,Carpinus',0,0,0,0,0,0,0,0.0,0.0,0.0,0.0,0.0,0.0,0.0,0.0
978,980,Carya',0,24,93,24,0,0,0,44.421817779541016,18.665191650390625,52.34105043396164,5.109844492578772,9870.617097814084,105622.69766438738,0.022688182895123952,238.93062153866487
978,980,Castanea',0,0,0,0,0,0,0,0.0,0.0,0.0,0.0,0.0,0.0,0.0,0.0
978,980,Catalpa',0,30,0,0,0,0,0,2.2024874687194824,2.316722869873047,0.0,0.01144502384806916,12.981988518238069,290.28608809902437,2.884886264335364e-05,0.6450801794409305
978,980,Celtis',0,78,57,14,0,0,0,30.72359848022461,15.193964958190918,78.5086454856622,1.9786320782897033,2527.9155593830346,35030.7839583218,0.006747765600305029,83.11978152253694
978,980,Cercis',0,0,0,0,0,0,0,0.0,0.0,0.0,0.0,0.0,0.0,0.0,0.0
978,980,Cercocarpus',0,0,0,0,0,0,0,0.0,0.0,0.0,0.0,0.0,0.0,0.0,0.0
978,980,Chamaecyparis',0,31,24,53,0,0,0,37.28007507324219,20.310686111450195,54.75637117862701,5.934707088228935,6597.693548512459,100846.42869175802,0.015452466964221189,229.62529083936255
978,980,Chilopsis',0,0,0,0,0,0,0,0.0,0.0,0.0,0.0,0.0,0.0,0.0,0.0
978,980,Chrysolepis',0,0,0,0,0,0,0,0.0,0.0,0.0,0.0,0.0,0.0,0.0,0.0
978,980,Cladrastis',0,0,0,0,0,0,0,0.0,0.0,0.0,0.0,0.0,0.0,0.0,0.0
978,980,Comus',0,0,0,0,0,0,0,0.0,0.0,0.0,0.0,0.0,0.0,0.0,0.0
978,980,Cornus',0,0,0,0,0,0,0,0.0,0.0,0.0,0.0,0.0,0.0,0.0,0.0
978,980,Crataegus',0,0,0,0,0,0,0,0.0,0.0,0.0,0.0,0.0,0.0,0.0,0.0
978,980,Cupressus',0,0,0,0,0,0,0,0.0,0.0,0.0,0.0,0.0,0.0,0.0,0.0
978,980,Diospyros',0,0,0,0,0,0,0,0.0,0.0,0.0,0.0,0.0,0.0,0.0,0.0
978,980,Elaeagnus',0,241,60,0,0,0,0,9.125473022460938,4.792764186859131,114.85140400832589,0.9077313423269447,854.8487639024854,7390.349102942742,0.0035530136577375184,29.25694450976303
978,980,Fagus',0,0,0,0,0,0,0,0.0,0.0,0.0,0.0,0.0,0.0,0.0,0.0
978,980,Fraxinus',0,766,520,16,0,0,0,28.655628204345703,14.46839714050293,498.03643499064856,14.488509061450408,18532.701073178203,109159.87332625985,0.04835329181019219,255.5441767897746
978,980,Gleditsia',0,0,0,0,0,0,0,0.0,0.0,0.0,0.0,0.0,0.0,0.0,0.0
978,980,Gordonia',0,0,0,0,0,0,0,0.0,0.0,0.0,0.0,0.0,0.0,0.0,0.0
978,980,Gymnocladus',0,0,0,0,0,0,0,0.0,0.0,0.0,0.0,0.0,0.0,0.0,0.0
978,980,Halesia',0,0,0,0,0,0,0,0.0,0.0,0.0,0.0,0.0,0.0,0.0,0.0
978,980,Ilex',0,0,0,0,0,0,0,0.0,0.0,0.0,0.0,0.0,0.0,0.0,0.0
978,980,Juglans',0,0,28,0,0,0,0,12.437042236328125,7.193442344665527,4.472451745237731,0.34161695407639864,316.1478143641353,7069.280038561894,0.0007669341240599649,17.149168356623285
978,980,Juniperus',0,5,0,0,0,0,0,7.397939682006836,6.735307693481445,5.358427772521972,0.021836104585800955,30.698569507598876,686.440882309932,0.00014561855522046496,3.256129882582672
978,980,Larix',0,0,0,0,0,0,0,0.0,0.0,0.0,0.0,0.0,0.0,0.0,0.0
978,980,Liquidambar',0,0,0,0,0,0,0,0.0,0.0,0.0,0.0,0.0,0.0,0.0,0.0
978,980,Liriodendron',0,1238,1270,145,6,0,1,130.3620147705078,29.828340530395508,1126.30148959688,47.415183944169435,46921.05982105822,163946.00371370837,0.12048275702198728,380.87891862265633
978,980,Lithocarpus',0,0,0,0,0,0,0,0.0,0.0,0.0,0.0,0.0,0.0,0.0,0.0
978,980,Maclura',0,31,93,0,0,0,0,15.959383964538574,8.127034187316895,24.273379145166537,1.5581072261319304,2232.6055201756953,29196.00121164148,0.005310774269893785,68.61451972294753
978,980,Magnolia',0,22,24,0,0,0,0,15.187969207763672,7.619852542877197,23.01850108594834,0.47254882919766694,407.6540867197514,8160.288381214783,0.0012372620667703317,21.821249966719005
978,980,Malus',0,0,0,0,0,0,0,0.0,0.0,0.0,0.0,0.0,0.0,0.0,0.0
978,980,Morus',0,2,0,0,0,0,0,2.314473867416382,2.7269444465637207,0.4523991821687432,0.0010433886912055942,1.6807236742973328,37.58212387122056,1.0247479140758526e-05,0.2291405995674717
978,980,Nyssa',0,0,0,0,0,0,0,0.0,0.0,0.0,0.0,0.0,0.0,0.0,0.0
978,980,Olneya',0,0,0,0,0,0,0,0.0,0.0,0.0,0.0,0.0,0.0,0.0,0.0
978,980,Ostrya',0,0,0,0,0,0,0,0.0,0.0,0.0,0.0,0.0,0.0,0.0,0.0
978,980,Oxydendron',0,0,0,0,0,0,0,0.0,0.0,0.0,0.0,0.0,0.0,0.0,0.0
978,980,Paulownia',0,222,46,0,0,0,0,10.169528007507324,5.221564292907715,75.46087254522531,0.6333143876090863,358.96856608971956,3362.205592569806,0.0018840091078339615,17.10107925136028
978,980,Persea',0,0,0,0,0,0,0,0.0,0.0,0.0,0.0,0.0,0.0,0.0,0.0
978,980,Picea',0,0,0,0,0,0,0,0.0,0.0,0.0,0.0,0.0,0.0,0.0,0.0
978,980,Pinus',0,383,1239,397,14,4,0,72.47505187988281,31.42615509033203,812.504105155468,76.32803044671414,92674.50162934602,313904.26064475137,0.21767950959804933,715.6195008845083
978,980,Planera',0,0,0,0,0,0,0,0.0,0.0,0.0,0.0,0.0,0.0,0.0,0.0
978,980,Platanus',0,0,58,0,0,0,0,19.292125701904297,6.625123977661133,47.82363432117655,1.0295293692787664,847.9311871290207,13770.892645408623,0.002572739309698311,40.89622930159112
978,980,Populus',0,184,49,0,0,0,0,25.643335342407227,9.973299026489258,83.34317839786975,0.6560128926144059,566.4628015083075,5673.548202340172,0.0024585775430544716,21.72127584617991
978,980,Prosopis',0,0,0,0,0,0,0,0.0,0.0,0.0,0.0,0.0,0.0,0.0,0.0
978,980,Prunus',0,34,11,0,0,0,0,11.088237762451172,6.418727874755859,27.760281218569485,0.14066426581789218,154.67142585456372,2757.534160205294,0.0007433389375852439,12.3478446685489
978,980,Pseudotsuga',0,0,0,0,0,0,0,0.0,0.0,0.0,0.0,0.0,0.0,0.0,0.0
978,980,Quercus',0,35,189,8,0,0,0,41.337074279785156,18.543067932128906,94.10465751833551,6.604231920236226,9377.177648915052,95503.0771696949,0.022192861607063744,219.31013596819216
978,980,Robinia',0,0,0,0,0,0,0,0.0,0.0,0.0,0.0,0.0,0.0,0.0,0.0
978,980,Salix',0,714,168,6,0,0,0,36.45619583129883,12.97334098815918,271.3225445641746,4.007986948255054,3320.112232154012,25426.829376544018,0.01128386581411317,66.47137414509757
978,980,Sassafras',0,12,0,0,0,0,0,1.540583848953247,2.932931661605835,1.065117431969582,0.002341262999935731,3.12190176486969,69.80784565325182,2.227051686029881e-05,0.497983895936833
978,980,Sequoia',0,0,0,0,0,0,0,0.0,0.0,0.0,0.0,0.0,0.0,0.0,0.0
978,980,Sequoiadendron',0,0,0,0,0,0,0,0.0,0.0,0.0,0.0,0.0,0.0,0.0,0.0
978,980,Sorbus',0,0,0,0,0,0,0,0.0,0.0,0.0,0.0,0.0,0.0,0.0,0.0
978,980,Taxodium',0,0,0,0,0,0,0,0.0,0.0,0.0,0.0,0.0,0.0,0.0,0.0
978,980,Taxus',0,0,0,0,0,0,0,0.0,0.0,0.0,0.0,0.0,0.0,0.0,0.0
978,980,Thuja',0,0,0,0,0,0,0,0.0,0.0,0.0,0.0,0.0,0.0,0.0,0.0
978,980,Tilia',0,0,0,0,0,0,0,0.0,0.0,0.0,0.0,0.0,0.0,0.0,0.0
978,980,Torreya',0,0,0,0,0,0,0,0.0,0.0,0.0,0.0,0.0,0.0,0.0,0.0
978,980,Tsuga',0,0,0,0,0,0,0,0.0,0.0,0.0,0.0,0.0,0.0,0.0,0.0
978,980,Ulmus',0,80,44,0,0,0,0,23.159473419189453,9.239537239074707,40.68596016002606,1.6229600710701146,1501.8186830139161,18843.567739640723,0.003923071904978725,46.081650808318884
978,980,Umbellularia',0,0,0,0,0,0,0,0.0,0.0,0.0,0.0,0.0,0.0,0.0,0.0
978,990,Abies',0,0,0,0,0,0,0,0.0,0.0,0.0,0.0,0.0,0.0,0.0,0.0
978,990,Acer',0,1609,816,46,0,0,0,47.520118713378906,22.762277603149414,878.3310108904171,21.6295503909383,32152.590272267982,155420.5755159951,0.08409426349540153,358.3573104768062
978,990,Aesculus',0,0,0,0,0,0,0,0.0,0.0,0.0,0.0,0.0,0.0,0.0,0.0
978,990,Ailanthus',0,435,118,8,0,0,0,28.5772647857666,11.90357780456543,137.3133123517508,2.328602446436881,2349.655414059311,19831.632066434446,0.007198157844623317,53.0031540430534
978,990,Alnus',0,65,24,0,0,0,0,16.296920776367188,9.398022651672363,36.81175802138787,0.5732069624988576,553.0128354680538,10716.993123657676,0.001758843108108267,28.950227354162827
978,990,Amelanchier',0,0,0,0,0,0,0,0.0,0.0,0.0,0.0,0.0,0.0,0.0,0.0
978,990,Arbutus',0,0,0,0,0,0,0,0.0,0.0,0.0,0.0,0.0,0.0,0.0,0.0
978,990,Asimina',0,0,28,0,0,0,0,8.22671127319336,5.801178932189941,16.723069461840616,0.15181007519839979,112.3583148264885,2512.4082978935066,0.0004904230157732916,10.966192009995318
978,990,Betula',0,142,181,23,3,0,3,100.49308776855469,25.667753219604492,139.80076315282264,8.814303829056852,14689.630159080029,125270.35843553583,0.03465613173275871,285.30633718552156
978,990,Calocedrus',0,0,0,0,0,0,0,0.0,0.0,0.0,0.0,0.0,0.0,0.0,0.0
978,990,Carpinus',0,0,0,0,0,0,0,0.0,0.0,0.0,0.0,0.0,0.0,0.0,0.0
978,990,Carya',0,0,61,13,0,0,0,33.768226623535156,19.677385330200195,40.91749855611897,2.1493511154821143,4223.773801195622,52298.07822226426,0.009975194272905634,121.69492255988158
978,990,Castanea',0,23,0,0,0,0,0,3.8171043395996094,2.4262025356292725,12.898420938585376,0.026319993656470655,37.87762722373009,846.9694929865766,0.0002698524427600178,6.0340840590577285
978,990,Catalpa',0,9,0,0,0,0,0,1.8769862651824951,2.1687631607055664,0.0,0.0025899293633939746,3.2569105768203737,72.82673446408421,7.237579221837222e-06,0.1618371913256807
978,990,Celtis',0,0,82,19,0,0,0,33.1157341003418,16.00218391418457,45.252653370741044,2.877534378262326,3685.2303465622663,45724.74542368483,0.008840837875477958,106.6021762590247
978,990,Cercis',0,40,0,0,0,0,0,2.0947556495666504,3.0820767879486084,5.390759133085419,0.01378531243248239,25.444287061691284,568.9515550896048,0.00013414583168923854,2.99959198555382
978,990,Cercocarpus',0,0,0,0,0,0,0,0.0,0.0,0.0,0.0,0.0,0.0,0.0,0.0
978,990,Chamaecyparis',0,22,55,53,0,0,0,40.67910385131836,20.95466423034668,48.048937436342236,7.5598701264638315,8394.370163640977,121483.41036929282,0.019348196329077284,274.46321265438206
978,990,Chilopsis',0,0,0,0,0,0,0,0.0,0.0,0.0,0.0,0.0,0.0,0.0,0.0
978,990,Chrysolepis',0,0,0,0,0,0,0,0.0,0.0,0.0,0.0,0.0,0.0,0.0,0.0
978,990,Cladrastis',0,3,0,0,0,0,0,2.641937017440796,2.6916441917419434,0.9306912671161602,0.0020612119248122327,3.3647213339805604,75.23745628124259,2.087497623823581e-05,0.4667786589738855
978,990,Comus',0,0,0,0,0,0,0,0.0,0.0,0.0,0.0,0.0,0.0,0.0,0.0
978,990,Cornus',0,0,0,0,0,0,0,0.0,0.0,0.0,0.0,0.0,0.0,0.0,0.0
978,990,Crataegus',0,0,0,0,0,0,0,0.0,0.0,0.0,0.0,0.0,0.0,0.0,0.0
978,990,Cupressus',0,0,0,0,0,0,0,0.0,0.0,0.0,0.0,0.0,0.0,0.0,0.0
978,990,Diospyros',0,0,0,0,0,0,0,0.0,0.0,0.0,0.0,0.0,0.0,0.0,0.0
978,990,Elaeagnus',0,140,70,0,0,0,0,10.611992835998535,5.187260150909424,91.6502083517328,0.6583061260649967,643.0829106521606,7173.008669440291,0.0027484288123780956,25.462397434182407
978,990,Fagus',0,0,0,0,0,0,0,0.0,0.0,0.0,0.0,0.0,0.0,0.0,0.0
978,990,Fraxinus',0,666,542,31,0,0,0,31.108396530151367,15.326194763183594,436.6791499630088,14.565286599866452,18837.28433465168,109944.30487722892,0.04814687095432006,254.99308028903897
978,990,Gleditsia',0,0,0,0,0,0,0,0.0,0.0,0.0,0.0,0.0,0.0,0.0,0.0
978,990,Gordonia',0,0,0,0,0,0,0,0.0,0.0,0.0,0.0,0.0,0.0,0.0,0.0
978,990,Gymnocladus',0,0,0,0,0,0,0,0.0,0.0,0.0,0.0,0.0,0.0,0.0,0.0
978,990,Halesia',0,0,0,0,0,0,0,0.0,0.0,0.0,0.0,0.0,0.0,0.0,0.0
978,990,Ilex',0,7,0,0,0,0,0,3.895961284637451,3.311004400253296,3.157078266143799,0.008344824095285011,13.347043633460999,298.44896863074746,7.526233840423337e-05,1.6829170481745914
978,990,Juglans',0,0,28,0,0,0,0,16.594688415527344,8.928147315979004,12.48588724226891,0.6081957802119606,637.4300157499314,14253.368461156168,0.001596252367645502,35.69328803300277
978,990,Juniperus',0,0,5,0,0,0,0,12.546881675720215,10.00062084197998,13.164563455581664,0.06280948007091011,103.8080907535553,2321.2194753941785,0.0004208394559621815,9.410256311454674
978,990,Larix',0,0,0,0,0,0,0,0.0,0.0,0.0,0.0,0.0,0.0,0.0,0.0
978,990,Liquidambar',0,0,0,0,0,0,0,0.0,0.0,0.0,0.0,0.0,0.0,0.0,0.0
978,990,Liriodendron',0,1218,1468,139,1,0,1,138.6088409423828,30.441055297851562,1080.4437637173487,48.37353006985544,47099.15405939192,167861.65111627307,0.12021837590130946,389.500614912733
978,990,Lithocarpus',0,0,0,0,0,0,0,0.0,0.0,0.0,0.0,0.0,0.0,0.0,0.0
978,990,Maclura',0,44,70,0,0,0,0,18.194265365600586,8.82762336730957,60.414655023737794,1.7508268886258056,2636.1105018019675,37337.51098117807,0.006727725756585641,91.32025748499528
978,990,Magnolia',0,0,24,0,0,0,0,17.66928482055664,8.511035919189453,7.561050880747504,0.5894707874693559,513.6689331251383,11485.986523975916,0.0012503320094495892,27.958273675732105
978,990,Malus',0,0,0,0,0,0,0,0.0,0.0,0.0,0.0,0.0,0.0,0.0,0.0
978,990,Morus',0,0,0,0,0,0,0,0.0,0.0,0.0,0.0,0.0,0.0,0.0,0.0
978,990,Nyssa',0,0,0,0,0,0,0,0.0,0.0,0.0,0.0,0.0,0.0,0.0,0.0
978,990,Olneya',0,0,0,0,0,0,0,0.0,0.0,0.0,0.0,0.0,0.0,0.0,0.0
978,990,Ostrya',0,0,0,0,0,0,0,0.0,0.0,0.0,0.0,0.0,0.0,0.0,0.0
978,990,Oxydendron',0,0,0,0,0,0,0,0.0,0.0,0.0,0.0,0.0,0.0,0.0,0.0
978,990,Paulownia',0,166,52,0,0,0,0,18.123924255371094,7.736441612243652,88.7719991506089,1.4888272091068395,812.9372797665001,9345.969533537636,0.00308444951801516,29.236745927575406
978,990,Persea',0,0,0,0,0,0,0,0.0,0.0,0.0,0.0,0.0,0.0,0.0,0.0
978,990,Picea',0,0,0,0,0,0,0,0.0,0.0,0.0,0.0,0.0,0.0,0.0,0.0
978,990,Pinus',0,394,1022,426,24,4,0,79.5331802368164,32.19506072998047,762.2555203875899,76.4030999719892,95418.12912028999,344601.89983534015,0.2230506425117588,783.8692752396028
978,990,Planera',0,0,0,0,0,0,0,0.0,0.0,0.0,0.0,0.0,0.0,0.0,0.0
978,990,Platanus',0,24,0,0,0,0,0,3.2041916847229004,2.2478957176208496,10.692920002001749,0.01957832537547149,34.83179411172867,778.8625941210217,0.00023133451364375907,5.172796980492978
978,990,Populus',0,179,28,0,0,0,0,14.01938247680664,6.3535356521606445,90.41468122384593,0.7418169831616563,559.7183097460866,4801.875459849881,0.0025453880433151427,19.780419310107618
978,990,Prosopis',0,0,0,0,0,0,0,0.0,0.0,0.0,0.0,0.0,0.0,0.0,0.0
978,990,Prunus',0,34,11,0,0,0,0,17.410228729248047,8.987062454223633,29.12167476890962,0.45216869892216005,420.93861035466193,6985.851834542923,0.0013546418049111973,21.809286928199434
978,990,Pseudotsuga',0,0,0,0,0,0,0,0.0,0.0,0.0,0.0,0.0,0.0,0.0,0.0
978,990,Quercus',0,35,172,8,0,0,0,43.81778335571289,19.24283218383789,71.14899597779103,7.3784643982935165,10539.987180377246,109997.66358085202,0.02444642263357333,251.80273954828252
978,990,Robinia',0,0,0,0,0,0,0,0.0,0.0,0.0,0.0,0.0,0.0,0.0,0.0
978,990,Salix',0,673,189,0,0,0,0,21.1212100982666,9.670528411865234,275.5401703059862,2.783972117504259,2149.1474481734635,15228.915731058334,0.008742437015931592,45.93998199403518
978,990,Sassafras',0,12,0,0,0,0,0,4.264028549194336,5.537567615509033,6.677024651177321,0.017935757702994267,26.345039777755737,589.0929981299787,0.00015466401170939205,3.4583924385502405
978,990,Sequoia',0,0,0,0,0,0,0,0.0,0.0,0.0,0.0,0.0,0.0,0.0,0.0
978,990,Sequoiadendron',0,0,0,0,0,0,0,0.0,0.0,0.0,0.0,0.0,0.0,0.0,0.0
978,990,Sorbus',0,0,0,0,0,0,0,0.0,0.0,0.0,0.0,0.0,0.0,0.0,0.0
978,990,Taxodium',0,0,0,0,0,0,0,0.0,0.0,0.0,0.0,0.0,0.0,0.0,0.0
978,990,Taxus',0,0,0,0,0,0,0,0.0,0.0,0.0,0.0,0.0,0.0,0.0,0.0
978,990,Thuja',0,0,0,0,0,0,0,0.0,0.0,0.0,0.0,0.0,0.0,0.0,0.0
978,990,Tilia',0,0,0,0,0,0,0,0.0,0.0,0.0,0.0,0.0,0.0,0.0,0.0
978,990,Torreya',0,0,0,0,0,0,0,0.0,0.0,0.0,0.0,0.0,0.0,0.0,0.0
978,990,Tsuga',0,0,0,0,0,0,0,0.0,0.0,0.0,0.0,0.0,0.0,0.0,0.0
978,990,Ulmus',0,59,63,0,0,0,0,26.314926147460938,10.168156623840332,74.68874246447899,1.5014406195850214,1445.9578907835485,16590.325199210183,0.004288425692882389,42.75799202839203
978,990,Umbellularia',0,0,0,0,0,0,0,0.0,0.0,0.0,0.0,0.0,0.0,0.0,0.0
978,1000,Abies',0,0,0,0,0,0,0,0.0,0.0,0.0,0.0,0.0,0.0,0.0,0.0
978,1000,Acer',0,1411,825,28,0,0,0,41.07337951660156,20.933387756347656,881.6035981415004,19.277186389514117,27804.178130895794,142251.44535545554,0.074478236135066,329.5304458522836
978,1000,Aesculus',0,0,0,0,0,0,0,0.0,0.0,0.0,0.0,0.0,0.0,0.0,0.0
978,1000,Ailanthus',0,301,169,0,0,0,0,21.400127410888672,9.831850051879883,165.65954807627048,2.3186344807961237,2245.063715912104,19092.198933707343,0.007373791718704603,51.24970602890619
978,1000,Alnus',0,42,0,0,0,0,0,7.894330024719238,5.756501197814941,18.0379347644652,0.1509605155753011,134.2979541116953,2684.735975202365,0.0005581060030385796,11.01780080558288
978,1000,Amelanchier',0,24,0,0,0,0,0,5.507346153259277,4.575368881225586,10.693880063069017,0.0588874971040071,83.35286315917969,1863.826681431631,0.0003391729264855404,7.5841371974920655
978,1000,Arbutus',0,0,0,0,0,0,0,0.0,0.0,0.0,0.0,0.0,0.0,0.0,0.0
978,1000,Asimina',0,35,0,0,0,0,0,4.340950012207031,3.9779067039489746,8.187808449132532,0.05292452404652647,39.43891157269478,881.8808723514908,0.00020551007690280569,4.595345020158802
978,1000,Betula',0,198,176,22,3,0,3,107.0,26.16696548461914,172.42724063370045,10.399164213041535,17464.866351502536,142942.15963458837,0.04129300018269524,325.8288792906623
978,1000,Calocedrus',0,0,0,0,0,0,0,0.0,0.0,0.0,0.0,0.0,0.0,0.0,0.0
978,1000,Carpinus',0,30,0,0,0,0,0,1.2135601043701172,2.1278486251831055,0.0,0.0035209277287042576,7.0046678328514105,156.6291343406187,1.5565927911084146e-05,0.3480647294204504
978,1000,Carya',0,0,37,13,0,0,0,38.29951477050781,21.233972549438477,27.852126695687254,2.42421524523577,5109.246910526753,66518.40939913431,0.011754828755319056,152.9910124689016
978,1000,Castanea',0,0,23,0,0,0,0,8.766214370727539,3.831449031829834,21.961343910875197,0.138816755916835,115.46961098909378,2581.978995070712,0.0005727448796853477,12.806964847413724
978,1000,Catalpa',0,0,0,0,0,0,0,0.0,0.0,0.0,0.0,0.0,0.0,0.0,0.0
978,1000,Celtis',0,0,7,5,0,0,0,38.401371002197266,17.676076889038086,21.603319509119924,0.7368483901845323,1161.4142796039582,24001.537872122586,0.002891912447780376,56.99989532462453
978,1000,Cercis',0,40,0,0,0,0,0,4.31011438369751,4.611850261688232,10.319135234325746,0.058361636904453784,81.61913990974426,1825.0594510325363,0.00032992554455994944,7.377359451496917
978,1000,Cercocarpus',0,0,0,0,0,0,0,0.0,0.0,0.0,0.0,0.0,0.0,0.0,0.0
978,1000,Chamaecyparis',0,47,55,29,0,0,0,42.02238082885742,21.184064865112305,59.89654127717018,5.896239613761008,6414.249577637911,108549.50307729983,0.015119060206355001,247.21293066623585
978,1000,Chilopsis',0,0,0,0,0,0,0,0.0,0.0,0.0,0.0,0.0,0.0,0.0,0.0
978,1000,Chrysolepis',0,0,0,0,0,0,0,0.0,0.0,0.0,0.0,0.0,0.0,0.0,0.0
978,1000,Cladrastis',0,0,0,0,0,0,0,0.0,0.0,0.0,0.0,0.0,0.0,0.0,0.0
978,1000,Comus',0,0,0,0,0,0,0,0.0,0.0,0.0,0.0,0.0,0.0,0.0,0.0
978,1000,Cornus',0,0,0,0,0,0,0,0.0,0.0,0.0,0.0,0.0,0.0,0.0,0.0
978,1000,Crataegus',0,0,0,0,0,0,0,0.0,0.0,0.0,0.0,0.0,0.0,0.0,0.0
978,1000,Cupressus',0,0,0,0,0,0,0,0.0,0.0,0.0,0.0,0.0,0.0,0.0,0.0
978,1000,Diospyros',0,0,0,0,0,0,0,0.0,0.0,0.0,0.0,0.0,0.0,0.0,0.0
978,1000,Elaeagnus',0,206,80,0,0,0,0,18.60793685913086,6.754907608032227,69.65004333872584,0.6765161423309514,656.943357167244,7270.830508227871,0.00246252520075207,26.674015634397744
978,1000,Fagus',0,0,0,0,0,0,0,0.0,0.0,0.0,0.0,0.0,0.0,0.0,0.0
978,1000,Fraxinus',0,736,572,59,0,0,0,35.677127838134766,16.409015655517578,516.0268646905411,17.485685878585684,22838.615967677983,126686.25028859172,0.05818097338543652,292.25012951128116
978,1000,Gleditsia',0,87,0,0,0,0,0,5.429809093475342,4.524780750274658,21.380253131913985,0.12631063796377942,158.20250889867543,2498.352436196117,0.0006593417437751833,10.07924195723238
978,1000,Gordonia',0,0,0,0,0,0,0,0.0,0.0,0.0,0.0,0.0,0.0,0.0,0.0
978,1000,Gymnocladus',0,0,0,0,0,0,0,0.0,0.0,0.0,0.0,0.0,0.0,0.0,0.0
978,1000,Halesia',0,0,0,0,0,0,0,0.0,0.0,0.0,0.0,0.0,0.0,0.0,0.0
978,1000,Ilex',0,47,7,0,0,0,0,16.23695182800293,8.216876029968262,22.48259575128555,0.16331623811683255,214.55454051047565,4124.757503361129,0.0008015364828087208,14.500677476034058
978,1000,Juglans',0,0,28,0,0,0,0,19.28370475769043,9.993175506591797,13.877193605220768,0.821270351885465,915.766427770853,20477.159840077635,0.0022348064046203825,49.9717903728307
978,1000,Juniperus',0,0,5,0,0,0,0,18.22426986694336,13.173905372619629,11.59388292312622,0.13251159130794116,186.48605653762817,4169.954992740081,0.0005818806320230183,13.011246479940128
978,1000,Larix',0,0,0,0,0,0,0,0.0,0.0,0.0,0.0,0.0,0.0,0.0,0.0
978,1000,Liquidambar',0,0,0,0,0,0,0,0.0,0.0,0.0,0.0,0.0,0.0,0.0,0.0
978,1000,Liriodendron',0,1059,1278,112,0,0,0,46.3785285949707,17.42648696899414,987.1546767253569,40.27573774122977,38061.19800254569,145306.71167817205,0.09879108077888395,338.2021948638856
978,1000,Lithocarpus',0,0,0,0,0,0,0,0.0,0.0,0.0,0.0,0.0,0.0,0.0,0.0
978,1000,Maclura',0,2,45,0,0,0,0,20.101001739501953,9.385906219482422,23.951464567003367,1.2760998623271689,2006.0751822423936,37735.50265469995,0.004802739374577942,87.73463164111014
978,1000,Magnolia',0,0,0,0,0,0,0,0.0,0.0,0.0,0.0,0.0,0.0,0.0,0.0
978,1000,Malus',0,0,0,0,0,0,0,0.0,0.0,0.0,0.0,0.0,0.0,0.0,0.0
978,1000,Morus',0,7,0,0,0,0,0,4.264604568481445,3.848714828491211,1.565859032252544,0.003923526317486395,6.490799409896136,123.35309981342624,3.696540968772022e-05,0.7036166190701844
978,1000,Nyssa',0,0,0,0,0,0,0,0.0,0.0,0.0,0.0,0.0,0.0,0.0,0.0
978,1000,Olneya',0,0,0,0,0,0,0,0.0,0.0,0.0,0.0,0.0,0.0,0.0,0.0
978,1000,Ostrya',0,4,0,0,0,0,0,3.5864763259887695,4.204061031341553,1.479646021240874,0.004243020290900899,7.77256363928318,173.79980656880377,3.8572690235450924e-05,0.8625115744151096
978,1000,Oxydendron',0,0,0,0,0,0,0,0.0,0.0,0.0,0.0,0.0,0.0,0.0,0.0
978,1000,Paulownia',0,207,56,0,0,0,0,12.244829177856445,5.920356750488281,102.22136958867688,0.7377415599107529,439.6737611711025,4597.878751170436,0.0024485862000133006,21.72393612310315
978,1000,Persea',0,0,0,0,0,0,0,0.0,0.0,0.0,0.0,0.0,0.0,0.0,0.0
978,1000,Picea',0,0,0,0,0,0,0,0.0,0.0,0.0,0.0,0.0,0.0,0.0,0.0
978,1000,Pinus',0,320,1071,483,42,4,0,86.3443832397461,32.80100631713867,823.1949229347706,85.58696729668613,108748.45105914862,381948.28430920746,0.25355381923307657,867.8408257466133
978,1000,Planera',0,0,0,0,0,0,0,0.0,0.0,0.0,0.0,0.0,0.0,0.0,0.0
978,1000,Platanus',0,24,0,0,0,0,0,7.818722248077393,3.5671117305755615,17.3296259004104,0.11657626448105449,107.86260681033134,2411.8812105823226,0.0004891642728000826,10.93804566145238
978,1000,Populus',0,229,31,0,0,0,0,16.0378475189209,7.016953468322754,124.62011337256695,0.831156484575408,685.253534040302,5439.310889790054,0.003316761371423946,24.003353537144886
978,1000,Prosopis',0,0,0,0,0,0,0,0.0,0.0,0.0,0.0,0.0,0.0,0.0,0.0
978,1000,Prunus',0,0,46,0,0,0,0,22.96372413635254,11.055723190307617,31.19965856965584,0.9107036031201688,886.0017848706245,14274.55897884628,0.002418029320493348,38.666602999228985
978,1000,Pseudotsuga',0,0,0,0,0,0,0,0.0,0.0,0.0,0.0,0.0,0.0,0.0,0.0
978,1000,Quercus',0,31,208,8,0,0,0,46.084266662597656,19.856975555419922,74.88235351547033,9.106402642153432,13198.876428976953,129667.37200651213,0.03040880908503752,294.6534650641448
978,1000,Robinia',0,0,0,0,0,0,0,0.0,0.0,0.0,0.0,0.0,0.0,0.0,0.0
978,1000,Salix',0,870,222,0,0,0,0,23.002689361572266,10.170997619628906,347.94439181261043,3.9621830277303163,2957.277466852367,16415.531517191594,0.011580580551363781,51.497639942254835
978,1000,Sassafras',0,0,0,0,0,0,0,0.0,0.0,0.0,0.0,0.0,0.0,0.0,0.0
978,1000,Sequoia',0,0,0,0,0,0,0,0.0,0.0,0.0,0.0,0.0,0.0,0.0,0.0
978,1000,Sequoiadendron',0,0,0,0,0,0,0,0.0,0.0,0.0,0.0,0.0,0.0,0.0,0.0
978,1000,Sorbus',0,0,0,0,0,0,0,0.0,0.0,0.0,0.0,0.0,0.0,0.0,0.0
978,1000,Taxodium',0,0,0,0,0,0,0,0.0,0.0,0.0,0.0,0.0,0.0,0.0,0.0
978,1000,Taxus',0,0,0,0,0,0,0,0.0,0.0,0.0,0.0,0.0,0.0,0.0,0.0
978,1000,Thuja',0,0,0,0,0,0,0,0.0,0.0,0.0,0.0,0.0,0.0,0.0,0.0
978,1000,Tilia',0,0,0,0,0,0,0,0.0,0.0,0.0,0.0,0.0,0.0,0.0,0.0
978,1000,Torreya',0,0,0,0,0,0,0,0.0,0.0,0.0,0.0,0.0,0.0,0.0,0.0
978,1000,Tsuga',0,0,0,0,0,0,0,0.0,0.0,0.0,0.0,0.0,0.0,0.0,0.0
978,1000,Ulmus',0,37,60,0,0,0,0,21.714263916015625,8.802958488464355,60.37488946997666,1.3814262115646647,1350.3543583905698,16666.969969136542,0.0038699175583422132,43.32598643819493
978,1000,Umbellularia',0,0,0,0,0,0,0,0.0,0.0,0.0,0.0,0.0,0.0,0.0,0.0
